,Type,Point_1,Point_2,Point_3,Point_4,Point_5,Point_6,Point_7,Point_8,Point_9,Point_10,Point_11,Point_12,Point_13,Point_14,Point_15,Point_16
0,People,"[7743.05164, 315.83695, 0, 0]","[7482.90705, 262.41207, -1040.5783599999995, -213.6995199999999]","[7224.14157, 266.62257, -1035.06192, 16.84199999999987]","[6954.22074, 301.29123, -1079.68332, 138.67463999999995]","[6673.16424, 295.37419, -1124.2259999999987, -23.668159999999943]","[6369.19298, 247.60385, -1215.885040000001, -191.08136000000002]","[6065.49058, 229.34247, -1214.8096000000005, -73.04552000000001]","[5759.18377, 265.42078, -1225.2272400000002, 144.31323999999995]","[5439.78177, 297.25441, -1277.6080000000013, 127.33452000000023]","[5118.41697, 262.94046, -1285.4591999999975, -137.25580000000014]","[4818.622743478261, 237.95504, -1199.1769060869556, -99.9416799999999]","[4535.98245, 257.99055, -1130.5611739130436, 80.14203999999995]","[4235.40278, 312.1964, -1202.3186800000003, 216.8234]","[3917.85488, 299.68853, -1270.191600000002, -50.031479999999874]","[3582.8724, 280.29228, -1339.9299199999987, -77.58500000000004]","[3271.09421, 373.48838, -1247.11276, 372.7844]"
1,People,"[2955.80218, 558.68676, 0, 0]","[2674.33275, 677.28264, -1125.8777200000004, 474.38351999999986]","[2408.29332, 792.57584, -1064.1577199999992, 461.1727999999998]","[2139.36272, 956.54361, -1075.7224000000006, 655.8710799999999]","[1859.59214, 1162.80796, -1119.0823200000004, 825.0574000000006]","[1566.08281, 1321.92275, -1174.0373199999995, 636.4591599999994]","[1274.7843, 1407.24737, -1165.1940400000003, 341.2984800000004]","[984.5885, 1480.35362, -1160.7832000000003, 292.4250000000002]","[699.99759, 1586.99647, -1138.363640000001, 426.5714000000002]","[400.80408, 1694.07829, -1196.7740399999998, 428.3272799999995]","[109.80754, 1711.38909, -1163.98616, 69.24319999999989]","[-174.88463, 1697.59341, -1138.76868, -55.18271999999979]","[-452.56939, 1721.02328, -1110.73904, 93.71948000000066]","[-742.67331, 1772.42337, -1160.41568, 205.60035999999945]","[-1043.79691, 1781.48575, -1204.4944, 36.2495200000003]","[-1356.9224, 1777.52755, -1252.5019599999996, -15.832800000000134]"
2,People,"[-1648.12847, 1785.60969, 0, 0]","[-1947.74724, 1817.57053, -1198.4750799999993, 127.84335999999985]","[-2247.21301, 1815.49225, -1197.86308, -8.313119999999799]","[-2520.36684, 1748.63356, -1092.6153200000008, -267.4347600000001]","[-2809.79757, 1682.4924, -1157.7229200000002, -264.5646399999996]","[-3106.91158, 1655.52651, -1188.4560399999991, -107.86356000000069]","[-3406.70457, 1650.46663, -1199.1719599999997, -20.239520000000084]","[-3696.74454, 1558.91531, -1160.159880000001, -366.2052799999992]","[-3990.4919, 1441.75126, -1174.9894400000005, -468.65620000000075]","[-4280.72333, 1362.05827, -1160.9257199999993, -318.77196000000004]","[-4568.988475161291, 1290.2244238709677, -1153.060580645164, -287.3353845161291]","[-4855.256902580645, 1188.988056935484, -1145.0737096774174, -404.9454677419344]","[-5141.52533, 1087.75169, -1145.073709677421, -404.9454677419362]","[-5446.31828, 996.49285, -1219.1718, -365.0353600000003]","[-5740.41828, 984.42634, -1176.3999999999978, -48.266039999999975]","[-6074.77207, 1007.77317, -1337.4151600000005, 93.38732000000027]"
3,People,"[-6372.82305, 987.45362, 0, 0]","[-6683.0334, 990.29259, -1240.8414000000012, 11.35588000000007]","[-6964.04561945946, 1082.904095945946, -1124.0488778378385, 370.44602378378386]","[-7233.58456, 1202.61142, -1078.1557621621614, 478.8292962162159]","[-7525.98479, 1332.42705, -1169.6009200000008, 519.2625200000002]","[-7837.4782, 1449.18196, -1245.9736399999965, 467.0196399999995]","[-8068.56189, 1601.852, -924.3347600000016, 610.6801600000008]","[-8077.54903281106, 1595.3536593548388, -35.948571244240156, -25.993362580645226]","[-8071.653644562212, 1573.5104738709676, 23.581552995390687, -87.37274193548463]","[-8065.758256313364, 1551.6672883870967, 23.581552995394304, -87.37274193548365]","[-8059.862868064516, 1529.8241029032258, 23.581552995390666, -87.37274193548365]","[-8053.967479815668, 1507.980917419355, 23.581552995390666, -87.37274193548365]","[-8048.072091566821, 1486.1377319354838, 23.581552995390666, -87.37274193548456]","[-8042.176703317972, 1464.2945464516129, 23.581552995394304, -87.37274193548365]","[-8036.281315069124, 1442.451360967742, 23.581552995394304, -87.37274193548365]","[-7975.79396, 1379.25501, 241.9494202764945, -252.78540387096746]"
4,People,"[-7831.36867, 1245.75576, 0, 0]","[-7731.93384, 1087.06958, 397.7393200000006, -634.7447199999997]","[-7632.18859, 880.44885, 398.98099999999977, -826.4829200000004]","[-7439.63956, 741.51765, 770.1961200000005, -555.7248]","[-7223.63354, 648.06091, 864.0240799999992, -373.8269599999999]","[-7013.8015, 529.2163, 839.3281600000009, -475.37843999999996]","[-6775.75329, 413.61744, 952.1928399999997, -462.39544000000024]","[-6520.43982, 325.93661, 1021.2538800000002, -350.72332000000006]","[-6245.03345, 277.21428, 1101.6254799999997, -194.88932000000017]","[-5961.43405, 241.20376, 1134.3976000000002, -144.04207999999994]","[-5687.72336, 160.91404, 1094.8427599999995, -321.15887999999995]","[-5408.30823, 85.61334, 1117.6605200000013, -301.2028]","[-5131.68636, 80.9147, 1106.4874799999998, -18.79455999999999]","[-4828.38402, 95.03496, 1213.209359999997, 56.48104000000001]","[-4546.27578, 55.6694, 1128.432960000002, -157.46223999999998]","[-4276.94795, -20.00178, 1077.3113200000007, -302.68472]"
5,People,"[-3991.14169, -59.17405, 0, 0]","[-3694.96532, -64.85146, 1184.7054800000005, -22.709640000000007]","[-3387.59728, -87.16185, 1229.4721599999993, -89.24155999999999]","[-3100.40287, -163.39962, 1148.7776400000002, -304.95108]","[-2830.14159, -241.49634, 1081.0451199999989, -312.38688]","[-2556.07348, -262.16901, 1096.2724400000006, -82.69068000000004]","[-2264.83974, -273.80563, 1164.9349600000005, -46.546479999999974]","[-1978.77738, -330.86535, 1144.2494399999996, -228.23887999999988]","[-1691.25389, -421.00281, 1150.093960000001, -360.5498400000005]","[-1413.58027, -486.17862, 1110.69448, -260.70324000000005]","[-1122.97426, -536.25054, 1162.4240399999999, -200.2876799999999]","[-820.79679, -629.25422, 1208.7098799999999, -372.0147200000001]","[-553.17111, -806.8953, 1070.50272, -710.56432]","[-269.65238, -988.97533, 1134.07492, -728.3201199999999]","[56.89642, -1094.33923, 1306.1951999999999, -421.45560000000023]","[436.40215, -1180.78492, 1518.02292, -345.78276000000005]"
6,People,"[785.9537, -1297.25963, 0, 0]","[1123.78533, -1413.47313, 1351.3265199999996, -464.85400000000027]","[1456.16116, -1435.54299, 1329.5033200000007, -88.27943999999934]","[1768.52507, -1413.67081, 1249.4556399999992, 87.48871999999938]","[2014.23813, -1431.34787, 982.8522400000002, -70.70823999999993]","[2316.67645, -1421.37391, 1209.75328, 39.895840000000135]","[2623.7889, -1337.9192, 1228.4498000000003, 333.8188399999999]","[2947.93394, -1209.99455, 1296.5801599999995, 511.6986000000006]","[3300.32377, -1143.74264, 1409.5593200000017, 265.00764000000004]","[3687.94817, -1104.79003, 1550.4976000000006, 155.8104400000002]","[4059.02161, -1035.97218, 1484.2937599999987, 275.27139999999963]","[4383.17657, -906.39101, 1296.6198399999994, 518.3246799999997]","[4688.90632, -825.05882, 1222.9190000000017, 325.32876000000033]","[4947.409506285714, -814.3486677142857, 1034.0127451428561, 42.84060914285692]","[5205.24976, -805.60514, 1031.3610148571424, 34.97411085714293]","[5463.98959, -736.29278, 1034.9593200000018, 277.24944000000005]"
7,People,"[5768.47576, -652.87171, 0, 0]","[6055.65139, -616.96933, 1148.702519999999, 143.60951999999997]","[6365.12603, -609.70711, 1237.8985600000015, 29.04888000000028]","[6671.58068, -551.59876, 1225.8185999999987, 232.4333999999999]","[6983.23011, -458.03584, 1246.5977200000016, 374.25167999999985]","[7293.33114, -398.70366, 1240.4041199999992, 237.32871999999998]","[7614.22154, -392.39005, 1283.5615999999973, 25.25444000000016]","[7707.783151023102, -349.6900975907591, 374.24644409240864, 170.79980963696357]","[7777.05238039604, -302.46510584158415, 277.0769174917516, 188.8999669966999]","[7846.321609768976, -255.24011409240924, 277.0769174917441, 188.89996699669962]","[7915.590839141913, -208.01512234323437, 277.0769174917514, 188.8999669966995]","[7984.860068514851, -160.7901305940594, 277.0769174917514, 188.89996699669985]","[8054.129297887788, -113.56513884488449, 277.07691749174774, 188.89996699669967]","[8123.398527260726, -66.3401470957096, 277.0769174917514, 188.89996699669956]","[8192.667756633662, -19.115155346534664, 277.0769174917441, 188.89996699669973]","[8261.9369860066, 28.10983640264027, 277.0769174917514, 188.89996699669973]"
8,People,"[8331.206215379538, 75.33482815181515, 0, 0]","[8400.475444752476, 122.55981990099014, 277.0769174917514, 188.89996699669996]","[8469.744674125412, 169.78481165016495, 277.0769174917441, 188.89996699669928]","[8302.24329, 238.81976, -670.0055365016451, 276.1397933993402]","[8045.83063, 318.06875, -1025.6506399999998, 316.9959600000001]","[7695.22734, 388.60225, -1402.41316, 282.134]","[7402.82553, 383.17635, -1169.6072400000012, -21.70360000000005]","[7122.19212, 421.71413, -1122.5336400000015, 154.15112]","[6806.16968, 489.50994, -1264.08976, 271.18324000000007]","[6506.54841, 509.71777, -1198.4850799999986, 80.83132]","[6205.60581, 479.31761, -1203.7704000000012, -121.60063999999988]","[5916.00256, 459.48215, -1158.4130000000005, -79.34184000000005]","[5597.87525, 470.58769, -1272.5092399999994, 44.422160000000076]","[5306.55709, 467.441566, -1165.2726399999992, -12.584495999999945]","[5138.79788, 414.62726, -671.0368400000007, -211.25722400000018]","[4888.30615, 335.49104, -1001.9669199999989, -316.5448799999999]"
9,People,"[4594.16924, 342.81279, 0, 0]","[4271.65126, 382.12564, -1290.0719200000021, 157.25139999999988]","[3989.96244, 344.08728, -1126.7552799999994, -152.15343999999982]","[3679.31991, 304.11428, -1242.5701199999985, -159.89200000000005]","[3390.01662, 335.46944, -1157.2131600000012, 125.42064000000005]","[3089.82418, 402.29735, -1200.7697599999992, 267.3116399999999]","[2763.057, 426.43014, -1307.0687200000011, 96.53116]","[2440.55681, 420.57802, -1290.000759999999, -23.408480000000054]","[2124.80533, 433.81966, -1263.0059200000007, 52.96656000000012]","[1808.9883, 526.41115, -1263.2681200000006, 370.3659600000001]","[1469.1991, 635.3494, -1359.1567999999997, 435.7529999999997]","[1128.84486, 672.24625, -1361.4169600000005, 147.58740000000034]","[791.21254, 728.08854, -1350.5292799999997, 223.36915999999974]","[512.46476, 839.16034, -1114.9911200000001, 444.2872000000002]","[217.82318, 995.78638, -1178.56632, 626.50416]","[-89.52138, 1090.95459, -1229.37824, 380.6728400000002]"
10,People,"[-420.25305, 1154.15563, 0, 0]","[-709.3642, 1239.6399, -1156.4446, 341.9370799999997]","[-1037.14564, 1350.64784, -1311.12576, 444.03176000000076]","[-1391.20287, 1406.69075, -1416.2289200000005, 224.17163999999957]","[-1726.41569, 1363.91832, -1340.8512799999999, -171.08971999999994]","[-2061.08825, 1410.17603, -1338.690239999999, 185.03084000000035]","[-2423.59956, 1467.5451, -1450.0452400000013, 229.47627999999986]","[-2767.40322, 1477.42564, -1375.2146400000001, 39.52215999999953]","[-3089.95699, 1413.50052, -1290.215080000001, -255.70047999999974]","[-3386.771842, 1347.940746, -1187.259408, -262.23909600000025]","[-3679.73075, 1333.2676, -1171.8356320000003, -58.69258400000035]","[-4004.094975, 1354.914335, -1297.4568999999992, 86.58694000000014]","[-4319.079523846154, 1318.3337607692308, -1259.9381953846168, -146.32229692307646]","[-4658.88502, 1285.119, -1359.221984615382, -132.85904307692363]","[-4980.1526728, 1331.6120057333333, -1285.0706112000007, 185.9720229333334]","[-5301.3692328, 1382.010569066667, -1284.8662399999994, 201.59425333333456]"
11,People,"[-5622.5857928, 1432.4091324, 0, 0]","[-5978.66018, 1437.28324, -1424.297548800001, 19.496430399999554]","[-6280.13162, 1509.12499, -1205.885760000001, 287.3670000000002]","[-6594.73691, 1639.76511, -1258.421159999998, 522.5604800000001]","[-6919.0849, 1728.29873, -1297.3919600000008, 354.1344799999997]","[-7251.46588, 1733.44322, -1329.5239199999996, 20.57796000000053]","[-7596.51142, 1762.85291, -1380.1821600000003, 117.63875999999982]","[-7949.05803, 1819.75014, -1410.1864400000013, 227.58892000000014]","[-8033.647080588235, 1778.8306685294117, -338.35620235294147, -163.67788588235376]","[-8073.837808529412, 1728.9573486764707, -160.76291176470477, -199.49327941176398]","[-8114.028536470589, 1679.0840288235297, -160.7629117647084, -199.49327941176398]","[-8154.219264411765, 1629.2107089705885, -160.76291176470477, -199.4932794117649]","[-8194.409992352941, 1579.337389117647, -160.76291176470477, -199.4932794117658]","[-8074.820840322581, 1558.409641935484, 478.35660812144124, -83.71098872865241]","[-7742.66753, 1601.90022, 1328.6132412903244, 173.96231225806423]","[-7543.34611, 1714.89116, 797.2856799999972, 451.96375999999964]"
12,People,"[-7419.68455, 1689.46718, 0, 0]","[-7244.26946, 1530.66642, 701.660359999998, -635.2030400000003]","[-7026.46025, 1442.47726, 871.2368400000014, -352.7566400000005]","[-6762.42123, 1376.64328, 1056.1560800000007, -263.33591999999953]","[-6487.08332, 1276.1686, 1101.3516400000008, -401.89872000000014]","[-6204.126, 1156.37341, 1131.829279999998, -479.1807600000002]","[-5915.08815, 1063.50204, 1156.1514000000025, -371.48547999999937]","[-5604.74014, 1020.98142, 1241.3920399999988, -170.0824800000005]","[-5285.86541, 983.4328, 1275.4989199999993, -150.1944799999998]","[-4995.33732, 890.70543, 1162.1123600000028, -370.90948000000026]","[-4700.846913333333, 774.5982583333333, 1177.9616266666671, -464.42868666666664]","[-4423.32181, 701.38455, 1110.10041333333, -292.8548333333333]","[-4106.64624, 631.82482, 1266.7022800000013, -278.2389199999998]","[-3800.47836, 541.85617, 1224.6715199999999, -359.8746000000001]","[-3500.06399, 430.37054, 1201.6574799999999, -445.94252000000006]","[-3195.47055, 354.73193, 1218.3737600000004, -302.5544400000001]"
13,People,"[-2881.94599, 305.1578, 0, 0]","[-2570.98455, 239.3806, 1243.8457600000002, -263.1088000000001]","[-2275.0925, 119.98392, 1183.5681999999997, -477.58671999999996]","[-1964.22856, 17.93476, 1243.4557600000007, -408.19664]","[-1633.10268, -25.9695, 1324.5035200000002, -175.61704]","[-1298.08581, -54.68561, 1340.0674799999997, -114.86443999999999]","[-968.27464, -100.41893, 1319.2446800000002, -182.93328000000002]","[-608.61555, -147.00601, 1438.63636, -186.34832]","[-270.17824, -124.67204, 1353.749240000001, 89.33588000000012]","[45.97575, -87.32975, 1264.61596, 149.36915999999997]","[328.58168, -107.19472, 1130.42372, -79.45988]","[609.94184, -131.11723, 1125.4406399999998, -95.69004000000001]","[898.02956, -125.54757, 1152.35088, 22.278640000000053]","[1201.25316, -77.50968, 1212.8944000000001, 192.15155999999996]","[1499.52882, -62.74711, 1193.10264, 59.050280000000015]","[1801.08234, -96.82969, 1206.2140799999997, -136.33032]"
14,People,"[2102.42926, -127.99492, 0, 0]","[2408.35262, -103.1895, 1223.693440000001, 99.22167999999999]","[2709.13149, -83.33674, 1203.1154800000004, 79.41103999999996]","[3002.29921, -109.66443, 1172.6708799999997, -105.31075999999996]","[3303.8261, -160.62637, 1206.1075600000004, -203.84776000000005]","[3591.66278, -157.48313, 1151.3467199999996, 12.57296000000008]","[3898.7684, -130.26786, 1228.4224799999993, 108.8610799999999]","[4196.41561, -138.24333, 1190.5888400000003, -31.901879999999892]","[4495.74519, -183.09729, 1197.3183199999996, -179.41584000000017]","[4778.371075882353, -182.4572382352941, 1130.5035435294121, 2.5602070588234938]","[5060.4880624, -160.6849708, 1128.4679460705884, 87.08906974117644]","[5351.335499066667, -186.3456441333333, 1163.3897466666676, -102.64269333333323]","[5642.182935733334, -212.00631746666667, 1163.3897466666676, -102.64269333333345]","[5935.64009, -242.35675, 1173.8286170666652, -121.40173013333333]","[6232.355637777778, -262.90559277777777, 1186.8621911111113, -82.19537111111106]","[6559.17786, -279.09206, 1307.2888888888883, -64.74586888888894]"
15,People,"[6864.85835, -339.86823, 0, 0]","[7100.014752428116, -384.01886597444087, 940.6256097124606, -176.60254389776355]","[7231.970958498403, -363.1764059105431, 527.8248242811496, 83.36984025559104]","[7363.92716456869, -342.3339458466453, 527.8248242811496, 83.36984025559127]","[7495.883370638978, -321.4914857827476, 527.8248242811496, 83.36984025559082]","[7627.839576709265, -300.6490257188498, 527.8248242811496, 83.36984025559104]","[7759.795782779553, -279.80656565495207, 527.8248242811496, 83.36984025559104]","[7891.75198884984, -258.9641055910543, 527.8248242811496, 83.36984025559104]","[8023.708194920127, -238.12164552715652, 527.8248242811501, 83.36984025559123]","[8155.664400990415, -217.2791854632588, 527.8248242811496, 83.36984025559082]","[8287.620607060702, -196.43672539936105, 527.8248242811496, 83.36984025559104]","[8419.57681313099, -175.59426533546326, 527.8248242811533, 83.36984025559116]","[8551.533019201277, -154.7518052715655, 527.824824281146, 83.36984025559104]","[8683.489225271565, -133.90934520766774, 527.8248242811533, 83.36984025559104]","[8488.06627, -176.10569, -781.6918210862641, -168.78537916932908]","[8275.87767, -184.95389, -848.754399999998, -35.392799999999966]"
16,People,"[8007.99376, -125.38596, 0, 0]","[7719.229064999999, -78.39714000000001, -1155.0587800000067, 187.95527999999996]","[7389.99056724138, -60.52879137931034, -1316.9539910344756, 71.47339448275866]","[7126.677925, -10.879175000000004, -1053.250568965519, 198.59846551724135]","[6863.365282758621, 38.77044137931034, -1053.2505689655154, 198.59846551724138]","[6608.06584, 62.30598, -1021.1977710344836, 94.14215448275863]","[6339.7369, 48.21792, -1073.3157600000013, -56.352239999999995]","[6048.92645, 47.05205, -1163.2417999999998, -4.663479999999993]","[5769.40985, 130.24602, -1118.0664000000006, 332.7758800000002]","[5480.01307, 241.20452, -1157.5871200000001, 443.83400000000006]","[5194.29945, 274.94465, -1142.8544799999981, 134.9605200000001]","[4912.96361, 283.20959, -1125.3433600000026, 33.05975999999987]","[4642.06958, 336.66624, -1083.576119999998, 213.8266000000001]","[4339.77146, 412.33081, -1209.1924800000015, 302.6582799999999]","[4036.19813, 436.1983, -1214.2933199999989, 95.46996000000013]","[3718.09651, 393.35059, -1272.4064800000015, -171.39084000000003]"
17,People,"[3413.89158, 410.37568, 0, 0]","[3106.29551, 503.77527, -1230.3842800000002, 373.59835999999996]","[2787.05694, 591.20377, -1276.95428, 349.71399999999994]","[2469.99583, 590.27015, -1268.2444400000004, -3.734480000000076]","[2160.73267, 597.70743, -1237.0526399999999, 29.749120000000403]","[1857.59265, 669.53332, -1212.5600799999993, 287.30355999999983]","[1533.53235, 766.20129, -1296.2412000000004, 386.6718799999999]","[1203.44151, 783.00339, -1320.3633599999994, 67.20839999999998]","[872.34274, 766.00682, -1324.3950800000014, -67.98628000000014]","[557.69627, 818.39933, -1258.58588, 209.57004000000006]","[257.65895, 918.74446, -1200.14928, 401.38052000000016]","[-48.91732, 995.69786, -1226.30508, 307.81359999999995]","[-377.34224, 1058.98532, -1313.69968, 253.14984000000004]","[-674.15103, 1156.74563, -1187.23516, 391.04123999999956]","[-954.32351, 1320.41242, -1120.6899200000003, 654.6671600000009]","[-1264.49222, 1443.27742, -1240.6748400000001, 491.4599999999991]"
18,People,"[-1590.10422, 1434.91721, 0, 0]","[-1919.81394, 1428.51821, -1318.8388800000002, -25.59600000000046]","[-2227.25917, 1507.24237, -1229.7809199999992, 314.89663999999993]","[-2574.12684, 1536.01438, -1387.4706800000004, 115.08804000000055]","[-2897.85326, 1442.31059, -1294.9056799999998, -374.8151600000001]","[-3230.55205, 1298.02496, -1330.7951599999997, -577.1425200000003]","[-3545.54145, 1237.98487, -1259.9576000000015, -240.16035999999986]","[-3880.16583, 1196.40916, -1338.497519999999, -166.3028400000003]","[-4182.532515, 1094.048055, -1209.466740000001, -409.44442000000015]","[-4504.355626, 976.47774, -1287.2924439999988, -470.28125999999975]","[-4813.06576, 946.4085270588236, -1234.8405360000033, -120.27685176470595]","[-5130.52542, 948.11608, -1269.8386399999981, 6.830211764705837]","[-5456.49257, 959.91715, -1303.8686000000016, 47.204279999999926]","[-5778.17688, 930.00447, -1286.7372399999986, -119.65072000000009]","[-6105.6383, 941.93466, -1309.8456799999985, 47.720760000000155]","[-6416.45161, 1050.32525, -1243.2532400000018, 433.56236000000035]"
19,People,"[-6736.01982, 1222.69159, 0, 0]","[-7031.21614, 1329.50024, -1180.78528, 427.2346000000007]","[-7329.931616666667, 1480.0818266666668, -1194.8619066666652, 602.3263466666667]","[-7624.875475000001, 1638.9104975, -1179.775433333336, 635.314683333333]","[-7970.519, 1821.34017, -1382.574099999998, 729.7186899999997]","[-8189.598379999999, 1881.502485, -876.3175199999969, 240.64926000000014]","[-8219.51613, 1822.8622975, -119.6710000000021, -234.56074999999964]","[-8249.43388, 1764.22211, -119.6710000000021, -234.56075000000055]","[-8279.351630000001, 1705.5819225, -119.6710000000022, -234.56074999999984]","[-8309.269380000002, 1646.941735, -119.6710000000021, -234.56074999999964]","[-8142.04066, 1550.64273, 668.9148800000075, -385.1960200000003]","[-7884.40416, 1464.385, 1030.5459999999985, -345.03092000000015]","[-7725.27769, 1379.25234, 636.5058800000006, -340.53063999999995]","[-7652.07128, 1191.75836, 292.8256399999991, -749.9759199999999]","[-7606.81477, 886.87324, 181.02604000000065, -1219.5404800000001]","[-7486.35998, 623.93955, 481.8191599999991, -1051.7347599999998]"
20,People,"[-7349.95869, 357.04328, 0, 0]","[-7190.53973, 55.75194, 637.6758399999999, -1205.16536]","[-7011.70506, -248.7863, 715.3386800000007, -1218.1529600000001]","[-6767.06053, -472.63116, 978.578120000002, -895.37944]","[-6468.63173, -633.58063, 1193.7151999999987, -643.7978800000001]","[-6149.54111, -768.23152, 1276.3624799999998, -538.60356]","[-5826.03358, -892.7375, 1294.0301199999994, -498.02391999999963]","[-5486.09055, -938.15535, 1359.7721200000015, -181.67140000000018]","[-5148.60383, -889.0198, 1349.9468800000006, 196.54220000000004]","[-4808.7477, -844.42062, 1359.4245200000005, 178.3967200000002]","[-4464.2653, -848.60062, 1377.9295999999995, -16.720000000000255]","[-4125.47156, -836.81643, 1355.1749600000003, 47.13676000000032]","[-3797.66333, -746.32876, 1311.2329200000004, 361.9506799999999]","[-3453.04114, -672.05016, 1378.4887600000002, 297.11439999999993]","[-3107.00197, -658.23578, 1384.15668, 55.25752000000011]","[-2753.04407, -649.41413, 1415.8315999999995, 35.28659999999991]"
21,People,"[-2412.96923, -556.19719, 0, 0]","[-2001.21578, -425.35041, 1647.0138000000006, 523.3871199999999]","[-1631.24569, -358.44639, 1479.88036, 267.61608]","[-1255.10837, -318.05074, 1504.5492800000002, 161.58259999999996]","[-1037.92654, -242.66034, 868.72732, 301.5616000000001]","[-753.09436, -125.64202, 1139.3287199999995, 468.07327999999995]","[-450.0962, -60.85375, 1211.9926400000002, 259.15308000000005]","[-111.5693, -29.69876, 1354.1076, 124.61995999999999]","[221.50613, 37.39934, 1332.301720000001, 268.39240000000024]","[564.42254, 124.84138, 1371.6656400000002, 349.76815999999997]","[910.9917, 155.04587, 1386.27664, 120.81796000000003]","[1255.34188, 129.23545, 1377.4007199999996, -103.24168000000009]","[1598.69706, 120.4214, 1373.42072, -35.25619999999992]","[1971.7846, 159.61422, 1492.35016, 156.77127999999993]","[2337.57844, 140.53587, 1463.1753599999993, -76.3134]","[2695.2292, 77.87351, 1430.6030400000018, -250.64943999999997]"
22,People,"[3166.72931, 23.7859, 0, 0]","[3614.07882, 64.69198, 1789.39804, 163.62432]","[4029.33025, 83.08002, 1661.0057199999992, 73.55216000000001]","[4396.425697142857, 13.074905714285716, 1468.381788571427, -280.02045714285714]","[4761.273976, -57.173644, 1459.3931154285747, -280.99419885714286]","[5108.80905, -30.70649, 1390.1402959999978, 105.86861600000002]","[5413.510101617647, -21.975092647058823, 1218.8042064705878, 34.925589411764705]","[5714.685700882353, -46.23998235294118, 1204.7023970588234, -97.05955882352944]","[6015.8613001470585, -70.50487205882354, 1204.7023970588245, -97.0595588235295]","[6355.72784, -51.86488, 1359.4661594117642, 74.55996823529415]","[6722.37768, 8.00384, 1466.5993600000002, 239.47487999999998]","[7060.47847, -2.9269, 1352.4031600000017, -43.72296]","[7415.06268, -62.38833, 1418.33684, -237.84572000000003]","[7783.8185580882355, -90.44177088235294, 1475.023512352942, -112.21376352941175]","[8153.284326470589, -140.53570470588232, 1477.8630735294137, -200.37573529411753]","[8522.750094852941, -190.62963852941172, 1477.86307352941, -200.3757352941176]"
23,People,"[8865.39363, -304.82617, 0, 0]","[9150.197, -420.12914, 1139.2134799999985, -461.21188000000006]","[9254.24143, -486.65059, 416.1777199999997, -266.08580000000006]","[9253.49713, -443.8538, -2.977200000001176, 171.18716000000018]","[9115.01705, -390.93308, -553.9203199999974, 211.68287999999984]","[8923.20806, -269.99878, -767.2359599999982, 483.73720000000003]","[8759.490176666666, -17.913543333333337, -654.8715333333384, 1008.3409466666667]","[8655.7069, 174.87101, -415.133106666668, 771.1382133333334]","[8564.85651, 250.75208, -363.40155999999877, 303.52428000000026]","[8406.81371, 238.84832, -632.171199999997, -47.61504000000002]","[8182.37408, 228.30211, -897.758520000003, -42.18484000000001]","[7920.36123, 253.02687, -1048.0513999999966, 98.89904000000001]","[7625.2787, 308.37646, -1180.3301200000024, 221.39836000000003]","[7331.34195, 325.79345, -1175.7469999999994, 69.66796]","[7012.86122, 341.62006, -1273.9229200000009, 63.306440000000066]","[6697.91123, 381.993, -1259.7999600000003, 161.49175999999989]"
24,People,"[6379.49882, 475.32883, 0, 0]","[6064.30407, 530.79387, -1260.7789999999986, 221.86015999999995]","[5739.41867, 543.15413, -1299.5416000000005, 49.44104000000016]","[5407.99253, 549.08086, -1325.7045599999983, 23.706920000000082]","[5079.09144, 595.47206, -1315.6043600000012, 185.5648000000001]","[4753.03108, 628.14616, -1304.2414400000016, 130.6963999999998]","[4434.223, 585.65842, -1275.2323199999992, -169.95096000000012]","[4084.73047, 522.51858, -1397.97012, -252.55935999999974]","[3751.23806, 533.1488, -1333.9696400000005, 42.52088000000007]","[3419.72544, 547.89538, -1326.0504799999999, 58.98631999999998]","[3093.10774, 489.41131, -1306.470800000001, -233.93628000000012]","[2753.7122, 418.37911, -1357.58216, -284.12879999999996]","[2423.37035, 390.948, -1321.3673999999992, -109.72444000000019]","[2072.43586, 385.99096, -1403.7379600000004, -19.828160000000025]","[1749.36801, 320.234, -1292.2714000000005, -263.02783999999997]","[1435.52415, 206.10185, -1255.3754399999998, -456.52859999999987]"
25,People,"[1116.83555, 131.47775, 0, 0]","[793.93891, 103.45921, -1291.5865600000002, -112.07415999999995]","[474.14231, 63.23243, -1279.1863999999998, -160.90712]","[167.53443, -38.59272, -1226.43152, -407.30060000000003]","[-137.44308, -140.41912, -1219.91004, -407.30559999999997]","[-430.20856, -177.24679, -1171.0619199999999, -147.31068000000005]","[-727.14396, -205.96966, -1187.7416, -114.89148]","[-1023.99896, -253.63214, -1187.42, -190.64991999999995]","[-1351.6033, -290.6739, -1310.417360000001, -148.16704000000018]","[-1670.37935, -251.34565, -1275.1041999999998, 157.313]","[-1986.99214, -145.8144, -1266.4511600000005, 422.125]","[-2290.39012, -48.7895, -1213.5919199999998, 388.0996]","[-2628.39303, 59.6838, -1352.0116400000006, 433.8932]","[-2939.00942, 217.16939, -1242.4655599999987, 629.94236]","[-3213.27894, 432.56191, -1097.0780800000011, 861.5700800000001]","[-3495.07837, 530.90992, -1127.1977200000001, 393.3920400000002]"
26,People,"[-3790.65402, 625.38611, 0, 0]","[-4110.8594, 728.84753, -1280.8215200000013, 413.8456799999999]","[-4380.45844, 919.52465, -1078.3961600000002, 762.7084799999998]","[-4684.490353333333, 1122.0473766666669, -1216.1276533333294, 810.0909066666677]","[-5002.739091052632, 1233.035897894737, -1272.994950877197, 443.95408491228045]","[-5330.917080714286, 1314.9217407142858, -1312.7119586466179, 327.5433712781951]","[-5629.920107777778, 1456.44053, -1196.0121082539663, 566.0751571428573]","[-5942.07216, 1632.66722, -1248.608208888887, 704.9067599999998]","[-6233.34643, 1711.22962, -1165.0970800000007, 314.2496000000004]","[-6551.36463, 1750.83297, -1272.0728000000017, 158.41339999999946]","[-6856.09036, 1839.98878, -1218.9029200000004, 356.6232399999999]","[-7109.76284, 1971.65094, -1014.6899200000007, 526.6486400000003]","[-7383.29545, 2094.10557, -1094.1304399999972, 489.8185200000007]","[-7709.63602, 2136.62875, -1305.3622800000012, 170.09271999999874]","[-8094.29903, 2203.47999, -1538.6520400000009, 267.40495999999985]","[-8277.14582, 2228.58741, -731.3871599999984, 100.4296800000011]"
27,People,"[-8334.66854, 2246.99818, 0, 0]","[-8320.32588, 2268.53802, 57.370640000001, 86.15935999999965]","[-8244.96534, 2293.03021, 301.4421599999987, 97.96875999999975]","[-8108.35875, 2287.82892, 546.4263600000013, -20.805159999999887]","[-7978.38027, 2270.2631, 519.9139200000027, -70.26327999999921]","[-7797.94917, 2054.17231, 721.7243999999992, -864.3631600000008]","[-7708.083645000001, 1793.81593, 359.462099999997, -1041.4255199999998]","[-7613.63307, 1572.32827, 377.802300000003, -885.95064]","[-7430.37936, 1555.89727, 733.0148400000005, -65.72400000000022]","[-7186.35764, 1566.70789, 976.0868799999989, 43.24247999999989]","[-6935.7211, 1509.68708, 1002.5461600000017, -228.08323999999993]","[-6668.45399, 1436.91932, 1069.068439999999, -291.0710399999998]","[-6390.57422, 1408.77508, 1111.5190799999982, -112.57696000000033]","[-6102.00001, 1388.77509, 1154.2968400000027, -79.99995999999919]","[-5801.63255, 1326.16225, 1201.469839999998, -250.45136000000002]","[-5510.30406, 1216.57504, 1165.3139599999995, -438.34884000000056]"
28,People,"[-5210.638497313433, 1119.4665528358207, 0, 0]","[-4909.191392835821, 1045.7471908955224, 1205.7884179104476, -294.87744776119325]","[-4607.744288358209, 972.027828955224, 1205.7884179104476, -294.8774477611937]","[-4306.1768, 873.77506, 1206.2699534328349, -393.0110758208957]","[-3988.36928, 803.49477, 1271.2300800000012, -281.12116000000015]","[-3696.13472, 844.76575, 1168.9382399999995, 165.08392000000003]","[-3401.39259, 968.77482, 1178.9685200000004, 496.0362799999998]","[-3098.1839, 1058.54986, 1212.8347599999997, 359.1001600000004]","[-2769.36216, 1112.24702, 1315.2869600000006, 214.78863999999996]","[-2456.92021, 1181.93817, 1249.7677999999996, 278.7645999999995]","[-2160.60726, 1295.28908, 1185.2518, 453.40364000000045]","[-1871.95134, 1388.00163, 1154.6236800000006, 370.85019999999986]","[-1584.72995, 1438.07186, 1148.8855600000006, 200.28092000000015]","[-1253.51633, 1491.24268, 1324.85448, 212.6832800000002]","[-931.32588, 1569.48599, 1288.7617999999998, 312.97323999999935]","[-608.29795, 1631.40908, 1292.1117199999999, 247.69236]"
29,People,"[-299.79335, 1626.30191, 0, 0]","[29.70677, 1582.46665, 1318.00048, -175.34103999999934]","[353.38467, 1560.69833, 1294.7116, -87.07328000000052]","[695.66324, 1524.75224, 1369.1142799999998, -143.78435999999965]","[1004.00906, 1421.77337, 1233.38328, -411.91547999999966]","[1309.55344, 1267.08594, 1222.1775199999997, -618.7497200000007]","[1596.40797, 1149.79281, 1147.4181200000003, -469.1725200000001]","[1916.76524, 1002.23038, 1281.4290799999999, -590.2497199999998]","[2194.92843, 829.68978, 1112.6527600000009, -690.1624000000003]","[2458.53898, 644.85735, 1054.4421999999995, -739.3297200000002]","[2738.6313, 491.32509, 1120.3692800000008, -614.12904]","[3040.27693, 395.40585, 1206.58252, -383.67696]","[3348.65427, 287.25759, 1233.50936, -432.59304]","[3654.93676, 168.08573, 1225.1299600000002, -476.6874399999999]","[3968.62167, 98.53164, 1254.7396399999998, -278.21636000000007]","[4302.11781, 171.79126, 1333.984559999999, 293.03848]"
30,People,"[4661.11262, 199.22713, 0, 0]","[4983.93201, 157.53187, 1291.2775600000023, -166.78103999999996]","[5310.46862, 47.67655, 1306.1464399999968, -439.42128]","[5629.00279, -19.5106, 1274.1366799999996, -268.7486]","[5968.82494, -18.60837, 1359.2886000000035, 3.6089199999999977]","[6287.00893, -66.02412, 1272.7359599999982, -189.66299999999998]","[6598.69426, -166.60874, 1246.741320000001, -402.33848000000006]","[6902.42255, -203.59228, 1214.91316, -147.9341599999999]","[7215.8338, -183.44684, 1253.6450000000016, 80.58175999999999]","[7540.13112, -189.73473, 1297.1892799999987, -25.151560000000018]","[7889.29381, -246.66378, 1396.6507600000004, -227.71619999999996]","[8254.479101304347, -272.91486086956525, 1460.7411652173869, -105.00432347826097]","[8616.53585, -273.1396, 1448.2269947826135, -0.8989565217389099]","[9068.39433, -357.33959, 1807.4339199999959, -336.79996000000006]","[9355.98039, -380.26717, 1150.3442400000058, -91.71032000000014]","[9459.41712, -380.38483, 413.7469199999978, -0.47064000000000306]"
31,People,"[9462.98263, -393.79256, 0, 0]","[9385.74733, -422.58215, -308.9412000000011, -115.15836000000013]","[9173.75746, -436.79756, -847.9594799999977, -56.86163999999985]","[8856.195757142857, -262.77531, -1270.246811428573, 696.0889999999999]","[8589.418979652173, -87.89936586956522, -1067.107109962737, 699.5037765217392]","[8341.305297043478, -46.71219739130434, -992.4547304347798, 164.7486739130435]","[8093.191614434782, -5.525028913043471, -992.4547304347834, 164.7486739130435]","[7845.077931826087, 35.6621395652174, -992.4547304347834, 164.7486739130435]","[7596.964249217392, 76.84930804347827, -992.4547304347807, 164.74867391304363]","[7348.850566608696, 118.03647652173916, -992.4547304347834, 164.74867391304355]","[7100.736884, 159.22364499999998, -992.4547304347834, 164.74867391304326]","[6852.623201391304, 200.41081347826088, -992.4547304347834, 164.7486739130436]","[6604.509518782608, 241.5979819565217, -992.4547304347834, 164.74867391304326]","[6342.15986, 292.40185, -1049.3986351304338, 203.21547217391333]","[6062.73648, 356.9127, -1117.6935200000007, 258.0433999999998]","[5772.56845, 349.56629, -1160.6721199999993, -29.385639999999967]"
32,People,"[5458.37872, 313.23398, 0, 0]","[5150.82769, 327.01108, -1230.2041199999985, 55.108400000000074]","[4856.153226896551, 374.3732279310345, -1178.6978524137958, 189.44859172413794]","[4541.91044, 406.60038, -1256.971147586206, 128.90860827586198]","[4211.68887, 388.09598, -1320.8862799999988, -74.0175999999999]","[3866.17291, 407.78594, -1382.0638400000007, 78.75983999999994]","[3527.98924, 470.3357, -1352.7346799999996, 250.19903999999997]","[3196.257262983871, 517.6376204838709, -1326.9279080645156, 189.20768193548383]","[2863.4236279032257, 531.8541729032258, -1331.3345403225824, 56.8662096774197]","[2530.589992822581, 546.0707253225806, -1331.3345403225794, 56.86620967741919]","[2197.7563577419355, 560.2872777419354, -1331.3345403225812, 56.86620967741919]","[1864.9227226612904, 574.5038301612904, -1331.3345403225803, 56.86620967741965]","[1539.39044, 580.83788, -1302.1291306451621, 25.336199354838755]","[1271.37482, 549.8111933333333, -1072.0624799999996, -124.10674666666682]","[987.0136, 557.57497, -1137.44488, 31.05510666666669]","[681.29191, 595.11117, -1222.8867599999999, 150.14480000000003]"
33,People,"[392.52113, 582.43983, 0, 0]","[88.72951, 496.13947, -1215.16648, -345.20144000000005]","[-218.73986, 417.71257, -1229.87748, -313.70759999999996]","[-530.26206, 385.16526, -1246.0888, -130.18924000000015]","[-840.43692, 352.13598, -1240.6994399999999, -132.1171199999999]","[-1142.07544, 254.52329, -1206.5540800000003, -390.45076000000006]","[-1427.64976, 170.48555, -1142.2972799999998, -336.15096000000005]","[-1705.03508, 182.45092, -1109.5412800000004, 47.86148000000003]","[-2012.79774, 244.51746, -1231.0506400000006, 248.26616000000024]","[-2307.94562, 242.27192, -1180.59152, -8.982160000000022]","[-2672.14758, 230.68533, -1456.8078399999995, -46.346360000000004]","[-2978.74888, 345.2571, -1226.405200000001, 458.28707999999995]","[-3274.09991, 498.81712, -1181.4041199999992, 614.24008]","[-3562.89294, 602.27899, -1155.172120000001, 413.84748000000013]","[-3873.35973, 696.12071, -1241.8671599999998, 375.36688000000004]","[-4172.98261, 834.35575, -1198.4915199999996, 552.9401599999997]"
34,People,"[-4461.538865714286, 985.1297514285716, 0, 0]","[-4745.733465238095, 1083.3536373809525, -1136.7783980952372, 392.8955438095236]","[-5046.63312, 1151.96806, -1203.5986190476215, 274.4576904761898]","[-5347.532774761905, 1220.5824826190476, -1203.5986190476178, 274.4576904761907]","[-5653.496803333333, 1307.2220533333334, -1223.8561142857143, 346.55828285714324]","[-5989.68221, 1463.79259, -1344.741626666666, 626.2821466666664]","[-6307.41719, 1525.50347, -1270.9399200000007, 246.84352000000035]","[-6668.86691, 1551.00912, -1445.7988799999985, 102.02259999999933]","[-6953.61766, 1640.28726, -1139.0030000000015, 357.1125600000008]","[-7065.573727165354, 1685.6598991338583, -447.8242686614176, 181.49055653543292]","[-7111.775598228347, 1689.9093007086617, -184.8074842519709, 16.997606299213658]","[-7157.977469291339, 1694.1587022834644, -184.80748425196725, 16.99760629921093]","[-7204.179340354331, 1698.4081038582676, -184.80748425196725, 16.997606299212748]","[-7250.381211417323, 1702.6575054330708, -184.8074842519709, 16.997606299212748]","[-7296.583082480315, 1706.906907007874, -184.80748425196725, 16.997606299212748]","[-7342.784953543307, 1711.1563085826772, -184.80748425196725, 16.997606299212748]"
35,People,"[-7388.9868246063, 1715.4057101574804, 0, 0]","[-7435.1886956692915, 1719.655111732283, -184.80748425196725, 16.99760629921093]","[-7481.390566732283, 1723.9045133070863, -184.80748425196725, 16.997606299212748]","[-7427.86244, 1577.79425, 214.11250692913381, -584.4410532283455]","[-7401.63249, 1479.02531, 104.91979999999967, -395.0757599999997]","[-7235.04517, 1493.04032, 666.3492799999985, 56.0600400000003]","[-6987.77321, 1471.88253, 989.0878400000001, -84.63115999999991]","[-6742.8537, 1393.41913, 979.6780400000025, -313.85360000000037]","[-6466.40206, 1285.56138, 1105.8065599999982, -431.431]","[-6180.3668, 1221.89742, 1144.1410400000022, -254.65584000000035]","[-5870.47476, 1158.15119, 1239.568159999999, -254.98491999999987]","[-5583.63175, 1041.37897, 1147.372040000002, -467.08888000000024]","[-5298.97969, 892.20216, 1138.6082399999977, -596.7072399999997]","[-5015.425375, 783.442855, 1134.2172600000013, -435.03722000000016]","[-4717.52081, 703.9844149999999, 1191.6182599999993, -317.83376000000044]","[-4409.65605, 591.85856, 1231.4590400000016, -448.50341999999955]"
36,People,"[-4102.09987, 450.11706, 0, 0]","[-3783.72358, 314.5495, 1273.5051600000006, -542.2702399999998]","[-3462.60577, 263.24816, 1284.471239999999, -205.20536000000016]","[-3135.23971, 210.83013, 1309.4642400000012, -209.67211999999995]","[-2831.94044, 85.46952, 1213.19708, -501.44244]","[-2503.58606, -93.92042, 1313.417519999999, -717.55976]","[-2167.97419, -154.65053, 1342.4474800000007, -242.92044000000004]","[-1825.67299, -186.77712, 1369.2047999999995, -128.50635999999997]","[-1509.03845, -285.31047, 1266.5381600000012, -394.1334000000004]","[-1188.51166, -432.95256, 1282.1071600000005, -590.56836]","[-863.14624, -486.77241, 1301.4616799999994, -215.2793999999999]","[-517.86838, -458.57314, 1381.1114400000001, 112.79707999999982]","[-175.47411, -498.849, 1369.57708, -161.10343999999986]","[160.0575, -598.8491, 1342.12644, -400.0004000000001]","[513.50444, -660.80693, 1413.7877600000002, -247.83131999999978]","[850.78095, -619.543, 1349.1060399999997, 165.05571999999984]"
37,People,"[1207.0251, -596.6324, 0, 0]","[1540.21587, -649.05178, 1332.7630799999997, -209.6775200000002]","[1884.31146, -700.89763, 1376.3823599999996, -207.38340000000017]","[2210.28237, -655.44496, 1303.88364, 181.81068000000005]","[2562.16923, -607.14789, 1407.5474400000003, 193.1882800000003]","[2895.08826, -640.46358, 1331.67612, -133.26276000000007]","[3256.40457, -708.09856, 1445.2652400000006, -270.53992000000017]","[3598.28503, -645.05234, 1367.5218399999994, 252.18488000000025]","[3944.51056, -535.78207, 1384.9021200000018, 437.0810800000003]","[4276.440665, -492.9755728333333, 1327.7204199999996, 171.2259886666668]","[4586.12554, -398.0031436666667, 1238.7394999999997, 379.88971666666635]","[4895.810415, -303.0307145, 1238.7394999999997, 379.8897166666668]","[5204.6285, -141.85072, 1235.2723399999995, 644.719978]","[5515.53965, -13.05013, 1243.6445999999996, 515.20236]","[5818.52642, 35.29171, 1211.9470800000017, 193.36736000000002]","[6148.353758297872, 115.16532085106384, 1319.3093531914892, 319.4944434042553]"
38,People,"[6450.499987021277, 268.2660814893617, 0, 0]","[6757.60328, 412.08802, 1228.4131719148936, 575.2877540425532]","[7048.69401, 472.68728, 1164.3629199999996, 242.39704000000006]","[7288.923396294416, 480.7304825380711, 960.9175451776646, 32.172810152284455]","[7329.115165964467, 493.2175529695432, 160.76707868020458, 49.948281725888364]","[7369.306935634518, 505.7046234010152, 160.76707868020094, 49.94828172588814]","[7409.498705304569, 518.1916938324873, 160.76707868020458, 49.948281725888364]","[7449.690474974619, 530.6787642639594, 160.76707868020094, 49.94828172588814]","[7489.88224464467, 543.1658346954315, 160.76707868020472, 49.948281725888634]","[7530.07401431472, 555.6529051269035, 160.76707868020094, 49.94828172588814]","[7570.265783984772, 568.1399755583757, 160.76707868020458, 49.94828172588859]","[7610.457553654822, 580.6270459898477, 160.76707868020094, 49.94828172588814]","[7650.649323324873, 593.1141164213197, 160.76707868020458, 49.94828172588814]","[7690.841092994923, 605.6011868527919, 160.76707868020094, 49.94828172588859]","[7731.032862664974, 618.0882572842639, 160.76707868020458, 49.94828172588814]","[7771.224632335025, 630.575327715736, 160.76707868020094, 49.94828172588814]"
39,People,"[7811.416402005076, 643.0623981472081, 0, 0]","[7851.608171675127, 655.5494685786803, 160.76707868020458, 49.94828172588859]","[7891.799941345177, 668.0365390101523, 160.76707868020094, 49.94828172588814]","[7746.45502, 724.39056, -581.3796853807071, 225.41608395939102]","[7463.27736, 772.56119, -1132.7106400000011, 192.68251999999984]","[7165.98343, 778.74573, -1189.1757199999993, 24.73815999999988]","[6867.92149, 848.12075, -1192.247760000002, 277.50008000000025]","[6586.20377, 984.10849, -1126.8708799999986, 543.9509599999997]","[6309.222852000001, 1114.327654, -1107.923671999998, 520.8766560000004]","[6024.01843, 1190.03476, -1140.8176880000028, 302.82842400000027]","[5709.71206, 1293.79219, -1257.225480000001, 415.02971999999954]","[5455.92076, 1434.78853, -1015.1651999999995, 563.9853600000006]","[5205.30107, 1617.03498, -1002.4787599999981, 728.9857999999995]","[4935.14557, 1742.73907, -1080.622000000003, 502.8163600000007]","[4640.02306, 1852.20398, -1180.490039999997, 437.8596399999997]","[4348.38713, 2001.89129, -1166.5437200000015, 598.7492400000001]"
40,People,"[4057.86737, 2181.4632, 0, 0]","[3753.37468, 2312.27993, -1217.9707600000002, 523.26692]","[3428.11308, 2357.24929, -1301.0463999999993, 179.8774400000002]","[3086.38789, 2385.21918, -1366.9007600000004, 111.8795599999994]","[2760.89795, 2451.12235, -1301.9597599999997, 263.6126800000002]","[2434.1094, 2486.63882, -1307.1542000000009, 142.0658800000001]","[2127.04785, 2429.46525, -1228.2461999999996, -228.6942799999997]","[1821.00336, 2334.31829, -1224.17796, -380.58784000000014]","[1515.88643, 2284.68759, -1220.4677200000008, -198.5228000000008]","[1201.45161, 2265.79606, -1257.7392799999998, -75.5661199999995]","[894.70682, 2222.96692, -1226.9791600000003, -171.31656000000112]","[558.89882, 2164.9024, -1343.232, -232.2580799999996]","[232.96315, 2143.24288, -1303.7426799999998, -86.63808000000063]","[-87.71028, 2192.27905, -1282.69372, 196.14468000000124]","[-435.05094, 2259.98403, -1389.36264, 270.8199199999999]","[-762.05996, 2227.23784, -1308.03608, -130.9847600000012]"
41,People,"[-1093.49377, 2152.98245, 0, 0]","[-1418.57544, 2140.45235, -1300.3266800000001, -50.12039999999979]","[-1767.76981, 2125.80967, -1396.7774799999997, -58.57071999999971]","[-2087.32902, 2039.21803, -1278.2368400000005, -346.3665600000004]","[-2406.23509, 1880.52327, -1275.62428, -634.7790400000004]","[-2723.07211, 1717.89695, -1267.3480799999998, -650.5052799999994]","[-3045.09893, 1667.37796, -1288.1072800000002, -202.07596000000012]","[-3340.76343, 1654.82277, -1182.6579999999994, -50.220760000000155]","[-3630.85179, 1560.19702, -1160.353440000002, -378.50300000000004]","[-3903.9546, 1429.51019, -1092.4112399999995, -522.7473200000004]","[-4079.18591, 1402.82051, -700.9252400000005, -106.75871999999981]","[-4260.37374, 1474.3508, -724.7513199999994, 286.1211599999997]","[-4497.352146896552, 1587.3610976724135, -947.9136275862074, 452.0411906896543]","[-4751.568465862069, 1702.1284618965517, -1016.8652758620701, 459.06945689655277]","[-5005.784784827587, 1816.8958261206897, -1016.8652758620701, 459.06945689655186]","[-5260.001103793104, 1931.663190344828, -1016.8652758620701, 459.0694568965537]"
42,People,"[-5509.74088, 2045.96685, 0, 0]","[-5811.59112, 2178.0064, -1207.400959999999, 528.1582000000008]","[-6095.75418, 2171.16656, -1136.6522399999994, -27.35936000000038]","[-6409.42261, 2092.89963, -1254.6737199999989, -313.0677200000009]","[-6692.801894285714, 2067.223827142857, -1133.5171371428587, -102.7032114285721]","[-7030.592031249999, 2065.904875, -1351.16054785714, -5.275808571426751]","[-7352.081046363636, 2038.6247404545452, -1285.9560604545477, -109.12053818181994]","[-7726.99328, 2019.22464, -1499.6489345454538, -77.60040181818113]","[-8114.76568, 2052.77362, -1551.0896000000043, 134.19592000000023]","[-8279.61009, 2078.92464, -659.3776399999988, 104.60408000000098]","[-8321.64242, 2110.01707, -168.12932, 124.36971999999878]","[-8293.49146, 2156.72292, 112.6038400000034, 186.82340000000113]","[-8189.82261, 2208.29824, 414.67539999999644, 206.30127999999968]","[-8011.0214, 2134.9549, 715.2048400000022, -293.3733599999996]","[-7819.207993103449, 1960.1377031034483, 767.253627586204, -699.2687875862075]","[-7623.719794827586, 1788.7075048275865, 781.95279310345, -685.7207931034472]"
43,People,"[-7447.81687, 1662.39496, 0, 0]","[-7277.69355, 1681.67662, 680.4932799999988, 77.1266399999995]","[-7005.73658, 1722.36184, 1087.8278800000007, 162.7408800000003]","[-6706.66354, 1682.63299, 1196.2921600000009, -158.91539999999986]","[-6384.85144, 1615.33362, 1287.2483999999968, -269.1974799999998]","[-6075.86866, 1608.11133, 1235.931120000001, -28.88916000000063]","[-5790.84623, 1631.6587, 1140.08972, 94.18948]","[-5504.49471, 1618.24945, 1145.4060800000007, -53.636999999999716]","[-5204.385997058824, 1602.7977164705885, 1200.434851764706, -61.80693411764611]","[-4899.430055882353, 1593.9996245588234, 1219.8237647058813, -35.192367647060564]","[-4592.59345, 1588.1373266666667, 1227.3464235294123, -23.449191568626702]","[-4274.6664875, 1602.4954524999998, 1271.7078500000025, 57.432503333332534]","[-3958.74692, 1577.98794, 1263.6782699999985, -98.03004999999939]","[-3614.26195, 1552.17438, 1377.93988, -103.25424000000021]","[-3281.87435, 1565.71314, 1329.5504, 54.155040000000554]","[-2942.67268, 1576.2471, 1356.8066799999997, 42.13583999999992]"
44,People,"[-2618.94066, 1537.64952, 0, 0]","[-2293.67626, 1476.00545, 1301.0576, -246.57627999999931]","[-1990.66394, 1474.17962, 1212.049280000001, -7.303319999999985]","[-1693.76848, 1486.94704, 1187.5818399999998, 51.06967999999961]","[-1381.76693, 1422.70958, 1248.0061999999998, -256.9498400000002]","[-1057.92458, 1315.47525, 1295.3693999999996, -428.93732]","[-737.8705, 1256.00602, 1280.2163200000005, -237.8769199999997]","[-412.18257, 1220.82875, 1302.75172, -140.70908000000054]","[-111.24484, 1147.55654, 1203.750920000001, -293.0888399999997]","[174.4701, 1032.32972, 1142.85976, -460.90728000000036]","[465.6452, 920.65377, 1164.7004, -446.7037999999998]","[779.23089, 859.39983, 1254.3427600000002, -245.01576000000023]","[1100.20172, 799.16806, 1283.88332, -240.92707999999993]","[1395.43309, 681.88065, 1180.9254799999999, -469.1496400000001]","[1700.89714, 554.26322, 1221.8562000000002, -510.4697199999996]","[2007.45902, 495.41371, 1226.24752, -235.39804000000026]"
45,People,"[2330.73412, 454.99526, 0, 0]","[2622.13826, 370.36044, 1165.6165600000004, -338.53927999999996]","[2908.34162, 264.51086, 1144.81344, -423.39832]","[3204.72132, 174.35217, 1185.5187999999998, -360.6347599999999]","[3528.94736, 117.23509, 1296.90416, -228.46832]","[3848.49409, 28.43303, 1278.18692, -355.20824]","[4140.19948, -122.81424, 1166.8215600000003, -604.98908]","[4432.79659, -271.30041, 1170.3884399999988, -593.9446800000001]","[4709.628488928571, -340.2910942857143, 1107.3275957142841, -275.96273714285735]","[4993.39934, -401.88917, 1135.0834042857168, -246.3923028571428]","[5276.370954630542, -496.5279535221675, 1131.8864585221672, -378.55513408867]","[5533.773076551724, -477.73356620689657, 1029.6084876847308, 75.17754926108364]","[5791.175198472906, -458.9391788916256, 1029.6084876847272, 75.17754926108387]","[6048.577320394088, -440.1447915763547, 1029.6084876847272, 75.17754926108364]","[6305.979442315271, -421.3504042610837, 1029.6084876847308, 75.17754926108387]","[6563.381564236453, -402.5560169458128, 1029.6084876847308, 75.17754926108364]"
46,People,"[6820.783686157635, -383.76162963054185, 0, 0]","[7078.185808078818, -364.9672423152709, 1029.6084876847308, 75.17754926108387]","[7335.58793, -346.172855, 1029.6084876847272, 75.17754926108341]","[7592.990051921182, -327.37846768472906, 1029.6084876847308, 75.17754926108387]","[7850.392173842365, -308.5840803694581, 1029.6084876847308, 75.17754926108387]","[8107.794295763548, -289.7896930541872, 1029.6084876847308, 75.17754926108364]","[8365.196417684729, -270.9953057389163, 1029.6084876847235, 75.17754926108364]","[8622.598539605911, -252.2009184236453, 1029.6084876847308, 75.17754926108387]","[8880.000661527094, -233.4065311083744, 1029.6084876847317, 75.17754926108371]","[9137.402783448277, -214.61214379310343, 1029.6084876847308, 75.17754926108387]","[9394.80490536946, -195.8177564778325, 1029.6084876847308, 75.17754926108375]","[9304.26128318182, -256.30541363636365, -362.1744887505556, -241.95062863412466]","[9038.802893030304, -163.53877727272726, -1061.8335606060646, 371.0665454545456]","[8773.344502878788, -70.7721409090909, -1061.8335606060646, 371.06654545454546]","[8531.81619, 59.36219, -966.1132515151548, 520.5373236363636]","[8386.6377176, 134.1404188, -580.713889599996, 299.1129152]"
47,People,"[8234.60956, 140.91272, 0, 0]","[8035.07992, 90.28158, -798.1185600000026, -202.52456]","[7814.37671, 112.81628, -882.8128400000023, 90.1388]","[7595.03885, 173.89285, -877.3514399999985, 244.30628000000002]","[7345.021012210526, 234.86980663157897, -1000.0713511578942, 243.90782652631583]","[7094.874764842106, 293.0433145263158, -1000.5849894736821, 232.69403157894726]","[6844.728517473684, 351.21682242105265, -1000.5849894736857, 232.6940315789475]","[6598.9347, 412.66249, -983.1752698947384, 245.78267031578935]","[6402.19093, 644.56469, -786.9750800000008, 927.608800000001]","[6167.71858, 802.43142, -937.8894, 631.4669199999998]","[5921.94576, 963.83817, -983.0912800000006, 645.627]","[5669.92367, 1140.23084, -1008.0883599999979, 705.5706799999998]","[5426.41771, 1383.88187, -974.0238400000017, 974.60412]","[5128.80485, 1597.17316, -1190.451439999997, 853.1651600000005]","[4832.526685789474, 1709.1524194736842, -1185.112656842106, 447.9170378947365]","[4494.65609, 1832.17298, -1351.4823831578942, 492.0822421052635]"
48,People,"[4209.91916, 1995.32463, 0, 0]","[3997.85037, 2129.55153, -848.275160000001, 536.9076000000005]","[3761.70823, 2179.39982, -944.5685599999997, 199.39315999999963]","[3473.48591, 2190.55718, -1152.8892800000012, 44.629439999998795]","[3177.97555, 2237.35053, -1182.041439999999, 187.1734000000015]","[2876.21712, 2340.90826, -1207.0337200000013, 414.23091999999997]","[2569.41377, 2404.99613, -1227.2133999999987, 256.35147999999936]","[2237.91602, 2393.19587, -1325.991, -47.20103999999992]","[1918.07995, 2417.68648, -1279.3442800000014, 97.96243999999942]","[1609.9747, 2485.26518, -1232.4210000000003, 270.3148000000001]","[1301.03834, 2564.83595, -1235.7454399999997, 318.28308000000106]","[975.30683, 2598.6844, -1302.9260400000003, 135.39379999999983]","[638.27697, 2600.9645, -1348.11944, 9.12039999999979]","[340.59936, 2640.33342, -1190.71044, 157.47567999999956]","[35.28442, 2708.28631, -1221.25976, 271.8115600000001]","[-262.17686, 2720.43522, -1189.84512, 48.59563999999955]"
49,People,"[-577.49008, 2668.46918, 0, 0]","[-884.7413, 2624.20227, -1229.00488, -177.0676399999993]","[-1188.01867, 2618.8379, -1213.1094799999996, -21.457480000000942]","[-1492.54768, 2624.67627, -1218.1160399999999, 23.353479999999763]","[-1783.24813, 2558.84368, -1162.8018000000002, -263.3303599999999]","[-2069.05499, 2442.35202, -1143.2274400000006, -465.96664000000055]","[-2354.60137, 2399.68347, -1142.185519999999, -170.67419999999947]","[-2659.382, 2370.45416, -1219.1225200000008, -116.91724000000067]","[-2932.1224, 2290.66031, -1090.9616000000015, -319.17539999999855]","[-3194.99868, 2141.71844, -1051.5051199999998, -595.7674800000004]","[-3451.86526, 2033.09181, -1027.4663199999995, -434.5065200000008]","[-3691.11955, 1977.76797, -957.0171599999994, -221.29535999999916]","[-3924.84604, 1967.38164, -934.90596, -41.545320000000174]","[-4130.83544, 1924.74907, -823.9575999999997, -170.53027999999995]","[-4347.56158, 1885.68972, -866.904559999999, -156.23739999999998]","[-4559.75499, 1889.87231, -848.7736400000031, 16.730359999999564]"
50,People,"[-4750.276492999999, 2023.4781576, 0, 0]","[-4981.626268, 2158.2773876, -925.3991000000024, 539.1969200000003]","[-5210.93454, 2278.45368, -917.2330880000009, 480.70516959999986]","[-5480.44406, 2242.2956, -1078.0380799999984, -144.63232000000062]","[-5742.5563, 2202.62623, -1048.4489600000015, -158.6774800000003]","[-6013.28932, 2187.84112, -1082.9320799999987, -59.14043999999922]","[-6303.67479, 2176.89836, -1161.5418800000007, -43.77103999999963]","[-6571.28283, 2087.66638, -1070.4321600000003, -356.9279200000001]","[-6852.253304, 1991.485368, -1123.8818959999999, -384.7240480000004]","[-7127.728285, 1970.19502, -1101.8999240000012, -85.16139199999998]","[-7409.482029090909, 2004.7805863636363, -1127.0149763636364, 138.34226545454476]","[-7715.48142, 2034.75202, -1223.9975636363633, 119.8857345454544]","[-8013.7264, 2043.3044, -1192.979919999998, 34.20952000000034]","[-8232.64892, 2061.45767, -875.6900800000003, 72.61307999999917]","[-8319.64511, 2075.66949, -347.98475999999937, 56.847280000001774]","[-8317.75564, 2089.51496, 7.557880000000296, 55.381879999999]"
51,People,"[-8237.30994, 2088.51843, 0, 0]","[-8054.52672, 2053.34873, 731.1328799999974, -140.67879999999968]","[-7780.207454090909, 1822.55319, 1097.277063636364, -923.1821600000003]","[-7643.74073, 1578.99117, 545.8668963636337, -974.2480800000003]","[-7478.72938, 1514.87603, 660.0454000000027, -256.46056000000044]","[-7263.84164, 1519.30883, 859.5509600000005, 17.73120000000017]","[-6948.91851, 1478.37153, 1259.6925199999969, -163.7492000000002]","[-6656.23865, 1404.91694, 1170.7194400000008, -293.8183599999993]","[-6345.033824, 1338.067956, 1244.8193040000017, -267.3959360000001]","[-6037.34953, 1347.87735, 1230.7371759999987, 39.237575999999535]","[-5713.10555, 1363.48481, 1296.9759200000008, 62.429839999999786]","[-5422.013887499999, 1299.8666225, 1164.3666500000036, -254.4727499999999]","[-5153.913688016529, 1215.8263654545456, 1072.4007979338821, -336.1610281818175]","[-4890.526768595041, 1136.6804563636365, 1053.5476776859505, -316.5836363636363]","[-4627.139849173554, 1057.5345472727272, 1053.5476776859505, -316.5836363636372]","[-4363.752929752066, 978.388638181818, 1053.5476776859505, -316.58363636363674]"
52,People,"[-4100.366010330578, 899.242729090909, 0, 0]","[-3802.16816, 774.52016, 1192.7914013223126, -498.8902763636361]","[-3497.60606, 670.61751, 1218.2484000000004, -415.6106]","[-3204.08222, 512.91189, 1174.0953600000012, -630.8224800000003]","[-2946.60235, 312.82225, 1029.9194799999987, -800.3585599999999]","[-2683.61015, 119.24054, 1051.9688000000006, -774.32684]","[-2401.39425, 5.81406, 1128.8636000000006, -453.70592]","[-2111.92908, -98.83092, 1157.8606799999998, -418.57992]","[-1842.03904, -218.33393, 1079.56016, -478.0120400000004]","[-1549.57645, -343.48691, 1169.8503600000004, -500.61192000000005]","[-1227.59642, -387.38341, 1287.9201199999998, -175.586]","[-877.30133, -395.08689, 1401.1803600000003, -30.813919999999825]","[-560.33558, -424.77669, 1267.8629999999998, -118.75919999999996]","[-213.39296, -476.86122, 1387.7704800000001, -208.33812000000012]","[97.03925, -465.86222, 1241.72884, 43.996000000000095]","[410.20079, -390.61652, 1252.64616, 300.9828]"
53,People,"[801.42403, -348.9074, 0, 0]","[1166.22252, -384.78409, 1459.19396, -143.50675999999999]","[1507.41027, -397.48415, 1364.7510000000002, -50.80024000000003]","[1802.08963, -292.71637, 1178.7174399999994, 419.07112000000006]","[2105.5737, -278.20898, 1213.93628, 58.02955999999995]","[2437.07776, -298.22187, 1326.0162400000008, -80.05156000000011]","[2786.5845, -332.36633, 1398.0269599999992, -136.57783999999992]","[3046.22739, -263.69134, 1038.5715600000003, 274.6999599999999]","[3371.12291, -173.78097, 1299.5820800000013, 359.64148000000046]","[3685.38447, -168.64149, 1257.0462399999997, 20.557919999999967]","[4020.57579, -185.78712, 1340.7652799999996, -68.58251999999993]","[4338.99349, -131.7782, 1273.6707999999999, 216.03567999999996]","[4681.502267142857, -20.078008571428576, 1370.0351085714283, 446.8007657142857]","[5023.41301, 29.18504, 1367.6429714285732, 197.0521942857143]","[5364.09032, 104.49348, 1362.7092400000001, 301.23376]","[5694.45668, 149.27275, 1321.46544, 179.11708]"
54,People,"[6048.3211, 223.30048, 0, 0]","[6411.57037, 195.92702, 1452.997080000001, -109.49383999999998]","[6754.82567, 160.2921, 1373.0211999999992, -142.53967999999998]","[7096.24946, 131.76305, 1365.6951599999993, -114.11620000000005]","[7443.40648, 204.54982, 1388.6280799999986, 291.1470800000001]","[7805.380951176471, 236.9828823529412, 1447.897884705886, 129.73224941176477]","[8171.598457058824, 189.6939941176471, 1464.8700235294127, -189.15555294117644]","[8537.815962941177, 142.40510588235293, 1464.870023529409, -189.15555294117667]","[8904.03346882353, 95.11621764705882, 1464.8700235294177, -189.1555529411766]","[9293.8687, 23.69517, 1559.3409247058808, -285.68419058823525]","[9468.32294, -17.7244, 697.8169599999965, -165.67828]","[9470.09129, -67.1674, 7.073400000001129, -197.772]","[9388.64821, -76.6047, -325.7723200000037, -37.74919999999997]","[9243.64644, 21.49282, -580.0070799999958, 392.39007999999995]","[9001.99043, 171.4543, -966.6240400000024, 599.84592]","[8755.74664, 276.54377, -984.9751600000018, 420.35788]"
55,People,"[8557.98233, 246.50679, 0, 0]","[8342.11491, 106.49696, -863.469680000002, -560.03932]","[8083.19198, 3.29085, -1035.6917200000025, -412.82444]","[7803.55986, -30.19814, -1118.5284799999972, -133.95596]","[7507.40829, -43.40458, -1184.60628, -52.82576000000002]","[7220.67425, -106.02044, -1146.936160000001, -250.46343999999996]","[6905.01825, -146.86911, -1262.6239999999998, -163.39468000000005]","[6614.26348, -105.67987, -1163.0190800000018, 164.75696000000005]","[6320.23762, -43.10344, -1176.10344, 250.3057200000002]","[6016.36802, -27.97163, -1215.4784, 60.52723999999999]","[5711.60302, -51.99923, -1219.0600000000013, -96.11039999999998]","[5405.62492, -21.42551, -1223.9123999999974, 122.29487999999999]","[5102.72004, 66.83976, -1211.6195200000002, 353.06108]","[4802.117746666667, 161.43483666666668, -1202.4091733333335, 378.38030666666674]","[4480.39813, 185.08806, -1286.8784666666688, 94.61289333333332]","[4120.04862, 220.29791, -1441.39804, 140.83939999999996]"
56,People,"[3818.52297, 333.76704, 0, 0]","[3521.60718, 464.36791, -1187.66316, 522.40348]","[3217.37719, 504.88209, -1216.9199599999993, 162.05672000000004]","[2873.65094, 533.5537, -1374.9050000000007, 114.68644000000018]","[2570.32104, 611.81421, -1213.3196000000007, 313.0420399999998]","[2284.16023, 742.60691, -1144.6432399999994, 523.1707999999999]","[1999.89768, 836.3893, -1137.0501999999997, 375.1295600000003]","[1693.47128, 881.53971, -1225.7056000000002, 180.60163999999986]","[1376.48858, 968.81039, -1267.9308000000012, 349.08272000000017]","[1072.41712, 1120.79696, -1216.2858399999996, 607.9462799999997]","[762.96964, 1256.57111, -1237.7899200000002, 543.0966000000008]","[459.66615, 1305.65578, -1213.21396, 196.33867999999984]","[132.44265, 1326.45283, -1308.8940000000002, 83.1881999999996]","[-185.62614, 1373.31811, -1272.27516, 187.46111999999994]","[-512.82116, 1451.51861, -1308.78008, 312.8020000000006]","[-834.5229, 1466.55083, -1286.8069600000003, 60.1288799999993]"
57,People,"[-1175.94057, 1457.10483, 0, 0]","[-1483.56584, 1521.56607, -1230.50108, 257.84496000000036]","[-1797.22716, 1659.768, -1254.6452799999997, 552.8077199999998]","[-2118.40947, 1723.01216, -1284.7292400000006, 252.97663999999986]","[-2456.97494, 1726.17867, -1354.26188, 12.666040000000066]","[-2822.05061, 1734.12786, -1460.3026799999989, 31.796760000000177]","[-3159.70797, 1794.51022, -1350.6294400000006, 241.52943999999934]","[-3505.65152, 1827.419348, -1383.7741999999998, 131.63651200000004]","[-3844.00902, 1791.17073, -1353.4300000000014, -144.99447199999955]","[-4161.958757421384, 1815.7378180503144, -1271.7989496855353, 98.26835220125758]","[-4479.908494842767, 1840.304906100629, -1271.7989496855334, 98.2683522012585]","[-4797.858232264151, 1864.8719941509437, -1271.798949685537, 98.2683522012585]","[-5115.807969685535, 1889.4390822012576, -1271.7989496855334, 98.26835220125577]","[-5433.757707106918, 1914.0061702515725, -1271.7989496855334, 98.2683522012594]","[-5751.7074445283015, 1938.5732583018869, -1271.7989496855334, 98.26835220125758]","[-6067.2947575, 1993.6875825, -1262.3492518867934, 220.45729679245233]"
58,People,"[-2039.69035, -3198.14628, 0, 0]","[-2028.63372, -3253.07931, 44.226520000000164, -219.73212000000058]","[-2019.02356, -3279.45461, 38.4406399999998, -105.50119999999879]","[-2015.56353, -3324.19834, 13.840120000000752, -178.97492000000057]","[-2015.83317, -3350.29388, -1.0785600000008344, -104.38216000000102]","[-2015.3504, -3354.20381, 1.9310800000002928, -15.639719999999215]","[-2015.54841, -3323.67166, -0.7920400000002701, 122.1286]","[-2028.3461, -3234.85612, -51.1907599999995, 355.2621600000002]","[-2011.11367, -3148.65627, 68.92972000000015, 344.79940000000016]","[-1978.12151, -3121.74413, 131.96864000000005, 107.64855999999963]","[-1969.69065, -3126.75787, 33.723439999999755, -20.054959999999483]","[-1981.54412, -3188.4533, -47.41388000000006, -246.78172000000086]","[-1968.07993, -3252.4329, 53.85675999999967, -255.91839999999866]","[-1961.63218, -3305.88978, 25.791000000000167, -213.82752000000073]","[-1964.73333, -3341.57717, -12.404599999999846, -142.7495600000002]","[-1958.73627, -3341.70594, 23.988239999999678, -0.5150799999992159]"
59,People,"[-1948.44954, -3312.59716, 0, 0]","[-1967.31596, -3240.36501, -75.46567999999934, 288.9285999999993]","[-2022.08455, -3139.39382, -219.07436000000052, 403.8847600000008]","[-2049.32442, -3055.40215, -108.95947999999953, 335.96667999999954]","[-2025.09173, -3019.39409, 96.93075999999928, 144.03224000000046]","[-1938.77254, -3015.47694, 345.27676000000065, 15.66859999999906]","[-1878.09031, -2985.57585, 242.72891999999956, 119.60435999999936]","[-1915.99099, -2965.62159, -151.60271999999986, 79.8170399999999]","[-2009.08906, -2941.09488, -372.39228000000037, 98.10684000000046]","[-2138.47458, -2929.07593, -517.5420800000002, 48.07580000000053]","[-2225.42928, -2921.74726, -347.8187999999991, 29.3146799999995]","[-2285.98125, -2897.36877, -242.20787999999993, 97.51396000000022]","[-2358.492, -2840.75858, -290.0430000000015, 226.4407599999995]","[-2449.35257, -2770.33129, -363.4422799999993, 281.70916000000034]","[-2572.865838888889, -2740.8592385185184, -494.05307555555555, 117.88820592592674]","[-2741.0710611111112, -2740.7067014814816, -672.8208888888894, 0.6101481481473456]"
60,People,"[-2955.61537, -2732.16016, 0, 0]","[-3127.44905, -2693.28218, -687.3347200000007, 155.511919999999]","[-3302.6494, -2614.58281, -700.8013999999985, 314.7974800000011]","[-3528.93405, -2485.30063, -905.1386000000002, 517.1287199999988]","[-3713.64845, -2417.59923, -738.8576000000012, 270.8056000000015]","[-3937.75386, -2346.7741, -896.4216399999987, 283.30051999999887]","[-4179.11059, -2213.22936, -965.4269200000017, 534.1789600000011]","[-4328.11497, -2021.78176, -596.0175199999976, 765.790399999999]","[-4474.62377, -1769.34902, -586.0352000000026, 1009.7309600000008]","[-4615.04328, -1593.20865, -561.6780399999989, 704.5614800000003]","[-4769.25108, -1418.58298, -616.8312000000005, 698.5026800000005]","[-4936.4302, -1230.34487, -668.7164799999991, 752.95244]","[-5022.83787, -1054.1465, -345.63068000000203, 704.7934799999994]","[-5122.25875, -845.7658, -397.6835199999987, 833.5228000000002]","[-5242.904050363636, -628.9676156363637, -482.5812014545445, 867.1927374545453]","[-5377.619114, -434.258477, -538.860254545456, 778.8365545454546]"
61,People,"[-5512.334177636363, -239.5493383636364, 0, 0]","[-5647.049241272727, -44.84019972727276, -538.860254545456, 778.8365545454545]","[-5781.764304909091, 149.86893890909084, -538.860254545456, 778.8365545454544]","[-5880.65476, 393.69449, -395.5618203636368, 975.3022043636365]","[-6013.73126, 535.08596, -532.3059999999969, 565.5658800000001]","[-6174.8096, 685.14523, -644.3133600000001, 600.2370799999999]","[-6318.8964, 829.72916, -576.3472000000002, 578.33572]","[-6398.14336, 952.7463, -316.9878400000016, 492.06856000000016]","[-6457.30028, 1113.35232, -236.62768000000162, 642.4240800000003]","[-6527.379838515625, 1251.9659646093749, -280.31823406249896, 554.4545784374995]","[-6537.3669928125, 1264.0815863541666, -39.94861718749962, 48.4624869791669]","[-6547.354147109375, 1276.1972080989583, -39.94861718749962, 48.4624869791669]","[-6557.34130140625, 1288.31282984375, -39.94861718749962, 48.4624869791669]","[-6567.328455703125, 1300.4284515885415, -39.94861718749962, 48.46248697916599]","[-6577.31561, 1312.5440733333332, -39.94861718749962, 48.4624869791669]","[-6587.302764296875, 1324.659695078125, -39.94861718749962, 48.4624869791669]"
62,People,"[-6597.28991859375, 1336.7753168229167, 0, 0]","[-6607.277072890625, 1348.8909385677084, -39.94861718749962, 48.4624869791669]","[-6617.2642271875, 1361.0065603125, -39.94861718749962, 48.46248697916599]","[-6627.251381484375, 1373.1221820572916, -39.94861718749962, 48.4624869791669]","[-6637.23853578125, 1385.2378038020834, -39.94861718749962, 48.4624869791669]","[-6647.225690078125, 1397.353425546875, -39.94861718749962, 48.4624869791669]","[-6657.212844375, 1409.4690472916668, -39.94861718749962, 48.4624869791669]","[-6667.199998671875, 1421.5846690364583, -39.94861718749962, 48.46248697916599]","[-6677.18715296875, 1433.70029078125, -39.94861718749966, 48.46248697916694]","[-6490.39692, 1390.07348, 747.1609318749979, -174.50724312500006]","[-6318.71785, 1299.59655, 686.7162800000006, -361.90772000000015]","[-6183.26631, 1148.30101, 541.8061600000001, -605.1821600000003]","[-6021.69742, 943.83934, 646.2755599999982, -817.8466799999997]","[-5870.08798, 800.51363, 606.4377600000007, -573.3028399999998]","[-5676.4352, 642.45719, 774.6111200000014, -632.2257600000003]","[-5472.99251, 461.47272, 813.7707599999994, -723.93788]"
63,People,"[-5331.05847, 249.22273, 0, 0]","[-5168.1896, -8.58117, 651.475480000001, -1031.2156]","[-5026.21021, -194.33469, 567.917559999998, -743.0140799999999]","[-4825.17212, -365.78542, 804.15236, -685.80292]","[-4621.94487, -547.8964, 812.9089999999997, -728.4439199999999]","[-4488.17879, -732.52003, 535.0643200000013, -738.4945200000002]","[-4336.69441, -963.19884, 605.9375199999995, -922.71524]","[-4152.07746, -1097.01543, 738.4677999999985, -535.2663599999996]","[-3938.15669, -1223.92969, 855.6830800000033, -507.6570400000005]","[-3732.86643, -1378.63175, 821.161039999999, -618.8082400000003]","[-3600.26607, -1553.38167, 530.4014399999996, -698.9996799999999]","[-3454.10098, -1748.48523, 584.6603599999999, -780.4142400000001]","[-3316.34317, -1878.47502, 551.0312400000003, -519.9591600000003]","[-3144.32947, -1981.14972, 688.0547999999999, -410.6987999999992]","[-2940.9895, -2126.11752, 813.35988, -579.8711999999996]","[-2822.26509, -2285.83132, 474.89764000000105, -638.8552]"
64,People,"[-2728.16839, -2460.72854, 0, 0]","[-2643.48557, -2647.80361, 338.73127999999997, -748.3002799999995]","[-2546.58651, -2779.13935, 387.59623999999894, -525.34296]","[-2427.99808, -2905.1663, 474.353720000001, -504.10779999999977]","[-2317.60685, -3017.50167, 441.5649199999989, -449.34148000000096]","[-2281.821, -3120.67753, 143.14340000000084, -412.7034399999993]","[-2331.22889, -3204.24197, -197.6315599999998, -334.2577600000004]","[-2400.17592, -3299.58399, -275.7881200000011, -381.3680800000002]","[-2435.58549, -3338.17145, -141.63827999999933, -154.3498399999991]","[-2466.57831, -3318.38832, -123.97127999999975, 79.1325199999992]","[-2500.62528, -3262.76332, -136.18788000000131, 222.5]","[-2527.5326, -3202.70344, -107.6292799999992, 240.239520000001]","[-2531.27835, -3176.07696, -14.983000000000175, 106.5059199999996]","[-2526.76308, -3147.01088, 18.061079999999492, 116.26432000000023]","[-2522.91785, -3119.69717, 15.380920000001424, 109.2548399999996]","[-2517.9249, -3107.67264, 19.971799999999348, 48.09812000000056]"
65,People,"[-2511.72098, -3107.42768, 0, 0]","[-2508.22559, -3103.28162, 13.981560000000172, 16.584239999998317]","[-2502.19402, -3106.22601, 24.126280000000406, -11.77755999999863]","[-2495.554420638298, -3109.7614172340423, 26.558397446808158, -14.141628936169582]","[-2483.644859468085, -3130.762265638298, 47.63824468085113, -84.00339361702208]","[-2471.7352982978723, -3151.7631140425533, 47.63824468085113, -84.00339361702208]","[-2459.8257371276595, -3172.763962446809, 47.63824468085113, -84.00339361702208]","[-2443.872461428572, -3237.2244985714287, 63.813102796349995, -257.8421444984797]","[-2418.802194945055, -3308.543322747253, 100.28106593406855, -285.2752967032977]","[-2393.7319284615382, -3379.862146923077, 100.28106593406665, -285.2752967032957]","[-2368.661661978022, -3451.1809710989014, 100.28106593406483, -285.2752967032975]","[-2431.56546, -3449.725, -251.61519208791105, 5.823884395606001]","[-2506.13194, -3418.37774, -298.26592000000164, 125.38904000000002]","[-2584.64643, -3369.60042, -314.0579599999983, 195.10927999999876]","[-2619.39365, -3300.17927, -138.9888800000008, 277.6846000000005]","[-2637.48126, -3178.17088, -72.35044000000016, 488.03355999999985]"
66,People,"[-2627.25381, -2984.20607, 0, 0]","[-2654.80312, -2826.40318, -110.19723999999951, 631.2115600000016]","[-2713.02739, -2631.16058, -232.89708000000064, 780.9703999999983]","[-2789.43487, -2393.78174, -305.6299199999994, 949.5153600000012]","[-2784.3057, -2168.9475, 20.516680000000633, 899.3369599999987]","[-2732.85022, -1913.52973, 205.82192000000032, 1021.671080000001]","[-2706.29701, -1672.15173, 106.21284000000014, 965.5119999999997]","[-2702.48137, -1437.14223, 15.262559999999212, 940.0380000000005]","[-2684.08442, -1166.96459, 73.5877999999994, 1080.7105600000004]","[-2593.30255, -930.24137, 363.127480000001, 946.8928800000003]","[-2481.2623, -674.86539, 448.16100000000006, 1021.5039199999997]","[-2405.42329, -443.1598, 303.35603999999876, 926.8223600000001]","[-2380.30656, -210.02789, 100.46692000000075, 932.52764]","[-2378.84614, 68.9785, 5.841679999999542, 1116.02556]","[-2332.29775, 278.93511, 186.1935599999997, 839.82644]","[-2252.57866, 494.64473, 318.8763600000002, 862.8384799999999]"
67,People,"[-2200.52985, 698.6998, 0, 0]","[-2183.35404, 892.22735, 68.70323999999891, 774.1102000000001]","[-2181.63468, 1104.14804, 6.877440000000206, 847.6827600000001]","[-2108.38016, 1274.25314, 293.0180799999998, 680.4204]","[-1952.44876, 1431.1515, 623.7256000000007, 627.5934399999996]","[-1755.00135, 1595.64374, 789.78964, 657.9689600000002]","[-1650.52009, 1738.91135, 417.9250400000001, 573.0704400000004]","[-1546.67234, 1932.43263, 415.3909999999996, 774.0851199999997]","[-1396.49683, 2119.1884, 600.7020400000007, 747.0230800000006]","[-1240.82044, 2222.76536, 622.7055600000003, 414.3078399999995]","[-1058.58501, 2317.10103, 728.9417199999998, 377.34267999999975]","[-920.08602, 2422.41959, 553.9959600000002, 421.27424000000065]","[-842.78333, 2543.75671, 309.21075999999994, 485.34848000000056]","[-789.46699, 2676.96244, 213.26535999999987, 532.8229199999987]","[-731.82488, 2773.41802, 230.56844, 385.8223200000011]","[-706.3431, 2830.66824, 101.92711999999983, 229.0008799999996]"
68,People,"[-708.6273, 2867.90297, 0, 0]","[-704.63899, 2875.13829, 15.953239999999823, 28.941279999999097]","[-713.27754, 2878.6246, -34.55420000000004, 13.945240000000922]","[-718.04747, 2873.33966, -19.079719999999725, -21.139760000000024]","[-719.32036, 2867.04739, -5.0915600000003, -25.169079999999667]","[-715.22966, 2862.86812, 16.362800000000334, -16.71708000000035]","[-704.80895, 2860.82658, 41.68283999999994, -8.166160000000673]","[-678.60597, 2830.63331, 104.8119200000001, -120.77307999999903]","[-632.19887, 2797.34606, 185.62839999999977, -133.14900000000137]","[-599.02142, 2810.7576, 132.7098000000001, 53.646160000000236]","[-502.16495, 2823.05448, 387.42588000000023, 49.187519999999495]","[-376.69536, 2825.29464, 501.87835999999993, 8.960640000001149]","[-289.00342, 2817.74146, 350.76775999999995, -30.212719999999536]","[-261.07984, 2807.02842, 111.69432000000006, -42.85216000000037]","[-263.9315, 2801.48135, -11.406640000000152, -22.188280000000304]","[-266.92386, 2797.56283, -11.96943999999985, -15.674080000000686]"
69,People,"[-264.61391, 2778.3419, 0, 0]","[-263.01991, 2709.3812, 6.375999999999976, -275.84280000000035]","[-251.71552, 2560.77871, 45.217559999999935, -594.409959999999]","[-241.20131, 2397.89108, 42.056839999999966, -651.5505200000007]","[-193.49265, 2256.58375, 190.83464000000004, -565.2293200000004]","[-110.933, 2055.35094, 330.23859999999996, -804.9312399999999]","[-58.871, 1843.87002, 208.24800000000002, -845.923679999999]","[-85.66974, 1644.77151, -107.19496000000001, -796.3940400000001]","[-161.23308, 1407.68887, -302.25336000000027, -948.3305600000011]","[-199.14824, 1203.66152, -151.66063999999994, -816.1093999999994]","[-230.68758, 967.64608, -126.15736000000004, -944.0617600000005]","[-283.68813, 706.28215, -212.00220000000002, -1045.45572]","[-410.13309, 529.57517, -505.7798399999999, -706.8279200000002]","[-587.8295, 365.24316, -710.7856400000003, -657.3280399999999]","[-718.47593, 188.73282, -522.5857199999996, -706.0413599999999]","[-855.6865, 2.24699, -548.8422800000003, -745.94332]"
70,People,"[-1022.18004, -191.12619, 0, 0]","[-1201.08836, -304.42461, -715.63328, -453.19367999999986]","[-1424.96342, -438.58795, -895.5002400000003, -536.65336]","[-1628.98807, -575.70889, -816.0986000000003, -548.4837600000001]","[-1785.64009, -738.29336, -626.60808, -650.33788]","[-1958.41095, -941.6584, -691.0834399999994, -813.4601600000001]","[-2127.48667, -1075.60846, -676.3028799999993, -535.8002399999996]","[-2321.37837, -1210.30717, -775.5668000000005, -538.7948400000005]","[-2522.54892, -1360.06146, -804.6822000000018, -599.01716]","[-2675.82679, -1544.32867, -613.1114799999996, -737.0688400000008]","[-2842.5029, -1768.51652, -666.7044399999995, -896.7513999999992]","[-3027.59716, -1939.54984, -740.3770399999994, -684.13328]","[-3231.03932, -2083.50443, -813.7686400000002, -575.8183600000002]","[-3450.64683, -2227.23418, -878.4300400000011, -574.9189999999999]","[-3622.1260899105146, -2338.348473064877, -685.9170396420577, -444.4571722595083]","[-3794.1957051230415, -2390.2641520357943, -688.2784608501079, -207.66271588366908]"
71,People,"[-3966.2653203355694, -2442.1798310067115, 0, 0]","[-4138.334935548099, -2494.0955099776284, -688.278460850117, -207.66271588366726]","[-4310.404550760626, -2546.0111889485456, -688.2784608501097, -207.66271588366908]","[-4482.474165973154, -2597.926867919463, -688.2784608501133, -207.66271588366908]","[-4654.543781185683, -2649.84254689038, -688.2784608501133, -207.66271588366908]","[-4826.61339639821, -2701.758225861297, -688.2784608501097, -207.66271588366726]","[-4998.6830116107385, -2753.6739048322147, -688.2784608501133, -207.6627158836709]","[-5170.752626823266, -2805.589583803132, -688.2784608501097, -207.66271588366908]","[-5342.822242035794, -2857.505262774049, -688.2784608501139, -207.66271588366743]","[-5514.891857248322, -2909.4209417449665, -688.2784608501097, -207.6627158836709]","[-5686.96147246085, -2961.336620715884, -688.2784608501133, -207.66271588366908]","[-5859.031087673378, -3013.252299686801, -688.2784608501133, -207.66271588366908]","[-6031.100702885906, -3065.167978657718, -688.2784608501097, -207.66271588366726]","[-6203.170318098434, -3117.083657628635, -688.2784608501133, -207.66271588366908]","[-6375.239933310962, -3168.9993365995524, -688.2784608501133, -207.66271588366908]","[-6547.30954852349, -3220.9150155704697, -688.2784608501097, -207.66271588366908]"
72,People,"[-6665.257732847682, -3254.0437389801327, 0, 0]","[-6543.883143443709, -3244.143601231788, 485.498357615892, 39.60055099337842]","[-6422.508554039735, -3234.243463483444, 485.49835761589566, 39.6005509933766]","[-6301.133964635762, -3224.3433257351, 485.498357615892, 39.6005509933766]","[-6179.759375231788, -3214.443187986755, 485.49835761589566, 39.60055099337842]","[-6058.384785827815, -3204.5430502384106, 485.498357615892, 39.60055099337842]","[-5937.010196423841, -3194.6429124900665, 485.49835761589566, 39.6005509933766]","[-5815.635607019867, -3184.742774741722, 485.49835761589566, 39.60055099337842]","[-5694.261017615894, -3174.8426369933777, 485.4983576158925, 39.600550993376636]","[-5572.88642821192, -3164.942499245033, 485.49835761589566, 39.60055099337842]","[-5451.511838807947, -3155.042361496689, 485.498357615892, 39.6005509933766]","[-5330.137249403973, -3145.1422237483443, 485.49835761589566, 39.60055099337842]","[-5208.76266, -3135.242086, 485.498357615892, 39.6005509933766]","[-5087.388070596026, -3125.341948251656, 485.49835761589566, 39.6005509933766]","[-4966.0134811920525, -3115.4418105033114, 485.49835761589566, 39.60055099337842]","[-4844.63889178808, -3105.5416727549677, 485.4983576158884, 39.60055099337478]"
73,People,"[-4723.2643023841065, -3095.6415350066227, 0, 0]","[-4601.889712980133, -3085.7413972582785, 485.49835761589566, 39.6005509933766]","[-4480.515123576159, -3075.841259509934, 485.49835761589566, 39.60055099337842]","[-4359.140534172186, -3065.94112176159, 485.498357615892, 39.6005509933766]","[-4237.765944768212, -3056.040984013245, 485.49835761589566, 39.60055099337842]","[-4116.391355364238, -3046.140846264901, 485.49835761589566, 39.6005509933766]","[-3995.016765960265, -3036.2407085165564, 485.498357615892, 39.60055099337842]","[-3873.6421765562914, -3026.3405707682123, 485.49835761589384, 39.6005509933766]","[-3752.267587152318, -3016.440433019868, 485.4983576158943, 39.600550993376636]","[-3630.892997748344, -3006.5402952715235, 485.49835761589566, 39.60055099337842]","[-3509.5184083443705, -2996.640157523179, 485.49835761589384, 39.60055099337842]","[-3388.143818940397, -2986.7400197748348, 485.49835761589384, 39.6005509933766]","[-3266.769229536424, -2976.83988202649, 485.498357615892, 39.60055099337842]","[-3145.39464013245, -2966.939744278146, 485.49835761589566, 39.6005509933766]","[-3024.0200507284767, -2957.0396065298014, 485.49835761589384, 39.60055099337842]","[-2792.88391, -2888.01363, 924.5445629139067, 276.10390611920593]"
74,People,"[-2559.33385, -2783.46126, 0, 0]","[-2310.7267, -2682.96979, 994.4285999999993, 401.96587999999974]","[-2047.26699, -2644.05841, 1053.8388400000003, 155.64552000000003]","[-1742.96737, -2600.34284, 1217.19848, 174.8622800000012]","[-1500.28727, -2499.51443, 970.7204000000002, 403.3136399999985]","[-1255.08215, -2387.38375, 980.8204800000003, 448.52272000000085]","[-999.58571, -2290.0224, 1021.98576, 389.4454000000005]","[-747.9339, -2245.30711, 1006.6072399999998, 178.86115999999856]","[-462.35249, -2201.46276, 1142.325640000001, 175.37740000000136]","[-244.66973, -2099.08952, 870.73104, 409.4929599999996]","[-2.79443, -1973.93125, 967.5011999999999, 500.6330799999996]","[221.09034, -1879.93388, 895.53908, 375.9894800000002]","[467.56426, -1841.78477, 985.89568, 152.59644000000026]","[809.5233, -1804.70659, 1367.8361599999998, 148.3127199999999]","[1082.80145, -1709.31187, 1093.1126, 381.57888]","[1359.00092, -1622.46706, 1104.79788, 347.3792400000002]"
75,People,"[1606.78875, -1596.8794, 0, 0]","[1878.07698, -1585.4501, 1085.1529200000004, 45.71720000000005]","[2150.7281, -1538.29991, 1090.604479999999, 188.60076000000026]","[2380.88597, -1439.11347, 920.63148, 396.7457599999998]","[2666.80438, -1350.9342, 1143.673640000001, 352.71708000000035]","[2942.97779, -1312.08445, 1104.6936399999995, 155.39899999999943]","[3254.86152, -1290.24129, 1247.53492, 87.3726400000005]","[3535.35946, -1242.14091, 1121.9917600000008, 192.40151999999944]","[3795.74111, -1150.77423, 1041.5266000000001, 365.4667200000007]","[4064.41835, -1062.2921, 1074.70896, 353.9285200000004]","[4297.74749, -1056.63282, 933.3165599999993, 22.637119999999413]","[4592.181373333333, -1065.99938, 1177.7355333333326, -37.46623999999974]","[4840.41722, -1030.40355, 992.9433866666695, 142.3833199999999]","[5086.24332, -963.82817, 983.3043999999973, 266.30152]","[5349.84149, -887.43794, 1054.3926800000008, 305.5609199999999]","[5599.46283, -876.7945, 998.4853600000024, 42.57376000000022]"
76,People,"[5869.365048518518, -851.2248, 0, 0]","[6138.828807777778, -823.94905, 1077.8550370370394, 109.10299999999961]","[6377.50691, -741.23467, 954.7124088888886, 330.85752]","[6581.189899610389, -612.6555816883117, 814.7319584415563, 514.3163532467534]","[6730.850873636363, -450.1287109090909, 598.6438961038948, 650.1074831168833]","[6880.5118476623375, -287.60184012987014, 598.6438961038984, 650.107483116883]","[7030.172821688311, -125.07496935064933, 598.6438961038948, 650.1074831168833]","[7179.833795714285, 37.45190142857143, 598.6438961038948, 650.107483116883]","[7329.4947697402595, 199.9787722077922, 598.643896103899, 650.1074831168836]","[7479.155743766233, 362.50564298701306, 598.6438961038948, 650.1074831168835]","[7628.816717792208, 525.0325137662339, 598.6438961038984, 650.1074831168835]","[7778.477691818181, 687.5593845454546, 598.6438961038912, 650.1074831168826]","[7928.138665844155, 850.0862553246754, 598.6438961038984, 650.1074831168835]","[8077.799639870129, 1012.613126103896, 598.6438961038948, 650.1074831168821]","[8227.460613896103, 1175.139996883117, 598.6438961038948, 650.1074831168839]","[8377.121587922076, 1337.6668676623378, 598.6438961038948, 650.1074831168835]"
77,People,"[8526.782561948052, 1500.1937384415587, 0, 0]","[8676.443535974026, 1662.7206092207794, 598.6438961038948, 650.1074831168826]","[8826.10451, 1825.24748, 598.6438961038948, 650.1074831168826]","[8905.51611, 1963.80256, 317.6464000000051, 554.2203200000004]","[8974.49619, 2100.03626, 275.92031999999745, 544.9347999999991]","[8981.43101, 2183.61773, 27.7392800000016, 334.3258800000003]","[8890.10863856, 2202.980452091429, -365.289485760004, 77.45088836571631]","[8789.33518056, 2172.86733752, -403.09383199999866, -120.4524582857157]","[8688.56172256, 2142.754222948572, -403.093831999999, -120.45245828571217]","[8587.78826456, 2112.6411083771427, -403.09383199999866, -120.45245828571751]","[8487.01480656, 2082.5279938057142, -403.09383199999866, -120.45245828571387]","[8386.24134856, 2052.4148792342858, -403.09383200000593, -120.45245828571387]","[8285.46789056, 2022.3017646628573, -403.09383199999866, -120.45245828571387]","[8184.69443256, 1992.1886500914288, -403.09383199999866, -120.45245828571387]","[8083.92097456, 1962.07553552, -403.09383199999866, -120.4524582857157]","[7983.147516559999, 1931.9624209485717, -403.09383200000593, -120.45245828571296]"
78,People,"[7882.37405856, 1901.849306377143, 0, 0]","[7781.600600559999, 1871.7361918057145, -403.0938320000023, -120.45245828571387]","[7680.82714256, 1841.6230772342856, -403.09383199999866, -120.4524582857157]","[7580.05368456, 1811.509962662857, -403.09383199999866, -120.45245828571387]","[7479.28022656, 1781.3968480914286, -403.09383199999866, -120.45245828571387]","[7378.50676856, 1751.2837335200002, -403.0938320000023, -120.45245828571387]","[7277.73331056, 1721.1706189485717, -403.09383199999866, -120.45245828571387]","[7176.95985256, 1691.0575043771428, -403.09383199999866, -120.4524582857157]","[7076.18639456, 1660.9443898057143, -403.09383200000264, -120.45245828571399]","[6975.41293656, 1630.8312752342858, -403.09383199999866, -120.45245828571387]","[6874.63947856, 1600.7181606628571, -403.0938320000023, -120.45245828571478]","[6773.86602056, 1570.6050460914284, -403.09383199999866, -120.45245828571478]","[6673.092562559999, 1540.49193152, -403.0938320000023, -120.45245828571387]","[6572.31910456, 1510.3788169485715, -403.09383199999866, -120.45245828571387]","[6471.54564656, 1480.265702377143, -403.09383199999866, -120.45245828571387]","[6370.77218856, 1450.1525878057143, -403.09383199999866, -120.45245828571478]"
79,People,"[6269.99873056, 1420.0394732342857, 0, 0]","[6169.225272559999, 1389.9263586628572, -403.0938320000023, -120.45245828571387]","[6068.45181456, 1359.8132440914287, -403.09383199999866, -120.45245828571387]","[5967.67835656, 1329.70012952, -403.09383199999866, -120.45245828571478]","[5866.90489856, 1299.587014948571, -403.09383199999866, -120.4524582857157]","[5766.13144056, 1269.4739003771429, -403.0938320000023, -120.45245828571296]","[5665.35798256, 1239.3607858057144, -403.09383199999866, -120.45245828571387]","[5564.584524559999, 1209.2476712342857, -403.0938320000023, -120.45245828571478]","[5463.81106656, 1179.1345566628572, -403.093831999999, -120.45245828571399]","[5292.93835, 1014.99556, -683.4908662399976, -656.5559866514291]","[5060.00264, 853.93189, -931.7428400000026, -644.25468]","[4799.70922, 660.49958, -1041.1736799999999, -773.7292399999997]","[4564.663596, 452.790671, -940.1824959999976, -830.8356360000002]","[4316.648979333334, 245.26492933333333, -992.0584666666655, -830.1029666666666]","[4052.20678, 83.84492, -1057.768797333336, -645.6800373333333]","[3766.66999, -2.20301, -1142.1471600000004, -344.19172000000003]"
80,People,"[3455.947075, -69.86509000000001, 0, 0]","[3182.2483, -187.12016, -1094.7950999999994, -469.02027999999996]","[2845.76508, -325.66386, -1345.9328800000003, -554.1748]","[2510.76128, -421.37333, -1340.0151999999998, -382.83788000000004]","[2174.69893, -507.29724, -1344.2494000000006, -343.6956399999999]","[1860.01096, -642.68052, -1258.7518799999998, -541.53312]","[1580.1852, -838.47196, -1119.3030400000007, -783.1657599999999]","[1276.49596, -999.95495, -1214.7569599999997, -645.9319600000003]","[983.2263, -1073.11916, -1173.0786400000009, -292.65683999999993]","[662.30496, -1141.0104, -1283.68536, -271.5649599999997]","[381.8209, -1268.11627, -1121.9362400000002, -508.4234800000004]","[92.97046, -1412.16111, -1155.40176, -576.1793600000001]","[-198.75545, -1479.46927, -1166.90364, -269.2326400000002]","[-519.72314, -1539.51727, -1283.8707599999998, -240.192]","[-829.19041, -1609.5115, -1237.8690800000004, -279.97692000000006]","[-1129.84829, -1726.50534, -1202.6315199999995, -467.97535999999945]"
81,People,"[-1427.71329, -1833.41538, 0, 0]","[-1730.64758, -1879.51008, -1211.7371600000006, -184.3788000000004]","[-2068.40071, -1913.7118, -1351.0125199999993, -136.8068800000001]","[-2347.96749, -1969.92746, -1118.2671200000004, -224.86264000000028]","[-2654.38932, -2071.15197, -1225.687320000001, -404.8980399999991]","[-2966.80517, -2138.01405, -1249.6633999999995, -267.44832000000133]","[-3276.04601, -2165.37735, -1236.9633599999997, -109.45319999999992]","[-3607.23794, -2190.45161, -1324.7677199999998, -100.29703999999947]","[-3905.786217421603, -2282.35235108014, -1194.193109686413, -367.60296432056055]","[-4151.290902961672, -2341.708128083624, -982.0187421602768, -237.42310801393614]","[-4396.795588501742, -2401.063905087108, -982.0187421602786, -237.42310801393614]","[-4642.300274041812, -2460.4196820905927, -982.0187421602823, -237.42310801393796]","[-4887.804959581881, -2519.7754590940767, -982.018742160275, -237.42310801393614]","[-5133.309645121951, -2579.131236097561, -982.0187421602786, -237.42310801393796]","[-5378.81433066202, -2638.487013101045, -982.0187421602786, -237.42310801393432]","[-5624.31901620209, -2697.8427901045297, -982.0187421602786, -237.42310801393978]"
82,People,"[-5869.82370174216, -2757.198567108014, 0, 0]","[-6115.328387282229, -2816.5543441114983, -982.0187421602786, -237.42310801393796]","[-6360.833072822299, -2875.9101211149828, -982.0187421602786, -237.42310801393796]","[-6606.337758362369, -2935.265898118467, -982.0187421602786, -237.42310801393614]","[-6771.80215, -2947.32782, -661.8575665505268, -48.24768752613272]","[-6832.52041, -2906.48716, -242.87303999999858, 163.36263999999937]","[-6811.78683, -2968.14296, 82.9343200000003, -246.6232]","[-6803.734866456693, -3027.678099212598, 32.207854173226224, -238.1405568503924]","[-6810.9106991338585, -3024.7542842519683, -28.703330708660385, 11.6952598425196]","[-6818.086531811024, -3021.8304692913384, -28.70333070866036, 11.69525984251959]","[-6825.262364488189, -3018.9066543307085, -28.70333070866036, 11.69525984251959]","[-6832.438197165355, -3015.982839370078, -28.703330708663998, 11.69525984252141]","[-6839.61402984252, -3013.0590244094487, -28.70333070866036, 11.695259842517771]","[-6846.789862519685, -3010.135209448819, -28.70333070866036, 11.69525984251959]","[-6853.96569519685, -3007.211394488189, -28.70333070866036, 11.69525984251959]","[-6861.141527874015, -3004.287579527559, -28.70333070866036, 11.69525984251959]"
83,People,"[-6868.317360551181, -3001.363764566929, 0, 0]","[-6877.47907, -3007.01026, -36.64683779527695, -22.58598173228347]","[-6848.87664, -3038.30773, 114.40971999999965, -125.1898799999999]","[-6754.6536, -3037.3867, 376.89216000000306, 3.6841199999998935]","[-6624.38448, -3037.73618, 521.0764799999997, -1.3979199999994307]","[-6512.64758, -2998.50498, 446.9475999999995, 156.92479999999887]","[-6379.62448, -2867.58006, 532.0923999999977, 523.6996800000015]","[-6214.92634, -2706.04902, 658.7925600000017, 646.1241599999994]","[-6017.50737, -2617.89607, 789.6758799999996, 352.6118000000009]","[-5791.58652, -2508.54038, 903.6834000000017, 437.42275999999947]","[-5568.5311, -2348.36039, 892.2216799999987, 640.7199600000004]","[-5355.64441, -2124.84607, 851.5467600000011, 894.0572799999991]","[-5129.316185747126, -1889.0368889655172, 905.3128970114958, 943.2367241379316]","[-4918.563329425288, -1673.9433631034483, 843.01142528735, 860.3741034482755]","[-4707.810473103448, -1458.8498372413794, 843.0114252873609, 860.3741034482755]","[-4497.057616781609, -1243.7563113793103, 843.0114252873573, 860.3741034482764]"
84,People,"[-4286.30476045977, -1028.6627855172414, 0, 0]","[-4075.5519041379303, -813.5692596551723, 843.0114252873573, 860.3741034482764]","[-3864.799047816092, -598.4757337931035, 843.0114252873536, 860.3741034482755]","[-3659.62534, -384.86521, 820.6948312643672, 854.4420951724139]","[-3534.87426, -173.701, 499.00432, 844.65684]","[-3395.6854, 70.18993, 556.7554400000008, 975.56372]","[-3228.85621, 275.70844, 667.3167599999997, 822.07404]","[-3046.61457, 448.75328, 728.9665599999989, 692.1793600000001]","[-2851.34761, 643.73764, 781.0678400000022, 779.9374400000008]","[-2723.02786, 844.62578, 513.2789999999986, 803.5525599999996]","[-2584.95824, 1067.8393, 552.2784800000009, 892.8540800000005]","[-2422.42835, 1245.24594, 650.1195599999992, 709.6265599999997]","[-2237.04129, 1391.58566, 741.5482400000001, 585.3588799999998]","[-2042.27499, 1531.95702, 779.0652000000009, 561.4854400000004]","[-1918.96539, 1684.98263, 493.2383999999993, 612.1024399999997]","[-1788.85045, 1865.68001, 520.4597600000006, 722.7895200000003]"
85,People,"[-1632.90042, 2023.50189, 0, 0]","[-1467.23458, 2122.58704, 662.6633599999996, 396.34059999999954]","[-1271.08122, 2205.026, 784.6134400000001, 329.7558399999998]","[-1119.36798, 2312.40204, 606.8529600000002, 429.5041600000004]","[-1014.09538, 2430.08437, 421.09040000000005, 470.72932000000037]","[-902.42953, 2542.07766, 446.6633999999999, 447.97315999999955]","[-772.09268, 2587.65766, 521.3474000000001, 182.3199999999997]","[-628.20522, 2605.45215, 575.5498399999997, 71.1779600000009]","[-517.19056, 2627.3579, 444.0586400000006, 87.62299999999966]","[-467.4033, 2654.30837, 199.14904, 107.80188000000089]","[-452.17946, 2669.369, 60.89535999999998, 60.242519999999786]","[-435.01787, 2677.98459, 68.64635999999996, 34.462359999999535]","[-426.40078, 2684.80385, 34.468360000000075, 27.277039999999033]","[-416.7281, 2687.18492, 38.690720000000056, 9.524280000001454]","[-406.85396, 2687.59022, 39.496560000000045, 1.6211999999995896]","[-399.5574, 2689.49971, 29.186239999999998, 7.637960000000021]"
86,People,"[-394.58071, 2691.89437, 0, 0]","[-391.4054, 2698.76782, 12.701240000000098, 27.493800000000192]","[-391.84716, 2705.28617, -1.7670399999999518, 26.07339999999931]","[-394.67364, 2711.52946, -11.305920000000015, 24.97316000000137]","[-400.05272, 2716.57347, -21.516320000000178, 20.176039999998466]","[-404.17231, 2714.74626, -16.47835999999984, -7.308839999999691]","[-402.79759, 2706.47872, 5.498879999999872, -33.070159999999305]","[-400.62385, 2694.03795, 8.694960000000037, -49.76308000000063]","[-395.46701, 2685.05245, 20.62735999999997, -35.941999999999126]","[-394.56163, 2684.25773, 3.621520000000146, -3.1788800000012998]","[-395.67535, 2684.21413, -4.454880000000003, -0.17439999999987776]","[-392.45167, 2685.83601, 12.894720000000007, 6.487520000000586]","[-388.38553, 2681.90454, 16.264559999999847, -15.725879999999961]","[-384.19399, 2672.26606, 16.766160000000127, -38.55392000000029]","[-376.8036, 2665.74186, 29.561559999999872, -26.096799999999348]","[-367.92815, 2668.54892, 35.5018, 11.228240000000369]"
87,People,"[-363.21913, 2674.09063, 0, 0]","[-361.83143, 2675.72723, 5.550799999999981, 6.546399999999267]","[-362.36124, 2675.29417, -2.1192399999999907, -1.732239999999365]","[-362.70149, 2675.59565, -1.3609999999998763, 1.205920000000333]","[-359.59114, 2681.62266, 12.44139999999993, 24.108039999999164]","[-359.1863, 2704.90296, 1.619359999999915, 93.12119999999959]","[-350.98708, 2769.99695, 32.7968800000001, 260.3759600000012]","[-339.41992, 2898.20235, 46.268640000000005, 512.8215999999993]","[-317.22609, 3030.31049, 88.77532000000005, 528.4325599999997]","[-250.24409, 3151.94273, 267.928, 486.52896000000146]","[-160.3469, 3321.43935, 359.58876, 677.9864799999996]","[-110.23597, 3446.46148, 200.44372000000004, 500.08851999999933]","[-102.48786, 3486.20271, 30.992439999999988, 158.96492000000035]","[-109.67058, 3491.69906, -28.730880000000013, 21.985399999999572]","[-120.0257, 3494.65906, -41.42048, 11.840000000000146]","[-129.67377, 3500.86932, -38.59227999999996, 24.84103999999934]"
88,People,"[-140.55046, 3505.04003, 0, 0]","[-150.78877, 3505.5634, -40.95324000000005, 2.093479999999545]","[-161.56868, 3482.78818, -43.119640000000004, -91.10087999999996]","[-168.08075, 3411.58364, -26.048279999999977, -284.8181600000007]","[-163.86575, 3329.95424, 16.860000000000014, -326.5175999999992]","[-161.8189, 3281.10386, 8.187399999999911, -195.40151999999944]","[-192.04555, 3246.69693, -120.90659999999991, -137.6277200000004]","[-231.10094, 3250.05118, -156.22156000000007, 13.416999999999462]","[-153.00408, 3353.23641, 312.38744000000037, 412.74092000000053]","[-55.53284, 3511.48413, 389.88496, 632.9908799999994]","[9.14933, 3604.77568, 258.72868, 373.1662000000015]","[48.97929, 3638.87542, 159.31984, 136.39895999999862]","[62.9454, 3647.46626, 55.86444, 34.363360000001194]","[11.67413, 3638.31073, -205.08508, -36.622119999999995]","[-92.70816, 3547.96637, -417.52916000000005, -361.3774400000002]","[-183.8224, 3288.66733, -364.4569599999999, -1037.1961599999995]"
89,People,"[-193.70892, 2994.57539, 0, 0]","[-237.91692, 2810.9137, -176.832, -734.6467599999996]","[-404.34045, 2661.80274, -665.6941199999999, -596.4438399999999]","[-647.84794, 2538.67195, -974.0299600000001, -492.52316000000064]","[-777.89176, 2350.05318, -520.1752799999999, -754.4750800000002]","[-965.01184, 2150.43246, -748.4803200000001, -798.4828799999996]","[-1178.37577, 1985.6729, -853.4557200000004, -659.0382399999999]","[-1436.33328, 1847.4875, -1031.8300399999998, -552.7416000000003]","[-1714.1317, 1670.25291, -1111.1936800000003, -708.9383600000008]","[-1945.14691, 1423.53276, -924.0608400000001, -986.8805999999995]","[-2192.2544, 1167.17034, -988.4299599999995, -1025.4496800000006]","[-2480.07054, 962.26315, -1151.2645600000014, -819.6287599999996]","[-2784.93604, 744.43233, -1219.4619999999995, -871.3232800000001]","[-2995.35969, 518.84639, -841.6945999999989, -902.3437599999997]","[-3203.23311, 257.65339, -831.4936800000014, -1044.7720000000002]","[-3442.26751, 19.59409, -956.1376, -952.2372]"
90,People,"[-3679.35741, -157.80154, 0, 0]","[-3940.70614, -370.91695, -1045.3949199999988, -852.46164]","[-4115.05875, -573.47128, -697.4104400000015, -810.21732]","[-4305.24611, -800.31774, -760.7494399999996, -907.3858399999999]","[-4541.42165, -987.20039, -944.7021600000007, -747.5306]","[-4803.20455, -1147.12555, -1047.1316000000006, -639.70064]","[-5038.16296, -1308.2904, -939.8336399999971, -644.6594000000005]","[-5245.81926, -1520.02439, -830.6252000000022, -846.9359599999998]","[-5479.58085, -1749.32611, -935.0463600000011, -917.2068800000005]","[-5646.064213965517, -1890.2528463793103, -665.9334558620685, -563.7069455172414]","[-5791.088393922414, -2023.0256793534484, -580.0967198275866, -531.0913318965522]","[-5936.112573879311, -2155.798512327586, -580.0967198275866, -531.0913318965513]","[-6081.136753836207, -2288.5713453017243, -580.0967198275866, -531.0913318965522]","[-6226.160933793103, -2421.344178275862, -580.096719827583, -531.0913318965504]","[-6371.18511375, -2554.11701125, -580.0967198275866, -531.0913318965522]","[-6516.2092937068965, -2686.889844224138, -580.0967198275866, -531.0913318965522]"
91,People,"[-6661.233473663793, -2819.662677198276, 0, 0]","[-6806.25765362069, -2952.435510172414, -580.0967198275866, -531.0913318965522]","[-6873.34617, -3030.82509, -268.3540655172401, -313.558319310343]","[-6827.9103, -3032.49502, 181.743480000001, -6.6797200000000885]","[-6728.4873997391305, -3021.7109864347826, 397.6916010434761, 43.13613426086886]","[-6619.290111913044, -3008.2219694782607, 436.7891513043469, 53.95606782608775]","[-6510.092824086956, -2994.732952521739, 436.7891513043505, 53.95606782608593]","[-6400.895536260869, -2981.2439355652173, 436.7891513043469, 53.95606782608775]","[-6291.698248434783, -2967.754918608696, 436.7891513043473, 53.95606782608598]","[-6182.500960608695, -2954.265901652174, 436.7891513043505, 53.95606782608775]","[-6073.303672782608, -2940.776884695652, 436.7891513043469, 53.95606782608775]","[-5964.106384956522, -2927.2878677391304, 436.7891513043469, 53.95606782608593]","[-5854.909097130435, -2913.7988507826085, 436.7891513043469, 53.95606782608775]","[-5745.711809304348, -2900.309833826087, 436.7891513043469, 53.95606782608593]","[-5636.514521478261, -2886.820816869565, 436.7891513043505, 53.95606782608775]","[-5527.317233652174, -2873.331799913044, 436.7891513043469, 53.95606782608411]"
92,People,"[-5418.119945826087, -2859.8427829565217, 0, 0]","[-5308.922658, -2846.353766, 436.7891513043469, 53.95606782608593]","[-5199.725370173913, -2832.8647490434782, 436.7891513043505, 53.95606782608775]","[-5090.528082347826, -2819.3757320869563, 436.7891513043469, 53.95606782608775]","[-4981.330794521739, -2805.886715130435, 436.7891513043469, 53.95606782608593]","[-4872.133506695653, -2792.397698173913, 436.7891513043469, 53.95606782608775]","[-4762.936218869565, -2778.9086812173914, 436.7891513043505, 53.95606782608593]","[-4653.738931043478, -2765.419664260869, 436.7891513043469, 53.956067826089566]","[-4544.541643217392, -2751.930647304348, 436.78915130434365, 53.95606782608416]","[-4435.344355391304, -2738.441630347826, 436.78915130435416, 53.95606782608775]","[-4326.147067565217, -2724.952613391304, 436.7891513043469, 53.95606782608775]","[-3989.8745, -2723.48009, 1345.0902702608691, 5.890093565216375]","[-3688.91627, -2677.78893, 1203.832919999999, 182.76463999999942]","[-3447.13157, -2603.56866, 967.1388000000006, 296.881080000001]","[-3155.86365, -2520.2106, 1165.071680000001, 333.4322400000001]","[-2904.81145, -2502.07232, 1004.2087999999985, 72.55311999999867]"
93,People,"[-2581.89335, -2473.08964, 0, 0]","[-2309.31049, -2395.5689, 1090.33144, 310.08295999999973]","[-2030.30633, -2291.3101, 1116.0166399999998, 417.03520000000026]","[-1741.79917, -2231.47764, 1154.0286399999995, 239.32984000000033]","[-1448.29374, -2241.48064, 1174.0217199999997, -40.012000000000626]","[-1137.63863, -2263.48138, 1242.6204400000006, -88.0029599999998]","[-873.23388, -2217.35272, 1057.6189999999997, 184.51464000000124]","[-566.20864, -2148.73041, 1228.1009600000002, 274.489239999999]","[-268.18382, -2138.76867, 1192.0992800000008, 39.8469600000008]","[68.02623, -2144.77817, 1344.8402, -24.038000000000466]","[380.62904, -2102.64914, 1250.41124, 168.51612000000023]","[663.99572, -1999.95733, 1133.4667200000001, 410.76724000000013]","[971.61514, -1866.14161, 1230.47768, 535.2628800000002]","[1269.95676, -1822.4846, 1193.3664800000001, 174.6280399999996]","[1593.35034, -1767.12666, 1293.5743199999997, 221.4317600000004]","[1849.80613, -1668.97163, 1025.82316, 392.6201199999996]"
94,People,"[2127.21778, -1540.15501, 0, 0]","[2432.82984, -1441.49872, 1222.4482399999997, 394.6251599999996]","[2720.72363, -1403.21667, 1151.5751600000003, 153.1282000000001]","[3043.9955, -1365.99854, 1293.0874800000001, 148.8725199999999]","[3325.37318, -1260.3205, 1125.5107200000002, 422.71216000000004]","[3662.28664, -1121.94395, 1347.653839999999, 553.5061999999998]","[3962.36272, -1056.56835, 1200.304320000001, 261.5024000000003]","[4262.48854, -1008.52371, 1200.5032800000008, 192.17855999999983]","[4547.21718, -928.32279, 1138.9145599999983, 320.80368000000027]","[4784.584865000001, -804.47038, 949.4707400000043, 495.4096400000003]","[5018.54815, -725.91743, 935.8531399999956, 314.21180000000004]","[5254.95664, -734.42732, 945.6339600000028, -34.039560000000165]","[5514.39426, -772.51327, 1037.7504799999988, -152.3438000000001]","[5759.13877, -770.80386, 978.9780399999981, 6.837640000000192]","[5964.20230814585, -755.2227441660202, 820.2541525834022, 62.32446333591906]","[6021.3990988750975, -753.3221149961211, 228.78716291698947, 7.602516679596647]"
95,People,"[6078.595889604345, -751.4214858262219, 0, 0]","[6135.792680333592, -749.5208566563227, 228.78716291698947, 7.602516679596647]","[6192.98947106284, -747.6202274864237, 228.78716291698947, 7.602516679596192]","[6250.186261792087, -745.7195983165245, 228.78716291698947, 7.602516679596647]","[6307.383052521334, -743.8189691466254, 228.78716291698947, 7.602516679596647]","[6364.579843250582, -741.9183399767262, 228.78716291698947, 7.602516679596647]","[6421.77663397983, -740.017710806827, 228.7871629169931, 7.602516679596647]","[6478.973424709077, -738.1170816369279, 228.78716291698947, 7.602516679596647]","[6536.170215438325, -736.2164524670287, 228.78716291698967, 7.602516679596654]","[6593.367006167572, -734.3158232971296, 228.78716291698947, 7.602516679596647]","[6650.563796896819, -732.4151941272305, 228.78716291698947, 7.602516679596192]","[6707.760587626067, -730.5145649573313, 228.78716291698947, 7.602516679596647]","[6764.957378355314, -728.6139357874322, 228.78716291698947, 7.602516679596647]","[6822.154169084562, -726.713306617533, 228.7871629169931, 7.602516679596647]","[6879.35095981381, -724.8126774476339, 228.78716291698947, 7.602516679596647]","[6936.547750543057, -722.9120482777347, 228.78716291698947, 7.602516679596647]"
96,People,"[6993.744541272305, -721.0114191078355, 0, 0]","[7050.941332001552, -719.1107899379365, 228.78716291698947, 7.602516679596192]","[7108.138122730799, -717.2101607680373, 228.78716291698947, 7.602516679596647]","[7165.334913460047, -715.3095315981382, 228.78716291698947, 7.602516679596647]","[7222.531704189294, -713.408902428239, 228.78716291698947, 7.602516679596647]","[7279.728494918541, -711.5082732583398, 228.78716291698947, 7.602516679596647]","[7336.925285647789, -709.6076440884407, 228.78716291698947, 7.602516679596647]","[7394.122076377037, -707.7070149185415, 228.7871629169931, 7.602516679596647]","[7451.318867106284, -705.8063857486425, 228.78716291698967, 7.602516679596199]","[7508.515657835532, -703.9057565787433, 228.78716291698947, 7.602516679596647]","[7565.712448564779, -702.0051274088441, 228.78716291698947, 7.602516679596647]","[7622.909239294026, -700.104498238945, 228.78716291698584, 7.602516679596647]","[7680.106030023275, -698.2038690690458, 228.78716291699675, 7.602516679596647]","[7737.302820752522, -696.3032398991467, 228.78716291698947, 7.602516679596647]","[7794.4996114817695, -694.4026107292475, 228.78716291698947, 7.602516679596647]","[7851.696402211017, -692.5019815593483, 228.78716291698947, 7.602516679596647]"
97,People,"[7908.893192940264, -690.6013523894492, 0, 0]","[7966.089983669512, -688.7007232195501, 228.78716291698947, 7.602516679596192]","[8023.286774398759, -686.800094049651, 228.78716291698947, 7.602516679596647]","[8080.483565128006, -684.8994648797518, 228.78716291698947, 7.602516679596647]","[8137.680355857254, -682.9988357098526, 228.78716291698947, 7.602516679596647]","[8194.877146586501, -681.0982065399535, 228.78716291698947, 7.602516679596647]","[8252.073937315748, -679.1975773700543, 228.78716291698947, 7.602516679596647]","[8309.270728044998, -677.2969482001552, 228.78716291699675, 7.602516679596647]","[8366.467518774243, -675.3963190302561, 228.7871629169824, 7.602516679596199]","[8423.664309503492, -673.495689860357, 228.78716291699675, 7.602516679596647]","[8480.861100232738, -671.5950606904578, 228.7871629169822, 7.602516679596647]","[8538.057890961987, -669.6944315205586, 228.78716291699675, 7.602516679596647]","[8595.254681691235, -667.7938023506595, 228.78716291698947, 7.602516679596647]","[8652.451472420482, -665.8931731807603, 228.78716291698947, 7.602516679596647]","[8709.64826314973, -663.9925440108611, 228.78716291698947, 7.602516679596647]","[8766.845053878977, -662.0919148409621, 228.78716291698947, 7.602516679596192]"
98,People,"[8824.041844608224, -660.1912856710629, 0, 0]","[8881.238635337471, -658.2906565011638, 228.78716291698947, 7.602516679596647]","[8820.35809, -750.83825, -243.52218134988652, -370.190373995345]","[8617.387473411763, -739.3780732941176, -811.8824663529449, 45.84070682352967]","[8411.580575372549, -688.7305223137255, -823.227592156858, 202.59020392156845]","[8205.773677333333, -638.0829713333333, -823.2275921568653, 202.5902039215689]","[7999.966779294117, -587.4354203529412, -823.2275921568616, 202.59020392156845]","[7794.159881254901, -536.787869372549, -823.2275921568653, 202.59020392156845]","[7588.352983215685, -486.1403183921568, -823.227592156866, 202.59020392156907]","[7382.54608517647, -435.4927674117647, -823.227592156858, 202.59020392156845]","[7176.739187137255, -384.8452164313725, -823.2275921568616, 202.5902039215689]","[6970.932289098038, -334.1976654509804, -823.2275921568653, 202.59020392156822]","[6765.125391058823, -283.5501144705882, -823.2275921568616, 202.5902039215689]","[6559.318493019608, -232.90256349019603, -823.2275921568616, 202.59020392156867]","[6353.511594980391, -182.25501250980392, -823.2275921568653, 202.59020392156845]","[6147.704696941177, -131.6074615294118, -823.227592156858, 202.59020392156845]"
99,People,"[5941.89779890196, -80.95991054901958, 0, 0]","[5736.090900862745, -30.31235956862747, -823.2275921568616, 202.59020392156845]","[5530.28400282353, 20.33519141176464, -823.2275921568616, 202.59020392156845]","[5324.477104784313, 70.98274239215687, -823.2275921568653, 202.5902039215689]","[5118.670206745098, 121.63029337254898, -823.2275921568616, 202.59020392156845]","[4912.863308705882, 172.2778443529412, -823.2275921568616, 202.5902039215689]","[4707.056410666666, 222.9253953333333, -823.2275921568653, 202.59020392156845]","[4485.75036, 272.13888, -885.2242026666645, 196.85393866666664]","[4229.81895, 312.59913, -1023.7256400000015, 161.84100000000026]","[3997.43737, 396.50962, -929.526319999999, 335.6419599999999]","[3741.11948, 477.60589, -1025.271560000001, 324.38508]","[3476.84206, 499.28763, -1057.1096799999996, 86.72695999999996]","[3189.66347, 437.0364, -1148.71436, -249.00491999999986]","[2860.1689, 331.1281, -1317.9782799999994, -423.6332]","[2546.73762, 292.67609, -1253.725120000001, -153.80804000000012]","[2208.61506, 221.89854, -1352.4902399999992, -283.11019999999996]"
100,People,"[1912.11726, 81.78699, 0, 0]","[1616.22578, -88.88099, -1183.56592, -682.67192]","[1301.69426, -207.85214, -1258.12608, -475.8846]","[976.19451, -293.9182, -1301.9989999999998, -344.2642400000001]","[638.11494, -389.35202, -1352.31828, -381.7352799999999]","[323.14191, -522.21987, -1259.8921200000002, -531.4714000000001]","[-30.63192, -643.95694, -1415.09532, -486.94828000000007]","[-372.98887, -683.27665, -1369.4278000000002, -157.27883999999995]","[-743.07765, -692.12953, -1480.355120000001, -35.41152000000014]","[-1060.8109, -741.75329, -1270.933, -198.4950399999998]","[-1399.70753, -810.53833, -1355.5865199999998, -275.1401599999999]","[-1715.33541, -830.18516, -1262.51152, -78.58732000000009]","[-2026.19982, -798.47035, -1243.4576400000005, 126.85923999999977]","[-2335.67064, -785.00141, -1237.883279999999, 53.875760000000355]","[-2600.82896, -840.10457, -1060.63328, -220.41264]","[-2895.27962, -926.63965, -1177.8026399999999, -346.14032]"
101,People,"[-3160.31699, -956.32197, 0, 0]","[-3439.92078, -985.11477, -1118.4151600000005, -115.17120000000023]","[-3713.63902, -1035.56924, -1094.8729600000006, -201.81788000000006]","[-3969.88292, -1123.10033, -1024.9755999999998, -350.1243599999998]","[-4241.73519, -1226.68955, -1087.4090800000013, -414.3568800000003]","[-4516.43648, -1259.92561, -1098.80516, -132.9442399999998]","[-4826.15194, -1281.89117, -1238.8618399999978, -87.86224000000038]","[-5072.005179376854, -1339.6267735509398, -983.4129575074185, -230.94241420375874]","[-5072.278796587537, -1319.0596929376854, -1.0944688427298397, 82.26832245301746]","[-5072.552413798219, -1298.492612324431, -1.0944688427298388, 82.26832245301739]","[-5072.826031008903, -1277.925531711177, -1.0944688427334768, 82.26832245301648]","[-5073.099648219585, -1257.3584510979229, -1.0944688427298388, 82.26832245301648]","[-5073.373265430268, -1236.7913704846687, -1.0944688427298388, 82.26832245301648]","[-5073.64688264095, -1216.2242898714144, -1.0944688427298388, 82.26832245301739]","[-5073.9204998516325, -1195.6572092581605, -1.0944688427298388, 82.26832245301557]","[-5074.194117062315, -1175.090128644906, -1.0944688427298388, 82.2683224530183]"
102,People,"[-5074.467734272997, -1154.5230480316518, 0, 0]","[-5074.74135148368, -1133.9559674183977, -1.0944688427298388, 82.26832245301648]","[-5075.014968694362, -1113.3888868051436, -1.0944688427298388, 82.26832245301648]","[-5075.288585905045, -1092.8218061918892, -1.0944688427298388, 82.26832245301739]","[-5075.562203115727, -1072.254725578635, -1.0944688427298388, 82.26832245301648]","[-5075.83582032641, -1051.687644965381, -1.0944688427298388, 82.26832245301648]","[-5076.109437537092, -1031.1205643521266, -1.0944688427298388, 82.26832245301739]","[-5076.383054747775, -1010.5534837388724, -1.0944688427298388, 82.26832245301694]","[-5076.656671958457, -989.9864031256182, -1.0944688427298397, 82.268322453017]","[-5076.93028916914, -969.419322512364, -1.0944688427334768, 82.26832245301648]","[-5077.203906379822, -948.8522418991098, -1.0944688427262008, 82.26832245301694]","[-5077.4775235905045, -928.2851612858556, -1.0944688427298388, 82.26832245301694]","[-5077.751140801187, -907.7180806726014, -1.0944688427298388, 82.26832245301648]","[-5078.024758011869, -887.1510000593472, -1.0944688427298388, 82.26832245301694]","[-5078.298375222552, -866.583919446093, -1.0944688427298388, 82.26832245301694]","[-5078.571992433234, -846.0168388328389, -1.0944688427298388, 82.26832245301648]"
103,People,"[-5078.845609643918, -825.4497582195846, 0, 0]","[-5079.1192268546, -804.8826776063304, -1.0944688427298388, 82.26832245301694]","[-5079.392844065283, -784.3155969930762, -1.0944688427298388, 82.26832245301694]","[-5079.666461275965, -763.7485163798219, -1.0944688427298388, 82.26832245301694]","[-5079.940078486648, -743.1814357665678, -1.0944688427334768, 82.26832245301648]","[-5080.21369569733, -722.6143551533136, -1.0944688427262008, 82.26832245301694]","[-5080.487312908012, -702.0472745400593, -1.0944688427298388, 82.26832245301694]","[-5080.760930118695, -681.4801939268052, -1.0944688427298388, 82.26832245301648]","[-5081.034547329377, -660.913113313551, -1.0944688427298397, 82.268322453017]","[-5081.30816454006, -640.3460327002967, -1.0944688427298388, 82.26832245301694]","[-5081.581781750742, -619.7789520870425, -1.0944688427298388, 82.26832245301694]","[-5081.855398961425, -599.2118714737884, -1.0944688427298388, 82.26832245301648]","[-5082.129016172107, -578.6447908605342, -1.0944688427298388, 82.26832245301694]","[-5082.40263338279, -558.0777102472799, -1.0944688427298388, 82.26832245301694]","[-5082.676250593472, -537.5106296340257, -1.0944688427298388, 82.26832245301694]","[-5082.949867804155, -516.9435490207716, -1.0944688427298388, 82.26832245301648]"
104,People,"[-4869.46737, -483.691, 0, 0]","[-4511.14509, -433.6847, 1433.2891200000013, 200.0251999999998]","[-4185.64365, -442.68616, 1302.00576, -36.00583999999981]","[-3837.89559, -456.48361, 1390.9922399999996, -55.189800000000105]","[-3541.20279, -432.55769, 1186.771200000001, 95.70368000000008]","[-3228.19116, -374.36157, 1252.0465199999999, 232.78448000000003]","[-2895.88559, -331.98593, 1329.22228, 169.5025599999999]","[-2560.28611, -323.26451, 1342.3979199999994, 34.88568000000009]","[-2228.80678, -296.99604, 1325.9173200000016, 105.07388000000002]","[-1929.93427, -208.11128, 1195.4900399999997, 355.53904]","[-1620.17747, -100.83493, 1239.0271999999995, 429.1054]","[-1301.96231, -43.64209, 1272.8606400000008, 228.77136]","[-945.40147, 17.53374, 1426.2433599999995, 244.70332000000002]","[-619.47343, 103.39646, 1303.71216, 343.45088]","[-307.42657, 249.75233, 1248.18744, 585.4234799999999]","[12.71666, 394.12428, 1280.57292, 577.4878]"
105,People,"[317.92919, 490.33141, 0, 0]","[638.02192, 599.57979, 1280.37092, 436.99352]","[891.42319, 760.36422, 1013.6050799999998, 643.1377200000002]","[1145.53243, 970.38811, 1016.43696, 840.0955599999998]","[1405.34712, 1128.57429, 1039.2587599999997, 632.7447200000001]","[1680.80669, 1272.45082, 1101.83828, 575.50612]","[1946.26204, 1439.43645, 1061.8214000000007, 667.9425199999996]","[2168.15291, 1614.10519, 887.5634799999989, 698.6749600000003]","[2431.80191, 1768.53141, 1054.5960000000023, 617.7048800000008]","[2695.60174, 1832.58946, 1055.1993199999997, 256.23219999999947]","[2976.41172, 1873.93939, 1123.23992, 165.39972000000034]","[3233.76463, 1944.56744, 1029.4116400000003, 282.5122000000001]","[3512.2748, 2002.69072, 1114.04068, 232.4931200000001]","[3809.8743, 2007.48192, 1190.3979999999992, 19.16479999999956]","[4065.70773, 1931.95686, 1023.3337200000005, -302.10023999999976]","[4367.72514, 1843.36821, 1208.069639999998, -354.35459999999966]"
106,People,"[4623.9566, 1821.76713, 0, 0]","[4817.147047824621, 1855.312107504216, 772.7617912984824, 134.1799100168646]","[5003.796665025295, 1893.147083052277, 746.5984688026947, 151.33990219224324]","[5190.44628222597, 1930.9820586003373, 746.598468802702, 151.33990219224142]","[5377.095899426644, 1968.817034148398, 746.5984688026947, 151.33990219224324]","[5563.745516627319, 2006.652009696459, 746.598468802702, 151.33990219224324]","[5750.395133827993, 2044.4869852445197, 746.5984688026947, 151.33990219224324]","[5937.0447510286685, 2082.3219607925803, 746.598468802702, 151.33990219224233]","[6123.694368229342, 2120.1569363406406, 746.5984688026954, 151.33990219224157]","[6310.343985430017, 2157.991911888701, 746.5984688026983, 151.33990219224142]","[6496.993602630691, 2195.8268874367623, 746.5984688026983, 151.33990219224506]","[6683.643219831366, 2233.6618629848226, 746.5984688026983, 151.33990219224142]","[6870.292837032041, 2271.4968385328834, 746.5984688026983, 151.33990219224324]","[7056.942454232716, 2309.331814080944, 746.598468802702, 151.33990219224142]","[7243.59207143339, 2347.166789629005, 746.5984688026947, 151.33990219224506]","[7430.241688634064, 2385.001765177066, 746.5984688026983, 151.33990219224324]"
107,People,"[7616.891305834739, 2422.836740725126, 0, 0]","[7803.540923035413, 2460.671716273187, 746.5984688026947, 151.33990219224324]","[7990.190540236088, 2498.506691821248, 746.598468802702, 151.33990219224324]","[8176.840157436763, 2536.341667369308, 746.5984688026983, 151.33990219224142]","[8363.489774637437, 2574.176642917369, 746.5984688026983, 151.33990219224324]","[8550.13939183811, 2612.01161846543, 746.5984688026947, 151.33990219224324]","[8736.789009038786, 2649.84659401349, 746.598468802702, 151.33990219224142]","[8923.438626239462, 2687.6815695615514, 746.598468802702, 151.33990219224506]","[9067.05217, 2698.05826, 574.4541750421563, 41.506761753793434]","[9073.82382, 2570.41401, 27.086599999995087, -510.5769999999993]","[9120.57289, 2449.54295, 186.9962799999994, -483.4842399999998]","[9151.24225, 2428.00163, 122.67743999999948, -86.16527999999926]","[9173.24584, 2501.61576, 88.01436000000103, 294.4565199999997]","[9136.70535, 2559.87731, -146.16195999999763, 233.04619999999886]","[8953.133032355889, 2483.295198120301, -734.2892705764461, -306.32844751879566]","[8748.59171030075, 2387.107008270677, -818.1652882205526, -384.752759398496]"
108,People,"[8544.050388245614, 2290.9188184210525, 0, 0]","[8339.509066190476, 2194.7306285714285, -818.1652882205526, -384.752759398496]","[8134.967744135338, 2098.5424387218045, -818.1652882205526, -384.752759398496]","[7930.4264220802, 2002.3542488721805, -818.1652882205526, -384.752759398496]","[7725.8851000250625, 1906.1660590225565, -818.165288220549, -384.752759398496]","[7521.343777969924, 1809.9778691729323, -818.1652882205526, -384.7527593984969]","[7316.802455914787, 1713.7896793233083, -818.165288220549, -384.752759398496]","[7112.261133859649, 1617.601489473684, -818.1652882205526, -384.7527593984969]","[6907.719811804511, 1521.41329962406, -818.1652882205533, -384.7527593984963]","[6703.178489749373, 1425.225109774436, -818.1652882205526, -384.752759398496]","[6498.637167694235, 1329.036919924812, -818.165288220549, -384.752759398496]","[6294.095845639098, 1232.848730075188, -818.165288220549, -384.752759398496]","[6089.55452358396, 1136.660540225564, -818.1652882205526, -384.752759398496]","[5885.013201528822, 1040.47235037594, -818.1652882205526, -384.752759398496]","[5582.84478, 922.07227, -1208.6736861152858, -473.60032150376037]","[5278.57592, 763.30561, -1217.0754400000005, -635.06664]"
109,People,"[5004.51851, 562.88043, 0, 0]","[4720.04862, 400.05812, -1137.8795600000012, -651.2892400000003]","[4426.11448, 302.2016, -1175.7365599999976, -391.42607999999996]","[4116.82429, 184.03191, -1237.1607600000025, -472.6787599999999]","[3862.77961, 6.23215, -1016.1787199999981, -711.1990400000001]","[3579.74431, -201.68697, -1132.1412, -831.67648]","[3284.63371, -342.55934, -1180.4424, -563.4894800000001]","[2945.91548, -473.6965, -1354.8729199999998, -524.54864]","[2674.26578, -637.55577, -1086.5988000000007, -655.4370800000007]","[2449.95836, -803.3338, -897.2296800000004, -663.1121199999998]","[2209.39156, -937.10901, -962.2672000000002, -535.1008400000001]","[1936.91407, -1013.1379, -1089.90996, -304.11555999999973]","[1629.88147, -1112.7425, -1228.1304, -398.4184000000005]","[1355.65665, -1259.88877, -1096.8992800000005, -588.5850799999998]","[1071.71716, -1415.27059, -1135.75796, -621.5272800000002]","[785.8539, -1529.03481, -1143.4530399999999, -455.0568800000001]"
110,People,"[497.20474, -1617.5319, 0, 0]","[190.65414, -1733.63941, -1226.2024000000001, -464.4300400000002]","[-43.00565, -1911.94135, -934.6391600000001, -713.2077600000002]","[-278.73497, -2111.75397, -942.9172799999999, -799.2504800000006]","[-513.2932, -2214.5708, -938.2329199999999, -411.267319999999]","[-774.03992, -2314.35241, -1042.9868800000004, -399.12644]","[-1001.57045, -2450.92761, -910.12212, -546.3008000000009]","[-1172.31129, -2591.76215, -682.9633600000002, -563.3381599999993]","[-1355.78516, -2748.05217, -733.8954799999999, -625.1600800000002]","[-1519.72283, -2827.89959, -655.7506800000001, -319.3896800000002]","[-1682.62804, -2901.96382, -651.6208400000005, -296.2569199999998]","[-1840.410338, -2967.231922, -631.1291919999994, -261.072408]","[-1912.88788, -3058.81167, -289.91016800000034, -366.31899200000043]","[-1934.48313, -3163.19721, -86.38100000000031, -417.54215999999906]","[-1973.65432, -3234.6301, -156.6847600000001, -285.7315600000002]","[-2016.90868, -3302.47145, -173.01743999999962, -271.3654000000006]"
111,People,"[-2081.6226, -3364.90921, 0, 0]","[-2117.41135, -3381.39115, -143.15499999999884, -65.92776000000049]","[-2109.37573, -3361.4209, 32.14247999999861, 79.8809999999994]","[-2131.01639, -3298.99532, -86.56263999999828, 249.70232000000033]","[-2186.59215, -3237.63372, -222.3030400000007, 245.44640000000072]","[-2195.61802, -3236.6763, -36.10347999999976, 3.829679999998916]","[-2148.35177, -3216.26296, 189.0649999999987, 81.65336000000025]","[-2063.25575, -3091.89598, 340.38408000000163, 497.46792000000096]","[-1953.30089, -2954.38346, 439.8194399999997, 550.0500799999995]","[-1808.98833, -2885.12161, 577.2502400000003, 277.04739999999947]","[-1583.62953, -2797.36711, 901.4351999999999, 351.01800000000003]","[-1346.81649, -2661.11838, 947.25216, 544.994920000001]","[-1143.79319, -2477.1107, 812.0931999999993, 736.0307199999988]","[-930.69096, -2274.29573, 852.4089200000003, 811.2598800000014]","[-689.346, -2165.01438, 965.3798400000001, 437.125399999999]","[-421.19684, -2057.0227, 1072.59664, 431.96672000000035]"
112,People,"[-168.80021, -1924.186, 0, 0]","[73.74333, -1745.97773, 970.17416, 712.8330799999994]","[332.13376, -1570.21399, 1033.56172, 703.0549600000004]","[577.67812, -1457.34347, 982.1774400000002, 451.48207999999977]","[866.78347, -1342.33271, 1156.4213999999997, 460.0430400000005]","[1122.10764, -1200.24461, 1021.2966799999999, 568.3523999999998]","[1381.36582, -1022.05102, 1037.0327200000002, 712.7743599999999]","[1656.1458, -863.56262, 1099.11992, 633.9535999999998]","[1930.96263, -761.79207, 1099.2673200000008, 407.0822000000006]","[2222.37827, -639.5839, 1165.6625600000007, 488.83268]","[2462.30912, -484.27467, 959.723399999999, 621.2369199999998]","[2719.36098, -295.78769, 1028.2074400000001, 753.9479200000001]","[2978.07623, -163.82351, 1034.8610000000008, 527.85672]","[3259.82239, -62.84638, 1126.9846399999988, 403.90851999999995]","[3546.13138, 41.70208, 1145.23596, 418.19384]","[3789.9743, 184.9415, 975.3716800000002, 572.95768]"
113,People,"[4047.41125, 360.676, 0, 0]","[4299.39997, 458.88492, 1007.9548800000011, 392.83568000000014]","[4569.05135, 544.71455, 1078.6055199999973, 343.31852000000003]","[4821.2012, 657.27252, 1008.5994000000028, 450.2318799999998]","[5035.2254, 814.70678, 856.0967999999993, 629.73704]","[5266.03183, 1000.57352, 923.2257199999985, 743.4669600000002]","[5476.22246, 1114.03378, 840.7625200000002, 453.8410399999998]","[5708.8164, 1225.72246, 930.375759999999, 446.7547199999999]","[5928.13584, 1368.87729, 877.2777600000016, 572.6193200000002]","[6094.307302857143, 1523.159692857143, 664.6858514285741, 617.1296114285724]","[6277.00311, 1689.05531, 730.7832285714248, 663.5824685714279]","[6458.23311, 1787.30059, 724.9200000000019, 392.9811200000004]","[6502.002020082305, 1829.7796954320988, 175.075640329218, 169.9164217283951]","[6474.4688014609055, 1845.616078919753, -110.1328744855964, 63.3455339506163]","[6446.9355828395055, 1861.4524624074077, -110.13287448560004, 63.34553395061903]","[6419.402364218106, 1877.2888458950615, -110.1328744855964, 63.34553395061539]"
114,People,"[6391.869145596707, 1893.125229382716, 0, 0]","[6364.335926975308, 1908.9616128703703, -110.1328744855964, 63.34553395061721]","[6336.802708353909, 1924.7979963580249, -110.1328744855964, 63.34553395061812]","[6309.26948973251, 1940.634379845679, -110.1328744855964, 63.3455339506163]","[6281.736271111111, 1956.4707633333333, -110.1328744855964, 63.34553395061721]","[6254.203052489712, 1972.307146820988, -110.1328744855964, 63.34553395061903]","[6226.669833868313, 1988.143530308642, -110.1328744855964, 63.3455339506163]","[6199.136615246914, 2003.9799137962964, -110.1328744855964, 63.34553395061721]","[6171.6033966255145, 2019.8162972839507, -110.1328744855965, 63.345533950617266]","[6144.070178004115, 2035.652680771605, -110.1328744855964, 63.34553395061721]","[6116.536959382716, 2051.489064259259, -110.1328744855964, 63.3455339506163]","[6089.003740761316, 2067.3254477469136, -110.13287448560004, 63.34553395061812]","[6061.470522139917, 2083.161831234568, -110.1328744855964, 63.34553395061812]","[6033.937303518518, 2098.998214722222, -110.1328744855964, 63.3455339506163]","[6006.404084897119, 2114.8345982098763, -110.1328744855964, 63.3455339506163]","[5978.87086627572, 2130.670981697531, -110.1328744855964, 63.34553395061812]"
115,People,"[5951.337647654321, 2146.5073651851853, 0, 0]","[5923.804429032922, 2162.3437486728394, -110.1328744855964, 63.3455339506163]","[5896.271210411523, 2178.180132160494, -110.1328744855964, 63.34553395061812]","[5868.737991790124, 2194.016515648148, -110.13287448559277, 63.3455339506163]","[5841.204773168724, 2209.8528991358025, -110.13287448560004, 63.34553395061812]","[5813.671554547325, 2225.6892826234566, -110.1328744855964, 63.3455339506163]","[5786.138335925925, 2241.525666111111, -110.13287448560004, 63.34553395061812]","[5758.605117304527, 2257.362049598765, -110.13287448559277, 63.3455339506163]","[5731.071898683127, 2273.19843308642, -110.13287448560014, 63.345533950619995]","[5703.538680061728, 2289.034816574074, -110.1328744855964, 63.34553395061448]","[5676.005461440329, 2304.8712000617284, -110.1328744855964, 63.34553395061812]","[5648.47224281893, 2320.7075835493824, -110.1328744855964, 63.3455339506163]","[5620.939024197531, 2336.543967037037, -110.1328744855964, 63.34553395061812]","[5593.405805576132, 2352.380350524691, -110.1328744855964, 63.3455339506163]","[5565.8725869547325, 2368.2167340123456, -110.1328744855964, 63.34553395061812]","[5538.339368333333, 2384.0531175, -110.1328744855964, 63.34553395061812]"
116,People,"[5510.806149711934, 2399.889500987654, 0, 0]","[5483.272931090535, 2415.7258844753087, -110.1328744855964, 63.34553395061812]","[5455.739712469136, 2431.562267962963, -110.1328744855964, 63.3455339506163]","[5240.30132, 2379.05726, -861.753569876546, -210.02003185185094]","[4937.56879, 2292.56653, -1210.9301199999973, -345.96291999999994]","[4659.43403, 2264.24751, -1112.5390399999997, -113.27607999999964]","[4337.09064, 2235.55763, -1289.37356, -114.75952000000143]","[3988.18436, 2186.92402, -1395.6251200000006, -194.53443999999945]","[3670.5904, 2089.35797, -1270.3758400000017, -390.26419999999996]","[3350.74631, 2000.99978, -1279.3763600000002, -353.4327599999997]","[3035.9705, 1976.65374, -1259.1032400000004, -97.38416000000052]","[2684.21674, 1962.43739, -1407.0150400000002, -56.86539999999968]","[2366.6357, 1899.16433, -1270.3241600000001, -253.09223999999995]","[2017.58242, 1793.57356, -1396.2131199999994, -422.3630800000001]","[1686.82826, 1756.578, -1323.0166399999998, -147.98224000000027]","[1346.51124, 1749.15912, -1361.2680799999998, -29.67551999999978]"
117,People,"[-1662.52717, -3672.41158, 0, 0]","[-1685.72578, -3682.71479, -92.79443999999967, -41.21284000000014]","[-1683.77044, -3707.80843, 7.821359999999913, -100.3745600000002]","[-1675.7402, -3729.92301, 32.120960000000196, -88.45831999999973]","[-1666.9153, -3736.29477, 35.29960000000028, -25.48703999999998]","[-1658.8535, -3740.01992, 32.24719999999979, -14.90060000000085]","[-1652.65313, -3745.74868, 24.801480000000083, -22.915039999999863]","[-1629.72855, -3766.26805, 91.69831999999951, -82.07747999999992]","[-1621.10945, -3779.42869, 34.476400000000496, -52.64256000000028]","[-1619.87202, -3781.79162, 4.9497199999996155, -9.451719999999113]","[-1621.52828, -3778.63946, -6.625039999999899, 12.608640000000378]","[-1615.59043, -3784.69021, 23.751400000000103, -24.20300000000134]","[-1622.72211, -3777.30098, -28.52671999999984, 29.5569200000009]","[-1624.20433, -3768.29763, -5.92888000000039, 36.01339999999982]","[-1616.32297, -3762.907, 31.525440000000344, 21.562519999999495]","[-1596.25897, -3752.90253, 80.2559999999994, 40.01788000000124]"
118,People,"[-1516.40359, -3691.40024, 0, 0]","[-1376.14188, -3578.64549, 561.04684, 451.01900000000023]","[-1269.47061, -3447.76044, 426.6850799999993, 523.5401999999995]","[-1206.10466, -3288.86928, 253.46380000000045, 635.5646400000005]","[-1159.08758, -3098.52292, 188.0683200000003, 761.38544]","[-1161.52417, -2925.22736, -9.746360000000095, 693.1822400000001]","[-1228.79234, -2771.66445, -269.0726800000002, 614.2516399999986]","[-1324.13454, -2643.34694, -381.3688000000002, 513.2700400000012]","[-1405.33697, -2512.18027, -324.8097200000005, 524.6666800000007]","[-1478.5354, -2394.29378, -292.79371999999967, 471.54595999999947]","[-1573.18373, -2343.62408, -378.59331999999995, 202.67879999999968]","[-1704.5208, -2369.64733, -525.3482800000002, -104.09299999999894]","[-1864.64013, -2395.82052, -640.47732, -104.69276000000173]","[-2054.45687, -2363.52016, -759.2669599999999, 129.20144000000073]","[-2282.15212, -2280.55934, -910.7810000000009, 331.84328000000096]","[-2514.30259, -2195.61719, -928.6018799999983, 339.7685999999994]"
119,People,"[-2752.55316, -2131.24824, 0, 0]","[-3007.71243, -2057.86782, -1020.6370800000004, 293.52167999999983]","[-3250.426, -1918.5802, -970.8542799999996, 557.1504799999993]","[-3465.11459, -1726.12501, -858.7543600000008, 769.8207600000005]","[-3652.28655, -1542.43994, -748.6878399999987, 734.74028]","[-3843.7899, -1365.32618, -766.0134000000016, 708.4550399999998]","[-4044.4784, -1163.61492, -802.753999999999, 806.8450400000002]","[-4184.5161, -947.16563, -560.1507999999994, 865.7971600000001]","[-4296.7381, -738.50774, -448.8879999999994, 834.6315600000006]","[-4446.73635, -532.53118, -599.9930000000022, 823.9062400000003]","[-4631.26143, -356.18438, -738.1003199999977, 705.3871999999999]","[-4837.8176, -206.26539, -826.224680000003, 599.6759599999999]","[-5045.52854, -3.13384, -830.8437599999997, 812.5262]","[-5243.442925243902, 226.85706097560976, -791.6575409756078, 919.963603902439]","[-5397.769995365854, 435.9355081300813, -617.3082804878068, 836.3137886178862]","[-5552.097065487806, 645.0139552845528, -617.3082804878068, 836.3137886178861]"
120,People,"[-5706.424135609756, 854.0924024390245, 0, 0]","[-5860.751205731707, 1063.170849593496, -617.3082804878031, 836.3137886178865]","[-6015.078275853659, 1272.2492967479675, -617.3082804878068, 836.3137886178856]","[-6169.4053459756105, 1481.327743902439, -617.3082804878068, 836.3137886178856]","[-6323.732416097561, 1690.4061910569103, -617.3082804878031, 836.3137886178856]","[-6478.059486219512, 1899.4846382113824, -617.3082804878031, 836.3137886178883]","[-6632.386556341464, 2108.5630853658536, -617.3082804878068, 836.3137886178847]","[-6736.81589, 2230.81292, -417.7173346341442, 488.9993385365851]","[-6721.65745, 2213.25543, 60.63376000000068, -70.22995999999881]","[-6617.01232, 2184.12186, 418.5805199999995, -116.53427999999985]","[-6507.56003, 2171.85073, 437.8091600000007, -49.08452000000034]","[-6442.12007, 2174.52733, 261.7598399999988, 10.706399999999121]","[-6415.70081, 2178.33509, 105.67703999999867, 15.231040000000576]","[-6418.04673, 2177.75119, -9.383679999999003, -2.3356000000003405]","[-6419.79095, 2178.87467, -6.976879999998346, 4.493920000000799]","[-6430.82943, 2182.1141, -44.15392000000065, 12.957719999998517]"
121,People,"[-6460.46681, 2187.70183, 0, 0]","[-6454.27188, 2213.33168, 24.779719999998633, 102.51939999999922]","[-6465.81364, 2258.61589, -46.16704000000027, 181.13684000000103]","[-6504.02589, 2272.29199, -152.84899999999834, 54.70440000000053]","[-6453.57121, 2235.18541, 201.8187199999993, -148.4263200000005]","[-6260.23531, 2150.46624, 773.3436000000002, -338.8766799999994]","[-6014.75344, 2026.62872, 981.9274799999985, -495.35008000000107]","[-5828.30598, 1861.16455, 745.7898400000013, -661.8566799999999]","[-5643.643513583815, 1660.9028061271677, 738.6498656647425, -801.0469754913299]","[-5450.645798265896, 1442.612462196532, 771.9908612716754, -873.1613757225423]","[-5257.648082947977, 1224.3221182658958, 771.9908612716754, -873.161375722545]","[-5064.650367630058, 1006.03177433526, 771.9908612716754, -873.1613757225432]","[-4871.652652312138, 787.7414304046242, 771.990861271679, -873.1613757225432]","[-4678.65493699422, 569.4510864739884, 771.9908612716717, -873.1613757225432]","[-4485.657221676301, 351.1607425433526, 771.990861271679, -873.1613757225432]","[-4276.46274, 157.33483, 836.7779267052028, -775.3036501734105]"
122,People,"[-4030.57775, -43.11916, 0, 0]","[-3801.39951, -268.89593, 916.7129599999989, -903.1070800000001]","[-3607.16387, -501.67875, 776.9425600000013, -931.1312799999998]","[-3428.21736, -723.3816, 715.786039999999, -886.8114000000003]","[-3254.84651, -914.47276, 693.483400000001, -764.3646399999998]","[-3061.8428, -1099.66022, 772.0148399999998, -740.74984]","[-2877.61182, -1302.83363, 736.9239199999993, -812.6936400000004]","[-2712.29415, -1518.09784, 661.2706799999996, -861.0568399999993]","[-2544.38607, -1739.71142, 671.6323200000012, -886.4543200000015]","[-2383.65634, -1922.57598, 642.9189200000001, -731.4582399999999]","[-2208.91205, -2094.21085, 698.9771600000004, -686.5394799999995]","[-2047.22516, -2327.84171, 646.7475599999998, -934.5234400000008]","[-1945.50563, -2583.56713, 406.8781199999994, -1022.901679999999]","[-1834.28337, -2843.44822, 444.88904, -1039.5243600000013]","[-1688.47203, -3082.55198, 583.2453600000008, -956.4150399999999]","[-1527.75911, -3320.6509, 642.8516799999998, -952.3956799999996]"
123,People,"[-1447.89487, -3459.67028, 0, 0]","[-1347.4097, -3587.17707, 401.9406800000006, -510.02716000000146]","[-1284.11778, -3628.86109, 253.16767999999956, -166.73607999999876]","[-1257.87713, -3649.69183, 104.96259999999984, -83.32296000000133]","[-1268.90086, -3623.45214, -44.09491999999955, 104.95876000000135]","[-1313.20026, -3550.19185, -177.19760000000042, 293.04115999999885]","[-1385.03261, -3476.5073, -287.3293999999996, 294.7381999999998]","[-1449.18195, -3425.91014, -256.59735999999975, 202.38864000000103]","[-1498.61471, -3393.3393, -197.73104000000075, 130.28335999999956]","[-1538.4144, -3360.15524, -159.1987599999993, 132.73624000000018]","[-1564.3334, -3338.90242, -103.67600000000039, 85.01128000000062]","[-1579.18098, -3328.7982, -59.39032000000043, 40.416879999998855]","[-1541.6011, -3334.73138, 150.31952, -23.732719999999972]","[-1503.38254, -3364.5082, 152.8742400000001, -119.10728000000017]","[-1485.44163, -3381.84557, 71.76364000000012, -69.34947999999895]","[-1473.81119, -3402.65857, 46.52176000000054, -83.25200000000041]"
124,People,"[-1482.83464, -3452.75085, 0, 0]","[-1532.45809, -3470.23199, -198.4938000000002, -69.92456000000129]","[-1532.77448, -3454.95597, -1.265559999999823, 61.10408000000098]","[-1500.97959, -3442.14789, 127.17956000000049, 51.23231999999916]","[-1478.53294, -3421.8981, 89.78659999999945, 80.99916000000121]","[-1527.9554, -3417.31574, -197.68984, 18.329439999999522]","[-1613.65416, -3512.29856, -342.79504, -379.9312800000007]","[-1669.71505, -3626.42935, -224.2435599999999, -456.5231599999988]","[-1721.77771, -3704.5038, -208.2506400000004, -312.29780000000056]","[-1751.92737, -3743.88898, -120.59864000000016, -157.54072000000087]","[-1756.00974, -3747.89654, -16.32947999999942, -16.03024000000005]","[-1758.8226, -3664.18707, -11.251440000000002, 334.83788000000095]","[-1701.98235, -3452.25978, 227.36099999999988, 847.7091600000003]","[-1620.79495, -3217.83909, 324.7496000000001, 937.6827599999997]","[-1569.7507, -2993.97487, 204.17699999999968, 895.4568799999997]","[-1584.85594, -2767.61288, -60.42095999999947, 905.4479599999995]"
125,People,"[-1643.84326, -2514.13424, 0, 0]","[-1706.24778, -2230.95383, -249.61807999999928, 1132.7216399999998]","[-1731.32172, -1959.91235, -100.29575999999997, 1084.1659199999995]","[-1725.43073, -1680.97631, 23.563959999999497, 1115.7441600000002]","[-1718.82672, -1384.90194, 26.416040000000066, 1184.2974800000002]","[-1693.17079, -1105.5887, 102.6237200000005, 1117.2529599999998]","[-1626.68622, -827.88711, 265.9382799999994, 1110.80636]","[-1491.24444, -583.29531, 541.7671200000004, 978.3672000000001]","[-1321.64647, -352.91153, 678.3918800000007, 921.5351200000006]","[-1188.11222, -120.85689, 534.1369999999997, 928.21856]","[-1060.17981, 115.69289, 511.72963999999956, 946.19912]","[-928.51483, 321.61752, 526.6599200000005, 823.69852]","[-767.96699, 511.56457, 642.1913599999998, 759.7882]","[-581.3801, 704.57178, 746.3475600000002, 772.02884]","[-436.23177, 914.47327, 580.59332, 839.6059599999999]","[-338.91427, 1160.90956, 389.27, 985.7451600000004]"
126,People,"[-258.80251, 1437.78749, 0, 0]","[-165.43975, 1696.4329, 373.4510399999999, 1034.5816400000003]","[-85.15143, 1946.49639, 321.15328, 1000.25396]","[-49.57027, 2200.26049, 142.32464000000002, 1015.0564000000004]","[-44.72754, 2390.01023, 19.370920000000012, 758.998959999999]","[-39.67843, 2562.30292, 20.196439999999996, 689.1707600000009]","[-22.80984, 2750.85188, 67.47435999999999, 754.1958400000003]","[-5.4921, 2972.75025, 69.27096, 887.5934799999995]","[-27.10416, 3146.57822, -86.44824000000007, 695.3118799999999]","[-60.85768, 3198.76428, -135.01408, 208.74424]","[-68.11672, 3194.02281, -29.036159999999995, -18.965879999999743]","[-26.59543, 3155.48718, 166.08516, -154.14251999999942]","[74.27773, 3049.92496, 403.49264000000005, -422.248880000001]","[156.80876, 2959.62233, 330.12412, -361.2105199999987]","[200.62816, 2915.19123, 175.2776, -177.72440000000097]","[226.41358, 2885.76778, 103.14167999999995, -117.6937999999991]"
127,People,"[218.89705, 2866.95533, 0, 0]","[199.45893, 2863.95246, -77.75247999999999, -12.01147999999921]","[194.57762, 2864.28836, -19.525240000000053, 1.3436000000001513]","[186.18845, 2865.95674, -33.55668000000003, 6.673520000000281]","[204.70491, 2855.97191, 74.0658400000001, -39.9393199999995]","[220.82074, 2865.32402, 64.46331999999995, 37.408439999999246]","[214.3735, 2901.17025, -25.788959999999975, 143.38492000000042]","[190.21327, 2966.14499, -96.64092000000005, 259.8989599999986]","[158.96007, 3047.71241, -125.01280000000008, 326.26968000000153]","[115.53246, 3112.34555, -173.71044, 258.53255999999965]","[60.23029, 3158.51807, -221.20868000000002, 184.6900800000003]","[52.93213, 3136.65464, -29.192639999999983, -87.45371999999952]","[158.41996, 3024.55825, 421.95132, -448.3855600000006]","[326.35733, 2878.00397, 671.74948, -586.2171199999993]","[465.93723, 2739.28488, 558.3196, -554.8763600000002]","[557.4431, 2597.94997, 366.02347999999984, -565.3396400000001]"
128,People,"[616.4862, 2426.86703, 0, 0]","[654.11692, 2234.47176, 150.52288, -769.5810799999999]","[669.06947, 2012.29689, 59.810199999999895, -888.6994799999993]","[652.83008, 1744.62518, -64.95756000000029, -1070.6868400000003]","[597.57119, 1466.81346, -221.0355599999998, -1111.2468799999997]","[475.24878, 1216.75705, -489.28963999999996, -1000.2256400000006]","[314.15337, 965.94995, -644.3816400000001, -1003.2284]","[181.7644, 704.69793, -529.55588, -1045.0080799999996]","[45.74079, 442.4455, -544.0944400000004, -1049.0097200000012]","[-107.58125, 195.7356, -613.28816, -986.8395999999999]","[-271.55475, -31.53736, -655.894, -909.09184]","[-440.19519, -252.24235, -674.56176, -882.8199599999999]","[-575.46763, -488.57589, -541.0897599999998, -945.3341600000001]","[-710.47433, -712.20868, -540.0268000000001, -894.5311599999998]","[-890.67948, -918.44258, -720.8206, -824.9356000000002]","[-1100.17632, -1093.14442, -837.9873600000001, -698.8073600000002]"
129,People,"[-1312.15689, -1254.57469, 0, 0]","[-1503.61542, -1442.45301, -765.8341200000004, -751.5132800000001]","[-1699.06364, -1651.78274, -781.79288, -837.3189200000006]","[-1925.8735, -1867.23502, -907.2394399999994, -861.8091199999999]","[-2161.86567, -2062.21402, -943.9686800000009, -779.9159999999993]","[-2395.71786, -2247.67365, -935.4087600000003, -741.8385200000012]","[-2598.83836, -2435.0613, -812.482, -749.5505999999987]","[-2824.79467, -2628.4168, -903.8252400000001, -773.4220000000005]","[-3092.9294, -2805.65801, -1072.53892, -708.9648400000012]","[-3393.32974, -2938.4425, -1201.6013600000006, -531.13796]","[-3674.42174, -3079.22537, -1124.3680000000004, -563.13148]","[-3932.26687, -3217.64998, -1031.3805199999988, -553.6984400000001]","[-4111.076885710956, -3313.4630665734267, -715.2400628438245, -383.25234629370607]","[-3749.631733904429, -3214.148732657343, 1445.7806072261083, 397.2573356643352]","[-3388.1865820979024, -3114.8343987412586, 1445.7806072261064, 397.257335664337]","[-3026.741430291376, -3015.520064825175, 1445.7806072261046, 397.2573356643352]"
130,People,"[-2665.2962784848487, -2916.205730909091, 0, 0]","[-2303.851126678322, -2816.891396993007, 1445.7806072261064, 397.2573356643352]","[-1942.4059748717957, -2717.577063076923, 1445.7806072261055, 397.257335664337]","[-1580.9608230652684, -2618.262729160839, 1445.7806072261092, 397.2573356643352]","[-1219.5156712587418, -2518.9483952447554, 1445.7806072261064, 397.2573356643352]","[-858.0705194522147, -2419.634061328671, 1445.7806072261083, 397.257335664337]","[-496.6253676456881, -2320.319727412588, 1445.7806072261067, 397.25733566433337]","[-135.18021583916152, -2221.0053934965035, 1445.7806072261062, 397.257335664337]","[226.2649359673651, -2121.6910595804197, 1445.7806072261078, 397.2573356643355]","[587.7100877738922, -2022.376725664336, 1445.7806072261083, 397.2573356643352]","[949.1552395804192, -1923.062391748252, 1445.7806072261083, 397.2573356643361]","[1310.6003913869454, -1823.748057832168, 1445.7806072261046, 397.2573356643361]","[1672.0455431934724, -1724.433723916084, 1445.7806072261083, 397.2573356643352]","[2033.4906949999995, -1625.11939, 1445.7806072261083, 397.2573356643361]","[2394.9358468065266, -1525.805056083916, 1445.7806072261083, 397.2573356643361]","[2756.3809986130527, -1426.4907221678322, 1445.7806072261046, 397.2573356643352]"
131,People,"[3117.82615041958, -1327.1763882517482, 0, 0]","[3479.271302226107, -1227.8620543356642, 1445.7806072261083, 397.2573356643361]","[3840.716454032633, -1128.5477204195804, 1445.7806072261046, 397.2573356643352]","[4202.161605839161, -1029.2333865034966, 1445.780607226112, 397.2573356643352]","[4563.606757645686, -929.9190525874128, 1445.780607226101, 397.2573356643352]","[4925.051909452213, -830.6047186713286, 1445.7806072261083, 397.257335664337]","[5286.49706125874, -731.2903847552448, 1445.7806072261083, 397.2573356643352]","[5647.942213065267, -631.976050839161, 1445.7806072261083, 397.2573356643352]","[6009.3873648717945, -532.6617169230767, 1445.7806072261096, 397.25733566433735]","[6370.832516678322, -433.3473830069929, 1445.7806072261083, 397.2573356643352]","[6732.277668484847, -334.0330490909091, 1445.780607226101, 397.2573356643352]","[7093.722820291374, -234.7187151748253, 1445.7806072261083, 397.2573356643353]","[7455.167972097901, -135.40438125874107, 1445.7806072261083, 397.2573356643369]","[7816.613123904428, -36.09004734265727, 1445.7806072261083, 397.2573356643352]","[8178.058275710955, 63.224286573426525, 1445.7806072261083, 397.2573356643352]","[8267.37914, 124.72427, 357.28345715617615, 245.99993370629392]"
132,People,"[8321.00585, 144.98803, 0, 0]","[6453.266146760563, -204.66293352112675, -7470.958812957746, -1398.603854084507]","[1214.41149887324, -1193.2371377464788, -20955.418591549293, -3954.296816901408]","[-4024.443149014085, -2181.811341971831, -20955.4185915493, -3954.2968169014093]","[-6404.309015, -2657.30811, -9519.463463943659, -1901.9870721126754]","[-6128.44946, -2666.06227, 1103.43822, -35.016639999999825]","[-5836.62325, -2660.15074, 1167.3048400000007, 23.646119999999428]","[-5520.39752, -2628.19693, 1264.9029199999968, 127.8152399999999]","[-5239.02907, -2549.54018, 1125.4738000000043, 314.6270000000007]","[-4955.14766, -2452.62616, 1135.5256399999998, 387.65608000000066]","[-4656.40525, -2360.03835, 1194.9696399999993, 370.35123999999996]","[-4358.57694, -2304.69691, 1191.3132399999995, 221.36575999999877]","[-4053.30284, -2227.85288, 1221.0964000000004, 307.3761200000008]","[-3763.20464, -2097.88428, 1160.3927999999996, 519.8743999999988]","[-3481.63981, -1976.6907, 1126.2593199999992, 484.77432000000044]","[-3183.01864, -1908.15063, 1194.4846800000014, 274.16028000000006]"
133,People,"[-2872.45079, -1871.36199, 0, 0]","[-2577.02272, -1803.29496, 1181.7122799999997, 272.26812000000064]","[-2296.5015, -1696.46604, 1122.0848800000003, 427.3156799999997]","[-2017.56061, -1591.18721, 1115.7635599999994, 421.1153199999999]","[-1722.237, -1521.59693, 1181.2944399999997, 278.3611200000005]","[-1423.77333, -1496.21627, 1193.8546800000004, 101.52264000000014]","[-1145.07902, -1440.16886, 1114.7772400000003, 224.1896399999996]","[-879.8421, -1386.61249, 1060.9476799999998, 214.22548000000006]","[-603.77425, -1336.70377, 1104.2714000000005, 199.63487999999978]","[-338.41074, -1312.97698, 1061.4540400000003, 94.90716000000066]","[-62.81765, -1323.04142, 1102.3723599999998, -40.25776000000042]","[211.49024, -1270.285, 1097.23156, 211.02567999999974]","[489.70036, -1178.39749, 1112.8404799999998, 367.5500400000001]","[767.67605, -1090.3, 1111.9027600000002, 352.3899600000004]","[1047.51155, -1040.62343, 1119.3419999999996, 198.70627999999942]","[1341.41237, -977.74346, 1175.6032800000003, 251.51988000000028]"
134,People,"[1623.83246, -876.18468, 0, 0]","[1899.87853, -764.48163, 1104.1842799999995, 446.81219999999985]","[2188.72264, -669.15794, 1155.37644, 381.29475999999977]","[2464.02457, -622.15359, 1101.2077200000003, 188.01740000000018]","[2733.88262, -604.11397, 1079.4321999999993, 72.15848000000005]","[2983.99154, -539.13667, 1000.4356800000005, 259.90920000000006]","[3211.65276, -460.45496, 910.6448799999998, 314.7268399999998]","[3421.61452, -407.78056, 839.8470400000006, 210.6976000000002]","[3622.78662, -404.10898, 804.6883999999998, 14.686320000000036]","[3835.46811, -452.19384, 850.7259599999998, -192.3394400000002]","[4043.93951, -502.12589, 833.8856000000014, -199.72820000000002]","[4237.39526, -498.63263, 773.8230000000003, 13.973040000000083]","[4452.40016, -467.6502, 860.0195999999996, 123.92972000000009]","[4691.18051, -435.97017, 955.1214, 126.72011999999995]","[4944.43373, -450.68128, 1013.0128799999984, -58.84444000000008]","[5206.2034, -453.18812, 1047.0786800000024, -10.027360000000044]"
135,People,"[5507.3932, -395.96196, 0, 0]","[5793.17411, -271.60628, 1143.123639999998, 497.4227199999998]","[6045.99278, -100.87961, 1011.2746799999986, 682.90668]","[6278.23027, 23.10776, 928.9499600000017, 495.94948]","[6485.95578, 175.42298, 830.9020400000009, 609.26088]","[6637.5043, 372.35316, 606.1940799999975, 787.72072]","[6772.71252, 582.59622, 540.8328800000018, 840.97224]","[6896.24306, 807.2055, 494.122159999999, 898.43712]","[7041.2905, 1005.84967, 580.1897600000017, 794.5766800000004]","[7198.83627, 1179.98766, 630.1830799999989, 696.5519600000002]","[7333.29894, 1401.33283, 537.8506799999996, 885.3806800000002]","[7422.52298, 1610.07245, 356.89616000000024, 834.9584799999993]","[7497.97255, 1823.4952, 301.7982800000027, 853.6910000000007]","[7603.04351, 2022.01059, 420.28384000000005, 794.0615600000001]","[7737.15638, 2165.62594, 536.4514799999997, 574.4613999999992]","[7860.109413305228, 2252.8963424114672, 491.8121332209121, 349.0816096458693]"
136,People,"[7875.460954620574, 2272.342747554806, 0, 0]","[7890.812495935919, 2291.789152698145, 61.40616526138183, 77.78562057335512]","[7906.164037251265, 2311.235557841484, 61.40616526138183, 77.78562057335694]","[7921.515578566611, 2330.6819629848237, 61.40616526138547, 77.78562057335876]","[7936.867119881957, 2350.128368128162, 61.40616526138183, 77.7856205733533]","[7952.218661197302, 2369.574773271501, 61.40616526138183, 77.78562057335512]","[7967.570202512647, 2389.02117841484, 61.40616526137819, 77.78562057335694]","[7982.921743827994, 2408.467583558179, 61.406165261389106, 77.78562057335512]","[7998.273285143339, 2427.9139887015176, 61.40616526138189, 77.78562057335519]","[8013.624826458685, 2447.360393844857, 61.40616526138183, 77.78562057335694]","[8028.976367774031, 2466.806798988196, 61.40616526138547, 77.78562057335694]","[8044.327909089377, 2486.2532041315344, 61.40616526138183, 77.7856205733533]","[8059.679450404722, 2505.6996092748736, 61.40616526138183, 77.78562057335694]","[8075.0309917200675, 2525.1460144182124, 61.40616526138183, 77.78562057335512]","[8090.382533035414, 2544.592419561552, 61.40616526138547, 77.78562057335876]","[8105.734074350759, 2564.0388247048904, 61.40616526138183, 77.7856205733533]"
137,People,"[8121.085615666105, 2583.485229848229, 0, 0]","[8136.437156981451, 2602.9316349915684, 61.40616526138547, 77.78562057335694]","[8151.788698296797, 2622.378040134907, 61.40616526138183, 77.78562057335512]","[8167.140239612142, 2641.824445278246, 61.40616526138183, 77.78562057335512]","[8182.491780927487, 2661.270850421585, 61.40616526137819, 77.78562057335512]","[8197.843322242834, 2680.717255564924, 61.406165261389106, 77.78562057335694]","[8213.19486355818, 2700.163660708263, 61.40616526138183, 77.78562057335512]","[8232.25631, 2715.13796, 76.24578576728527, 59.8971971669489]","[8195.51884, 2716.98025, -146.94988000000026, 7.369160000000199]","[8082.99973, 2713.29999, -450.07644000000073, -14.721040000000357]","[7913.41966, 2697.11849, -678.3202800000035, -64.72600000000057]","[7740.80364, 2642.74117, -690.4640799999979, -217.50928000000022]","[7535.1617, 2551.86217, -822.5677600000017, -363.5159999999996]","[7303.02747, 2469.15881, -928.5369199999986, -330.8134399999999]","[7050.56677, 2446.94261, -1009.8427999999985, -88.86479999999938]","[6760.72934, 2446.49778, -1159.349720000002, -1.7793199999996432]"
138,People,"[6482.00672, 2413.4267, 0, 0]","[6235.74575, 2335.57688, -985.0438800000011, -311.39927999999964]","[5987.13735, 2239.78462, -994.4336000000003, -383.1690400000007]","[5723.78875, 2156.38938, -1053.394400000001, -333.5809599999993]","[5422.84673, 2072.85323, -1203.768079999998, -334.1445999999996]","[5168.50873, 1910.25198, -1017.3520000000026, -650.4050000000007]","[4997.44574, 1676.85017, -684.2519599999978, -933.6072400000003]","[4827.83315, 1437.30161, -678.4503599999989, -958.1942399999998]","[4624.95252, 1232.47482, -811.5225200000029, -819.307160000001]","[4382.75466, 1028.84824, -968.7914400000009, -814.5063199999995]","[4119.10524, 860.7239, -1054.597679999999, -672.4973600000003]","[3861.10639, 705.69, -1031.9953999999998, -620.1355999999996]","[3631.43561, 576.54339, -918.6831199999997, -516.58644]","[3360.67837, 489.08931, -1083.0289599999996, -349.81632000000013]","[3082.56988, 421.20534, -1112.4339600000003, -271.53588000000013]","[2806.46753, 322.83557, -1104.4094000000005, -393.47907999999984]"
139,People,"[2496.74977, 200.37258, 0, 0]","[2172.35976, 117.79004, -1297.5600400000003, -330.33016]","[1823.06091, 6.79859, -1397.1953999999996, -443.9658]","[1488.92686, -131.68027, -1336.5361999999996, -553.91544]","[1154.96592, -289.52537, -1335.8437599999997, -631.3804]","[813.55319, -414.38578, -1365.6509200000005, -499.44164]","[490.32373, -477.68487, -1292.9178399999998, -253.1963599999999]","[172.01711, -525.72433, -1273.22648, -192.15784000000008]","[-87.42487, -626.05422, -1037.767920000001, -401.31956000000025]","[-391.15825, -725.24826, -1214.93352, -396.7761599999999]","[-729.07089, -787.23206, -1351.6505599999998, -247.93520000000035]","[-1056.57154, -820.48701, -1310.0025999999998, -133.01980000000003]","[-1346.62031, -883.65675, -1160.1950800000004, -252.67895999999973]","[-1630.58497, -978.94869, -1135.8586400000004, -381.16776000000027]","[-1923.79571, -1079.18464, -1172.84296, -400.94379999999956]","[-2214.19646, -1129.16303, -1161.603, -199.91355999999996]"
140,People,"[-2522.24299, -1172.165, 0, 0]","[-2814.88606, -1261.97098, -1170.5722799999985, -359.22392000000036]","[-3102.61141, -1353.86363, -1150.9014000000006, -367.5706]","[-3409.78834, -1427.40453, -1228.7077200000003, -294.16359999999986]","[-3729.48001, -1461.13984, -1278.7666800000006, -134.9412400000001]","[-4029.69358, -1507.21303, -1200.8542799999996, -184.29275999999936]","[-4301.98586, -1598.37659, -1089.1691199999987, -364.65424000000075]","[-4582.68477, -1704.92176, -1122.7956400000003, -426.1806799999995]","[-4871.94831, -1754.7788, -1157.0541600000008, -199.42816000000056]","[-5171.11942, -1801.99843, -1196.684440000001, -188.8785200000002]","[-5467.22306, -1866.073, -1184.414560000001, -256.29828]","[-5731.39066, -1969.65876, -1056.670399999999, -414.34303999999975]","[-6028.54891, -2076.12325, -1188.6330000000016, -425.8579600000003]","[-6316.48254, -2140.28801, -1151.7345199999982, -256.65904000000046]","[-6600.16798, -2199.48979, -1134.7417600000008, -236.8071199999995]","[-6845.18789, -2302.5579, -980.0796399999999, -412.2724399999988]"
141,People,"[-7031.8954, -2447.23466, 0, 0]","[-7166.687705575758, -2601.082297939394, -539.1692223030295, -615.3905517575749]","[-7163.697335373738, -2577.4713641010103, 11.961480808080523, 94.44373535353407]","[-7160.7069651717175, -2553.8604302626263, 11.961480808080523, 94.44373535353589]","[-7157.716594969697, -2530.2494964242424, 11.961480808080523, 94.44373535353589]","[-7154.726224767677, -2506.6385625858584, 11.961480808080523, 94.44373535353589]","[-7151.735854565657, -2483.027628747475, 11.961480808080523, 94.44373535353407]","[-7148.745484363637, -2459.416694909091, 11.961480808080523, 94.44373535353589]","[-7145.755114161616, -2435.805761070707, 11.961480808084172, 94.44373535353597]","[-7142.764743959596, -2412.1948272323234, 11.961480808080523, 94.44373535353407]","[-7139.774373757576, -2388.5838933939394, 11.961480808080523, 94.44373535353589]","[-7136.784003555556, -2364.9729595555555, 11.961480808076885, 94.44373535353589]","[-7133.793633353535, -2341.3620257171715, 11.961480808084161, 94.44373535353589]","[-7130.803263151515, -2317.751091878788, 11.961480808080523, 94.44373535353407]","[-7127.812892949495, -2294.140158040404, 11.961480808080523, 94.44373535353589]","[-7124.822522747475, -2270.52922420202, 11.961480808080523, 94.44373535353589]"
142,People,"[-7121.832152545455, -2246.9182903636365, 0, 0]","[-7118.841782343435, -2223.3073565252525, 11.961480808080523, 94.44373535353589]","[-7115.851412141415, -2199.6964226868686, 11.961480808080523, 94.44373535353589]","[-7112.861041939394, -2176.085488848485, 11.961480808080523, 94.44373535353407]","[-7109.870671737374, -2152.474555010101, 11.961480808080523, 94.44373535353589]","[-7049.50597, -2101.15017, 241.45880694949665, 205.29754004040478]","[-6835.34204, -1979.27517, 856.6557199999988, 487.5]","[-6610.06329, -1848.05567, 901.1150000000016, 524.8779999999997]","[-6423.01258, -1663.16662, 748.2028400000024, 739.5562000000007]","[-6217.78324, -1457.47485, 820.9173599999995, 822.7670799999996]","[-5999.6296, -1257.95379, 872.6145599999982, 798.0842400000001]","[-5801.63016, -1054.86298, 791.997760000002, 812.3632399999997]","[-5609.35443, -866.5896, 769.1029199999975, 753.0935200000004]","[-5432.37482, -672.86741, 707.9184400000013, 774.8887600000003]","[-5257.23311, -457.15309, 700.5668399999995, 862.8572799999997]","[-5061.94543, -254.65137, 781.1507200000015, 810.0068800000001]"
143,People,"[-4858.47483, -64.95668, 0, 0]","[-4692.9878, 90.56569, 661.9481200000009, 622.0894800000001]","[-4571.10731, 277.903, 487.5219599999982, 749.34924]","[-4427.05439, 482.52318, 576.2116800000003, 818.48072]","[-4250.24264, 674.5388, 707.2469999999994, 768.06248]","[-4044.00627, 844.39992, 824.9454800000021, 679.4444799999997]","[-3839.46255, 1010.7653, 818.1748799999987, 665.4615200000003]","[-3653.81688, 1193.70215, 742.5826800000013, 731.7474000000002]","[-3453.27202, 1386.48738, 802.1794400000006, 771.1409200000005]","[-3223.07383, 1571.31235, 920.7927600000003, 739.2998799999996]","[-3005.00516, 1733.2996, 872.2746799999986, 647.9490000000005]","[-2781.42506, 1893.75085, 894.3204000000005, 641.8049999999994]","[-2618.02156, 2047.32379, 653.6139999999996, 614.2917600000001]","[-2457.63008, 2198.53277, 641.5659200000009, 604.8359199999995]","[-2263.28695, 2365.58928, 777.372519999999, 668.2260400000014]","[-2061.91689, 2505.67197, 805.4802400000008, 560.3307599999989]"
144,People,"[-1871.11175, 2624.46131, 0, 0]","[-1729.1005, 2755.49521, 568.0450000000001, 524.1355999999996]","[-1612.27536, 2891.83841, 467.3005599999997, 545.3727999999992]","[-1477.81477, 3027.07358, 537.8423600000006, 540.9406800000015]","[-1317.05663, 3128.07407, 643.0325599999996, 404.0019599999996]","[-1175.36742, 3178.54228, 566.75684, 201.87284]","[-1059.69633, 3209.75235, 462.6843600000002, 124.84028000000035]","[-982.14786, 3256.22336, 310.1938799999998, 185.884039999999]","[-924.58844, 3299.62383, 230.23768000000038, 173.6018800000003]","[-906.60641, 3313.24517, 71.92812000000004, 54.48536000000058]","[-899.36841, 3310.84751, 28.95199999999977, -9.590640000000349]","[-917.08687, 3305.0469, -70.87383999999975, -23.202440000000934]","[-918.2551, 3312.11183, -4.672919999999976, 28.259720000000016]","[-918.6156, 3317.17458, -1.4420000000000073, 20.251000000000204]","[-920.70062, 3322.90704, -8.340079999999944, 22.929840000000695]","[-921.5066, 3325.53555, -3.223920000000362, 10.514040000000023]"
145,People,"[-919.76656, 3317.37874, 0, 0]","[-916.66511, 3305.74177, 12.4058, -46.54788000000008]","[-919.44215, 3301.37416, -11.10815999999977, -17.470440000000963]","[-914.38908, 3303.97682, 20.212279999999737, 10.410640000000058]","[-906.54147, 3304.19935, 31.390440000000126, 0.8901200000000244]","[-908.68732, 3306.83233, -8.583399999999983, 10.531920000001264]","[-911.72519, 3308.46374, -12.151479999999992, 6.525639999999839]","[-918.8051, 3316.2557, -28.319640000000163, 31.16784000000007]","[-921.17781, 3319.44006, -9.490839999999944, 12.73743999999898]","[-919.10535, 3319.20059, 8.289839999999913, -0.9578799999999319]","[-910.03903, 3313.39277, 36.265280000000075, -23.23127999999997]","[-907.35152, 3309.3617, 10.750039999999899, -16.12428]","[-910.00154, 3308.25792, -10.600079999999707, -4.415119999999661]","[-907.47333, 3305.0118, 10.112839999999778, -12.984479999999166]","[-903.84225, 3300.16243, 14.524319999999989, -19.39748000000145]","[-904.77802, 3295.52892, -3.743079999999736, -18.53403999999864]"
146,People,"[-902.38331, 3289.53571, 0, 0]","[-898.57926, 3282.93757, 15.216200000000299, -26.39256000000023]","[-898.91625, 3271.90939, -1.3479600000000573, -44.11272000000099]","[-915.32925, 3266.23494, -65.65200000000004, -22.697799999999916]","[-924.304, 3265.60322, -35.89899999999989, -2.526879999999437]","[-928.0532, 3260.86018, -14.996799999999894, -18.97215999999935]","[-949.41402, 3251.42993, -85.44328000000041, -37.72100000000137]","[-971.85528, 3239.18732, -89.76503999999977, -48.970439999999144]","[-983.84376, 3229.20444, -47.95391999999997, -39.93152000000013]","[-980.09397, 3217.21987, 14.999159999999847, -47.938280000000304]","[-973.55361, 3210.6886, 26.161439999999857, -26.125079999999798]","[-950.42216, 3215.52225, 92.52580000000034, 19.334600000000137]","[-924.01555, 3253.86877, 105.62644, 153.38608000000022]","[-884.74284, 3278.98318, 157.09083999999984, 100.45764000000054]","[-845.21553, 3310.18455, 158.10924000000023, 124.80547999999908]","[-826.94012, 3322.86956, 73.10163999999986, 50.74004000000059]"
147,People,"[-839.49643, 3329.07386, 0, 0]","[-853.92695, 3319.49643, -57.722080000000005, -38.30971999999929]","[-859.26809, 3309.0167, -21.364559999999983, -41.91892000000007]","[-853.92393, 3303.26365, 21.376639999999952, -23.01220000000103]","[-844.49133, 3304.59223, 37.73040000000037, 5.314320000001317]","[-832.49333, 3305.65623, 47.991999999999734, 4.255999999999403]","[-835.3661, 3316.38811, -11.491079999999783, 42.92751999999928]","[-852.97434, 3307.65647, -70.4329600000001, -34.92655999999988]","[-871.4435, 3285.14126, -73.87664000000002, -90.06084000000018]","[-856.08636, 3269.40549, 61.428559999999834, -62.9430799999991]","[-836.5673, 3239.6819, 78.07623999999987, -118.89436000000023]","[-848.57576, 3175.10031, -48.0338399999996, -258.32636000000093]","[-938.04307, 3100.6357, -357.86924, -297.85844]","[-1026.01224, 3026.27315, -351.8766800000003, -297.4501999999993]","[-1130.99818, 2939.9838, -419.9437600000001, -345.15740000000005]","[-1232.73889, 2822.50043, -406.96284000000014, -469.9334799999997]"
148,People,"[-1330.88102, 2666.91895, 0, 0]","[-1484.50998, 2527.43146, -614.51584, -557.9499600000017]","[-1684.18078, 2405.43798, -798.6831999999995, -487.97391999999854]","[-1910.55018, 2274.9909, -905.4776000000002, -521.7883200000015]","[-2133.83123, 2135.89396, -893.1241999999993, -556.3877599999996]","[-2397.47171, 1973.41829, -1054.56192, -649.9026799999992]","[-2676.6083, 1841.48421, -1116.5463600000003, -527.73632]","[-2958.61687, 1698.96849, -1128.0342799999999, -570.0628800000004]","[-3236.38574, 1516.99458, -1111.0754800000022, -727.8956400000004]","[-3478.26187, 1314.78147, -967.5045199999986, -808.8524400000006]","[-3706.98218, 1117.71439, -914.8812400000006, -788.2683199999992]","[-3981.5292, 951.53268, -1098.18808, -664.7268400000003]","[-4247.79163, 776.35265, -1065.049719999999, -700.72012]","[-4488.17886, 584.9316, -961.5489200000011, -765.6842000000001]","[-4670.58186, 384.97913, -729.612000000001, -799.80988]","[-4865.76141, 153.55953, -780.7181999999993, -925.6784]"
149,People,"[-5113.53422, -59.30465, 0, 0]","[-5350.53556, -277.46849, -948.0053600000028, -872.6553599999999]","[-5519.6493375, -500.143360625, -676.455109999999, -890.6994825000002]","[-5683.60902125, -729.5097975, -655.8387350000012, -917.4657474999999]","[-5901.87964, -970.96461, -873.0824749999992, -965.81925]","[-6136.25526, -1172.37657, -937.5024799999992, -805.6478399999996]","[-6380.51301, -1378.993, -977.030999999999, -826.4657200000001]","[-6587.18142, -1621.95292, -826.6736400000009, -971.83968]","[-6784.51809, -1876.88704, -789.3466799999994, -1019.7364800000014]","[-6982.98086, -2105.69506, -793.8510800000004, -915.2320799999998]","[-7128.774809869158, -2272.70565682243, -583.175799476634, -668.042387289719]","[-7133.929850990654, -2278.024726915888, -20.62016448598297, -21.276280373833288]","[-7139.08489211215, -2283.343797009345, -20.62016448598297, -21.27628037382783]","[-7144.2399332336445, -2288.662867102804, -20.62016448597933, -21.276280373835107]","[-7149.39497435514, -2293.9819371962617, -20.62016448598297, -21.27628037383147]","[-7154.550015476635, -2299.30100728972, -20.62016448597933, -21.276280373833288]"
150,People,"[-7159.705056598131, -2304.620077383177, 0, 0]","[-7164.860097719626, -2309.9391474766358, -20.62016448597933, -21.276280373835107]","[-7170.015138841121, -2315.2582175700936, -20.62016448598297, -21.27628037383147]","[-7175.170179962617, -2320.5772876635515, -20.62016448598297, -21.27628037383147]","[-7180.325221084112, -2325.8963577570094, -20.62016448597933, -21.27628037383147]","[-7185.480262205608, -2331.215427850467, -20.62016448598297, -21.27628037383147]","[-7190.635303327103, -2336.534497943925, -20.62016448598297, -21.27628037383147]","[-7195.790344448598, -2341.853568037383, -20.62016448597933, -21.27628037383147]","[-7200.945385570093, -2347.1726381308413, -20.62016448597935, -21.276280373833306]","[-7206.100426691589, -2352.491708224299, -20.62016448598297, -21.27628037383147]","[-7211.255467813085, -2357.810778317757, -20.62016448598297, -21.27628037383147]","[-7216.410508934579, -2363.129848411215, -20.62016448597933, -21.27628037383147]","[-7221.565550056075, -2368.4489185046727, -20.62016448598297, -21.27628037383147]","[-7226.72059117757, -2373.767988598131, -20.62016448597933, -21.276280373833288]","[-7231.875632299066, -2379.087058691589, -20.62016448598297, -21.27628037383147]","[-7237.030673420561, -2384.406128785047, -20.62016448597933, -21.27628037383147]"
151,People,"[-7104.635670422535, -2293.5762908450706, 0, 0]","[-6821.90148556338, -2251.367921126761, 1130.93673943662, 168.83347887323907]","[-6539.167300704225, -2209.159551408451, 1130.93673943662, 168.83347887323907]","[-6256.433115845071, -2166.951181690141, 1130.9367394366163, 168.8334788732409]","[-5973.698930985916, -2124.742811971831, 1130.93673943662, 168.83347887323907]","[-5690.9647461267605, -2082.5344422535213, 1130.9367394366236, 168.83347887323907]","[-5408.2305612676055, -2040.3260725352116, 1130.93673943662, 168.83347887323907]","[-5125.4963764084505, -1998.1177028169016, 1130.93673943662, 168.83347887323998]","[-4842.762191549296, -1955.909333098592, 1130.9367394366172, 168.8334788732383]","[-4560.0280066901405, -1913.7009633802816, 1130.9367394366236, 168.8334788732418]","[-4277.293821830986, -1871.492593661972, 1130.9367394366163, 168.83347887323816]","[-3994.559636971831, -1829.284223943662, 1130.9367394366218, 168.83347887323998]","[-3680.66049, -1788.77413, 1255.596587887323, 162.04037577464806]","[-3384.22641, -1749.97502, 1185.73632, 155.1964399999997]","[-3084.82986, -1692.50835, 1197.5862000000016, 229.8666800000001]","[-2778.15452, -1612.73099, 1226.701359999999, 319.1094400000002]"
152,People,"[-2463.86575, -1592.72633, 0, 0]","[-2140.47139, -1609.20729, 1293.5774399999991, -65.92384000000038]","[-1852.34609, -1593.72514, 1152.5012000000006, 61.92860000000019]","[-1575.25886, -1567.6734, 1108.3489200000004, 104.20696000000044]","[-1284.90518, -1552.85199, 1161.4147199999998, 59.28564000000006]","[-1001.70593, -1540.64211, 1132.797, 48.83951999999954]","[-708.41879, -1515.06963, 1173.14856, 102.28992000000017]","[-395.58723, -1449.1937, 1251.3262399999999, 263.5037199999997]","[-88.43755, -1362.08825, 1228.598720000001, 348.42180000000036]","[200.7857, -1295.65391, 1156.893, 265.7373600000001]","[484.34425, -1243.83903, 1134.2341999999999, 207.2595199999996]","[785.2353, -1202.54675, 1203.5642000000003, 165.16912000000048]","[1080.2249, -1125.82205, 1179.9583999999995, 306.89879999999994]","[1367.73228, -1028.39154, 1150.02952, 389.72203999999965]","[1648.99369, -954.60744, 1125.0456400000003, 295.1364000000003]","[1952.40186, -904.9324, 1213.6326799999997, 198.70015999999987]"
153,People,"[2251.92855, -794.00482, 0, 0]","[2553.71022, -668.01048, 1207.1266799999994, 503.97735999999986]","[2863.08401, -556.97321, 1237.4951600000004, 444.14908000000014]","[3167.72873, -479.4722, 1218.5788799999991, 310.00404000000003]","[3493.7053, -427.68401, 1303.906280000001, 207.15275999999994]","[3797.17644, -331.55877, 1213.8845600000004, 384.5009600000001]","[4098.82268, -251.53705, 1206.5849600000001, 320.08687999999995]","[4389.0835, -238.28737, 1161.043279999998, 52.998719999999935]","[4675.09828, -249.39081, 1144.0591200000026, -44.413759999999954]","[4947.79089, -243.60938, 1090.7704400000002, 23.12572]","[5077.346431371841, -226.4423777689531, 518.2221654873647, 68.66800892418757]","[5135.596714765343, -223.17457740794225, 233.0011335740055, 13.071201444043368]","[5193.846998158845, -219.9067770469314, 233.00113357400915, 13.071201444043368]","[5252.097281552346, -216.63897668592057, 233.0011335740055, 13.071201444043368]","[5310.347564945849, -213.37117632490973, 233.00113357400915, 13.071201444043368]","[5368.59784833935, -210.1033759638989, 233.0011335740055, 13.071201444043254]"
154,People,"[5426.848131732852, -206.8355756028881, 0, 0]","[5485.098415126354, -203.56777524187729, 233.0011335740055, 13.071201444043254]","[5543.348698519856, -200.29997488086644, 233.00113357400915, 13.071201444043368]","[5601.598981913357, -197.0321745198556, 233.0011335740055, 13.071201444043368]","[5659.849265306859, -193.7643741588448, 233.0011335740055, 13.071201444043254]","[5718.099548700361, -190.49657379783395, 233.00113357400915, 13.071201444043368]","[5776.349832093863, -187.2287734368231, 233.00113357400915, 13.071201444043368]","[5834.600115487365, -183.9609730758123, 233.0011335740055, 13.071201444043254]","[5892.850398880866, -180.69317271480145, 233.0011335740057, 13.07120144404338]","[5951.100682274368, -177.42537235379064, 233.00113357400915, 13.071201444043254]","[6009.350965667871, -174.1575719927798, 233.00113357400915, 13.071201444043368]","[6067.601249061372, -170.88977163176895, 233.0011335740055, 13.071201444043368]","[6125.851532454873, -167.62197127075814, 233.0011335740055, 13.071201444043254]","[6184.101815848376, -164.3541709097473, 233.00113357400915, 13.071201444043368]","[6242.352099241878, -161.08637054873645, 233.00113357400915, 13.071201444043368]","[6300.602382635379, -157.81857018772564, 233.0011335740055, 13.071201444043254]"
155,People,"[6358.852666028881, -154.55076982671483, 0, 0]","[6417.102949422383, -151.282969465704, 233.00113357400915, 13.071201444043254]","[6475.353232815884, -148.01516910469314, 233.0011335740055, 13.071201444043481]","[6533.603516209387, -144.74736874368233, 233.00113357400915, 13.071201444043254]","[6591.853799602888, -141.4795683826715, 233.0011335740055, 13.071201444043368]","[6650.10408299639, -138.21176802166065, 233.00113357400915, 13.071201444043368]","[6708.354366389892, -134.94396766064983, 233.0011335740055, 13.071201444043254]","[6766.604649783394, -131.67616729963902, 233.00113357400915, 13.071201444043254]","[6824.854933176895, -128.40836693862815, 233.0011335740057, 13.071201444043494]","[6883.105216570398, -125.14056657761734, 233.00113357400915, 13.071201444043254]","[6941.355499963899, -121.87276621660652, 233.0011335740055, 13.071201444043254]","[6999.605783357401, -118.60496585559568, 233.00113357400915, 13.071201444043368]","[7057.856066750903, -115.33716549458484, 233.0011335740055, 13.071201444043368]","[7116.106350144405, -112.06936513357402, 233.00113357400915, 13.071201444043254]","[7174.356633537906, -108.80156477256318, 233.0011335740055, 13.071201444043368]","[7232.606916931409, -105.53376441155235, 233.00113357400915, 13.07120144404331]"
156,People,"[7290.85720032491, -102.26596405054153, 0, 0]","[7349.1074837184115, -98.99816368953068, 233.0011335740055, 13.071201444043368]","[7407.357767111914, -95.73036332851989, 233.00113357400915, 13.071201444043197]","[7465.608050505416, -92.46256296750904, 233.00113357400915, 13.071201444043368]","[7523.858333898917, -89.19476260649822, 233.0011335740055, 13.07120144404331]","[7582.108617292419, -85.92696224548737, 233.0011335740055, 13.071201444043368]","[7640.358900685921, -82.65916188447656, 233.00113357400915, 13.071201444043254]","[7698.609184079423, -79.39136152346572, 233.00113357400915, 13.071201444043368]","[7756.859467472925, -76.12356116245488, 233.0011335740057, 13.07120144404338]","[7815.109750866426, -72.85576080144406, 233.0011335740055, 13.071201444043254]","[7873.360034259928, -69.58796044043322, 233.00113357400915, 13.071201444043368]","[7931.610317653431, -66.32016007942241, 233.00113357400915, 13.071201444043254]","[7989.860601046932, -63.052359718411566, 233.0011335740055, 13.071201444043368]","[8048.110884440433, -59.78455935740072, 233.0011335740055, 13.071201444043396]","[8106.361167833936, -56.51675899638991, 233.00113357400915, 13.071201444043226]","[8164.611451227438, -53.24895863537907, 233.00113357400915, 13.071201444043368]"
157,People,"[8222.86173462094, -49.981158274368255, 0, 0]","[8273.28488, -45.43748, 201.69258151623944, 18.174713097473017]","[8287.41142, -38.96353, 56.506160000004456, 25.89580000000001]","[8273.80674, -23.6509, -54.418720000001485, 61.250519999999995]","[8238.06417, 29.20542, -142.97028000000137, 211.42528]","[8155.57056, 96.75266, -329.97443999999814, 270.18896]","[8016.27769, 137.5181, -557.1714800000009, 163.06176]","[7813.16799, 135.69965, -812.4387999999999, -7.273800000000051]","[7566.53071, 129.86205, -986.5491200000006, -23.350399999999944]","[7319.114966666667, 186.35756666666668, -989.662973333332, 225.9820666666667]","[7071.513760317461, 248.0487531746032, -990.4048253968249, 246.76474603174609]","[6814.19425, 299.14685, -1029.2780412698448, 204.39238730158706]","[6541.8586, 318.75336, -1089.3426, 78.42604000000006]","[6257.97011, 331.07186, -1135.5539599999975, 49.274000000000115]","[5985.801726250001, 388.755925, -1088.673534999998, 230.7362599999999]","[5725.848096041667, 448.08844583333337, -1039.8145208333335, 237.3300833333335]"
158,People,"[5465.894465833333, 507.4209666666667, 0, 0]","[5205.940835625, 566.7534875, -1039.8145208333335, 237.33008333333328]","[4932.38079, 573.50726, -1094.240182499998, 27.015089999999873]","[4668.74741, 596.43017, -1054.5335200000009, 91.69164]","[4377.17905, 627.39224, -1166.2734400000008, 123.84828000000016]","[4078.55975, 642.82735, -1194.4771999999994, 61.740440000000035]","[3793.91567, 632.84916, -1138.5763200000001, -39.91276000000016]","[3474.11377, 595.6471, -1279.2075999999997, -148.80823999999984]","[3183.52745, 605.82343, -1162.3452800000007, 40.705320000000064]","[2892.91279, 636.21033, -1162.4586400000007, 121.54759999999987]","[2615.52111, 627.61559, -1109.566719999999, -34.378960000000006]","[2345.89782, 592.60107, -1078.49316, -140.0580799999998]","[2066.70271, 545.12108, -1116.7804400000005, -189.91996000000017]","[1771.19335, 548.53982, -1182.03744, 13.674959999999828]","[1470.54905, 555.65805, -1202.5771999999997, 28.47292000000016]","[1183.66219, 510.51382, -1147.5474400000003, -180.57691999999997]"
159,People,"[880.8744, 412.59176, 0, 0]","[592.62195, 316.09474, -1153.0098000000003, -385.9880800000001]","[297.29365, 251.08101, -1181.3131999999998, -260.05492000000004]","[-16.64793, 206.14132, -1255.76632, -179.75875999999994]","[-289.06391, 103.03326, -1089.6639200000002, -412.43224000000004]","[-561.15294, -12.1714, -1088.3561199999997, -460.81864]","[-876.48565, -111.65479, -1261.33084, -397.93356]","[-1215.13394, -140.63872, -1354.59316, -115.93572]","[-1535.39425, -147.92261, -1281.0412400000016, -29.135559999999966]","[-1837.32808, -177.40546, -1207.7353199999998, -117.93140000000005]","[-2145.4093, -191.48489, -1232.3248799999992, -56.31772000000001]","[-2424.59718, -173.27502, -1116.7515200000016, 72.83947999999998]","[-2656.90842, -160.82795, -929.24496, 49.7882800000001]","[-2876.31427, -185.84474, -877.6233999999986, -100.06716000000006]","[-3104.59885, -260.74752, -913.13832, -299.61112]","[-3350.52771, -353.56713, -983.71544, -371.27844000000005]"
160,People,"[-3605.68867, -411.89195, 0, 0]","[-3881.9449, -452.09822, -1105.0249199999998, -160.82508000000007]","[-4155.90149, -506.01944, -1095.826360000001, -215.6848799999998]","[-4426.7257, -576.46067, -1083.296839999999, -281.7649200000003]","[-4710.07206, -662.81632, -1133.3854400000018, -345.4225999999999]","[-5015.32816, -733.11778, -1221.0243999999984, -281.2058400000001]","[-5291.840065384616, -716.7111450887573, -1106.0476215384624, 65.62653964497076]","[-5550.3920269230775, -647.4008092899408, -1034.2078461538476, 277.2413431952664]","[-5808.9439884615385, -578.0904734911243, -1034.207846153845, 277.24134319526615]","[-6067.49595, -508.7801376923077, -1034.2078461538476, 277.2413431952664]","[-6326.047911538462, -439.4698018934911, -1034.2078461538476, 277.2413431952664]","[-6584.599873076923, -370.15946609467454, -1034.207846153844, 277.24134319526615]","[-6843.151834615385, -300.84913029585795, -1034.2078461538476, 277.2413431952664]","[-7101.703796153846, -231.5387944970414, -1034.207846153844, 277.24134319526615]","[-7360.255757692308, -162.2284586982248, -1034.2078461538476, 277.2413431952664]","[-7618.80771923077, -92.91812289940822, -1034.2078461538476, 277.2413431952664]"
161,People,"[-7877.359680769231, -23.607787100591626, 0, 0]","[-8135.911642307692, 45.70254869822486, -1034.207846153844, 277.2413431952659]","[-8394.463603846154, 115.01288449704144, -1034.2078461538476, 277.2413431952663]","[-8633.63108, 181.55698, -956.6699046153808, 266.1763820118343]","[-8719.54782, 224.05172, -343.6669600000023, 169.97895999999992]","[-8714.85687, 247.3592, 18.76380000000063, 93.22991999999999]","[-8630.04232, 273.40491, 339.2581999999966, 104.18283999999994]","[-8594.471944063927, 292.8651994977169, 142.28150374429242, 77.84115799086771]","[-8582.261107305936, 302.66298831050227, 48.84334703196514, 39.19115525114152]","[-8570.050270547945, 312.46077712328764, 48.843347031965095, 39.19115525114148]","[-8557.839433789954, 322.25856593607307, 48.843347031965095, 39.19115525114171]","[-8545.628597031964, 332.05635474885844, 48.84334703195782, 39.19115525114148]","[-8533.417760273973, 341.8541435616438, 48.843347031965095, 39.19115525114148]","[-8521.206923515982, 351.6519323744292, 48.843347031965095, 39.19115525114148]","[-8508.996086757992, 361.4497211872146, 48.84334703195782, 39.19115525114171]","[-8496.78525, 371.24751, 48.843347031965095, 39.19115525114148]"
162,People,"[-8553.21818, 361.39669, 0, 0]","[-8333.393101155236, 361.5878700722022, 879.300315379056, 0.7647202888088032]","[-8088.929754584838, 361.1745984115523, 977.853386281593, -1.653086642599419]","[-7844.46640801444, 360.7613267509025, 977.8533862815893, -1.6530866425991917]","[-7600.003061444044, 360.3480550902527, 977.8533862815857, -1.6530866425991917]","[-7355.5397148736465, 359.9347834296029, 977.8533862815893, -1.653086642599419]","[-7111.076368303249, 359.5215117689531, 977.8533862815893, -1.6530866425991917]","[-6866.613021732852, 359.1082401083032, 977.8533862815893, -1.653086642599419]","[-6622.149675162455, 358.6949684476534, 977.8533862815866, -1.6530866425991932]","[-6377.686328592057, 358.2816967870036, 977.853386281593, -1.6530866425991917]","[-6133.22298202166, 357.86842512635377, 977.8533862815893, -1.653086642599419]","[-5888.759635451263, 357.455153465704, 977.8533862815857, -1.6530866425991917]","[-5601.51029, 385.58231, 1148.997381805053, 112.50862613718414]","[-5297.96671, 437.93367, 1214.174320000002, 209.40544]","[-4977.21305, 475.94863, 1283.0146399999976, 152.0598399999999]","[-4650.08059, 511.56192, 1308.5298400000029, 142.45316000000003]"
163,People,"[-4336.00242, 578.08479, 0, 0]","[-4053.32934, 692.97196, 1130.69232, 459.5486799999999]","[-3757.62663, 819.57733, 1182.8108399999983, 506.42148]","[-3467.62288, 929.76986, 1160.0150000000012, 440.77012000000013]","[-3172.8503, 1027.59384, 1179.0903199999993, 391.29592]","[-2878.35985, 1157.4627, 1177.961800000001, 519.4754400000002]","[-2589.99564, 1303.4713, 1153.456839999999, 584.0343999999996]","[-2282.22329, 1438.77643, 1231.0894000000008, 541.2205199999999]","[-1961.99963, 1498.95503, 1280.8946400000007, 240.71440000000098]","[-1628.3368, 1536.22001, 1334.65132, 149.0599199999997]","[-1299.47842, 1607.26601, 1315.4335200000005, 284.1840000000002]","[-966.70917, 1673.66837, 1331.0769999999998, 265.6094400000002]","[-619.87857, 1724.15205, 1387.3224, 201.9347199999993]","[-280.26604, 1754.08415, 1358.45012, 119.72839999999997]","[56.20396, 1831.70949, 1345.8799999999999, 310.5013600000002]","[375.99111, 1940.29537, 1279.1486, 434.34352000000035]"
164,People,"[694.67975, 2036.64354, 0, 0]","[1048.62682, 2090.22753, 1415.7882799999998, 214.33596000000034]","[1389.33075, 2145.30294, 1362.8157200000005, 220.30163999999968]","[1722.67563, 2214.46244, 1333.3795199999995, 276.637999999999]","[2073.78792, 2233.27617, 1404.449160000001, 75.25492000000122]","[2427.15273, 2305.8486, 1413.4592399999983, 290.28971999999885]","[2781.30833, 2322.88472, 1416.6224000000002, 68.14448000000084]","[3119.73073, 2298.85201, 1353.6896000000015, -96.13083999999981]","[3450.2973, 2311.75311, 1322.266280000001, 51.60440000000021]","[3782.32958, 2255.90334, 1328.1291199999996, -223.39908000000105]","[4078.55837, 2140.10111, 1184.9151600000005, -463.2089199999991]","[4390.46949, 1998.98326, 1247.6444800000008, -564.4714000000004]","[4681.71665, 1900.78407, 1164.9886399999996, -392.7967600000002]","[4813.208156865342, 1885.7791371523176, 525.966027461367, -60.01973139072925]","[4924.891335121412, 1880.920054370861, 446.7327130242811, -19.436331125826655]","[5036.574513377484, 1876.060971589404, 446.7327130242884, -19.436331125827564]"
165,People,"[5148.257691633554, 1871.201888807947, 0, 0]","[5259.940869889624, 1866.34280602649, 446.7327130242811, -19.436331125827564]","[5371.624048145695, 1861.4837232450327, 446.73271302428475, -19.436331125829383]","[5483.307226401766, 1856.624640463576, 446.7327130242811, -19.436331125826655]","[5594.990404657837, 1851.7655576821192, 446.73271302428475, -19.436331125827564]","[5706.673582913907, 1846.9064749006625, 446.7327130242811, -19.436331125826655]","[5818.356761169978, 1842.0473921192051, 446.73271302428475, -19.436331125829383]","[5930.0399394260485, 1837.1883093377485, 446.7327130242811, -19.436331125826655]","[6041.723117682119, 1832.3292265562916, 446.7327130242815, -19.436331125827582]","[6153.40629593819, 1827.4701437748345, 446.73271302428475, -19.436331125828474]","[6265.08947419426, 1822.6110609933776, 446.7327130242811, -19.436331125827564]","[6376.7726524503305, 1817.7519782119205, 446.7327130242811, -19.436331125828474]","[6488.455830706402, 1812.892895430464, 446.73271302428475, -19.436331125825745]","[6600.139008962472, 1808.033812649007, 446.7327130242811, -19.436331125828474]","[6711.822187218542, 1803.1747298675496, 446.7327130242811, -19.436331125829383]","[6823.505365474613, 1798.315647086093, 446.73271302428475, -19.436331125826655]"
166,People,"[6935.188543730685, 1793.4565643046358, 0, 0]","[7046.871721986755, 1788.5974815231789, 446.7327130242811, -19.436331125827564]","[7158.554900242825, 1783.738398741722, 446.7327130242811, -19.436331125827564]","[7270.238078498896, 1778.8793159602649, 446.73271302428475, -19.436331125828474]","[7381.921256754967, 1774.020233178808, 446.7327130242811, -19.436331125827564]","[7493.604435011037, 1769.161150397351, 446.7327130242811, -19.436331125827564]","[7605.287613267108, 1764.302067615894, 446.73271302428475, -19.436331125828474]","[7716.970791523178, 1759.442984834437, 446.7327130242811, -19.436331125827564]","[7828.653969779249, 1754.5839020529802, 446.7327130242815, -19.436331125827582]","[7940.33714803532, 1749.7248192715233, 446.73271302428475, -19.436331125827564]","[8052.020326291391, 1744.8657364900662, 446.73271302428475, -19.436331125828474]","[8163.70350454746, 1740.0066537086093, 446.7327130242775, -19.436331125827564]","[8275.386682803532, 1735.1475709271524, 446.73271302428475, -19.436331125827564]","[8387.069861059603, 1730.2884881456955, 446.73271302428475, -19.436331125827564]","[8498.753039315674, 1725.4294053642384, 446.73271302428475, -19.436331125828474]","[8610.436217571743, 1720.5703225827815, 446.7327130242775, -19.436331125827564]"
167,People,"[8722.119395827815, 1715.7112398013246, 0, 0]","[8674.46673, 1646.03146, -190.61066331125767, -278.71911920529874]","[8508.81279, 1553.28994, -662.6157600000006, -370.96608000000015]","[8292.64021, 1505.54024, -864.6903200000015, -190.9987999999994]","[8068.049913050848, 1466.1890386440678, -898.3611877966068, -157.40480542372916]","[7842.188735084746, 1457.1697844067796, -903.4447118644057, -36.077016949152494]","[7616.327557118644, 1448.1505301694915, -903.4447118644093, -36.077016949152494]","[7390.466379152543, 1439.1312759322034, -903.4447118644057, -36.077016949152494]","[7164.605201186441, 1430.1120216949153, -903.4447118644065, -36.07701694915253]","[6938.744023220339, 1421.0927674576271, -903.4447118644093, -36.077016949152494]","[6712.8828452542375, 1412.073513220339, -903.4447118644057, -36.077016949152494]","[6483.00817, 1358.89933, -919.4987010169498, -212.69673288135618]","[6204.619881621622, 1118.7178478378378, -1113.5531535135124, -960.7259286486487]","[5850.158401891892, 647.6021958108108, -1417.8459189189198, -1884.4626081081078]","[5495.696922162162, 176.48654378378387, -1417.8459189189198, -1884.4626081081078]","[5155.42223, -254.81728, -1361.0987686486478, -1725.2152951351354]"
168,People,"[4846.65292, -401.36116, 0, 0]","[4547.17423, -495.65004, -1197.9147600000033, -377.15552]","[4223.48212, -604.53363, -1294.7684399999998, -435.5343600000001]","[3972.68365, -761.06875, -1003.1938799999989, -626.14048]","[3711.78692, -903.8281, -1043.5869199999997, -571.0373999999997]","[3393.23862, -1059.6909, -1274.1931999999997, -623.4512000000004]","[3055.6336, -1171.9911, -1350.4200799999999, -449.2007999999996]","[2708.8395, -1304.96951, -1387.1764000000003, -531.9136399999998]","[2428.0494, -1454.00465, -1123.1604000000016, -596.1405600000013]","[2113.97616, -1616.09603, -1256.2929599999989, -648.3655199999994]","[1839.44891, -1721.65153, -1098.1090000000004, -422.22200000000066]","[1542.31997, -1824.70716, -1188.5157600000002, -412.22251999999935]","[1284.42888, -1965.13596, -1031.5643600000003, -561.7152000000006]","[1038.32849, -2159.00084, -984.4015599999993, -775.4595200000003]","[775.73192, -2372.0731, -1050.3862800000006, -852.2890399999997]","[467.77013, -2502.26957, -1231.8471599999998, -520.7858799999995]"
169,People,"[135.07349, -2666.75452, 0, 0]","[-130.38643, -2852.05131, -1061.83968, -741.1871599999995]","[-419.10685, -3062.23287, -1154.88168, -840.72624]","[-714.79941, -3213.19441, -1182.7702399999998, -603.846160000001]","[-1022.53825, -3342.88064, -1230.95536, -518.7449199999992]","[-1291.05988, -3459.58351, -1074.0865200000003, -466.8114800000003]","[-1510.57163, -3516.14876, -878.0469999999996, -226.26100000000042]","[-1694.80581, -3522.22385, -736.9367200000006, -24.300359999999273]","[-1779.53374, -3548.13461, -338.91172000000034, -103.64304000000092]","[-1801.82878, -3570.92727, -89.18015999999989, -91.17064000000028]","[-1788.35716, -3583.52512, 53.88648000000012, -50.39139999999861]","[-1749.6852, -3590.14126, 154.6878400000005, -26.464560000000347]","[-1694.94372, -3599.34199, 218.96591999999964, -36.802920000000086]","[-1648.46637, -3606.68857, 185.90939999999955, -29.386319999999614]","[-1627.68745, -3602.99749, 83.1156800000008, 14.764319999998406]","[-1619.94848, -3594.20868, 30.955879999999524, 35.15524000000005]"
170,People,"[-1611.25053, -3590.42776, 0, 0]","[-1614.19586, -3591.37231, -11.78132000000005, -3.778200000000652]","[-1633.92154, -3596.38609, -78.90272000000004, -20.05511999999908]","[-1668.81623, -3602.00848, -139.57875999999942, -22.489559999999983]","[-1677.94011, -3590.55063, -36.4955200000004, 45.83139999999912]","[-1629.53764, -3536.57682, 193.60987999999998, 215.89523999999983]","[-1477.86844, -3513.13794, 606.6768000000002, 93.75552000000062]","[-1264.3052, -3455.69618, 854.2529599999998, 229.76704000000063]","[-1024.84782, -3371.72648, 957.829520000001, 335.8788000000007]","[-819.96493, -3277.98561, 819.5315599999999, 374.9634799999985]","[-674.60199, -3137.60269, 581.4517599999999, 561.53168]","[-551.37293, -2947.36178, 492.91624, 760.9636399999999]","[-377.54994, -2795.15012, 695.29196, 608.8466400000016]","[-146.7008, -2681.9345, 923.39656, 452.8624799999998]","[112.35522, -2584.91464, 1036.22408, 388.0794399999995]","[372.15374, -2456.46002, 1039.1940800000002, 513.8184799999999]"
171,People,"[655.55738, -2305.89405, 0, 0]","[925.19366, -2220.2255, 1078.5451200000002, 342.6741999999995]","[1194.89288, -2130.92791, 1078.7968800000003, 357.1903600000005]","[1456.9053, -2020.61334, 1048.0496799999992, 441.2582799999991]","[1689.14172, -1868.69032, 928.9456800000007, 607.6920800000007]","[1957.774, -1679.14249, 1074.5291199999992, 758.1913199999999]","[2241.0465, -1517.08429, 1133.0900000000001, 648.2327999999998]","[2578.14699, -1404.13034, 1348.401960000001, 451.8158000000003]","[2832.4369, -1258.32081, 1017.1596400000008, 583.2381200000005]","[3069.85738, -1102.28953, 949.6819199999991, 624.1251199999997]","[3307.64654, -970.67061, 951.1566400000011, 526.47568]","[3568.79207, -893.3019, 1044.5821199999991, 309.47483999999986]","[3851.80587, -843.0496, 1132.0552000000007, 201.00919999999996]","[4085.00835, -719.30651, 932.8099199999997, 494.9723600000002]","[4305.85536, -565.96297, 883.388039999998, 613.3741599999998]","[4537.07667, -389.13531, 924.8852400000033, 707.3106400000001]"
172,People,"[4792.21147, -238.10793, 0, 0]","[5065.51902, -98.10478, 1093.2301999999981, 560.0126]","[5292.43949, 91.47878, 907.6818800000001, 758.33424]","[5499.40729, 304.88351, 827.8712000000014, 853.61892]","[5735.55537, 483.7888, 944.5923199999997, 715.6211599999999]","[5976.21602, 642.2037, 962.6425999999992, 633.6596000000002]","[6207.76542, 809.39727, 926.1975999999995, 668.7742800000001]","[6397.80797, 1008.25219, 760.1702000000005, 795.41968]","[6569.65277, 1220.75968, 687.3792, 850.0299600000002]","[6776.343661368421, 1422.6430455789473, 826.7635654736841, 807.5334623157896]","[6979.413927157894, 1622.0209561052632, 812.2810631578941, 797.5116421052635]","[7182.484192947369, 1821.398866631579, 812.2810631578977, 797.5116421052635]","[7385.554458736842, 2020.776777157895, 812.2810631578941, 797.5116421052635]","[7576.56747, 2225.17226, 764.052045052631, 817.5819313684196]","[7786.22935, 2399.41427, 838.6475199999986, 696.9680400000016]","[8007.3107, 2547.63753, 884.3254000000015, 592.893039999999]"
173,People,"[8213.81465, 2681.97952, 0, 0]","[8173.57975862069, 2644.9945851724137, -160.93956551724114, -147.93973931034452]","[8133.34486724138, 2608.009650344828, -160.93956551724114, -147.9397393103427]","[8093.109975862069, 2571.024715517241, -160.93956551724114, -147.93973931034816]","[8052.875084482759, 2534.039780689655, -160.93956551724114, -147.93973931034452]","[8012.640193103449, 2497.0548458620688, -160.93956551724114, -147.93973931034452]","[7972.405301724139, 2460.069911034482, -160.93956551724114, -147.93973931034634]","[7932.170410344828, 2423.0849762068965, -160.93956551724114, -147.9397393103427]","[7891.935518965517, 2386.1000413793104, -160.93956551724492, -147.93973931034466]","[7851.700627586207, 2349.115106551724, -160.93956551724114, -147.93973931034634]","[7811.465736206896, 2312.1301717241377, -160.93956551724477, -147.93973931034452]","[7771.230844827586, 2275.1452368965515, -160.9395655172375, -147.93973931034452]","[7730.995953448276, 2238.1603020689654, -160.93956551724114, -147.93973931034452]","[7690.761062068966, 2201.1753672413797, -160.93956551724114, -147.9397393103427]","[7650.526170689655, 2164.190432413793, -160.93956551724114, -147.93973931034634]","[7610.291279310345, 2127.205497586207, -160.93956551724114, -147.93973931034452]"
174,People,"[7570.056387931035, 2090.220562758621, 0, 0]","[7529.8214965517245, 2053.2356279310343, -160.93956551724114, -147.93973931034634]","[7489.586605172414, 2016.250693103448, -160.93956551724114, -147.93973931034543]","[7449.351713793104, 1979.265758275862, -160.93956551724114, -147.9397393103436]","[7409.116822413794, 1942.280823448276, -160.93956551724114, -147.93973931034452]","[7368.881931034483, 1905.2958886206895, -160.93956551724114, -147.93973931034543]","[7328.647039655172, 1868.3109537931036, -160.93956551724477, -147.9397393103436]","[7288.412148275862, 1831.326018965517, -160.93956551724114, -147.93973931034634]","[7248.177256896552, 1794.341084137931, -160.93956551724128, -147.93973931034466]","[7207.942365517241, 1757.3561493103448, -160.93956551724114, -147.93973931034452]","[7167.707474137931, 1720.371214482759, -160.93956551724114, -147.9397393103436]","[7127.472582758621, 1683.3862796551723, -160.93956551724114, -147.93973931034634]","[7087.237691379311, 1646.4013448275862, -160.9395655172375, -147.93973931034452]","[7047.0028, 1609.41641, -160.93956551724477, -147.93973931034452]","[6729.322986507937, 1488.4754356349206, -1270.7192539682546, -483.7638974603178]","[6413.402026190476, 1367.543985238095, -1263.6838412698417, -483.72580158730216]"
175,People,"[6097.481065873016, 1246.6125348412695, 0, 0]","[5781.560105555555, 1125.6810844444444, -1263.6838412698417, -483.72580158730034]","[5465.639145238095, 1004.749634047619, -1263.6838412698417, -483.7258015873017]","[5149.44184, 903.677, -1264.789220952378, -404.2905361904759]","[4807.61973, 798.29924, -1367.2884400000003, -421.51103999999987]","[4501.2981, 659.80631, -1225.2865200000015, -553.97172]","[4181.43276, 547.50051, -1279.4613600000012, -449.22320000000036]","[3834.01814, 483.50522, -1389.6584799999982, -255.98115999999982]","[3480.20751, 459.68412, -1415.2425200000012, -95.28440000000009]","[3146.24074, 429.21416, -1335.86708, -121.87984000000006]","[2814.17328, 379.10593, -1328.2698400000008, -200.43291999999997]","[2457.69315, 319.40343, -1425.9205199999997, -238.80999999999995]","[2111.14187, 311.39968, -1386.2051200000005, -32.0150000000001]","[1745.64039, 319.10616, -1462.0059199999996, 30.825919999999996]","[1411.0349, 280.42537, -1338.4219599999997, -154.72316]","[1078.13138, 229.82098, -1331.6140800000003, -202.41755999999998]"
176,People,"[-3853.89733, -52.23146, 0, 0]","[-3619.20316, -66.94987, 938.776679999999, -58.87364000000002]","[-3388.05854, -147.37552, 924.5784800000001, -321.70259999999996]","[-3176.38409, -295.73864, 846.6977999999999, -593.4524799999999]","[-2970.89577, -399.00156, 821.9532799999997, -413.05168000000003]","[-2736.55386, -477.78068, 937.3676400000004, -315.11648000000014]","[-2475.94469, -547.99502, 1042.4366800000007, -280.85735999999974]","[-2238.51019, -667.46191, 949.7379999999994, -477.86756000000014]","[-2045.27178, -811.32307, 772.9536400000004, -575.4446400000006]","[-1866.81776, -897.41834, 713.8160800000005, -344.38107999999966]","[-1677.71445, -943.07014, 756.4132399999999, -182.60720000000038]","[-1462.21445, -984.94313, 862.0, -167.49195999999984]","[-1232.92095, -1075.97754, 917.174, -364.1376400000004]","[-1018.93034, -1202.85345, 855.9624399999998, -507.5036399999999]","[-817.59808, -1278.83703, 805.3290400000001, -303.9343199999994]","[-590.38915, -1318.02447, 908.83572, -156.7497600000006]"
177,People,"[-339.26735, -1356.46375, 0, 0]","[-89.93928, -1441.9454, 997.3122800000001, -341.9266000000007]","[151.85695, -1542.25545, 967.18492, -401.2402000000002]","[393.12671, -1582.97478, 965.07904, -162.8773199999996]","[660.55873, -1583.0111, 1069.7280799999999, -0.14527999999972963]","[964.43027, -1574.74062, 1215.48616, 33.08191999999963]","[1258.37387, -1585.63188, 1175.7743999999998, -43.5650399999995]","[1550.77049, -1590.46315, 1169.5864800000008, -19.325080000000526]","[1807.42445, -1536.73985, 1026.6158400000004, 214.89320000000063]","[2091.39759, -1446.71251, 1135.8925600000002, 360.10935999999947]","[2391.32912, -1400.54713, 1199.7261199999994, 184.66152000000056]","[2690.87608, -1379.93079, 1198.1878400000005, 82.46536000000015]","[2967.19564, -1331.97413, 1105.2782399999996, 191.82663999999932]","[3179.9542861087866, -1295.574099497908, 851.0345844351468, 145.6001220083681]","[3395.3741794142256, -1262.4513034728034, 861.6795732217561, 132.49118410041865]","[3610.794072719665, -1229.3285074476987, 861.6795732217579, 132.49118410041865]"
178,People,"[3826.213966025104, -1196.205711422594, 0, 0]","[4041.633859330544, -1163.0829153974896, 861.6795732217597, 132.49118410041774]","[4257.053752635983, -1129.960119372385, 861.6795732217561, 132.49118410041865]","[4472.473645941422, -1096.8373233472803, 861.6795732217543, 132.49118410041865]","[4687.893539246861, -1063.714527322176, 861.6795732217579, 132.49118410041683]","[4903.313432552301, -1030.5917312970712, 861.6795732217579, 132.49118410041956]","[5118.73332585774, -997.4689352719664, 861.6795732217579, 132.4911841004191]","[5334.15321916318, -964.346139246862, 861.6795732217615, 132.49118410041774]","[5549.573112468619, -931.2233432217572, 861.679573221755, 132.49118410041922]","[5764.9930057740585, -898.1005471966528, 861.6795732217579, 132.49118410041774]","[5980.412899079497, -864.9777511715481, 861.6795732217543, 132.49118410041865]","[6195.8327923849365, -831.8549551464434, 861.6795732217579, 132.49118410041865]","[6411.252685690376, -798.7321591213389, 861.6795732217579, 132.4911841004182]","[6626.672578995815, -765.6093630962342, 861.6795732217543, 132.49118410041865]","[6842.092472301254, -732.4865670711297, 861.6795732217579, 132.4911841004182]","[7057.5123656066935, -699.363771046025, 861.6795732217579, 132.49118410041865]"
179,People,"[7272.932258912133, -666.2409750209205, 0, 0]","[7488.352152217572, -633.1181789958158, 861.6795732217579, 132.49118410041865]","[7703.772045523012, -599.9953829707113, 861.6795732217579, 132.4911841004182]","[7919.191938828451, -566.8725869456066, 861.6795732217579, 132.49118410041865]","[8134.611832133891, -533.749790920502, 861.6795732217579, 132.4911841004182]","[8350.03172543933, -500.6269948953974, 861.6795732217579, 132.49118410041865]","[8565.451618744768, -467.5041988702928, 861.6795732217506, 132.49118410041842]","[8780.871512050207, -434.3814028451882, 861.6795732217579, 132.49118410041842]","[8996.291405355647, -401.2586068200836, 861.6795732217587, 132.4911841004183]","[9186.75625, -382.18103, 761.8593785774137, 76.31030728033443]","[9259.12996, -407.90784, 289.4948399999994, -102.90724]","[9292.16055, -425.65473, 132.1223600000012, -70.9875599999998]","[9299.43611, -435.50929, 29.102240000000165, -39.418240000000196]","[9291.425001454543, -438.1146416363637, -32.044434181829274, -10.421406545454602]","[9283.795098424242, -440.4954173939394, -30.519612121206592, -9.523103030302991]","[9276.165195393938, -442.8761931515152, -30.519612121213868, -9.523103030303218]"
180,People,"[9268.535292363636, -445.2569689090909, 0, 0]","[9260.905389333331, -447.63774466666666, -30.519612121221144, -9.523103030302991]","[9253.27548630303, -450.0185204242424, -30.519612121206592, -9.523103030302991]","[9253.79962, -449.36229, 2.0965347878809553, 2.62492169696975]","[9273.38943, -416.89617, 78.35923999999795, 129.86447999999996]","[9284.88977, -416.53468, 46.00136000000202, 1.4459600000000137]","[9294.76251, -410.60806, 39.490960000002815, 23.70647999999983]","[9300.48487, -407.1521, 22.889439999999013, 13.823840000000018]","[9302.2933, -408.60223, 7.233719999996544, -5.800520000000011]","[9304.2921, -401.87111, 7.995200000004843, 26.92448000000013]","[9305.77895, -397.16236, 5.9473999999972875, 18.835000000000036]","[9307.80732, -396.57754, 8.113479999999981, 2.339279999999917]","[9307.22971, -394.33706, -2.3104400000011083, 8.961919999999964]","[9309.09601, -387.99174, 7.465199999998731, 25.38128000000006]","[9307.26567, -383.71522, -7.321359999994456, 17.10608000000002]","[9311.83347, -370.25471, 18.271199999995588, 53.84204]"
181,People,"[9311.49679, -360.78608, 0, 0]","[9307.17169, -351.69823, -17.30040000000008, 36.35140000000001]","[9303.14589, -342.58641, -16.10319999999774, 36.44728000000009]","[9295.13714, -336.15227, -32.03499999999622, 25.736560000000054]","[9289.18008, -303.84311, -23.828240000002552, 129.23663999999985]","[9201.312895072464, -277.2941181884058, -351.4687397101443, 106.195967246377]","[9088.295717536232, -254.8754315942029, -452.06871014492936, 89.67474637681153]","[8975.27854, -232.456745, -452.06871014492936, 89.67474637681153]","[8862.261362463767, -210.03805840579707, -452.06871014492975, 89.67474637681184]","[8749.244184927535, -187.6193718115942, -452.06871014492936, 89.67474637681153]","[8633.33934, -150.43872, -463.61937971013685, 148.7226072463768]","[8440.79459214112, -43.40829457420924, -770.178991435525, 428.121701703163]","[8205.338381678832, 69.26326868613137, -941.8248418491494, 450.6862530413624]","[7969.882171216544, 181.934831946472, -941.824841849153, 450.68625304136253]","[7734.425960754257, 294.60639520681264, -941.8248418491457, 450.68625304136253]","[7498.969750291971, 407.2779584671532, -941.8248418491457, 450.6862530413623]"
182,People,"[7263.513539829683, 519.9495217274939, 0, 0]","[7028.057329367397, 632.6210849878345, -941.8248418491457, 450.6862530413623]","[6792.60111890511, 745.2926482481752, -941.8248418491494, 450.68625304136276]","[6557.144908442822, 857.9642115085157, -941.8248418491494, 450.6862530413623]","[6321.688697980535, 970.6357747688564, -941.8248418491494, 450.68625304136276]","[6086.232487518248, 1083.3073380291971, -941.8248418491494, 450.68625304136276]","[5850.776277055961, 1195.9789012895376, -941.8248418491457, 450.68625304136185]","[5615.320066593674, 1308.650464549878, -941.8248418491494, 450.68625304136185]","[5379.863856131387, 1421.322027810219, -941.8248418491465, 450.68625304136407]","[5144.4076456691, 1533.9935910705594, -941.8248418491494, 450.68625304136185]","[4908.951435206813, 1646.6651543309, -941.8248418491494, 450.68625304136185]","[4667.69466, 1756.23114, -965.0271008272503, 438.2639426764008]","[4385.155634473685, 1842.9278997368424, -1130.156102105262, 346.7870389473692]","[4086.35422, 1924.94188, -1195.2056578947377, 328.05592105263077]","[3794.17702, 2047.53563, -1168.7088000000003, 490.375]","[3492.62696, 2154.15129, -1206.2002400000001, 426.4626399999988]"
183,People,"[3191.33696, 2178.93374, 0, 0]","[2867.21851, 2153.28142, -1296.4737999999998, -102.60928000000058]","[2546.38188, 2167.05707, -1283.346520000001, 55.102600000000166]","[2227.42788, 2215.76403, -1275.815999999999, 194.82783999999992]","[1947.821, 2201.31311, -1118.427520000001, -57.803679999999076]","[1647.09128, 2154.12006, -1202.9188799999993, -188.77219999999943]","[1317.84684, 2129.40311, -1316.9777600000007, -98.86779999999999]","[996.38984, 2166.35568, -1285.8279999999995, 147.8102799999997]","[694.5993, 2187.07033, -1207.1621600000014, 82.85859999999964]","[409.17151, 2168.09272, -1141.7111599999998, -75.91043999999965]","[85.673, 2124.23503, -1293.99404, -175.4307600000011]","[-232.64185, 2116.9611, -1273.2594, -29.095719999999346]","[-549.79012, 2122.47667, -1268.59308, 22.0622800000001]","[-832.30644, 2071.87805, -1130.0652799999998, -202.39448000000084]","[-1127.76587, 1976.98894, -1181.83772, -379.5564399999994]","[-1447.08721, 1892.27378, -1277.2853599999999, -338.8606399999999]"
184,People,"[-1771.46032, 1855.52876, 0, 0]","[-2071.25854, 1794.85649, -1199.1928799999996, -242.6890800000001]","[-2342.19913, 1688.06716, -1083.7623600000006, -427.15731999999934]","[-2614.78124, 1503.04219, -1090.3284399999993, -740.0998800000007]","[-2903.41299, 1357.41683, -1154.527, -582.50144]","[-3208.02795, 1225.15306, -1218.4598400000013, -529.0550799999992]","[-3452.44762, 1023.93138, -977.6786799999991, -804.8867200000004]","[-3688.22936, 779.2924, -943.1269599999996, -978.5559199999998]","[-3952.31813, 541.19149, -1056.355080000002, -952.4036400000008]","[-4237.09394, 336.4149, -1139.1032399999986, -819.1063600000002]","[-4469.052881176471, 102.21724, -927.8357647058838, -936.7906399999999]","[-4680.24404, -150.32839, -844.7646352941156, -1010.1825200000001]","[-4733.332303846154, -260.0058766153846, -212.35305538461762, -438.70994646153827]","[-4686.029226923077, -241.9917543076923, 189.21230769230897, 72.0564892307691]","[-4638.72615, -223.977632, 189.21230769230533, 72.05648923076922]","[-4591.423073076923, -205.9635096923077, 189.21230769230897, 72.05648923076922]"
185,People,"[-4544.119996153846, -187.94938738461536, 0, 0]","[-4496.81691923077, -169.9352650769231, 189.21230769230533, 72.0564892307691]","[-4449.513842307692, -151.92114276923076, 189.21230769230897, 72.05648923076933]","[-4402.210765384615, -133.90702046153845, 189.21230769230897, 72.05648923076922]","[-4354.907688461539, -115.89289815384616, 189.21230769230533, 72.05648923076916]","[-4307.6046115384615, -97.87877584615384, 189.21230769230897, 72.05648923076927]","[-4260.301534615384, -79.86465353846154, 189.21230769230897, 72.05648923076922]","[-4212.998457692308, -61.85053123076924, 189.21230769230533, 72.05648923076919]","[-4165.695380769231, -43.83640892307693, 189.21230769230914, 72.05648923076932]","[-3978.258834862156, -63.61855050125313, 749.7461836282982, -79.1285663127048]","[-3992.5641456390977, -76.9790567669173, -57.221243107765986, -53.442025062656654]","[-4006.86945641604, -90.33956303258144, -57.221243107769624, -53.44202506265657]","[-4021.1747671929834, -103.7000692982456, -57.22124310777326, -53.442025062656626]","[-4035.480077969925, -117.06057556390977, -57.221243107765986, -53.44202506265668]","[-4049.7853887468673, -130.42108182957392, -57.221243107769624, -53.442025062656626]","[-4064.0906995238097, -143.78158809523808, -57.221243107769624, -53.442025062656626]"
186,People,"[-4078.396010300752, -157.14209436090226, 0, 0]","[-4092.701321077694, -170.50260062656642, -57.221243107767805, -53.442025062656626]","[-4107.006631854637, -183.86310689223055, -57.22124310777144, -53.44202506265651]","[-4121.311942631579, -197.22361315789476, -57.221243107767805, -53.44202506265685]","[-4135.617253408522, -210.5841194235589, -57.22124310777144, -53.44202506265651]","[-4149.922564185464, -223.94462568922305, -57.221243107767805, -53.442025062656626]","[-4164.227874962406, -237.30513195488723, -57.221243107767805, -53.44202506265674]","[-4178.5331857393485, -250.6656382205514, -57.22124310777144, -53.442025062656626]","[-4192.83849651629, -264.0261444862155, -57.221243107767854, -53.44202506265656]","[-4207.143807293233, -277.3866507518797, -57.22124310777144, -53.44202506265674]","[-4221.449118070175, -290.7471570175438, -57.221243107767805, -53.44202506265651]","[-4235.754428847118, -304.107663283208, -57.22124310777144, -53.44202506265674]","[-4250.05973962406, -317.46816954887214, -57.221243107767805, -53.44202506265651]","[-4264.365050401002, -330.8286758145363, -57.221243107767805, -53.44202506265674]","[-4278.670361177945, -344.1891820802005, -57.22124310777144, -53.44202506265674]","[-4292.975671954887, -357.54968834586464, -57.221243107767805, -53.44202506265651]"
187,People,"[-4307.28098273183, -370.9101946115288, 0, 0]","[-4321.586293508772, -384.27070087719295, -57.221243107767805, -53.44202506265651]","[-4335.8916042857145, -397.63120714285714, -57.22124310777144, -53.44202506265674]","[-4350.196915062656, -410.9917134085213, -57.221243107767805, -53.44202506265674]","[-4364.502225839598, -424.3522196741855, -57.221243107767805, -53.44202506265674]","[-4378.807536616541, -437.7127259398496, -57.22124310777144, -53.442025062656285]","[-4393.112847393483, -451.07323220551376, -57.221243107767805, -53.44202506265674]","[-4407.418158170426, -464.433738471178, -57.22124310777144, -53.44202506265697]","[-4421.723468947368, -477.7942447368421, -57.221243107767854, -53.442025062656334]","[-4379.29294, -482.97791, 169.722115789471, -20.734661052631736]","[-4064.97418, -435.49474, 1257.2750400000004, 189.93268000000012]","[-3705.71549, -391.36494, 1437.0347600000005, 176.51919999999996]","[-3361.01485, -406.71206, 1378.80256, -61.38848000000007]","[-3009.49485, -450.80975, 1406.08, -176.39076]","[-2682.59705, -448.09446, 1307.5912000000008, 10.861159999999927]","[-2343.25092, -422.16778, 1357.3845199999996, 103.70672000000013]"
188,People,"[-1977.30714, -429.25207, 0, 0]","[-1623.84602, -484.53901, 1413.8444799999997, -221.14776000000006]","[-1284.55545, -486.09006, 1357.1622799999996, -6.204199999999901]","[-946.97761, -446.14134, 1350.3113600000001, 159.79487999999992]","[-590.15486, -395.2083, 1427.2910000000002, 203.73216000000002]","[-237.2371, -408.1067, 1411.67104, -51.593599999999924]","[92.28211, -400.88919, 1318.07684, 28.870040000000017]","[392.93714, -335.76095, 1202.62012, 260.51296]","[730.62382, -257.72318, 1350.7467200000012, 312.15108000000015]","[1070.84766, -250.73204, 1360.8953599999995, 27.964560000000006]","[1399.8506, -268.19441, 1316.0117600000003, -69.84947999999997]","[1706.01757, -226.36919, 1224.66788, 167.30088]","[2019.90585, -179.17867, 1255.5531200000005, 188.76207999999997]","[2370.12135, -179.26306, 1400.8619999999992, -0.33755999999993946]","[2699.66477, -247.12559, 1318.1736799999999, -271.45011999999997]","[3018.90691, -260.27072, 1276.9685600000012, -52.58051999999998]"
189,People,"[3322.5058, -250.5177, 0, 0]","[3662.66294, -253.25885, 1360.628560000001, -10.964600000000019]","[3975.99032, -334.43956, 1253.3095199999989, -324.7228399999999]","[4274.88775, -416.55967, 1195.58972, -328.48044000000004]","[4559.74788, -427.5747, 1139.44052, -44.0601200000001]","[4863.00199, -413.15582, 1213.0164399999994, 57.675520000000006]","[4955.862357881357, -414.1386085423729, 371.4414715254279, -3.931154169491492]","[4946.918452161018, -403.1647454067796, -35.77562288135596, 43.89545254237305]","[4937.974546440679, -392.1908822711864, -35.775622881355986, 43.89545254237286]","[4929.03064072034, -381.2170191355932, -35.77562288135596, 43.89545254237282]","[4920.086735000001, -370.243156, -35.77562288135596, 43.89545254237282]","[4911.142829279662, -359.2692928644068, -35.77562288135596, 43.89545254237282]","[4902.198923559323, -348.2954297288136, -35.77562288135596, 43.89545254237282]","[4893.255017838984, -337.3215665932203, -35.77562288135596, 43.89545254237305]","[4884.311112118645, -326.3477034576271, -35.77562288135596, 43.89545254237282]","[4875.367206398306, -315.3738403220339, -35.77562288135596, 43.89545254237282]"
190,People,"[4866.423300677967, -304.39997718644065, 0, 0]","[4857.479394957628, -293.42611405084745, -35.77562288135596, 43.89545254237282]","[4848.535489237289, -282.45225091525424, -35.77562288135596, 43.89545254237282]","[4839.59158351695, -271.47838777966103, -35.77562288135596, 43.89545254237282]","[4830.647677796611, -260.5045246440678, -35.77562288135596, 43.89545254237282]","[4821.703772076272, -249.5306615084746, -35.77562288135596, 43.89545254237294]","[4812.759866355933, -238.55679837288136, -35.77562288135596, 43.89545254237294]","[4803.815960635594, -227.58293523728813, -35.77562288135596, 43.89545254237294]","[4794.872054915255, -216.6090721016949, -35.775622881355986, 43.89545254237297]","[4785.928149194916, -205.6352089661017, -35.77562288135596, 43.89545254237282]","[4776.984243474577, -194.66134583050848, -35.77562288135596, 43.89545254237282]","[4768.040337754238, -183.68748269491527, -35.77562288135596, 43.89545254237282]","[4759.096432033899, -172.71361955932204, -35.77562288135596, 43.89545254237294]","[4750.15252631356, -161.7397564237288, -35.77562288135596, 43.89545254237294]","[4741.208620593221, -150.7658932881356, -35.77562288135596, 43.89545254237282]","[4732.264714872882, -139.7920301525424, -35.77562288135596, 43.89545254237282]"
191,People,"[4723.320809152543, -128.8181670169492, 0, 0]","[4714.376903432204, -117.84430388135593, -35.77562288135596, 43.89545254237305]","[4705.432997711865, -106.87044074576272, -35.77562288135596, 43.89545254237282]","[4696.489091991526, -95.89657761016952, -35.77562288135596, 43.89545254237282]","[4687.545186271187, -84.92271447457631, -35.77562288135596, 43.89545254237282]","[4678.601280550848, -73.9488513389831, -35.77562288135596, 43.89545254237282]","[4669.657374830509, -62.97498820338984, -35.77562288135596, 43.89545254237305]","[4660.71346911017, -52.00112506779664, -35.77562288135596, 43.895452542372794]","[4651.769563389831, -41.02726193220343, -35.775622881355986, 43.89545254237289]","[4642.825657669492, -30.053398796610225, -35.77562288135596, 43.89545254237282]","[4633.881751949153, -19.07953566101696, -35.77562288135596, 43.895452542373064]","[4624.937846228814, -8.105672525423756, -35.77562288135596, 43.89545254237281]","[4615.993940508475, 2.868190610169449, -35.77562288135596, 43.89545254237282]","[4607.050034788136, 13.842053745762655, -35.77562288135596, 43.89545254237282]","[4598.106129067797, 24.81591688135592, -35.77562288135596, 43.895452542373064]","[4589.162223347458, 35.78978001694912, -35.77562288135596, 43.89545254237281]"
192,People,"[4580.218317627119, 46.76364315254233, 0, 0]","[4571.27441190678, 57.737506288135535, -35.77562288135596, 43.89545254237282]","[4562.330506186441, 68.7113694237288, -35.77562288135596, 43.89545254237305]","[4553.386600466102, 79.685232559322, -35.77562288135596, 43.89545254237282]","[4544.442694745763, 90.65909569491517, -35.77562288135596, 43.89545254237265]","[4383.8542, 161.77176, -642.3539789830538, 284.45065722033934]","[4084.0298, 302.05988, -1199.2975999999999, 561.1524800000001]","[3809.14261, 376.28728, -1099.5487599999997, 296.90959999999995]","[3511.65395, 401.14044, -1189.954640000001, 99.4126400000001]","[3184.44227, 460.55946, -1308.8467199999996, 237.67607999999996]","[2880.08063, 556.46431, -1217.4465600000003, 383.6193999999998]","[2599.15782, 660.76387, -1123.69124, 417.19824000000017]","[2321.5477, 731.42511, -1110.4404799999993, 282.6449600000001]","[2001.46446, 819.23372, -1280.3329600000006, 351.2344399999997]","[1703.85662, 993.15907, -1190.4313599999996, 695.7014000000004]","[1453.32509, 1189.28111, -1002.1261199999999, 784.4881599999994]"
193,People,"[1225.27883, 1328.27498, 0, 0]","[957.246, 1474.90429, -1072.13132, 586.5172400000001]","[726.08736, 1666.81352, -924.63456, 767.6369199999999]","[564.38353, 1879.56399, -646.8153200000002, 851.0018800000007]","[396.72203, 2098.64687, -670.6459999999997, 876.3315199999997]","[215.97014, 2294.69264, -723.0075600000001, 784.1830800000007]","[15.67193, 2549.7675, -801.1928399999999, 1020.2994399999989]","[-62.59644, 2830.14926, -313.07348, 1121.5270400000009]","[-90.80454, 3086.81587, -112.8324000000001, 1026.66644]","[-128.21602, 3320.23643, -149.64591999999993, 933.6822400000001]","[-134.41403, 3464.81073, -24.792040000000043, 578.2972000000009]","[-140.80430545454544, 3511.474572121212, -25.561101818181783, 186.6553684848477]","[-150.30108, 3536.54145, -37.98709818181828, 100.26751151515236]","[-160.68359, 3540.88414, -41.530039999999985, 17.37075999999979]","[-177.46484, 3544.03536, -67.125, 12.604879999998957]","[-188.42429, 3553.72791, -43.837800000000016, 38.77020000000084]"
194,People,"[-192.29294, 3559.2118, 0, 0]","[-180.39493, 3562.05093, 47.59204, 11.356519999999364]","[-183.23379, 3560.79467, -11.355440000000044, -5.025039999998626]","[-189.89609, 3561.25143, -26.64919999999995, 1.8270399999983056]","[-186.20974, 3568.08011, 14.745399999999904, 27.314720000000307]","[-215.30386, 3576.43709, -116.3764799999999, 33.427920000000086]","[-238.34486, 3574.71541, -92.1640000000001, -6.886720000000423]","[-215.45845, 3581.3903, 91.54564000000005, 26.69956000000093]","[-210.39431, 3578.46874, 20.256560000000054, -11.686240000000918]","[-218.931, 3576.55251, -34.146760000000086, -7.664919999999256]","[-240.73204, 3569.98543, -87.20416, -26.26831999999922]","[-246.73534, 3563.85162, -24.013199999999983, -24.535240000001068]","[-260.64623, 3564.87955, -55.64355999999998, 4.111720000000787]","[-280.76444, 3566.79119, -80.4728399999999, 7.646559999999226]","[-307.60862, 3550.61493, -107.37671999999998, -64.70503999999892]","[-334.1120584184915, 3460.1850293430657, -106.013753673966, -361.7196026277379]"
195,People,"[-332.32901888077856, 3235.134512919708, 0, 0]","[-330.5459793430657, 3010.08399649635, 7.13215815085141, -900.202065693431]","[-328.7629398053528, 2785.0334800729925, 7.132158150851637, -900.202065693431]","[-326.9799002676399, 2559.982963649635, 7.132158150851637, -900.2020656934292]","[-325.196860729927, 2334.9324472262774, 7.132158150851637, -900.202065693431]","[-323.41382119221413, 2109.88193080292, 7.13215815085141, -900.2020656934292]","[-321.6307816545012, 1884.831414379562, 7.132158150851637, -900.2020656934328]","[-319.8477421167883, 1659.7808979562044, 7.132158150851637, -900.2020656934301]","[-318.0647025790754, 1434.7303815328469, 7.132158150851644, -900.2020656934309]","[-316.2816630413625, 1209.6798651094891, 7.132158150851637, -900.202065693431]","[-314.49862350364964, 984.6293486861314, 7.13215815085141, -900.202065693431]","[-312.7155839659368, 759.5788322627741, 7.13215815085141, -900.2020656934292]","[-310.9325444282238, 534.5283158394163, 7.132158150851865, -900.202065693431]","[-309.1495048905109, 309.4777994160586, 7.132158150851637, -900.202065693431]","[-307.36646535279806, 84.42728299270084, 7.13215815085141, -900.202065693431]","[-305.58342581508515, -140.6232334306569, 7.132158150851637, -900.202065693431]"
196,People,"[-371.84868, -419.21211, 0, 0]","[-437.04509, -714.91864, -260.78564000000006, -1182.82612]","[-479.78425, -1024.56409, -170.95663999999988, -1238.5818000000004]","[-556.41458, -1354.69483, -306.52132000000006, -1320.5229599999993]","[-706.14257, -1639.60031, -598.9119599999999, -1139.6219200000005]","[-868.58776, -1908.13322, -649.7807600000001, -1074.1316399999996]","[-960.66023, -2163.43923, -368.2898799999998, -1021.2240400000001]","[-1025.2855243884892, -2433.496376906475, -258.50117755395695, -1080.2285876258993]","[-1076.584069352518, -2665.5683984892084, -205.1941798561158, -928.2880863309355]","[-1127.8826143165468, -2897.6404200719426, -205.19417985611472, -928.2880863309365]","[-1179.1811592805757, -3129.712441654676, -205.19417985611562, -928.2880863309329]","[-1230.4797042446044, -3361.78446323741, -205.19417985611472, -928.2880863309365]","[-1281.778249208633, -3593.856484820144, -205.19417985611472, -928.2880863309365]","[-1266.48207, -3722.56848, 61.18471683453208, -514.8479807194235]","[-1257.6774, -3764.272, 35.21867999999995, -166.8140800000001]","[-1258.39733, -3766.64456, -2.8797199999999066, -9.490240000000995]"
197,People,"[-1264.27995, -3780.60283, 0, 0]","[-1264.4196334852545, -3785.396361742628, -0.5587339410176355, -19.17412697051259]","[-1256.039400911528, -3779.230620455765, 33.520930294906066, 24.66296514745227]","[-1247.6591683378017, -3773.064879168901, 33.520930294905156, 24.662965147455907]","[-1239.278935764075, -3766.899137882038, 33.520930294906975, 24.66296514745227]","[-1230.8987031903484, -3760.7333965951743, 33.520930294906066, 24.662965147454088]","[-1222.518470616622, -3754.5676553083113, 33.520930294906066, 24.66296514745227]","[-1214.1382380428954, -3748.401914021448, 33.520930294906066, 24.66296514745227]","[-1205.758005469169, -3742.2361727345847, 33.520930294906094, 24.66296514745411]","[-1197.3777728954424, -3736.070431447721, 33.520930294906066, 24.662965147454088]","[-1188.997540321716, -3729.904690160858, 33.520930294905156, 24.66296514745227]","[-1180.6173077479891, -3723.7389488739946, 33.520930294907885, 24.662965147454088]","[-1172.2370751742626, -3717.573207587132, 33.520930294906066, 24.66296514745045]","[-1163.856842600536, -3711.407466300268, 33.520930294906066, 24.662965147455907]","[-1155.4766100268096, -3705.241725013405, 33.520930294906066, 24.66296514745227]","[-1147.096377453083, -3699.075983726541, 33.520930294906066, 24.662965147455907]"
198,People,"[-1157.3388414285714, -3672.084343333333, 0, 0]","[-1228.8095557142858, -3591.778023888889, -285.8828571428576, 321.2252777777758]","[-1300.28027, -3511.471704444444, -285.88285714285666, 321.2252777777794]","[-1371.7509842857144, -3431.165385, -285.8828571428576, 321.2252777777776]","[-1443.2216985714283, -3350.8590655555554, -285.88285714285576, 321.2252777777776]","[-1496.26457, -3268.70678, -212.17148571428697, 328.60914222222164]","[-1438.65232, -3168.27928, 230.44900000000052, 401.7099999999991]","[-1310.10387, -3039.62477, 514.1938, 514.6180400000012]","[-1143.31559, -2905.64215, 667.1531200000005, 535.9304799999995]","[-1049.61753, -2745.83107, 374.79223999999977, 639.2443199999998]","[-986.52611, -2527.03022, 252.36567999999988, 875.2034000000003]","[-879.89078, -2304.85258, 426.54132000000027, 888.7105599999995]","[-701.87215, -2113.45991, 712.0745199999997, 765.5706800000007]","[-495.82806, -1942.6238, 824.1763600000002, 683.3444399999998]","[-367.70964, -1755.88362, 512.4736800000001, 746.96072]","[-265.99953, -1512.81306, 406.84043999999994, 972.2822400000005]"
199,People,"[-120.73522, -1278.14729, 0, 0]","[69.41584, -1069.09117, 760.60424, 836.2244800000008]","[244.33794, -872.51769, 699.6884, 786.2939199999996]","[356.68709, -657.3846, 449.39660000000003, 860.5323600000002]","[451.86832, -390.08644, 380.7249199999999, 1069.19264]","[584.47348, -138.30269, 530.42064, 1007.1349999999999]","[725.74268, 113.06668, 565.0767999999998, 1005.47748]","[823.18376, 353.82269, 389.7643200000002, 963.02404]","[878.53586, 606.91713, 221.4084, 1012.377760000001]","[924.28993, 899.18849, 183.01628000000028, 1169.0854399999998]","[1001.16716, 1163.01996, 307.50891999999976, 1055.3258800000003]","[1083.84276, 1426.95371, 330.7024000000001, 1055.7349999999997]","[1096.99965, 1656.48695, 52.6275599999999, 918.1329599999999]","[1074.80511, 1895.57065, -88.77815999999984, 956.3347999999996]","[1054.43034, 2152.16187, -81.4990800000005, 1026.36488]","[1082.21842, 2392.56724, 111.15232000000015, 961.6214799999998]"
200,People,"[1115.49253, 2609.08969, 0, 0]","[1091.76548, 2781.31462, -94.90819999999985, 688.8997200000013]","[1026.95471, 2934.63501, -259.2430800000002, 613.2815599999994]","[948.54953, 3084.93015, -313.6207199999999, 601.1805600000007]","[904.75801, 3226.70532, -175.16607999999997, 567.1006799999996]","[885.76428, 3365.10864, -75.97492000000011, 553.6132799999996]","[858.93971, 3491.86883, -107.29827999999998, 507.04075999999986]","[839.40272, 3517.00257, -78.14795999999978, 100.53496000000086]","[813.49344, 3496.72745, -103.63712000000041, -81.10048000000104]","[786.83589, 3464.2112, -106.63020000000006, -130.0649999999987]","[771.67586, 3421.42689, -60.640120000000024, -171.13724000000002]","[759.23526, 3365.79363, -49.762399999999616, -222.53304000000026]","[740.1812, 3309.86536, -76.2162400000002, -223.71308000000136]","[662.68631, 3262.45897, -309.97955999999976, -189.6255599999986]","[514.2008825, 3241.3041475, -593.9417100000001, -84.61929000000055]","[337.13982, 3223.11776, -708.2442500000002, -72.74554999999964]"
201,People,"[218.6686, 3199.94546, 0, 0]","[162.74935, 3194.12937, -223.67700000000002, -23.264359999999215]","[153.85097, 3196.64039, -35.59352000000001, 10.044079999999667]","[160.17175, 3189.03393, 25.283120000000054, -30.42583999999988]","[172.71533, 3182.09171, 50.174319999999966, -27.768879999999626]","[178.75182, 3173.00304, 24.14596000000006, -36.35468000000037]","[183.77482, 3162.75083, 20.091999999999985, -41.00884000000042]","[209.54404, 3161.12558, 103.07687999999996, -6.501000000000204]","[240.69479, 3177.01163, 124.60300000000018, 63.54420000000033]","[236.3759, 3190.93138, -17.27556000000004, 55.67900000000009]","[223.15151, 3195.05253, -52.89756, 16.484599999999773]","[205.16127, 3199.74438, -71.96096, 18.767400000000634]","[229.07108, 3213.05934, 95.63923999999997, 53.2598399999988]","[316.73796, 3228.41846, 350.66751999999997, 61.4364800000003]","[339.02618, 3215.85709, 89.1528800000001, -50.24547999999959]","[336.32001, 3218.8539, -10.824679999999944, 11.987240000000384]"
202,People,"[329.05726, 3224.30753, 0, 0]","[310.49939, 3221.60737, -74.23147999999992, -10.800639999999476]","[287.31227, 3213.31622, -92.74847999999997, -33.164600000000064]","[254.67781, 3206.9182, -130.53784000000007, -25.59208000000035]","[220.08537, 3202.71313, -138.36975999999993, -16.82027999999991]","[196.97745, 3203.29384, -92.43168000000003, 2.322839999998905]","[167.29266, 3205.9932, -118.73915999999997, 10.797440000000279]","[147.96088, 3189.88975, -77.32712000000004, -64.41380000000026]","[169.44787, 3173.86992, 85.94796000000004, -64.07931999999897]","[134.29382, 3201.29134, -140.61619999999994, 109.6856800000005]","[66.47477, 3238.22102, -271.2762, 147.71871999999894]","[-9.93644, 3251.4225, -305.64484000000004, 52.8059200000007]","[-45.2015, 3251.71387, -141.06024000000002, 1.1654799999996612]","[-65.07589, 3244.0052022222226, -79.49756, -30.834671111109856]","[-67.774, 3248.79732, -10.79244, 19.168471111110193]","[-69.27257, 3243.98671, -5.994280000000003, -19.242439999999988]"
203,People,"[-69.52891, 3242.24434, 0, 0]","[-59.65061, 3248.02908, 39.51319999999998, 23.138959999998406]","[-68.25101, 3236.59628, -34.40159999999997, -45.73119999999835]","[-82.22339, 3238.69767, -55.889520000000005, 8.405559999999241]","[-93.3235, 3238.28154, -44.40044, -1.664520000000266]","[-91.22123, 3240.8238, 8.40907999999996, 10.169040000000678]","[-91.85956, 3234.28554, -2.553319999999985, -26.153040000001056]","[-96.95072, 3234.21038, -20.36464000000001, -0.30063999999947555]","[-95.6398, 3228.18607, 5.243680000000045, -24.097239999999168]","[-93.56227, 3223.84355, 8.310119999999984, -17.3700800000006]","[-88.48498, 3215.70658, 20.30916000000002, -32.54788000000008]","[-81.79384, 3204.42686, 26.76455999999996, -45.11887999999999]","[-76.44563, 3185.47016, 21.392840000000035, -75.82680000000073]","[-69.10905, 3178.5186, 29.34631999999999, -27.80623999999989]","[-70.95519, 3187.56439, -7.384560000000022, 36.1831600000005]","[-68.94355, 3188.89537, 8.04656, 5.323920000000726]"
204,People,"[-68.08335, 3191.41912, 0, 0]","[-69.5367, 3179.0621, -5.8134000000000015, -49.42807999999968]","[-64.25795818181818, 3174.5467745454544, 21.114967272727256, -18.061301818182983]","[-46.13966, 3161.52806, 72.47319272727273, -52.074858181817035]","[4.1592, 3161.62145, 201.19544, 0.37355999999999767]","[115.90437, 3183.11697, 446.98068, 85.98207999999977]","[231.35889, 3142.36522, 461.81808, -163.0069999999996]","[320.39587, 3040.17016, 356.14792, -408.78024000000005]","[363.9754, 2874.85387, 174.31812000000005, -661.2651600000014]","[349.25104, 2683.58662, -58.89743999999996, -765.0689999999995]","[256.42004, 2462.95464, -371.32400000000007, -882.5279200000004]","[178.81225, 2210.59073, -310.43115999999986, -1009.4556400000001]","[137.79821, 1921.50069, -164.05615999999998, -1156.3601599999993]","[90.08836, 1602.83979, -190.83940000000007, -1274.6436000000003]","[-12.82754, 1311.32752, -411.6636, -1166.0490799999998]","[-128.58076, 1018.94676, -463.01288, -1169.52304]"
205,People,"[-203.18698, 751.61455, 0, 0]","[-286.28527, 443.87579, -332.3931600000001, -1230.95504]","[-438.46623, 157.57697, -608.7238399999999, -1145.19528]","[-634.50701, -93.06564, -784.1631200000002, -1002.57044]","[-775.57362, -329.99519, -564.2664399999999, -947.7181999999999]","[-909.55519, -582.18502, -535.9262800000001, -1008.7593200000001]","[-1054.92705, -853.86449, -581.4874399999999, -1086.7178800000002]","[-1238.90005, -1086.11905, -735.8919999999998, -929.0182399999999]","[-1408.26842, -1304.31211, -677.4734800000011, -872.772240000001]","[-1525.71091, -1521.8738, -469.7699599999996, -870.24676]","[-1613.25617, -1774.4723, -350.1810400000004, -1010.3939999999993]","[-1740.63888, -2002.56944, -509.53083999999944, -912.3885600000003]","[-1890.25541, -2240.46447, -598.46612, -951.5801199999996]","[-1970.12293, -2469.88941, -319.47008000000005, -917.6997600000013]","[-1963.83931, -2678.767, 25.134479999999712, -835.5103599999984]","[-1877.98058, -2897.58414, 343.4349200000006, -875.2685600000004]"
206,People,"[-1793.67429, -3122.29336, 0, 0]","[-1642.04117, -3385.79696, 606.5324799999999, -1054.0144]","[-1492.9249, -3605.12471, 596.46508, -877.3109999999997]","[-1425.062242, -3662.4350606666662, 271.45063200000004, -229.24140266666473]","[-1389.785824117647, -3690.264930882353, 141.10567152941167, -111.31948086274679]","[-1394.0374270588236, -3710.303702941176, -17.006411764706172, -80.15508823529308]","[-1399.199185, -3724.4939925, -20.64703176470539, -56.761158235294715]","[-1404.2176734782608, -3711.20556173913, -20.073953913043624, 53.15372304347875]","[-1410.15639, -3706.95548, -23.75486608695703, 17.000326956520453]","[-1409.1725271428572, -3699.58621968254, 3.9354514285714686, 29.4770412698399]","[-1397.6618842857142, -3686.131342698413, 46.042571428572046, 53.81950793650867]","[-1386.1512414285714, -3672.6764657142858, 46.04257142857114, 53.81950793650867]","[-1377.1229636842106, -3659.945400526316, 36.113110977443284, 50.924260751879046]","[-1368.4327879310345, -3647.010310344828, 34.76070301270465, 51.74036072595118]","[-1366.7453375, -3637.3661875, 6.7498017241377966, 38.576491379313666]","[-1365.0578870689656, -3627.722064655172, 6.7498017241377966, 38.57649137931185]"
207,People,"[-1363.370436637931, -3618.077941810345, 0, 0]","[-1361.6829862068969, -3608.433818965517, 6.749801724136887, 38.57649137931185]","[-1370.2481, -3581.61873, -34.26045517241255, 107.26035586206672]","[-1414.16006, -3536.49903, -175.64783999999963, 180.47880000000077]","[-1455.3792284476535, -3416.164444548737, -164.8766737906144, 481.33834180505255]","[-1465.8719026353792, -3260.29423064982, -41.97069675090279, 623.4808555956679]","[-1476.3645768231047, -3104.4240167509024, -41.97069675090188, 623.4808555956697]","[-1486.8572510108304, -2948.553802851985, -41.97069675090279, 623.4808555956697]","[-1497.349925198556, -2792.6835889530685, -41.970696750902825, 623.4808555956666]","[-1507.8425993862816, -2636.8133750541515, -41.97069675090188, 623.4808555956679]","[-1518.3352735740073, -2480.9431611552345, -41.97069675090279, 623.4808555956679]","[-1528.827947761733, -2325.072947256317, -41.97069675090279, 623.4808555956697]","[-1539.3206219494589, -2169.2027333574006, -41.9706967509037, 623.4808555956661]","[-1549.813296137184, -2013.332519458484, -41.97069675090006, 623.4808555956661]","[-1560.3059703249098, -1857.4623055595664, -41.9706967509037, 623.4808555956706]","[-1481.19693, -1640.49015, 316.436161299639, 867.8886222382653]"
208,People,"[-1408.11827, -1369.82549, 0, 0]","[-1389.57592, -1099.41275, 74.16939999999977, 1081.65096]","[-1327.65919, -801.69626, 247.66691999999966, 1190.8659599999996]","[-1203.73219, -542.5599, 495.70800000000054, 1036.5454400000003]","[-1026.70976, -319.97686, 708.0897199999999, 890.3321599999999]","[-861.96632, -100.06115, 658.9737599999999, 879.66284]","[-707.37865, 140.14011, 618.35068, 960.80504]","[-514.18044, 392.19663, 772.7928400000001, 1008.2260800000001]","[-290.77439, 577.00118, 893.6242000000008, 739.2182000000005]","[-37.21392, 740.58023, 1014.2418799999999, 654.3162000000002]","[178.69497, 937.55378, 863.63556, 787.8941999999997]","[429.63698, 1159.38324, 1003.7680399999999, 887.3178399999997]","[730.78212, 1306.83051, 1204.5805599999999, 589.7890800000005]","[1042.404, 1396.18445, 1246.4875200000001, 357.41575999999986]","[1316.89583, 1510.81969, 1097.9673199999997, 458.54096000000027]","[1607.85686, 1656.60514, 1163.8441200000007, 583.1417999999994]"
209,People,"[1923.75416, 1777.33777, 0, 0]","[2241.34929, 1858.37232, 1270.3805200000006, 324.1381999999994]","[2557.1603, 1936.19857, 1263.2440399999996, 311.3050000000003]","[2840.50399, 2036.08155, 1133.3747600000006, 399.53192000000035]","[3159.07937, 2128.26297, 1274.301519999999, 368.72568000000047]","[3477.50905, 2124.96268, 1273.7187200000008, -13.201160000000527]","[3786.89697, 2083.93031, 1237.5516799999987, -164.1294799999996]","[4082.41334, 2082.04396, 1182.0654800000011, -7.545400000000882]","[4405.10652, 2091.05866, 1290.772720000002, 36.05880000000074]","[4728.2450733333335, 2042.8865066666667, 1292.5542133333329, -192.6886133333337]","[5024.01359, 1947.33695, 1183.0740666666643, -382.1982266666673]","[5306.2721, 1873.72316, 1129.0340400000023, -294.4551599999995]","[5577.52441, 1832.55375, 1085.0092399999994, -164.67763999999988]","[5886.99898, 1788.72073, 1237.8982800000013, -175.33208000000013]","[6150.8549, 1679.87936, 1055.4236799999999, -435.3654800000004]","[6395.78549, 1539.07815, 979.7223599999998, -563.2048399999994]"
210,People,"[6647.65343, 1441.90484, 0, 0]","[6633.790004251497, 1414.3976085254492, -55.45370299401475, -110.02892589820294]","[6594.767421916167, 1391.9958025748504, -156.09032934131756, -89.60722380239531]","[6555.744839580838, 1369.5939966242515, -156.09032934131756, -89.60722380239531]","[6516.722257245508, 1347.1921906736527, -156.09032934131756, -89.60722380239531]","[6477.69967491018, 1324.790384723054, -156.09032934131392, -89.6072238023944]","[6438.677092574851, 1302.388578772455, -156.09032934131756, -89.60722380239622]","[6399.654510239521, 1279.9867728218564, -156.09032934131756, -89.6072238023944]","[6360.631927904192, 1257.5849668712576, -156.0903293413177, -89.6072238023954]","[6321.609345568862, 1235.1831609206588, -156.09032934131756, -89.60722380239531]","[6282.586763233533, 1212.78135497006, -156.09032934131756, -89.60722380239531]","[6243.564180898204, 1190.3795490194611, -156.09032934131756, -89.60722380239531]","[6204.541598562874, 1167.9777430688623, -156.09032934131756, -89.60722380239531]","[6165.519016227545, 1145.5759371182637, -156.09032934131756, -89.6072238023944]","[6126.496433892216, 1123.1741311676649, -156.09032934131392, -89.60722380239531]","[6087.473851556886, 1100.7723252170658, -156.0903293413212, -89.60722380239622]"
211,People,"[6048.451269221557, 1078.370519266467, 0, 0]","[6009.428686886227, 1055.9687133158682, -156.09032934131756, -89.60722380239531]","[5970.406104550898, 1033.5669073652691, -156.09032934131756, -89.60722380239622]","[5931.3835222155685, 1011.1651014146707, -156.09032934131756, -89.60722380239349]","[5892.360939880239, 988.763295464072, -156.09032934131756, -89.60722380239486]","[5853.33835754491, 966.3614895134732, -156.09032934131756, -89.60722380239531]","[5814.315775209581, 943.9596835628744, -156.09032934131392, -89.60722380239531]","[5775.293192874252, 921.5578776122754, -156.09032934131756, -89.60722380239577]","[5736.2706105389225, 899.1560716616766, -156.0903293413177, -89.6072238023954]","[5697.248028203593, 876.7542657110779, -156.09032934131756, -89.60722380239486]","[5658.225445868264, 854.3524597604791, -156.09032934131756, -89.60722380239531]","[5619.202863532934, 831.9506538098802, -156.09032934131756, -89.60722380239531]","[5580.180281197605, 809.5488478592814, -156.09032934131756, -89.60722380239531]","[5541.157698862276, 787.1470419086826, -156.09032934131392, -89.60722380239531]","[5502.135116526946, 764.7452359580839, -156.0903293413212, -89.60722380239486]","[5463.112534191617, 742.343430007485, -156.09032934131756, -89.60722380239531]"
212,People,"[5424.089951856287, 719.9416240568862, 0, 0]","[5385.067369520958, 697.5398181062874, -156.09032934131756, -89.60722380239531]","[5346.044787185629, 675.1380121556886, -156.09032934131756, -89.60722380239531]","[5307.022204850299, 652.7362062050898, -156.09032934131756, -89.60722380239486]","[5267.99962251497, 630.334400254491, -156.09032934131756, -89.60722380239531]","[5228.977040179641, 607.9325943038922, -156.09032934131392, -89.60722380239531]","[5189.954457844311, 585.5307883532934, -156.0903293413212, -89.60722380239531]","[5150.931875508983, 563.1289824026945, -156.09032934131392, -89.60722380239531]","[5111.909293173652, 540.7271764520958, -156.09032934132134, -89.60722380239494]","[5072.886710838324, 518.325370501497, -156.09032934131392, -89.60722380239531]","[5033.864128502994, 495.92356455089816, -156.09032934131756, -89.60722380239531]","[4994.841546167665, 473.52175860029934, -156.09032934131756, -89.60722380239531]","[4955.818963832336, 451.1199526497005, -156.09032934131756, -89.60722380239531]","[4916.796381497006, 428.7181466991018, -156.09032934131756, -89.60722380239486]","[4877.773799161677, 406.31634074850285, -156.09032934131756, -89.60722380239577]","[4838.751216826347, 383.914534797904, -156.09032934131756, -89.60722380239531]"
213,People,"[4799.728634491018, 361.5127288473054, 0, 0]","[4760.706052155689, 339.1109228967066, -156.09032934131756, -89.60722380239531]","[4721.683469820359, 316.70911694610777, -156.09032934131756, -89.60722380239531]","[4682.66088748503, 294.30731099550894, -156.09032934131756, -89.60722380239531]","[4643.6383051497005, 271.9055050449101, -156.09032934131756, -89.60722380239531]","[4604.615722814371, 249.5036990943113, -156.09032934131756, -89.60722380239531]","[4454.50621, 208.55597, -600.4380512574862, -163.79091637724514]","[4172.48328, 159.4515, -1128.0917199999967, -196.41787999999997]","[3895.27958, 141.33708, -1108.8148000000028, -72.45768000000017]","[3619.00681, 134.4938, -1105.0910800000001, -27.37311999999997]","[3364.53067, 43.86654, -1017.904559999999, -362.50903999999997]","[3091.50411, -101.38971, -1092.106240000001, -581.025]","[2803.25342, -204.13694, -1153.0027599999994, -410.98892000000006]","[2515.40627, -287.97765, -1151.3886000000002, -335.3628399999999]","[2264.26407, -400.10541, -1004.5687999999991, -448.5110400000001]","[2003.51009, -548.65761, -1043.0159200000007, -594.2087999999999]"
214,People,"[1706.5389, -689.19327, 0, 0]","[1403.25028, -749.32332, -1213.1544800000001, -240.52019999999993]","[1111.00559, -814.42991, -1168.97876, -260.42635999999993]","[849.92483, -935.59879, -1044.3230399999998, -484.67552000000023]","[562.86704, -1083.07605, -1148.2311600000003, -589.9090399999995]","[246.04895, -1154.86083, -1267.27236, -287.13912000000073]","[-76.73813, -1197.04305, -1291.14832, -168.72887999999966]","[-364.10906, -1276.15502, -1149.48372, -316.4478799999997]","[-665.22761, -1372.90739, -1204.4742000000012, -387.00948000000096]","[-998.82491, -1442.65516, -1334.3892, -278.9910799999998]","[-1333.71611, -1464.64981, -1339.5648, -87.97859999999946]","[-1652.04536, -1517.19905, -1273.317, -210.19696000000022]","[-1950.6027, -1607.36071, -1194.2293599999994, -360.64663999999993]","[-2282.28534, -1698.37611, -1326.73056, -364.0616]","[-2621.81546, -1734.42326, -1358.1204799999996, -144.1886000000004]","[-2966.64159, -1767.16295, -1379.3045200000015, -130.95875999999953]"
215,People,"[-3297.16093, -1845.51083, 0, 0]","[-3647.54871, -1941.49585, -1401.55112, -383.9400800000003]","[-3983.92853, -1966.80946, -1345.5192800000004, -101.2544399999997]","[-4350.0421514736845, -1512.9204856842105, -1464.4544858947374, 1815.555897263158]","[-4737.856196210527, -578.2638725263157, -1551.2561789473693, 3738.626452631579]","[-5125.670240947368, 356.3927406315793, -1551.2561789473657, 3738.62645263158]","[-5513.484285684211, 1291.049353789474, -1551.2561789473693, 3738.626452631579]","[-5750.133645776398, 1627.9747206743566, -946.5974403687505, 1347.7014675395303]","[-5702.294290186336, 1610.134737533274, 191.35742236024834, -71.3599325643309]","[-5654.454934596273, 1592.2947543921916, 191.3574223602518, -71.35993256432903]","[-5606.615579006211, 1574.4547712511092, 191.35742236024817, -71.35993256432994]","[-5558.776223416149, 1556.614788110027, 191.35742236024817, -71.35993256432903]","[-5510.936867826087, 1538.774804968944, 191.35742236024817, -71.35993256433176]","[-5463.097512236025, 1520.9348218278617, 191.35742236024817, -71.35993256432903]","[-5415.258156645963, 1503.094838686779, 191.35742236024817, -71.35993256433085]","[-5367.418801055901, 1485.2548555456965, 191.35742236024817, -71.35993256432994]"
216,People,"[-5319.579445465839, 1467.414872404614, 0, 0]","[-5271.740089875777, 1449.5748892635315, 191.35742236024817, -71.35993256432994]","[-5223.900734285715, 1431.734906122449, 191.35742236024817, -71.35993256432994]","[-5176.061378695653, 1413.8949229813663, 191.35742236024817, -71.35993256433085]","[-5128.222023105591, 1396.054939840284, 191.35742236024817, -71.35993256432903]","[-5080.382667515529, 1378.2149566992014, 191.35742236024817, -71.35993256433085]","[-5032.543311925466, 1360.3749735581189, 191.3574223602518, -71.35993256432994]","[-4984.703956335404, 1342.5349904170364, 191.35742236024817, -71.35993256432994]","[-4936.864600745342, 1324.6950072759537, 191.35742236024834, -71.3599325643309]","[-4889.02524515528, 1306.8550241348712, 191.35742236024817, -71.35993256432994]","[-4841.185889565218, 1289.0150409937887, 191.35742236024817, -71.35993256432994]","[-4793.346533975156, 1271.1750578527062, 191.35742236024817, -71.35993256432994]","[-4745.5071783850935, 1253.3350747116235, 191.35742236024817, -71.35993256433085]","[-4697.667822795032, 1235.4950915705413, 191.35742236024453, -71.35993256432903]","[-4649.8284672049695, 1217.6551084294588, 191.3574223602518, -71.35993256432994]","[-4601.989111614907, 1199.8151252883763, 191.35742236024817, -71.35993256432994]"
217,People,"[-4554.1497560248445, 1181.9751421472936, 0, 0]","[-4506.310400434782, 1164.135159006211, 191.35742236024817, -71.35993256432994]","[-4458.47104484472, 1146.2951758651286, 191.35742236024817, -71.35993256432994]","[-4410.631689254658, 1128.455192724046, 191.35742236024817, -71.35993256433085]","[-4362.792333664596, 1110.6152095829634, 191.35742236024817, -71.35993256432994]","[-4314.952978074534, 1092.775226441881, 191.35742236024817, -71.35993256432994]","[-4267.113622484472, 1074.9352433007984, 191.35742236024817, -71.35993256432994]","[-4219.27426689441, 1057.095260159716, 191.35742236024817, -71.35993256432994]","[-4171.434911304348, 1039.2552770186337, 191.35742236024834, -71.35993256432909]","[-4123.595555714286, 1021.415293877551, 191.35742236024817, -71.35993256433085]","[-4075.756200124224, 1003.5753107364684, 191.35742236024817, -71.35993256433039]","[-4027.916844534162, 985.735327595386, 191.35742236024817, -71.35993256432948]","[-3980.0774889441, 967.8953444543034, 191.35742236024817, -71.35993256433039]","[-3932.2381333540375, 950.0553613132208, 191.35742236024998, -71.35993256433039]","[-3884.398777763976, 932.2153781721383, 191.35742236024635, -71.35993256432994]","[-3836.559422173913, 914.375395031056, 191.3574223602518, -71.35993256432948]"
218,People,"[-3788.720066583851, 896.5354118899733, 0, 0]","[-3740.880710993789, 878.6954287488908, 191.35742236024817, -71.35993256432994]","[-3693.041355403727, 860.8554456078083, 191.35742236024817, -71.35993256432994]","[-3645.2019998136648, 843.0154624667257, 191.35742236024817, -71.35993256433039]","[-3597.3626442236027, 825.1754793256432, 191.35742236024817, -71.35993256432994]","[-3388.64554, 1059.59711, 834.868416894411, 937.6865226974269]","[-3133.40954, 1268.0464, 1020.9439999999995, 833.7971600000001]","[-2850.41572, 1406.40186, 1131.9752800000006, 553.42184]","[-2603.64061, 1554.61798, 987.1004400000011, 592.8644800000008]","[-2360.29739, 1724.60474, 973.372879999999, 679.94704]","[-2072.28524, 1940.80717, 1152.0486, 864.8097200000002]","[-1774.22237, 2096.73346, 1192.2514800000008, 623.7051599999995]","[-1486.2726, 2251.80913, 1151.7990799999998, 620.3026800000007]","[-1244.53445, 2463.277045, 966.9525999999996, 845.8716599999989]","[-1026.95553, 2706.98391, 870.3156800000006, 974.8274600000004]","[-797.87066, 2906.50279, 916.3394799999996, 798.0755200000003]"
219,People,"[-515.75637, 3095.72662, 0, 0]","[-252.77315, 3312.86431, 1051.9328799999998, 868.5507600000001]","[-130.77927, 3476.98369, 487.97551999999996, 656.4775200000004]","[-100.27561, 3550.21685, 122.01463999999999, 292.9326399999991]","[-77.08881, 3557.09285, 92.74720000000002, 27.504000000000815]","[-87.72652, 3563.26598, -42.550839999999994, 24.692520000000513]","[-110.10895, 3581.3979, -89.52972, 72.52767999999924]","[-146.43381, 3598.16599, -145.29944, 67.07236000000012]","[-155.39183, 3599.88769, -35.83208000000005, 6.886800000000227]","[-154.94334, 3597.93093, 1.79395999999997, -7.827040000000125]","[-159.03024, 3599.12446, -16.347599999999943, 4.774120000000039]","[-208.90412, 3620.19023, -199.49552000000006, 84.26308000000063]","[-254.6862, 3632.98521, -183.12832000000003, 51.179919999998674]","[-257.26461, 3634.20533, -10.313639999999964, 4.880479999999807]","[-250.20319, 3632.58726, 28.245679999999993, -6.472279999999955]","[-242.08767, 3634.58165, 32.462080000000014, 7.977560000001176]"
220,People,"[-251.35527272727276, 3645.390348181818, 0, 0]","[-264.88581705882353, 3649.705171764706, -54.12217732620309, 17.259294331552155]","[-250.32954, 3646.29649, 58.2251082352941, -13.634727058823046]","[-241.7894, 3629.17244, 34.16056000000003, -68.49620000000141]","[-237.890355, 3616.507235, 15.596180000000004, -50.66081999999915]","[-238.59695, 3596.05139, -2.826379999999972, -81.82337999999982]","[-255.221326, 3527.280258, -66.49750400000005, -275.0845280000012]","[-256.1172312244898, 3464.637272040816, -3.583620897959122, -250.57194383673595]","[-253.90261897959184, 3402.436251632653, 8.858448979591806, -248.80408163265224]","[-257.41543, 3328.93239, -14.051244081632717, -294.01544653061137]","[-249.97792, 3272.62256, 29.750040000000013, -225.2393200000006]","[-291.42242, 3220.25708, -165.7779999999999, -209.46191999999974]","[-418.8886, 3145.5417, -509.86472000000003, -298.86151999999856]","[-606.50426, 3052.78671, -750.4626400000002, -371.01996000000145]","[-832.56608, 2996.3909, -904.24728, -225.58323999999993]","[-1111.50812, 2983.39934, -1115.7681599999996, -51.96623999999974]"
221,People,"[-1370.65414, 2917.64572, 0, 0]","[-1629.04024, 2802.24753, -1033.5443999999998, -461.59275999999954]","[-1895.21819, 2672.00012, -1064.7118, -520.9896399999998]","[-2168.421212222222, 2581.2933022222223, -1092.812088888888, -362.82727111111126]","[-2444.5621, 2487.32022, -1104.5635511111122, -375.8923288888891]","[-2679.17713, 2358.01451, -938.4601199999997, -517.2228400000004]","[-2944.04482, 2166.22494, -1059.4707600000002, -767.1582799999996]","[-3239.419589827586, 2041.9229975862067, -1181.4990793103443, -497.20776965517325]","[-3534.499852758621, 1935.5099286206896, -1180.3210517241398, -425.65227586206896]","[-3809.92366, 1817.63416, -1101.6952289655164, -471.50307448275817]","[-4092.799108918919, 1674.6540364864866, -1131.5017956756765, -571.920494054054]","[-4387.482862222222, 1543.01527, -1178.7350132132124, -526.5550659459459]","[-4698.2265725, 1470.5949775, -1242.9748411111104, -289.68117000000075]","[-4992.728, 1403.13138, -1178.0057100000013, -269.8543899999995]","[-5261.82676, 1297.92393, -1076.3950399999994, -420.82980000000043]","[-5561.98319, 1157.07397, -1200.62572, -563.39984]"
222,People,"[-5880.52377, 1082.08949, 0, 0]","[-6201.46482, 1037.44182, -1283.7642000000014, -178.59068000000025]","[-6465.68936, 950.17892, -1056.8981600000006, -349.05160000000024]","[-6739.39537, 843.71715, -1094.8240399999995, -425.84708]","[-6930.61377258547, 783.0570448931624, -764.8736103418778, -242.64042042735036]","[-6861.692353247863, 824.4537409401709, 275.685677350426, 165.58678418803402]","[-6792.770933910256, 865.8504369871795, 275.6856773504296, 165.58678418803447]","[-6723.849514572649, 907.247133034188, 275.685677350426, 165.58678418803402]","[-6654.928095235043, 948.6438290811966, 275.6856773504262, 165.5867841880346]","[-6586.006675897435, 990.0405251282052, 275.6856773504296, 165.58678418803447]","[-6517.085256559829, 1031.4372211752136, 275.685677350426, 165.58678418803356]","[-6448.163837222222, 1072.8339172222222, 275.685677350426, 165.58678418803447]","[-6379.242417884615, 1114.2306132692306, 275.6856773504296, 165.58678418803356]","[-6310.3209985470085, 1155.6273093162392, 275.685677350426, 165.58678418803447]","[-6241.399579209402, 1197.024005363248, 275.685677350426, 165.58678418803538]","[-6172.478159871795, 1238.4207014102562, 275.6856773504296, 165.58678418803265]"
223,People,"[-6103.556740534188, 1279.8173974572649, 0, 0]","[-6034.635321196582, 1321.2140935042737, 275.685677350426, 165.58678418803538]","[-5965.713901858974, 1362.610789551282, 275.6856773504296, 165.58678418803356]","[-5896.792482521368, 1404.0074855982907, 275.685677350426, 165.58678418803447]","[-5827.87106318376, 1445.404181645299, 275.6856773504296, 165.58678418803356]","[-5758.949643846154, 1486.8008776923075, 275.685677350426, 165.58678418803356]","[-5690.028224508547, 1528.1975737393163, 275.685677350426, 165.58678418803538]","[-5759.0289, 1601.25441, -276.00270196581187, 292.22734504273467]","[-5791.815290140186, 1611.8195987850463, -131.14556056074446, 42.260755140185246]","[-5706.677433247663, 1580.120025186916, 340.5514275700916, -126.7982943925208]","[-5621.53957635514, 1548.420451588785, 340.55142757009526, -126.79829439252444]","[-5536.401719462617, 1516.720877990654, 340.5514275700916, -126.79829439252444]","[-5451.263862570093, 1485.0213043925232, 340.55142757009526, -126.79829439252262]","[-5366.12600567757, 1453.3217307943924, 340.5514275700916, -126.79829439252353]","[-5280.988148785046, 1421.6221571962617, 340.55142757009526, -126.79829439252262]","[-5195.850291892523, 1389.9225835981308, 340.5514275700916, -126.79829439252353]"
224,People,"[-5110.712435, 1358.22301, 0, 0]","[-5025.574578107477, 1326.523436401869, 340.55142757009526, -126.79829439252353]","[-4940.436721214954, 1294.8238628037384, 340.5514275700916, -126.79829439252262]","[-4855.29886432243, 1263.1242892056075, 340.55142757009526, -126.79829439252353]","[-4770.161007429906, 1231.4247156074766, 340.55142757009526, -126.79829439252353]","[-4685.023150537383, 1199.7251420093455, 340.5514275700916, -126.79829439252444]","[-4599.88529364486, 1168.0255684112149, 340.5514275700916, -126.79829439252262]","[-4514.747436752336, 1136.325994813084, 340.55142757009526, -126.79829439252353]","[-4429.6095798598135, 1104.626421214953, 340.5514275700919, -126.79829439252364]","[-4255.143867, 1101.8005879999998, 697.8628514392549, -11.303332859813054]","[-3987.24241, 1136.90714, 1071.6058279999997, 140.42620800000077]","[-3738.11825, 1212.52014, 996.4966399999994, 302.4520000000002]","[-3478.85052, 1315.92475, 1037.0709200000001, 413.6184399999993]","[-3208.31527, 1393.62957, 1082.1409999999996, 310.8192800000006]","[-2935.95103, 1434.93566, 1089.4569599999995, 165.22436000000016]","[-2671.02301, 1477.66909, 1059.7120800000012, 170.93372]"
225,People,"[-2430.49083, 1553.38888, 0, 0]","[-2165.94675, 1664.1208, 1058.1763200000005, 442.9276799999998]","[-1876.53199, 1714.85425, 1157.6590400000005, 202.9338000000007]","[-1574.15618, 1729.7358, 1209.50324, 59.526199999999335]","[-1318.54414, 1801.83531, 1022.4481599999999, 288.39804000000004]","[-1112.21784, 1950.51156, 825.3051999999998, 594.7049999999999]","[-900.60615, 2142.51459, 846.4467600000003, 768.0121200000012]","[-691.45977, 2311.98469, 836.5855199999996, 677.8803999999982]","[-493.56409, 2498.13998, 791.5827200000008, 744.6211600000013]","[-392.5949, 2730.28122, 403.8767600000001, 928.5649599999997]","[-337.32206, 2987.8124, 221.0913599999999, 1030.1247199999998]","[-256.30455, 3218.48464, 324.07004000000006, 922.6889600000013]","[-153.11619, 3426.34011, 412.75344000000007, 831.4218799999999]","[-117.28937, 3565.09325, 143.30727999999993, 555.0125599999992]","[-124.04382455479453, 3594.52848770548, -27.017818219178082, 117.7409508219207]","[-129.3500959589041, 3601.0346460958904, -21.225085616438264, 26.024633561641167]"
226,People,"[-134.6563673630137, 3607.5408044863016, 0, 0]","[-139.96263876712328, 3614.046962876712, -21.225085616438378, 26.024633561641167]","[-145.26891017123287, 3620.553121267124, -21.225085616438378, 26.024633561648443]","[-150.57518157534247, 3627.0592796575343, -21.225085616438378, 26.024633561641167]","[-155.88145297945206, 3633.5654380479455, -21.225085616438378, 26.024633561644805]","[-161.18772438356166, 3640.071596438356, -21.225085616438378, 26.024633561642986]","[-166.49399578767122, 3646.577754828768, -21.225085616438264, 26.024633561646624]","[-171.80026719178082, 3653.083913219178, -21.225085616438378, 26.024633561641167]","[-177.1065385958904, 3659.590071609589, -21.225085616438395, 26.02463356164301]","[-182.41281, 3666.09623, -21.225085616438378, 26.024633561644805]","[-162.30776, 3654.40822, 80.42020000000002, -46.752040000001216]","[-147.60215, 3638.86938, 58.82244000000003, -62.155359999998836]","[-140.38895, 3622.69865, 28.852800000000002, -64.6829200000011]","[-128.65904, 3604.37512, 46.91963999999996, -73.29411999999866]","[-124.90501, 3589.72136, 15.01612, -58.61504000000059]","[-106.88568, 3545.60213, 72.07732000000004, -176.47691999999915]"
227,People,"[-88.81611, 3439.54884, 0, 0]","[-141.0503475, 3345.9118825, -208.93694999999997, -374.5478299999995]","[-271.24042, 3339.96852, -520.7602899999999, -23.773450000000594]","[-364.51647, 3387.10092, -373.1042000000002, 188.52959999999985]","[-421.37705, 3412.25515, -227.44231999999988, 100.61692000000039]","[-470.18563, 3463.36526, -195.23432000000003, 204.4404400000003]","[-488.86509, 3515.84233, -74.71784000000002, 209.90827999999965]","[-502.90849, 3526.97256, -56.17359999999985, 44.52092000000084]","[-516.07822, 3508.88174, -52.67892000000011, -72.36328000000147]","[-524.69446, 3486.60283, -34.46496000000025, -89.11563999999998]","[-527.82877, 3459.75404, -12.537239999999656, -107.39516000000003]","[-531.21864, 3413.62034, -13.559480000000349, -184.53479999999945]","[-529.76534, 3349.57966, 5.813200000000052, -256.16272000000026]","[-494.33178, 3278.18028, 141.73424000000023, -285.59751999999935]","[-372.70969, 3221.27285, 486.48835999999983, -227.62972000000082]","[-220.60978, 3162.62533, 608.3996400000001, -234.59007999999994]"
228,People,"[-54.63446, 3048.93302, 0, 0]","[127.44527, 2909.09237, 728.3189199999999, -559.3626000000004]","[310.47868, 2780.53577, 732.13364, -514.2263999999996]","[515.62631, 2688.92746, 820.59052, -366.4332400000003]","[747.82027, 2596.43957, 928.7758400000002, -369.9515599999995]","[945.0338, 2454.78065, 788.85412, -566.6356799999994]","[1090.31419, 2271.00224, 581.12156, -735.1136400000014]","[1227.06148, 2071.62916, 546.9891600000001, -797.4923199999994]","[1394.74478, 1900.05253, 670.7332000000002, -686.3065200000007]","[1592.29107, 1717.90711, 790.18516, -728.5816799999993]","[1753.58495, 1508.85472, 645.1755199999998, -836.2095600000002]","[1881.21377, 1296.40837, 510.51528000000053, -849.7853999999998]","[2030.19306, 1086.40425, 595.91716, -840.0164800000002]","[2220.51565, 938.38843, 761.290359999999, -592.0632800000003]","[2471.29439, 786.73729, 1003.1149600000008, -606.6045599999998]","[2696.86211, 613.6101, 902.27088, -692.5087600000002]"
229,People,"[2888.60839, 414.97754, 0, 0]","[3086.06509, 255.93789, 789.8268000000007, -636.1585999999999]","[3324.47031, 152.91418, 953.6208800000004, -412.0948400000001]","[3621.15967, 58.56883, 1186.7574399999994, -377.3814]","[3934.7323, -79.45565, 1254.2905200000005, -552.09792]","[4202.779518125, -57.832378125000005, 1072.1888725000008, 86.4930875]","[4452.106481666667, 68.06874166666668, 997.3078541666655, 503.60447916666675]","[4701.433445208333, 193.96986145833333, 997.3078541666655, 503.6044791666666]","[4950.76040875, 319.87098125, 997.30785416667, 503.60447916666715]","[5200.087372291667, 445.7721010416667, 997.3078541666655, 503.6044791666668]","[5449.414335833333, 571.6732208333333, 997.3078541666655, 503.60447916666635]","[5698.741299375, 697.574340625, 997.3078541666691, 503.6044791666668]","[5948.068262916667, 823.4754604166667, 997.3078541666655, 503.6044791666668]","[6197.395226458333, 949.3765802083334, 997.3078541666655, 503.6044791666668]","[6446.72219, 1075.2777, 997.3078541666691, 503.6044791666668]","[6696.049153541667, 1201.178819791667, 997.3078541666655, 503.60447916666726]"
230,People,"[6945.376117083333, 1327.0799395833335, 0, 0]","[7194.703080625, 1452.981059375, 997.3078541666691, 503.60447916666635]","[7444.030044166666, 1578.882179166667, 997.3078541666619, 503.60447916666726]","[7693.357007708333, 1704.7832989583335, 997.3078541666691, 503.60447916666635]","[7942.68397125, 1830.68441875, 997.3078541666655, 503.60447916666635]","[8192.010934791666, 1956.585538541667, 997.3078541666655, 503.60447916666726]","[8441.337898333333, 2082.4866583333333, 997.3078541666691, 503.60447916666544]","[8690.664861875, 2208.387778125, 997.3078541666691, 503.60447916666635]","[8841.65156, 2282.23267, 603.9467924999996, 295.3795675000004]","[8847.30237, 2281.4411, 22.60323999999673, -3.1662799999994604]","[8848.589956, 2280.023008, 5.150344000001496, -5.672367999999551]","[8847.072665, 2279.58377, -6.069164000000455, -1.7569519999997283]","[8844.92944, 2277.20185, -8.572899999999208, -9.527680000001055]","[8841.35072, 2272.98162, -14.314879999998084, -16.880919999999605]","[8839.7342, 2271.39544, -6.466079999998328, -6.344720000000962]","[8790.12320276808, 2238.3107050374065, -198.44398892768368, -132.3389398503732]"
231,People,"[8682.972282568579, 2064.2371115211968, 0, 0]","[8575.821362369077, 1890.1635180049875, -428.60368079800537, -696.294374064837]","[8468.670442169576, 1716.089924488778, -428.60368079800537, -696.2943740648379]","[8361.519521970074, 1542.0163309725683, -428.60368079800537, -696.2943740648388]","[8254.368601770573, 1367.942737456359, -428.60368079800537, -696.294374064837]","[8147.217681571073, 1193.8691439401496, -428.60368079800173, -696.2943740648379]","[8040.066761371571, 1019.79555042394, -428.60368079800537, -696.2943740648384]","[7932.91584117207, 845.7219569077306, -428.60368079800537, -696.2943740648375]","[7825.764920972569, 671.6483633915211, -428.60368079800577, -696.2943740648385]","[7718.614000773067, 497.5747698753116, -428.60368079800537, -696.2943740648382]","[7611.463080573566, 323.50117635910215, -428.60368079800537, -696.2943740648377]","[7504.312160374066, 149.42758284289266, -428.60368079800173, -696.2943740648379]","[7397.161240174564, -24.6460106733166, -428.60368079800537, -696.294374064837]","[7290.010319975063, -198.7196041895263, -428.60368079800537, -696.2943740648388]","[7182.8593997755615, -372.7931977057356, -428.60368079800537, -696.2943740648373]","[7068.13166, -525.12554, -458.9109591022461, -609.3293691770575]"
232,People,"[6890.66833, -550.84165, 0, 0]","[6616.087859107929, -464.57485480176217, -1098.3218835682856, 345.06718079295115]","[6333.500097268722, -367.1853382819384, -1130.3510473568276, 389.55806607929503]","[6050.912335429515, -269.7958217621146, -1130.3510473568276, 389.55806607929526]","[5768.324573590308, -172.40630524229084, -1130.3510473568276, 389.55806607929503]","[5485.736811751101, -75.01678872246703, -1130.3510473568276, 389.55806607929526]","[5203.149049911894, 22.372727797356788, -1130.3510473568313, 389.55806607929526]","[4920.561288072688, 119.76224431718047, -1130.351047356824, 389.55806607929475]","[4637.97352623348, 217.1517608370043, -1130.3510473568322, 389.55806607929566]","[4355.385764394273, 314.5412773568281, -1130.3510473568276, 389.55806607929526]","[4072.798002555066, 411.93079387665193, -1130.3510473568276, 389.55806607929526]","[3790.210240715859, 509.32031039647575, -1130.3510473568276, 389.55806607929526]","[3507.622478876652, 606.7098269162994, -1130.3510473568276, 389.5580660792948]","[3225.034717037445, 704.0993434361231, -1130.3510473568294, 389.5580660792948]","[2942.446955198238, 801.4888599559471, -1130.3510473568276, 389.5580660792957]","[2659.8591933590305, 898.8783764757708, -1130.3510473568294, 389.5580660792948]"
233,People,"[2377.271431519824, 996.2678929955944, 0, 0]","[2094.6836696806167, 1093.6574095154183, -1130.3510473568294, 389.5580660792957]","[1812.0959078414096, 1191.046926035242, -1130.3510473568285, 389.5580660792948]","[1529.508146002203, 1288.4364425550657, -1130.3510473568267, 389.5580660792948]","[1246.920384162996, 1385.82595907489, -1130.3510473568276, 389.55806607929753]","[964.3326223237892, 1483.2154755947136, -1130.3510473568272, 389.5580660792939]","[681.7448604845822, 1580.6049921145373, -1130.351047356828, 389.5580660792948]","[399.1570986453744, 1677.994508634361, -1130.3510473568313, 389.5580660792948]","[116.56933680616748, 1775.384025154185, -1130.3510473568285, 389.55806607929696]","[-166.01842503303942, 1872.7735416740088, -1130.3510473568276, 389.5580660792948]","[-448.6061868722463, 1970.1630581938325, -1130.3510473568276, 389.5580660792948]","[-731.1939487114532, 2067.552574713656, -1130.3510473568276, 389.5580660792948]","[-1013.78171055066, 2164.94209123348, -1130.3510473568272, 389.5580660792948]","[-1296.369472389867, 2262.331607753304, -1130.351047356828, 389.5580660792966]","[-1578.9572342290749, 2359.721124273128, -1130.3510473568313, 389.5580660792966]","[-1861.5449960682809, 2457.1106407929515, -1130.351047356824, 389.558066079293]"
234,People,"[205.2868, 2487.4589, 0, 0]","[212.27372, 2549.52912, 27.94767999999999, 248.28088000000025]","[184.71011, 2576.84501, -110.25444000000005, 109.26355999999942]","[137.65707, 2536.86988, -188.21215999999993, -159.90051999999923]","[76.80017, 2434.37028, -243.42760000000004, -409.9984000000004]","[37.19047, 2351.18552, -158.4388, -332.7390400000004]","[15.58888, 2307.24899, -86.40635999999999, -175.7461199999998]","[3.86164, 2293.31314, -46.90896, -55.74339999999938]","[1.92172, 2288.90009, -7.759680000000007, -17.652200000000462]","[-1.95561, 2301.0842, -15.50932, 48.736439999998765]","[1.62365, 2305.1211, 14.31704, 16.14760000000024]","[5.52201, 2307.47496, 15.59344, 9.415440000000672]","[7.28237, 2308.01628, 7.0414400000000015, 2.1652799999992567]","[9.80376, 2301.9326, 10.085560000000001, -24.334719999998924]","[15.26145, 2299.35661, 21.830759999999998, -10.303960000001098]","[26.88458, 2298.60906, 46.49252, -2.9901999999983673]"
235,People,"[41.23895, 2299.74201, 0, 0]","[36.65602, 2301.1909, -18.33172000000002, 5.795560000000478]","[37.78192, 2289.8635, 4.503600000000006, -45.3096000000005]","[166.11189, 2257.65483, 513.31988, -128.83467999999993]","[326.79061, 2276.93505, 642.7148800000001, 77.1208800000004]","[504.80278, 2275.52494, 712.0486799999999, -5.6404400000010355]","[658.06325, 2183.32273, 613.0418800000002, -368.8088399999997]","[831.26284, 2005.01361, 692.7983599999998, -713.2364799999996]","[1051.96549, 1860.68291, 882.810600000001, -577.3228000000005]","[1285.5375, 1772.98553, 934.2880399999995, -350.78952000000027]","[1539.21556, 1743.47387, 1014.7122400000007, -118.04663999999957]","[1736.6511, 1682.73259, 789.7421599999998, -242.96511999999984]","[1937.96728, 1635.28541, 805.2647200000001, -189.78872000000047]","[2127.55157, 1681.96199, 758.33716, 186.70632000000023]","[2326.76699, 1830.36589, 796.86168, 593.6156000000001]","[2582.16052, 1978.77255, 1021.5741199999993, 593.6266399999995]"
236,People,"[2866.79998, 1996.82897, 0, 0]","[3166.67372, 1937.06029, 1199.49496, -239.07472000000053]","[3453.02658, 1946.7896, 1145.4114400000017, 38.917240000000675]","[3757.64947, 1967.70521, 1218.4915599999986, 83.66244000000006]","[4048.77748, 1925.85764, 1164.5120400000014, -167.39028000000053]","[4304.19124, 1801.22823, 1021.6550399999996, -498.51764000000003]","[4574.024354444445, 1657.212511111111, 1079.3324577777785, -576.0628755555554]","[4854.88148, 1545.74795, 1123.4285022222211, -445.8582444444446]","[5165.62685, 1438.06787, 1242.9814799999997, -430.72031999999984]","[5425.66526, 1284.88862, 1040.1536400000005, -612.7170000000006]","[5646.70808, 1085.07451, 884.1712800000023, -799.2564400000001]","[5867.24208, 883.88562, 882.1359999999986, -804.7555599999996]","[6124.07400734375, 739.40349296875, 1027.3277093750003, -577.928508125]","[6376.55963625, 595.85323125, 1009.9425156249999, -574.201046875]","[6626.95568, 451.04782, 1001.584175, -579.2216450000001]","[6819.95521, 243.67887, 771.9981200000002, -829.4758]"
237,People,"[7025.08315, 40.25018, 0, 0]","[7222.86524, -67.97713, 791.1283599999988, -432.90924]","[7478.2564, -121.25084, 1021.5646400000005, -213.09483999999998]","[7644.547307205883, -202.1327398529412, 665.1636288235313, -323.5275994117648]","[7754.961625220589, -277.3715394852941, 441.65727205882285, -300.9551985294115]","[7865.3759432352945, -352.6103391176471, 441.65727205882285, -300.955198529412]","[7975.79026125, -427.84913875, 441.65727205882285, -300.95519852941175]","[8086.204579264707, -503.0879383823529, 441.6572720588265, -300.9551985294115]","[8196.618897279412, -578.3267380147058, 441.6572720588196, -300.95519852941203]","[8319.84273, -660.68978, 492.89533088235476, -329.45216794117687]","[8405.09878, -726.68754, 341.02419999999984, -263.9910399999999]","[8386.43201, -776.35387, -74.66707999999926, -198.66532000000007]","[8360.5679, -783.95769, -103.45644000000175, -30.41527999999971]","[8351.64266, -794.8574, -35.70096000000194, -43.59884000000011]","[8344.99052, -802.79342, -26.60856000000058, -31.74407999999994]","[8341.740898195489, -806.7177695488722, -12.99848721804301, -15.697398195488859]"
238,People,"[8329.899250639097, -815.5676389097744, 0, 0]","[8318.057603082707, -824.4175082706766, -47.366590225559776, -35.39947744360916]","[8306.215955526315, -833.2673776315789, -47.36659022556705, -35.39947744360916]","[8294.374307969925, -842.1172469924811, -47.366590225559776, -35.3994774436087]","[8282.532660413533, -850.9671163533834, -47.36659022556705, -35.39947744360916]","[8270.691012857144, -859.8169857142857, -47.366590225559776, -35.39947744360916]","[8258.849365300752, -868.666855075188, -47.36659022556705, -35.39947744360916]","[8247.007717744362, -877.5167244360902, -47.366590225559776, -35.3994774436087]","[8235.16607018797, -886.3665937969924, -47.366590225567094, -35.399477443609186]","[8223.32442263158, -895.2164631578947, -47.366590225559776, -35.39947744360916]","[8131.042066363636, -909.2039196103896, -369.1294250717765, -55.9498258099793]","[7909.26927375, -934.1465746428572, -887.0911704545433, -99.77062012987062]","[7687.496481136363, -959.0892296753246, -887.091170454547, -99.77062012986971]","[7465.723688522728, -984.0318847077922, -887.0911704545433, -99.77062012987017]","[7243.950895909091, -1008.9745397402596, -887.091170454547, -99.77062012986971]","[7022.178103295455, -1033.9171947727273, -887.0911704545433, -99.77062012987062]"
239,People,"[6800.405310681818, -1058.8598498051947, 0, 0]","[6578.6325180681815, -1083.8025048376624, -887.091170454547, -99.77062012987062]","[6356.859725454546, -1108.7451598701298, -887.0911704545433, -99.77062012986971]","[6135.086932840909, -1133.6878149025974, -887.091170454547, -99.77062012987062]","[5913.314140227272, -1158.6304699350649, -887.091170454547, -99.77062012986971]","[5691.541347613636, -1183.5731249675323, -887.0911704545433, -99.77062012986971]","[5469.768555000001, -1208.51578, -887.0911704545433, -99.77062012987062]","[5247.995762386364, -1233.4584350324676, -887.091170454547, -99.77062012987062]","[5026.222969772727, -1258.401090064935, -887.0911704545478, -99.7706201298698]","[4804.450177159091, -1283.3437450974025, -887.0911704545433, -99.77062012986971]","[4582.677384545455, -1308.28640012987, -887.0911704545433, -99.77062012986971]","[4360.904591931818, -1333.2290551623375, -887.0911704545506, -99.77062012987062]","[4139.131799318182, -1358.1717101948052, -887.0911704545433, -99.77062012987062]","[3917.359006704545, -1383.1143652272726, -887.091170454547, -99.77062012986971]","[3695.586214090909, -1408.0570202597405, -887.0911704545451, -99.77062012987153]","[3473.8134214772726, -1432.9996752922077, -887.0911704545451, -99.7706201298688]"
240,People,"[3252.040628863637, -1457.9423303246754, 0, 0]","[3030.26783625, -1482.8849853571428, -887.091170454547, -99.77062012986971]","[2808.495043636364, -1507.8276403896102, -887.0911704545451, -99.77062012986971]","[2573.1706, -1614.13454, -941.2977745454555, -425.22759844155917]","[2316.93394, -1772.45057, -1024.9466400000001, -633.2641199999998]","[2074.05311, -1862.84382, -971.5233200000002, -361.5730000000003]","[1821.80687, -1915.2284, -1008.9849599999998, -209.53831999999966]","[1593.41805, -2046.59203, -913.5552799999996, -525.4545200000002]","[1444.65871, -2243.52355, -595.0373600000008, -787.7260800000001]","[1318.17752, -2491.52242, -505.9247599999999, -991.9954799999996]","[1148.43788, -2663.91523, -678.95856, -689.5712400000011]","[951.0624711627906, -2786.3949006976745, -789.5016353488372, -489.91868279069786]","[772.2621106976744, -2957.3475344186045, -715.2014418604649, -683.8105348837198]","[609.06364, -3136.49811, -652.7938827906978, -716.6023023255821]","[475.47393, -3354.32759, -534.3588399999999, -871.3179199999995]","[289.8795, -3475.39611, -742.37772, -484.27408000000105]"
241,People,"[152.54941, -3467.43772, 0, 0]","[36.95236, -3488.41817, -462.3882, -83.92180000000008]","[-68.12186, -3542.94492, -420.29688, -218.10699999999997]","[-199.46246, -3624.82627, -525.3624, -327.52540000000045]","[-311.43657, -3644.52017, -447.8964400000001, -78.77559999999903]","[-301.62539, -3707.01956, 39.24472000000014, -249.9975600000016]","[-269.50983, -3748.76625, 128.46223999999984, -166.98675999999978]","[-241.04406, -3774.44686, 113.86308000000008, -102.72243999999955]","[-226.23117, -3777.63173, 59.25156000000009, -12.739480000000196]","[-221.89459, -3778.40503, 17.34631999999999, -3.0931999999993423]","[-218.65937, -3779.96433, 12.940879999999993, -6.237199999999575]","[-218.99212, -3780.67025, -1.3310000000000173, -2.823680000001332]","[-208.10863, -3788.76374, 43.53395999999998, -32.37395999999899]","[-200.39249, -3784.55565, 30.864559999999983, 16.832360000000335]","[-197.75784, -3783.65757, 10.538600000000088, 3.592319999999745]","[-193.52744, -3783.02379, 16.9215999999999, 2.535119999998642]"
242,People,"[-189.85001, -3786.59738, 0, 0]","[-195.2094890909091, -3781.048294545455, -21.43791636363642, 22.19634181818037]","[-190.11728, -3777.06314, 20.368836363636433, 15.940618181819445]","[-176.09317, -3782.64345, 56.09644000000003, -22.321239999999307]","[-157.22037, -3786.527, 75.49119999999994, -15.534200000000055]","[-137.93759, -3792.1752, 77.13112000000001, -22.592800000000352]","[-124.90803, -3767.87905, 52.118240000000014, 97.1846000000005]","[-101.53728, -3742.2979, 93.483, 102.32459999999992]","[-76.88113, -3743.37043, 98.62460000000007, -4.290119999999664]","[-60.51396, -3681.00769, 65.46868, 249.45096000000012]","[-65.45401, -3569.58497, -19.760199999999998, 445.6908800000001]","[-128.2366, -3426.58204, -251.13036000000005, 572.0117200000004]","[-218.81517, -3216.19406, -362.31427999999994, 841.5519199999999]","[-265.47094, -3058.94008, -186.62307999999996, 629.0159199999998]","[-223.51018, -2896.89809, 167.84303999999997, 648.1679599999989]","[-114.48172, -2711.5681, 436.11384, 741.3199600000007]"
243,People,"[-77.60728, -2482.03518, 0, 0]","[-109.4533, -2208.60135, -127.38407999999998, 1093.7353199999998]","[-129.36953, -1935.6684, -79.66492, 1091.7317999999996]","[-91.36629, -1707.14296, 152.01295999999996, 914.1017600000005]","[-13.93717, -1444.86728, 309.71648000000005, 1049.1027199999999]","[-39.6056, -1182.50558, -102.67372, 1049.4467999999997]","[-161.20028, -936.0089, -486.37871999999993, 985.9867199999999]","[-291.0776, -670.06104, -519.5092800000001, 1063.79144]","[-343.73908, -397.52593, -210.64592000000013, 1090.140440000001]","[-364.11443, -112.87119, -81.5014000000001, 1138.61896]","[-455.98818, 146.81613, -367.4949999999999, 1038.74928]","[-595.28837, 391.14031, -557.20076, 977.29672]","[-769.89429, 631.86009, -698.4236799999999, 962.8791200000001]","[-843.23635, 864.17233, -293.36824000000024, 929.2489599999999]","[-853.7474, 1094.62602, -42.04419999999982, 921.8147599999998]","[-910.74143, 1322.47078, -227.97612000000026, 911.3790400000007]"
244,People,"[-1064.83599, 1530.03962, 0, 0]","[-1278.02327, 1732.62564, -852.7491199999995, 810.3440799999998]","[-1372.23957, 1935.27774, -376.8652000000002, 810.6084000000001]","[-1365.75679, 2100.70957, 25.931120000000192, 661.72732]","[-1353.30674, 2265.25285, 49.80019999999968, 658.1731199999995]","[-1418.38219, 2392.18652, -260.3018000000002, 507.7346800000014]","[-1529.05148, 2527.95184, -442.6771600000002, 543.0612799999999]","[-1630.85216, 2688.92517, -407.2027199999993, 643.8933199999992]","[-1655.22636, 2778.19318, -97.49680000000089, 357.07204000000127]","[-1692.81624, 2819.33101, -150.35951999999997, 164.55131999999867]","[-1729.08045, 2827.84463, -145.05683999999928, 34.054480000000694]","[-1763.58456, 2811.99728, -138.01644000000033, -63.38940000000002]","[-1780.71494, 2802.0808, -68.52152000000024, -39.66591999999946]","[-1784.50116, 2805.63488, -15.14487999999983, 14.216319999999541]","[-1791.41497, 2810.97993, -27.65524000000005, 21.380199999999604]","[-1776.55745, 2800.36469, 59.43008000000009, -42.46096000000034]"
245,People,"[-1799.75645, 2743.37457, 0, 0]","[-1872.74312, 2619.16676, -291.94668, -496.8312399999995]","[-1929.83286, 2481.41272, -228.35895999999957, -551.016160000001]","[-1927.15048, 2367.49301, 10.729519999999866, -455.6788399999987]","[-1854.44568, 2278.68105, 290.8191999999999, -355.24784]","[-1789.89735, 2233.19311, 258.1933200000003, -181.95175999999992]","[-1741.78869, 2114.76407, 192.4346399999995, -473.71615999999995]","[-1689.88602, 1911.47356, 207.61068000000068, -813.1620400000011]","[-1622.97506, 1744.22266, 267.64383999999995, -669.0036000000006]","[-1494.80701, 1634.70368, 512.6722, -438.0759199999993]","[-1315.04905, 1557.06907, 719.0318399999996, -310.53844000000026]","[-1153.89052, 1456.86597, 644.6341200000006, -400.8123999999998]","[-976.07397, 1314.79312, 711.2661999999996, -568.2914000000001]","[-775.92483, 1115.75124, 800.59656, -796.16752]","[-557.77654, 991.91238, 872.5931600000004, -495.35544000000027]","[-318.52279, 893.53964, 957.0149999999999, -393.4909600000001]"
246,People,"[-55.90802, 787.55178, 0, 0]","[167.46348, 608.8618, 893.486, -714.75992]","[378.76503, 374.95219, 845.2062000000001, -935.6384400000002]","[620.80945, 220.02978, 968.1776799999998, -619.6896399999999]","[897.73646, 118.35789, 1107.70804, -406.68755999999996]","[1224.36869, 12.44246, 1306.5289200000002, -423.66172]","[1490.32444, -158.74681, 1063.8230000000003, -684.7570800000001]","[1743.74194, -363.10754, 1013.6700000000001, -817.4429199999998]","[2008.63223, -469.5223, 1059.5611600000002, -425.6590400000004]","[2275.29873, -530.33883, 1066.6660000000002, -243.26612000000023]","[2547.24849, -599.66423, 1087.7990399999999, -277.3015999999998]","[2789.77107, -702.55934, 970.0903199999993, -411.5804400000002]","[3079.71681, -825.49974, 1159.7829600000005, -491.7615999999998]","[3369.90046, -868.21778, 1160.7345999999998, -170.8721599999999]","[3691.0981, -832.09438, 1284.7905600000013, 144.4935999999998]","[4019.1048, -797.57751, 1312.0267999999996, 138.06748000000016]"
247,People,"[4313.26402, -821.7561, 0, 0]","[4613.56325, -875.1946, 1201.1969200000021, -213.75400000000036]","[4869.84694, -848.47331, 1025.1347600000008, 106.88516000000027]","[5148.04247, -771.91613, 1112.7821199999998, 306.22872000000007]","[5429.885018562091, -717.935157124183, 1127.370194248364, 215.9238915032679]","[5674.994727712417, -709.6013254248367, 980.4388366013045, 33.33532679738528]","[5920.1044368627445, -701.2674937254902, 980.4388366013081, 33.33532679738573]","[6165.214146013072, -692.9336620261438, 980.4388366013118, 33.33532679738573]","[6410.323855163399, -684.5998303267974, 980.4388366013054, 33.33532679738576]","[6655.433564313725, -676.2659986274509, 980.4388366013045, 33.33532679738573]","[6900.543273464052, -667.9321669281046, 980.4388366013081, 33.33532679738528]","[7145.652982614378, -659.5983352287582, 980.4388366013045, 33.33532679738573]","[7390.762691764705, -651.2645035294117, 980.4388366013081, 33.33532679738573]","[7635.872400915032, -642.9306718300653, 980.4388366013081, 33.33532679738573]","[7880.982110065359, -634.5968401307189, 980.4388366013081, 33.33532679738573]","[8126.091819215686, -626.2630084313726, 980.4388366013081, 33.33532679738528]"
248,People,"[8367.35689, -619.51096, 0, 0]","[8375.655083691276, -600.1759639597316, 33.19277476510615, 77.33998416107352]","[8378.952691703022, -578.6562701677852, 13.190432046983915, 86.07877516778535]","[8382.250299714766, -557.1365763758389, 13.190432046976639, 86.07877516778535]","[8385.547907726512, -535.6168825838927, 13.190432046983915, 86.0787751677849]","[8388.845515738256, -514.0971887919463, 13.190432046976639, 86.07877516778535]","[8392.14312375, -492.577495, 13.190432046976639, 86.07877516778535]","[8395.440731761746, -471.0578012080537, 13.190432046983915, 86.07877516778512]","[8398.73833977349, -449.5381074161074, 13.190432046976651, 86.07877516778542]","[8402.035947785236, -428.0184136241611, 13.190432046983915, 86.07877516778512]","[8405.33355579698, -406.4987198322148, 13.190432046976639, 86.07877516778512]","[8408.631163808726, -384.9790260402685, 13.190432046983915, 86.07877516778535]","[8411.92877182047, -363.4593322483221, 13.190432046976639, 86.07877516778558]","[8415.226379832215, -341.93963845637586, 13.190432046976639, 86.0787751677849]","[8418.52398784396, -320.4199446644295, 13.190432046983915, 86.07877516778535]","[8421.821595855705, -298.90025087248324, 13.190432046976639, 86.07877516778512]"
249,People,"[8425.11920386745, -277.3805570805369, 0, 0]","[8428.416811879195, -255.86086328859065, 13.190432046976639, 86.07877516778501]","[8431.714419890941, -234.34116949664428, 13.190432046983915, 86.07877516778547]","[8435.012027902685, -212.821475704698, 13.190432046976639, 86.07877516778512]","[8438.30963591443, -191.3017819127517, 13.190432046976639, 86.07877516778524]","[8441.607243926175, -169.78208812080538, 13.190432046983915, 86.07877516778524]","[8444.90485193792, -148.26239432885905, 13.190432046976639, 86.07877516778535]","[8448.202459949665, -126.74270053691276, 13.190432046983915, 86.07877516778512]","[8451.50006796141, -105.22300674496648, 13.190432046976651, 86.0787751677852]","[8454.797675973155, -83.70331295302014, 13.190432046983915, 86.07877516778535]","[8458.0952839849, -62.18361916107381, 13.190432046976639, 86.07877516778535]","[8461.392891996644, -40.66392536912747, 13.190432046976639, 86.07877516778535]","[8464.69050000839, -19.144231577181245, 13.190432046983915, 86.0787751677849]","[8467.988108020134, 2.375462214765093, 13.190432046976639, 86.07877516778535]","[8471.28571603188, 23.89515600671143, 13.190432046983915, 86.07877516778535]","[8474.583324043624, 45.41484979865777, 13.190432046976639, 86.07877516778535]"
250,People,"[8477.88093205537, 66.934543590604, 0, 0]","[8481.178540067114, 88.45423738255033, 13.190432046976639, 86.07877516778535]","[8484.476148078858, 109.97393117449668, 13.190432046976639, 86.07877516778541]","[8487.773756090604, 131.493624966443, 13.190432046983915, 86.0787751677853]","[8491.071364102349, 153.01331875838923, 13.190432046976639, 86.0787751677849]","[8494.368972114095, 174.53301255033557, 13.190432046983915, 86.07877516778535]","[8497.666580125839, 196.0527063422819, 13.190432046976639, 86.07877516778535]","[8500.964188137585, 217.57240013422825, 13.190432046983915, 86.07877516778535]","[8504.261796149329, 239.09209392617447, 13.190432046976651, 86.07877516778497]","[8507.559404161075, 260.6117877181208, 13.190432046983915, 86.07877516778535]","[8510.857012172819, 282.13148151006715, 13.190432046976639, 86.07877516778535]","[8514.154620184563, 303.65117530201337, 13.190432046976639, 86.0787751677849]","[8517.452228196309, 325.1708690939597, 13.190432046983915, 86.07877516778535]","[8520.749836208053, 346.69056288590605, 13.190432046976639, 86.07877516778535]","[8524.0474442198, 368.2102566778524, 13.190432046983915, 86.07877516778535]","[8527.345052231543, 389.7299504697986, 13.190432046976639, 86.0787751677849]"
251,People,"[8519.45899, 391.60511, 0, 0]","[8436.166004157303, 341.28824921348314, -333.171943370784, -201.26744314606754]","[8343.859049101124, 292.50077449438203, -369.227820224718, -195.14989887640445]","[8251.552094044944, 243.7132997752809, -369.227820224718, -195.14989887640456]","[8140.54957, 220.85502, -444.01009617977616, -91.43311910112357]","[8016.78102, 281.52504, -495.0741999999991, 242.68007999999998]","[7866.41747015695, 287.7564225112108, -601.4541993722014, 24.9255300448433]","[7647.819724080717, 244.06098529147985, -874.3909843049332, -174.78174887892385]","[7429.221978004484, 200.3655480717489, -874.3909843049304, -174.781748878924]","[7210.624231928251, 156.67011085201793, -874.3909843049332, -174.78174887892385]","[6992.026485852018, 112.974673632287, -874.3909843049332, -174.78174887892374]","[6773.428739775784, 69.27923641255606, -874.3909843049332, -174.78174887892374]","[6554.830993699551, 25.583799192825097, -874.3909843049332, -174.78174887892385]","[6336.233247623318, -18.11163802690584, -874.3909843049332, -174.78174887892374]","[6117.635501547085, -61.80707524663677, -874.3909843049296, -174.78174887892374]","[5899.037755470852, -105.5025124663677, -874.3909843049332, -174.78174887892374]"
252,People,"[5680.440009394619, -149.19794968609864, 0, 0]","[5461.842263318385, -192.8933869058296, -874.3909843049332, -174.78174887892385]","[5243.244517242152, -236.58882412556045, -874.3909843049332, -174.7817488789234]","[5024.646771165919, -280.2842613452914, -874.3909843049332, -174.78174887892374]","[4806.0490250896855, -323.97969856502243, -874.3909843049332, -174.7817488789242]","[4587.451279013452, -367.67513578475337, -874.3909843049332, -174.78174887892374]","[4368.853532937219, -411.3705730044843, -874.3909843049332, -174.78174887892374]","[4150.2557868609865, -455.0660102242152, -874.3909843049296, -174.7817488789235]","[3914.4648, -497.05657, -943.1639474439461, -167.96223910313952]","[3638.01796, -510.84272, -1105.7873600000003, -55.144599999999855]","[3313.65524, -516.21452, -1297.4508800000003, -21.48720000000003]","[2980.99381, -570.91114, -1330.6457200000004, -218.7864800000002]","[2633.71734, -626.23876, -1389.1058799999992, -221.31047999999964]","[2347.70841, -585.09145, -1144.0357199999999, 164.5892399999998]","[2093.32234, -438.31836, -1017.5442800000001, 587.0923600000001]","[1806.22901, -298.37343, -1148.3733200000006, 559.77972]"
253,People,"[1514.39481, -186.90848, 0, 0]","[1221.01235, -118.04444, -1173.5298400000001, 275.45616]","[994.39037, 11.86253, -906.48792, 519.62788]","[786.0297, 248.16788, -833.4426799999997, 945.2214]","[533.71284, 434.36621, -1009.2674400000001, 744.7933200000001]","[262.75003, 559.41024, -1083.8512400000002, 500.1761200000001]","[-12.21815, 661.35596, -1099.8727199999998, 407.78287999999975]","[-227.35262, 816.37083, -860.53788, 620.0594799999999]","[-417.27277, 1024.39728, -759.6806000000006, 832.1058000000006]","[-617.19516, 1169.0711, -799.68956, 578.6952799999999]","[-836.86208, 1254.00686, -878.66768, 339.7430400000003]","[-1086.11797, 1304.54092, -997.0235600000001, 202.13623999999982]","[-1285.28721, 1389.48648, -796.6769599999998, 339.78224000000046]","[-1492.99681, 1481.80341, -830.8384000000005, 369.2677199999998]","[-1711.01586, 1539.8522, -872.0761999999995, 232.19516000000021]","[-1901.45425, 1501.27266, -761.7535600000001, -154.3181599999998]"
254,People,"[-2058.69806, 1388.13798, 0, 0]","[-2219.10654, 1276.23202, -641.6339200000002, -447.6238400000002]","[-2396.46408, 1200.67391, -709.4301599999999, -302.23243999999977]","[-2618.41661, 1126.26285, -887.8101200000001, -297.6442399999996]","[-2850.98563, 1009.63076, -930.2760799999996, -466.52836000000025]","[-3040.28094, 820.77181, -757.1812399999999, -755.4358000000002]","[-3223.08789, 583.41253, -731.2277999999988, -949.43712]","[-3405.10862, 439.90525, -728.0829200000007, -574.0291199999997]","[-3625.55905, 336.72343, -881.8017200000003, -412.7272800000004]","[-3867.52213, 225.96338, -967.85232, -443.0402]","[-4100.93425, 54.70942, -933.6484800000017, -685.01584]","[-4373.05945, -123.0179, -1088.500799999998, -710.90928]","[-4637.65541, -185.14918, -1058.3838400000022, -248.52512000000002]","[-4878.43163, -122.55947, -963.104879999999, 250.35884]","[-5122.26115, -40.66748, -975.3180800000009, 327.56796]","[-5380.71251, -27.81916, -1033.80544, 51.39327999999999]"
255,People,"[-5666.532898571429, -29.98996857142857, 0, 0]","[-5943.92078, 8.39089, -1109.551525714287, 153.52343428571427]","[-6165.27624, 103.82885, -885.4218399999991, 381.75184]","[-6212.195034738878, 151.26712574468087, -187.67517895551282, 189.75310297872346]","[-6245.2216159767895, 190.75583851063828, -132.10632495164464, 157.95485106382966]","[-6278.248197214701, 230.24455127659576, -132.10632495164464, 157.9548510638299]","[-6311.274778452612, 269.7332640425532, -132.10632495164464, 157.95485106382966]","[-6344.301359690523, 309.22197680851065, -132.10632495164464, 157.9548510638299]","[-6377.327940928433, 348.7106895744681, -132.1063249516411, 157.95485106383003]","[-6410.354522166344, 388.1994023404256, -132.10632495164464, 157.9548510638299]","[-6443.381103404256, 427.68811510638295, -132.10632495164464, 157.95485106382944]","[-6476.407684642167, 467.1768278723404, -132.10632495164464, 157.9548510638299]","[-6509.434265880078, 506.6655406382979, -132.10632495164464, 157.9548510638299]","[-6542.460847117989, 546.1542534042553, -132.10632495164464, 157.95485106382966]","[-6575.4874283559, 585.6429661702127, -132.10632495164464, 157.95485106382966]","[-6608.51400959381, 625.1316789361701, -132.106324951641, 157.95485106382966]"
256,People,"[-6641.540590831722, 664.6203917021276, 0, 0]","[-6674.567172069633, 704.1091044680851, -132.10632495164464, 157.95485106383012]","[-6707.593753307544, 743.5978172340425, -132.10632495164464, 157.95485106382966]","[-6740.620334545455, 783.0865299999999, -132.10632495164464, 157.95485106382966]","[-6773.646915783366, 822.5752427659575, -132.10632495164464, 157.95485106383012]","[-6806.6734970212765, 862.0639555319149, -132.106324951641, 157.95485106382966]","[-6839.700078259188, 901.5526682978724, -132.10632495164464, 157.95485106383012]","[-6864.99728, 931.85329, -101.18880696324777, 121.20248680851046]","[-6816.544017821012, 911.232962918288, 193.81304871595074, -82.48130832684826]","[-6718.992471614786, 864.2744064980544, 390.2061848249032, -187.8342256809342]","[-6621.44092540856, 817.315850077821, 390.2061848249032, -187.83422568093374]","[-6523.889379202335, 770.3572936575875, 390.2061848249032, -187.83422568093374]","[-6426.337832996109, 723.398737237354, 390.2061848249032, -187.8342256809342]","[-6328.786286789884, 676.4401808171206, 390.20618482489954, -187.83422568093374]","[-6231.234740583657, 629.4816243968871, 390.2061848249068, -187.83422568093374]","[-6133.683194377432, 582.5230679766537, 390.20618482489954, -187.83422568093374]"
257,People,"[-6036.131648171207, 535.5645115564203, 0, 0]","[-5938.580101964981, 488.6059551361868, 390.2061848249068, -187.83422568093374]","[-5841.028555758755, 441.6473987159533, 390.2061848249032, -187.8342256809342]","[-5743.477009552529, 394.68884229571984, 390.2061848249032, -187.83422568093374]","[-5645.925463346303, 347.7302858754864, 390.2061848249032, -187.83422568093374]","[-5548.3739171400775, 300.77172945525297, 390.2061848249032, -187.83422568093374]","[-5450.822370933852, 253.81317303501945, 390.2061848249032, -187.83422568093408]","[-5353.270824727626, 206.854616614786, 390.2061848249032, -187.83422568093374]","[-5255.719278521401, 159.89606019455255, 390.2061848248999, -187.83422568093403]","[-5158.167732315174, 112.93750377431913, 390.2061848249068, -187.83422568093368]","[-5060.6161861089495, 65.97894735408556, 390.20618482489954, -187.83422568093425]","[-4963.064639902724, 19.020390933852127, 390.2061848249032, -187.83422568093374]","[-4865.513093696498, -27.93816548638131, 390.2061848249032, -187.83422568093374]","[-4648.55916, -184.0655, 867.8157347859924, -624.5093380544747]","[-4397.6652, -367.62651, 1003.5758399999977, -734.24404]","[-4120.17052, -458.68194, 1109.9787200000028, -364.22172]"
258,People,"[-3798.12182, -512.73256, 0, 0]","[-3502.20359, -633.24633, 1183.672919999999, -482.05507999999963]","[-3220.6572, -816.27516, 1126.18556, -732.1153200000003]","[-2944.92798, -987.00181, 1102.9168800000007, -682.9065999999998]","[-2661.02831, -1053.39286, 1135.5986799999991, -265.5641999999998]","[-2337.3056, -1080.02919, 1294.89084, -106.54532000000017]","[-2021.41935, -1144.65136, 1263.545000000001, -258.4886800000004]","[-1698.03612, -1229.51595, 1293.5329199999996, -339.45835999999963]","[-1397.32905, -1279.64394, 1202.8282800000009, -200.51196]","[-1109.02263, -1250.03042, 1153.2256800000005, 118.45407999999952]","[-797.04011, -1182.12878, 1247.9300799999996, 271.6065600000002]","[-484.67292, -1169.39197, 1249.4687600000002, 50.94724000000042]","[-166.66889, -1193.61456, 1272.0161199999998, -96.89036000000033]","[137.80713, -1194.57326, 1217.90408, -3.834799999999632]","[432.34049, -1117.00978, 1178.13344, 310.2539199999992]","[744.18082, -1020.58296, 1247.3613200000002, 385.70728000000054]"
259,People,"[1058.1973, -1009.8218, 0, 0]","[1384.23769, -1074.82644, 1304.1615599999996, -260.01856]","[1687.21378, -1108.14315, 1211.9043600000005, -133.26684000000023]","[1993.12646, -1067.83026, 1223.6507199999996, 161.2515600000006]","[2318.71786, -992.17311, 1302.365600000001, 302.6286]","[2667.556, -964.1851, 1395.3525599999994, 111.95203999999967]","[3031.09364, -994.21537, 1454.15056, -120.12107999999989]","[3318.75605, -969.69182, 1150.6496399999996, 98.0942]","[3601.60782, -883.50884, 1131.4070800000018, 344.73192000000046]","[3900.32863, -810.77025, 1194.8832399999992, 290.9543599999997]","[4210.56757, -786.98137, 1240.9557600000007, 95.15552000000025]","[4532.63108, -779.52743, 1288.2540399999998, 29.815759999999955]","[4822.79054, -687.45883, 1160.6378399999994, 368.2743999999998]","[5115.63639, -536.37096, 1171.3833999999988, 604.3514800000003]","[5384.420687857143, -438.4090335714285, 1075.1371914285737, 391.8477057142859]","[5647.633094512988, -345.66227626623373, 1052.8496266233778, 370.98702922077905]"
260,People,"[5910.845501168831, -252.9155189610389, 0, 0]","[6174.057907824676, -160.1687616558441, 1052.8496266233778, 370.9870292207793]","[6437.27031448052, -67.42200435064933, 1052.8496266233778, 370.98702922077905]","[6700.482721136364, 25.324752954545488, 1052.8496266233742, 370.9870292207793]","[6963.695127792208, 118.07151025974032, 1052.8496266233778, 370.98702922077933]","[7226.907534448052, 210.81826756493516, 1052.8496266233742, 370.98702922077933]","[7490.119941103896, 303.56502487012995, 1052.8496266233778, 370.98702922077916]","[7753.3323477597405, 396.3117821753248, 1052.8496266233778, 370.9870292207795]","[8016.544754415585, 489.0585394805194, 1052.8496266233788, 370.9870292207787]","[8279.75716107143, 581.8052967857144, 1052.8496266233778, 370.98702922077996]","[8505.616828846154, 651.6395269230769, 903.4386710988983, 279.33692054945004]","[8664.4394, 705.81434, 635.2902846153811, 216.6992523076924]","[8743.20833, 794.38802, 315.07572000000073, 354.29471999999987]","[8741.06144, 879.62525, -8.58755999999994, 340.94892000000027]","[8836.20182, 930.6726, 380.56152000000293, 204.18939999999975]","[8785.973822649494, 906.3262618215272, -200.91198940202594, -97.38535271389128]"
261,People,"[8683.292525961362, 863.7178390984361, 0, 0]","[8580.611229273229, 821.109416375345, -410.7251867525338, -170.43369089236467]","[8477.929932585097, 778.5009936522539, -410.7251867525265, -170.4336908923642]","[8375.248635896965, 735.8925709291628, -410.7251867525265, -170.4336908923642]","[8272.567339208832, 693.2841482060718, -410.7251867525338, -170.4336908923642]","[8169.886042520699, 650.6757254829806, -410.72518675253013, -170.43369089236467]","[8067.204745832567, 608.0673027598896, -410.72518675253013, -170.4336908923642]","[7964.523449144434, 565.4588800367985, -410.72518675253013, -170.4336908923642]","[7861.842152456302, 522.8504573137075, -410.7251867525305, -170.43369089236435]","[7759.16085576817, 480.2420345906164, -410.7251867525265, -170.4336908923642]","[7656.479559080037, 437.6336118675253, -410.7251867525338, -170.43369089236444]","[7553.798262391905, 395.0251891444342, -410.7251867525265, -170.43369089236444]","[7451.116965703772, 352.41676642134314, -410.7251867525338, -170.4336908923642]","[7348.43566901564, 309.8083436982521, -410.7251867525265, -170.4336908923642]","[7245.754372327508, 267.19992097516104, -410.72518675253013, -170.4336908923642]","[7143.073075639375, 224.59149825206987, -410.72518675253013, -170.43369089236467]"
262,People,"[7040.3917789512425, 181.9830755289788, 0, 0]","[6937.71048226311, 139.37465280588776, -410.72518675253013, -170.4336908923641]","[6835.029185574977, 96.76623008279672, -410.72518675253013, -170.43369089236415]","[6732.347888886845, 54.15780735970566, -410.72518675253013, -170.43369089236427]","[6629.666592198712, 11.54938463661449, -410.72518675253013, -170.43369089236467]","[6526.98529551058, -31.05903808647656, -410.72518675253013, -170.4336908923642]","[6424.303998822447, -73.66746080956761, -410.72518675253013, -170.4336908923642]","[6321.622702134315, -116.27588353265878, -410.72518675253013, -170.43369089236467]","[6218.941405446182, -158.88430625574983, -410.7251867525305, -170.43369089236435]","[6116.26010875805, -201.4927289788409, -410.72518675253013, -170.4336908923642]","[6013.578812069918, -244.10115170193197, -410.7251867525265, -170.43369089236433]","[5910.897515381785, -286.709574425023, -410.7251867525338, -170.4336908923641]","[5808.216218693653, -329.31799714811405, -410.7251867525265, -170.4336908923642]","[5705.53492200552, -371.9264198712051, -410.7251867525338, -170.4336908923642]","[5602.853625317388, -414.53484259429615, -410.7251867525265, -170.4336908923642]","[5500.172328629255, -457.1432653173874, -410.72518675253013, -170.4336908923649]"
263,People,"[5397.491031941123, -499.7516880404785, 0, 0]","[5294.809735252989, -542.3601107635695, -410.7251867525338, -170.4336908923642]","[5192.128438564858, -584.9685334866606, -410.7251867525265, -170.4336908923642]","[5089.447141876725, -627.5769562097516, -410.72518675253013, -170.4336908923642]","[4986.765845188593, -670.1853789328427, -410.72518675253013, -170.4336908923642]","[4884.08454850046, -712.7938016559337, -410.72518675253013, -170.4336908923642]","[4781.403251812328, -755.4022243790248, -410.72518675253013, -170.4336908923642]","[4678.721955124195, -798.0106471021159, -410.72518675253013, -170.4336908923642]","[4576.040658436063, -840.6190698252069, -410.7251867525305, -170.43369089236435]","[4473.35936174793, -883.2274925482982, -410.72518675253013, -170.43369089236512]","[4329.01007, -925.57733, -577.3971669917191, -169.3993498068071]","[4035.0874, -948.87408, -1175.6906800000015, -93.18700000000035]","[3771.9873, -1023.64191, -1052.4004000000004, -299.07132]","[3545.31456, -1150.92784, -906.6909599999999, -509.14372000000003]","[3305.68859, -1330.95587, -958.5038799999984, -720.1121199999998]","[3029.88788, -1409.4039, -1103.20284, -313.79212000000007]"
264,People,"[2708.80571, -1444.45525, 0, 0]","[2458.07089, -1528.20786, -1002.9392800000005, -335.01044]","[2223.85488, -1673.0975, -936.8640400000004, -579.5585600000004]","[1998.96919, -1832.47054, -899.5427599999994, -637.4921599999998]","[1776.74628, -1897.79541, -888.8916399999998, -261.2994799999997]","[1543.50969, -1934.94107, -932.9463599999999, -148.58264000000054]","[1374.32511, -2033.07638, -676.7383200000004, -392.54123999999956]","[1195.4526, -2181.85503, -715.4900399999997, -595.1146000000008]","[994.91638, -2384.40667, -802.144880000001, -810.2065599999994]","[800.27736, -2505.14842, -778.5560799999998, -482.96700000000055]","[578.71533, -2602.5167, -886.2481200000002, -389.47312000000056]","[364.05603, -2748.72298, -858.6371999999999, -584.8251199999995]","[170.74839, -2938.30449, -773.2305600000001, -758.3260399999999]","[6.9467, -3158.44307, -655.20676, -880.5543199999993]","[-156.66331, -3257.1745, -654.44004, -394.9257200000011]","[-255.35426, -3269.74179, -394.76380000000006, -50.26915999999983]"
265,People,"[-367.47344, -3364.93071, 0, 0]","[-510.36868, -3532.17344, -571.58096, -668.9709199999998]","[-601.01348, -3632.082, -362.5791999999999, -399.6342399999994]","[-577.08899, -3709.28975, 95.69795999999997, -308.83100000000013]","[-518.44624, -3766.92363, 234.5709999999999, -230.53551999999945]","[-466.86182, -3775.94414, 206.33767999999986, -36.08204000000114]","[-476.38375, -3763.46489, -38.08771999999999, 49.91699999999946]","[-497.60267, -3762.12155, -84.87567999999987, 5.373360000001412]","[-505.12658, -3782.04643, -30.09564000000003, -79.69952000000019]","[-507.10843, -3803.47982, -7.927400000000034, -85.73356000000058]","[-511.74209, -3805.586, -18.53464000000008, -8.42471999999907]","[-502.71529, -3801.93455, 36.10720000000015, 14.605799999999363]","[-498.73231, -3798.97647, 15.931919999999991, 11.832319999999527]","[-490.89192, -3774.61941, 31.361559999999827, 97.4282400000011]","[-497.48493, -3753.92699, -26.37203999999997, 82.76967999999943]","[-502.66634, -3745.45952, -20.725639999999885, 33.869880000000194]"
266,People,"[-504.16328, -3746.36829, 0, 0]","[-504.8471, -3754.82334, -2.7352800000001025, -33.82020000000011]","[-506.53787, -3763.76451, -6.763079999999945, -35.764680000000226]","[-535.77236, -3784.12105, -116.9379600000002, -81.42616000000089]","[-545.06548, -3801.09811, -37.17247999999972, -67.90823999999884]","[-544.50887, -3806.6162, 2.2264399999999114, -22.072360000000117]","[-541.68859, -3803.69995, 11.2811200000001, 11.664999999999054]","[-536.04547, -3794.23217, 22.572479999999814, 37.87111999999979]","[-530.73512, -3786.8187, 21.241399999999903, 29.65388000000169]","[-526.68448, -3783.3159, 16.202560000000176, 14.011199999999008]","[-526.88357, -3780.33677, -0.7963599999998223, 11.916520000000673]","[-528.91932, -3776.1642, -8.143000000000029, 16.690279999998893]","[-535.28536, -3746.18796, -25.464159999999993, 119.90495999999985]","[-553.17295, -3729.40563, -71.55036000000018, 67.12932]","[-560.17273, -3693.3525, -27.999119999999948, 144.21252000000095]","[-504.61984, -3652.219, 222.21155999999996, 164.53399999999965]"
267,People,"[-398.30601, -3609.57297, 0, 0]","[-321.41394, -3524.73101, 307.56827999999996, 339.3678400000008]","[-288.51396, -3360.78295, 131.5999200000001, 655.7922400000007]","[-215.59212, -3188.46432, 291.68736, 689.274519999999]","[-158.48089, -3082.68389, 228.44492000000002, 423.121720000001]","[-82.80384, -2984.12303, 302.7082, 394.2434399999984]","[28.66794, -2904.33946, 445.88712, 319.1342800000002]","[141.57546, -2784.32153, 451.63007999999996, 480.0717199999999]","[248.81633, -2595.78229, 428.9634800000004, 754.1569600000009]","[398.19039, -2357.10893, 597.49624, 954.6934400000009]","[580.58757, -2171.85916, 729.5887200000002, 740.9990799999996]","[804.03711, -2031.97351, 893.7981599999998, 559.5425999999998]","[995.39343, -1861.81723, 765.4252799999999, 680.6251199999997]","[1146.75392, -1693.69485, 605.4419600000006, 672.4895200000001]","[1350.92524, -1463.16432, 816.6852799999997, 922.12212]","[1555.64639, -1301.88349, 818.8846000000003, 645.1233200000006]"
268,People,"[1807.33285, -1183.14976, 0, 0]","[2053.50543, -1035.42953, 984.6903200000006, 590.8809199999996]","[2282.36306, -848.34606, 915.4305199999999, 748.3338800000006]","[2513.67274, -605.53359, 925.2387199999994, 971.2498799999998]","[2725.3025, -453.45619, 846.5190399999992, 608.3096]","[2946.20982, -341.41609, 883.629280000001, 448.1604]","[3206.59999, -203.19758, 1041.5606800000005, 552.87404]","[3453.13145, -19.67934, 986.1258399999988, 734.07296]","[3702.72787, 182.37944, 998.3856800000021, 808.2351200000006]","[3951.30674, 297.67621, 994.3154799999993, 461.18708000000015]","[4244.01907, 358.07472, 1170.8493200000012, 241.59403999999995]","[4510.2461616, 452.471716, 1064.908366399999, 377.587984]","[4770.577051578947, 597.2140536842105, 1041.3235599157888, 578.969350736842]","[5032.684959473684, 732.6476721052632, 1048.4316315789474, 541.7344736842106]","[5294.792867368421, 868.0812905263158, 1048.4316315789474, 541.7344736842106]","[5556.900775263158, 1003.5149089473684, 1048.4316315789474, 541.7344736842106]"
269,People,"[5820.657506206897, 1138.969670591133, 0, 0]","[6089.159963103448, 1268.0532974384237, 1074.0098275862038, 516.3345073891624]","[6357.66242, 1397.1369242857145, 1074.0098275862074, 516.3345073891633]","[6626.164876896552, 1526.220551133005, 1074.009827586211, 516.3345073891624]","[6894.667333793103, 1655.3041779802957, 1074.0098275862038, 516.3345073891624]","[7163.169790689655, 1784.3878048275865, 1074.0098275862074, 516.3345073891633]","[7431.672247586207, 1913.471431674877, 1074.0098275862074, 516.3345073891624]","[7700.174704482759, 2042.555058522168, 1074.0098275862074, 516.3345073891642]","[7963.21614, 2139.14932, 1052.1657420689671, 386.37704591132785]","[8191.20811, 2056.73304, 911.9678799999965, -329.66511999999966]","[8387.824423913044, 2039.580934347826, 786.465255652176, -68.60842260869595]","[8601.88597, 2009.9813, 856.2461843478231, -118.39853739130467]","[8528.476945762712, 2017.86893, -293.63609694915067, 31.550520000000688]","[8389.979893099273, 2031.2362157142857, -553.9882106537552, 53.46914285714229]","[8251.482840435834, 2044.6035014285717, -553.9882106537552, 53.46914285714411]","[8112.985787772397, 2057.9707871428573, -553.988210653748, 53.46914285714229]"
270,People,"[7974.488735108958, 2071.338072857143, 0, 0]","[7835.99168244552, 2084.7053585714284, -553.9882106537516, 53.46914285714229]","[7697.494629782082, 2098.0726442857144, -553.9882106537552, 53.46914285714411]","[7558.997577118644, 2111.43993, -553.9882106537516, 53.46914285714229]","[7420.500524455206, 2124.8072157142856, -553.9882106537516, 53.46914285714229]","[7282.003471791768, 2138.174501428572, -553.9882106537516, 53.469142857145926]","[7143.506419128329, 2151.541787142857, -553.9882106537552, 53.46914285714047]","[7005.009366464891, 2164.9090728571427, -553.9882106537516, 53.46914285714229]","[6866.512313801453, 2178.276358571429, -553.988210653752, 53.469142857144156]","[6728.015261138015, 2191.6436442857143, -553.9882106537516, 53.46914285714229]","[6589.518208474577, 2205.0109300000004, -553.9882106537552, 53.46914285714411]","[6451.021155811139, 2218.378215714286, -553.9882106537516, 53.46914285714229]","[6284.747039230769, 2231.868076923077, -665.09646632148, 53.959444835163595]","[6071.24919, 2232.71225, -853.9913969230729, 3.3766923076927924]","[5904.77548, 2176.00474, -665.8948400000008, -226.83004000000074]","[5732.95481, 2129.54504, -687.2826800000003, -185.83879999999954]"
271,People,"[5557.80293, 2175.75767, 0, 0]","[5389.59559, 2270.64901, -672.8293599999997, 379.5653600000005]","[5231.4540775000005, 2321.148914166667, -632.5660499999976, 201.99961666666786]","[5077.3596, 2291.47432, -616.3779100000029, -118.69837666666899]","[4932.82266, 2212.53524, -578.1477599999998, -315.7563199999986]","[4775.244164, 2184.715012, -630.3139840000003, -111.28091200000017]","[4624.62366, 2224.1877, -602.4820159999981, 157.89075199999934]","[4488.3133, 2295.46776, -545.2414400000016, 285.1202400000002]","[4355.70499, 2319.01779, -530.4332399999989, 94.2001199999996]","[4223.93091, 2299.89249, -527.0963200000006, -76.50119999999879]","[4070.65472, 2237.76404, -613.1047600000002, -248.51380000000063]","[3891.25139, 2210.54239, -717.6133200000004, -108.88659999999982]","[3733.98737, 2254.62112, -629.0560800000003, 176.3149199999989]","[3569.90076, 2345.80475, -656.3464399999993, 364.73452]","[3423.48669, 2383.55178, -585.6562799999992, 150.98811999999998]","[3273.67887, 2340.98586, -599.23128, -170.26368000000002]"
272,People,"[3115.22674, 2221.50314, 0, 0]","[2938.76176, 2140.52955, -705.8599200000008, -323.8943599999984]","[2746.61585, 2113.26009, -768.5836399999989, -109.07783999999992]","[2542.51139, 2123.64096, -816.4178400000001, 41.523479999999836]","[2356.38215, 2060.19297, -744.5169600000008, -253.79196000000047]","[2212.12076, 1903.23726, -577.0455600000005, -627.8228399999998]","[2103.2635, 1717.35023, -435.4290399999991, -743.5481200000004]","[1944.79508, 1592.52922, -633.8736799999997, -499.28404000000046]","[1724.2516, 1524.99651, -882.173920000001, -270.13084000000003]","[1481.44782, 1468.46691, -971.2151199999998, -226.11839999999938]","[1276.35886, 1372.36499, -820.3558400000002, -384.40768000000025]","[1058.9676, 1212.65806, -869.5650400000004, -638.8277200000002]","[821.03749, 1076.50627, -951.7204399999996, -544.6071599999996]","[568.00007, 995.01435, -1012.14968, -325.9676800000002]","[295.308, 942.70748, -1090.7682800000002, -209.22748]","[88.51404, 835.68724, -827.17584, -428.08096000000023]"
273,People,"[-126.99502, 656.29823, 0, 0]","[-348.84248, 494.22588, -887.38984, -648.2893999999999]","[-579.65435, 410.83507, -923.24748, -333.5632400000002]","[-837.86271, 369.60283, -1032.8334399999999, -164.92895999999996]","[-1053.64947, 288.60019, -863.1470400000003, -324.01055999999994]","[-1279.8808, 182.41354, -904.9253199999994, -424.74659999999994]","[-1482.3524, 88.16854, -809.8864000000003, -376.9800000000001]","[-1698.95585, 111.13686, -866.4138000000003, 91.87328000000002]","[-1929.64268, 214.66006, -922.7473200000003, 414.0928000000003]","[-2196.44148, 266.44521, -1067.1952, 207.14059999999995]","[-2510.76125, 295.34329, -1257.2790800000002, 115.5923200000002]","[-2784.77733, 372.75912, -1096.0643199999995, 309.6633199999999]","[-3023.86617, 509.02909, -956.3553599999996, 545.07988]","[-3254.21366, 673.79798, -921.3899600000004, 659.0755600000002]","[-3507.119506666667, 760.8653066666667, -1011.623386666668, 348.2693066666666]","[-3786.23664, 837.90307, -1116.4685333333327, 308.15105333333304]"
274,People,"[-4043.568989477124, 907.3258028104576, 0, 0]","[-4219.820862843137, 959.2484678431372, -705.0074934640506, 207.69066013071824]","[-4396.07273620915, 1011.171132875817, -705.0074934640543, 207.69066013071915]","[-4572.324609575164, 1063.0937979084968, -705.0074934640543, 207.69066013071915]","[-4748.576482941176, 1115.0164629411763, -705.0074934640506, 207.69066013071824]","[-4924.828356307189, 1166.939127973856, -705.0074934640506, 207.69066013071915]","[-5101.080229673203, 1218.861793006536, -705.0074934640543, 207.69066013071915]","[-5277.332103039215, 1270.7844580392157, -705.0074934640506, 207.69066013071915]","[-5453.583976405229, 1322.7071230718957, -705.007493464055, 207.69066013072023]","[-5629.835849771242, 1374.6297881045753, -705.0074934640506, 207.69066013071824]","[-5806.087723137255, 1426.5524531372548, -705.0074934640543, 207.69066013071824]","[-5982.339596503268, 1478.4751181699346, -705.0074934640506, 207.69066013071915]","[-6151.33567, 1523.21317, -675.9842939869304, 178.95220732026155]","[-6202.642630254777, 1542.1218003821657, -205.22784101910656, 75.63452152866284]","[-6217.30938343949, 1587.8333051592356, -58.66701273885337, 182.8460191082795]","[-6231.976136624204, 1633.5448099363057, -58.66701273885337, 182.84601910828042]"
275,People,"[-6246.642889808917, 1679.2563147133758, 0, 0]","[-6261.30964299363, 1724.967819490446, -58.66701273885337, 182.84601910828042]","[-6275.976396178344, 1770.679324267516, -58.66701273885337, 182.84601910828042]","[-6290.643149363057, 1816.390829044586, -58.66701273885337, 182.84601910828042]","[-6267.52081, 1780.98254, 92.48935745222843, -141.6331561783445]","[-6284.71013, 1758.82578, -68.75728000000163, -88.6270400000003]","[-6298.95033, 1759.89272, -56.96079999999711, 4.267760000000635]","[-6298.74104, 1764.90715, 0.8371599999991304, 20.05771999999979]","[-6298.8151, 1765.3867, -0.2962399999996708, 1.9182000000000716]","[-6299.62459, 1765.20073, -3.2379600000022037, -0.7438799999999901]","[-6299.26501, 1764.02083, 1.438320000001113, -4.719600000000355]","[-6299.96334, 1763.31253, -2.7933200000006764, -2.8332000000000335]","[-6300.32657, 1763.05431, -1.4529199999997218, -1.03287999999975]","[-6301.44017, 1765.24186, -4.454399999998714, 8.750200000000405]","[-6306.20009, 1743.33523, -19.03968000000168, -87.62652000000071]","[-6305.17919, 1756.50852, 4.083600000001752, 52.69316000000072]"
276,People,"[-6305.56187, 1773.60477, 0, 0]","[-6305.48165, 1772.72888, 0.32088000000294414, -3.503560000000107]","[-6305.41843, 1771.25575, 0.25288000000000466, -5.892519999999422]","[-6304.93025, 1774.32634, 1.9527199999974982, 12.282360000000153]","[-6329.0058, 1789.24166, -96.30219999999827, 59.66127999999935]","[-6350.678492978724, 1817.0868329787236, -86.69077191489487, 111.38069191489467]","[-6343.058003617021, 1816.0448436170211, 30.481957446809247, -4.167957446809851]","[-6350.46729, 1805.10315, -29.63714553191312, -43.766774468084805]","[-6285.96112, 1720.44006, 258.02467999999885, -338.65236000000033]","[-6267.98213, 1622.46418, 71.91595999999845, -391.90351999999984]","[-6272.43043, 1557.53653, -17.79320000000007, -259.71059999999943]","[-6202.89697, 1477.44282, 278.13384000000224, -320.3748400000004]","[-6091.08945, 1426.86781, 447.23007999999754, -202.30004000000008]","[-6008.14166, 1393.1519, 331.7911600000007, -134.86363999999958]","[-5956.84082, 1294.04103, 205.20335999999952, -396.4434799999999]","[-5815.3297346, 1193.2971493, 566.0443416000016, -402.97552280000036]"
277,People,"[-5632.5440796, 1106.1942218, 0, 0]","[-5449.758424600001, 1019.0912943, 731.1426199999987, -348.41170999999986]","[-5266.9727696, 931.9883668, 731.1426200000024, -348.41170999999986]","[-5084.1871146, 844.8854392999999, 731.1426199999987, -348.4117100000003]","[-4901.4014596, 757.7825118, 731.1426200000024, -348.41170999999986]","[-4718.6158046, 670.6795843, 731.1426199999987, -348.41170999999986]","[-4535.8301496, 583.5766567999999, 731.1426199999987, -348.4117100000003]","[-4280.560495, 498.77912, 1021.0786184000026, -339.1901471999997]","[-4011.93177, 405.36569, 1074.5148999999992, -373.65372000000036]","[-3818.17548, 251.413, 775.025160000001, -615.8107599999998]","[-3613.19727, 29.34662, 819.912839999999, -888.26552]","[-3357.8838, -132.43355, 1021.2538800000002, -647.12068]","[-3062.42183, -253.66119, 1181.8478799999993, -484.91056000000003]","[-2788.94955, -368.5441, 1093.8891200000016, -459.53164000000004]","[-2593.35579, -526.58621, 782.375039999999, -632.1684400000001]","[-2406.72893, -730.16868, 746.5074399999994, -814.3298799999998]"
278,People,"[-2178.54053, -902.40701, 0, 0]","[-1909.01668, -1042.74726, 1078.095400000001, -561.3610000000003]","[-1650.88767, -1174.27443, 1032.5160399999995, -526.1086799999994]","[-1474.37681, -1341.91627, 706.0434400000004, -670.56736]","[-1311.51215, -1568.05432, 651.4586399999998, -904.5522000000001]","[-1144.09813, -1783.39799, 669.6560799999997, -861.3746799999999]","[-946.29248, -1994.86834, 791.2226000000005, -845.8814000000002]","[-727.46268, -2213.01821, 875.3191999999999, -872.5994800000008]","[-630.59618, -2380.8327, 387.46600000000024, -671.2579599999996]","[-600.65461, -2519.55916, 119.76627999999982, -554.9058399999994]","[-575.98189, -2646.11065, 98.6908800000001, -506.20596000000114]","[-510.51669, -2758.52739, 261.86080000000015, -449.6669600000005]","[-419.53373, -2937.20251, 363.93183999999997, -714.7004799999995]","[-382.55997, -3094.01997, 147.89503999999988, -627.269839999999]","[-315.49897, -3151.74087, 268.24400000000014, -230.88360000000102]","[-221.51689, -3243.95075, 375.92832, -368.83951999999954]"
279,People,"[-120.48407, -3366.41362, 0, 0]","[-36.84741, -3425.04041, 334.54664, -234.50716000000102]","[-14.77993, -3454.46853, 88.26992000000001, -117.71248000000014]","[-28.7228, -3461.26105, -55.77148, -27.17007999999987]","[-94.1068, -3470.37476, -261.53600000000006, -36.45484000000033]","[-93.59497, -3457.93461, 2.0473200000000134, 49.76060000000143]","[-75.60097, -3476.8512, 71.976, -75.66636000000108]","[-62.24659, -3501.14924, 53.417520000000025, -97.19216000000051]","[-41.15668, -3521.22398, 84.35964000000006, -80.29896000000015]","[-6.42773, -3485.86431, 138.9158, 141.4386800000011]","[-7.77788, -3475.69218, -5.400599999999997, 40.6885199999997]","[-12.79135, -3471.88881, -20.05388, 15.213480000000345]","[-17.73056, -3472.29358, -19.756840000000004, -1.6190800000003946]","[-24.85708, -3476.60774, -28.506079999999997, -17.256639999999607]","[-32.25368, -3486.62207, -29.586400000000012, -40.05731999999989]","[-38.91163, -3497.60323, -26.6318, -43.92464000000109]"
280,People,"[-37.80459, -3502.15285, 0, 0]","[-38.50663, -3503.50506, -2.808160000000015, -5.408840000000055]","[-53.41667, -3510.09875, -59.64016000000001, -26.374760000000606]","[-55.80199, -3511.67944, -9.54128, -6.322759999999107]","[-42.53753, -3507.54339, 53.05784000000003, 16.544200000000274]","[-53.02133, -3389.66438, -41.93520000000001, 471.5160399999986]","[-32.90864, -3427.49153, 80.45076, -151.30859999999848]","[-46.00104, -3400.38566, -52.36960000000002, 108.42347999999947]","[-91.66856, -3309.77092, -182.67008000000015, 362.4589600000003]","[-147.17, -3192.10039, -222.00575999999995, 470.6821199999995]","[-226.58319, -3092.4852, -317.65276000000006, 398.46075999999994]","[-312.69635, -2934.68278, -344.45264, 631.2096799999999]","[-356.1248, -2736.89905, -173.7138, 791.1349200000004]","[-391.35775, -2580.20687, -140.93180000000007, 626.76872]","[-494.48902, -2439.5892, -412.5250799999999, 562.4706800000004]","[-709.77517, -2328.4169, -861.1446000000001, 444.6891999999989]"
281,People,"[-877.37139, -2176.1535, 0, 0]","[-1000.18881, -1969.8778, -491.2696799999999, 825.1027999999997]","[-1102.08434, -1730.74604, -407.5821200000005, 956.5270399999999]","[-1283.74674, -1548.48671, -726.6495999999997, 729.0373200000004]","[-1514.57804, -1397.94906, -923.3252000000002, 602.1505999999999]","[-1762.31335, -1254.7383, -990.9412399999992, 572.8430399999997]","[-1962.76096, -1060.59657, -801.7904400000007, 776.5669200000002]","[-2123.03394, -842.97204, -641.0919199999989, 870.4981199999997]","[-2304.78028, -648.33908, -726.9853600000013, 778.5318400000008]","[-2540.45788, -501.86052, -942.7103999999999, 585.9142399999998]","[-2806.02985, -375.30204, -1062.2878799999999, 506.2339200000001]","[-3034.54546, -195.75376, -914.0624399999997, 718.1931199999999]","[-3216.29721, 37.09951, -727.0070000000014, 931.41308]","[-3406.90138, 251.30318, -762.4166799999985, 856.81468]","[-3632.09635, 417.02722, -900.77988, 662.89616]","[-3906.77425, 548.05312, -1098.7116000000005, 524.1036000000001]"
282,People,"[-4150.53736, 704.85855, 0, 0]","[-4364.2096, 894.6262, -854.6889599999995, 759.0706]","[-4447.356527681356, 1001.167055159322, -332.5877107254237, 426.1634206372878]","[-4419.177119376272, 1020.6535843118644, 112.71763322033803, 77.94611661016961]","[-4390.997711071187, 1040.1401134644068, 112.71763322033803, 77.94611661016961]","[-4362.818302766102, 1059.626642616949, 112.71763322034167, 77.94611661016916]","[-4334.638894461017, 1079.1131717694914, 112.71763322033803, 77.94611661016916]","[-4306.459486155933, 1098.599700922034, 112.71763322033803, 77.94611661017007]","[-4278.280077850848, 1118.0862300745762, 112.71763322033813, 77.94611661016923]","[-4250.100669545763, 1137.5727592271187, 112.71763322034167, 77.94611661017007]","[-4221.921261240678, 1157.059288379661, 112.71763322033803, 77.94611661016916]","[-4193.741852935594, 1176.5458175322033, 112.71763322033803, 77.94611661016916]","[-4165.562444630508, 1196.0323466847458, 112.71763322034167, 77.94611661017007]","[-4137.383036325424, 1215.518875837288, 112.71763322033803, 77.94611661016916]","[-4109.203628020339, 1235.0054049898304, 112.71763322033803, 77.94611661016916]","[-4081.0242197152543, 1254.4919341423729, 112.71763322033985, 77.94611661017007]"
283,People,"[-4052.8448114101698, 1273.9784632949152, 0, 0]","[-4024.665403105085, 1293.4649924474577, 112.71763322033985, 77.94611661017007]","[-3996.4859948, 1312.9515216, 112.71763322033985, 77.94611661016916]","[-3968.3065864949153, 1332.4380507525425, 112.71763322033803, 77.94611661017007]","[-3940.127178189831, 1351.9245799050846, 112.71763322033803, 77.94611661016825]","[-3911.947769884746, 1371.411109057627, 112.71763322033985, 77.94611661017007]","[-3883.768361579661, 1390.8976382101694, 112.71763322033985, 77.94611661016916]","[-3855.588953274576, 1410.3841673627117, 112.71763322033985, 77.94611661016916]","[-3827.409544969492, 1429.8706965152542, 112.71763322033631, 77.94611661017014]","[-3799.230136664407, 1449.3572256677965, 112.71763322033985, 77.94611661016916]","[-3771.0507283593215, 1468.8437548203387, 112.71763322034167, 77.94611661016916]","[-3742.8713200542375, 1488.3302839728813, 112.71763322033621, 77.94611661017007]","[-3714.691911749153, 1507.8168131254238, 112.71763322033803, 77.94611661017007]","[-3686.512503444068, 1527.3033422779658, 112.71763322033985, 77.94611661016825]","[-3658.333095138984, 1546.7898714305084, 112.71763322033621, 77.94611661017007]","[-3630.1536868338985, 1566.2764005830509, 112.71763322034167, 77.94611661017007]"
284,People,"[-3601.9742785288136, 1585.762929735593, 0, 0]","[-3573.794870223729, 1605.2494588881357, 112.71763322033803, 77.94611661017098]","[-3545.6154619186445, 1624.735988040678, 112.71763322033803, 77.94611661016916]","[-3517.43605361356, 1644.22251719322, 112.71763322033803, 77.94611661016825]","[-3489.2566453084746, 1663.7090463457623, 112.71763322034167, 77.94611661016916]","[-3461.07723700339, 1683.195575498305, 112.71763322033803, 77.94611661017098]","[-3432.8978286983056, 1702.6821046508474, 112.71763322033803, 77.94611661016916]","[-3404.71842039322, 1722.1686338033896, 112.71763322034167, 77.94611661016916]","[-3376.539012088136, 1741.6551629559322, 112.71763322033631, 77.94611661017014]","[-3348.359603783051, 1761.1416921084744, 112.71763322033985, 77.94611661016916]","[-3320.180195477966, 1780.6282212610167, 112.71763322033985, 77.94611661016916]","[-3292.000787172881, 1800.1147504135592, 112.71763322034167, 77.94611661017007]","[-3263.8213788677967, 1819.6012795661013, 112.71763322033621, 77.94611661016825]","[-3235.641970562712, 1839.087808718644, 112.71763322033985, 77.94611661017098]","[-3207.4625622576277, 1858.5743378711863, 112.71763322033621, 77.94611661016916]","[-3179.2831539525423, 1878.0608670237289, 112.71763322034167, 77.94611661017007]"
285,People,"[-3151.103745647458, 1897.547396176271, 0, 0]","[-3122.9243373423733, 1917.0339253288132, 112.71763322033803, 77.94611661016916]","[-3094.7449290372883, 1936.520454481356, 112.71763322033985, 77.94611661017098]","[-3066.565520732204, 1956.006983633898, 112.71763322033803, 77.94611661016825]","[-3038.386112427119, 1975.4935127864403, 112.71763322033985, 77.94611661016916]","[-3010.2067041220344, 1994.9800419389828, 112.71763322033803, 77.94611661017007]","[-2982.0272958169494, 2014.466571091525, 112.71763322033985, 77.94611661016916]","[-2953.8478875118644, 2033.953100244068, 112.71763322033985, 77.94611661017188]","[-2925.66847920678, 2053.43962939661, 112.71763322033813, 77.94611661016832]","[-2897.4890709016954, 2072.926158549152, 112.71763322033803, 77.94611661016825]","[-2869.3096625966105, 2092.4126877016947, 112.71763322033985, 77.94611661017007]","[-2841.130254291525, 2111.899216854237, 112.71763322034167, 77.94611661016825]","[-2812.950845986441, 2131.3857460067798, 112.71763322033621, 77.94611661017188]","[-2646.97527, 2160.77319, 663.9023039457643, 117.54977597288052]","[-2342.60375, 2220.43999, 1217.4860799999988, 238.66719999999987]","[-2055.91812, 2334.96239, 1146.7425200000016, 458.08960000000116]"
286,People,"[-1762.25681, 2458.31029, 0, 0]","[-1504.68085, 2491.57354, 1030.3038400000005, 133.05299999999988]","[-1217.41397, 2465.33947, 1149.0675199999996, -104.9362799999999]","[-897.13637, 2454.10518, 1281.1104, -44.937159999999494]","[-573.07836, 2510.75386, 1296.2320400000003, 226.59471999999914]","[-258.22443, 2575.24466, 1259.41572, 257.96320000000014]","[-7.45581, 2578.64145, 1003.07448, 13.58716000000095]","[265.72021, 2550.86836, 1092.70408, -111.09236000000055]","[575.3659, 2545.33321, 1238.5827600000011, -22.140600000000653]","[870.67598, 2580.18803, 1181.2403199999999, 139.41928000000007]","[1182.85735, 2607.53897, 1248.72548, 109.40376000000106]","[1448.71327, 2563.28827, 1063.4236799999999, -177.0028000000002]","[1713.44559, 2478.8192, 1058.9292800000003, -337.8762800000004]","[2032.76525, 2404.83241, 1277.2786399999995, -295.9471599999997]","[2362.32166, 2380.97603, 1318.2256400000006, -95.42552000000069]","[2702.74692, 2343.94517, 1361.70104, -148.1234399999994]"
287,People,"[2954.19985, 2300.86192, 0, 0]","[3215.05319, 2242.62776, 1043.4133600000005, -232.9366399999999]","[3498.10202, 2230.4533, 1132.195319999999, -48.697839999998905]","[3808.0446, 2255.9701, 1239.7703200000014, 102.0671999999995]","[4148.97004, 2280.65142, 1363.70176, 98.72528000000057]","[4383.72395, 2280.64894, 939.0156399999978, -0.00992000000042026]","[4606.940856, 2260.424453333333, 892.8676240000023, -80.89794666666785]","[4883.29959, 2274.04518, 1105.4349359999978, 54.482906666667986]","[5165.99036, 2336.61252, 1130.7630800000015, 250.26936000000046]","[5473.79267, 2417.09935, 1231.2092400000001, 321.9473199999993]","[5721.12276, 2419.36447, 989.3203600000015, 9.060480000000098]","[6006.96287, 2375.19808, 1143.3604400000004, -176.66555999999946]","[6320.03548, 2360.52604, 1252.290439999997, -58.6881599999997]","[6621.47966, 2391.79382, 1205.7767200000017, 125.0711199999987]","[6849.302017756286, 2440.1689402514507, 911.2894310251431, 193.50048100580352]","[6901.668817079303, 2489.9226631721467, 209.4671972920696, 199.01489168278385]"
288,People,"[6954.035616402321, 2539.676386092843, 0, 0]","[7006.402415725338, 2589.4301090135395, 209.4671972920696, 199.01489168278567]","[7058.769215048355, 2639.183831934236, 209.4671972920696, 199.01489168278567]","[7111.136014371373, 2688.9375548549324, 209.4671972920696, 199.01489168278567]","[7163.50281369439, 2738.6912777756284, 209.4671972920696, 199.01489168278385]","[7215.869613017408, 2788.4450006963248, 209.4671972920696, 199.01489168278567]","[7268.236412340425, 2838.198723617021, 209.4671972920696, 199.01489168278567]","[7320.603211663442, 2887.9524465377176, 209.4671972920696, 199.01489168278567]","[7372.97001098646, 2937.7061694584136, 209.4671972920698, 199.01489168278403]","[7425.336810309477, 2987.45989237911, 209.4671972920696, 199.01489168278567]","[7477.703609632495, 3037.2136152998064, 209.4671972920696, 199.01489168278567]","[7530.070408955513, 3086.967338220503, 209.46719729207325, 199.01489168278567]","[7582.43720827853, 3136.7210611411992, 209.4671972920696, 199.01489168278567]","[7634.804007601548, 3186.474784061896, 209.4671972920696, 199.0148916827875]","[7687.170806924565, 3236.228506982592, 209.4671972920696, 199.01489168278385]","[7739.5376062475825, 3285.982229903288, 209.4671972920696, 199.01489168278385]"
289,People,"[7791.9044055706, 3335.7359528239845, 0, 0]","[7844.271204893617, 3385.489675744681, 209.4671972920696, 199.01489168278567]","[7896.638004216635, 3435.243398665377, 209.4671972920696, 199.01489168278385]","[7910.89205, 3443.6775, 57.01618313346262, 33.73640533849175]","[7977.56396475, 3353.45304675, 266.68765899999926, -360.8978129999996]","[8047.12552178125, 3260.53199128125, 278.2462281250009, -371.6842218749989]","[8116.687078812501, 3167.6109358125, 278.2462281250009, -371.68422187500073]","[8186.24863584375, 3074.68988034375, 278.2462281249973, -371.68422187500073]","[8255.810192875, 2981.768824875, 278.24622812500115, -371.68422187499925]","[8325.37174990625, 2888.84776940625, 278.2462281249973, -371.68422187500073]","[8394.9333069375, 2795.9267139375, 278.24622812500456, -371.6842218749989]","[8464.49486396875, 2703.00565846875, 278.2462281249973, -371.68422187500073]","[8534.056421000001, 2610.084603, 278.24622812500456, -371.68422187500073]","[8603.61797803125, 2517.16354753125, 278.2462281249973, -371.6842218749989]","[8673.1795350625, 2424.2424920625, 278.2462281249973, -371.68422187500073]","[8742.741092093751, 2331.32143659375, 278.24622812500456, -371.6842218749989]"
290,People,"[8796.85196, 2253.54261, 0, 0]","[8748.510468, 2216.51675, -193.36596799999825, -148.10344000000077]","[8660.600816698114, 2195.9328906603773, -351.6386052075468, -82.3354373584898]","[8557.752753018867, 2184.1873033962265, -411.3922547169859, -46.9823490566032]","[8454.904689339623, 2172.4417161320757, -411.39225471697864, -46.9823490566032]","[8352.056625660378, 2160.6961288679245, -411.39225471697864, -46.98234905660502]","[8242.83355, 2146.45123, -436.8923026415141, -56.979595471697394]","[8071.971175260664, 2085.780202180095, -683.4494989573432, -242.684111279621]","[7857.030452511848, 2010.32188464455, -859.7628909952626, -301.83327014217986]","[7642.089729763034, 1934.8635671090049, -859.7628909952582, -301.8332701421805]","[7427.149007014218, 1859.40524957346, -859.7628909952618, -301.8332701421796]","[7212.208284265403, 1783.9469320379148, -859.7628909952618, -301.8332701421805]","[6997.267561516587, 1708.4886145023695, -859.7628909952618, -301.8332701421814]","[6782.326838767773, 1633.0302969668246, -859.7628909952582, -301.8332701421796]","[6567.386116018957, 1557.5719794312795, -859.7628909952618, -301.8332701421805]","[6348.89165, 1485.85329, -873.9778640758304, -286.8747577251179]"
291,People,"[6068.1479, 1447.40877, 0, 0]","[5811.41141, 1361.74599, -1026.945960000001, -342.65112000000045]","[5564.33409, 1225.58841, -988.3092799999977, -544.6303199999993]","[5303.08155, 1055.37009, -1045.0101600000016, -680.8732800000007]","[5041.17254, 957.61382, -1047.6360400000012, -391.02507999999943]","[4765.93968, 920.58401, -1100.9314399999967, -148.11924]","[4511.64379, 865.67769, -1017.1835600000013, -219.6252800000002]","[4246.96482, 785.54586, -1058.7158799999997, -320.52732000000015]","[3973.62528, 669.14118, -1093.3581600000007, -465.61872000000034]","[3710.2083, 580.12425, -1053.6679200000017, -356.06772]","[3412.91764, 554.50687, -1189.1626399999986, -102.46951999999965]","[3162.15113, 514.33275, -1003.0660399999997, -160.69648000000007]","[2890.56785, 456.16543, -1086.3331200000011, -232.66928000000007]","[2606.55607, 405.08725, -1136.0471199999993, -204.31272000000013]","[2365.64987, 445.63915, -963.6247999999996, 162.20759999999996]","[2135.0888, 566.91348, -922.2442800000008, 485.0973200000003]"
292,People,"[1891.50059, 679.92767, 0, 0]","[1653.28809, 790.63989, -952.8500000000004, 442.84888]","[1385.49658, 906.61187, -1071.16604, 463.88791999999967]","[1188.04698, 1104.37972, -789.7983999999997, 791.0713999999998]","[1025.54839, 1377.22047, -649.9943600000006, 1091.3630000000003]","[883.43332, 1607.79359, -568.4602799999998, 922.2924800000001]","[704.47958, 1788.0117, -715.8149599999997, 720.8724400000001]","[456.4575, 1939.43486, -992.0883200000003, 605.6926400000002]","[231.42435, 2113.42253, -900.1326000000007, 695.9506799999996]","[-18.7338, 2330.89786, -1000.6326, 869.9013200000009]","[-267.23933, 2498.17946, -994.02212, 669.1263999999992]","[-533.05313, 2607.83622, -1063.2552, 438.6270400000012]","[-823.60644, 2712.91017, -1162.21324, 420.2957999999999]","[-1088.51196, 2830.46718, -1059.62208, 470.22803999999996]","[-1378.95969, 2954.39363, -1161.7909199999995, 495.7057999999997]","[-1663.62128, 3014.83346, -1138.6463600000006, 241.7593199999992]"
293,People,"[-6676.759189445911, -1634.1634878100265, 0, 0]","[-6447.586490237467, -1626.7221052242744, 916.6907968337764, 29.765530343008322]","[-6218.413791029024, -1619.2807226385223, 916.6907968337728, 29.765530343008322]","[-5989.241091820581, -1611.8393400527705, 916.6907968337728, 29.765530343007413]","[-5760.068392612137, -1604.3979574670184, 916.6907968337728, 29.765530343008322]","[-5530.895693403694, -1596.9565748812663, 916.6907968337728, 29.765530343008322]","[-5301.722994195251, -1589.5151922955145, 916.6907968337728, 29.765530343007413]","[-5072.550294986808, -1582.0738097097624, 916.6907968337728, 29.765530343008322]","[-4843.377595778364, -1574.6324271240103, 916.6907968337772, 29.765530343008347]","[-4584.95165, -1581.54197, 1033.7037831134548, -27.6381715039588]","[-4323.14668, -1564.533, 1047.2198800000006, 68.03588000000036]","[-4076.31106, -1501.4881, 987.3424799999993, 252.17959999999948]","[-3837.9563, -1444.53353, 953.4190400000007, 227.8182800000004]","[-3591.21679, -1427.44823, 986.9580399999995, 68.34119999999984]","[-3321.55146, -1425.70223, 1078.6613199999993, 6.983999999999469]","[-3072.28882, -1398.97617, 997.0505599999997, 106.90424000000075]"
294,People,"[-2786.57815, -1339.2675, 0, 0]","[-2503.15683, -1315.48062, 1133.6852799999997, 95.14751999999953]","[-2215.3351, -1319.05016, 1151.2869200000005, -14.278159999999843]","[-1930.50436, -1332.78694, 1139.3229599999995, -54.94711999999981]","[-1658.52336, -1339.05086, 1087.924, -25.055680000000393]","[-1371.25414, -1367.02075, 1149.0768799999996, -111.8795599999994]","[-1097.85575, -1417.21536, 1093.5935600000003, -200.77844000000005]","[-802.13515, -1475.70498, 1182.8824, -233.95848000000024]","[-506.85229, -1515.48559, 1181.131440000001, -159.12244000000024]","[-211.92547, -1530.60612, 1179.70728, -60.48211999999967]","[61.428, -1570.83684, 1093.41388, -160.92288000000008]","[366.24129, -1638.29008, 1219.25316, -269.8129600000002]","[664.25099, -1668.82637, 1192.0388, -122.14516000000003]","[954.36942, -1635.33614, 1160.47372, 133.96092000000044]","[1270.3585, -1581.80854, 1263.9563200000002, 214.11039999999957]","[1586.42437, -1558.52223, 1264.2634799999996, 93.14523999999983]"
295,People,"[1905.06613, -1531.95924, 0, 0]","[2186.81177, -1478.14724, 1126.9825599999995, 215.2479999999996]","[2479.43092, -1404.36938, 1170.4766, 295.1114399999997]","[2757.83959, -1349.63003, 1113.634680000001, 218.95740000000023]","[3051.72758, -1268.9885, 1175.5519600000007, 322.5661200000004]","[3332.53535, -1127.18575, 1123.2310799999996, 567.2109999999993]","[3609.32601, -937.28622, 1107.1626400000005, 759.5981200000006]","[3895.78344, -760.4134, 1145.8297199999997, 707.4912799999997]","[4178.17308, -563.88017, 1129.5585599999986, 786.1329200000007]","[4428.52371, -345.86216, 1001.4025200000033, 872.07204]","[4651.403802222222, -133.27066222222223, 891.5203688888869, 850.3659911111112]","[4884.648530617284, 90.88008160493828, 932.9789135802494, 896.602975308642]","[5117.893259012346, 315.0308254320988, 932.9789135802457, 896.6029753086422]","[5351.137987407407, 539.1815692592594, 932.9789135802457, 896.6029753086423]","[5584.382715802469, 763.3323130864198, 932.9789135802457, 896.6029753086418]","[5817.627444197531, 987.4830569135804, 932.9789135802494, 896.6029753086423]"
296,People,"[6050.8721725925925, 1211.6338007407408, 0, 0]","[6284.116900987654, 1435.784544567901, 932.9789135802457, 896.6029753086414]","[6517.361629382716, 1659.935288395062, 932.9789135802494, 896.6029753086432]","[6750.606357777777, 1884.0860322222225, 932.9789135802421, 896.6029753086423]","[6989.07271, 2104.33946, 953.8654088888943, 881.0137111111108]","[7213.20878, 2321.73628, 896.5442799999983, 869.5872799999997]","[7436.705431560197, 2542.1232958476658, 893.9866062407891, 881.5480633906627]","[7316.209720565111, 2535.1021920393123, -481.98284398034593, -28.084415233413893]","[7195.714009570025, 2528.0810882309584, -481.98284398034275, -28.084415233415736]","[7075.218298574939, 2521.0599844226044, -481.98284398034593, -28.08441523341571]","[6954.722587579853, 2514.0388806142505, -481.9828439803423, -28.08441523341571]","[6834.226876584767, 2507.017776805897, -481.98284398034593, -28.084415233413893]","[6713.731165589681, 2499.996672997543, -481.9828439803423, -28.08441523341571]","[6593.235454594595, 2492.975569189189, -481.98284398034593, -28.08441523341571]","[6472.739743599509, 2485.9544653808352, -481.9828439803423, -28.08441523341571]","[6352.244032604423, 2478.9333615724818, -481.9828439803423, -28.084415233413893]"
297,People,"[6231.748321609337, 2471.912257764128, 0, 0]","[6111.25261061425, 2464.891153955774, -481.98284398034593, -28.08441523341571]","[5990.756899619165, 2457.8700501474204, -481.9828439803423, -28.084415233413893]","[5870.261188624079, 2450.8489463390665, -481.9828439803423, -28.08441523341571]","[5749.765477628993, 2443.8278425307126, -481.98284398034593, -28.08441523341571]","[5629.269766633906, 2436.8067387223587, -481.98284398034593, -28.08441523341571]","[5508.774055638821, 2429.785634914005, -481.9828439803423, -28.084415233413893]","[5388.278344643735, 2422.7645311056517, -481.9828439803423, -28.084415233413893]","[5267.782633648649, 2415.7434272972973, -481.9828439803464, -28.084415233417555]","[5147.286922653562, 2408.7223234889434, -481.98284398034593, -28.08441523341571]","[5026.791211658477, 2401.70121968059, -481.9828439803423, -28.084415233413893]","[4906.295500663391, 2394.680115872236, -481.9828439803423, -28.08441523341571]","[4785.799789668305, 2387.659012063882, -481.98284398034593, -28.08441523341571]","[4665.304078673219, 2380.637908255528, -481.9828439803423, -28.08441523341571]","[4544.808367678133, 2373.6168044471747, -481.9828439803423, -28.084415233413893]","[4424.312656683047, 2366.5957006388207, -481.98284398034593, -28.08441523341571]"
298,People,"[4303.8169456879605, 2359.574596830467, 0, 0]","[4183.321234692875, 2352.553493022113, -481.9828439803423, -28.08441523341571]","[4062.825523697789, 2345.5323892137594, -481.9828439803441, -28.084415233413893]","[3942.329812702703, 2338.511285405405, -481.9828439803441, -28.08441523341753]","[3821.834101707617, 2331.490181597052, -481.9828439803441, -28.084415233412074]","[3701.338390712531, 2324.4690777886976, -481.9828439803441, -28.08441523341753]","[3580.8426797174448, 2317.447973980344, -481.9828439803441, -28.084415233413893]","[3344.87218, 2334.08225, -943.8819988697796, 66.53710407862309]","[2981.17095, 2330.49664, -1454.80492, -14.342440000000364]","[2616.46817, 2298.67207, -1458.8111200000003, -127.29827999999907]","[2244.98775, 2278.81597, -1485.9216800000013, -79.42439999999988]","[1877.83744, 2265.61733, -1468.601239999999, -52.794560000000274]","[1518.7963, 2223.93754, -1436.1645600000002, -166.71916000000056]","[1187.84519, 2166.15411, -1323.8044399999999, -231.1337199999998]","[848.22895, 2113.49501, -1358.4649599999998, -210.6363999999994]","[497.30795, 2084.35969, -1403.6840000000002, -116.54128000000128]"
299,People,"[167.12989, 2051.86488, 0, 0]","[-182.06365, 1963.24552, -1396.77416, -354.47744000000057]","[-513.77722, 1872.83727, -1326.8542800000002, -361.6329999999998]","[-848.30453, 1808.44736, -1338.1092399999998, -257.5596400000004]","[-1179.41454, 1748.13145, -1324.44004, -241.2636399999992]","[-1489.37946, 1655.06255, -1239.8596800000005, -372.27559999999994]","[-1807.35623, 1536.79043, -1271.90708, -473.08848000000035]","[-2146.02075, 1445.40945, -1354.6580800000002, -365.52391999999963]","[-2466.77387, 1370.989, -1283.0124800000006, -297.6818000000006]","[-2784.50984, 1242.90675, -1270.9438800000007, -512.3289999999997]","[-3081.36229, 1096.34397, -1187.4097999999994, -586.2511200000008]","[-3402.56067, 957.20013, -1284.7935199999993, -556.5753599999998]","[-3721.04956, 841.3737, -1273.9555600000003, -463.30571999999984]","[-4025.63013, 735.88704, -1218.3222800000003, -421.9466400000001]","[-4335.30806, 616.5316, -1238.7117200000012, -477.4217599999997]","[-4655.58903, 507.3608, -1281.1238799999992, -436.68320000000017]"
300,People,"[-4985.34248, 436.21357, 0, 0]","[-4971.233252567812, 423.4097139783002, 56.43690972875265, -51.2154240867992]","[-4826.734617245329, 423.46924728149486, 577.9945412899324, 0.23813321277862087]","[-4682.235981922846, 423.5287805846896, 577.9945412899324, 0.23813321277907562]","[-4537.737346600362, 423.5883138878843, 577.994541289936, 0.23813321277862087]","[-4393.238711277879, 423.6478471910789, 577.9945412899324, 0.2381332127783935]","[-4248.740075955395, 423.7073804942737, 577.994541289936, 0.238133212779303]","[-4104.241440632912, 423.7669137974684, 577.9945412899324, 0.23813321277884825]","[-3959.7428053104286, 423.8264471006631, 577.994541289933, 0.2381332127786211]","[-3815.244169987945, 423.8859804038577, 577.9945412899342, 0.2381332127783935]","[-3670.7455346654615, 423.9455137070525, 577.9945412899342, 0.238133212779303]","[-3526.2468993429784, 424.0050470102472, 577.9945412899324, 0.23813321277884825]","[-3381.748264020495, 424.0645803134418, 577.9945412899342, 0.2381332127783935]","[-3237.2496286980117, 424.1241136166365, 577.9945412899324, 0.23813321277884825]","[-3092.750993375528, 424.1836469198312, 577.9945412899342, 0.23813321277862087]","[-2948.2523580530446, 424.2431802230259, 577.9945412899342, 0.23813321277884825]"
301,People,"[-2803.753722730561, 424.3027135262206, 0, 0]","[-2659.255087408077, 424.3622468294153, 577.994541289936, 0.23813321277884825]","[-2514.7564520855944, 424.42178013261, 577.9945412899306, 0.23813321277884825]","[-2370.257816763111, 424.4813134358047, 577.9945412899342, 0.23813321277862087]","[-2225.759181440628, 424.5408467389994, 577.9945412899324, 0.23813321277884825]","[-2081.260546118144, 424.6003800421941, 577.994541289936, 0.23813321277884825]","[-1936.7619107956607, 424.6599133453888, 577.9945412899324, 0.23813321277884825]","[-1792.2632754731771, 424.7194466485834, 577.9945412899342, 0.2381332127783935]","[-1647.7646401506936, 424.7789799517782, 577.9945412899348, 0.23813321277907584]","[-1503.2660048282105, 424.8385132549729, 577.9945412899324, 0.23813321277884825]","[-1358.767369505727, 424.8980465581676, 577.9945412899342, 0.23813321277884825]","[-1214.2687341832434, 424.9575798613623, 577.9945412899342, 0.23813321277884825]","[-1069.7700988607603, 425.017113164557, 577.9945412899324, 0.23813321277862087]","[-925.2714635382764, 425.0766464677516, 577.9945412899356, 0.2381332127783935]","[-780.7728282157932, 425.1361797709464, 577.9945412899328, 0.238133212779303]","[-636.2741928933101, 425.19571307414105, 577.9945412899324, 0.23813321277862087]"
302,People,"[-491.7755575708261, 425.25524637733577, 0, 0]","[-347.276922248343, 425.3147796805304, 577.9945412899324, 0.23813321277862087]","[-202.7782869258599, 425.37431298372513, 577.9945412899324, 0.23813321277884825]","[-58.279651603375896, 425.4338462869199, 577.994541289936, 0.23813321277907562]","[86.2189837191072, 425.4933795901145, 577.9945412899324, 0.2381332127783935]","[230.7176190415903, 425.5529128933092, 577.9945412899324, 0.23813321277884825]","[375.2162543640743, 425.6124461965039, 577.994541289936, 0.23813321277884825]","[519.7148896865574, 425.6719794996986, 577.9945412899324, 0.23813321277862087]","[664.2135250090405, 425.7315128028933, 577.994541289933, 0.23813321277884847]","[808.7121603315245, 425.791046106088, 577.994541289936, 0.23813321277884825]","[953.2107956540076, 425.8505794092827, 577.9945412899324, 0.23813321277884825]","[1097.7094309764907, 425.91011271247737, 577.9945412899324, 0.23813321277862087]","[1242.2080662989747, 425.9696460156721, 577.994541289936, 0.23813321277884825]","[1386.7067016214578, 426.0291793188668, 577.9945412899324, 0.23813321277884825]","[1531.2053369439418, 426.0887126220615, 577.994541289936, 0.23813321277884825]","[1675.703972266425, 426.14824592525616, 577.9945412899324, 0.23813321277862087]"
303,People,"[1820.202607588908, 426.2077792284509, 0, 0]","[1964.701242911392, 426.2673125316456, 577.994541289936, 0.23813321277884825]","[2109.199878233875, 426.3268458348402, 577.9945412899324, 0.2381332127783935]","[2253.698513556358, 426.38637913803495, 577.9945412899324, 0.23813321277907562]","[2398.197148878842, 426.44591244122967, 577.994541289936, 0.23813321277884825]","[2542.6957842013253, 426.5054457444243, 577.9945412899324, 0.23813321277862087]","[2687.1944195238084, 426.56497904761903, 577.9945412899324, 0.23813321277884825]","[2831.6930548462924, 426.62451235081375, 577.994541289936, 0.23813321277884825]","[2976.1916901687755, 426.68404565400846, 577.994541289933, 0.23813321277884847]","[3120.6903254912586, 426.7435789572031, 577.9945412899324, 0.23813321277862087]","[3265.1889608137417, 426.8031122603978, 577.9945412899324, 0.23813321277884825]","[3409.6875961362266, 426.8626455635925, 577.9945412899397, 0.23813321277862087]","[3554.1862314587097, 426.9221788667872, 577.9945412899324, 0.23813321277884825]","[3698.684866781193, 426.9817121699819, 577.9945412899324, 0.23813321277884825]","[3843.183502103676, 427.0412454731766, 577.9945412899324, 0.23813321277884825]","[3987.682137426159, 427.10077877637127, 577.9945412899324, 0.23813321277862087]"
304,People,"[4132.180772748642, 427.160312079566, 0, 0]","[4276.679408071127, 427.2198453827607, 577.9945412899397, 0.23813321277884825]","[4421.17804339361, 427.2793786859554, 577.9945412899324, 0.23813321277884825]","[4637.46989, 468.42194, 865.1673864255608, 164.5702452561784]","[4963.57667, 604.99792, 1304.4271200000003, 546.3039200000001]","[5196.940275620915, 711.0434467102397, 933.4544224836573, 424.18210684095857]","[4925.680935751634, 648.4394886492374, -1085.0373594771227, -250.41583224400893]","[4654.421595882353, 585.8355305882353, -1085.0373594771227, -250.41583224400847]","[4383.162256013072, 523.2315725272331, -1085.0373594771272, -250.41583224400915]","[4111.902916143791, 460.62761446623085, -1085.0373594771227, -250.41583224400893]","[3840.6435762745095, 398.0236564052287, -1085.0373594771263, -250.4158322440087]","[3569.384236405229, 335.4196983442265, -1085.0373594771227, -250.4158322440087]","[3298.124896535948, 272.8157402832244, -1085.0373594771227, -250.41583224400847]","[3026.865556666666, 210.21178222222213, -1085.0373594771281, -250.41583224400904]","[2755.606216797385, 147.60782416121992, -1085.0373594771245, -250.4158322440088]","[2484.346876928105, 85.0038661002178, -1085.0373594771208, -250.41583224400847]"
305,People,"[2213.087537058824, 22.39990803921557, 0, 0]","[1941.8281971895424, -40.20405002178654, -1085.0373594771272, -250.41583224400847]","[1670.5688573202617, -102.80800808278876, -1085.0373594771227, -250.41583224400887]","[1399.3095174509804, -165.411966143791, -1085.0373594771254, -250.41583224400898]","[1128.0501775816992, -228.01592420479312, -1085.0373594771245, -250.41583224400847]","[856.7908377124186, -290.6198822657953, -1085.0373594771227, -250.4158322440087]","[585.531497843137, -353.2238403267975, -1085.0373594771263, -250.4158322440087]","[314.27215797385634, -415.8277983877997, -1085.0373594771227, -250.41583224400893]","[920.5130304827588, -147.4497520689655, 2424.9634900356123, 1073.5121852753377]","[2148.3496356551723, 434.8661186206896, 4911.346420689653, 2329.2634827586203]","[3376.186240827586, 1017.1819893103448, 4911.346420689655, 2329.2634827586207]","[4604.022846, 1599.49786, 4911.346420689655, 2329.2634827586207]","[5831.859451172414, 2181.813730689655, 4911.346420689657, 2329.2634827586207]","[7059.696056344827, 2764.1296013793103, 4911.346420689653, 2329.2634827586207]","[7198.29046, 2869.8581, 554.377614620691, 422.9139944827584]","[6867.4169, 2741.24494, -1323.49424, -514.4526399999995]"
306,People,"[6521.96691, 2638.46353, 0, 0]","[6183.57998, 2562.64741, -1353.5477199999987, -303.2644799999998]","[5852.28702, 2531.37182, -1325.1718400000027, -125.10236000000077]","[5537.40212, 2491.45626, -1259.5396, -159.66223999999966]","[5208.99823, 2442.61351, -1313.6155599999984, -195.37099999999919]","[4863.69044, 2405.04864, -1381.2311599999994, -150.25948000000062]","[4539.59614, 2380.31653, -1296.3772000000026, -98.92843999999968]","[4236.97395, 2349.75026, -1210.4887600000002, -122.26508000000103]","[3918.58495, 2310.94264, -1273.5559999999998, -155.2304799999985]","[3562.698, 2281.54956, -1423.5478000000003, -117.57232000000113]","[3193.48327, 2269.9447, -1476.8589199999988, -46.41943999999967]","[2834.6847855813958, 2257.784866744186, -1435.1939376744176, -48.63933302325677]","[2490.5109193023254, 2237.2057679069767, -1376.6954651162814, -82.31639534883652]","[2153.21273, 2224.34899, -1349.192757209301, -51.427111627906925]","[1825.75862, 2247.84971, -1309.8164400000005, 94.00288]","[1503.24435, 2271.49842, -1290.0570800000005, 94.59483999999975]"
307,People,"[1193.50029, 2248.55482, 0, 0]","[855.05218, 2196.72337, -1353.7924399999997, -207.3257999999987]","[514.25765, 2173.02163, -1363.17812, -94.80695999999989]","[193.85074, 2167.55856, -1281.6276400000002, -21.852280000000974]","[-102.6449, 2128.01765, -1185.98256, -158.16364000000067]","[-437.49967, 2058.14494, -1339.41908, -279.49083999999857]","[-797.02678, 1991.32924, -1438.1084400000002, -267.2628000000004]","[-1114.00544, 1953.18399, -1267.9146399999995, -152.58100000000013]","[-1413.37838, 1892.9839, -1197.491760000002, -240.8003600000004]","[-1696.67864, 1815.02321, -1133.20104, -311.84275999999954]","[-1994.85586, 1731.30822, -1192.7088799999992, -334.8599600000007]","[-2307.72424, 1674.63111, -1251.4735200000005, -226.70843999999943]","[-2611.82064, 1617.84582, -1216.3855999999996, -227.14116000000013]","[-2877.14201, 1538.12124, -1061.2854800000005, -318.89832000000024]","[-3132.36727, 1421.34482, -1020.9010400000006, -467.10567999999967]","[-3391.76995, 1297.85891, -1037.6107199999988, -493.9436400000004]"
308,People,"[-3626.21116, 1162.54345, 0, 0]","[-3835.97194, 977.23519, -839.0431200000003, -741.2330399999996]","[-3998.878417692308, 712.1763946153845, -651.6259107692331, -1060.2351815384618]","[-4158.89493, 419.2323, -640.0660492307688, -1171.7763784615381]","[-4313.4022776, 171.14369399999998, -618.0293903999991, -992.3544240000001]","[-4449.41206, -61.88226, -544.039129599998, -932.1038159999999]","[-4594.955712702703, -252.38602693693696, -582.1746108108127, -762.0150677477478]","[-4769.84986945946, -324.5258192792793, -699.5766270270287, -288.55916936936933]","[-4944.744026216216, -396.6656116216217, -699.5766270270257, -288.55916936936984]","[-5119.6381829729735, -468.805403963964, -699.5766270270287, -288.55916936936933]","[-5294.53233972973, -540.9451963063063, -699.5766270270251, -288.55916936936933]","[-5469.426496486487, -613.0849886486487, -699.5766270270287, -288.55916936936956]","[-5644.320653243243, -685.224780990991, -699.5766270270251, -288.5591693693691]","[-5819.21481, -757.3645733333334, -699.5766270270287, -288.55916936936956]","[-5994.108966756757, -829.5043656756758, -699.5766270270251, -288.55916936936956]","[-6169.003123513514, -901.644158018018, -699.5766270270287, -288.55916936936865]"
309,People,"[-6343.89728027027, -973.7839503603604, 0, 0]","[-6518.791437027027, -1045.9237427027026, -699.5766270270287, -288.55916936936865]","[-6693.685593783784, -1118.063535045045, -699.5766270270251, -288.55916936936956]","[-6868.579750540541, -1190.2033273873874, -699.5766270270287, -288.55916936936956]","[-7043.473907297297, -1262.3431197297298, -699.5766270270251, -288.55916936936956]","[-7218.368064054054, -1334.482912072072, -699.5766270270287, -288.55916936936865]","[-7393.262220810811, -1406.6227044144143, -699.5766270270287, -288.55916936936956]","[-7568.156377567568, -1478.7624967567567, -699.5766270270251, -288.55916936936956]","[-7743.050534324324, -1550.902289099099, -699.5766270270257, -288.55916936936984]","[-7917.944691081081, -1623.0420814414415, -699.5766270270287, -288.55916936936956]","[-8092.838847837838, -1695.181873783784, -699.5766270270287, -288.55916936937047]","[-8267.733004594595, -1767.321666126126, -699.5766270270251, -288.55916936936774]","[-8407.34181, -1829.19091, -558.4352216216212, -247.47697549549594]","[-8318.563096438356, -1827.4880563869865, 355.1148542465744, 6.811414452054123]","[-8165.912873835617, -1819.77028369863, 610.6008904109585, 30.87109075342596]","[-8013.262651232877, -1812.052511010274, 610.6008904109585, 30.87109075342414]"
310,People,"[-7860.612428630136, -1804.3347383219177, 0, 0]","[-7707.962206027397, -1796.6169656335617, 610.6008904109549, 30.87109075342414]","[-7555.311983424657, -1788.8991929452054, 610.6008904109585, 30.87109075342505]","[-7402.661760821918, -1781.1814202568494, 610.6008904109585, 30.87109075342414]","[-7250.011538219178, -1773.4636475684931, 610.6008904109585, 30.87109075342505]","[-7097.361315616438, -1765.745874880137, 610.6008904109585, 30.87109075342414]","[-6944.711093013699, -1758.0281021917808, 610.6008904109585, 30.87109075342505]","[-6792.060870410959, -1750.3103295034248, 610.6008904109585, 30.87109075342414]","[-6639.410647808219, -1742.5925568150683, 610.6008904109591, 30.87109075342599]","[-6486.760425205479, -1734.8747841267125, 610.6008904109622, 30.871090753423232]","[-6334.11020260274, -1727.1570114383562, 610.6008904109549, 30.87109075342505]","[-6181.45998, -1719.43923875, 610.6008904109622, 30.87109075342505]","[-6028.80975739726, -1711.721466061644, 610.6008904109585, 30.87109075342414]","[-5876.15953479452, -1704.0036933732877, 610.6008904109585, 30.87109075342505]","[-5723.509312191781, -1696.2859206849316, 610.6008904109585, 30.87109075342414]","[-5570.859089589041, -1688.5681479965754, 610.6008904109585, 30.87109075342505]"
311,People,"[-5418.2088669863015, -1680.850375308219, 0, 0]","[-5265.558644383562, -1673.132602619863, 610.6008904109585, 30.87109075342414]","[-5112.908421780821, -1665.414829931507, 610.6008904109622, 30.87109075342414]","[-4960.258199178083, -1657.6970572431508, 610.6008904109549, 30.87109075342505]","[-4760.74546, -1648.5503, 798.0509567123299, 36.58702897260264]","[-4421.49582, -1597.13363, 1356.99856, 205.66668000000027]","[-4109.05925, -1551.01559, 1249.7462799999994, 184.47216000000026]","[-3801.79491, -1533.06272, 1229.0573600000007, 71.8114800000003]","[-3476.35798, -1510.50651, 1301.7477200000005, 90.22483999999994]","[-3168.07669, -1466.49226, 1233.1251600000014, 176.0569999999998]","[-2856.48897, -1387.40178, 1246.35088, 316.3619200000003]","[-2534.02015, -1305.73892, 1289.8752800000002, 326.65143999999964]","[-2206.57688, -1234.1823, 1309.773079999999, 286.22648000000027]","[-1888.95442, -1134.65367, 1270.4898400000002, 398.1145200000001]","[-1572.99854, -1037.60738, 1263.82352, 388.18516]","[-1267.97801, -974.48471, 1220.08212, 252.49067999999988]"
312,People,"[-940.24357, -923.47194, 0, 0]","[-615.84552, -846.86396, 1297.5922, 306.43192]","[-296.29681, -743.47339, 1278.1948399999999, 413.5622800000001]","[45.08806, -645.4386, 1365.53948, 392.1391600000002]","[380.83057, -556.93165, 1342.9700400000002, 354.02779999999984]","[704.97529, -431.82697, 1296.5788799999998, 500.4187199999999]","[1038.38358, -320.41455, 1333.6331599999999, 445.64968]","[1388.63312, -264.11894, 1400.99816, 225.18244000000004]","[1733.55218, -229.47239, 1379.676240000001, 138.5862000000002]","[2055.59322, -163.95533, 1288.1641600000012, 262.06823999999995]","[2360.65411, -74.56966, 1220.243559999999, 357.54268]","[2668.8982, -13.94394, 1232.9763600000006, 242.50288]","[2988.4492, 19.218, 1278.2039999999997, 132.64776]","[3305.42183, 85.23761, 1267.8905200000008, 264.07844]","[3633.22046, 188.9402, 1311.194519999999, 414.81036]","[4008.386992222222, 232.5658933333333, 1500.6661288888881, 174.50277333333315]"
313,People,"[4328.923141986144, 273.9915837182448, 0, 0]","[4337.810041812933, 326.86100519630486, 35.547599307155906, 211.4776859122403]","[4346.696941639723, 379.7304266743649, 35.547599307159544, 211.47768591224008]","[4355.583841466513, 432.59984815242495, 35.547599307159544, 211.4776859122403]","[4364.470741293303, 485.469269630485, 35.547599307159544, 211.47768591224008]","[4373.357641120093, 538.338691108545, 35.547599307159544, 211.4776859122403]","[4382.244540946883, 591.2081125866051, 35.547599307159544, 211.4776859122403]","[4391.131440773672, 644.0775340646651, 35.547599307155906, 211.47768591223985]","[4400.018340600462, 696.9469555427252, 35.54759930715957, 211.4776859122405]","[4408.905240427252, 749.8163770207852, 35.547599307159544, 211.4776859122403]","[4417.792140254041, 802.6857984988453, 35.547599307159544, 211.4776859122403]","[4426.679040080831, 855.5552199769054, 35.547599307159544, 211.4776859122403]","[4435.565939907621, 908.4246414549656, 35.547599307159544, 211.47768591224076]","[4444.452839734411, 961.2940629330254, 35.547599307159544, 211.4776859122394]","[4453.339739561201, 1014.1634844110856, 35.547599307159544, 211.47768591224076]","[4462.226639387991, 1067.0329058891457, 35.547599307159544, 211.4776859122403]"
314,People,"[4471.113539214781, 1119.9023273672055, 0, 0]","[4480.000439041571, 1172.7717488452658, 35.547599307159544, 211.4776859122412]","[4488.8873388683605, 1225.6411703233257, 35.547599307159544, 211.4776859122394]","[4497.77423869515, 1278.5105918013858, 35.547599307159544, 211.4776859122403]","[4506.66113852194, 1331.3800132794458, 35.547599307159544, 211.4776859122403]","[4515.54803834873, 1384.2494347575057, 35.547599307159544, 211.4776859122394]","[4524.43493817552, 1437.118856235566, 35.547599307159544, 211.4776859122412]","[4533.32183800231, 1489.9882777136258, 35.547599307159544, 211.4776859122394]","[4542.208737829099, 1542.8576991916862, 35.547599307155934, 211.4776859122414]","[4551.095637655889, 1595.727120669746, 35.547599307159544, 211.4776859122394]","[4559.982537482679, 1648.5965421478063, 35.547599307159544, 211.4776859122412]","[4568.869437309469, 1701.4659636258662, 35.547599307159544, 211.4776859122394]","[4577.7563371362585, 1754.3353851039265, 35.547599307159544, 211.4776859122412]","[4586.643236963048, 1807.2048065819863, 35.547599307159544, 211.4776859122394]","[4595.530136789838, 1860.0742280600464, 35.547599307159544, 211.4776859122403]","[4604.417036616628, 1912.9436495381065, 35.547599307159544, 211.4776859122403]"
315,People,"[4613.303936443418, 1965.8130710161663, 0, 0]","[4622.190836270208, 2018.6824924942264, 35.547599307159544, 211.4776859122403]","[4631.077736096998, 2071.5519139722865, 35.547599307159544, 211.4776859122403]","[4460.82274, 2105.99, -681.0199843879927, 137.7523441108533]","[4077.95062, 2084.529, -1531.4884799999982, -85.84399999999914]","[3708.46758, 2051.79231, -1477.9321600000003, -130.94676000000072]","[3345.79484, 2033.42975, -1450.69096, -73.45023999999921]","[2996.18951, 1992.79326, -1398.4213199999995, -162.54596000000038]","[2667.52432, 1881.0898, -1314.6607600000018, -446.8138400000002]","[2365.19549, 1722.97193, -1209.3153199999997, -632.4714800000002]","[2077.84515, 1584.72859, -1149.4013599999998, -552.97336]","[1781.922, 1466.66344, -1183.6926000000003, -472.2605999999996]","[1511.67437, 1352.51081, -1080.9905200000003, -456.6105200000002]","[1236.58371, 1223.87952, -1100.3626399999994, -514.5251600000001]","[954.59941, 1087.16638, -1127.9372000000003, -546.8525600000003]","[704.73177, 984.61065, -999.4705600000002, -410.2229199999997]"
316,People,"[489.51575, 891.61192, 0, 0]","[297.15118, 781.66896, -769.4582800000001, -439.77184000000034]","[88.16384, 645.4867, -835.9493600000001, -544.7290399999997]","[-119.48115, 539.78963, -830.57996, -422.7882800000002]","[-327.38604, 478.64055, -831.6195599999999, -244.59631999999988]","[-518.24277, 421.38003, -763.4269199999999, -229.04208000000017]","[-718.72084, 330.25261, -801.91228, -364.5096799999999]","[-938.67404, 216.39651, -879.8128000000002, -455.4244]","[-1199.53914, 145.66914, -1043.4604000000013, -282.90948000000026]","[-1491.54012, 124.18685, -1168.0039199999992, -85.92915999999997]","[-1817.52035, 60.04902, -1303.9209200000005, -256.55132000000003]","[-2124.41538, -51.68133, -1227.5801199999996, -446.9214]","[-2459.63055, -140.84221, -1340.8606799999998, -356.64351999999997]","[-2796.2548, -190.36879, -1346.4970000000012, -198.10631999999998]","[-3158.9448, -217.87625, -1450.7600000000002, -110.02984000000004]","[-3546.82866, -255.69916, -1551.5354399999997, -151.29164000000003]"
317,People,"[-3834.151373337596, -284.5821111253197, 0, 0]","[-3877.5809209718673, -291.81643657289004, -173.71819053708532, -28.937301790281253]","[-3921.010468606138, -299.0507620204604, -173.7181905370835, -28.93730179028148]","[-3964.4400162404095, -306.2850874680307, -173.71819053708532, -28.937301790281253]","[-4007.86956387468, -313.51941291560104, -173.71819053708168, -28.937301790281253]","[-4051.299111508952, -320.7537383631713, -173.71819053708896, -28.937301790281026]","[-4094.728659143223, -327.9880638107417, -173.7181905370835, -28.93730179028171]","[-4138.158206777493, -335.22238925831203, -173.71819053708168, -28.937301790281253]","[-4181.587754411765, -342.4567147058824, -173.71819053708546, -28.937301790281506]","[-4225.017302046036, -349.6910401534527, -173.71819053708532, -28.937301790281253]","[-4268.446849680307, -356.92536560102303, -173.71819053708532, -28.937301790281253]","[-4311.876397314578, -364.1596910485933, -173.71819053708168, -28.937301790281026]","[-4355.305944948849, -371.3940164961637, -173.71819053708532, -28.93730179028171]","[-4398.7354925831205, -378.628341943734, -173.71819053708532, -28.937301790281026]","[-4442.165040217391, -385.8626673913044, -173.71819053708168, -28.93730179028171]","[-4485.594587851662, -393.0969928388747, -173.71819053708532, -28.937301790281253]"
318,People,"[-4529.024135485934, -400.331318286445, 0, 0]","[-4572.453683120205, -407.56564373401534, -173.71819053708532, -28.937301790281253]","[-4615.883230754476, -414.7999691815857, -173.71819053708532, -28.93730179028148]","[-4659.312778388747, -422.034294629156, -173.71819053708168, -28.937301790281253]","[-4702.742326023018, -429.2686200767264, -173.71819053708532, -28.93730179028148]","[-4746.171873657289, -436.5029455242967, -173.71819053708532, -28.937301790281253]","[-4789.60142129156, -443.737270971867, -173.71819053708168, -28.937301790281253]","[-4833.030968925831, -450.9715964194373, -173.71819053708532, -28.937301790281026]","[-4876.460516560102, -458.2059218670077, -173.71819053708546, -28.937301790281733]","[-4919.890064194374, -465.440247314578, -173.71819053708532, -28.937301790281253]","[-4963.319611828645, -472.6745727621484, -173.71819053708532, -28.93730179028148]","[-5006.749159462916, -479.9088982097187, -173.71819053708532, -28.937301790281253]","[-5050.178707097187, -487.143223657289, -173.71819053708168, -28.937301790281253]","[-5093.608254731458, -494.3775491048593, -173.71819053708532, -28.937301790281253]","[-5137.037802365729, -501.6118745524296, -173.71819053708168, -28.937301790281026]","[-5180.46735, -508.8462, -173.71819053708532, -28.93730179028171]"
319,People,"[-4810.18985, -507.01454, 0, 0]","[-4435.43334, -549.98613, 1499.0260400000006, -171.88635999999997]","[-4072.33256, -607.64754, 1452.403119999999, -230.64564000000018]","[-3708.90023, -633.22497, 1453.7293199999986, -102.30971999999974]","[-3321.69258, -666.06003, 1548.8306000000011, -131.34024]","[-2916.82284, -724.42732, 1619.4789600000004, -233.4691600000001]","[-2505.19434, -787.28313, 1646.5139999999992, -251.42324000000008]","[-2094.98343, -840.02908, 1640.8436399999991, -210.98379999999997]","[-1696.51656, -921.24623, 1593.8674800000022, -324.8686000000001]","[-1303.97766, -1014.29181, 1570.1556, -372.18232000000035]","[-896.1996, -1067.54174, 1631.11224, -212.99971999999934]","[-534.33704, -1055.41614, 1447.4502400000001, 48.5023999999994]","[-165.87426, -1043.86039, 1473.85112, 46.222999999999956]","[206.25435, -1010.40629, 1488.51444, 133.81640000000016]","[572.08755, -937.19409, 1463.3328, 292.8488000000002]","[925.9752, -854.14299, 1415.5506, 332.2043999999996]"
320,People,"[1305.70355, -781.13733, 0, 0]","[1690.11611, -711.4213, 1537.65024, 278.8641200000002]","[2033.6954, -595.73707, 1374.3171600000005, 462.7369199999998]","[2365.51628, -468.41695, 1327.283519999999, 509.2804800000001]","[2706.1416, -330.2571, 1362.5012800000004, 552.6394]","[3036.59282, -202.55809, 1321.8048799999997, 510.79603999999995]","[3359.18683, -60.71288, 1290.376040000001, 567.38084]","[3653.96526, 97.99186, 1179.1137199999994, 634.8189600000001]","[3974.38938, 264.11429, 1281.6964800000017, 664.4897200000005]","[4283.17648, 390.39496, 1235.1484, 505.1226800000002]","[4582.71908, 543.68197, 1198.170399999999, 613.1480399999998]","[4866.45932, 710.25507, 1134.9609600000003, 666.2924000000003]","[5162.45861, 874.77023, 1183.997159999999, 658.0606399999997]","[5461.61243, 1046.43212, 1196.6152800000018, 686.6475599999999]","[5736.31856, 1245.1633, 1098.8245199999983, 794.92472]","[6036.83506, 1454.98831, 1202.0660000000025, 839.3000400000001]"
321,People,"[6332.17617, 1652.88203, 0, 0]","[6615.03364, 1815.09365, 1131.4298799999997, 648.8464800000002]","[6897.047280000001, 1956.9901533333332, 1128.0545600000041, 567.5860133333326]","[7156.47312, 2122.33426, 1037.7033599999959, 661.3764266666676]","[7404.8916, 2267.79415, 993.6739200000011, 581.8395600000003]","[7666.04504, 2398.61536, 1044.6137600000002, 523.2848399999984]","[7919.48754, 2535.09149, 1013.7700000000004, 545.90452]","[8011.578582435233, 2626.167285699482, 368.364169740933, 364.30318279792846]","[8092.025639430052, 2711.7367701554404, 321.788227979276, 342.27793782383407]","[8172.47269642487, 2797.3062546113997, 321.78822797927205, 342.2779378238374]","[8252.91975341969, 2882.8757390673577, 321.7882279792793, 342.27793782383196]","[8333.366810414507, 2968.445223523316, 321.7882279792684, 342.2779378238338]","[8413.813867409326, 3054.0147079792746, 321.7882279792757, 342.2779378238338]","[8494.260924404145, 3139.584192435233, 321.7882279792757, 342.2779378238338]","[8546.87621, 3187.05729, 210.46114238342125, 189.89239025906863]","[8454.84291, 3054.58296, -368.13320000000385, -529.89732]"
322,People,"[8230.482226860464, 2947.2583763953485, 0, 0]","[7946.203399825581, 2886.6394592441857, -1137.1153081395314, -242.47566860465122]","[7661.924572790697, 2826.020542093024, -1137.115308139535, -242.47566860464758]","[7377.645745755814, 2765.4016249418605, -1137.115308139535, -242.47566860465304]","[7093.36691872093, 2704.7827077906977, -1137.115308139535, -242.47566860465122]","[6809.088091686046, 2644.163790639535, -1137.115308139535, -242.47566860465122]","[6524.809264651162, 2583.544873488372, -1137.115308139535, -242.47566860465122]","[6240.530437616279, 2522.9259563372093, -1137.1153081395314, -242.47566860465122]","[5956.251610581396, 2462.3070391860465, -1137.115308139536, -242.47566860465145]","[5671.972783546511, 2401.688122034884, -1137.1153081395387, -242.4756686046494]","[5387.693956511628, 2341.069204883721, -1137.1153081395314, -242.47566860465304]","[5103.415129476744, 2280.450287732558, -1137.115308139535, -242.47566860465122]","[4819.136302441861, 2219.8313705813957, -1137.115308139535, -242.4756686046494]","[4534.857475406976, 2159.212453430233, -1137.1153081395387, -242.47566860465122]","[4205.02968, 2128.77269, -1319.3111816279052, -121.75905372093257]","[3848.73268, 2120.56005, -1425.1879999999983, -32.85055999999895]"
323,People,"[3511.63386, 2106.61354, 0, 0]","[3196.80896, 2053.86219, -1259.2996000000003, -211.0054]","[2900.99526, 1957.94915, -1183.2547999999988, -383.65215999999964]","[2577.46869, 1851.44599, -1294.10628, -426.0126399999999]","[2252.81293, 1761.46206, -1298.6230400000004, -359.9357199999995]","[1937.25623, 1662.67516, -1262.2268000000004, -395.14760000000024]","[1637.7306, 1535.3346, -1198.1025199999995, -509.3622400000004]","[1336.5472, 1373.67091, -1204.7336000000005, -646.6547599999994]","[1008.57269, 1233.01367, -1311.8980400000012, -562.6289600000005]","[713.07028, 1081.85917, -1182.0096399999998, -604.6180000000004]","[438.8217, 901.18167, -1096.99432, -722.7099999999996]","[168.43023, 686.76545, -1081.56588, -857.6648800000003]","[-138.78117, 484.39886, -1228.8456, -809.4663599999999]","[-438.80081, 312.75462, -1200.07856, -686.5769600000001]","[-736.58775, 141.45038, -1191.14776, -685.21696]","[-1061.39639, -18.67677, -1299.2345600000003, -640.5086]"
324,People,"[-1398.73002, -148.01815, 0, 0]","[-1740.90085, -228.92321, -1368.68332, -323.6202400000001]","[-2075.81261, -316.29303, -1339.6470399999998, -349.4792799999999]","[-2426.82221, -391.73194, -1404.0383999999995, -301.7556400000001]","[-2782.80613, -440.81994, -1423.9356800000005, -196.35199999999986]","[-3130.12208, -427.26447, -1389.2638000000006, 54.22187999999983]","[-3473.88092, -413.45198, -1375.0353599999999, 55.2499600000001]","[-3810.40093, -417.02739, -1346.080039999999, -14.301640000000134]","[-4164.105, -440.87898, -1414.8162800000005, -95.40636000000003]","[-4513.28344, -435.7679, -1396.7137600000024, 20.44432000000006]","[-4807.446349170855, -436.193653517588, -1176.6516366834185, -1.7030140703520829]","[-5052.538097286432, -444.6990706030151, -980.36699246231, -34.02166834170839]","[-5297.629845402011, -453.2044876884422, -980.3669924623136, -34.02166834170839]","[-5542.721593517588, -461.70990477386937, -980.36699246231, -34.02166834170862]","[-5787.813341633166, -470.2153218592965, -980.36699246231, -34.02166834170862]","[-6032.905089748743, -478.7207389447236, -980.36699246231, -34.02166834170839]"
325,People,"[-6277.996837864322, -487.2261560301508, 0, 0]","[-6523.088585979899, -495.73157311557793, -980.36699246231, -34.02166834170862]","[-6768.1803340954775, -504.236990201005, -980.3669924623136, -34.02166834170839]","[-7013.272082211055, -512.7424072864322, -980.36699246231, -34.021668341708846]","[-7258.363830326632, -521.2478243718593, -980.3669924623064, -34.02166834170839]","[-7503.45557844221, -529.7532414572864, -980.3669924623136, -34.02166834170839]","[-7748.547326557788, -538.2586585427136, -980.3669924623136, -34.021668341708846]","[-7993.639074673367, -546.7640756281407, -980.3669924623136, -34.02166834170839]","[-8238.730822788944, -555.2694927135678, -980.3669924623109, -34.02166834170842]","[-8483.822570904522, -563.774909798995, -980.36699246231, -34.021668341708846]","[-8599.617809056603, -562.5689450943396, -463.1809526083234, 4.823858818621829]","[-8592.214412830188, -553.9272847169811, 29.61358490565908, 34.56664150943379]","[-8584.15487, -547.0423, 32.23817132075055, 27.539938867924775]","[-8567.92559, -540.1301, 64.91711999999825, 27.648799999999937]","[-8387.727907630331, -547.1164713744076, 720.7907294786783, -27.94548549763067]","[-8185.028939028435, -555.2426206635071, 810.795874407584, -32.50459715639772]"
326,People,"[-7982.329970426539, -563.3687699526066, 0, 0]","[-7779.631001824644, -571.4949192417062, 810.7958744075804, -32.50459715639818]","[-7576.932033222748, -579.6210685308057, 810.795874407584, -32.50459715639818]","[-7374.233064620853, -587.7472178199052, 810.7958744075804, -32.50459715639818]","[-7171.534096018957, -595.8733671090048, 810.795874407584, -32.50459715639818]","[-6968.835127417062, -603.9995163981042, 810.7958744075804, -32.50459715639772]","[-6766.136158815166, -612.1256656872038, 810.795874407584, -32.50459715639818]","[-6563.43719021327, -620.2518149763033, 810.795874407584, -32.50459715639818]","[-6360.738221611375, -628.3779642654029, 810.7958744075811, -32.504597156398205]","[-6158.039253009479, -636.5041135545024, 810.795874407584, -32.50459715639818]","[-5955.340284407583, -644.6302628436019, 810.795874407584, -32.50459715639818]","[-5752.641315805688, -652.7564121327014, 810.7958744075804, -32.50459715639772]","[-5549.942347203792, -660.8825614218009, 810.7958744075804, -32.50459715639818]","[-5347.243378601896, -669.0087107109005, 810.795874407584, -32.50459715639818]","[-5144.54441, -677.13486, 810.795874407584, -32.50459715639818]","[-4839.46808, -732.75946, 1220.3053200000031, -222.49839999999995]"
327,People,"[-4531.92971, -798.25013, 0, 0]","[-4238.1415, -879.0204, 1175.1528400000025, -323.08107999999993]","[-3929.49801, -983.96462, 1234.5739599999997, -419.7768799999999]","[-3607.92821, -1044.19999, 1286.279199999999, -240.9414800000004]","[-3288.23442, -1082.89029, 1278.775160000001, -154.76119999999992]","[-2983.85827, -1147.27295, 1217.5045999999984, -257.53063999999995]","[-2691.09379, -1233.78445, 1171.057920000001, -346.0460000000003]","[-2411.57916, -1282.58531, 1118.0585200000005, -195.20343999999932]","[-2122.06535, -1317.9272, 1158.0552400000008, -141.3675600000007]","[-1831.81181, -1385.61946, 1161.0141599999997, -270.7690399999992]","[-1519.35111, -1466.53204, 1249.8427999999994, -323.65032000000065]","[-1228.02899, -1485.37679, 1165.2884800000002, -75.3789999999999]","[-919.17528, -1488.02565, 1235.41484, -10.595440000000053]","[-616.07587, -1478.86216, 1212.3976400000001, 36.65396000000055]","[-312.85623, -1468.09197, 1212.87856, 43.08075999999983]","[-7.24316, -1453.98899, 1222.45228, 56.411919999999554]"
328,People,"[300.38131, -1403.07575, 0, 0]","[596.96118, -1342.89299, 1186.31948, 240.73103999999967]","[917.6898388571428, -1297.361483428571, 1282.9146354285713, 182.12602628571585]","[1244.2069602857143, -1265.4066191428572, 1306.068485714286, 127.81945714285575]","[1520.25768, -1204.14944, 1104.2028788571424, 245.02871657142896]","[1824.52562, -1110.89189, 1217.0717599999998, 373.03019999999924]","[2114.67982, -1031.558, 1160.6167999999998, 317.33556000000044]","[2406.27881, -952.72625, 1166.3959599999998, 315.32699999999977]","[2743.14034, -873.93811, 1347.4461200000017, 315.1525600000003]","[3060.73375, -757.47301, 1270.3736399999998, 465.8604]","[3372.96214, -620.10399, 1248.9135600000009, 549.4760800000004]","[3664.28653, -492.09484, 1165.297559999999, 512.0365999999999]","[3971.11862, -361.21354, 1227.3283600000013, 523.5251999999998]","[4224.18959, -209.87056, 1012.283879999999, 605.37192]","[4481.00342, -54.11285, 1027.2553200000002, 623.03084]","[4759.86102, 88.37068, 1115.430400000001, 569.93412]"
329,People,"[4769.408434020912, 101.87073824144488, 0, 0]","[4753.003329695817, 105.29519285171104, -65.6204173003789, 13.697818441064612]","[4736.5982253707225, 108.7196474619772, -65.6204173003789, 13.697818441064669]","[4720.193121045627, 112.14410207224336, -65.62041730038254, 13.697818441064612]","[4703.788016720532, 115.56855668250952, -65.6204173003789, 13.697818441064669]","[4687.3829123954365, 118.99301129277566, -65.62041730038254, 13.697818441064555]","[4670.977808070342, 122.41746590304184, -65.6204173003789, 13.697818441064726]","[4654.572703745247, 125.84192051330798, -65.6204173003789, 13.697818441064555]","[4638.167599420151, 129.26637512357414, -65.6204173003826, 13.697818441064625]","[4621.762495095057, 132.6908297338403, -65.6204173003789, 13.697818441064669]","[4605.357390769962, 136.11528434410647, -65.6204173003789, 13.697818441064669]","[4588.952286444866, 139.53973895437264, -65.62041730038254, 13.697818441064669]","[4572.547182119772, 142.96419356463878, -65.6204173003789, 13.697818441064555]","[4556.142077794677, 146.38864817490494, -65.6204173003789, 13.697818441064669]","[4539.736973469581, 149.8131027851711, -65.62041730038254, 13.697818441064669]","[4523.331869144487, 153.23755739543725, -65.62041730037527, 13.697818441064555]"
330,People,"[4506.926764819392, 156.66201200570342, 0, 0]","[4490.521660494296, 160.08646661596958, -65.62041730038254, 13.697818441064669]","[4474.116556169201, 163.51092122623572, -65.6204173003789, 13.697818441064555]","[4457.711451844107, 166.93537583650192, -65.6204173003789, 13.697818441064783]","[4441.306347519011, 170.35983044676806, -65.62041730038254, 13.697818441064555]","[4424.901243193916, 173.78428505703425, -65.6204173003789, 13.697818441064783]","[4408.496138868821, 177.2087396673004, -65.62041730038254, 13.697818441064555]","[4392.091034543726, 180.63319427756653, -65.6204173003789, 13.697818441064555]","[4375.685930218631, 184.0576488878327, -65.62041730037896, 13.697818441064681]","[4359.280825893536, 187.4821034980989, -65.62041730038254, 13.697818441064783]","[4342.875721568441, 190.906558108365, -65.6204173003789, 13.697818441064442]","[4326.470617243346, 194.3310127186312, -65.6204173003789, 13.697818441064783]","[4310.0655129182505, 197.7554673288973, -65.62041730038254, 13.697818441064442]","[4293.660408593156, 201.17992193916348, -65.6204173003789, 13.697818441064669]","[4277.255304268061, 204.60437654942967, -65.6204173003789, 13.697818441064783]","[4260.850199942965, 208.0288311596958, -65.62041730038254, 13.697818441064555]"
331,People,"[4244.445095617871, 211.453285769962, 0, 0]","[4228.039991292775, 214.87774038022812, -65.62041730038254, 13.697818441064442]","[4211.63488696768, 218.30219499049429, -65.6204173003789, 13.697818441064669]","[4195.229782642586, 221.72664960076045, -65.6204173003789, 13.697818441064669]","[4178.824678317491, 225.15110421102665, -65.6204173003789, 13.697818441064783]","[4162.419573992395, 228.5755588212928, -65.62041730038254, 13.697818441064555]","[4146.014469667301, 232.00001343155893, -65.6204173003789, 13.697818441064555]","[4129.609365342205, 235.4244680418251, -65.62041730038254, 13.697818441064669]","[4113.20426101711, 238.84892265209123, -65.62041730037896, 13.697818441064568]","[4096.799156692016, 242.27337726235743, -65.62041730037527, 13.697818441064783]","[3830.00404, 70.67565, -1067.1804667680663, -686.3909090494296]","[3492.42885, -97.56038, -1350.30076, -672.94412]","[3148.32351, -229.9338, -1376.4213599999985, -529.49368]","[2811.2021, -362.77776, -1348.4856400000008, -531.37584]","[2466.68098, -486.73986, -1378.0844799999995, -495.8484000000001]","[2082.47306, -586.64071, -1536.8316800000011, -399.60339999999997]"
332,People,"[1721.21413, -647.81626, 0, 0]","[1375.35412, -717.07669, -1383.4400400000004, -277.0417199999997]","[1025.35509, -793.33072, -1399.9961199999998, -305.0161200000002]","[661.43352, -816.36924, -1455.68628, -92.1540799999998]","[330.62401, -799.77204, -1323.2380400000002, 66.38880000000017]","[45.97076, -792.83728, -1138.613, 27.73903999999993]","[-249.6405, -804.55573, -1182.44504, -46.8738000000003]","[-592.07374, -826.66336, -1369.7329600000003, -88.43051999999989]","[-937.33174, -819.58796, -1381.0320000000008, 28.30160000000026]","[-1262.12427, -811.96474, -1299.1701200000002, 30.492879999999786]","[-1590.45271, -835.64615, -1313.31376, -94.72564000000011]","[-1945.11567, -862.31047, -1418.6518399999995, -106.6572799999999]","[-2300.80361, -856.54539, -1422.75176, 23.060320000000047]","[-2641.32486, -843.63121, -1362.085000000001, 51.65671999999995]","[-2979.69099, -845.44667, -1353.4645199999995, -7.26184000000012]","[-3314.48212, -851.77458, -1339.1645200000003, -25.311639999999898]"
333,People,"[-3653.85935, -838.15123, 0, 0]","[-3975.2281, -806.13132, -1285.4749999999985, 128.07964000000038]","[-4296.8765, -799.84743, -1286.593600000002, 25.135559999999714]","[-4611.66664, -832.01084, -1259.1605600000003, -128.65364]","[-4941.63157, -863.38948, -1319.8597199999967, -125.51456000000007]","[-5261.77975464135, -873.4616534177215, -1280.5927385654031, -40.288693670886005]","[-5455.776408649789, -870.672362278481, -775.9866160337551, 11.157164556962016]","[-5649.773062658228, -867.8830711392405, -775.9866160337551, 11.157164556962016]","[-5843.769716666667, -865.09378, -775.9866160337558, 11.157164556962027]","[-6037.7663706751055, -862.3044888607595, -775.9866160337551, 11.157164556962016]","[-6231.763024683544, -859.515197721519, -775.9866160337551, 11.157164556962016]","[-6425.759678691983, -856.7259065822785, -775.9866160337551, 11.157164556962016]","[-6619.756332700422, -853.936615443038, -775.9866160337551, 11.157164556962016]","[-6813.752986708861, -851.1473243037975, -775.9866160337551, 11.157164556962016]","[-7007.749640717299, -848.358033164557, -775.9866160337551, 11.157164556962016]","[-7201.746294725738, -845.5687420253165, -775.9866160337551, 11.157164556962016]"
334,People,"[-7395.742948734177, -842.7794508860759, 0, 0]","[-7589.739602742616, -839.9901597468354, -775.9866160337551, 11.157164556962016]","[-7783.7362567510545, -837.2008686075949, -775.9866160337551, 11.157164556962016]","[-7977.732910759493, -834.4115774683544, -775.9866160337551, 11.157164556962016]","[-8171.729564767932, -831.6222863291139, -775.9866160337551, 11.157164556962016]","[-8365.72621877637, -828.8329951898734, -775.9866160337515, 11.157164556962016]","[-8559.722872784809, -826.0437040506329, -775.9866160337551, 11.157164556962016]","[-8753.71952679325, -823.2544129113924, -775.9866160337624, 11.157164556962016]","[-8902.58504, -822.4788914705882, -595.462052827003, 3.102085763216567]","[-8862.58179, -829.678928235294, 160.012999999999, -28.800147058823313]","[-8835.4220125, -820.2683133333334, 108.63911000000371, 37.64245960784274]","[-8812.65147, -806.70928, 91.08216999999422, 54.23613333333333]","[-8794.960394705882, -798.871345882353, 70.76430117647396, 31.351736470588094]","[-8772.383747647058, -775.8044120588236, 90.30658823529666, 92.26773529411776]","[-8692.539857095078, -725.1555236120402, 319.37556220791885, 202.59555378713367]","[-8534.2200980172, -687.2659098996655, 633.2790363115128, 151.5584548494985]"
335,People,"[-8375.900338939322, -649.376296187291, 0, 0]","[-8217.580579861444, -611.4866824749164, 633.2790363115128, 151.5584548494985]","[-8059.260820783565, -573.5970687625419, 633.2790363115164, 151.55845484949805]","[-7900.941061705686, -535.7074550501673, 633.2790363115164, 151.5584548494985]","[-7742.621302627807, -497.8178413377927, 633.2790363115128, 151.55845484949828]","[-7584.301543549928, -459.9282276254181, 633.2790363115164, 151.55845484949828]","[-7425.98178447205, -422.0386139130435, 633.2790363115128, 151.5584548494985]","[-7267.662025394171, -384.1490002006689, 633.2790363115164, 151.55845484949828]","[-7109.342266316293, -346.25938648829435, 633.2790363115133, 151.55845484949842]","[-6951.022507238414, -308.3697727759198, 633.2790363115164, 151.55845484949828]","[-6792.702748160536, -270.4801590635452, 633.2790363115091, 151.55845484949828]","[-6634.382989082656, -232.5905453511706, 633.27903631152, 151.5584548494985]","[-6476.063230004778, -194.70093163879608, 633.2790363115128, 151.55845484949805]","[-6317.743470926899, -156.81131792642145, 633.2790363115164, 151.5584548494985]","[-6159.42371184902, -118.92170421404684, 633.2790363115164, 151.55845484949845]","[-6001.103952771142, -81.03209050167231, 633.2790363115128, 151.5584548494981]"
336,People,"[-5842.784193693264, -43.14247678929769, 0, 0]","[-5684.464434615385, -5.252863076923177, 633.2790363115164, 151.55845484949805]","[-5526.1446755375055, 32.63675063545145, 633.2790363115164, 151.5584548494985]","[-5367.824916459627, 70.52636434782607, 633.2790363115128, 151.5584548494985]","[-5209.505157381749, 108.4159780602006, 633.2790363115128, 151.5584548494981]","[-5051.18539830387, 146.3055917725752, 633.2790363115164, 151.55845484949845]","[-4892.865639225991, 184.19520548494967, 633.2790363115164, 151.55845484949782]","[-4734.545880148113, 222.08481919732435, 633.2790363115128, 151.55845484949873]","[-4576.2261210702345, 259.974432909699, 633.2790363115133, 151.55845484949864]","[-4417.906361992355, 297.8640466220735, 633.2790363115164, 151.55845484949805]","[-4259.586602914477, 335.753660334448, 633.2790363115128, 151.55845484949805]","[-4101.266843836598, 373.64327404682274, 633.2790363115164, 151.55845484949896]","[-3942.94708475872, 411.5328877591973, 633.2790363115128, 151.55845484949828]","[-3784.627325680841, 449.42250147157176, 633.2790363115164, 151.55845484949782]","[-3626.3075666029617, 487.3121151839465, 633.2790363115164, 151.55845484949896]","[-3467.987807525084, 525.201728896321, 633.2790363115109, 151.55845484949805]"
337,People,"[-3309.6680484472045, 563.0913426086955, 0, 0]","[-3151.3482893693263, 600.9809563210703, 633.2790363115128, 151.55845484949896]","[-2993.028530291447, 638.8705700334448, 633.2790363115164, 151.55845484949805]","[-2834.708771213569, 676.7601837458193, 633.2790363115128, 151.55845484949805]","[-2676.38901213569, 714.649797458194, 633.2790363115164, 151.55845484949896]","[-2518.069253057812, 752.5394111705685, 633.2790363115109, 151.55845484949805]","[-2359.7494939799326, 790.429024882943, 633.2790363115182, 151.55845484949805]","[-2201.4297349020544, 828.3186385953176, 633.2790363115128, 151.55845484949805]","[-2043.1099758241755, 866.2082523076923, 633.279036311516, 151.5584548494991]","[-1884.790216746297, 904.0978660200668, 633.2790363115146, 151.55845484949805]","[-1726.470457668418, 941.9874797324412, 633.2790363115155, 151.5584548494976]","[-1568.1506985905398, 979.877093444816, 633.2790363115128, 151.55845484949896]","[-1409.8309395126607, 1017.7667071571906, 633.2790363115164, 151.5584548494985]","[-1251.5111804347823, 1055.6563208695652, 633.2790363115137, 151.5584548494985]","[-1093.1914213569034, 1093.54593458194, 633.2790363115155, 151.55845484949896]","[-934.8716622790251, 1131.4355482943142, 633.2790363115132, 151.55845484949714]"
338,People,"[-776.5519032011462, 1169.325162006689, 0, 0]","[-618.232144123268, 1207.2147757190633, 633.2790363115128, 151.55845484949714]","[-459.9123850453889, 1245.104389431438, 633.2790363115164, 151.55845484949896]","[-301.5926259675107, 1282.9940031438127, 633.2790363115128, 151.55845484949896]","[-143.2728668896325, 1320.883616856187, 633.2790363115128, 151.55845484949714]","[15.046892188247512, 1358.7732305685618, 633.27903631152, 151.55845484949896]","[173.3666512661257, 1396.662844280936, 633.2790363115128, 151.55845484949714]","[331.6864103440039, 1434.5524579933108, 633.2790363115128, 151.55845484949896]","[490.0061694218821, 1472.4420717056855, 633.2790363115133, 151.5584548494991]","[648.3259284997621, 1510.3316854180598, 633.27903631152, 151.55845484949714]","[806.6456875776403, 1548.2212991304343, 633.2790363115128, 151.55845484949805]","[964.9654466555183, 1586.1109128428093, 633.2790363115123, 151.55845484949987]","[1123.2852057333969, 1624.0005265551836, 633.2790363115141, 151.55845484949714]","[1281.604964811277, 1661.8901402675583, 633.27903631152, 151.55845484949896]","[1439.9247238891548, 1699.779753979933, 633.2790363115118, 151.55845484949896]","[1598.244482967033, 1737.669367692307, 633.2790363115128, 151.55845484949623]"
339,People,"[1756.5642420449112, 1775.558981404682, 0, 0]","[1914.8840011227912, 1813.4485951170568, 633.27903631152, 151.55845484949896]","[2073.2037602006694, 1851.338208829431, 633.2790363115128, 151.55845484949714]","[2231.523519278548, 1889.2278225418056, 633.2790363115146, 151.55845484949805]","[2389.843278356426, 1927.1174362541808, 633.2790363115109, 151.55845484950078]","[2548.163037434306, 1965.0070499665549, 633.27903631152, 151.55845484949623]","[2706.482796512184, 2002.8966636789296, 633.2790363115128, 151.55845484949896]","[2864.802555590062, 2040.7862773913043, 633.2790363115128, 151.55845484949896]","[3023.1223146679404, 2078.6758911036786, 633.2790363115133, 151.55845484949728]","[3181.4420737458204, 2116.5655048160534, 633.27903631152, 151.55845484949896]","[3339.7618328236986, 2154.455118528428, 633.2790363115128, 151.55845484949896]","[3498.0815919015768, 2192.3447322408024, 633.2790363115128, 151.55845484949714]","[3656.401350979455, 2230.234345953177, 633.2790363115128, 151.55845484949896]","[3814.721110057335, 2268.123959665552, 633.27903631152, 151.55845484949896]","[3973.040869135213, 2306.013573377926, 633.2790363115128, 151.55845484949714]","[4131.360628213091, 2343.903187090301, 633.2790363115128, 151.55845484949896]"
340,People,"[4289.680387290971, 2381.792800802675, 0, 0]","[4448.0001463688495, 2419.68241451505, 633.2790363115128, 151.55845484949896]","[4318.35605, 2406.89046, -518.5763854753968, -51.16781806019935]","[3985.52082, 2355.87221, -1331.3409200000006, -204.07300000000032]","[3656.07115, 2293.05395, -1317.7986799999999, -251.27304000000004]","[3313.20775, 2177.92468, -1371.4536000000007, -460.5170799999996]","[2958.70804, 2041.68831, -1417.9988400000002, -544.9454800000003]","[2601.25615, 1887.56337, -1429.8075599999993, -616.4997599999997]","[2265.53609, 1704.02965, -1342.8802400000015, -734.1348800000012]","[1927.8875, 1510.72936, -1350.59436, -773.2011599999996]","[1561.66446, 1312.94152, -1464.8921600000003, -791.1513599999998]","[1248.49742, 1137.40683, -1252.6681600000002, -702.1387600000007]","[934.68466, 956.86633, -1255.2510399999996, -722.1619999999998]","[573.92555, 752.62471, -1443.0364399999999, -816.9664799999996]","[208.1549, 555.42314, -1463.0826000000002, -788.8062800000002]","[-143.53217, 391.6185, -1406.74828, -655.21856]"
341,People,"[-496.83932, 226.68956, 0, 0]","[-839.41568, 79.14018, -1370.3054399999999, -590.1975199999999]","[-1221.27995, -48.2401, -1527.4570800000006, -509.52112]","[-1559.91261, -116.74237, -1354.53064, -274.00908]","[-1892.38452, -206.37113, -1329.88764, -358.51504]","[-2233.94617, -292.34867, -1366.2466000000004, -343.91016000000013]","[-2571.53532, -365.15887, -1350.3565999999992, -291.2407999999998]","[-2901.78405, -410.37122, -1320.994920000001, -180.84940000000006]","[-3243.85211, -448.64636, -1368.2722399999996, -153.10056000000023]","[-3579.27762, -510.56852, -1341.7020400000001, -247.68863999999985]","[-3903.3895, -566.15652, -1296.4475200000015, -222.3520000000001]","[-4207.94498, -603.18867, -1218.22192, -148.1286]","[-4527.87915, -640.3706, -1279.7366799999982, -148.72771999999986]","[-4847.23699, -707.98156, -1277.4313600000023, -270.4438399999999]","[-5160.80511, -798.72921, -1254.2724799999996, -362.9906000000001]","[-5474.435188790036, -852.1629737010676, -1254.5203151601418, -213.73505480427048]"
342,People,"[-5542.403408540925, -614.513316227758, 0, 0]","[-5610.371628291815, -376.86365875444847, -271.87287900356023, 950.598629893238]","[-5678.339848042704, -139.21400128113885, -271.8728790035566, 950.5986298932385]","[-5746.308067793594, 98.43565619217064, -271.87287900356023, 950.598629893238]","[-5814.276287544484, 336.08531366548027, -271.87287900356023, 950.5986298932385]","[-5882.244507295373, 573.7349711387899, -271.8728790035566, 950.5986298932385]","[-5950.212727046263, 811.3846286120995, -271.87287900356023, 950.5986298932385]","[-6018.180946797153, 1049.034286085409, -271.87287900356023, 950.5986298932376]","[-6086.149166548043, 1286.6839435587185, -271.8728790035568, 950.5986298932393]","[-6154.117386298933, 1524.333601032028, -271.87287900356023, 950.5986298932376]","[-6222.085606049823, 1761.9832585053375, -271.87287900356023, 950.5986298932385]","[-6208.22989, 1783.82823, 55.422864199292235, 87.37988597865024]","[-6209.63881, 1762.40994, -5.635680000003049, -85.67316000000028]","[-5729.351594692737, 1621.7263575418997, 1921.1488612290523, -562.7343298324013]","[-5228.177474581006, 1477.165521648045, 2004.6964804469244, -578.2433435754192]","[-4727.003354469274, 1332.60468575419, 2004.696480446928, -578.2433435754192]"
343,People,"[-4225.829234357542, 1188.0438498603353, 0, 0]","[-3724.65511424581, 1043.4830139664805, 2004.696480446928, -578.2433435754192]","[-3223.480994134078, 898.9221780726257, 2004.696480446928, -578.2433435754192]","[-2722.3068740223466, 754.3613421787709, 2004.6964804469262, -578.2433435754192]","[-2221.132753910615, 609.8005062849161, 2004.6964804469262, -578.2433435754192]","[-1719.958633798883, 465.2396703910615, 2004.696480446928, -578.2433435754183]","[-1218.784513687151, 320.6788344972067, 2004.696480446928, -578.2433435754192]","[-717.61039357542, 176.1179986033519, 2004.6964804469244, -578.2433435754192]","[-216.43627346368797, 31.557162709497103, 2004.6964804469299, -578.2433435754198]","[284.73784664804407, -113.0036731843577, 2004.696480446928, -578.2433435754192]","[785.9119667597761, -257.56450907821227, 2004.696480446928, -578.2433435754183]","[687.5044980842913, -332.2529552873563, -393.6298747019391, -298.7537848365762]","[169.5494559386974, -403.4453116091954, -2071.8201685823756, -284.7694252873564]","[-348.4055862068965, -474.63766793103446, -2071.8201685823756, -284.76942528735617]","[-866.3606283524903, -545.8300242528735, -2071.820168582375, -284.76942528735617]","[-1384.3156704980845, -617.0223805747125, -2071.820168582377, -284.76942528735617]"
344,People,"[-1902.270712643678, -688.2147368965516, 0, 0]","[-2420.225754789272, -759.4070932183907, -2071.820168582375, -284.7694252873566]","[-2938.1807969348656, -830.5994495402298, -2071.820168582375, -284.76942528735617]","[-3456.13583908046, -901.7918058620688, -2071.820168582377, -284.76942528735617]","[-3974.090881226053, -972.984162183908, -2071.8201685823733, -284.7694252873566]","[-4424.98164, -1038.24273, -1803.5630350957872, -261.0342712643678]","[-4099.11473, -1032.78558, 1303.467639999999, 21.828599999999824]","[-3795.49738, -1058.1688, 1214.4694000000018, -101.53287999999975]","[-3480.35007, -1094.02988, 1260.5892400000005, -143.44432000000063]","[-3170.39136, -1073.92019, 1239.8348399999995, 80.43876]","[-2853.08143, -1020.11564, 1269.2397199999996, 215.21820000000025]","[-2528.49962, -1004.9287, 1298.3272400000005, 60.747759999999744]","[-2215.65561, -1000.10147, 1251.376040000001, 19.3089200000004]","[-1918.4411, -961.31335, 1188.8580399999992, 155.15247999999974]","[-1601.77889, -916.21131, 1266.6488399999998, 180.40815999999995]","[-1296.69067, -879.82143, 1220.3528800000004, 145.55952000000025]"
345,People,"[-1006.73666, -861.41837, 0, 0]","[-681.6747, -820.64373, 1300.24784, 163.0985599999999]","[-364.09688, -750.14098, 1270.3112800000001, 282.01099999999997]","[-35.56114, -683.19668, 1314.14296, 267.7772]","[294.74546, -652.00066, 1321.2264, 124.7840799999999]","[631.45591, -608.42463, 1346.8418000000001, 174.30412000000024]","[940.84994, -547.12834, 1237.5761199999997, 245.18516]","[1261.39307, -487.19601, 1282.1725200000005, 239.72931999999992]","[1565.61799, -452.74852, 1216.8996800000007, 137.78996000000018]","[1871.77432, -403.82759, 1224.62532, 195.68372]","[2176.03106, -328.21436, 1217.0269599999992, 302.45291999999995]","[2498.72366, -230.44185, 1290.7704000000012, 391.09004000000004]","[2809.66424, -157.09305, 1243.7623199999998, 293.39519999999993]","[3099.25508, -69.20302, 1158.3633599999994, 351.56012000000004]","[3368.51201, 63.79387, 1077.02772, 531.98756]","[3651.71858, 207.33817, 1132.8262800000011, 574.1772]"
346,People,"[3934.81928, 324.70731, 0, 0]","[4227.38521, 426.73342, 1170.2637200000008, 408.10444000000007]","[4414.267422609727, 531.320728232503, 747.5288504389064, 418.349232930012]","[4430.637396215896, 563.0208290628707, 65.47989442467588, 126.80040332147064]","[4447.007369822064, 594.7209298932385, 65.47989442467224, 126.8004033214711]","[4463.377343428232, 626.4210307236062, 65.47989442467224, 126.8004033214711]","[4479.747317034401, 658.1211315539739, 65.47989442467588, 126.80040332147064]","[4496.117290640569, 689.8212323843417, 65.47989442467224, 126.8004033214711]","[4512.487264246738, 721.5213332147093, 65.47989442467593, 126.80040332147075]","[4528.857237852906, 753.2214340450771, 65.47989442467224, 126.8004033214711]","[4545.227211459074, 784.9215348754449, 65.47989442467224, 126.8004033214711]","[4561.597185065243, 816.6216357058127, 65.47989442467588, 126.8004033214711]","[4577.967158671411, 848.3217365361803, 65.47989442467224, 126.80040332147064]","[4594.33713227758, 880.021837366548, 65.47989442467588, 126.80040332147064]","[4610.707105883748, 911.7219381969156, 65.47989442467224, 126.80040332147064]","[4627.077079489917, 943.4220390272836, 65.47989442467588, 126.800403321472]"
347,People,"[4643.447053096085, 975.1221398576512, 0, 0]","[4659.817026702253, 1006.822240688019, 65.47989442467224, 126.8004033214711]","[4676.187000308422, 1038.5223415183868, 65.47989442467588, 126.80040332147155]","[4692.55697391459, 1070.2224423487546, 65.47989442467224, 126.8004033214711]","[4708.926947520759, 1101.9225431791222, 65.47989442467588, 126.80040332147018]","[4725.296921126927, 1133.62264400949, 65.47989442467224, 126.8004033214711]","[4741.666894733096, 1165.3227448398577, 65.47989442467588, 126.8004033214711]","[4758.036868339264, 1197.0228456702253, 65.47989442467224, 126.80040332147018]","[4774.4068419454325, 1228.722946500593, 65.4798944246723, 126.80040332147121]","[4790.776815551601, 1260.4230473309608, 65.47989442467588, 126.8004033214711]","[4807.1467891577695, 1292.1231481613286, 65.47989442467224, 126.8004033214711]","[4823.5167627639385, 1323.8232489916963, 65.47989442467588, 126.8004033214711]","[4839.8867363701065, 1355.523349822064, 65.47989442467224, 126.80040332147018]","[4856.256709976275, 1387.223450652432, 65.47989442467224, 126.800403321472]","[4872.626683582444, 1418.9235514827997, 65.47989442467588, 126.8004033214711]","[4888.996657188612, 1450.6236523131672, 65.47989442467224, 126.80040332147018]"
348,People,"[4905.366630794781, 1482.323753143535, 0, 0]","[4921.736604400949, 1514.0238539739028, 65.47989442467224, 126.8004033214711]","[4938.106578007117, 1545.7239548042703, 65.47989442467224, 126.80040332147018]","[4954.476551613286, 1577.424055634638, 65.47989442467588, 126.8004033214711]","[4850.92267, 1435.955, -414.21552645314296, -565.8762225385526]","[4615.742172222223, 1196.0412477777777, -940.721991111106, -959.6550088888889]","[4375.49002, 995.81519, -961.0086088888929, -800.9042311111107]","[4132.29161, 805.04501, -972.7936399999999, -763.0807199999999]","[3866.48302, 593.8062, -1063.2343600000013, -844.955240000001]","[3575.31213, 453.45589, -1164.6835600000013, -561.4012399999999]","[3263.63101, 375.59464, -1246.724479999999, -311.44499999999994]","[2929.34946, 315.46245, -1337.1262000000006, -240.52876000000015]","[2601.21387, 238.70082, -1312.5423599999995, -307.04652]","[2273.06376, 189.9842, -1312.6004400000002, -194.86648000000002]","[1953.98945, 153.10612, -1276.2972399999999, -147.51231999999993]","[1638.97133, 114.10121, -1260.0724799999998, -156.01964000000004]"
349,People,"[1322.7831, 33.747, 0, 0]","[984.66521, -75.03793, -1352.4715600000004, -435.13972]","[656.10826, -181.93745, -1314.2278000000001, -427.59808000000004]","[337.79924, -291.96905, -1273.23608, -440.1263999999999]","[13.5776, -421.25911, -1296.88656, -517.1602400000002]","[-300.39508, -554.47834, -1255.89072, -532.8769199999999]","[-648.6137, -682.02681, -1392.87448, -510.1938799999998]","[-1000.44569, -795.02115, -1407.32796, -451.9773600000003]","[-1339.99532, -919.9074, -1358.198520000001, -499.5450000000005]","[-1656.33019, -1061.75266, -1265.3394799999996, -567.3810400000002]","[-1975.87201, -1196.74085, -1278.1672800000006, -539.9527599999992]","[-2284.12568, -1308.00369, -1233.0146800000002, -445.0513600000004]","[-2614.75967, -1418.21091, -1322.5359599999992, -440.82888]","[-2941.47994, -1555.26023, -1306.881080000001, -548.1972800000003]","[-3278.87427, -1683.51597, -1349.5773199999985, -513.0229599999993]","[-3631.0869, -1774.88135, -1408.85052, -365.46152000000075]"
350,People,"[-3993.89632, -1839.87872, 0, 0]","[-4231.415838640776, -1842.3293677669903, -950.0780745631055, -9.802591067961657]","[-4443.815961941747, -1827.112277475728, -849.600493203885, 60.868361165049464]","[-4656.216085242719, -1811.895187184466, -849.600493203885, 60.868361165047645]","[-4868.616208543689, -1796.678096893204, -849.6004932038813, 60.868361165048555]","[-5081.01633184466, -1781.4610066019418, -849.600493203885, 60.868361165048555]","[-5293.416455145631, -1766.2439163106797, -849.6004932038813, 60.868361165048555]","[-5505.816578446602, -1751.0268260194175, -849.600493203885, 60.868361165048555]","[-5718.216701747573, -1735.8097357281554, -849.6004932038858, 60.86836116504861]","[-5930.616825048543, -1720.5926454368932, -849.6004932038813, 60.868361165048555]","[-6143.016948349514, -1705.375555145631, -849.6004932038813, 60.868361165048555]","[-6355.417071650485, -1690.158464854369, -849.600493203885, 60.868361165048555]","[-6567.817194951456, -1674.9413745631068, -849.600493203885, 60.868361165048555]","[-6780.217318252428, -1659.724284271845, -849.6004932038886, 60.868361165047645]","[-6992.617441553398, -1644.5071939805823, -849.6004932038777, 60.86836116505037]","[-7205.017564854368, -1629.2901036893204, -849.6004932038813, 60.868361165047645]"
351,People,"[1125.29866, 2834.38784, 0, 0]","[1114.79264, 2836.57315, -42.02408000000014, 8.741240000001198]","[1079.81864, 2848.93416, -139.89599999999973, 49.444039999998495]","[1086.39107, 2839.58049, 26.28971999999976, -37.41467999999986]","[1090.2974, 2845.63047, 15.625320000000102, 24.19992000000093]","[1094.65952, 2858.60408, 17.448480000000018, 51.89444000000003]","[1116.53142, 2853.826, 87.48760000000038, -19.11232000000018]","[1136.19236, 2827.45657, 78.64375999999993, -105.47772000000077]","[1122.2897, 2807.41033, -55.610639999999925, -80.18495999999875]","[1098.3708, 2780.76165, -95.67560000000049, -106.59472000000096]","[1038.06275, 2814.72684, -241.23219999999947, 135.86075999999957]","[941.89873, 2843.22139, -384.6560800000002, 113.97820000000138]","[869.53472, 2830.07524, -289.45604000000003, -52.58460000000014]","[849.18741, 2829.80448, -81.38923999999997, -1.083040000001347]","[838.7768, 2852.70766, -41.64244000000008, 91.61272000000099]","[812.48473, 2863.50299, -105.16827999999987, 43.18131999999969]"
352,People,"[813.63116, 2882.45622, 0, 0]","[818.68057, 2890.44923, 20.197639999999865, 31.97204000000056]","[821.91021, 2895.43738, 12.91856000000007, 19.95259999999871]","[835.35876, 2897.82079, 53.79419999999982, 9.53364000000147]","[878.79622, 2887.90237, 173.74983999999995, -39.673680000001696]","[898.15641, 2863.06594, 77.44076000000041, -99.34571999999935]","[960.55739, 2826.37289, 249.60392000000002, -146.77219999999943]","[1115.00646, 2758.07573, 617.79628, -273.1886400000003]","[1327.86651, 2715.27103, 851.4402000000008, -171.2188000000007]","[1567.20519, 2636.06204, 957.3547199999994, -316.83596000000034]","[1816.54641, 2574.86392, 997.3648800000001, -244.79248000000007]","[2078.92674, 2573.92218, 1049.5213199999998, -3.766959999999017]","[2344.08667, 2576.87689, 1060.639720000001, 11.81883999999991]","[2617.27982, 2551.85846, 1092.7726000000002, -100.07372000000032]","[2913.32892, 2518.154262, 1184.196399999999, -134.81679199999962]","[3201.83396, 2542.60683, 1154.02016, 97.81027200000062]"
353,People,"[3501.13586, 2568.59853, 0, 0]","[3810.30684, 2542.93861, 1236.6839200000013, -102.63968000000023]","[4112.76026, 2480.22712, 1209.8136799999993, -250.84596000000056]","[4435.10226, 2461.91929, 1289.3679999999986, -73.23132000000078]","[4748.194616666667, 2471.5877288888887, 1252.369426666668, 38.673755555555545]","[5062.424892083333, 2429.9185745833333, 1256.9211016666668, -166.67661722222147]","[5365.48317, 2356.55908, 1212.2331116666683, -293.4379783333334]","[5686.20696, 2303.17467, 1282.89516, -213.53764000000047]","[6009.10475, 2248.14654, 1291.591160000001, -220.11251999999897]","[6237.860435833333, 2170.631260229885, 915.0227433333312, -310.06111908046114]","[6334.515675416666, 2106.5766108045977, 386.62095833333296, -256.2185977011486]","[6431.170915, 2042.52196137931, 386.62095833333296, -256.21859770115134]","[6527.826154583333, 1978.467311954023, 386.62095833333296, -256.2185977011477]","[6624.481394166667, 1914.412662528736, 386.6209583333366, -256.2185977011477]","[6721.13663375, 1850.358013103448, 386.62095833333296, -256.21859770115225]","[6817.791873333334, 1786.3033636781608, 386.62095833333296, -256.2185977011486]"
354,People,"[6914.447112916667, 1722.2487142528737, 0, 0]","[7011.1023525, 1658.194064827586, 386.62095833333296, -256.21859770115043]","[7107.757592083333, 1594.1394154022987, 386.62095833333296, -256.2185977011495]","[7204.4128316666665, 1530.0847659770116, 386.62095833333296, -256.2185977011486]","[7301.06807125, 1466.030116551724, 386.62095833333296, -256.21859770115043]","[7397.723310833333, 1401.9754671264368, 386.62095833333296, -256.2185977011486]","[7494.378550416666, 1337.9208177011494, 386.62095833333296, -256.2185977011495]","[7591.033789999999, 1273.866168275862, 386.6209583333293, -256.2185977011495]","[7687.689029583334, 1209.8115188505749, 386.6209583333406, -256.21859770114884]","[7784.344269166667, 1145.7568694252873, 386.62095833333296, -256.21859770115043]","[7880.99950875, 1081.70222, 386.62095833333296, -256.2185977011495]","[7977.654748333333, 1017.6475705747127, 386.62095833333296, -256.2185977011486]","[8074.309987916667, 953.5929211494254, 386.62095833333296, -256.2185977011495]","[8170.9652275, 889.538271724138, 386.62095833333296, -256.2185977011495]","[8267.620467083334, 825.4836222988506, 386.6209583333366, -256.2185977011495]","[8364.275706666667, 761.4289728735632, 386.62095833333296, -256.2185977011495]"
355,People,"[8460.93094625, 697.3743234482758, 0, 0]","[8557.586185833334, 633.3196740229887, 386.62095833333296, -256.2185977011486]","[8654.241425416667, 569.2650245977013, 386.62095833333296, -256.2185977011495]","[8750.896665, 505.21037517241393, 386.62095833333296, -256.2185977011495]","[8847.551904583333, 441.15572574712655, 386.62095833333296, -256.2185977011495]","[8874.16756, 456.38482, 106.46262166666565, 60.91637701149375]","[8684.618046431871, 397.7033774480369, -758.1980542725141, -234.7257702078523]","[8495.068532863741, 339.0219348960739, -758.1980542725214, -234.72577020785207]","[8305.519019295612, 280.3404923441109, -758.1980542725148, -234.72577020785226]","[8115.969505727482, 221.6590497921478, -758.1980542725214, -234.7257702078523]","[7926.419992159354, 162.97760724018474, -758.1980542725141, -234.7257702078523]","[7736.870478591224, 104.29616468822172, -758.1980542725178, -234.72577020785207]","[7547.320965023095, 45.61472213625865, -758.1980542725178, -234.7257702078523]","[7357.771451454965, -13.066720415704369, -758.1980542725178, -234.72577020785207]","[7168.221937886836, -71.74816296766744, -758.1980542725178, -234.7257702078523]","[6978.672424318706, -130.4296055196305, -758.1980542725178, -234.7257702078523]"
356,People,"[6789.122910750577, -189.1110480715936, 0, 0]","[6599.573397182448, -247.79249062355652, -758.1980542725141, -234.72577020785172]","[6410.023883614318, -306.4739331755196, -758.1980542725214, -234.7257702078524]","[6220.4743700461895, -365.1553757274827, -758.1980542725141, -234.7257702078523]","[6030.92485647806, -423.83681827944577, -758.1980542725178, -234.7257702078523]","[5841.375342909931, -482.5182608314087, -758.1980542725178, -234.72577020785184]","[5651.825829341801, -541.1997033833718, -758.1980542725178, -234.7257702078523]","[5462.276315773672, -599.8811459353349, -758.1980542725178, -234.7257702078523]","[5272.726802205543, -658.562588487298, -758.1980542725148, -234.7257702078525]","[5083.177288637413, -717.244031039261, -758.1980542725214, -234.7257702078523]","[4893.627775069284, -775.9254735912241, -758.1980542725141, -234.7257702078523]","[4704.078261501155, -834.6069161431872, -758.1980542725178, -234.7257702078523]","[4514.528747933025, -893.28835869515, -758.1980542725178, -234.72577020785138]","[4324.979234364896, -951.9698012471132, -758.1980542725178, -234.72577020785275]","[4135.429720796767, -1010.6512437990762, -758.1980542725178, -234.72577020785184]","[3945.880207228637, -1069.3326863510392, -758.1980542725178, -234.7257702078523]"
357,People,"[3756.330693660508, -1128.0141289030023, 0, 0]","[3566.781180092379, -1186.6955714549654, -758.198054272516, -234.7257702078523]","[3377.2316665242497, -1245.3770140069284, -758.1980542725178, -234.7257702078523]","[3187.6821529561203, -1304.0584565588915, -758.1980542725178, -234.7257702078523]","[2998.132639387991, -1362.7398991108546, -758.1980542725178, -234.7257702078523]","[2808.5831258198614, -1421.4213416628174, -758.1980542725178, -234.72577020785138]","[2619.033612251732, -1480.1027842147805, -758.1980542725178, -234.7257702078523]","[2429.4840986836025, -1538.7842267667436, -758.1980542725178, -234.7257702078523]","[2239.39206, -1616.38952, -760.3681547344102, -310.42117293302573]","[2029.79915, -1694.10256, -838.3716400000003, -310.85216000000037]","[1805.77251, -1761.9227, -896.1065600000002, -271.28056000000015]","[1591.5382, -1877.46269, -856.9372400000002, -462.15995999999996]","[1407.87399, -2023.23211, -734.6568399999996, -583.0776799999994]","[1209.5863, -2177.21397, -793.1507600000004, -615.9274399999995]","[1018.11057, -2309.07159, -765.9029199999995, -527.4304800000009]","[847.75044, -2424.77239, -681.4405200000001, -462.8032000000003]"
358,People,"[705.34826, -2570.73102, 0, 0]","[604.16112, -2716.18176, -404.74856, -581.8029599999991]","[465.35351, -2839.28948, -555.2304399999998, -492.4308799999999]","[386.24449, -2903.88989, -316.4360800000002, -258.40164000000004]","[325.40728, -2961.25498, -243.34883999999988, -229.46036000000095]","[333.90269, -3034.07363, 33.98163999999997, -291.2745999999988]","[358.02434, -3131.01598, 96.48659999999995, -387.76940000000104]","[375.7545709215017, -3166.0163370648465, 70.92092368600674, -140.00142825938565]","[388.43467245733785, -3171.2806988395905, 50.72040614334473, -21.057447098975917]","[401.114773993174, -3176.5450606143345, 50.72040614334469, -21.0574470989759]","[413.7948755290102, -3181.8094223890785, 50.72040614334469, -21.0574470989759]","[426.4749770648464, -3187.0737841638224, 50.72040614334492, -21.0574470989759]","[439.1550786006826, -3192.3381459385664, 50.72040614334469, -21.0574470989759]","[451.8351801365187, -3197.6025077133104, 50.72040614334446, -21.0574470989759]","[464.5152816723549, -3202.8668694880544, 50.72040614334469, -21.0574470989759]","[477.1953832081911, -3208.131231262799, 50.72040614334492, -21.05744709897772]"
359,People,"[489.8754847440273, -3213.3955930375428, 0, 0]","[502.55558627986346, -3218.6599548122867, 50.72040614334469, -21.0574470989759]","[515.2356878156996, -3223.9243165870307, 50.72040614334469, -21.0574470989759]","[515.39118, -3221.95268, 0.6219687372013141, 7.886546348123375]","[512.87994, -3220.377, -10.044959999999719, 6.302719999999681]","[513.88876, -3221.43305, 4.035280000000057, -4.224200000000565]","[515.73727, -3223.47386, 7.394039999999677, -8.16323999999986]","[516.6282357971014, -3227.8559190338165, 3.563863188405776, -17.528236135265615]","[552.9908807246377, -3145.330894879227, 145.45057971014526, 330.1000966183586]","[589.3535256521739, -3062.8058707246378, 145.45057971014467, 330.1000966183565]","[625.7161705797101, -2980.280846570048, 145.45057971014512, 330.1000966183583]","[662.0788155072464, -2897.755822415459, 145.45057971014512, 330.1000966183565]","[698.4414604347826, -2815.230798260869, 145.45057971014467, 330.1000966183601]","[734.8041053623189, -2732.7057741062804, 145.45057971014512, 330.10009661835466]","[771.1667502898551, -2650.180749951691, 145.45057971014512, 330.1000966183583]","[807.5293952173913, -2567.6557257971017, 145.45057971014467, 330.1000966183565]"
360,People,"[817.40917, -2384.14343, 0, 0]","[841.14952, -2153.1097, 94.96140000000014, 924.1349200000004]","[832.53165, -1924.82021, -34.471480000000156, 913.1579599999995]","[825.10599, -1674.59186, -29.702639999999974, 1000.9134000000004]","[796.20627, -1396.0413, -115.59888000000001, 1114.2022399999996]","[809.48524, -1131.6521, 53.115879999999834, 1057.5568000000003]","[810.38279, -873.82459, 3.5902000000000953, 1031.3100400000003]","[786.60055, -608.53084, -95.12896, 1061.1749999999997]","[709.07892, -347.27644, -310.0865200000001, 1045.017600000001]","[611.33183, -89.45305, -390.9883600000003, 1031.2935599999998]","[531.48154, 176.49342, -319.4011599999999, 1063.78588]","[435.83995, 430.75211, -382.56636000000003, 1017.0347600000001]","[292.81165, 642.54412, -572.1132, 847.16804]","[135.2131, 827.73828, -630.3942, 740.77664]","[2.37519, 1051.43504, -531.35164, 894.7870400000002]","[-97.54923, 1252.62741, -399.69768, 804.7694799999999]"
361,People,"[-228.94789, 1438.36161, 0, 0]","[-344.58632, 1573.43582, -462.55372, 540.29684]","[-468.27407, 1720.05578, -494.751, 586.47984]","[-565.44098, 1851.72815, -388.6676399999999, 526.68948]","[-639.71546, 1962.04366, -297.09792000000016, 441.2620400000005]","[-753.12016, 2032.35784, -453.6188000000002, 281.2567199999994]","[-877.24131, 2057.275, -496.4845999999998, 99.66864000000078]","[-986.92728, 2090.67908, -438.74388, 133.61631999999918]","[-1063.0952, 2139.05462, -304.6716800000002, 193.50216000000017]","[-1079.53172, 2211.84377, -65.74607999999989, 291.15660000000025]","[-1062.12218, 2332.64793, 69.63815999999952, 483.21664000000055]","[-1048.09159, 2472.58508, 56.1223600000003, 559.748599999999]","[-1034.65911, 2551.40876, 53.729919999999765, 315.29471999999987]","[-1019.3671, 2610.65018, 61.16804000000002, 236.96568000000116]","[-1027.80191, 2643.91723, -33.73923999999943, 133.0681999999997]","[-1044.77841, 2615.90255, -67.90599999999995, -112.0587200000009]"
362,People,"[-1047.58285, 2553.79315, 0, 0]","[-1035.64752, 2473.95931, 47.74132000000009, -319.3353599999991]","[-990.21004, 2374.73307, 181.74991999999975, -396.90495999999985]","[-902.17739, 2312.32758, 352.1306000000004, -249.6219600000004]","[-804.95853, 2272.0785, 388.8754399999998, -160.9963200000002]","[-704.05999, 2227.31235, 403.5941600000001, -179.0645999999997]","[-607.8345, 2183.88598, 384.9019599999997, -173.70548000000053]","[-528.09638, 2174.78684, 318.9524800000004, -36.396559999999226]","[-443.86038, 2200.53543, 336.944, 102.99435999999886]","[-301.63013, 2239.49703, 568.921, 155.84640000000036]","[-122.11667, 2260.38116, 718.05384, 83.53651999999965]","[41.461, 2244.532, 654.31068, -63.396639999999024]","[197.93083, 2180.18638, 625.87932, -257.3824800000002]","[370.5653, 2082.12835, 690.53788, -392.2321200000006]","[552.90295, 1994.52266, 729.3506000000002, -350.42275999999947]","[766.59923, 1912.60987, 854.78512, -327.65116000000035]"
363,People,"[981.22008, 1812.65058, 0, 0]","[1178.73878, 1684.10367, 790.0747999999994, -514.1876400000001]","[1379.97797, 1525.86414, 804.95676, -632.9581200000002]","[1584.61066, 1411.51567, 818.5307600000006, -457.3938799999996]","[1805.83816, 1315.79273, 884.9099999999999, -382.89176000000043]","[2023.51787, 1194.92461, 870.7188399999995, -483.47247999999945]","[2190.66291, 1053.21988, 668.5801600000004, -566.8189199999997]","[2367.31287, 900.34949, 706.5998400000008, -611.4815600000006]","[2534.12654, 809.85545, 667.2546800000006, -361.97616000000005]","[2731.39248, 769.40452, 789.0637599999991, -161.80371999999988]","[2936.56646, 723.59672, 820.6959200000001, -183.23120000000017]","[3140.4591, 680.07167, 815.5705600000001, -174.10019999999986]","[3375.46552, 631.60419, 940.0256800000006, -193.8699200000001]","[3617.32245, 633.03506, 967.4277199999997, 5.723480000000109]","[3865.57797, 643.53832, 993.0220799999988, 42.01303999999982]","[4113.47753, 614.15929, 991.5982400000012, -117.51611999999977]"
364,People,"[4386.30604, 581.64353, 0, 0]","[4515.393657736144, 586.7736954332553, 516.3504709445733, 20.520661733020916]","[4557.802185448868, 596.7823289227166, 169.63411085089683, 40.03453395784527]","[4600.210713161592, 606.7909624121779, 169.63411085089683, 40.03453395784527]","[4642.619240874317, 616.7995959016393, 169.63411085090047, 40.034533957845724]","[4685.0277685870415, 626.8082293911007, 169.63411085089683, 40.03453395784527]","[4727.436296299766, 636.816862880562, 169.63411085089683, 40.03453395784527]","[4769.84482401249, 646.8254963700234, 169.63411085089683, 40.034533957845724]","[4812.253351725215, 656.8341298594847, 169.6341108509006, 40.034533957845305]","[4854.661879437939, 666.8427633489462, 169.63411085089683, 40.034533957845724]","[4897.070407150663, 676.8513968384075, 169.63411085089683, 40.03453395784527]","[4939.478934863388, 686.8600303278688, 169.63411085089683, 40.03453395784527]","[4981.887462576113, 696.8686638173302, 169.63411085090047, 40.034533957845724]","[5024.295990288837, 706.8772973067915, 169.63411085089683, 40.03453395784527]","[5066.704518001561, 716.8859307962529, 169.63411085089683, 40.03453395784527]","[5109.113045714285, 726.8945642857143, 169.63411085089683, 40.034533957845724]"
365,People,"[5151.5215734270105, 736.9031977751756, 0, 0]","[5193.930101139735, 746.9118312646369, 169.63411085089683, 40.03453395784527]","[5236.338628852459, 756.9204647540984, 169.63411085089683, 40.034533957845724]","[5278.747156565183, 766.9290982435597, 169.63411085089683, 40.03453395784527]","[5321.155684277908, 776.9377317330211, 169.63411085090047, 40.034533957845724]","[5363.564211990632, 786.9463652224824, 169.63411085089683, 40.03453395784527]","[5405.972739703357, 796.9549987119437, 169.63411085089683, 40.03453395784527]","[5448.381267416081, 806.9636322014051, 169.63411085089683, 40.03453395784527]","[5490.789795128806, 816.9722656908665, 169.6341108509006, 40.03453395784576]","[5533.19832284153, 826.9808991803278, 169.63411085089683, 40.03453395784527]","[5575.606850554254, 836.9895326697892, 169.63411085089683, 40.034533957845724]","[5618.015378266979, 846.9981661592506, 169.63411085089683, 40.03453395784527]","[5660.423905979704, 857.0067996487119, 169.63411085090047, 40.03453395784527]","[5702.832433692428, 867.0154331381733, 169.63411085089683, 40.034533957845724]","[5745.240961405152, 877.0240666276346, 169.63411085089683, 40.03453395784527]","[5787.649489117876, 887.032700117096, 169.63411085089683, 40.034533957845724]"
366,People,"[5830.0580168306005, 897.0413336065574, 0, 0]","[5872.466544543326, 907.0499670960188, 169.63411085090047, 40.034533957845724]","[5914.87507225605, 917.05860058548, 169.63411085089683, 40.034533957844815]","[5957.283599968774, 927.0672340749414, 169.63411085089683, 40.034533957845724]","[5999.692127681499, 937.0758675644028, 169.63411085090047, 40.03453395784527]","[6042.100655394223, 947.0845010538642, 169.63411085089683, 40.034533957845724]","[6084.509183106948, 957.0931345433256, 169.63411085089683, 40.034533957845724]","[6126.917710819672, 967.1017680327868, 169.63411085089683, 40.034533957844815]","[6169.326238532396, 977.1104015222484, 169.63411085089697, 40.034533957846214]","[6211.734766245121, 987.1190350117096, 169.63411085090047, 40.034533957844815]","[6254.143293957845, 997.127668501171, 169.63411085089683, 40.034533957845724]","[6296.55182167057, 1007.1363019906324, 169.63411085089683, 40.034533957845724]","[6338.960349383295, 1017.1449354800936, 169.63411085090047, 40.034533957844815]","[6381.368877096019, 1027.153568969555, 169.63411085089683, 40.03453395784527]","[6423.777404808743, 1037.1622024590165, 169.63411085089683, 40.03453395784618]","[6466.185932521467, 1047.1708359484778, 169.63411085089683, 40.03453395784527]"
367,People,"[6508.594460234192, 1057.1794694379391, 0, 0]","[6551.002987946917, 1067.1881029274005, 169.63411085089683, 40.03453395784527]","[6593.411515659641, 1077.1967364168618, 169.63411085089683, 40.03453395784527]","[6635.820043372365, 1087.205369906323, 169.63411085089683, 40.03453395784527]","[6569.61706, 1102.53406, -264.8119334894618, 61.314760374707475]","[6563.353784074075, 1112.4993187160492, -25.05310370369989, 39.86103486419688]","[6627.212598888889, 1126.0372285925926, 255.4352592592586, 54.151639506173524]","[6691.071413703704, 1139.5751384691357, 255.4352592592586, 54.151639506172614]","[6754.930228518519, 1153.1130483456789, 255.43525925925883, 54.151639506172664]","[6818.789043333333, 1166.6509582222222, 255.4352592592586, 54.151639506173524]","[6882.647858148148, 1180.1888680987654, 255.4352592592586, 54.151639506172614]","[6946.5066729629625, 1193.7267779753086, 255.4352592592586, 54.151639506172614]","[7010.365487777777, 1207.264687851852, 255.4352592592586, 54.151639506173524]","[7074.224302592593, 1220.802597728395, 255.43525925926224, 54.151639506172614]","[7138.083117407407, 1234.3405076049382, 255.4352592592586, 54.151639506172614]","[7201.941932222222, 1247.8784174814814, 255.4352592592586, 54.151639506172614]"
368,People,"[7265.800747037037, 1261.4163273580248, 0, 0]","[7329.659561851851, 1274.954237234568, 255.4352592592586, 54.151639506172614]","[7393.518376666666, 1288.492147111111, 255.4352592592586, 54.151639506172614]","[7457.377191481481, 1302.0300569876545, 255.4352592592586, 54.151639506173524]","[7521.236006296296, 1315.5679668641976, 255.43525925926224, 54.151639506172614]","[7495.07044, 1329.62618, -104.66226518518306, 56.23285254320945]","[7316.04779, 1317.94347, -716.0906000000032, -46.73084000000017]","[7088.3396, 1312.50505, -910.8327599999975, -21.753679999999804]","[6853.89858, 1325.65578, -937.7640800000016, 52.60292000000032]","[6662.61163, 1329.26065, -765.1477999999988, 14.419479999999567]","[5739.348255797102, 1206.702892463768, -3693.0534968115935, -490.2310301449279]","[4218.957980434783, 987.6212004347824, -6081.561101449275, -876.3267681159423]","[2698.5677050724644, 768.539508405797, -6081.561101449275, -876.3267681159414]","[2442.7955541481483, 718.5019517037038, -1023.0886036972643, -200.1502268083732]","[2539.2085606296296, 701.1394387407407, 385.65202592592505, -69.4500518518521]","[2635.6215671111117, 683.7769257777778, 385.6520259259287, -69.45005185185164]"
369,People,"[2732.034573592593, 666.4144128148148, 0, 0]","[2828.4475800740743, 649.0518998518519, 385.65202592592505, -69.45005185185164]","[2924.8605865555555, 631.689386888889, 385.65202592592505, -69.45005185185164]","[3021.273593037037, 614.326873925926, 385.65202592592505, -69.4500518518521]","[3117.6865995185185, 596.9643609629629, 385.65202592592686, -69.4500518518521]","[3214.099606, 579.601848, 385.65202592592686, -69.45005185185164]","[3310.512612481481, 562.2393350370371, 385.6520259259232, -69.45005185185164]","[3406.925618962963, 544.8768220740741, 385.6520259259287, -69.4500518518521]","[3193.75634, 511.49106, -852.677115851854, -133.54304829629643]","[2906.88222, 516.54331, -1147.4964799999998, 20.20900000000006]","[2635.9737, 579.32197, -1083.6340799999998, 251.11463999999978]","[2368.0107, 660.36317, -1071.8520000000008, 324.1648]","[2101.73525, 723.38943, -1065.1017999999985, 252.10503999999992]","[1825.33394, 804.84873, -1105.6052400000008, 325.8372000000004]","[1561.13668, 923.34689, -1056.7890399999997, 473.99263999999994]","[1319.22161, 1058.25709, -967.6602800000001, 539.6408000000001]"
370,People,"[1071.36772, 1176.89714, 0, 0]","[806.67058, 1284.82994, -1058.78856, 431.7312000000002]","[539.09283, 1403.76987, -1070.3109999999997, 475.75972]","[296.00967, 1544.33936, -972.3326400000001, 562.2779599999994]","[49.88247, 1680.95992, -984.5088000000001, 546.4822400000003]","[-209.10671, 1777.35291, -1035.95672, 385.5719600000002]","[-481.79352, 1864.51283, -1090.7472400000001, 348.6396799999993]","[-745.4651, 1977.77372, -1054.68632, 453.04356000000007]","[-990.13168, 2102.74696, -978.6663200000007, 499.8929600000006]","[-1244.00383, 2205.65302, -1015.4886000000006, 411.624240000001]","[-1499.684, 2291.03243, -1022.7206799999994, 341.51764000000003]","[-1750.2862, 2377.07478, -1002.4088000000002, 344.16939999999886]","[-1998.4908, 2457.83674, -992.8184000000001, 323.0478400000011]","[-2226.86002, 2461.43405, -913.4768800000002, 14.389239999998608]","[-2426.707022296564, 2425.0028336166365, -799.3880091862557, -145.72486553345334]","[-2625.8982876672694, 2389.962588137432, -796.7650614828217, -140.16098191681886]"
371,People,"[-2825.089553037975, 2354.922342658228, 0, 0]","[-3024.28081840868, 2319.882097179024, -796.7650614828199, -140.16098191681522]","[-3223.472083779385, 2284.841851699819, -796.7650614828199, -140.16098191682067]","[-3422.6633491500907, 2249.8016062206148, -796.7650614828235, -140.16098191681704]","[-3621.854614520796, 2214.7613607414105, -796.7650614828217, -140.16098191681704]","[-3821.0458798915006, 2179.7211152622062, -796.765061482818, -140.16098191681704]","[-4020.237145262206, 2144.680869783002, -796.7650614828217, -140.16098191681704]","[-4219.428410632911, 2109.6406243037973, -796.7650614828217, -140.16098191681886]","[-4418.619676003616, 2074.600378824593, -796.7650614828206, -140.16098191681715]","[-4617.810941374322, 2039.5601333453887, -796.7650614828235, -140.16098191681704]","[-4817.002206745027, 2004.5198878661845, -796.7650614828199, -140.16098191681704]","[-5016.193472115732, 1969.47964238698, -796.7650614828199, -140.16098191681795]","[-5215.384737486438, 1934.439396907776, -796.7650614828235, -140.16098191681613]","[-5414.576002857142, 1899.3991514285717, -796.7650614828162, -140.16098191681704]","[-5613.767268227848, 1864.358905949367, -796.7650614828235, -140.16098191681886]","[-5812.958533598554, 1829.3186604701627, -796.7650614828235, -140.16098191681704]"
372,People,"[-6012.149798969258, 1794.2784149909585, 0, 0]","[-6211.341064339964, 1759.2381695117542, -796.7650614828235, -140.16098191681704]","[-6410.532329710669, 1724.1979240325495, -796.7650614828199, -140.16098191681886]","[-6609.723595081374, 1689.1576785533452, -796.7650614828199, -140.16098191681704]","[-6752.47102, 1735.02043, -570.9896996745047, 183.45100578661913]","[-6844.3526036, 1791.5198356, -367.52633440000136, 225.99762240000018]","[-6903.59262, 1834.5272, -236.96006560000023, 172.02945759999966]","[-6936.731310485933, 1874.3146830434785, -132.55476194373114, 159.14993217391384]","[-6853.114700724637, 1834.0207192753624, 334.4664390451838, -161.17585507246454]","[-6769.498090963341, 1793.7267555072465, 334.4664390451835, -161.1758550724635]","[-6685.8814812020455, 1753.4327917391304, 334.4664390451835, -161.1758550724644]","[-6602.26487144075, 1713.1388279710145, 334.4664390451835, -161.1758550724635]","[-6518.648261679454, 1672.8448642028986, 334.4664390451835, -161.1758550724635]","[-6435.031651918158, 1632.5509004347828, 334.4664390451835, -161.1758550724635]","[-6351.415042156863, 1592.256936666667, 334.46643904517987, -161.1758550724635]","[-6267.798432395566, 1551.9629728985508, 334.46643904518714, -161.1758550724644]"
373,People,"[-6184.181822634271, 1511.669009130435, 0, 0]","[-6100.565212872975, 1471.3750453623188, 334.4664390451835, -161.1758550724644]","[-6016.948603111679, 1431.081081594203, 334.4664390451835, -161.1758550724635]","[-5933.331993350384, 1390.787117826087, 334.46643904517987, -161.1758550724635]","[-5849.715383589088, 1350.493154057971, 334.46643904518714, -161.1758550724644]","[-5766.098773827792, 1310.199190289855, 334.4664390451835, -161.1758550724635]","[-5682.482164066496, 1269.9052265217392, 334.4664390451835, -161.1758550724635]","[-5598.8655543052, 1229.6112627536231, 334.4664390451835, -161.1758550724644]","[-5515.248944543904, 1189.3172989855073, 334.4664390451838, -161.17585507246363]","[-5431.632334782608, 1149.0233352173914, 334.4664390451835, -161.1758550724635]","[-5348.015725021312, 1108.7293714492753, 334.4664390451835, -161.1758550724644]","[-5264.3991152600165, 1068.4354076811594, 334.4664390451835, -161.1758550724635]","[-5180.782505498721, 1028.1414439130435, 334.4664390451835, -161.1758550724635]","[-5097.165895737426, 987.8474801449275, 334.46643904517987, -161.17585507246395]","[-5013.549285976129, 947.5535163768116, 334.46643904518714, -161.17585507246395]","[-4929.932676214834, 907.2595526086956, 334.46643904517987, -161.17585507246395]"
374,People,"[-4846.316066453537, 866.9655888405797, 0, 0]","[-4762.699456692242, 826.6716250724637, 334.46643904517987, -161.17585507246395]","[-4679.082846930946, 786.3776613043478, 334.4664390451835, -161.1758550724635]","[-4595.46623716965, 746.083697536232, 334.4664390451835, -161.1758550724635]","[-4511.8496274083545, 705.7897337681159, 334.4664390451835, -161.1758550724644]","[-4428.233017647059, 665.49577, 334.4664390451835, -161.1758550724635]","[-4344.616407885763, 625.2018062318841, 334.4664390451835, -161.1758550724635]","[-4260.999798124467, 584.907842463768, 334.4664390451835, -161.1758550724644]","[-4177.383188363172, 544.6138786956521, 334.46643904518015, -161.17585507246363]","[-4093.766578601876, 504.3199149275363, 334.4664390451835, -161.1758550724635]","[-4010.14996884058, 464.0259511594204, 334.4664390451835, -161.1758550724635]","[-3926.533359079284, 423.7319873913043, 334.4664390451853, -161.1758550724644]","[-3842.916749317988, 383.4380236231884, 334.4664390451835, -161.1758550724635]","[-3759.300139556692, 343.14405985507256, 334.4664390451835, -161.1758550724635]","[-3675.683529795396, 302.85009608695646, 334.4664390451835, -161.1758550724644]","[-3592.066920034101, 262.5561323188406, 334.4664390451817, -161.1758550724635]"
375,People,"[-3508.450310272805, 222.2621685507247, 0, 0]","[-3424.833700511509, 181.9682047826086, 334.4664390451835, -161.1758550724644]","[-3341.217090750213, 141.67424101449274, 334.4664390451835, -161.1758550724635]","[-3257.6004809889173, 101.38027724637686, 334.4664390451835, -161.1758550724635]","[-3173.9838712276214, 61.08631347826076, 334.4664390451835, -161.1758550724644]","[-3090.367261466325, 20.79234971014489, 334.4664390451853, -161.1758550724635]","[-2946.09678, -55.6148, 577.081925865301, -305.62859884057957]","[-2712.41099, -193.09455, 934.74316, -549.919]","[-2471.60736, -371.52161, 963.2145200000004, -713.7082400000007]","[-2212.78326, -553.23307, 1035.2963999999993, -726.84584]","[-1956.80181, -632.3902, 1023.9258000000009, -316.6285200000002]","[-1703.95761, -647.7244, 1011.3768, -61.336799999999585]","[-1442.95857, -674.73099, 1043.9961599999997, -108.0263600000003]","[-1167.06541, -698.4371, 1103.5726400000003, -94.82443999999987]","[-884.61151, -663.87614, 1129.8156, 138.2438400000001]","[-585.76383, -591.98123, 1195.3907199999999, 287.5796399999999]"
376,People,"[-282.13128, -569.41151, 0, 0]","[39.09712, -593.92565, 1284.9136, -98.05655999999999]","[352.4081, -594.51561, 1253.24392, -2.3598400000000765]","[661.32654, -564.2855, 1235.6737600000001, 120.92044000000033]","[980.55368, -553.8418, 1276.9085599999999, 41.774799999999686]","[1300.75373, -578.39611, 1280.8001999999997, -98.21723999999995]","[1643.0664, -576.33559, 1369.25068, 8.242079999999987]","[1980.61149, -535.24539, 1350.1803600000003, 164.36079999999993]","[2320.76329, -528.29315, 1360.6072000000006, 27.808960000000322]","[2650.20314, -542.34788, 1317.7594000000008, -56.21892000000025]","[2976.43698, -534.51081, 1304.9353599999995, 31.34828000000016]","[3280.859, -480.7339, 1217.68808, 215.10763999999995]","[3581.91794, -425.32016, 1204.2357599999996, 221.65496000000007]","[3817.294317225258, -394.0743069945355, 941.505508901033, 124.98341202185793]","[3821.846603351548, -397.93229196721313, 18.209144505159202, -15.43193989071051]","[3826.398889477839, -401.7902769398907, 18.20914450516466, -15.431939890710282]"
377,People,"[3830.951175604129, -405.6482619125683, 0, 0]","[3835.503461730419, -409.5062468852459, 18.20914450516102, -15.43193989071051]","[3840.055747856709, -413.3642318579234, 18.209144505159202, -15.431939890710055]","[3844.608033982999, -417.2222168306011, 18.20914450516102, -15.431939890710737]","[3849.1603201092894, -421.0802018032786, 18.20914450516102, -15.431939890710055]","[3853.71260623558, -424.9381867759563, 18.20914450516284, -15.431939890710737]","[3858.26489236187, -428.79617174863387, 18.209144505159202, -15.431939890710282]","[3862.81717848816, -432.6541567213114, 18.20914450516102, -15.431939890710055]","[3867.3694646144495, -436.51214169398907, 18.2091445051574, -15.431939890710751]","[3871.9217507407407, -440.3701266666666, 18.20914450516466, -15.431939890710055]","[3876.474036867031, -444.22811163934426, 18.20914450516102, -15.431939890710737]","[3881.026322993321, -448.0860966120218, 18.20914450516102, -15.431939890710055]","[3885.578609119611, -451.94408158469946, 18.209144505159202, -15.431939890710737]","[3890.1308952459017, -455.802066557377, 18.20914450516284, -15.431939890710055]","[3894.683181372192, -459.66005153005466, 18.20914450516102, -15.431939890710737]","[3899.235467498482, -463.5180365027322, 18.20914450516102, -15.431939890710055]"
378,People,"[3903.787753624773, -467.37602147540986, 0, 0]","[3908.340039751063, -471.2340064480874, 18.20914450516102, -15.431939890710282]","[3912.892325877353, -475.091991420765, 18.209144505159202, -15.431939890710282]","[3917.444612003643, -478.9499763934426, 18.20914450516102, -15.43193989071051]","[3921.9968981299335, -482.8079613661202, 18.20914450516102, -15.431939890710282]","[3926.549184256224, -486.6659463387978, 18.20914450516284, -15.43193989071051]","[3931.101470382514, -490.5239313114754, 18.209144505159202, -15.431939890710282]","[3935.653756508804, -494.381916284153, 18.209144505159202, -15.43193989071051]","[3940.206042635094, -498.2399012568306, 18.20914450516104, -15.431939890710296]","[3944.758328761384, -502.09788622950816, 18.209144505159202, -15.431939890710282]","[3949.3106148876745, -505.9558712021858, 18.20914450516284, -15.43193989071051]","[3953.862901013965, -509.8138561748634, 18.20914450516102, -15.43193989071051]","[3958.415187140255, -513.6718411475409, 18.20914450516102, -15.431939890710055]","[3962.967473266545, -517.5298261202186, 18.209144505159202, -15.43193989071051]","[3967.519759392836, -521.3878110928962, 18.20914450516466, -15.43193989071051]","[3972.072045519126, -525.2457960655738, 18.209144505159202, -15.43193989071051]"
379,People,"[3976.624331645416, -529.1037810382513, 0, 0]","[3981.1766177717054, -532.961766010929, 18.209144505157383, -15.43193989071051]","[3985.7289038979966, -536.8197509836066, 18.20914450516466, -15.43193989071051]","[3990.281190024287, -540.6777359562841, 18.20914450516102, -15.431939890710055]","[3994.833476150577, -544.5357209289617, 18.20914450516102, -15.43193989071051]","[3999.3857622768674, -548.3937059016394, 18.20914450516102, -15.43193989071051]","[4003.9380484031576, -552.251690874317, 18.20914450516102, -15.43193989071051]","[4008.490334529448, -556.1096758469946, 18.20914450516102, -15.43193989071051]","[4013.042620655738, -559.9676608196721, 18.20914450516104, -15.431939890710069]","[4017.594906782029, -563.8256457923497, 18.20914450516284, -15.43193989071051]","[4022.147192908318, -567.6836307650274, 18.209144505157383, -15.43193989071051]","[4026.699479034609, -571.5416157377049, 18.20914450516284, -15.431939890710055]","[4031.2517651608982, -575.3996007103825, 18.209144505157383, -15.43193989071051]","[4035.804051287189, -579.2575856830601, 18.20914450516284, -15.43193989071051]","[4040.356337413479, -583.1155706557377, 18.20914450516102, -15.431939890710055]","[4044.9086235397695, -586.9735556284153, 18.20914450516102, -15.43193989071051]"
380,People,"[4049.46090966606, -590.8315406010929, 0, 0]","[4054.01319579235, -594.6895255737704, 18.209144505159202, -15.431939890710055]","[4058.56548191864, -598.547510546448, 18.20914450516102, -15.43193989071051]","[4063.1177680449305, -602.4054955191257, 18.20914450516102, -15.43193989071051]","[4067.6700541712207, -606.2634804918033, 18.20914450516102, -15.43193989071051]","[4072.222340297511, -610.1214654644809, 18.20914450516102, -15.43193989071051]","[4076.774626423801, -613.9794504371584, 18.209144505159202, -15.431939890710055]","[4081.326912550092, -617.8374354098361, 18.20914450516466, -15.43193989071051]","[4085.8791986763817, -621.6954203825137, 18.20914450515922, -15.431939890710524]","[4090.431484802672, -625.5534053551912, 18.20914450516102, -15.431939890710055]","[4094.983770928962, -629.4113903278688, 18.209144505159202, -15.43193989071051]","[4099.536057055252, -633.2693753005465, 18.20914450516102, -15.43193989071051]","[4104.088343181543, -637.127360273224, 18.20914450516284, -15.431939890710055]","[4108.640629307833, -640.9853452459016, 18.209144505159202, -15.43193989071051]","[4113.192915434123, -644.8433302185792, 18.20914450516284, -15.43193989071051]","[4058.78534, -678.73017, -217.6303017364935, -135.54735912568322]"
381,People,"[3888.84644, -775.01237, 0, 0]","[3738.1971828048777, -846.5773212804878, -602.5970287804885, -286.2598051219511]","[3588.441185853658, -915.491746585366, -599.0239878048778, -275.65770121951255]","[3438.6851889024388, -984.406171890244, -599.0239878048778, -275.6577012195121]","[3288.9291919512198, -1053.320597195122, -599.023987804876, -275.6577012195121]","[3139.173195, -1122.2350225, -599.0239878048797, -275.6577012195121]","[2989.4171980487804, -1191.149447804878, -599.0239878048778, -275.6577012195121]","[2859.97179, -1277.38912, -517.7816321951213, -344.95868878048805]","[2737.50208, -1366.4638, -489.87883999999985, -356.2987200000001]","[2646.2574525, -1403.928913125, -364.9785100000008, -149.86045250000006]","[2555.3931504166667, -1431.8303896875, -363.45720833333326, -111.60590624999986]","[2464.5288483333334, -1459.7318662500002, -363.45720833333326, -111.60590625000077]","[2373.66454625, -1487.6333428125, -363.45720833333326, -111.60590624999895]","[2244.71434, -1617.79825, -515.8008250000003, -520.6596287500006]","[2089.00521, -1801.18987, -622.8365200000007, -733.5664799999995]","[1955.55574, -1983.02655, -533.7978799999992, -727.3467200000005]"
382,People,"[1794.84088, -2186.45039, 0, 0]","[1644.0614815584415, -2374.951026883117, -603.1175937662338, -754.0025475324674]","[1491.0209604545453, -2532.981569090909, -612.162084415585, -632.1221688311689]","[1337.9804393506492, -2691.0121112987013, -612.1620844155841, -632.1221688311689]","[1184.9399182467532, -2849.042653506493, -612.1620844155841, -632.1221688311671]","[1031.8993971428572, -3007.073195714285, -612.1620844155841, -632.1221688311671]","[878.8588760389611, -3165.103737922078, -612.1620844155846, -632.1221688311725]","[736.36052, -3324.88688, -569.9934241558444, -639.1325683116884]","[585.01895, -3496.0996, -605.3662800000003, -684.8508800000005]","[453.64673, -3562.10461, -525.4888800000001, -264.0200399999994]","[329.83091, -3570.81665, -495.2632799999999, -34.84816000000137]","[244.57508, -3601.69592, -341.02332, -123.51707999999962]","[182.97021, -3632.53509, -246.41948000000002, -123.35667999999896]","[170.84441929515418, -3669.514746013216, -48.503162819383306, -147.9186240528652]","[177.28063955947135, -3673.73317938326, 25.744881057268685, -16.87373348017536]","[183.71685982378847, -3677.951612753304, 25.744881057268458, -16.87373348017536]"
383,People,"[190.15308008810567, -3682.170046123348, 0, 0]","[196.5893003524229, -3686.388479493392, 25.744881057268913, -16.87373348017536]","[203.0255206167401, -3690.606912863436, 25.7448810572688, -16.87373348017536]","[209.46174088105727, -3694.82534623348, 25.744881057268685, -16.87373348017718]","[215.89796114537444, -3699.043779603525, 25.744881057268685, -16.873733480179]","[222.3341814096916, -3703.262212973568, 25.744881057268685, -16.873733480171722]","[228.7704016740088, -3707.480646343613, 25.7448810572688, -16.873733480180817]","[235.206621938326, -3711.699079713656, 25.7448810572688, -16.873733480171722]","[241.6428422026432, -3715.9175130837, 25.74488105726882, -16.873733480177194]","[248.07906246696035, -3720.135946453745, 25.74488105726857, -16.873733480179]","[254.51528273127752, -3724.354379823788, 25.744881057268685, -16.873733480171722]","[260.9515029955947, -3728.5728131938326, 25.744881057268685, -16.873733480179]","[267.38772325991187, -3732.791246563877, 25.744881057268685, -16.87373348017718]","[273.8239435242291, -3737.009679933921, 25.744881057268913, -16.87373348017536]","[280.26016378854627, -3741.2281133039646, 25.744881057268685, -16.87373348017536]","[277.69381, -3741.76044, -10.26541515418512, -2.1293067841415905]"
384,People,"[231.20301, -3734.5051, 0, 0]","[217.47003, -3710.0485, -54.93191999999999, 97.82639999999992]","[227.1264, -3687.44974, 38.625479999999925, 90.39503999999943]","[291.81507, -3648.14548, 258.75468, 157.21703999999954]","[435.0223, -3611.94609, 572.8289199999999, 144.79756000000089]","[569.81844, -3534.07796, 539.1845600000001, 311.47251999999935]","[633.23411, -3451.35738, 253.6626799999999, 330.8823200000006]","[690.310996226415, -3342.312853584905, 228.30754490566005, 436.1781056603795]","[748.1025481132075, -3221.5252167924527, 231.16620754717016, 483.15054716980967]","[805.8941, -3100.73758, 231.16620754716996, 483.15054716981103]","[911.17576, -2980.74067, 421.12663999999995, 479.9876399999994]","[1031.46589, -2841.81871, 481.1605199999999, 555.6878400000005]","[1127.43349, -2662.32682, 383.8703999999998, 717.9675599999991]","[1249.4778735294117, -2479.322167058823, 488.17753411764716, 732.0186117647081]","[1381.8297460784313, -2289.7336621568625, 529.4074901960785, 758.3540196078429]","[1545.574112, -2121.77029, 654.9774636862749, 671.8534886274501]"
385,People,"[1802.27133, -2010.49709, 0, 0]","[2083.735, -1863.8171, 1125.8546800000004, 586.7199600000004]","[2378.03736, -1699.46202, 1177.2094399999987, 657.4203200000002]","[2679.04201, -1586.14115, 1204.0186000000012, 453.28348000000005]","[2996.18029, -1499.72292, 1268.5531199999987, 345.67292]","[3305.14461, -1386.51758, 1235.8572800000002, 452.8213599999999]","[3605.53961, -1251.75794, 1201.58, 539.03856]","[3914.83971, -1151.80178, 1237.2004000000015, 399.8246399999998]","[4221.37414, -1089.65006, 1226.13772, 248.6068800000005]","[4519.66303, -1001.16801, 1193.1555599999992, 353.92819999999983]","[4812.23441, -917.51874, 1170.2855200000013, 334.59708]","[5110.14346, -830.31604, 1191.6362000000008, 348.81079999999974]","[5407.11838, -770.51395, 1187.8996799999986, 239.20836000000008]","[5171.026713947368, -832.2487141447368, -944.3666642105272, -246.9390565789472]","[4732.921927763158, -943.6563449013158, -1752.4191447368394, -445.63052302631604]","[4294.817141578948, -1055.0639756578948, -1752.4191447368394, -445.63052302631604]"
386,People,"[3856.7123553947367, -1166.4716064144736, 0, 0]","[3418.6075692105264, -1277.8792371710526, -1752.4191447368412, -445.63052302631604]","[2980.502783026316, -1389.2868679276316, -1752.4191447368412, -445.63052302631604]","[2542.3979968421054, -1500.6944986842104, -1752.419144736843, -445.63052302631513]","[2104.293210657895, -1612.1021294407897, -1752.4191447368412, -445.63052302631695]","[1666.1884244736843, -1723.5097601973685, -1752.419144736843, -445.63052302631513]","[1228.083638289474, -1834.9173909539477, -1752.4191447368412, -445.63052302631695]","[789.9788521052633, -1946.3250217105265, -1752.419144736843, -445.63052302631513]","[351.87406592105344, -2057.7326524671053, -1752.419144736841, -445.63052302631553]","[236.2679098848921, -2044.5219605467623, -462.42462414464535, 52.8427676813717]","[360.3539929784173, -1901.8082533525176, 496.34433237410076, 570.854828776979]","[484.4400760719424, -1759.0945461582733, 496.34433237410053, 570.8548287769772]","[608.5261591654676, -1616.3808389640287, 496.34433237410053, 570.8548287769781]","[732.6122422589929, -1473.6671317697842, 496.3443323741012, 570.8548287769781]","[856.6983253525179, -1330.9534245755394, 496.3443323741003, 570.854828776979]","[980.7844084460432, -1188.239717381295, 496.3443323741012, 570.8548287769781]"
387,People,"[1104.8704915395683, -1045.52601018705, 0, 0]","[1228.9565746330936, -902.8123029928056, 496.3443323741012, 570.8548287769772]","[1353.0426577266187, -760.0985957985611, 496.3443323741003, 570.8548287769781]","[1477.1287408201438, -617.3848886043163, 496.3443323741003, 570.854828776979]","[1601.214823913669, -474.67118141007177, 496.3443323741012, 570.8548287769781]","[1725.3009070071942, -331.95747421582723, 496.3443323741003, 570.8548287769781]","[1849.3869901007197, -189.24376702158247, 496.3443323741021, 570.854828776979]","[1973.4730731942443, -46.530059827337936, 496.3443323740985, 570.8548287769781]","[2097.55915628777, 96.18364736690684, 496.3443323741026, 570.8548287769795]","[2221.645239381295, 238.89735456115116, 496.3443323741012, 570.8548287769772]","[2345.7313224748204, 381.6110617553959, 496.3443323741012, 570.8548287769789]","[2469.8174055683457, 524.3247689496407, 496.3443323741012, 570.854828776979]","[2593.90348866187, 667.038476143885, 496.3443323740976, 570.8548287769772]","[2717.9895717553954, 809.7521833381297, 496.3443323741012, 570.854828776979]","[2842.0756548489207, 952.4658905323744, 496.3443323741012, 570.8548287769786]","[2966.161737942446, 1095.1795977266188, 496.3443323741012, 570.8548287769777]"
388,People,"[3090.247821035972, 1237.8933049208636, 0, 0]","[3214.3339041294967, 1380.6070121151083, 496.3443323740994, 570.854828776979]","[3338.419987223022, 1523.3207193093526, 496.3443323741012, 570.8548287769772]","[3462.5060703165464, 1666.0344265035974, 496.3443323740976, 570.854828776979]","[3586.592153410072, 1808.748133697842, 496.34433237410303, 570.8548287769781]","[3551.76601, 1864.92662, -139.30457364028916, 224.71394520863214]","[3444.80389, 1863.1938, -427.84847999999874, -6.931279999999788]","[3312.50501, 1861.21216, -529.1955200000011, -7.926559999999881]","[3175.75645, 1830.03326, -546.9942400000004, -124.71560000000056]","[3012.01608, 1784.78242, -654.9614799999999, -181.0033599999997]","[2845.73314, 1735.36245, -665.1317600000002, -197.67987999999968]","[2697.18775, 1676.1586, -594.1815599999991, -236.8154000000004]","[2580.55853, 1621.79441, -466.51688000000104, -217.45676000000003]","[2472.05539, 1561.94129, -434.0125599999992, -239.41247999999996]","[2369.57336, 1471.95288, -409.9281200000005, -359.9536399999997]","[2261.50635, 1376.55983, -432.268039999999, -381.5722000000005]"
389,People,"[2154.05195, 1281.71364, 0, 0]","[2029.22122, 1166.92554, -499.3229200000005, -459.15239999999994]","[1869.34399, 1005.8617, -639.5089199999993, -644.2553599999997]","[1695.34853, 802.70981, -695.9818400000004, -812.6075600000004]","[1522.68863, 634.46741, -690.6395999999995, -672.9695999999999]","[1356.22631, 492.03816, -665.8492800000004, -569.7169999999999]","[1161.76101, 362.83742, -777.8612000000003, -516.80296]","[945.38175, 239.99695, -865.5170399999997, -491.36188000000004]","[698.4758, 129.04191, -987.6238000000008, -443.8201600000004]","[468.09295, 43.69746, -921.5314000000003, -341.3778]","[214.6043, -36.35873, -1013.9545999999999, -320.22476]","[-39.95679, -141.42086, -1018.2443599999999, -420.24852]","[-292.2508, -249.94315, -1009.1760400000001, -434.08916]","[-544.85828, -332.71779, -1010.42992, -331.0985599999999]","[-797.54442, -392.96137, -1010.7445599999996, -240.97432000000003]","[-1061.13868, -435.34448, -1054.3770400000003, -169.53243999999995]"
390,People,"[-1328.06769, -503.11873, 0, 0]","[-1618.79958, -572.97256, -1162.92756, -279.41532000000007]","[-1902.54703, -590.05479, -1134.9897999999994, -68.32891999999993]","[-2180.08774, -545.02861, -1110.16284, 180.10472000000027]","[-2468.39202, -505.12591, -1153.2171199999993, 159.61079999999993]","[-2792.59538, -478.06147, -1296.8134400000017, 108.25775999999996]","[-3080.14247, -398.18837, -1150.1883599999983, 319.49239999999986]","[-3342.48833, -290.15992, -1049.3834400000014, 432.1138000000001]","[-3612.7867, -175.2313, -1081.1934800000008, 459.7144800000004]","[-3884.3693, -84.71338, -1086.330399999999, 362.07168]","[-4172.73898, -5.71221, -1153.478720000001, 316.00468]","[-4419.69552, 98.61982, -987.8261600000005, 417.32812]","[-4654.63846375, 222.86873875, -939.7717749999974, 496.995675]","[-4924.68849, 314.52426, -1080.200105, 366.6220850000001]","[-4980.737232825651, 323.2720314228457, -224.19497130260424, 34.99108569138275]","[-4986.231498857715, 314.4924207014028, -21.97706412825937, -35.11844288577163]"
391,People,"[-4991.725764889779, 305.71280997996, 0, 0]","[-4997.220030921843, 296.93319925851705, -21.977064128255734, -35.118442885771856]","[-5002.714296953907, 288.15358853707414, -21.977064128255734, -35.11844288577163]","[-5008.208562985971, 279.3739778156313, -21.977064128255734, -35.1184428857714]","[-5013.702829018036, 270.5943670941884, -21.97706412825937, -35.11844288577163]","[-5019.1970950501, 261.81475637274553, -21.977064128255734, -35.1184428857714]","[-5024.691361082164, 253.03514565130263, -21.977064128255734, -35.11844288577163]","[-5030.185627114228, 244.25553492985972, -21.977064128255734, -35.11844288577163]","[-5035.679893146293, 235.47592420841687, -21.97706412825939, -35.11844288577143]","[-5041.174159178357, 226.696313486974, -21.977064128255734, -35.118442885771515]","[-5046.6684252104205, 217.91670276553108, -21.977064128255734, -35.11844288577163]","[-5052.1626912424845, 209.1370920440882, -21.977064128255734, -35.118442885771515]","[-5057.656957274548, 200.35748132264533, -21.977064128255734, -35.118442885771515]","[-5063.151223306613, 191.57787060120245, -21.97706412825937, -35.118442885771515]","[-5068.645489338677, 182.79825987975957, -21.977064128255734, -35.118442885771515]","[-5074.139755370741, 174.01864915831666, -21.977064128255734, -35.11844288577163]"
392,People,"[-5079.634021402805, 165.23903843687378, 0, 0]","[-5085.128287434869, 156.4594277154309, -21.977064128255734, -35.118442885771515]","[-5090.622553466934, 147.67981699398803, -21.97706412825937, -35.118442885771515]","[-5096.116819498998, 138.90020627254512, -21.977064128255734, -35.11844288577163]","[-5101.611085531062, 130.12059555110224, -21.977064128255734, -35.118442885771515]","[-5107.105351563126, 121.34098482965936, -21.977064128255734, -35.118442885771515]","[-5112.599617595191, 112.56137410821648, -21.97706412826301, -35.118442885771515]","[-5118.093883627254, 103.78176338677358, -21.977064128252096, -35.11844288577163]","[-5123.588149659318, 95.0021526653307, -21.97706412825575, -35.11844288577154]","[-5129.082415691382, 86.22254194388782, -21.977064128255734, -35.118442885771515]","[-5134.576681723446, 77.44293122244494, -21.977064128255734, -35.118442885771515]","[-5140.070947755511, 68.66332050100203, -21.97706412825937, -35.11844288577163]","[-5145.565213787575, 59.88370977955918, -21.977064128255734, -35.1184428857714]","[-5151.059479819639, 51.10409905811628, -21.977064128255734, -35.1184428857716]","[-5156.553745851703, 42.32448833667337, -21.977064128255734, -35.11844288577166]","[-5162.048011883767, 33.54487761523052, -21.977064128255734, -35.1184428857714]"
393,People,"[-5167.542277915832, 24.76526689378761, 0, 0]","[-5173.036543947896, 15.98565617234476, -21.977064128255734, -35.11844288577141]","[-5178.53080997996, 7.206045450901854, -21.97706412825937, -35.11844288577162]","[-5184.025076012023, -1.573565270541053, -21.977064128252096, -35.11844288577163]","[-5189.519342044088, -10.353175991983903, -21.97706412825937, -35.1184428857714]","[-5195.013608076152, -19.13278671342681, -21.977064128255734, -35.11844288577163]","[-5200.507874108216, -27.91239743486966, -21.977064128255734, -35.1184428857714]","[-5206.00214014028, -36.69200815631257, -21.977064128255734, -35.11844288577163]","[-5211.496406172344, -45.47161887775548, -21.97706412825575, -35.118442885771685]","[-5216.990672204409, -54.251229599198325, -21.97706412825937, -35.11844288577137]","[-5222.484938236473, -63.03084032064123, -21.977064128255734, -35.11844288577163]","[-5227.979204268537, -71.81045104208408, -21.977064128255734, -35.1184428857714]","[-5233.473470300601, -80.59006176352699, -21.977064128255734, -35.11844288577163]","[-5238.967736332665, -89.3696724849699, -21.977064128255734, -35.11844288577163]","[-5244.462002364729, -98.14928320641276, -21.97706412825937, -35.11844288577146]","[-5249.956268396793, -106.92889392785564, -21.977064128255734, -35.118442885771515]"
394,People,"[-5255.450534428857, -115.7085046492985, 0, 0]","[-5260.944800460921, -124.4881153707414, -21.977064128255734, -35.11844288577157]","[-5266.439066492986, -133.26772609218432, -21.97706412825937, -35.118442885771685]","[-5271.93333252505, -142.04733681362717, -21.977064128255734, -35.1184428857714]","[-5277.427598557114, -150.82694753507008, -21.977064128255734, -35.11844288577163]","[-5282.921864589178, -159.60655825651293, -21.977064128255734, -35.1184428857714]","[-5288.416130621242, -168.38616897795583, -21.977064128255734, -35.11844288577163]","[-5293.910396653307, -177.16577969939874, -21.97706412825937, -35.11844288577163]","[-5299.404662685371, -185.94539042084165, -21.97706412825575, -35.11844288577166]","[-5304.8989287174345, -194.7250011422845, -21.977064128255734, -35.1184428857714]","[-5080.677628208955, -340.65031402985073, 896.8852020339182, -583.7012515502649]","[-4836.481061044776, -498.50134014925374, 976.7862686567169, -631.404104477612]","[-4587.83065, -658.85168, 994.6016441791035, -641.401359402985]","[-4346.52458, -842.45006, 965.2242799999985, -734.3935200000001]","[-4129.51707, -1029.31019, 868.0300400000015, -747.4405199999997]","[-3892.01998, -1170.52251, 949.9883599999994, -564.8492800000004]"
395,People,"[-3637.58339, -1301.23774, 0, 0]","[-3382.180795, -1466.524285, 1021.6103799999983, -661.1461799999997]","[-3157.04133, -1630.12715, 900.5578600000008, -654.4114600000003]","[-2929.35785, -1784.21268, 910.7339200000006, -616.3421200000003]","[-2720.50462, -1924.93095, 835.4129199999988, -562.8730799999994]","[-2533.04946, -2072.04777, 749.8206399999999, -588.4672800000008]","[-2357.68101, -2232.59672, 701.4738000000016, -642.1957999999995]","[-2206.04059, -2388.27916, 606.5616799999989, -622.7297600000002]","[-2047.39308, -2508.63463, 634.5900400000006, -481.42188000000033]","[-1893.58092, -2597.6748, 615.2486399999998, -356.16067999999905]","[-1758.42174, -2691.31124, 540.6367200000004, -374.5457600000009]","[-1654.07054, -2787.52715, 417.40480000000025, -384.8636399999996]","[-1556.76543, -2875.91732, 389.22044000000005, -353.5606800000005]","[-1447.47752, -2919.14996, 437.15164000000004, -172.9305600000007]","[-1326.68031, -2933.91188, 483.1888399999998, -59.04767999999967]","[-1232.94642, -2958.11113, 374.9355599999999, -96.79699999999866]"
396,People,"[-1184.91424, -3012.28142, 0, 0]","[-1151.56709, -3088.59906, 133.38860000000022, -305.27056000000084]","[-1135.43649, -3162.27956, 64.52239999999983, -294.72199999999975]","[-1118.42692, -3178.60213, 68.03827999999976, -65.29028000000108]","[-1083.26483, -3135.29659, 140.64836000000014, 173.22216000000117]","[-1048.22563, -3069.54302, 140.15680000000066, 263.0142799999994]","[-1018.48429, -3022.66597, 118.96535999999969, 187.50820000000022]","[-1005.65881, -3017.02429, 51.30191999999988, 22.566720000000714]","[-1000.42089, -3014.13605, 20.95168000000014, 11.552959999999086]","[-1000.55466, -3013.44016, -0.5350800000001072, 2.783559999999852]","[-1001.23113, -3011.63367, -2.705879999999979, 7.225959999999759]","[-1004.93618, -3011.91513, -14.820200000000114, -1.1258399999987887]","[-1011.02434, -3013.36552, -24.352640000000065, -5.801559999999881]","[-1016.42983, -3013.11975, -21.621959999999945, 0.9830799999999726]","[-1019.98063, -3014.21703, -14.203199999999924, -4.389119999999821]","[-1021.90422, -3014.80805, -7.694359999999961, -2.364080000001195]"
397,People,"[-1019.12178, -3016.47498, 0, 0]","[-1017.99083, -3018.27491, 4.523799999999937, -7.199720000000525]","[-1018.44336, -3019.7034, -1.8101200000000972, -5.713959999999133]","[-1018.33323, -3019.86864, 0.44052000000010594, -0.6609600000010687]","[-1019.47727, -3020.55745, -4.576160000000073, -2.7552399999985937]","[-1019.49497, -3019.41501, -0.07079999999996289, 4.569759999998496]","[-1019.18716, -3020.22351, 1.2312400000000707, -3.2339999999985594]","[-1053.43855, -3038.91847, -137.00556000000051, -74.77984000000106]","[-1073.19644, -3085.92867, -79.03155999999952, -188.04079999999902]","[-1114.81846, -3140.9802, -166.48808000000008, -220.20612000000074]","[-1195.48577, -3128.0092, -322.6692400000002, 51.884000000000015]","[-1281.64447, -3065.25205, -344.6347999999998, 251.02859999999964]","[-1394.92669, -2973.27552, -453.1288800000002, 367.90611999999965]","[-1545.7531, -2856.63687, -603.3056399999996, 466.5546000000013]","[-1701.14442, -2743.32599, -621.5652800000007, 453.24352]","[-1874.60262, -2632.41996, -693.8327999999992, 443.6241199999986]"
398,People,"[-2082.23967, -2540.21115, 0, 0]","[-2292.73284, -2443.89663, -841.9726800000008, 385.2580799999996]","[-2497.00241, -2337.63574, -817.0782799999997, 425.04356000000007]","[-2659.1220882978723, -2212.915999574468, -648.4787131914891, 498.87896170212844]","[-2689.373029787234, -2173.0505474468087, -121.00376595744638, 159.46180851063764]","[-2719.6239712765955, -2133.185095319149, -121.00376595744638, 159.46180851063946]","[-2749.8749127659576, -2093.3196431914894, -121.0037659574482, 159.46180851063764]","[-2780.125854255319, -2053.45419106383, -121.00376595744638, 159.46180851063764]","[-2810.3767957446807, -2013.5887389361703, -121.00376595744649, 159.4618085106387]","[-2840.6277372340423, -1973.7232868085107, -121.00376595744638, 159.46180851063855]","[-2870.8786787234044, -1933.8578346808515, -121.0037659574482, 159.46180851063673]","[-2901.129620212766, -1893.992382553192, -121.00376595744638, 159.46180851063764]","[-2931.380561702128, -1854.126930425532, -121.0037659574482, 159.46180851064037]","[-2961.631503191489, -1814.2614782978724, -121.00376595744456, 159.46180851063855]","[-2991.882444680851, -1774.3960261702127, -121.0037659574482, 159.46180851063855]","[-3022.133386170213, -1734.530574042553, -121.00376595744638, 159.46180851063855]"
399,People,"[-3052.3843276595744, -1694.6651219148937, 0, 0]","[-3082.635269148936, -1654.799669787234, -121.00376595744638, 159.46180851063855]","[-3112.886210638298, -1614.9342176595746, -121.0037659574482, 159.46180851063764]","[-3143.13715212766, -1575.068765531915, -121.0037659574482, 159.46180851063855]","[-3173.388093617021, -1535.2033134042554, -121.00376595744274, 159.46180851063855]","[-3203.639035106383, -1495.337861276596, -121.0037659574482, 159.46180851063764]","[-3233.889976595745, -1455.472409148936, -121.0037659574482, 159.46180851063946]","[-3264.1409180851065, -1415.606957021277, -121.00376595744638, 159.46180851063673]","[-3294.391859574468, -1375.741504893617, -121.00376595744649, 159.4618085106396]","[-3324.64280106383, -1335.8760527659574, -121.0037659574482, 159.46180851063855]","[-3354.893742553192, -1296.010600638298, -121.0037659574482, 159.46180851063764]","[-3385.1446840425533, -1256.1451485106384, -121.00376595744456, 159.46180851063855]","[-3415.395625531915, -1216.2796963829787, -121.00376595744638, 159.46180851063855]","[-3445.6465670212765, -1176.414244255319, -121.00376595744638, 159.46180851063855]","[-3475.8975085106385, -1136.5487921276597, -121.0037659574482, 159.46180851063764]","[-3506.14845, -1096.68334, -121.00376595744638, 159.46180851063855]"
400,People,"[-3536.3993914893617, -1056.8178878723404, 0, 0]","[-3566.650332978724, -1016.9524357446808, -121.0037659574482, 159.46180851063855]","[-3596.9012744680854, -977.0869836170214, -121.00376595744638, 159.46180851063764]","[-3627.152215957447, -937.2215314893616, -121.00376595744638, 159.461808510639]","[-3657.403157446809, -897.3560793617021, -121.0037659574482, 159.4618085106381]","[-3687.65409893617, -857.4906272340424, -121.00376595744456, 159.46180851063855]","[-3717.905040425532, -817.625175106383, -121.0037659574482, 159.46180851063764]","[-3748.155981914894, -777.7597229787234, -121.00376595744638, 159.46180851063855]","[-3778.406923404256, -737.8942708510638, -121.00376595744831, 159.4618085106387]","[-3808.6578648936174, -698.0288187234041, -121.00376595744638, 159.46180851063855]","[-3838.908806382979, -658.1633665957447, -121.00376595744638, 159.46180851063764]","[-3869.1597478723406, -618.2979144680851, -121.00376595744638, 159.46180851063855]","[-3899.410689361703, -578.4324623404254, -121.00376595745001, 159.46180851063855]","[-3929.661630851064, -538.5670102127658, -121.00376595744274, 159.46180851063855]","[-3959.912572340426, -498.7015580851064, -121.0037659574482, 159.46180851063764]","[-3990.163513829788, -458.8361059574468, -121.0037659574482, 159.46180851063832]"
401,People,"[-4020.414455319149, -418.9706538297871, 0, 0]","[-4050.665396808511, -379.1052017021275, -121.0037659574482, 159.46180851063855]","[-4080.9163382978727, -339.2397495744681, -121.00376595744638, 159.46180851063764]","[-4111.167279787234, -299.37429744680844, -121.00376595744638, 159.46180851063855]","[-4141.418221276596, -259.5088453191488, -121.0037659574482, 159.46180851063855]","[-4171.6691627659575, -219.6433931914892, -121.00376595744456, 159.46180851063843]","[-4201.92010425532, -179.77794106382976, -121.00376595745183, 159.46180851063775]","[-4232.171045744681, -139.91248893617012, -121.00376595744092, 159.46180851063855]","[-4262.421987234043, -100.04703680851073, -121.00376595744831, 159.46180851063772]","[-4292.672928723405, -60.18158468085085, -121.0037659574482, 159.46180851063951]","[-4322.923870212766, -20.31613255319144, -121.00376595744456, 159.46180851063764]","[-4353.174811702128, 19.54931957446797, -121.0037659574482, 159.46180851063764]","[-4383.42575319149, 59.41477170212784, -121.0037659574482, 159.46180851063946]","[-4413.676694680851, 99.28022382978725, -121.00376595744456, 159.46180851063764]","[-4443.927636170213, 139.1456759574471, -121.0037659574482, 159.46180851063946]","[-4474.178577659575, 179.01112808510652, -121.0037659574482, 159.46180851063764]"
402,People,"[-4504.429519148936, 218.87658021276596, 0, 0]","[-4534.680460638298, 258.7420323404258, -121.0037659574482, 159.46180851063934]","[-4564.9314021276605, 298.6074844680852, -121.0037659574482, 159.46180851063764]","[-4595.182343617022, 338.4729365957446, -121.00376595744456, 159.46180851063764]","[-4625.433285106384, 378.3383887234045, -121.0037659574482, 159.46180851063946]","[-4655.684226595745, 418.2038408510639, -121.00376595744456, 159.46180851063764]","[-4685.935168085107, 458.06929297872375, -121.0037659574482, 159.46180851063946]","[-4716.186109574468, 497.9347451063832, -121.00376595744456, 159.46180851063787]","[-4746.43705106383, 537.8001972340426, -121.00376595744831, 159.46180851063755]","[-4561.87773, 577.48178, 738.2372842553195, 158.72633106382955]","[-4261.92486, 648.73425, 1199.8114800000003, 285.00988000000007]","[-3935.47415, 752.93686, 1305.8028400000003, 416.8104400000002]","[-3633.8683, 854.2073, 1206.4233999999997, 405.08176000000003]","[-3377.61052, 935.45579, 1025.0311199999996, 324.9939599999998]","[-3131.55244, 1036.75782, 984.232320000001, 405.20812000000024]","[-2901.43105, 1155.63472, 920.4855599999992, 475.5075999999999]"
403,People,"[-2658.03576, 1292.73429, 0, 0]","[-2402.52728, 1396.61505, 1022.0339200000017, 415.52304000000004]","[-2141.26981, 1487.16137, 1045.02988, 362.1852799999997]","[-1925.76592, 1620.36822, 862.0155599999989, 532.8274000000001]","[-1731.49882, 1782.074815, 777.0684000000001, 646.8263799999995]","[-1514.08765, 1937.27585, 869.6446800000003, 620.8041400000002]","[-1286.68997, 2021.10633, 909.5907200000001, 335.3219200000003]","[-1050.27439, 2103.07989, 945.6623199999995, 327.8942399999996]","[-806.19841, 2209.87878, 976.3039200000012, 427.1955600000005]","[-524.56864, 2311.95816, 1126.51908, 408.3175200000005]","[-249.79926, 2352.96882, 1099.0775199999998, 164.04263999999966]","[16.07475, 2362.67654, 1063.49604, 38.830879999999524]","[274.07871, 2365.63961, 1032.01584, 11.852280000000974]","[557.16276, 2347.99108, 1132.3362000000002, -70.59412000000157]","[814.69812, 2294.83742, 1030.1414399999999, -212.61463999999978]","[1063.53296, 2183.67763, 995.3393599999999, -444.6391599999988]"
404,People,"[1311.4448, 2084.40439, 0, 0]","[1571.43268, 2017.60895, 1039.9515199999996, -267.1817600000004]","[1862.06744, 1974.4395, 1162.5390400000006, -172.6778000000004]","[2148.79934, 1915.39829, 1146.9276, -236.16483999999946]","[2441.59686, 1872.22821, 1171.1900800000003, -172.6803200000004]","[2710.38834, 1897.26046, 1075.1659199999995, 100.1289999999999]","[2998.99799, 1960.98742, 1154.4385999999995, 254.90783999999985]","[3290.17361, 1992.53527, 1164.70248, 126.19140000000061]","[3608.58709, 1962.6309, 1273.6539200000018, -119.61747999999999]","[3916.8252677777778, 1923.1508111111111, 1232.952711111111, -157.92035555555594]","[4221.24607, 1884.63552, 1217.6832088888896, -154.06116444444433]","[4515.920796666666, 1809.6058366666664, 1178.6989066666647, -300.1187333333346]","[4839.63077, 1715.63456, 1294.8398933333337, -375.8851066666657]","[5157.2169, 1673.35626, 1270.3445200000024, -169.11319999999978]","[5476.82391, 1644.012256, 1278.4280399999989, -117.37601600000016]","[5799.309759565218, 1586.808239130435, 1289.9433982608716, -228.81606747826027]"
405,People,"[6109.61009, 1522.36888, 0, 0]","[6399.89927, 1512.24378, 1161.156719999999, -40.5003999999999]","[6405.801497149254, 1479.4409420597017, 23.608908597016125, -131.21135176119333]","[6359.5789818507465, 1440.0915159402985, -184.89006119402984, -157.39770447761293]","[6313.356466552239, 1400.7420898208954, -184.89006119402984, -157.39770447761202]","[6267.133951253732, 1361.3926637014924, -184.8900611940262, -157.39770447761202]","[6220.911435955224, 1322.0432375820894, -184.89006119403348, -157.39770447761202]","[6174.688920656717, 1282.6938114626864, -184.89006119402984, -157.39770447761202]","[6128.466405358209, 1243.3443853432834, -184.89006119403, -157.39770447761217]","[6082.243890059702, 1203.9949592238804, -184.89006119402984, -157.39770447761202]","[6036.021374761194, 1164.6455331044776, -184.89006119402984, -157.39770447761111]","[5989.798859462687, 1125.2961069850746, -184.89006119402984, -157.39770447761202]","[5943.576344164179, 1085.9466808656716, -184.89006119402984, -157.39770447761202]","[5897.353828865672, 1046.5972547462686, -184.89006119402984, -157.39770447761202]","[5851.131313567164, 1007.2478286268656, -184.89006119402984, -157.39770447761202]","[5804.908798268657, 967.8984025074626, -184.89006119402984, -157.39770447761202]"
406,People,"[5758.6862829701495, 928.5489763880596, 0, 0]","[5712.463767671642, 889.1995502686567, -184.89006119402984, -157.39770447761157]","[5666.241252373135, 849.8501241492537, -184.89006119402984, -157.39770447761202]","[5620.018737074627, 810.5006980298507, -184.89006119402984, -157.39770447761202]","[5573.79622177612, 771.1512719104477, -184.89006119402984, -157.39770447761202]","[5527.573706477612, 731.8018457910448, -184.89006119402984, -157.39770447761157]","[5481.351191179105, 692.4524196716418, -184.89006119402984, -157.39770447761202]","[5435.128675880597, 653.1029935522388, -184.89006119402984, -157.39770447761202]","[5388.90616058209, 613.7535674328358, -184.89006119403, -157.39770447761217]","[5342.683645283582, 574.4041413134329, -184.89006119402984, -157.39770447761157]","[5296.461129985075, 535.0547151940299, -184.89006119402984, -157.39770447761202]","[5250.238614686567, 495.7052890746269, -184.89006119402984, -157.39770447761202]","[5204.01609938806, 456.355862955224, -184.89006119402984, -157.39770447761157]","[5157.7935840895525, 417.006436835821, -184.89006119402984, -157.39770447761202]","[5111.571068791045, 377.657010716418, -184.89006119402984, -157.39770447761202]","[5065.348553492538, 338.30758459701497, -184.89006119402984, -157.39770447761202]"
407,People,"[5019.12603819403, 298.958158477612, 0, 0]","[4972.903522895523, 259.6087323582089, -184.89006119402984, -157.39770447761248]","[4926.681007597015, 220.25930623880595, -184.89006119402984, -157.3977044776118]","[4880.458492298508, 180.9098801194029, -184.89006119402984, -157.39770447761214]","[4834.235977, 141.56045400000016, -184.89006119402984, -157.397704477611]","[4788.013461701493, 102.21102788059716, -184.89006119402984, -157.39770447761202]","[4741.790946402985, 62.86160176119415, -184.89006119402984, -157.39770447761202]","[4695.568431104478, 23.512175641791146, -184.89006119402984, -157.39770447761202]","[4649.34591580597, -15.83725047761186, -184.89006119403, -157.39770447761217]","[4603.123400507463, -55.18667659701487, -184.89006119402984, -157.39770447761205]","[4556.900885208956, -94.53610271641789, -184.8900611940262, -157.39770447761205]","[4510.678369910448, -133.88552883582088, -184.89006119403348, -157.39770447761197]","[4464.455854611941, -173.23495495522388, -184.89006119402984, -157.39770447761202]","[4418.233339313433, -212.58438107462663, -184.89006119402984, -157.397704477611]","[4372.010824014926, -251.93380719402967, -184.89006119402984, -157.39770447761214]","[4325.788308716418, -291.2832333134327, -184.89006119402984, -157.39770447761202]"
408,People,"[4279.565793417911, -330.6326594328357, 0, 0]","[4233.343278119403, -369.9820855522387, -184.89006119402984, -157.39770447761202]","[4187.120762820896, -409.3315116716417, -184.89006119402984, -157.39770447761202]","[4140.898247522388, -448.6809377910447, -184.89006119402984, -157.39770447761202]","[4094.675732223881, -488.0303639104477, -184.89006119402984, -157.39770447761202]","[4048.453216925373, -527.3797900298507, -184.89006119403166, -157.39770447761202]","[4002.2307016268655, -566.7292161492537, -184.89006119402984, -157.39770447761202]","[3894.34519, -613.51777, -431.54204650746215, -187.1542154029853]","[3588.58339, -673.14837, -1223.047200000002, -238.52240000000003]","[3287.64236, -683.96629, -1203.7641199999998, -43.27167999999983]","[2971.04007, -670.57019, -1266.4091599999992, 53.58439999999973]","[2666.06754, -683.87398, -1219.89012, -53.21515999999974]","[2352.45766, -705.89366, -1254.43952, -88.07871999999998]","[2046.67255, -672.79021, -1223.1404400000001, 132.4137999999998]","[1749.9189, -584.95793, -1187.0146000000004, 351.3291199999999]","[1436.60633, -502.61825, -1253.2502799999993, 329.3587200000002]"
409,People,"[1114.6467, -420.59368, 0, 0]","[831.82792, -285.65557, -1131.2751200000002, 539.75244]","[615.6448, -108.92773, -864.7324799999997, 706.9113600000001]","[371.64703, 73.55491, -975.9910800000002, 729.93056]","[116.71013, 233.14788, -1019.7475999999999, 638.3718799999999]","[-112.66423, 385.709, -917.4974400000001, 610.2444800000001]","[-270.42716, 545.17272, -631.05172, 637.8548800000001]","[-412.09942, 738.45326, -566.68904, 773.1221599999999]","[-557.92839, 907.13899, -583.3158800000007, 674.7429200000007]","[-732.28008, 1058.15073, -697.4067599999998, 604.0469600000001]","[-928.44817, 1230.48104, -784.67236, 689.3212399999993]","[-1139.11176, 1422.27428, -842.65436, 767.1729600000008]","[-1386.00456, 1575.32397, -987.5712000000003, 612.1987599999993]","[-1662.99442, 1656.80418, -1107.9594399999996, 325.9208400000007]","[-1954.29218, 1688.81004, -1165.1910399999997, 128.02343999999994]","[-2224.29663, 1730.08689, -1080.0177999999996, 165.10739999999987]"
410,Robot,"[8591.414768436354, 425.422126696892, 0, 0]","[8466.47757038024, 421.4602405440097, -499.7487922244545, -15.847544611529202]","[8341.540372324127, 417.49835439112746, -499.7487922244545, -15.847544611528974]","[8216.603174268013, 413.5364682382452, -499.7487922244545, -15.847544611528974]","[8091.6659762119, 409.574582085363, -499.7487922244545, -15.847544611528974]","[7966.728778155786, 405.61269593248073, -499.7487922244545, -15.847544611528974]","[7841.791580099672, 401.6508097795985, -499.74879222445816, -15.847544611528974]","[7716.854382043559, 397.68892362671625, -499.7487922244509, -15.847544611528974]","[7591.917183987445, 393.727037473834, -499.748792224455, -15.847544611528988]","[7466.979985931332, 389.76515132095176, -499.7487922244545, -15.847544611528974]","[7342.042787875218, 385.8032651680695, -499.7487922244545, -15.847544611528974]","[7217.105589819104, 381.8413790151873, -499.7487922244545, -15.847544611528974]","[7092.168391762991, 377.879492862305, -499.7487922244545, -15.847544611528974]","[6967.231193706877, 373.9176067094228, -499.7487922244545, -15.847544611528974]","[6842.293995650764, 369.9557205565405, -499.7487922244509, -15.847544611529202]","[6717.35679759465, 365.9938344036583, -499.74879222445816, -15.847544611528747]"
411,Robot,"[6592.419599538536, 362.03194825077605, 0, 0]","[6467.482401482423, 358.0700620978938, -499.7487922244545, -15.847544611528974]","[6342.545203426309, 354.1081759450116, -499.7487922244545, -15.847544611528747]","[6217.608005370195, 350.1462897921286, -499.7487922244545, -15.847544611532157]","[6092.670807314082, 346.18440363924555, -499.7487922244545, -15.847544611532157]","[5967.733609257968, 342.22251748636245, -499.7487922244545, -15.847544611532385]","[5842.882383662332, 337.51240512726787, -499.4049023825428, -18.84044943637832]","[5717.943182968394, 333.61418374340565, -499.7568027757552, -15.592885535448886]","[5593.003982274455, 329.7159623595434, -499.75680277575566, -15.5928855354489]","[5468.064781580516, 325.8177409756812, -499.7568027757552, -15.592885535448886]","[5343.125580886577, 321.919519591819, -499.7568027757552, -15.592885535448886]","[5218.186380192638, 318.0212982079568, -499.7568027757552, -15.592885535448659]","[5093.2471794987, 314.12307682409454, -499.7568027757552, -15.592885535449113]","[4968.307978804761, 310.2248554402323, -499.7568027757552, -15.592885535448886]","[4843.368778110822, 306.3266340563701, -499.7568027757552, -15.592885535448886]","[4718.429577416883, 302.4284126725079, -499.7568027757552, -15.592885535448886]"
412,Robot,"[4596.246675923845, 321.1451494775398, 0, 0]","[4475.901307231407, 354.93852507516783, -481.38147476975064, 135.1735023905121]","[4355.55593853897, 388.7319006727959, -481.38147476975064, 135.17350239051234]","[4235.210569846532, 422.5252762704239, -481.38147476975064, 135.17350239051189]","[4114.865201154094, 456.3186518680519, -481.38147476975064, 135.1735023905121]","[3994.5198324616567, 490.11202746568, -481.38147476975064, 135.17350239051234]","[3874.174463769219, 523.905403063308, -481.38147476975064, 135.17350239051189]","[3753.829095076781, 557.698778660936, -481.38147476975246, 135.1735023905121]","[3633.483726384344, 591.492154258564, -481.38147476974746, 135.17350239051223]","[3513.138357691906, 625.285529856192, -481.38147476975246, 135.1735023905121]","[3392.7929889994684, 659.0789054538201, -481.38147476975064, 135.1735023905121]","[3272.447620307031, 692.8722810514481, -481.38147476975064, 135.1735023905121]","[3152.102251614593, 726.6656566490761, -481.38147476975064, 135.1735023905121]","[3031.7568829221555, 760.4590322467042, -481.38147476975064, 135.1735023905121]","[2911.411514229718, 794.2524078443322, -481.38147476975064, 135.1735023905121]","[2791.06614553728, 828.0457834419602, -481.38147476975064, 135.1735023905121]"
413,Robot,"[2670.7207768448425, 861.8391590395883, 0, 0]","[2550.375408152405, 895.6325346372163, -481.38147476975064, 135.1735023905121]","[2430.030039459967, 929.4259102348444, -481.38147476975064, 135.17350239051257]","[2309.684670767529, 963.2192858324725, -481.38147476975246, 135.1735023905121]","[2189.339302075092, 997.0126614301004, -481.3814747697488, 135.17350239051166]","[2068.993933382654, 1030.8060370277285, -481.38147476975064, 135.17350239051257]","[1948.6485646902213, 1064.5994126253563, -481.38147476973154, 135.1735023905112]","[1828.303195997789, 1098.3927882229846, -481.3814747697288, 135.17350239051302]","[1707.9578273053571, 1132.1861638206126, -481.38147476972836, 135.17350239051223]","[1587.6124586129254, 1165.9795394182406, -481.381474769727, 135.1735023905121]","[1467.2670899204934, 1199.7729150158686, -481.3814747697279, 135.1735023905121]","[1346.9217212280614, 1233.566290613497, -481.3814747697279, 135.17350239051302]","[1226.5763525356294, 1267.3596662111247, -481.3814747697279, 135.1735023905112]","[1106.2309838431977, 1301.1530418087527, -481.381474769727, 135.1735023905121]","[985.8856151507656, 1334.9464174063808, -481.38147476972836, 135.1735023905121]","[865.5402464583335, 1368.7397930040088, -481.38147476972836, 135.1735023905121]"
414,Robot,"[745.1948777659015, 1402.5331686016368, 0, 0]","[624.8495090734696, 1436.3265441992648, -481.3814747697279, 135.1735023905121]","[504.5041403810376, 1470.1199197968929, -481.3814747697279, 135.1735023905121]","[384.1587716886056, 1503.913295394521, -481.3814747697279, 135.1735023905121]","[263.81340299617364, 1537.706670992149, -481.3814747697279, 135.1735023905121]","[143.4680343037411, 1571.500046589777, -481.3814747697302, 135.1735023905121]","[23.12266561130886, 1605.2934221874068, -481.3814747697289, 135.1735023905194]","[-99.00343357269772, 1618.8017778816743, -488.5043967360263, 54.03342277706997]","[-223.395917018708, 1606.4928355171164, -497.56993378404155, -49.23576945823156]","[-347.7884004647183, 1594.1838931525583, -497.56993378404115, -49.235769458232426]","[-472.1808839107285, 1581.8749507880002, -497.5699337840408, -49.235769458232426]","[-596.5733673567388, 1569.566008423442, -497.56993378404127, -49.235769458232426]","[-720.9658508027491, 1557.257066058884, -497.56993378404104, -49.235769458232426]","[-845.3583342487593, 1544.948123694326, -497.56993378404104, -49.235769458232426]","[-969.7508176947696, 1532.6391813297678, -497.56993378404104, -49.235769458232426]","[-1094.1433011407814, 1520.3302389652097, -497.5699337840474, -49.235769458232426]"
415,Robot,"[-1218.5357845867943, 1508.0212966006516, 0, 0]","[-1342.9282680328076, 1495.7123542360937, -497.5699337840533, -49.235769458231516]","[-1467.3207514788207, 1483.4034118715354, -497.5699337840524, -49.235769458233335]","[-1591.7132349248338, 1471.0944695069772, -497.5699337840524, -49.235769458232426]","[-1716.105718370847, 1458.7855271424191, -497.5699337840524, -49.235769458232426]","[-1840.49820181686, 1446.476584777861, -497.5699337840524, -49.235769458232426]","[-1964.8906852628727, 1434.167642413303, -497.5699337840506, -49.235769458232426]","[-2089.283168708886, 1421.8587000487448, -497.5699337840533, -49.235769458232426]","[-2213.675652154899, 1409.5497576841867, -497.56993378405286, -49.23576945823247]","[-2338.068135600912, 1397.2408153196286, -497.5699337840506, -49.235769458232426]","[-2462.4606190469253, 1384.9318729550705, -497.56993378405423, -49.235769458232426]","[-2586.8531024929384, 1372.6229305905124, -497.5699337840524, -49.235769458232426]","[-2711.2455859389515, 1360.3139882259543, -497.5699337840524, -49.235769458232426]","[-2835.6380693849646, 1348.0050458613962, -497.5699337840524, -49.235769458232426]","[-2960.0305528309777, 1335.696103496838, -497.5699337840524, -49.235769458232426]","[-3084.423036276991, 1323.38716113228, -497.5699337840524, -49.235769458232426]"
416,Robot,"[-3208.815519723004, 1311.078218767722, 0, 0]","[-3333.208003169017, 1298.7692764031638, -497.5699337840524, -49.235769458233335]","[-3457.60048661503, 1286.4603340386057, -497.5699337840524, -49.235769458232426]","[-3581.9929700610437, 1274.1513916740453, -497.56993378405423, -49.23576945824152]","[-3706.385453507056, 1261.8424493094842, -497.56993378404877, -49.23576945824425]","[-3830.7779369530695, 1249.533506944923, -497.56993378405423, -49.23576945824516]","[-3955.1843143708775, 1238.029787079579, -497.62550967123207, -46.01487946137604]","[-4079.651095244887, 1232.3471132135342, -497.8671234960384, -22.730695464179007]","[-4204.512753571555, 1235.022161990919, -499.4466333066707, 10.70019510953899]","[-4328.717593481483, 1221.9040316922883, -496.8193596397141, -52.472521194522415]","[-4452.667199107109, 1205.7332164607235, -495.79842250250294, -64.68326092625921]","[-4576.616804732735, 1189.5624012291587, -495.79842250250294, -64.68326092625921]","[-4700.574446133747, 1176.2180796284574, -495.8305656040502, -53.37728640280511]","[-4824.812122587277, 1184.105754307833, -496.95070581412074, 31.5506987175022]","[-4949.23285629226, 1196.12578027758, -497.6829348199317, 48.08010387898776]","[-5073.653589997243, 1208.1458062473268, -497.6829348199317, 48.08010387898776]"
417,Robot,"[-5198.074323702226, 1220.1658322170738, 0, 0]","[-5322.495057407209, 1232.1858581868207, -497.6829348199317, 48.08010387898776]","[-5446.915791112192, 1244.2058841565677, -497.6829348199317, 48.08010387898776]","[-5571.336524817175, 1256.2259101263146, -497.6829348199317, 48.08010387898776]","[-5695.757258522158, 1268.2459360960615, -497.6829348199317, 48.08010387898776]","[-5820.177992227141, 1280.2659620658085, -497.6829348199317, 48.08010387898776]","[-5944.598725932124, 1292.2859880355554, -497.6829348199317, 48.08010387898776]","[-6069.019459637107, 1304.3060140053024, -497.6829348199317, 48.08010387898776]","[-6193.4401933420895, 1316.3260399750493, -497.68293481993214, 48.0801038789878]","[-6317.860927047072, 1328.3460659447962, -497.6829348199317, 48.08010387898776]","[-6442.281660752055, 1340.3660919145432, -497.6829348199317, 48.08010387898776]","[-6566.702394457038, 1352.38611788429, -497.6829348199317, 48.08010387898685]","[-6691.123128162021, 1364.406143854037, -497.6829348199317, 48.080103878988666]","[-6815.543861867004, 1376.426169823784, -497.6829348199317, 48.08010387898776]","[-6939.964595571987, 1388.446195793531, -497.6829348199317, 48.08010387898776]","[-7064.38532927697, 1400.466221763278, -497.6829348199317, 48.080103878988666]"
418,Robot,"[-7188.806062981953, 1412.4862477330248, 0, 0]","[-7313.226796686936, 1424.5062737027718, -497.6829348199317, 48.08010387898776]","[-7437.647530391919, 1436.5262996725187, -497.6829348199317, 48.08010387898776]","[-7562.068264096902, 1448.546325642266, -497.6829348199317, 48.080103878989576]","[-7686.488997801885, 1460.5663516120158, -497.6829348199317, 48.08010387899867]","[-7710.122391384509, 1441.4766420924286, -94.53357433049678, -76.35883807834853]","[-7600.854032475301, 1380.768934663414, 437.07343563683025, -242.83082971605836]","[-7491.585673566094, 1320.0612272343994, 437.07343563683025, -242.83082971605836]","[-7382.317314656886, 1259.3535198053848, 437.07343563683065, -242.8308297160586]","[-7273.0489557476785, 1198.6458123763728, 437.07343563683025, -242.83082971604836]","[-7163.780596838471, 1137.938104947364, 437.07343563683025, -242.8308297160347]","[-7054.512237929263, 1077.230397518355, 437.07343563683025, -242.83082971603653]","[-6945.243879020056, 1016.5226900893456, 437.07343563683025, -242.83082971603744]","[-6835.975520110848, 955.8149826603338, 437.07343563683025, -242.830829716047]","[-6726.707161201641, 895.1072752313221, 437.07343563683025, -242.830829716047]","[-6617.438802292433, 834.3995678023113, 437.07343563683025, -242.83082971604335]"
419,Robot,"[-6508.170443383226, 773.6918603733023, 0, 0]","[-6398.902084474018, 712.9841529442934, 437.07343563683025, -242.83082971603562]","[-6289.63372556481, 652.2764455152845, 437.07343563683025, -242.83082971603562]","[-6180.365366655602, 591.5687380862756, 437.0734356368339, -242.83082971603562]","[-6071.097007746383, 530.8610306572667, 437.07343563687755, -242.83082971603562]","[-5961.828648837163, 470.1533232282578, 437.07343563687755, -242.83082971603562]","[-5852.560289927944, 409.4456157992489, 437.07343563687755, -242.83082971603562]","[-5743.291931018724, 348.73790837024, 437.07343563687755, -242.83082971603562]","[-5634.023572109505, 288.0302009412311, 437.07343563687795, -242.83082971603585]","[-5524.830902092891, 227.31093642517897, 436.7706800664564, -242.87705806420854]","[-5420.364753888741, 208.5749807110822, 417.86459281660063, -74.9438228563871]","[-5322.993229198654, 203.1621399936936, 389.48609876034607, -21.65136286955442]","[-5225.660036823466, 210.2554897048253, 389.3327695007538, 28.373398844526832]","[-5117.10019167371, 227.632504836305, 434.239380599025, 69.50806052591884]","[-5006.322224119401, 245.9932954844197, 443.11187021723526, 73.44316259245875]","[-4896.057156694819, 264.2240140523036, 441.060269698326, 72.92287427153553]"
420,Robot,"[-4786.336757994761, 282.3166038580798, 0, 0]","[-4677.195146725105, 300.2624123494799, 436.5664450786244, 71.7832339656004]","[-4568.668964577622, 318.0521471414312, 434.10472858992944, 71.1589391678051]","[-4460.797556437455, 335.6758303151815, 431.48563256067064, 70.49473269500118]","[-4385.034718814509, 345.179133265162, 303.0513504917835, 38.013211799922146]","[-4277.836254967274, 361.2190034853391, 428.79385538893985, 64.15948088070832]","[-4162.495173881125, 362.7400421634335, 461.36432434459493, 6.08415471237754]","[-4042.489390089628, 334.5735017921643, 480.0231351659877, -112.66616148507683]","[-3923.154066154047, 297.37026992730074, 477.3412957423247, -148.8129274594543]","[-3803.818742218465, 260.1670380624372, 477.34129574232793, -148.81292745945416]","[-3684.483418282884, 222.963806197573, 477.3412957423243, -148.81292745945677]","[-3565.148094347302, 185.7605743327088, 477.34129574232793, -148.81292745945677]","[-3445.8127704117205, 148.5573424678445, 477.3412957423261, -148.81292745945723]","[-3326.477446476139, 111.35411060298026, 477.3412957423261, -148.812927459457]","[-3207.142122540557, 74.150878738116, 477.34129574232793, -148.812927459457]","[-3087.806798604976, 36.94764687325162, 477.3412957423243, -148.81292745945754]"
421,Robot,"[-2968.4714746693944, -0.2555849916128698, 0, 0]","[-2849.136150733813, -37.45881685647741, 477.3412957423261, -148.81292745945817]","[-2729.800826798232, -74.66204872134202, 477.3412957423243, -148.81292745945842]","[-2610.46550286265, -111.86528058620662, 477.34129574232793, -148.81292745945842]","[-2491.1301789270683, -149.06851245107143, 477.3412957423261, -148.81292745945922]","[-2371.794854991487, -186.2717443159364, 477.3412957423261, -148.81292745945984]","[-2252.459531055905, -223.47497618080132, 477.34129574232793, -148.81292745945973]","[-2133.124207120324, -260.67820804566634, 477.3412957423225, -148.81292745946007]","[-2013.788883184744, -297.8814399105313, 477.34129574232105, -148.81292745945998]","[-1894.453559249168, -335.08467177539626, 477.3412957423043, -148.81292745945984]","[-1775.1675214166671, -372.4413166034172, 477.1441513300033, -149.42657931208373]","[-1656.497813306365, -411.4220849917424, 474.6788324412082, -155.9230735533008]","[-1543.7404074452618, -463.7523145866321, 451.0296234444131, -209.32091837955886]","[-1423.592346106856, -464.15738348610427, 480.5922453536232, -1.6202755978886216]","[-1305.107284161339, -425.1029172593021, 473.9402477820677, 156.21786490720865]","[-1194.7714404629046, -366.8300603269688, 441.3433747937379, 233.0914277293332]"
422,Robot,"[-1084.2503261019872, -308.72669662012777, 0, 0]","[-967.430818720062, -264.2580703733383, 467.2780295277007, 177.87450498715793]","[-878.6257264450328, -193.3254955378832, 355.22036910011684, 283.73029934182034]","[-858.3646617280584, -69.98506493231845, 81.0442588678975, 493.361722422259]","[-876.1876566867442, 51.88242416942068, -71.29197983474296, 487.4699564069565]","[-878.0794975289725, 60.26650938310584, -7.567363368913448, 33.536340854740644]","[-861.2744155672656, 40.10169509523077, 67.22032784682779, -80.6592571515003]","[-846.1209509428306, 19.693551174290437, 60.613858497739784, -81.63257568376132]","[-820.7620212627879, -77.66736222224172, 101.43571872017091, -389.44365358612896]","[-791.8799192794601, -199.28489461385345, 115.52840793331143, -486.47012956644693]","[-762.9978172961322, -320.90242700546526, 115.52840793331143, -486.4701295664472]","[-722.6276780502246, -429.1010954023932, 161.48055698363032, -432.7946735877117]","[-598.0119322120657, -438.89476117163895, 498.46298335263555, -39.17466307698305]","[-473.3961863739073, -448.6884269408847, 498.4629833526337, -39.17466307698305]","[-348.78044053574985, -458.4820927101305, 498.46298335262986, -39.17466307698305]","[-224.1646946975924, -468.2757584793762, 498.46298335262975, -39.174663076982824]"
423,Robot,"[-99.54894885943492, -478.069424248622, 0, 0]","[25.066796978722675, -487.86309001786776, 498.4629833526304, -39.17466307698305]","[149.6825428168802, -497.6567557871135, 498.46298335263003, -39.17466307698305]","[274.30167532078843, -507.4057168186156, 498.476530015633, -38.99584412600825]","[398.7183037686713, -519.2480196487473, 497.66651379153154, -47.36921132052703]","[521.5396871445994, -541.8738216788798, 491.28553350371226, -90.50320812052996]","[638.8147974500629, -583.8261964950977, 469.100441221854, -167.80949926487165]","[752.0613331877411, -635.5252592209166, 452.98614295071275, -206.79625090327545]","[876.684789557565, -644.1209455667808, 498.493825479296, -34.38274538345698]","[1001.500535414304, -650.9054563247935, 499.262983426956, -27.13804303205052]","[1123.9737777704709, -673.3224714650828, 489.8929694246676, -89.66806056115729]","[1245.5499093308326, -702.0905452418008, 486.3045262414471, -115.07229510687193]","[1369.4601947277156, -715.303239433721, 495.6411415875318, -52.850776767681054]","[1494.358044210454, -720.3556838507702, 499.59139793095346, -20.209777668196693]","[1619.2558936931923, -725.4081282678194, 499.59139793095346, -20.209777668196693]","[1744.153743175931, -730.4605726848686, 499.5913979309544, -20.209777668196693]"
424,Robot,"[1869.051592658669, -735.5130171019177, 0, 0]","[1968.199248211969, -701.7533381134683, 396.5906222131998, 135.0387159537977]","[1993.0099557698964, -614.3744794495383, 99.24283023170938, 349.5154346557201]","[2117.5117925785667, -625.5231399639946, 498.0073472346812, -44.59464205782524]","[2242.0136293872342, -636.6718004784509, 498.0073472346703, -44.59464205782524]","[2366.515466195902, -647.8204609929072, 498.0073472346703, -44.59464205782524]","[2491.0173030045694, -658.9691215073635, 498.0073472346703, -44.59464205782524]","[2615.519139813237, -670.1177820218198, 498.0073472346703, -44.59464205782524]","[2740.0209766219045, -681.2664425362761, 498.00734723467076, -44.59464205782528]","[2864.522813430572, -692.4151030507325, 498.0073472346703, -44.59464205782524]","[2989.02465023924, -703.5637635651888, 498.0073472346721, -44.59464205782524]","[3113.5264870479077, -714.7124240796451, 498.0073472346703, -44.59464205782524]","[3238.028323856575, -725.8610845941014, 498.0073472346685, -44.59464205782524]","[3362.5301606652424, -737.0097451085577, 498.0073472346703, -44.59464205782524]","[3487.03199747391, -748.158405623014, 498.0073472346703, -44.59464205782524]","[3611.5338342825776, -759.3070661374703, 498.0073472346703, -44.59464205782524]"
425,Robot,"[3736.035671091245, -770.4557266519266, 0, 0]","[3860.5375078999127, -781.6043871663829, 498.0073472346703, -44.59464205782524]","[3985.03934470858, -792.7530476808377, 498.0073472346685, -44.594642057818874]","[4109.541181517248, -803.9017081952921, 498.00734723467394, -44.594642057817964]","[4234.043018325916, -815.0503687097465, 498.0073472346703, -44.59464205781751]","[4357.391996946908, -800.7368611439496, 493.3959144839682, 57.254030263187815]","[4480.376915087581, -778.3826689212311, 491.9396725626939, 89.41676889087375]","[4603.361833228255, -756.0284766985127, 491.9396725626939, 89.41676889087375]","[4726.346751368928, -733.6742844757943, 491.93967256269434, 89.41676889087384]","[4849.331669509602, -711.3200922530758, 491.9396725626939, 89.41676889087375]","[4972.316587650275, -688.9659000303574, 491.9396725626939, 89.41676889087375]","[5095.301505790949, -666.6117078076389, 491.9396725626939, 89.41676889087375]","[5218.286423931622, -644.2575155849205, 491.9396725626939, 89.41676889087375]","[5341.271342072296, -621.9033233622021, 491.9396725626939, 89.41676889087375]","[5453.941211081177, -585.451253484902, 450.679476035526, 145.80827950920002]","[5558.754022900196, -578.3442831998327, 419.25124727607545, 28.42788114027735]"
426,Robot,"[5681.459979835408, -559.7628323026466, 0, 0]","[5803.941084654845, -543.8416785837039, 489.9244192777478, 63.684614875770876]","[5923.92260936182, -558.5659559685922, 479.9260988278984, -58.897109539553185]","[6045.280509779657, -536.346386499821, 485.4316016713492, 88.87827787508468]","[6152.865487570384, -517.8019156712757, 430.3399111629078, 74.1778833141816]","[6273.667587089969, -515.1772639874412, 483.2083980783391, 10.498606735337944]","[6391.55132846721, -550.1036940321642, 471.53496550896307, -139.70572017889208]","[6515.9347127258, -540.8860586452553, 497.53353703436005, 36.87054154763564]","[6640.044804873811, -530.8067460156057, 496.4403685920447, 40.31725051859852]","[6763.9182419371855, -520.7486884081279, 495.4937482534988, 40.23223042991094]","[6887.41426883151, -510.7757943639593, 493.9841075772965, 39.89157617667456]","[7008.976142796914, -490.3973360535734, 486.2474958616185, 81.51383324154358]","[7126.925160274832, -449.0085782080659, 471.7960699116702, 165.55503138202994]","[7244.874177752749, -407.6198203625584, 471.7960699116702, 165.55503138202994]","[7362.823195230667, -366.2310625170509, 471.7960699116702, 165.55503138203017]","[7480.772212708584, -324.84230467154345, 471.7960699116702, 165.5550313820297]"
427,Robot,"[7598.5661624897075, -283.5414298587438, 0, 0]","[7716.51227826125, -242.14440370463737, 471.7844630861691, 165.58810461642577]","[7766.442670119559, -159.8288896259133, 199.7215674332365, 329.2620563148963]","[7819.252447126352, -122.36598709824068, 211.23910802717364, 149.85161011069044]","[7786.840496325007, -164.81722596095426, -129.64780320538193, -169.80495545085432]","[7756.148027652504, -205.3194261762895, -122.7698746900096, -162.008800861341]","[7727.142272173098, -243.92284471272436, -116.02302191762647, -154.41367414573938]","[7699.778041099003, -280.67835189222995, -109.45692429638075, -147.0220287180224]","[7651.588096622848, -303.95615268336314, -192.75977790461928, -93.11120316453284]","[7540.2818789073635, -265.2296411415199, -445.22487086193723, 154.906046167373]","[7424.432511691303, -218.28367096686523, -463.3974688642411, 187.78388069861865]","[7308.583144475243, -171.33770079221011, -463.3974688642411, 187.78388069862046]","[7192.733777259183, -124.391730617555, -463.3974688642411, 187.78388069862046]","[7076.884410043122, -77.44576044289988, -463.3974688642411, 187.78388069862046]","[6961.035042827062, -30.499790268244634, -463.3974688642411, 187.78388069862098]","[6845.185675611002, 16.446179906410812, -463.3974688642411, 187.78388069862177]"
428,Robot,"[6729.336308394942, 63.39215008106645, 0, 0]","[6613.486941178881, 110.33812025572227, -463.3974688642411, 187.7838806986233]","[6497.637573962821, 157.28409043037848, -463.3974688642411, 187.78388069862484]","[6381.788206746761, 204.23006060503505, -463.3974688642411, 187.78388069862626]","[6265.9388395307005, 251.1760307796917, -463.3974688642411, 187.7838806986266]","[6150.08947231464, 298.12200095434895, -463.3974688642411, 187.783880698629]","[6034.24010509858, 345.0679711290068, -463.3974688642411, 187.7838806986315]","[5910.945842745706, 359.69868420770365, -493.17704941149714, 58.522852314787315]","[5786.233505128676, 368.1741102205031, -498.8493504681178, 33.90170405119787]","[5661.521167511647, 376.64953623330246, -498.84935046811734, 33.901704051197385]","[5536.808829894618, 385.12496224610186, -498.84935046811734, 33.90170405119761]","[5412.096492277588, 393.60038825890126, -498.84935046811734, 33.90170405119761]","[5287.384154660559, 402.0758142717007, -498.84935046811734, 33.90170405119784]","[5162.67181704353, 410.55124028450007, -498.84935046811734, 33.901704051197385]","[5037.9594794265, 419.0266662972994, -498.84935046811734, 33.901704051197385]","[4913.247141809471, 427.5020923100989, -498.84935046811734, 33.90170405119784]"
429,Robot,"[4788.534804192442, 435.9775183228983, 0, 0]","[4663.822466575412, 444.4529443356977, -498.84935046811734, 33.90170405119761]","[4539.110128958383, 452.9283703484971, -498.84935046811734, 33.90170405119761]","[4414.397791341354, 461.4037963612965, -498.84935046811734, 33.90170405119761]","[4289.904289740158, 470.1827905523224, -497.9740064047837, 35.11597676410361]","[4207.527378611215, 491.9636082978845, -329.507644515772, 87.12327098224841]","[4120.974945350373, 417.0351507081545, -346.20973304336803, -299.71383035891995]","[4062.8060203572713, 307.25025883379044, -232.6756999724057, -439.13956749745626]","[4017.129399957928, 191.01043846859596, -182.70648159737374, -464.9592814607783]","[3962.2330183458935, 82.93356826284929, -219.5855264481379, -432.3074808229867]","[3895.6903950686287, -6.343626183570281, -266.17049310905895, -357.1087777856783]","[3842.1453470243887, -114.93269667507246, -214.1801921769602, -434.35628196600874]","[3807.506356939965, -234.7735639994114, -138.55596033769507, -479.3634692973558]","[3772.5401925422575, -348.99278355234, -139.86465759082967, -456.87687821171426]","[3703.2963158568778, -406.6926999329589, -276.975506741519, -230.7996655224756]","[3587.1874166859548, -360.411383556388, -464.435596683692, 185.12526550628354]"
430,Robot,"[3471.077182398684, -314.1143696812407, 0, 0]","[3354.966948111413, -267.8173558060934, -464.44093714908377, 185.18805550058914]","[3238.856713824142, -221.52034193094613, -464.44093714908377, 185.18805550058914]","[3122.746479536871, -175.2233280557984, -464.44093714908377, 185.18805550059096]","[3006.6362452496, -128.9263141806504, -464.44093714908377, 185.188055500592]","[2890.526010962329, -82.62930030550275, -464.44093714908377, 185.18805550059056]","[2774.415776675058, -36.332286430355005, -464.44093714908377, 185.188055500591]","[2658.305542387787, 9.964727444792818, -464.44093714908377, 185.1880555005913]","[2542.1953081005163, 56.261741319940654, -464.44093714908416, 185.18805550059153]","[2426.0850738132453, 102.55875519508864, -464.44093714908377, 185.18805550059193]","[2309.9748395259744, 148.85576907023665, -464.44093714908377, 185.18805550059204]","[2193.8646052387035, 195.15278294538464, -464.44093714908377, 185.188055500592]","[2077.7543709514325, 241.44979682053264, -464.44093714908377, 185.188055500592]","[1961.7169771577032, 287.9192443683512, -464.1495751749171, 185.87779019127424]","[1845.967069458532, 335.08530997280445, -462.99963079668487, 188.664262417813]","[1729.8037781144774, 381.24903755319536, -464.65316537621857, 184.65491032156365]"
431,Robot,"[1614.0489873221557, 428.1958375146392, 0, 0]","[1507.6417765232432, 493.6451729289552, -425.62884319565, 261.79734165726404]","[1390.6662851543983, 537.435457387054, -467.90196547537926, 175.1611378323953]","[1272.707875586306, 578.7974400784783, -471.83363827236917, 165.44793076569704]","[1154.5949853190775, 619.6522228276865, -472.4515610689141, 163.4191309968328]","[1041.3551085653237, 672.4041113476127, -452.95950701501533, 211.00755407970473]","[919.3452464163394, 696.6116637823812, -488.0394485959373, 96.83020973907423]","[795.3209282537849, 712.1991107931489, -496.09727265021775, 62.349788043070475]","[671.2966100912305, 727.7865578039165, -496.0972726502182, 62.34978804307053]","[547.272291928676, 743.3740048146841, -496.09727265021775, 62.349788043070475]","[423.2479737661216, 758.9614518254517, -496.09727265021775, 62.349788043070475]","[299.2236556035672, 774.5488988362193, -496.09727265021775, 62.349788043070475]","[175.19933744101274, 790.136345846987, -496.09727265021775, 62.349788043070475]","[51.17501927845829, 805.7237928577546, -496.09727265021786, 62.349788043070475]","[-72.84929888409627, 821.3112398685219, -496.0972726502182, 62.34978804306911]","[-196.8736170466507, 836.898686879288, -496.09727265021775, 62.349788043064564]"
432,Robot,"[-320.8979352092052, 852.4861338900541, 0, 0]","[-444.9222533717596, 868.0735809008204, -496.09727265021775, 62.34978804306502]","[-568.9465715343141, 883.6610279115866, -496.097272650218, 62.34978804306502]","[-692.9708896968685, 899.2484749223528, -496.09727265021775, 62.349788043064564]","[-816.995207859423, 914.8359219331188, -496.09727265021775, 62.34978804306411]","[-941.0195260219774, 930.4233689438852, -496.09727265021775, 62.34978804306547]","[-1065.043844184532, 946.0108159546512, -496.0972726502182, 62.34978804306411]","[-1189.0681623470864, 961.5982629654176, -496.09727265021775, 62.34978804306547]","[-1313.0924805096408, 977.1857099761836, -496.0972726502182, 62.349788043064166]","[-1437.1167986721953, 992.77315698695, -496.09727265021775, 62.34978804306547]","[-1561.1411168347497, 1008.360603997716, -496.09727265021775, 62.34978804306411]","[-1685.165434997304, 1023.9480510084824, -496.09727265021684, 62.34978804306547]","[-1809.1897531598584, 1039.53549801925, -496.09727265021775, 62.34978804307093]","[-1933.214071322413, 1055.1229450300175, -496.09727265021866, 62.349788043069566]","[-2057.238389484968, 1070.710392040785, -496.0972726502205, 62.349788043070475]","[-2181.262707647528, 1086.2978390515527, -496.09727265023866, 62.349788043070475]"
433,Robot,"[-2305.287025810088, 1101.8852860623203, 0, 0]","[-2429.311343972648, 1117.472733073088, -496.0972726502405, 62.349788043070475]","[-2553.335662135208, 1133.0601800838556, -496.0972726502405, 62.349788043070475]","[-2677.3599802977683, 1148.6476270946232, -496.0972726502405, 62.349788043070475]","[-2801.3842984603284, 1164.2350741053908, -496.0972726502405, 62.349788043070475]","[-2925.4086166228885, 1179.8225211161584, -496.0972726502405, 62.349788043070475]","[-3049.4329347854487, 1195.409968126926, -496.0972726502405, 62.349788043070475]","[-3173.4572529480088, 1210.9974151376937, -496.0972726502405, 62.349788043070475]","[-3297.481571110569, 1226.58486214846, -496.09727265024094, 62.349788043065075]","[-3421.505889273129, 1242.1723091592253, -496.0972726502405, 62.34978804306138]","[-3545.530207435689, 1257.7597561699909, -496.0972726502405, 62.34978804306229]","[-3669.554525598249, 1273.3472031807564, -496.09727265023866, 62.34978804306229]","[-3793.5788437608094, 1288.9346501915218, -496.0972726502423, 62.34978804306138]","[-3917.790602292452, 1302.6061187315167, -496.8470341265711, 54.6858741599799]","[-4042.484350344593, 1311.3507854895306, -498.7749922085641, 34.978667032055455]","[-4167.178098396735, 1320.0954522475445, -498.7749922085659, 34.978667032055455]"
434,Robot,"[-4291.871846448876, 1328.8401190055583, 0, 0]","[-4416.565594501017, 1337.5847857635722, -498.7749922085641, 34.978667032055455]","[-4541.259342553158, 1346.329452521586, -498.7749922085641, 34.978667032055455]","[-4665.953090605299, 1355.0741192796, -498.7749922085641, 34.978667032055455]","[-4790.64683865744, 1363.8187860376138, -498.7749922085641, 34.978667032055455]","[-4915.340586709581, 1372.5634527956277, -498.7749922085641, 34.978667032055455]","[-5040.034334761722, 1381.3081195536415, -498.7749922085641, 34.978667032055455]","[-5164.728082813863, 1390.0527863116554, -498.7749922085641, 34.978667032055455]","[-5289.421830866004, 1398.7974530696692, -498.7749922085645, 34.97866703205548]","[-5414.115578918145, 1407.542119827683, -498.7749922085641, 34.978667032055455]","[-5538.809326970286, 1416.286786585697, -498.7749922085641, 34.978667032055455]","[-5663.503075022427, 1425.0314533437108, -498.7749922085641, 34.978667032055455]","[-5788.196823074568, 1433.7761201017247, -498.7749922085641, 34.978667032055455]","[-5912.890571126709, 1442.5207868597386, -498.7749922085641, 34.978667032055455]","[-6037.58431917885, 1451.2654536177524, -498.7749922085641, 34.978667032055455]","[-6162.278067230991, 1460.0101203757663, -498.7749922085641, 34.978667032055455]"
435,Robot,"[-6286.971815283132, 1468.7547871337802, 0, 0]","[-6411.665563335273, 1477.499453891794, -498.7749922085641, 34.978667032055455]","[-6536.359311387414, 1486.244120649808, -498.7749922085641, 34.978667032056364]","[-6661.053059439555, 1494.9887874078215, -498.7749922085641, 34.978667032053636]","[-6785.746807491696, 1503.7334541658356, -498.7749922085641, 34.978667032056364]","[-6910.440555543837, 1512.4781209238497, -498.7749922085641, 34.978667032056364]","[-7035.134303595978, 1521.222787681863, -498.7749922085641, 34.978667032053636]","[-7159.828051648119, 1529.9674544398772, -498.7749922085641, 34.978667032056364]","[-7284.52179970026, 1538.712121197891, -498.7749922085645, 34.97866703205548]","[-7409.215547752401, 1547.4567879559054, -498.7749922085641, 34.978667032057274]","[-7533.909295804542, 1556.201454713922, -498.7749922085641, 34.97866703206637]","[-7658.603043856683, 1564.9461214719386, -498.7749922085641, 34.97866703206637]","[-7783.296791908824, 1573.6907882299552, -498.7749922085641, 34.97866703206637]","[-7850.862870340927, 1573.0119364115224, -270.26431372841034, -2.7154072737312163]","[-7729.688017740079, 1542.3255371903606, 484.6994104033911, -122.74559688464706]","[-7608.513165139231, 1511.6391379691988, 484.6994104033911, -122.74559688464706]"
436,Robot,"[-7494.698210949325, 1473.8323048624763, 0, 0]","[-7396.18460588626, 1407.8061217767815, 394.05442025225784, -264.10473234277924]","[-7274.569148532368, 1378.9302824885926, 486.4618294155698, -115.5033571527556]","[-7152.994969260854, 1349.9295240048475, 486.29671708605383, -116.00303393498052]","[-7035.021720737323, 1311.9115867968114, 471.8929940941234, -152.0717488321443]","[-6932.56504657474, 1241.049862068969, 409.82669665033245, -283.4468989113693]","[-6810.495516139932, 1214.3324487977163, 488.27812173923303, -106.86965308501112]","[-6688.315833260564, 1187.9293222500048, 488.7187315174706, -105.61250619084603]","[-6566.136150381195, 1161.5261957022933, 488.7187315174783, -105.61250619084613]","[-6445.563575942858, 1129.3198203003492, 482.29029775334857, -128.82550160777646]","[-6323.313728495124, 1103.2434938910335, 488.9993897909335, -104.30530563726279]","[-6201.063881047391, 1077.1671674817178, 488.9993897909335, -104.30530563726279]","[-6078.814033599658, 1051.090841072402, 488.9993897909335, -104.30530563726279]","[-5956.564186151924, 1025.014514663088, 488.9993897909335, -104.30530563725642]","[-5834.314338704191, 998.9381882537753, 488.9993897909335, -104.30530563725097]","[-5712.064491256458, 972.8618618444624, 488.9993897909335, -104.30530563725142]"
437,Robot,"[-5589.814643808724, 946.7855354351494, 0, 0]","[-5467.564796360991, 920.7092090258366, 488.9993897909335, -104.30530563725142]","[-5345.3149489132575, 894.6328826165237, 488.9993897909335, -104.30530563725142]","[-5223.065101465524, 868.5565562072109, 488.9993897909335, -104.30530563725142]","[-5100.815254017791, 842.480229797898, 488.9993897909335, -104.30530563725142]","[-4978.565406570057, 816.4039033885851, 488.9993897909335, -104.30530563725142]","[-4856.315559122324, 790.3275769792723, 488.9993897909335, -104.30530563725142]","[-4734.065711674591, 764.2512505699616, 488.9993897909335, -104.30530563724278]","[-4611.815864226857, 738.174924160651, 488.99938979093395, -104.30530563724243]","[-4489.106716588291, 714.5500614168303, 490.83659055426324, -94.4994509752828]","[-4365.708618663477, 694.6023941712444, 493.59239169925786, -79.7906689823435]","[-4242.310520738663, 674.6547269256586, 493.5923916992542, -79.7906689823435]","[-4118.912422813848, 654.7070596800727, 493.5923916992615, -79.7906689823435]","[-3995.514324889043, 634.7593924344868, 493.59239169921966, -79.7906689823435]","[-3872.123466164727, 614.7675967624604, 493.5634348972653, -79.96718268810582]","[-3748.442043132221, 596.8332296485027, 494.72569213002316, -71.73746845583082]"
438,Robot,"[-3626.777981650206, 572.3765963849229, 0, 0]","[-3517.802070112793, 511.1474092184188, 435.90364614965256, -244.91674866601647]","[-3409.1690991112155, 449.3101607566768, 434.53188400631007, -247.34899384696791]","[-3305.714295333401, 379.5984823543093, 413.819215111258, -278.84671360947004]","[-3198.4974564546496, 315.81554650984407, 428.86735551500533, -255.13174337786086]","[-3075.184819882379, 297.445588981454, 493.2505462890822, -73.47983011356018]","[-2950.97008868109, 283.4562876196533, 496.85892480515577, -55.957205447202796]","[-2826.755357479801, 269.46698625785325, 496.85892480515577, -55.957205447200295]","[-2702.5406262785123, 255.47768489605335, 496.8589248051562, -55.95720544719966]","[-2578.325895077224, 241.4883835342534, 496.85892480515395, -55.95720544719984]","[-2454.1111638759344, 227.4990821724534, 496.8589248051576, -55.957205447199954]","[-2329.896432674645, 213.5097808106534, 496.8589248051576, -55.957205447199954]","[-2205.6817014733565, 199.52047944885345, 496.85892480515395, -55.95720544719984]","[-2081.466970272068, 185.53117808705343, 496.85892480515395, -55.95720544720007]","[-1957.2522390707784, 171.54187672525345, 496.8589248051585, -55.957205447199954]","[-1833.0375078694897, 157.55257536345346, 496.85892480515486, -55.957205447199954]"
439,Robot,"[-1708.8227766682007, 143.56327400165347, 0, 0]","[-1584.6080454669118, 129.57397263985348, 496.85892480515577, -55.957205447199954]","[-1460.3933142656228, 115.58467127805348, 496.85892480515577, -55.95720544720001]","[-1344.3420703755107, 111.68233777981334, 464.2049755604485, -15.609333992960558]","[-1220.5180864005436, 97.5571287402851, 495.2959358998687, -56.500836158112975]","[-1096.366926358676, 83.01445153634083, 496.6046401674703, -58.17070881577706]","[-972.2157663168072, 68.47177433239656, 496.6046401674753, -58.17070881577706]","[-848.0646062749368, 53.929097128452426, 496.60464016748165, -58.17070881577655]","[-723.9134462330663, 39.38641992450834, 496.6046401674821, -58.1707088157764]","[-599.7622861911959, 24.84374272056425, 496.60464016748165, -58.17070881577635]","[-475.611126149326, 10.301065516620136, 496.6046401674796, -58.17070881577646]","[-351.459966107457, -4.24161168732398, 496.6046401674762, -58.170708815776464]","[-227.30880606558785, -18.784288891268098, 496.60464016747653, -58.17070881577647]","[-103.1576460237182, -33.32696609521221, 496.6046401674786, -58.170708815776436]","[20.99351401815124, -47.86964329915629, 496.6046401674778, -58.17070881577632]","[145.1446740600207, -62.41232050310038, 496.6046401674778, -58.17070881577638]"
440,Robot,"[269.2958341018903, -76.95499770704463, 0, 0]","[393.4469941437593, -91.49767491098888, 496.60464016747596, -58.170708815777004]","[517.8949018696118, -101.69664129940658, 497.7916309034099, -40.79586555367081]","[642.8703610336571, -104.17345512688848, 499.90183665618133, -9.90725530992762]","[767.8458201977024, -106.6502689543704, 499.90183665618133, -9.907255309927677]","[892.8212793617478, -109.1270827818523, 499.90183665618133, -9.907255309927564]","[1017.7967385257932, -111.6038966093342, 499.9018366561818, -9.90725530992762]","[1142.7721976898383, -114.0807104368161, 499.9018366561804, -9.90725530992762]","[1267.747656853884, -116.5575242642981, 499.9018366561836, -9.90725530992797]","[1392.7231160179292, -119.03433809178016, 499.9018366561804, -9.907255309928246]","[1517.6985751819743, -121.51115191926225, 499.9018366561804, -9.90725530992836]","[1642.67403434602, -123.98796574674432, 499.90183665618315, -9.907255309928303]","[1767.6494935100652, -126.46477957422638, 499.9018366561804, -9.907255309928246]","[1892.6249526741103, -128.94159340170853, 499.9018366561804, -9.907255309928587]","[2017.600411838156, -131.4184072291908, 499.90183665618315, -9.907255309929042]","[2142.575871002201, -133.89522105667305, 499.9018366561795, -9.907255309929042]"
441,Robot,"[2267.5513301662468, -136.3720348841553, 0, 0]","[2392.526789330292, -138.84884871163757, 499.90183665618133, -9.907255309929042]","[2517.502248494337, -141.32566253911983, 499.9018366561795, -9.907255309929042]","[2642.4777076583828, -143.8024763666021, 499.90183665618315, -9.907255309929042]","[2767.453166822428, -146.27929019408435, 499.90183665618133, -9.907255309929042]","[2892.428625986473, -148.7561040215666, 499.9018366561795, -9.907255309929042]","[3017.4040851505188, -151.23291784904887, 499.90183665618315, -9.907255309929042]","[3142.379544314564, -153.7097316765311, 499.90183665618133, -9.907255309928928]","[3267.355003478609, -156.1865455040134, 499.90183665617997, -9.907255309929164]","[3392.3304626426548, -158.66335933149566, 499.90183665618315, -9.907255309929042]","[3517.3059218067, -161.14017315897792, 499.90183665618133, -9.907255309929042]","[3642.2813809707454, -163.61698698645998, 499.90183665618133, -9.907255309928246]","[3767.256840134791, -166.0938008139419, 499.90183665618315, -9.907255309927677]","[3892.232299298836, -168.5706146414238, 499.9018366561795, -9.907255309927564]","[4017.2077584628814, -171.0474284689057, 499.90183665618133, -9.907255309927677]","[4139.871163696585, -190.48593853908545, 490.653620934816, -77.75404028071898]"
442,Robot,"[4255.436340211271, -238.04374177198156, 0, 0]","[4378.933181828516, -247.10891149785735, 493.9873664689803, -36.26067890350316]","[4503.828939704395, -242.00502429188816, 499.5830315035164, 20.415548823876748]","[4628.724697580275, -236.90113708591892, 499.5830315035164, 20.415548823876975]","[4753.620455456154, -231.79724987994973, 499.5830315035164, 20.415548823876748]","[4878.516213332033, -226.6933626739799, 499.5830315035164, 20.415548823879362]","[5003.411971207912, -221.58947546801008, 499.5830315035164, 20.41554882387925]","[5128.307729083791, -216.48558826204024, 499.5830315035164, 20.415548823879362]","[5253.228776329001, -212.28841548696636, 499.68418898084246, 16.788691100295537]","[5378.214853381064, -210.42279410562483, 499.94430820825073, 7.462485525366105]","[5503.200930433127, -208.55717272428333, 499.94430820825073, 7.462485525365992]","[5628.1870074851895, -206.69155134294184, 499.94430820825073, 7.462485525365992]","[5753.173084537252, -204.82592996160037, 499.94430820825073, 7.462485525365878]","[5878.159161589315, -202.96030858025884, 499.94430820825073, 7.462485525366105]","[6003.145238641378, -201.0946871989173, 499.94430820825073, 7.462485525366105]","[6128.13131569344, -199.22906581757584, 499.94430820825073, 7.462485525365878]"
443,Robot,"[6253.117392745503, -197.36344443623435, 0, 0]","[6378.103469797566, -195.49782305489285, 499.94430820825073, 7.462485525365992]","[6503.089546849628, -193.63220167355132, 499.94430820825073, 7.462485525366105]","[6628.075623901691, -191.76658029220985, 499.94430820825073, 7.462485525365878]","[6753.061700953754, -189.90095891086835, 499.94430820825073, 7.462485525365992]","[6878.047778005816, -188.03533752952688, 499.94430820825073, 7.462485525365878]","[7003.033855057879, -186.16971614818536, 499.94430820825073, 7.462485525366105]","[7128.019932109942, -184.30409476684383, 499.94430820825073, 7.462485525366105]","[7253.006009162004, -182.4384733855024, 499.9443082082512, 7.4624855253657705]","[7377.992086214067, -180.5728520041609, 499.94430820825073, 7.462485525365992]","[7502.97816326613, -178.70723062281937, 499.94430820825073, 7.462485525366105]","[7627.964240318192, -176.84160924147787, 499.94430820825073, 7.462485525365992]","[7752.950317370255, -174.97598786013637, 499.94430820825073, 7.462485525365992]","[7877.936394422318, -173.11036647879487, 499.94430820825073, 7.462485525365992]","[8002.9224714743805, -171.24474509745303, 499.94430820825073, 7.462485525367356]","[8127.908548526443, -169.37912371611102, 499.94430820825073, 7.462485525368038]"
444,Robot,"[8146.575186573045, -164.85376940563583, 0, 0]","[8022.780525880216, -147.53666849511546, -495.17864277131594, 69.26840364208147]","[7898.985865187387, -130.2195675845951, -495.17864277131594, 69.26840364208147]","[7775.191204494558, -112.90246667407472, -495.17864277131594, 69.26840364208152]","[7651.396543801729, -95.58536576355436, -495.17864277131594, 69.26840364208141]","[7527.6018831089, -78.268264853034, -495.17864277131594, 69.26840364208147]","[7403.807222416071, -60.95116394251363, -495.17864277131594, 69.26840364208147]","[7280.012561723242, -43.63406303199329, -495.1786427713196, 69.26840364208135]","[7156.2179010304135, -26.3169621214731, -495.17864277131275, 69.26840364208083]","[7032.4232403375845, -8.999861210952925, -495.17864277131594, 69.2684036420807]","[6908.628579644756, 8.317239699567184, -495.1786427713123, 69.26840364208044]","[6784.833918951927, 25.63434061008721, -495.17864277131594, 69.2684036420801]","[6661.039258259098, 42.951441520607226, -495.1786427713196, 69.26840364208006]","[6537.244597566269, 60.26854243112706, -495.17864277131594, 69.26840364207933]","[6413.44993687344, 77.58564334164676, -495.17864277131594, 69.2684036420788]","[6289.655276180611, 94.9027442521664, -495.17864277131594, 69.26840364207857]"
445,Robot,"[6166.164470974448, 112.26477150738177, 0, 0]","[6074.924192934037, 126.39905629001458, -364.96111216164354, 56.53713913053127]","[5983.937832977582, 79.47634302261014, -363.94543982582036, -187.6908530696178]","[5932.838935795968, 12.383180585615076, -204.39558872645648, -268.37264974798023]","[5955.111082118635, 23.868922396478244, 89.08858529066856, 45.94296724345267]","[6003.601009055543, 128.16622869080877, 193.9597077476319, 417.1892251773221]","[6046.6094730210725, 224.52825626287688, 172.0338558621188, 385.44811028827246]","[6048.695371272029, 262.7345882754753, 8.343593003824935, 152.82532805039364]","[6040.44156982504, 284.659042464426, -33.01520578795683, 87.697816755803]","[6048.608825125824, 329.081156921666, 32.66902120313898, 177.68845782895983]","[6064.786994570474, 386.8408984944311, 64.71267777859975, 231.03896629106043]","[6083.752818416473, 448.6488225798586, 75.86329538399514, 247.23169634170995]","[6112.488389512947, 537.2729375131922, 114.94228438589562, 354.49645973333463]","[6126.285114962157, 642.2555275146304, 55.186901796841994, 419.93036000575285]","[6136.4870995952815, 595.1753219541067, 40.80793853249634, -188.3208222420949]","[6170.9049867482645, 523.837944143613, 137.67154861193194, -285.34951124197505]"
446,Robot,"[6136.046932783754, 504.5875296352609, 0, 0]","[6081.842390534008, 491.22244739955954, -216.8181689989833, -53.46032894280552]","[6029.749016998569, 478.16962053071546, -208.37349414175696, -52.211307475376316]","[5979.487299794301, 465.3877089190429, -201.04686881706948, -51.12764644669028]","[5930.811439720148, 452.8403570798193, -194.70344029661283, -50.189407356894435]","[5883.505308691859, 440.4955981017138, -189.2245241131568, -49.37903591242184]","[5837.378887535572, 428.3253267706212, -184.5056846251464, -48.68108532437054]","[5792.26512908025, 416.3048355982802, -180.45503382129027, -48.081964689363986]","[5747.707951735697, 401.36370121711633, -178.2287093782108, -59.7645375246555]","[5697.826478810366, 366.4626990655179, -199.52589170132342, -139.6040086063938]","[5639.349369788027, 316.0219337124932, -233.90843608935756, -201.76306141209875]","[5583.968115601862, 270.0490038327738, -221.52501674465748, -183.8917195188776]","[5531.944264673984, 228.91373858781, -208.0954037115116, -164.54106097985516]","[5486.547481357693, 200.21672234047847, -181.5871332651659, -114.78806498932613]","[5451.934853873705, 203.7124498243258, -138.45050993595214, 13.98290993538933]","[5417.363995923925, 207.49041747854864, -138.28343179911826, 15.111870616891338]"
447,Robot,"[5382.837171624827, 211.5273389475584, 0, 0]","[5348.3507679825, 215.80196687628293, -137.9456145693075, 17.09851171489811]","[5313.829173548532, 221.502598840242, -138.0863777358718, 22.802527855836274]","[5279.892407672757, 236.67334084180376, -135.74706350309862, 60.68296800624705]","[5243.358969964495, 265.3828685838735, -146.1337508330471, 114.83811096827901]","[5203.540323324428, 282.5909640916422, -159.2745865602701, 68.83238203107476]","[5148.836669614944, 316.82188972531594, -218.81461483793464, 136.92370253469494]","[5080.533793572904, 367.1535964887765, -273.2115041681609, 201.32682705384218]","[5012.73660348479, 417.0279227804021, -271.1887603524558, 199.4973051665026]","[4931.766205629952, 478.8086311795212, -323.881591419351, 247.12283359647654]","[4851.347739037263, 540.0904857974983, -321.67386637075833, 245.1274184719084]","[4771.503116847374, 600.8536808109936, -319.3784887595539, 243.05278005398122]","[4690.449558560205, 661.7956291032715, -324.2142331486757, 243.76779316911143]","[4595.393739885242, 718.192688819767, -380.2232746998525, 225.58823886598202]","[4488.603582400318, 764.793364879442, -427.16062993969535, 186.40270423870015]","[4371.257281260358, 797.4281372867906, -469.38520455984326, 130.5390896293943]"
448,Robot,"[4247.4464530213, 811.5677321984873, 0, 0]","[4122.595534718127, 817.6708624491749, -499.4036732126915, 24.41252100275051]","[3997.7446164149633, 823.7739926998626, -499.4036732126551, 24.41252100275051]","[3872.8936981118018, 829.8771229505502, -499.403673212646, 24.41252100275051]","[3748.04277980864, 835.9802532012366, -499.40367321264785, 24.412521002745507]","[3623.191861505479, 842.0833834519226, -499.4036732126424, 24.412521002744143]","[3498.340943202317, 848.1865137026087, -499.40367321264966, 24.412521002744597]","[3373.490024899156, 854.2896439532948, -499.4036732126424, 24.412521002744143]","[3248.6391065959942, 860.3927742039809, -499.4036732126483, 24.41252100274462]","[3123.7881882928327, 866.4959044546671, -499.403673212646, 24.412521002744597]","[2998.937269989671, 872.5990347053531, -499.403673212646, 24.412521002744143]","[2874.0863516865097, 878.7021649560393, -499.403673212646, 24.412521002744597]","[2749.235433383348, 884.8052952067254, -499.403673212646, 24.412521002744597]","[2624.3845150801867, 890.9084254574115, -499.403673212646, 24.412521002744143]","[2499.533596777025, 897.0115557080976, -499.403673212646, 24.412521002744597]","[2374.682678473864, 903.1146859587836, -499.4036732126442, 24.412521002744143]"
449,Robot,"[2249.831760170702, 909.2178162094698, 0, 0]","[2124.9808418675407, 915.320946460156, -499.403673212646, 24.412521002745052]","[2000.1299235643792, 921.424076710842, -499.403673212646, 24.412521002743688]","[1875.2790052612177, 927.527206961528, -499.403673212646, 24.412521002744143]","[1750.4280869580562, 933.6303372122142, -499.403673212646, 24.412521002744597]","[1625.5771686548946, 939.7334674629004, -499.403673212646, 24.412521002745052]","[1500.7262503517331, 945.8365977135863, -499.403673212646, 24.412521002743688]","[1375.8753320485716, 951.9397279642724, -499.403673212646, 24.412521002744143]","[1251.02441374541, 958.0428582149586, -499.4036732126474, 24.412521002745073]","[1126.1734954422486, 964.1459884656448, -499.4036732126451, 24.412521002744597]","[1001.3225771390864, 970.2491187163308, -499.40367321264875, 24.412521002744143]","[876.4716588359222, 976.3522489670172, -499.40367321265694, 24.412521002745507]","[751.6207405327578, 982.4553792177034, -499.4036732126574, 24.412521002744597]","[626.7698222295935, 988.5585094683896, -499.4036732126574, 24.412521002745052]","[501.9189039264293, 994.6616397190758, -499.4036732126567, 24.412521002744597]","[377.0679856232664, 1000.764769969762, -499.4036732126517, 24.412521002745052]"
450,Robot,"[252.21706732010344, 1006.8679002204482, 0, 0]","[127.3661490169398, 1012.9710304711344, -499.40367321265455, 24.412521002745052]","[2.4462486861819084, 1015.5885504920054, -499.6796013230316, 10.470080083483936]","[-122.5483821744702, 1014.42999276391, -499.97852344260843, -4.634230912381554]","[-247.543013035122, 1013.2714350358146, -499.9785234426071, -4.634230912381554]","[-372.5376438957744, 1012.1128773077191, -499.9785234426097, -4.634230912382009]","[-497.5322747564269, 1010.954319579624, -499.9785234426099, -4.634230912380644]","[-622.5269056170794, 1009.7957618515284, -499.9785234426099, -4.634230912382463]","[-747.5215364777318, 1008.6372041234332, -499.97852344261037, -4.634230912380649]","[-872.5161673383843, 1007.4786463953376, -499.9785234426099, -4.634230912382463]","[-997.5107981990368, 1006.3200886672424, -499.9785234426099, -4.634230912380644]","[-1122.5054290596893, 1005.1615309391468, -499.9785234426099, -4.634230912382463]","[-1247.5000599203418, 1004.0029732110517, -499.9785234426099, -4.634230912380644]","[-1372.4946907809942, 1002.8444154829562, -499.9785234426099, -4.634230912382009]","[-1497.4893216416467, 1001.6858577548608, -499.9785234426099, -4.634230912381554]","[-1622.4839525022992, 1000.5273000267654, -499.9785234426099, -4.634230912381554]"
451,Robot,"[-1747.4785833629517, 999.36874229867, 0, 0]","[-1872.473214223604, 998.2101845705746, -499.978523442609, -4.634230912381554]","[-1997.4678450842569, 997.0516268424792, -499.97852344261173, -4.634230912381554]","[-2122.4624759449057, 995.8930691143838, -499.97852344259536, -4.634230912381554]","[-2247.4571068055525, 994.7345113862884, -499.9785234425872, -4.634230912381554]","[-2372.1185226956068, 993.5949621909416, -498.64566356021714, -4.558196781387323]","[-2483.480812933918, 993.7458435897, -445.44916095324515, 0.603525595033716]","[-2576.9624652399407, 998.468654007865, -373.9266092240905, 18.891241672659817]","[-2658.491331596889, 1015.3248621093604, -326.1154654277928, 67.42483240598182]","[-2749.901594158417, 1057.2639127254547, -365.6410502461131, 167.7562024643771]","[-2849.8787194341403, 1106.4583234458885, -399.90850110289284, 196.77764288173512]","[-2948.691884195614, 1155.124878170338, -395.2526590458947, 194.666218897798]","[-3046.206489210254, 1203.2025394153818, -390.05842005855993, 192.3106449801753]","[-3142.272523986542, 1250.6232778119336, -384.26413910515294, 189.68295358620708]","[-3236.7237690273187, 1297.3117132488617, -377.80498016310594, 186.7537417477124]","[-3329.37744805384, 1343.1849571575017, -370.6147161060853, 183.49297563456003]"
452,Robot,"[-3420.0345536190425, 1388.152760176422, 0, 0]","[-3509.8607368421517, 1430.1143698813255, -359.30473289243673, 167.84643881961438]","[-3615.183662567916, 1455.2321855846449, -421.29170290305774, 100.47126281327746]","[-3734.402211946273, 1436.9915820377869, -476.87419751342713, -72.96241418743193]","[-3854.211914995361, 1401.3456137483684, -479.2388121963522, -142.58387315767413]","[-3974.229485289783, 1366.6626833829262, -480.07028117768823, -138.73172146176876]","[-4094.014159855152, 1330.9326996260174, -479.13869826147493, -142.9199350276349]","[-4213.79883442051, 1295.2027158691124, -479.1386982614313, -142.91993502762034]","[-4333.583508985867, 1259.472732112209, -479.13869826143167, -142.91993502761318]","[-4453.368183551225, 1223.7427483553065, -479.1386982614313, -142.91993502761034]","[-4573.152858116583, 1188.0127645984032, -479.1386982614313, -142.91993502761306]","[-4692.937532681941, 1152.2827808415002, -479.1386982614313, -142.91993502761215]","[-4812.722207247299, 1116.5527970845972, -479.1386982614313, -142.91993502761215]","[-4932.5068818126565, 1080.822813327694, -479.1386982614313, -142.91993502761306]","[-5037.16965313671, 1052.9626436391493, -418.65108529621284, -111.4406787541784]","[-5160.997007905702, 1069.7237575328738, -495.30941907596934, 67.04445557489817]"
453,Robot,"[-5283.430338152256, 1079.5725339488918, 0, 0]","[-5406.893556968384, 1086.5944831389324, -493.85287526451066, 28.087796760162746]","[-5530.665156554651, 1103.9828728559598, -495.08639834506903, 69.55355886810958]","[-5650.800317530771, 1076.402020097653, -480.54064390448184, -110.32341103322779]","[-5762.489243682989, 1020.4432889092282, -446.75570460886956, -223.83492475369894]","[-5883.080745072565, 1007.1395435157236, -482.3660055583059, -53.21498157401811]","[-6005.191902278212, 1033.0759053289205, -488.44462882258813, 103.74544725278747]","[-6127.297473427753, 1059.8196801979532, -488.42228459816397, 106.97509947613071]","[-6249.403044577294, 1086.563455066986, -488.4222845981644, 106.97509947613172]","[-6371.508615726835, 1113.3072299360183, -488.42228459816397, 106.97509947612889]","[-6493.614186876376, 1140.0510048050503, -488.42228459816397, 106.97509947612798]","[-6615.719758025917, 1166.7947796740812, -488.42228459816397, 106.97509947612343]","[-6737.825329175458, 1193.5385545431118, -488.42228459816397, 106.97509947612252]","[-6859.930900324999, 1220.2823294121424, -488.42228459816397, 106.97509947612252]","[-6982.03647147454, 1247.0261042811733, -488.42228459816397, 106.97509947612343]","[-7104.142042624081, 1273.769879150204, -488.42228459816397, 106.97509947612252]"
454,Robot,"[-7226.247613773622, 1300.5136540192348, 0, 0]","[-7348.353184923163, 1327.2574288882654, -488.42228459816397, 106.97509947612252]","[-7470.458756072704, 1354.001203757296, -488.42228459816397, 106.97509947612252]","[-7403.167890723507, 1308.5823930685808, 269.16346139678717, -181.67524275486085]","[-7296.302925331083, 1243.7373533841412, 427.45986156969593, -259.3801587377584]","[-7189.437959938659, 1178.8923136997016, 427.45986156969593, -259.3801587377584]","[-7082.572994546235, 1114.047274015262, 427.45986156969593, -259.3801587377584]","[-6975.708029153811, 1049.2022343308224, 427.45986156969593, -259.3801587377584]","[-6868.843063761387, 984.3571946463828, 427.45986156969633, -259.3801587377586]","[-6761.978098368963, 919.5121549619432, 427.45986156969593, -259.3801587377584]","[-6655.113132976539, 854.6671152775036, 427.45986156969593, -259.3801587377584]","[-6548.248167584115, 789.822075593064, 427.45986156969593, -259.3801587377584]","[-6441.383202191691, 724.9770359086244, 427.45986156969593, -259.3801587377584]","[-6334.518236799268, 660.1319962241848, 427.4598615696923, -259.3801587377584]","[-6228.560261059212, 596.6534972467485, 423.8319029602244, -253.91399590974515]","[-6128.987131603865, 544.310173270218, 398.2925178213882, -209.37329590612217]"
455,Robot,"[-6026.600223878501, 487.70611532025634, 0, 0]","[-5920.063970244252, 422.3224272812831, 426.1450145369963, -261.5347521558929]","[-5813.527716610003, 356.9387392423098, 426.1450145369963, -261.53475215589333]","[-5706.991462975754, 291.5550512033365, 426.1450145369963, -261.5347521558931]","[-5600.455209341505, 226.17136316436324, 426.1450145369963, -261.5347521558931]","[-5493.918955707256, 160.78767512538997, 426.1450145369963, -261.5347521558931]","[-5387.382702073007, 95.40398708641688, 426.1450145369963, -261.53475215589236]","[-5280.846448438758, 30.02029904744406, 426.1450145369963, -261.5347521558913]","[-5174.310194804509, -35.36338899152847, 426.1450145369967, -261.5347521558903]","[-5067.77394117026, -100.74707703050076, 426.1450145369963, -261.5347521558892]","[-4961.2376875360105, -166.13076506947274, 426.1450145369963, -261.53475215588793]","[-4854.701433901761, -231.5144531084446, 426.1450145369963, -261.5347521558874]","[-4748.165180267512, -296.89814114741625, 426.1450145369963, -261.5347521558866]","[-4641.628926633263, -362.28182918638674, 426.1450145369963, -261.53475215588196]","[-4535.092672999014, -427.6655172253572, 426.1450145369963, -261.53475215588173]","[-4428.667787498101, -492.93903371729806, 425.69954200365464, -261.0940659677635]"
456,Robot,"[-4322.135646690502, -558.3294227278296, 0, 0]","[-4215.523438105221, -623.5820285216316, 426.44883434112126, -261.01042317520796]","[-4094.3857681807935, -620.318087621681, 484.55067969771153, 13.055763599802503]","[-3981.90529356312, -616.6098619781392, 449.92189847069494, 14.832902574167292]","[-3892.436271831744, -656.1931232179467, 357.87608692550384, -158.33304495922994]","[-3815.539164256512, -714.5132661611158, 307.58843030092794, -233.28057177267647]","[-3703.190013967979, -713.295167809008, 449.3966011541306, 4.87239340843098]","[-3579.769038902558, -693.5587805551792, 493.68390026168527, 78.94554901531546]","[-3461.720473299101, -683.3061110193847, 472.19426241382865, 41.01067814317779]","[-3370.2730603129453, -718.8784327756487, 365.78965194462216, -142.28928702505573]","[-3272.0385568174784, -794.1012073851, 392.9380139818677, -300.89109843780534]","[-3165.5984207163337, -801.4834588330856, 425.76054440457847, -29.52900579194238]","[-3042.97375591034, -777.2307975107267, 490.49865922397476, 97.01064528943562]","[-2920.349091104345, -752.9781361883678, 490.4986592239802, 97.01064528943562]","[-2797.724426298352, -728.7254748660089, 490.49865922397294, 97.01064528943562]","[-2675.099761492357, -704.47281354365, 490.4986592239784, 97.01064528943562]"
457,Robot,"[-2552.475096686363, -680.2201522212911, 0, 0]","[-2429.850431880369, -655.9674908989322, 490.4986592239766, 97.01064528943562]","[-2307.2257670743747, -631.7148295765733, 490.4986592239766, 97.01064528943562]","[-2184.6011022683806, -607.4621682542144, 490.4986592239766, 97.01064528943562]","[-2061.9764374623865, -583.2095069318555, 490.4986592239766, 97.01064528943562]","[-1939.3517726563923, -558.9568456094966, 490.4986592239766, 97.01064528943562]","[-1816.7271078503984, -534.7041842871377, 490.49865922397566, 97.01064528943562]","[-1694.102443044404, -510.4515229647786, 490.4986592239775, 97.0106452894363]","[-1571.7012781691326, -486.6509850087169, 489.6046595010862, 95.2021518242469]","[-1449.28156487953, -483.5352861899136, 489.6788531584107, 12.462795275213011]","[-1324.473684391384, -481.0891262171983, 499.23152195258353, 9.784639890861172]","[-1199.5889599639058, -477.93187316476656, 499.5388977099128, 12.62901220972708]","[-1074.6218845890482, -478.19373109322765, 499.86830149943034, -1.0474317138443894]","[-949.7587270054692, -482.7940413828497, 499.4526303343164, -18.40124115848812]","[-825.0373621099217, -485.11969331521385, 498.8854595821899, -9.302607729456668]","[-701.5110143683838, -466.580363901302, 494.1053909661514, 74.15731765564738]"
458,Robot,"[-578.2241990224268, -446.3902452621197, 0, 0]","[-456.537362111667, -418.9306259279855, 486.7473476430391, 109.83847733653693]","[-336.11268853340374, -385.4209557778825, 481.698694313053, 134.0386806004119]","[-215.68801495514023, -351.91128562777953, 481.69869431305403, 134.0386806004119]","[-95.26334137687635, -318.4016154776769, 481.6986943130555, 134.03868060041054]","[25.161332201387243, -284.89194532757466, 481.6986943130544, 134.03868060040895]","[145.58600577965092, -251.3822751774724, 481.6986943130547, 134.03868060040907]","[266.0106793579148, -217.87260502737016, 481.6986943130555, 134.03868060040895]","[386.4353529361781, -184.3629348772679, 481.6986943130537, 134.03868060040918]","[506.8600265144413, -150.85326472716562, 481.6986943130528, 134.03868060040907]","[627.2847000927059, -117.34359457706336, 481.69869431305824, 134.03868060040907]","[747.7093736709705, -83.83392442696109, 481.6986943130587, 134.03868060040907]","[868.1340472492352, -50.3242542768588, 481.6986943130587, 134.03868060040915]","[988.5587208275, -16.814584126756376, 481.69869431305915, 134.0386806004097]","[1108.9833944057646, 16.695086023346093, 481.69869431305824, 134.03868060040986]","[1231.966123469181, 30.679205041055077, 491.9309162536656, 55.93647607083594]"
459,Robot,"[1356.9587532709309, 29.32181959759769, 0, 0]","[1481.9513830726808, 27.96443415414031, 499.9705192069996, -5.429541773829513]","[1606.9440128744309, 26.60704871068293, 499.9705192070005, -5.429541773829527]","[1731.9366426761806, 25.249663267225547, 499.9705192069987, -5.429541773829527]","[1856.9292724779305, 23.892277823768165, 499.9705192069996, -5.429541773829527]","[1981.9219022796804, 22.534892380310783, 499.9705192069996, -5.429541773829527]","[2106.9145320814305, 21.1775069368534, 499.9705192070005, -5.429541773829527]","[2231.9071618831804, 19.82012149339602, 499.9705192069996, -5.429541773829527]","[2356.8997916849303, 18.46273604993864, 499.97051920700005, -5.429541773829517]","[2481.89242148668, 17.105350606481256, 499.9705192069996, -5.429541773829541]","[2606.88505128843, 15.747965163023864, 499.9705192069996, -5.42954177382957]","[2731.2774694421373, 13.829259833913008, 497.56967261482896, -7.6748213164434205]","[2856.1861156650525, 12.570039723224868, 499.6345848916608, -5.036880442752562]","[2975.074995958919, 6.081587744921028, 475.5555211754654, -25.95380791321536]","[3090.1179590923493, -30.974374100324667, 460.1718525337219, -148.2238473809828]","[3193.991683552867, -82.27636483144998, 415.4948978420707, -205.20796292450126]"
460,Robot,"[3267.8914601819765, -15.335173822919796, 0, 0]","[3323.77856353383, 69.82605655739107, 223.54841340741405, 340.6449215212435]","[3335.1877464939453, 194.23726342787995, 45.636731840460925, 497.64482748195553]","[3341.7705108688638, 319.0397684901261, 26.33105749967399, 499.2100202489846]","[3392.1405352794186, 396.810188407116, 201.48009764221933, 311.08167966795963]","[3487.5694776652545, 420.7751839039959, 381.7157695433434, 95.85998198751963]","[3611.664299388365, 405.7593515425056, 496.3792868924429, -60.063329445961244]","[3735.759121111476, 390.7435191810152, 496.3792868924429, -60.0633294459617]","[3859.853942834586, 375.7276868195249, 496.37928689244154, -60.0633294459613]","[3983.948764557698, 360.7118544580346, 496.37928689244654, -60.06332944596102]","[4108.043586280808, 345.6960220965443, 496.3792868924411, -60.063329445961244]","[4232.138408003919, 330.680189735054, 496.3792868924429, -60.063329445961244]","[4356.2332297270295, 315.6643573735637, 496.3792868924429, -60.063329445961244]","[4480.32805145014, 300.6485250120734, 496.3792868924429, -60.063329445961244]","[4604.422873173251, 285.63269265058307, 496.3792868924429, -60.063329445961244]","[4728.517694896362, 270.6168602890928, 496.3792868924429, -60.06332944596102]"
461,Robot,"[4852.612516619472, 255.60102792760244, 0, 0]","[4976.707338342583, 240.58519556611213, 496.3792868924429, -60.063329445961244]","[5100.802160065694, 225.56936320462185, 496.3792868924429, -60.06332944596113]","[5224.896981788805, 210.5535308431315, 496.3792868924429, -60.06332944596136]","[5348.991803511915, 195.5376984816412, 496.3792868924429, -60.063329445961244]","[5473.086625235026, 180.5218661201509, 496.3792868924429, -60.063329445961244]","[5597.181446958137, 165.50603375866066, 496.3792868924429, -60.0633294459609]","[5721.276268681248, 150.49020139717106, 496.37928689244654, -60.0633294459584]","[5845.371090404358, 135.47436903568146, 496.3792868924397, -60.06332944595846]","[5969.465912127469, 120.45853667419168, 496.3792868924429, -60.06332944595914]","[6093.56073385058, 105.44270431270172, 496.3792868924429, -60.06332944595982]","[6217.65555557369, 90.42687195121177, 496.3792868924429, -60.06332944595982]","[6341.750377296801, 75.41103958972195, 496.3792868924429, -60.063329445959255]","[6465.845199019912, 60.39520722823235, 496.3792868924429, -60.0633294459584]","[6589.940020743023, 45.37937486674275, 496.3792868924429, -60.0633294459584]","[6714.034842466133, 30.36354250525316, 496.3792868924429, -60.06332944595836]"
462,Robot,"[6838.129664189244, 15.34771014376372, 0, 0]","[6961.973155050136, 2.6036489631338013, 495.373963443566, -50.976244722519674]","[7079.784705217766, 44.382096123129216, 471.2462006705209, 167.11378863998166]","[7197.596255385396, 86.1605432831247, 471.2462006705209, 167.11378863998192]","[7315.407805553026, 127.93899044312045, 471.2462006705209, 167.113788639983]","[7433.219355720656, 169.71743760311625, 471.2462006705173, 167.11378863998323]","[7396.39166487839, 187.6040751864832, -147.31076336906335, 71.54655033346774]","[7271.508050814193, 192.9969351203728, -499.53445625678796, 21.571439735558442]","[7146.624436749996, 198.3897950542624, -499.5344562567884, 21.57143973555846]","[7021.740822685799, 203.782654988152, -499.53445625678796, 21.57143973555833]","[6896.857208621602, 209.17551492204183, -499.53445625678796, 21.571439735559352]","[6772.008298353557, 214.55855315933235, -499.3956410721803, 21.532152949162082]","[6651.027833011381, 218.74287703180508, -483.9218613687044, 16.737295489890926]","[6536.891638371063, 212.2057854236077, -456.5447785612705, -26.148366432789544]","[6412.0256161784855, 217.99167358367143, -499.4640887703099, 23.14355264025494]","[6287.159593985908, 223.7775617437352, -499.4640887703099, 23.143552640255052]"
463,Robot,"[6162.293571793331, 229.5634499037989, 0, 0]","[6038.499736384312, 230.81083539045403, -495.1753416360734, 4.989541946620534]","[5913.6412870228805, 236.7579038330444, -499.43379744572667, 23.788273770361457]","[5789.250492222687, 241.9473878415998, -497.56317920077345, 20.757936034221643]","[5670.870338758177, 245.65357841174452, -473.5206138580397, 14.824762280578852]","[5615.436274851569, 219.8757117065696, -221.73625562643429, -103.11146682069966]","[5624.1163066747495, 172.52589349215435, 34.72012729272319, -189.399272857661]","[5626.821936350281, 120.874567133459, 10.822518702127127, -206.60530543478143]","[5596.06210050931, 44.61967673984016, -123.03934336388568, -305.01956157447563]","[5538.29158447078, -65.516997441319, -231.0820641541177, -440.54669672463666]","[5499.933966701991, -184.4151668295484, -153.43047107515667, -475.5926775529176]","[5474.2671275163, -302.1187839271162, -102.66735674276424, -470.81446839027126]","[5466.3535162797225, -421.7287669098584, -31.654444946310832, -478.43993193096867]","[5415.470685507568, -504.3634492418989, -203.53132308861677, -330.53872932816193]","[5353.5368244844485, -558.4043087953623, -247.73544409247916, -216.16343821385385]","[5286.528420816255, -588.327017790349, -268.033614672775, -119.69083597994677]"
464,Robot,"[5245.898410006873, -650.2716627350646, 0, 0]","[5181.666086438099, -689.7556731709915, -256.92929427509443, -157.9360417437074]","[5066.236508238944, -641.7868032993101, -461.71831279662, 191.87547948672545]","[4950.806930039789, -593.8179334276288, -461.71831279662, 191.87547948672545]","[4835.377351840634, -545.8490635559474, -461.71831279662, 191.87547948672545]","[4719.947773641479, -497.880193684266, -461.71831279662, 191.87547948672568]","[4604.518195442324, -449.9113238125847, -461.71831279662, 191.875479486725]","[4489.088617243169, -401.9424539409033, -461.71831279662, 191.87547948672568]","[4373.659039044014, -353.97358406922194, -461.7183127966204, 191.87547948672562]","[4258.229460844859, -306.0047141975406, -461.71831279662, 191.87547948672545]","[4142.799882645704, -258.0358443258592, -461.71831279662, 191.87547948672545]","[4027.370304446549, -210.06697445417785, -461.71831279662, 191.87547948672545]","[3911.940726247394, -162.0981045824962, -461.71831279662, 191.8754794867266]","[3796.511148048239, -114.12923471081416, -461.71831279662, 191.87547948672818]","[3681.081569849084, -66.16036483913209, -461.71831279662, 191.8754794867283]","[3565.651991649929, -18.19149496744987, -461.71831279662, 191.87547948672886]"
465,Robot,"[3450.222413450774, 29.777374904232563, 0, 0]","[3334.792835251619, 77.74624477591524, -461.71831279662, 191.87547948673074]","[3219.363257052464, 125.71511464759824, -461.71831279662, 191.875479486732]","[3103.9336788533137, 173.6839845192817, -461.7183127966018, 191.8754794867338]","[2988.504100654164, 221.6528543909652, -461.7183127965982, 191.87547948673398]","[2873.074522455014, 269.6217242626484, -461.7183127966, 191.87547948673284]","[2750.4925574823374, 276.41870650996043, -490.32785989070726, 27.18792898924812]","[2625.660634340855, 269.9386629298472, -499.3276925659302, -25.920174320452816]","[2500.8287111993723, 263.458619349734, -499.32769256593065, -25.920174320452837]","[2375.9226387362824, 261.30819449848553, -499.62428985235965, -8.601699404993951]","[2252.598739332103, 279.8148450432047, -493.2955976167177, 74.0266021788766]","[2130.9334759532035, 308.36904351353576, -486.6610535155978, 114.21679388132429]","[2007.5612851513083, 328.31880972589994, -493.48876320758063, 79.79906484945673]","[1886.435402178138, 356.931155134371, -484.50353189268117, 114.44938163388429]","[1789.6025336770026, 432.5602067940503, -387.33147400454163, 302.5162066387172]","[1765.077056268026, 553.7389154444701, -98.10190963590685, 484.71483460167906]"
466,Robot,"[1703.0127852952994, 606.5440524998274, 0, 0]","[1579.2898757567564, 588.7215483178119, -494.89163815417214, -71.29001672806226]","[1456.4508980979467, 566.4679305149044, -491.3559106352386, -89.01447121162983]","[1337.937074411667, 526.8478517497425, -474.0552947451188, -158.48031506064763]","[1214.3898471477837, 508.2506684565027, -494.18890905553326, -74.38873317295929]","[1090.5379626963745, 491.3476889015706, -495.4075378056368, -67.6119182197283]","[966.6860782449642, 474.44470934663855, -495.40753780564137, -67.6119182197283]","[842.8341937935523, 457.5417297917065, -495.4075378056473, -67.6119182197283]","[718.9823093421405, 440.6387502367744, -495.40753780564773, -67.61191821972835]","[595.1304248907287, 423.7357706818423, -495.4075378056473, -67.6119182197283]","[471.2785404393174, 406.8327911269103, -495.40753780564523, -67.61191821972807]","[347.426655987907, 389.9298115719782, -495.4075378056416, -67.61191821972852]","[223.5747715364966, 373.0268320170461, -495.4075378056416, -67.6119182197283]","[99.72288708508611, 356.12385246211403, -495.40753780564194, -67.6119182197283]","[-24.259252299284302, 340.36273221082, -495.92855753748165, -63.04448100517607]","[-145.08346281665322, 309.39412265775525, -483.2968420694757, -123.87443821225907]"
467,Robot,"[-262.08625308738647, 337.2860505336358, 0, 0]","[-356.3040736899762, 417.96985578650856, -376.87128241035884, 322.73522101149115]","[-459.52496461559934, 448.9056697030424, -412.88356370249267, 123.74325566613538]","[-581.5746023591049, 421.9099443148865, -488.1985509740223, -107.98290155262362]","[-703.3073985797837, 393.55096302348585, -486.9311848827151, -113.43592516560261]","[-825.0931709589231, 365.4384791712329, -487.14308951655767, -112.44993540901169]","[-947.2024576467512, 338.71167418840975, -488.4371467513124, -106.90721993129273]","[-1069.311744334579, 311.98486920558656, -488.4371467513115, -106.90721993129273]","[-1191.421031022407, 285.2580642227634, -488.4371467513124, -106.90721993129283]","[-1313.530317710235, 258.53125923994094, -488.43714675131196, -106.90721993128977]","[-1435.639604398063, 231.8044542571184, -488.43714675131196, -106.90721993129011]","[-1557.748891085891, 205.07764927429596, -488.43714675131196, -106.90721993128977]","[-1679.858177773719, 178.35084429147346, -488.43714675131196, -106.90721993129]","[-1801.967464461547, 151.624039308651, -488.43714675131196, -106.90721993128989]","[-1924.076751149375, 124.89723432582852, -488.43714675131196, -106.90721993128989]","[-2046.186037837203, 98.17042934300603, -488.43714675131196, -106.90721993128994]"
468,Robot,"[-2040.32922, -3194.35476, 0, 0]","[-2145.777182679884, -3127.441677162885, -421.79185071953543, 267.6523313484613]","[-2233.1055084360346, -3069.1493976080023, -349.31330302460265, 233.16911821953]","[-2233.1055084360346, -3069.1493976080023, 0.0, 0.0]","[-2233.1055084360346, -3069.1493976080023, 0.0, 0.0]","[-2233.1055084360346, -3069.1493976080023, 0.0, 0.0]","[-2233.1055084360346, -3069.1493976080023, 0.0, 0.0]","[-2233.1055084360346, -3069.1493976080023, 0.0, 0.0]","[-2233.1055084360346, -3069.1493976080023, 0.0, 0.0]","[-2233.1055084360346, -3069.1493976080023, 0.0, 0.0]","[-2286.9369635261296, -3147.190566620462, -215.32582036038002, -312.1646760498388]","[-2366.523026965715, -3243.532761632413, -318.34425375834144, -385.36878004780374]","[-2455.5794518449343, -3331.118622311608, -356.2256995168773, -350.34344271677946]","[-2560.102450954549, -3370.074713808762, -418.0919964384593, -155.8243659886175]","[-2625.067428698197, -3263.2826182830827, -259.8599109745919, 427.16838210271817]","[-2690.032406441845, -3156.490522757403, -259.8599109745919, 427.16838210271817]"
469,Robot,"[-2754.997384185493, -3049.698427231724, 0, 0]","[-2829.167136085633, -2950.104019576797, -296.67900760056, 398.3776306197087]","[-2917.144049220511, -2861.306143728, -351.9076525395121, 355.1915033951882]","[-3005.120962355389, -2772.508267879202, -351.9076525395121, 355.19150339519183]","[-3090.618934375845, -2689.055563735435, -341.9918880818241, 333.8108165750673]","[-3178.7142096623097, -2622.883551439465, -352.38110114585834, 264.68804918388014]","[-3270.412939468393, -2558.6133476818923, -366.79491922433226, 257.080815030291]","[-3361.63931880631, -2494.4268182785145, -364.9055173516681, 256.74611761351116]","[-3452.361722709072, -2430.3295468099286, -362.88961561104986, 256.38908587434366]","[-3543.8864853433333, -2374.2690989335288, -366.0990505370446, 224.2417915055994]","[-3631.84776172792, -2302.248203415421, -351.8451055383466, 288.08358207243145]","[-3716.103864418461, -2209.9123536093985, -337.0244107621638, 369.3433992240898]","[-3800.359967109001, -2117.576503803376, -337.0244107621602, 369.3433992240898]","[-3884.6160697995474, -2025.240653997353, -337.02441076218565, 369.3433992240916]","[-3968.882950475374, -1932.9146657870308, -337.06752270330617, 369.3039528412892]","[-4053.271106605385, -1840.6999067735276, -337.55262452004354, 368.8590360540129]"
470,Robot,"[-4137.515933984679, -1748.353771931035, 0, 0]","[-4220.271929420552, -1654.690734225702, -331.0239817434922, 374.6521508213318]","[-4304.640517802023, -1566.5882133292569, -337.4743535258858, 352.41008358578074]","[-4411.225215187952, -1502.1576244999333, -426.3387895437154, 257.7223553172944]","[-4509.015602409967, -1425.0120786470914, -391.16154888805977, 308.5821834113676]","[-4611.954904387189, -1354.190893578481, -411.75720790888954, 283.284740274441]","[-4712.2156457689225, -1280.9264419301023, -401.0429655269327, 293.0578065935151]","[-4775.647465323163, -1176.079511593776, -253.72727821696026, 419.3877213453052]","[-4852.538036669487, -1081.9538933876663, -307.5622853852986, 376.5024728244392]","[-4926.950192778132, -983.1948318430808, -297.6486244345797, 395.036246178342]","[-4993.334778079685, -889.261616792184, -265.53834120621104, 375.7328602035873]","[-5116.82480419327, -908.2052476431838, -493.9601044543415, -75.77452340399941]","[-5240.376158613314, -926.9598547521618, -494.20541768017574, -75.01842843591203]","[-5362.653359830413, -949.2061352499665, -489.10880486839596, -88.98512199121842]","[-5448.981303367883, -1036.3525031641382, -345.31177414987906, -348.5854716566869]","[-5479.629920451062, -1046.5816198774294, -122.59446833271795, -40.91646685316482]"
471,Robot,"[-5483.899536227428, -921.6545596337736, 0, 0]","[-5488.169152003794, -796.7274993901183, -17.078463105463015, 499.7082409746213]","[-5492.43876778016, -671.800439146463, -17.078463105463015, 499.7082409746213]","[-5496.708383556533, -546.8733789028076, -17.07846310549212, 499.7082409746213]","[-5559.763647236222, -438.9426894660912, -252.22105471875693, 431.7227577468657]","[-5622.818910915911, -331.0120000293748, -252.22105471875693, 431.7227577468657]","[-5685.8741745956, -223.08131059265816, -252.22105471875693, 431.7227577468666]","[-5752.12840262231, -133.148946681722, -265.0169121068393, 359.7294556437446]","[-5823.496205964051, -30.618429586515724, -285.47121336696387, 410.12206838082545]","[-5879.56183970757, 49.667228380054055, -224.2625349740738, 321.1426318662791]","[-5910.909837724419, 88.12680808286359, -125.39199206739795, 153.83831881123814]","[-5929.221460780245, 97.34044197622907, -73.24649222330481, 36.85453557346193]","[-5946.612937606013, 106.93215659423625, -69.56590730306925, 38.366858472028696]","[-5967.564588754583, 127.78788706546518, -83.80660459428327, 83.42292188491575]","[-6010.741385409353, 207.9560303309571, -172.70718661907813, 320.6725730619677]","[-6050.990291371268, 290.06106960699907, -160.99562384765886, 328.42015710416786]"
472,Robot,"[-6085.740290789519, 365.09028365486057, 0, 0]","[-6114.752532181045, 434.6041346551579, -116.04896556610402, 278.05540400118934]","[-6137.332337135796, 500.6035529130649, -90.31921981900086, 263.997673031628]","[-6152.069359728896, 566.3556660454614, -58.948090372403385, 263.00845252958584]","[-6156.547023983844, 639.5948854710987, -17.91065701979096, 292.95687770254926]","[-6153.287583456638, 729.0921646199878, 13.037762108826428, 357.9891165955564]","[-6150.831951828102, 813.6004729298099, 9.822526514140918, 338.0332332392886]","[-6149.6487617735, 890.7056591028818, 4.732760218408657, 308.42074469228737]","[-6149.887682959647, 959.5369382954144, -0.9556847445855974, 275.32511677013076]","[-6152.904286847863, 891.5228724663572, -12.066415552864783, -272.056263316229]","[-6120.1400647329465, 771.6734755426406, 131.05688845966506, -479.39758769486616]","[-6117.128772011877, 646.8188491022489, 12.045170884277468, -499.41850576156685]","[-6132.61620040509, 523.1894086812205, -61.94971357285249, -494.5177616841138]","[-6196.980660346332, 417.507532794635, -257.4578397649675, -422.72750354634195]","[-6279.329751914638, 426.10678605998726, -329.396366273224, 34.3970130614091]","[-6320.5075909842935, 544.1296040637664, -164.71135627862168, 472.0912720151164]"
473,Robot,"[-6361.685430053949, 662.1524220675465, 0, 0]","[-6402.863269123604, 780.1752400713247, -164.71135627862168, 472.09127201511274]","[-6444.04110819326, 898.1980580751019, -164.71135627862168, 472.0912720151091]","[-6485.218947262915, 1016.2208760788792, -164.71135627862168, 472.0912720151091]","[-6423.829896818229, 1021.090075950358, 245.55620177874516, 19.476799485915308]","[-6320.992716879741, 951.032259253248, 411.3487197539507, -280.2312667884403]","[-6218.6624388598775, 879.4691755820605, 409.3211120794549, -286.2523346847497]","[-6110.192795897153, 829.8058402248942, 433.8785718508989, -198.6533414286655]","[-5989.69256327969, 825.6812690815381, 482.000930469851, -16.498284573424385]","[-5876.888128343482, 834.1781940019052, 451.2177397448322, 33.98769968146871]","[-5791.259446585185, 758.1919946857907, 342.5147270331872, -303.944797264458]","[-5707.168700401247, 665.7055286151915, 336.3629847357515, -369.945864282397]","[-5623.0779542173095, 573.2190625445922, 336.3629847357515, -369.945864282397]","[-5538.987208033372, 480.7325964739935, 336.3629847357515, -369.94586428239495]","[-5452.562292665529, 390.4234939224825, 345.69966147137166, -361.23641020604396]","[-5366.137377297686, 300.11439137097153, 345.69966147137166, -361.23641020604396]"
474,Robot,"[-5279.712461929834, 209.8052888194609, 0, 0]","[-5193.287546561979, 119.49618626795063, 345.69966147141895, -361.2364102060411]","[-5106.862631194124, 29.18708371644029, 345.69966147141895, -361.23641020604134]","[-5020.437715826271, -61.12201883507012, 345.6996614714117, -361.2364102060417]","[-4934.012800458417, -151.4311213865804, 345.69966147141895, -361.2364102060411]","[-4847.587885090562, -241.74022393809068, 345.69966147141895, -361.2364102060411]","[-4761.162969722707, -332.0493264896016, 345.69966147141895, -361.2364102060436]","[-4674.7380543548525, -422.3584290411126, 345.69966147141895, -361.23641020604396]","[-4588.313138986998, -512.6675315926235, 345.69966147141923, -361.23641020604407]","[-4501.888223619144, -602.9766341441331, 345.6996614714153, -361.2364102060383]","[-4415.46330825129, -693.2857366956426, 345.6996614714153, -361.2364102060383]","[-4329.038392883436, -783.5948392471522, 345.6996614714153, -361.2364102060383]","[-4242.613477515583, -873.9039417986618, 345.6996614714117, -361.2364102060383]","[-4156.18856214773, -964.2130443501712, 345.6996614714117, -361.2364102060378]","[-4069.7636467798766, -1054.522146901681, 345.6996614714153, -361.2364102060392]","[-3983.3387314120223, -1144.8312494531906, 345.69966147141713, -361.2364102060383]"
475,Robot,"[-3896.913816044168, -1235.1403520047002, 0, 0]","[-3810.4889006763137, -1325.4494545562095, 345.69966147141713, -361.23641020603736]","[-3724.06398530846, -1415.7585571077193, 345.6996614714153, -361.2364102060392]","[-3637.639069940605, -1506.0676596592289, 345.69966147141895, -361.2364102060383]","[-3551.214154572751, -1596.3767622107384, 345.69966147141713, -361.2364102060383]","[-3464.7892392048966, -1686.685864762248, 345.69966147141713, -361.2364102060383]","[-3378.3643238370423, -1776.9949673137576, 345.69966147141713, -361.2364102060383]","[-3291.939408469188, -1867.3040698652671, 345.69966147141713, -361.2364102060383]","[-3205.5144931013338, -1957.6131724167767, 345.6996614714174, -361.2364102060386]","[-3119.0895777334795, -2047.9222749682865, 345.69966147141713, -361.2364102060392]","[-3032.664662365625, -2138.231377519796, 345.69966147141713, -361.23641020603736]","[-2952.4991391886083, -2226.364707139698, 320.6620927080676, -352.5333184796091]","[-2878.576297323149, -2318.084585644241, 295.6913674618372, -366.8795140181719]","[-2802.632821226821, -2402.343645955368, 303.77390438531256, -337.03624124450835]","[-2702.4726057392318, -2450.6636144732392, 400.64086195035634, -193.2798740714843]","[-2589.9509601294435, -2445.7600178500206, 450.08658243915306, 19.614386492874473]"
476,Robot,"[-2658.8106199949248, -2349.6468478905044, 0, 0]","[-2682.0583524244635, -2231.3904371267727, -92.9909297181548, 473.02564305492706]","[-2682.655050679223, -2226.426169689097, -2.3867930190390325, 19.857069750702067]","[-2682.655050679223, -2226.426169689097, 0.0, 0.0]","[-2685.0157410264383, -2230.833792754261, -9.442761388860163, -17.630492260655956]","[-2704.7072597916736, -2354.1624959990854, -78.76607506094115, -493.31481297929713]","[-2683.006789216772, -2476.2986423195807, 86.8018822996055, -488.5445852819812]","[-2650.2828912671293, -2596.939209721189, 130.89559179857133, -482.5622696064329]","[-2617.558993317485, -2717.579777122797, 130.8955917985769, -482.56226960643335]","[-2587.802358505559, -2799.8030242476198, 119.02653924770493, -328.89298849929037]","[-2574.0265709552605, -2675.564432508297, 55.103150201193785, 496.9543669572904]","[-2560.250783404962, -2551.325840768975, 55.103150201193785, 496.9543669572886]","[-2546.474995854664, -2427.087249029653, 55.103150201191966, 496.9543669572886]","[-2532.699208304365, -2302.8486572903307, 55.103150201195604, 496.9543669572886]","[-2518.9234207540667, -2178.6100655510086, 55.103150201193785, 496.9543669572886]","[-2505.147633203768, -2054.3714738116864, 55.103150201195604, 496.9543669572886]"
477,Robot,"[-2491.37184565347, -1930.1328820723695, 0, 0]","[-2477.596058103172, -1805.8942903330533, 55.103150201191966, 496.95436695726494]","[-2463.820270552873, -1681.6556985937368, 55.103150201195604, 496.95436695726585]","[-2450.0444830025745, -1557.4171068544204, 55.103150201193785, 496.95436695726585]","[-2436.268695452276, -1433.178515115104, 55.103150201193785, 496.95436695726585]","[-2422.4929079019776, -1308.9399233757874, 55.103150201193785, 496.95436695726585]","[-2408.717120351679, -1184.701331636471, 55.103150201193785, 496.95436695726585]","[-2394.9413328013807, -1060.4627398971545, 55.103150201193785, 496.95436695726585]","[-2381.165545251082, -936.224148157836, 55.103150201193834, 496.9543669572745]","[-2367.389757700784, -811.9855564185167, 55.103150201193785, 496.9543669572772]","[-2353.6139701504853, -687.7469646791974, 55.103150201193785, 496.9543669572772]","[-2339.838182600187, -563.5083729398781, 55.103150201193785, 496.9543669572772]","[-2326.0623950498884, -439.2697812005596, 55.103150201193785, 496.95436695727403]","[-2312.28660749959, -315.0311894612417, 55.103150201193785, 496.95436695727153]","[-2298.5108199492915, -190.79259772192347, 55.103150201193785, 496.9543669572729]","[-2284.735032398993, -66.55400598260506, 55.103150201193785, 496.95436695727363]"
478,Robot,"[-2270.9592448486947, 57.68458575671335, 0, 0]","[-2257.183457298396, 181.9231774960317, 55.103150201193785, 496.95436695727346]","[-2243.4076697480978, 306.16176923535005, 55.103150201193785, 496.95436695727335]","[-2215.120703493421, 425.4062038800757, 113.14786501870731, 476.9777385789025]","[-2149.5192777132, 531.808520281564, 262.4057031208831, 425.6092656059534]","[-2083.9178519329785, 638.2108366830524, 262.40570312088676, 425.6092656059536]","[-2019.697626045403, 745.0767068134338, 256.8809035503018, 427.4634805215255]","[-1954.3137880960596, 850.386368206341, 261.53535179737355, 421.2386455716287]","[-1888.666106124206, 956.7601518737574, 262.5907278874149, 425.49513466966613]","[-1823.0184241523525, 1063.1339355411728, 262.5907278874138, 425.49513466966164]","[-1767.8612497076508, 1174.743641220627, 220.62869777880678, 446.43882271781695]","[-1701.3510695495468, 1280.5699447231268, 266.0407206324162, 423.30521400999896]","[-1635.0989002663637, 1386.5682940747697, 265.0086771327324, 423.9933974065716]","[-1633.0786552670752, 1381.7576956147443, 8.080979997153918, -19.242393840101613]","[-1634.3110988978024, 1371.368379946406, -4.929774522908701, -41.55726267335285]","[-1664.857531720045, 1311.7308482541284, -122.1857312889706, -238.55012676911065]"
479,Robot,"[-1717.811872455911, 1215.1548646777314, 0, 0]","[-1752.8308279934172, 1147.8238654499196, -140.07582215002458, -269.3239969112474]","[-1783.3506092713333, 1089.958824943201, -122.07912511166433, -231.46016202687406]","[-1841.0720744398016, 996.357913185789, -230.88586067387314, -374.40364702964825]","[-1857.3019021453083, 956.5829120186812, -64.919310822027, -159.1000046684312]","[-1857.3019021453083, 956.5829120186812, 0.0, 0.0]","[-1877.9526272411288, 981.7073887336198, -82.60290038328185, 100.4979068597545]","[-1938.5257180126632, 1027.3359712058334, -242.2923630861378, 182.51432988885426]","[-1980.223861432392, 1078.0818263894687, -166.79257367891492, 202.9834207345413]","[-1944.5009088897937, 1162.9300141909912, 142.891810170393, 339.39275120609]","[-1871.2811532511785, 1264.0991657023087, 292.8790225544608, 404.6766060452701]","[-1797.9387840169557, 1365.3211834410947, 293.36947693689126, 404.88807095514403]","[-1724.5964147827328, 1466.5432011798807, 293.36947693689126, 404.88807095514403]","[-1651.25404554851, 1567.7652189186667, 293.36947693689126, 404.88807095514403]","[-1577.9116763142872, 1668.9872366574527, 293.36947693689126, 404.88807095514403]","[-1504.5693070800644, 1770.2092543962387, 293.36947693689126, 404.88807095514403]"
480,Robot,"[-1431.2269378458416, 1871.4312721350248, 0, 0]","[-1357.8845686116188, 1972.6532898738108, 293.36947693689126, 404.88807095514403]","[-1284.542199377396, 2073.8753076125954, 293.36947693689126, 404.8880709551386]","[-1211.1998301431731, 2175.097325351376, 293.36947693689126, 404.8880709551231]","[-1137.8574609089503, 2276.319343090156, 293.36947693689126, 404.8880709551195]","[-1064.5150916747275, 2377.5413608289364, 293.36947693689126, 404.8880709551213]","[-991.1727224405048, 2478.7633785677167, 293.3694769368908, 404.8880709551213]","[-917.830353206282, 2579.985396306497, 293.36947693689126, 404.8880709551213]","[-819.5354065729838, 2644.2108588173887, 393.1797865331931, 256.90185004356704]","[-698.2073115713085, 2674.2856549640755, 485.312380006701, 120.29918458674729]","[-576.8792165696333, 2704.360451110761, 485.312380006701, 120.29918458674183]","[-567.9206200120869, 2612.5002470406525, 35.83438623018537, -367.44081628043386]","[-587.656466343402, 2489.068094140414, -78.94338532526035, -493.72861160095454]","[-607.3923126747171, 2365.6359412401757, -78.94338532526035, -493.7286116009527]","[-627.1281590060322, 2242.2037883399366, -78.94338532526035, -493.72861160095636]","[-646.8640053373473, 2118.771635439698, -78.94338532526035, -493.72861160095454]"
481,Robot,"[-666.5998516686624, 1995.3394825394616, 0, 0]","[-686.3356979999775, 1871.907329639229, -78.94338532526035, -493.7286116009309]","[-706.0715443312926, 1748.475176738996, -78.94338532526035, -493.7286116009318]","[-725.8073906626076, 1625.043023838763, -78.94338532526035, -493.7286116009318]","[-745.5432369939227, 1501.61087093853, -78.94338532526035, -493.7286116009318]","[-765.2790833252378, 1378.1787180382971, -78.94338532526035, -493.7286116009318]","[-785.0149296565529, 1254.7465651380642, -78.94338532526035, -493.7286116009318]","[-804.750775987868, 1131.3144122378312, -78.94338532526035, -493.7286116009318]","[-824.4866223191831, 1007.8822593375984, -78.94338532526042, -493.7286116009318]","[-844.2224686504982, 884.4501064373653, -78.94338532526035, -493.72861160093225]","[-863.9583149818133, 761.0179535371324, -78.94338532526035, -493.7286116009318]","[-882.7914390916508, 637.4752007972179, -75.33249643935005, -494.1710109596579]","[-900.4077464967971, 513.7973815407908, -70.46522962058543, -494.71127702570857]","[-917.3610945542016, 390.0496049586044, -67.81339222961788, -494.99110632874545]","[-919.3089445397468, 265.4796207661413, -7.79139994218076, -498.2799367698524]","[-942.883005648198, 142.8061750264039, -94.29624443380499, -490.69378295894955]"
482,Robot,"[-1005.2524783495694, 37.93475943778266, 0, 0]","[-1079.168319001624, -62.399384188299166, -295.66336260821845, -401.3365745043273]","[-1132.0210370538352, -175.59629373563223, -211.41087220884492, -452.78763818933226]","[-1172.7120483338197, -293.7430544853929, -162.7640451199377, -472.58704299904275]","[-1189.890917285332, -416.0793497147587, -68.71547580604965, -489.34518091746304]","[-1136.5116839447776, -528.4596970336746, 213.51693336221797, -449.52138927566375]","[-1124.9061294854578, -652.0859852393222, 46.42221783727928, -494.5051528225904]","[-1226.0935305582216, -723.2868902168614, -404.7496042910552, -284.8036199101566]","[-1331.9449227298144, -789.7736014856245, -423.4055686863716, -265.9468450750526]","[-1437.7963149014072, -856.2603127543875, -423.4055686863712, -265.94684507505235]","[-1543.647707073, -922.7470240231506, -423.4055686863712, -265.94684507505235]","[-1649.4990992445928, -989.2337352919136, -423.4055686863712, -265.9468450750519]","[-1755.3504914161856, -1055.7204465606756, -423.4055686863712, -265.9468450750478]","[-1861.2018835877784, -1122.2071578294358, -423.4055686863712, -265.946845075041]","[-1967.0532757593712, -1188.693869098196, -423.4055686863712, -265.946845075041]","[-2072.9046679309627, -1255.1805803669563, -423.40556868636577, -265.946845075041]"
483,Robot,"[-2178.75606010255, -1321.6672916357163, 0, 0]","[-2289.0951041673507, -1358.4759053872217, -441.3561762592035, -147.23445500602156]","[-2407.45424258104, -1318.3155126783952, -473.4365536547575, 160.64157083530608]","[-2516.383331105617, -1306.9343571419497, -435.7163540983074, 45.524622145781905]","[-2614.693516059758, -1384.1360898574978, -393.2407398165651, -308.80693086219253]","[-2713.0037010138994, -1461.337822573046, -393.2407398165651, -308.80693086219253]","[-2811.7860985579646, -1530.0477419591616, -395.12959017626054, -274.8396775444626]","[-2915.089829041619, -1573.5793369158062, -413.21492193461745, -174.12637982657816]","[-3024.720022218108, -1564.2625550058835, -438.5207727059573, 37.26712763969048]","[-3132.699460539373, -1535.7920470287374, -431.917753285059, 113.8820319085844]","[-3234.232630327178, -1507.6228690363885, -406.13267915122015, 112.67671196939591]","[-3323.731614152571, -1518.0593119964724, -357.9959353015729, -41.74577184033569]","[-3410.3326966255563, -1512.6655593144662, -346.4043298919405, 21.57501072802461]","[-3497.821754219014, -1446.3501482765844, -349.9562303738312, 265.26164415152743]","[-3573.8883488323154, -1391.0352868499856, -304.2663784532051, 221.25944570639513]","[-3624.3963125174905, -1460.53081336721, -202.0318547407005, -277.98210606889734]"
484,Robot,"[-3664.8431502936487, -1578.806141791647, 0, 0]","[-3705.2899880698064, -1697.081470216084, -161.78735110463094, -473.1013136977481]","[-3745.736825845964, -1815.356798640521, -161.78735110463094, -473.1013136977481]","[-3786.1836636221215, -1933.632127064958, -161.78735110462912, -473.1013136977481]","[-3826.63050139828, -2051.907455489395, -161.78735110463458, -473.1013136977481]","[-3871.244518030497, -2165.9366721284505, -178.45606652886818, -456.1168665562218]","[-3987.438388801034, -2211.487367651649, -464.7754830821468, -182.20278209279422]","[-4103.943517919126, -2256.78146096608, -466.0205164723684, -181.17637325772375]","[-4220.448647037208, -2302.0755542805105, -466.02051647232696, -181.1763732577221]","[-4336.953776155289, -2347.369647594941, -466.02051647232656, -181.17637325772193]","[-4453.458905273371, -2392.6637409093714, -466.02051647232656, -181.17637325772193]","[-4569.9640343914525, -2437.957834223802, -466.02051647232656, -181.17637325772193]","[-4686.469163509534, -2483.2519275382324, -466.02051647232656, -181.17637325772193]","[-4802.974292627616, -2528.546020852663, -466.02051647232656, -181.17637325772193]","[-4919.479421745697, -2573.8401141670934, -466.02051647232656, -181.17637325772193]","[-5035.984550863779, -2619.134207481524, -466.02051647232656, -181.17637325772193]"
485,Robot,"[-5152.489679981861, -2664.4283007959543, 0, 0]","[-5268.994809099945, -2709.722394110385, -466.0205164723375, -181.17637325772193]","[-5385.499938218034, -2755.0164874248158, -466.02051647235567, -181.17637325772375]","[-5502.005067336123, -2800.310580739246, -466.02051647235567, -181.17637325772012]","[-5618.510196454212, -2845.6046740536763, -466.02051647235567, -181.17637325772193]","[-5735.015325572302, -2890.8987673681067, -466.0205164723593, -181.17637325772193]","[-5851.52045469039, -2936.192860682537, -466.020516472352, -181.17637325772012]","[-5968.02558380848, -2981.486953996968, -466.02051647236294, -181.17637325772557]","[-6084.530712926568, -3026.781047311398, -466.0205164723524, -181.1763732577203]","[-6201.035842044657, -3072.0751406258287, -466.02051647235567, -181.17637325772193]","[-6317.540971162745, -3117.369233940259, -466.020516472352, -181.17637325772193]","[-6347.124815816629, -3144.9972482171584, -118.33537861553486, -110.51205710759677]","[-6222.181932534146, -3141.2188997606686, 499.77153312993323, 15.113393825959065]","[-6097.239049251662, -3137.440551304179, 499.77153312993323, 15.113393825959065]","[-5972.296165969179, -3133.662202847689, 499.77153312993323, 15.113393825959065]","[-5847.353282686696, -3129.8838543911997, 499.77153312993323, 15.113393825957246]"
486,Robot,"[-5722.4103994042125, -3126.105505934709, 0, 0]","[-5597.467516121729, -3122.32715747822, 499.77153312993323, 15.113393825955427]","[-5472.524632839246, -3118.54880902173, 499.77153312993323, 15.113393825960884]","[-5347.581749556763, -3114.77046056524, 499.77153312993323, 15.113393825960884]","[-5222.638866274279, -3110.9921121087505, 499.77153312993323, 15.113393825957246]","[-5097.695982991796, -3107.2137636522607, 499.77153312993323, 15.113393825959065]","[-4973.179024065182, -3098.068473390289, 498.0678357064571, 36.58116104788678]","[-4849.204150682401, -3082.092529921342, 495.8994935311239, 63.90377387578883]","[-4725.22927729962, -3066.116586452394, 495.89949353112434, 63.903773875790705]","[-4601.254403916839, -3050.1406429834465, 495.8994935311239, 63.90377387579065]","[-4477.279530534058, -3034.164699514499, 495.8994935311239, 63.90377387579065]","[-4353.304657151277, -3018.188756045551, 495.8994935311239, 63.90377387579065]","[-4229.329783768496, -3002.2128125766035, 495.8994935311239, 63.90377387579065]","[-4105.354910385715, -2986.236869107656, 495.8994935311239, 63.90377387579065]","[-3981.380037002934, -2970.260925638708, 495.8994935311239, 63.90377387579065]","[-3857.405163620153, -2954.2849821697605, 495.8994935311239, 63.90377387579065]"
487,Robot,"[-3733.430290237372, -2938.309038700813, 0, 0]","[-3609.455416854591, -2922.333095231865, 495.8994935311239, 63.90377387579065]","[-3485.48054347181, -2906.357151762917, 495.8994935311239, 63.90377387579247]","[-3361.505670089029, -2890.38120829397, 495.8994935311239, 63.90377387578883]","[-3237.530796706248, -2874.405264825018, 495.8994935311239, 63.90377387580702]","[-3113.555923323467, -2858.429321356065, 495.8994935311239, 63.903773875812476]","[-2989.581049940686, -2842.4533778871114, 495.8994935311239, 63.903773875814295]","[-2865.606176557905, -2826.4774344181583, 495.8994935311239, 63.903773875812476]","[-2745.0957359572653, -2793.2775292038323, 482.0417624025599, 132.79962085730415]","[-2624.585295356625, -2760.0776239895063, 482.0417624025613, 132.79962085730403]","[-2504.0748547559856, -2726.8777187751803, 482.04176240255765, 132.79962085730403]","[-2383.5644141553457, -2693.6778135608542, 482.04176240255947, 132.79962085730403]","[-2263.053973554706, -2660.477908346528, 482.04176240255947, 132.79962085730585]","[-2142.543532954066, -2627.2780031322022, 482.04176240255947, 132.79962085730222]","[-2022.0330923534275, -2594.078097917876, 482.041762402554, 132.79962085730403]","[-1901.5226517527933, -2560.87819270355, 482.04176240253673, 132.79962085730403]"
488,Robot,"[-1781.0122111521591, -2527.678287489224, 0, 0]","[-1660.501770551525, -2494.478382274898, 482.04176240253673, 132.79962085730403]","[-1539.9913299508908, -2461.278477060572, 482.04176240253673, 132.79962085730403]","[-1419.4808893502566, -2428.078571846246, 482.04176240253673, 132.79962085730403]","[-1298.9704487496224, -2394.87866663192, 482.04176240253673, 132.79962085730403]","[-1178.4600081489882, -2361.678761417594, 482.04176240253673, 132.79962085730403]","[-1057.949567548354, -2328.478856203268, 482.04176240253673, 132.79962085730403]","[-937.4391269477178, -2295.278950988942, 482.0417624025449, 132.79962085730403]","[-816.9286863470808, -2262.0790457746148, 482.04176240254856, 132.7996208573096]","[-696.4182457464437, -2228.879140560283, 482.0417624025481, 132.79962085732768]","[-575.9078051458067, -2195.679235345951, 482.0417624025481, 132.79962085732768]","[-455.3973645451704, -2162.479330131619, 482.0417624025454, 132.79962085732768]","[-334.8869239445348, -2129.2794249172875, 482.0417624025424, 132.79962085732586]","[-214.3764833438992, -2096.079519702956, 482.0417624025423, 132.79962085732586]","[-93.86604274326343, -2062.879614488624, 482.04176240254304, 132.79962085732768]","[26.644397857372468, -2029.6797092742927, 482.0417624025436, 132.79962085732586]"
489,Robot,"[147.15483845800836, -1996.479804059961, 0, 0]","[267.665279058644, -1963.2798988456293, 482.04176240254253, 132.79962085732677]","[388.1757196592796, -1930.0799936312976, 482.0417624025424, 132.79962085732677]","[508.6861602599152, -1896.880088416966, 482.0417624025424, 132.79962085732677]","[629.1966008605522, -1863.6801832026345, 482.0417624025479, 132.79962085732586]","[749.7070414611892, -1830.4802779883023, 482.0417624025481, 132.7996208573286]","[870.2174820618262, -1797.2803727739708, 482.0417624025481, 132.79962085732586]","[990.7279226624632, -1764.0804675596391, 482.0417624025481, 132.79962085732677]","[1111.238363263098, -1730.8805623453077, 482.0417624025399, 132.79962085732598]","[1231.7488038637323, -1697.6806571309758, 482.04176240253673, 132.79962085732768]","[1353.154937774763, -1668.4121107670428, 485.62453564412317, 117.07418545573182]","[1476.0003158596394, -1646.643871156935, 491.3815123395052, 87.07295844043165]","[1594.7038037520676, -1637.4832266089918, 474.813951569713, 36.64257819177237]","[1718.3214480633496, -1653.5826023098805, 494.47057724512797, -64.39750280355474]","[1842.4765525778485, -1645.59172781603, 496.62041805799527, 31.96349797540188]","[1965.1376686437072, -1621.5395803272334, 490.6444642634351, 96.20858995518665]"
490,Robot,"[2087.767253495873, -1597.311808680094, 0, 0]","[2210.3968383480387, -1573.084037032955, 490.51833940866345, 96.91108658855592]","[2333.0264232002046, -1548.8562653858155, 490.51833940866345, 96.91108658855774]","[2455.6560080523705, -1524.6284937386763, 490.51833940866345, 96.91108658855683]","[2578.2855929045363, -1500.400722091537, 490.51833940866345, 96.91108658855683]","[2700.915177756702, -1476.172950444398, 490.51833940866345, 96.91108658855592]","[2823.544762608868, -1451.945178797259, 490.51833940866345, 96.91108658855683]","[2946.174347461034, -1427.7174071501197, 490.51833940866345, 96.91108658855683]","[3068.8039323132, -1403.4896355029805, 490.5183394086657, 96.91108658855691]","[3191.4335171653656, -1379.2618638558413, 490.51833940866163, 96.91108658855683]","[3314.0631020175315, -1355.034092208702, 490.51833940866345, 96.91108658855683]","[3436.6926868696974, -1330.8063205615629, 490.51833940866345, 96.91108658855683]","[3559.322271721863, -1306.5785489144237, 490.51833940866345, 96.91108658855683]","[3681.951856574029, -1282.3507772672845, 490.51833940866345, 96.91108658855683]","[3804.581441426195, -1258.1230056201452, 490.51833940866345, 96.91108658855683]","[3927.211026278361, -1233.895233973006, 490.51833940866345, 96.91108658855683]"
491,Robot,"[4049.840611130527, -1209.6674623258668, 0, 0]","[4172.4701959826925, -1185.4396906787276, 490.51833940866163, 96.91108658855683]","[4295.099780834858, -1161.2119190315884, 490.51833940866345, 96.91108658855683]","[4417.729365687024, -1136.9841473844492, 490.51833940866345, 96.91108658855683]","[4540.35895053919, -1112.75637573731, 490.51833940866345, 96.91108658855683]","[4662.988535391356, -1088.5286040901708, 490.51833940866345, 96.91108658855683]","[4785.618120243522, -1064.3008324430316, 490.51833940866345, 96.91108658855683]","[4908.247705095688, -1040.0730607958924, 490.51833940866345, 96.91108658855683]","[5030.877289947854, -1015.8452891487532, 490.5183394086639, 96.91108658855691]","[5153.506874800019, -991.617517501614, 490.51833940866345, 96.91108658855683]","[5276.136459652185, -967.3897458544748, 490.51833940866345, 96.91108658855683]","[5398.766044504351, -943.1619742073356, 490.51833940866345, 96.91108658855683]","[5521.395629356517, -918.9342025601964, 490.51833940866345, 96.91108658855683]","[5627.603012079591, -859.7298759605771, 424.82953089229704, 236.81730639847683]","[5724.572906105052, -780.8512372001879, 387.8795761018446, 315.51455504155683]","[5821.542800130512, -701.9725984397987, 387.8795761018373, 315.51455504155683]"
492,Robot,"[5918.512694155972, -623.0939596794095, 0, 0]","[6015.482588181432, -544.2153209190203, 387.87957610184094, 315.51455504155683]","[6112.4524822068925, -465.3366821586303, 387.87957610184094, 315.51455504156]","[6209.422376232353, -386.4580433982396, 387.87957610184094, 315.51455504156274]","[6306.392270257813, -307.579404637849, 387.87957610184094, 315.5145550415625]","[6394.850368980841, -232.15733754896488, 353.83239489211337, 301.6882683555365]","[6491.897696015216, -153.37398705228648, 388.1893081374983, 315.1334019867136]","[6588.94502304959, -74.59063655560809, 388.1893081374983, 315.1334019867136]","[6677.251511263441, 2.817444567489039, 353.2259528554026, 309.63232449238876]","[6755.416573726057, 99.36198755149312, 312.66024985046533, 386.1781719360163]","[6820.930856566883, 205.38111844829425, 262.0571313633045, 424.0765235872045]","[6861.418266563856, 323.4156588500502, 161.94963998789171, 472.1381616070238]","[6870.287769402572, 447.6522615258537, 35.47801135486225, 496.94641070321404]","[6835.238811522871, 547.9082039192493, -140.19583151880215, 401.0237695735825]","[6865.693532156883, 632.5234787062938, 121.81888253604484, 338.4610991481777]","[6908.084265043092, 749.6962880263216, 169.56293154483865, 468.6912372801112]"
493,Robot,"[7005.777673341729, 823.3717538759815, 0, 0]","[7120.088544074176, 873.9486738335198, 457.243482929789, 202.30767983015312]","[7234.399414806623, 924.525593791058, 457.243482929789, 202.30767983015267]","[7348.71028553907, 975.1025137485964, 457.243482929789, 202.30767983015357]","[7463.021156271518, 1025.679433706135, 457.243482929789, 202.30767983015403]","[7577.332027003965, 1076.2563536636758, 457.243482929789, 202.30767983016358]","[7691.642897736412, 1126.833273621217, 457.243482929789, 202.3076798301645]","[7805.953768468859, 1177.410193578758, 457.243482929789, 202.3076798301645]","[7920.264639201307, 1227.9871135362991, 457.2434829297894, 202.30767983016466]","[8034.575509933754, 1278.5640334938405, 457.243482929789, 202.3076798301654]","[8148.886380666201, 1329.1409534513814, 457.243482929789, 202.30767983016358]","[8240.996159387363, 1386.0189845314574, 368.439114884648, 227.51212432030388]","[8170.29793002586, 1489.1051638434744, -282.7929174460114, 412.34471724806826]","[8099.599700664365, 1592.191343155495, -282.7929174459823, 412.3447172480819]","[8009.783593409072, 1653.0433370391918, -359.26442902117196, 243.4079755347875]","[7885.883526190498, 1636.4972395163943, -495.6002688742956, -66.18439009118993]"
494,Robot,"[7761.983458971924, 1619.9511419935973, 0, 0]","[7638.08339175335, 1603.4050444708005, -495.6002688742956, -66.1843900911872]","[7514.183324534776, 1586.8589469480055, -495.6002688742956, -66.18439009117992]","[7390.283257316202, 1570.3128494252103, -495.6002688742956, -66.18439009118083]","[7266.383190097628, 1553.7667519024158, -495.6002688742956, -66.1843900911781]","[7142.483122879055, 1537.2206543796208, -495.60026887429194, -66.18439009117992]","[7018.583055660481, 1520.6745568568258, -495.6002688742992, -66.18439009117992]","[6894.682988441907, 1504.1284593340308, -495.6002688742956, -66.18439009117992]","[6770.782921223333, 1487.5823618112358, -495.60026887429603, -66.18439009117998]","[6646.882854004759, 1471.0362642884409, -495.6002688742956, -66.18439009117992]","[6527.214010327447, 1440.5712249735316, -478.675374709248, -121.86015725963716]","[6415.0673418346005, 1385.361400250419, -448.5866739713856, -220.83929889245064]","[6302.920673341754, 1330.1515755273058, -448.5866739713856, -220.83929889245246]","[6190.774004848908, 1274.941750804193, -448.5866739713856, -220.83929889245155]","[6078.627336356061, 1219.73192608108, -448.5866739713856, -220.83929889245155]","[5966.480667863215, 1164.5221013579671, -448.5866739713856, -220.83929889245155]"
495,Robot,"[5854.3339993703685, 1109.3122766348542, 0, 0]","[5742.187330877522, 1054.1024519117414, -448.5866739713856, -220.83929889245155]","[5630.040662384676, 998.8926271886272, -448.5866739713856, -220.83929889245655]","[5517.893993891829, 943.6828024655114, -448.5866739713856, -220.83929889246338]","[5405.747325398983, 888.4729777423956, -448.5866739713856, -220.83929889246292]","[5293.6006569061365, 833.2631530192799, -448.5866739713856, -220.83929889246292]","[5181.45398841329, 778.0533282961642, -448.5866739713856, -220.83929889246292]","[5069.307319920444, 722.8435035730485, -448.5866739713856, -220.83929889246292]","[4957.160651427597, 667.6336788499327, -448.586673971386, -220.83929889246312]","[4845.013982934751, 612.4238541268169, -448.5866739713856, -220.83929889246338]","[4732.867314441904, 557.2140294036983, -448.5866739713856, -220.8392988924743]","[4620.720645949058, 502.00420468058, -448.5866739713856, -220.83929889247315]","[4508.573977456212, 446.7943799574626, -448.5866739713856, -220.83929889246974]","[4396.427308963365, 391.58455523434407, -448.5866739713856, -220.83929889247406]","[4297.821135111643, 357.95452339073006, -394.4246954068876, -134.52012737445602]","[4191.225696295221, 349.1044440232807, -426.381755265691, -35.40031746979753]"
496,Robot,"[4075.7085470855104, 333.3733870067784, 0, 0]","[3964.22662808111, 311.78497392889415, -445.9276760176017, -86.35365231153696]","[3850.718475067487, 341.2815668800316, -454.03261205449235, 117.98637180454989]","[3747.8418017218455, 388.81239018365824, -411.5066933825656, 190.12329321450648]","[3661.5912307928543, 449.1679462052802, -345.00228371596495, 241.42222408648786]","[3594.174933058555, 507.3375785142679, -269.6651909371976, 232.6785292359507]","[3539.038785585179, 579.9131075966418, -220.54458989350314, 290.3021163294957]","[3492.083484101954, 673.8441504565601, -187.82120593289983, 375.7241714396732]","[3459.5865928854123, 616.1259081233693, -129.98756486616742, -230.8729693327634]","[3460.6526733078986, 491.21121503734304, 4.2643216899450636, -499.65877234410505]","[3460.3014515916734, 366.3642264708673, -1.404886864900618, -499.38795426590286]","[3459.844828310138, 241.5137340176236, -1.8264931261419406, -499.4019698129749]","[3353.895583757556, 186.7240861802036, -423.79697821032823, -219.1585913496799]","[3238.7729247461907, 138.02323010811762, -460.49063604546063, -194.803424288344]","[3123.6502657348256, 89.3223740360314, -460.49063604546063, -194.80342428834484]","[3008.5276067234604, 40.6215179639452, -460.49063604546063, -194.80342428834481]"
497,Robot,"[2893.4049477120952, -8.079338108140997, 0, 0]","[2778.28228870073, -56.78019418022727, -460.49063604546063, -194.8034242883451]","[2663.159629689365, -105.48105025231357, -460.49063604546063, -194.80342428834518]","[2548.036970678, -154.18190632440005, -460.4906360454588, -194.80342428834592]","[2432.9143116666346, -202.8827623964867, -460.49063604546245, -194.8034242883466]","[2317.791652655269, -251.58361846857332, -460.49063604546245, -194.8034242883465]","[2202.6689936439043, -300.28447454066, -460.4906360454588, -194.80342428834683]","[2087.546334632539, -348.9853306127466, -460.49063604546063, -194.80342428834638]","[1972.4236756211776, -397.6861866848333, -460.4906360454465, -194.80342428834678]","[1857.3010166098184, -446.3870427569199, -460.490636045437, -194.8034242883466]","[1742.0975308311731, -494.88430192953456, -460.813943114581, -193.98903669045853]","[1626.7347010635615, -542.9549660669281, -461.4513190704465, -192.2826565495743]","[1511.625207150048, -591.686931048595, -460.43797565405384, -194.92785992666768]","[1396.9343521431883, -640.5531041045643, -458.76342002743877, -195.46469222387714]","[1281.8202834006288, -689.2742614957209, -460.45627497023816, -194.88462956462627]","[1166.7062146580693, -737.9954188868775, -460.45627497023816, -194.88462956462627]"
498,Robot,"[1051.4346710464538, -781.4826607406861, 0, 0]","[936.1845928112268, -828.837952612603, -461.00031294090786, -189.4211674876674]","[821.1888483976475, -877.8377359464806, -459.98297765431744, -195.99913333551058]","[706.1931039840681, -926.8375192803584, -459.98297765431744, -195.99913333551103]","[591.1973595704887, -975.837302614236, -459.98297765431744, -195.99913333551058]","[476.2016151569094, -1024.8370859481136, -459.98297765431744, -195.99913333551012]","[361.20587074333, -1073.8368692819884, -459.98297765431744, -195.9991333354992]","[246.21012632975075, -1122.8366526158632, -459.9829776543171, -195.9991333354992]","[131.2143819161721, -1171.836435949738, -459.982977654315, -195.99913333549938]","[16.218637502593438, -1220.8362192836128, -459.98297765431465, -195.9991333354992]","[-98.77710691098522, -1269.8360026174876, -459.98297765431465, -195.9991333354992]","[-213.77285132456387, -1318.8357859513624, -459.9829776543146, -195.9991333354992]","[-328.7685957381421, -1367.8355692852372, -459.9829776543129, -195.9991333354992]","[-443.76434015172, -1416.8353526191129, -459.9829776543115, -195.99913333550285]","[-558.7600845652986, -1465.8351359529904, -459.9829776543145, -195.99913333551012]","[-673.755828978878, -1514.8349192868684, -459.98297765431744, -195.99913333551194]"
499,Robot,"[-788.7515733924573, -1563.8347026207466, 0, 0]","[-903.7473178060368, -1612.8344859546248, -459.9829776543179, -195.99913333551285]","[-1018.743062219616, -1661.8342692885028, -459.982977654317, -195.99913333551194]","[-1133.7388066331953, -1710.8340526223808, -459.982977654317, -195.99913333551194]","[-1255.2409970988076, -1739.5157305186538, -486.0087618624493, -114.72671158509183]","[-1377.308965481988, -1766.4306166377437, -488.27187353272166, -107.65954447635977]","[-1499.3769338651684, -1793.3455027568336, -488.27187353272166, -107.65954447635977]","[-1621.4449022483489, -1820.260388875924, -488.27187353272166, -107.65954447636159]","[-1743.5128706315293, -1847.1752749950133, -488.2718735327221, -107.65954447635714]","[-1865.5808390147097, -1874.0901611141037, -488.27187353272166, -107.65954447636159]","[-1987.64880739789, -1901.0050472331932, -488.27187353272166, -107.65954447635795]","[-2109.7167757810703, -1927.9199333522836, -488.27187353272075, -107.65954447636159]","[-2231.7847441642507, -1954.8348194713733, -488.27187353272166, -107.65954447635886]","[-2353.852712547431, -1981.7497055904632, -488.27187353272166, -107.65954447635977]","[-2475.9206809306115, -2008.6645917095527, -488.27187353272166, -107.65954447635795]","[-2597.988649313792, -2035.5794778286431, -488.27187353272166, -107.65954447636159]"
500,Robot,"[-2720.0566176969724, -2062.49436394773, 0, 0]","[-2842.1245860801528, -2089.4092500668144, -488.27187353272166, -107.65954447633703]","[-2964.192554463333, -2116.3241361858986, -488.27187353272166, -107.65954447633703]","[-3086.2605228465136, -2143.239022304983, -488.27187353272166, -107.65954447633703]","[-3208.328491229694, -2170.153908424067, -488.27187353272166, -107.65954447633703]","[-3330.3964596128744, -2197.0687945431514, -488.27187353272166, -107.65954447633703]","[-3452.464427996055, -2223.983680662236, -488.27187353272166, -107.65954447633885]","[-3574.5323963792357, -2250.89856678132, -488.2718735327235, -107.65954447633521]","[-3696.600364762416, -2277.813452900404, -488.2718735327221, -107.65954447633713]","[-3818.668333145596, -2304.7283390194884, -488.27187353271984, -107.65954447633703]","[-3940.736301528777, -2331.6432251385727, -488.2718735327235, -107.65954447633703]","[-4062.804269911957, -2358.558111257658, -488.27187353271984, -107.65954447634067]","[-4184.872238295137, -2385.4729973767485, -488.27187353272166, -107.6595444763625]","[-4306.940206678318, -2412.3878834958387, -488.27187353272166, -107.65954447636068]","[-4429.008175061498, -2439.3027696149293, -488.27187353272166, -107.6595444763625]","[-4551.076143444679, -2466.2176557340204, -488.27187353272166, -107.65954447636432]"
501,Robot,"[-4673.144111827859, -2493.1325418531105, 0, 0]","[-4795.212080211039, -2520.047427972201, -488.27187353272166, -107.6595444763625]","[-4917.28004859422, -2546.962314091292, -488.27187353272166, -107.6595444763625]","[-5035.140576733139, -2570.3052951879213, -471.44211255567643, -93.371924386518]","[-5150.987763829534, -2550.9336781564584, -463.3887483855797, 77.48646812585139]","[-5263.454655161082, -2518.9952658982124, -449.86756532619256, 127.75364903298396]","[-5369.864718554109, -2487.560969345899, -425.6402535721063, 125.7371862092532]","[-5466.927372239776, -2456.904669831934, -388.2506147426684, 122.62519805586089]","[-5550.809525133498, -2427.3454005007843, -335.5286115748898, 118.23707732459853]","[-5618.707119879495, -2399.1165466844773, -271.59037898398674, 112.91541526522815]","[-5670.438708011818, -2372.233210574267, -206.92635252929176, 107.53334444084066]","[-5708.253672863957, -2346.508173076697, -151.25985940855753, 102.90014999028062]","[-5735.31453463264, -2321.678213532375, -108.2434470747321, 99.31983817728724]","[-5760.309408313011, -2302.119822317468, -99.9794947214832, 78.23356485962904]","[-5803.755517870402, -2310.5276588980723, -173.78443822956615, -33.63134632241781]","[-5845.778771303108, -2367.445546401862, -168.09301373082417, -227.67155001515857]"
502,Robot,"[-5870.990431291736, -2463.7419749384944, 0, 0]","[-5957.182457030312, -2554.25894706416, -344.7681029543055, -362.06788850266275]","[-6040.124920048978, -2647.7500694734827, -331.7698520746635, -373.96448963729017]","[-6111.047915620857, -2748.2625563593588, -283.6919822875134, -402.04994754350446]","[-6229.127124540771, -2789.044457659777, -472.3168356796559, -163.12760520167285]","[-6347.742104680612, -2828.484113926352, -474.45992055936586, -157.75862506630074]","[-6466.357084820454, -2867.9237701929314, -474.45992055936586, -157.7586250663171]","[-6584.972064960295, -2907.363426459513, -474.45992055936586, -157.7586250663262]","[-6489.51585600604, -2829.6306732000194, 381.8248358170207, 310.93101303797476]","[-6392.698468655556, -2750.5649188772754, 387.26954940193536, 316.26301729097577]","[-6295.881081305072, -2671.4991645545315, 387.26954940193536, 316.26301729097577]","[-6199.063693954588, -2592.4334102317875, 387.26954940193536, 316.26301729097577]","[-6102.246306604105, -2513.367655909044, 387.26954940193536, 316.26301729097395]","[-6005.428919253621, -2434.3019015863, 387.26954940193536, 316.26301729097577]","[-5908.611531903137, -2355.236147263556, 387.26954940193536, 316.26301729097577]","[-5811.794144552653, -2276.170392940812, 387.26954940193536, 316.2630172909776]"
503,Robot,"[-5714.976757202169, -2197.104638618068, 0, 0]","[-5618.159369851685, -2118.038884295324, 387.26954940193536, 316.26301729097577]","[-5521.3419825012015, -2038.97312997258, 387.26954940193536, 316.26301729097577]","[-5424.524595150718, -1959.907375649836, 387.26954940193536, 316.26301729097577]","[-5327.707207800234, -1880.841621327092, 387.26954940193536, 316.26301729097577]","[-5230.88982044975, -1801.775867004348, 387.26954940193536, 316.2630172909767]","[-5134.072433099266, -1722.7101126816042, 387.26954940193536, 316.26301729097486]","[-5037.255045748782, -1643.6443583588602, 387.26954940193536, 316.26301729097577]","[-4940.4376583982985, -1564.5786040361163, 387.2695494019357, 316.26301729097605]","[-4843.620271047804, -1485.5128497133724, 387.269549401979, 316.26301729097577]","[-4746.802883697305, -1406.4470953906284, 387.2695494019936, 316.26301729097577]","[-4649.985496346808, -1327.3813410678845, 387.26954940198993, 316.26301729097577]","[-4553.16810899631, -1248.3155867451403, 387.26954940198993, 316.2630172909767]","[-4466.244636493873, -1158.9297730345716, 347.69389000974843, 357.543254842275]","[-4383.168797543461, -1065.530602895404, 332.30335580165047, 373.59668055667044]","[-4300.092958593048, -972.131432756238, 332.30335580165047, 373.5966805566636]"
504,Robot,"[-4217.017119642635, -878.7322626170732, 0, 0]","[-4133.941280692223, -785.3330924779084, 332.30335580165047, 373.59668055665907]","[-4050.86544174181, -691.9339223387436, 332.30335580165047, 373.59668055665907]","[-3967.7896027913976, -598.5347521995789, 332.30335580165047, 373.59668055665907]","[-3884.713763840985, -505.1355820604141, 332.30335580165047, 373.59668055665907]","[-3801.637924890572, -411.7364119212493, 332.3033558016523, 373.59668055665907]","[-3718.56208594016, -318.33724178208456, 332.30335580164683, 373.59668055665907]","[-3635.486246989747, -224.9380716429198, 332.3033558016523, 373.59668055665907]","[-3552.4104080393345, -131.53890150375503, 332.30335580165075, 373.5966805566594]","[-3469.334569088922, -38.13973136459026, 332.30335580165047, 373.59668055665907]","[-3386.258730138509, 55.25943877457439, 332.3033558016523, 373.5966805566586]","[-3303.1828911880966, 148.65860891373913, 332.30335580164865, 373.59668055665895]","[-3220.107052237684, 242.0577790529039, 332.30335580165047, 373.59668055665907]","[-3137.0312132872714, 335.45694919206863, 332.30335580165047, 373.59668055665895]","[-3053.9553743368588, 428.8561193312334, 332.30335580165047, 373.59668055665907]","[-2970.879535386446, 522.2552894703981, 332.30335580165047, 373.59668055665884]"
505,Robot,"[-2887.803696436033, 615.6544596095629, 0, 0]","[-2804.727857485621, 709.0536297487276, 332.30335580164865, 373.59668055665907]","[-2721.6520185352083, 802.4527998878924, 332.30335580165047, 373.59668055665907]","[-2638.576179584796, 895.8519700270572, 332.30335580164865, 373.59668055665907]","[-2555.500340634383, 989.2511401662208, 332.3033558016523, 373.5966805566545]","[-2472.4245016839704, 1082.6503103053828, 332.30335580165047, 373.59668055664815]","[-2389.348662733558, 1176.0494804445448, 332.30335580165047, 373.5966805566477]","[-2306.272823783145, 1269.4486505837067, 332.30335580165047, 373.5966805566477]","[-2223.1969848327326, 1362.8478207228686, 332.30335580165075, 373.59668055664804]","[-2140.1211458823177, 1456.2469908620303, 332.30335580165956, 373.5966805566468]","[-2057.0453069319, 1549.6461610011925, 332.3033558016705, 373.5966805566486]","[-1973.969467981481, 1643.0453311403544, 332.30335580167593, 373.5966805566477]","[-1890.893629031063, 1736.4445012795163, 332.3033558016723, 373.5966805566477]","[-1799.4899853555085, 1819.9492055549883, 365.6145747022183, 334.0188171018881]","[-1693.2813555019338, 1885.863748295012, 424.8345194142985, 263.65817096009505]","[-1587.0727256483592, 1951.778291035035, 424.8345194142985, 263.6581709600914]"
506,Robot,"[-1480.8640957947846, 2017.6928337750585, 0, 0]","[-1374.65546594121, 2083.6073765150845, 424.8345194142985, 263.65817096010414]","[-1268.4468360876351, 2149.521919255113, 424.8345194142994, 263.65817096011415]","[-1162.2382062340607, 2215.4364619951425, 424.8345194142976, 263.6581709601178]","[-1056.029576380486, 2281.3510047351715, 424.8345194142985, 263.65817096011597]","[-949.8209465269116, 2347.2655474752, 424.83451941429803, 263.65817096011415]","[-843.6123166733369, 2413.180090215223, 424.83451941429894, 263.6581709600923]","[-737.4036868197622, 2479.094632955246, 424.8345194142985, 263.6581709600923]","[-630.2254846089545, 2543.2567282461177, 428.71280884323136, 256.6483811634864]","[-573.4603250175218, 2654.6242129827324, 227.06063836573094, 445.46993894645857]","[-516.695165426089, 2765.99169771934, 227.06063836573094, 445.4699389464313]","[-459.930005834655, 2877.35918245595, 227.06063836573617, 445.46993894643856]","[-403.1648462432208, 2988.72666719256, 227.06063836573685, 445.4699389464404]","[-346.3996866517867, 3100.09415192917, 227.0606383657364, 445.4699389464404]","[-289.6345270603525, 3211.46163666578, 227.06063836573662, 445.4699389464404]","[-343.0535278586818, 3171.480461855979, -213.676003193317, -159.92469923920544]"
507,Robot,"[-431.5015716813734, 3083.151850727197, 0, 0]","[-519.949615504065, 2994.8232395984155, -353.79217529076664, -353.3144445151265]","[-608.3976593267566, 2906.494628469634, -353.7921752907664, -353.3144445151265]","[-696.8457031494482, 2818.166017340852, -353.7921752907664, -353.31444451512834]","[-785.2937469721398, 2729.8374062120706, -353.7921752907664, -353.3144445151247]","[-873.7417907948314, 2641.508795083289, -353.7921752907664, -353.3144445151265]","[-962.189834617523, 2553.180183954508, -353.7921752907664, -353.3144445151247]","[-1050.6378784402154, 2464.8515728257257, -353.7921752907696, -353.31444451512834]","[-1139.08592226291, 2376.522961696944, -353.7921752907781, -353.31444451512687]","[-1227.5339660856043, 2288.1943505681625, -353.7921752907778, -353.3144445151265]","[-1315.9820099082988, 2199.865739439381, -353.7921752907778, -353.3144445151265]","[-1404.4300537309932, 2111.537128310599, -353.7921752907778, -353.3144445151265]","[-1492.8780975536877, 2023.2085171818176, -353.7921752907778, -353.3144445151265]","[-1581.326141376382, 1934.879906053036, -353.7921752907778, -353.3144445151265]","[-1669.7741851990766, 1846.5512949242543, -353.7921752907778, -353.3144445151265]","[-1758.222229021771, 1758.222683795473, -353.7921752907778, -353.3144445151256]"
508,Robot,"[-1846.6702728444652, 1669.894072666691, 0, 0]","[-1935.11831666716, 1581.5654615379094, -353.7921752907787, -353.3144445151265]","[-2023.5663604898543, 1493.2368504091278, -353.7921752907778, -353.3144445151265]","[-2112.0144043125447, 1404.9082392803462, -353.7921752907614, -353.3144445151265]","[-2200.462448135233, 1316.5796281515643, -353.7921752907532, -353.31444451512743]","[-2288.910491957922, 1228.251017022783, -353.79217529075686, -353.3144445151256]","[-2377.358535780611, 1139.922405894004, -353.79217529075504, -353.3144445151156]","[-2465.8065796033, 1051.593794765228, -353.79217529075686, -353.3144445151038]","[-2554.2546234259885, 963.26518363645, -353.79217529075356, -353.3144445151123]","[-2642.702667248677, 874.9365725076713, -353.7921752907532, -353.31444451511516]","[-2731.150711071366, 786.6079613788925, -353.79217529075686, -353.31444451511516]","[-2819.5987548940548, 698.2793502501137, -353.79217529075504, -353.31444451511516]","[-2908.0467987167435, 609.9507391213349, -353.79217529075504, -353.31444451511516]","[-2996.4948425394323, 521.6221279925574, -353.79217529075504, -353.31444451511015]","[-3084.9428863621247, 433.2935168637801, -353.7921752907696, -353.314444515109]","[-3173.39093018482, 344.9649057350028, -353.7921752907805, -353.31444451510924]"
509,Robot,"[-3261.838974007514, 256.63629460622536, 0, 0]","[-3350.2870178302087, 168.307683477448, -353.7921752907787, -353.31444451510947]","[-3438.735061652904, 79.97907234867083, -353.7921752907805, -353.3144445151087]","[-3530.6062077886336, -4.737347584119535, -367.48458454291904, -338.86567973116144]","[-3623.558333602165, -88.31307556028254, -371.80850325412575, -334.30291190465203]","[-3716.510459415696, -171.88880353644555, -371.80850325412393, -334.30291190465203]","[-3809.4625852292265, -255.46453151260852, -371.8085032541221, -334.30291190465186]","[-3902.4147110427575, -339.0402594887722, -371.80850325412393, -334.3029119046548]","[-3995.366836856289, -422.6159874649359, -371.8085032541261, -334.3029119046551]","[-4088.31896266982, -506.1917154410996, -371.80850325412393, -334.3029119046546]","[-4181.271088483351, -589.767443417262, -371.80850325412575, -334.3029119046498]","[-4274.223214296881, -673.3431713934243, -371.8085032541203, -334.30291190464914]","[-4367.175340110412, -756.9188993695866, -371.80850325412393, -334.30291190464914]","[-4460.127465923943, -840.4946273457489, -371.80850325412393, -334.30291190464914]","[-4553.079591737474, -924.0703553219112, -371.80850325412393, -334.30291190464914]","[-4646.031717551005, -1007.6460832980734, -371.80850325412393, -334.30291190464914]"
510,Robot,"[-4738.983843364536, -1091.221811274238, 0, 0]","[-4831.935969178067, -1174.7975392504031, -371.80850325412393, -334.3029119046605]","[-4924.888094991598, -1258.3732672265685, -371.80850325412393, -334.3029119046614]","[-5017.840220805129, -1341.9489952027334, -371.80850325412393, -334.3029119046596]","[-5110.79234661866, -1425.5247231788985, -371.80850325412393, -334.3029119046605]","[-5203.744472432191, -1509.1004511550636, -371.80850325412393, -334.3029119046605]","[-5296.696598245722, -1592.6761791312288, -371.80850325412393, -334.3029119046605]","[-5389.648724059253, -1676.251907107394, -371.80850325412393, -334.3029119046605]","[-5482.600849872784, -1759.827635083559, -371.8085032541243, -334.3029119046608]","[-5575.552975686315, -1843.403363059724, -371.80850325412393, -334.3029119046596]","[-5668.505101499846, -1926.9790910358893, -371.80850325412393, -334.3029119046614]","[-5761.457227313377, -2010.5548190120544, -371.80850325412393, -334.3029119046605]","[-5854.409353126908, -2094.130546988219, -371.80850325412393, -334.3029119046587]","[-5947.361478940439, -2177.706274964384, -371.80850325412393, -334.3029119046605]","[-6040.31360475397, -2261.2820029405493, -371.80850325412393, -334.3029119046605]","[-6133.265730567501, -2344.8577309167144, -371.80850325412393, -334.3029119046605]"
511,Robot,"[-6226.217856381032, -2428.43345889288, 0, 0]","[-6319.169982194563, -2512.0091868690447, -371.80850325412393, -334.3029119046587]","[-6412.122108008094, -2595.5849148452035, -371.80850325412393, -334.30291190463504]","[-6344.197514765878, -2640.306877359303, 271.69837296886544, -178.88785005639875]","[-6222.615213547405, -2669.3369312762866, 486.3292048738913, -116.12021566793373]","[-6101.032912328932, -2698.366985193268, 486.3292048738913, -116.12021566792646]","[-5979.450611110459, -2727.3970391102475, 486.3292048738913, -116.12021566791736]","[-5857.868309891986, -2756.427093027228, 486.3292048738913, -116.120215667921]","[-5736.286008673514, -2785.457146944207, 486.32920487389174, -116.12021566791746]","[-5612.481589349658, -2781.156427392557, 495.2176772954226, 17.20287820660087]","[-5488.121640499457, -2768.523014473749, 497.43979540080545, 50.53365167523225]","[-5363.761691649255, -2755.889601554941, 497.43979540080545, 50.53365167523225]","[-5239.401742799054, -2743.2561886361327, 497.43979540080545, 50.53365167523225]","[-5115.0417939488525, -2730.6227757173247, 497.43979540080545, 50.53365167523225]","[-4990.681845098651, -2717.9893627985166, 497.43979540080545, 50.53365167523225]","[-4866.32189624845, -2705.3559498797085, 497.43979540080545, 50.53365167523225]"
512,Robot,"[-4741.961947398248, -2692.7225369609005, 0, 0]","[-4617.601998548047, -2680.0891240420924, 497.43979540080545, 50.53365167523225]","[-4493.242049697846, -2667.4557111232843, 497.43979540080545, 50.53365167523225]","[-4368.882100847644, -2654.82229820448, 497.43979540080545, 50.5336516752177]","[-4244.522151997443, -2642.188885285677, 497.43979540080545, 50.53365167521224]","[-4120.162203147242, -2629.555472366874, 497.43979540080545, 50.53365167521224]","[-3995.80225429705, -2616.922059448072, 497.43979540076725, 50.533651675206784]","[-3871.44230544686, -2604.288646529269, 497.43979540076, 50.53365167521224]","[-3747.08235659667, -2591.655233610468, 497.43979540076043, 50.53365167520501]","[-3622.72240774648, -2579.0218206916657, 497.43979540076, 50.5336516752086]","[-3498.36245889629, -2566.388407772864, 497.43979540076, 50.533651675206784]","[-3374.0025100461, -2553.7549948540623, 497.43979540076, 50.533651675206784]","[-3249.64256119591, -2541.12158193526, 497.43979540076, 50.5336516752086]","[-3125.28261234572, -2528.4881690164584, 497.43979540076, 50.533651675206784]","[-3000.92266349553, -2515.8547560976563, 497.43979540076, 50.5336516752086]","[-2876.7533652269703, -2501.917393777042, 496.67719307423795, 55.749449282457135]"
513,Robot,"[-2753.982171223701, -2478.4177358431366, 0, 0]","[-2631.210977220432, -2454.918077909231, 491.0847760130746, 93.99863173562153]","[-2508.439783217163, -2431.418419975326, 491.0847760130764, 93.99863173562153]","[-2385.668589213894, -2407.9187620414205, 491.0847760130764, 93.99863173562153]","[-2264.113560281609, -2383.2491246024883, 486.22011572914016, 98.67854975572845]","[-2143.250387391112, -2357.7652123612484, 483.4526915619881, 101.93564896495991]","[-2024.7193802746167, -2330.109003602172, 474.1240284659807, 110.62483503630574]","[-1901.9006704392627, -2306.8589602822385, 491.2748393414158, 93.00017327973364]","[-1779.0819606039083, -2283.608916962305, 491.2748393414181, 93.00017327973373]","[-1656.263250768554, -2260.358873642372, 491.27483934141765, 93.00017327973183]","[-1533.4445409331995, -2237.1088303224383, 491.27483934141765, 93.00017327973546]","[-1410.625831097845, -2213.858787002505, 491.27483934141765, 93.00017327973364]","[-1287.807121262491, -2190.6087436825715, 491.27483934141674, 93.00017327973364]","[-1164.9884114271365, -2167.358700362638, 491.27483934141765, 93.00017327973364]","[-1042.169701591782, -2144.1086570427046, 491.27483934141765, 93.00017327973364]","[-919.3509917564274, -2120.858613722771, 491.27483934141856, 93.00017327973364]"
514,Robot,"[-796.532281921073, -2097.608570402838, 0, 0]","[-673.7135720857186, -2074.3585270829044, 491.27483934141765, 93.00017327973364]","[-550.8948622503642, -2051.108483762971, 491.27483934141765, 93.00017327973364]","[-428.0761524150098, -2027.8584404430328, 491.27483934141765, 93.00017327975274]","[-305.2574425796554, -2004.6083971230933, 491.27483934141765, 93.0001732797582]","[-182.44084336413812, -1981.347276346758, 491.2663968620691, 93.04448310534099]","[-59.6220214094788, -1958.0978253065773, 491.27528781863725, 92.99780416072281]","[63.19680054518052, -1934.8483742663968, 491.27528781863725, 92.9978041607219]","[186.01562249983988, -1911.598923226216, 491.2752878186379, 92.9978041607238]","[308.8344444544994, -1888.3494721860352, 491.27528781863816, 92.99780416072281]","[431.65326640915896, -1865.1000211458545, 491.27528781863816, 92.99780416072281]","[554.472088363818, -1841.8505701056736, 491.2752878186361, 92.99780416072372]","[677.2909103184761, -1818.601119065493, 491.2752878186325, 92.9978041607219]","[800.1097322731342, -1795.3516680253124, 491.2752878186325, 92.99780416072281]","[922.9285542277923, -1772.1022169851317, 491.2752878186325, 92.99780416072281]","[1045.747376182452, -1748.852765944951, 491.2752878186384, 92.99780416072281]"
515,Robot,"[1168.566198137113, -1725.6033149047717, 0, 0]","[1291.385020091774, -1702.3538638645934, 491.27528781864476, 92.9978041607128]","[1414.2038420464348, -1679.1044128244157, 491.27528781864294, 92.99780416071098]","[1537.0226640010958, -1655.8549617842373, 491.27528781864385, 92.99780416071371]","[1659.8414859557568, -1632.605510744059, 491.27528781864385, 92.9978041607128]","[1782.6603079104175, -1609.356059703881, 491.27528781864294, 92.9978041607119]","[1905.3133849536848, -1585.2548490503732, 490.6123081730693, 96.40484261403162]","[2027.88846439159, -1560.7528103435338, 490.30031775162115, 98.00815482735743]","[2150.463543829491, -1536.2507716366945, 490.3003177516034, 98.00815482735752]","[2273.0386232673904, -1511.7487329298551, 490.3003177515984, 98.00815482735743]","[2395.61370270529, -1487.2466942230158, 490.3003177515984, 98.00815482735743]","[2518.1887821431897, -1462.7446555161764, 490.3003177515984, 98.00815482735743]","[2640.7638615810893, -1438.242616809337, 490.3003177515984, 98.00815482735743]","[2763.338941018989, -1413.7405781024977, 490.3003177515984, 98.00815482735743]","[2885.9140204568885, -1389.2385393956583, 490.3003177515984, 98.00815482735743]","[3008.489099894788, -1364.736500688819, 490.3003177515984, 98.00815482735743]"
516,Robot,"[3131.064179332688, -1340.2344619819796, 0, 0]","[3253.6392587705877, -1315.7324232751405, 490.3003177515984, 98.00815482735652]","[3376.214338208487, -1291.230384568301, 490.3003177515966, 98.00815482735834]","[3498.7894176463865, -1266.7283458614615, 490.3003177515984, 98.00815482735743]","[3621.364497084286, -1242.2263071546222, 490.3003177515984, 98.00815482735743]","[3743.9395765221857, -1217.7242684477828, 490.3003177515984, 98.00815482735743]","[3866.514655960085, -1193.2222297409437, 490.3003177515966, 98.00815482735652]","[3989.089735397985, -1168.720191034104, 490.30031775160023, 98.00815482735925]","[4111.664814835886, -1144.2181523272648, 490.30031775160614, 98.0081548273566]","[4234.239894273797, -1119.7161136204254, 490.3003177516439, 98.00815482735743]","[4356.814973711708, -1095.214074913586, 490.3003177516439, 98.00815482735743]","[4479.390053149619, -1070.7120362067467, 490.3003177516439, 98.00815482735743]","[4601.96513258753, -1046.209997499907, 490.3003177516439, 98.00815482735834]","[4724.540212025441, -1021.7079587930676, 490.3003177516439, 98.00815482735788]","[4847.115291463352, -997.2059200862254, 490.3003177516439, 98.0081548273688]","[4969.690370901263, -972.7038813793832, 490.3003177516439, 98.0081548273688]"
517,Robot,"[5092.265450339174, -948.201842672541, 0, 0]","[5214.840529777085, -923.6998039656988, 490.3003177516439, 98.0081548273688]","[5337.415609214996, -899.1977652588566, 490.3003177516439, 98.0081548273688]","[5459.990688652907, -874.6957265520144, 490.3003177516439, 98.0081548273688]","[5582.565768090818, -850.1936878451722, 490.3003177516439, 98.0081548273688]","[5705.140847528729, -825.69164913833, 490.3003177516439, 98.0081548273688]","[5828.46744488573, -806.7063978553628, 493.3063894280058, 75.94100513186913]","[5953.130074098893, -797.5287686592886, 498.65051685264916, 36.71051678429649]","[6077.792703312055, -788.3511394632145, 498.6505168526496, 36.71051678429652]","[6202.455332525217, -779.1735102671404, 498.65051685264916, 36.71051678429649]","[6327.11796173838, -769.9958810710663, 498.65051685264916, 36.71051678429649]","[6451.780590951542, -760.8182518749921, 498.65051685264916, 36.71051678429649]","[6576.443220164704, -751.640622678918, 498.65051685264916, 36.71051678429649]","[6701.114710056788, -742.6148777173294, 498.6859595683345, 36.10297984635463]","[6825.998856242984, -737.2343543834203, 499.5365847447865, 21.522093335636328]","[6950.883002429179, -731.8538310495112, 499.53658474477925, 21.522093335636328]"
518,Robot,"[7075.767148615375, -726.4733077156021, 0, 0]","[7200.651294801571, -721.092784381693, 499.5365847447829, 21.522093335636328]","[7325.535440987766, -715.712261047784, 499.5365847447829, 21.522093335636328]","[7450.419587173962, -710.3317377138749, 499.5365847447829, 21.522093335636328]","[7575.303733360158, -704.9512143799658, 499.5365847447829, 21.522093335636328]","[7700.214188953908, -700.2390945918849, 499.64182237500063, 18.848479152323762]","[7825.134875983929, -695.7869095160704, 499.6827481200853, 17.808740303257764]","[7950.055563013951, -691.334724440256, 499.6827481200853, 17.808740303257764]","[8074.976250043972, -686.8825393644415, 499.68274812008576, 17.80874030325778]","[8199.896937073992, -682.4303542886271, 499.68274812008167, 17.808740303257764]","[8324.817624103991, -677.9781692128132, 499.68274811999436, 17.80874030325549]","[8449.73831113399, -673.5259841370007, 499.68274811999436, 17.808740303250033]","[8475.945322737309, -659.7242679365556, 104.82804641327675, 55.206864801780284]","[8354.081821200609, -631.8982550491618, -487.45400614679966, 111.30405154957543]","[8232.218319663909, -604.0722421617679, -487.45400614679966, 111.30405154957543]","[8110.3548181271935, -576.2462292743741, -487.4540061468615, 111.30405154957543]"
519,Robot,"[7988.491316590471, -548.4202163869802, 0, 0]","[7866.627815053748, -520.5942034995863, -487.4540061468906, 111.30405154957543]","[7744.764313517026, -492.7681906121925, -487.4540061468906, 111.30405154957543]","[7622.900811980303, -464.9421777247986, -487.4540061468906, 111.30405154957543]","[7501.03731044358, -437.1161648374048, -487.4540061468906, 111.3040515495752]","[7379.173808906858, -409.2901519500109, -487.4540061468906, 111.30405154957566]","[7257.310307370135, -381.46413906261705, -487.4540061468906, 111.30405154957543]","[7135.446805833412, -353.6381261752232, -487.4540061468906, 111.30405154957543]","[7013.58330429669, -325.81211328782933, -487.45400614689106, 111.30405154957553]","[6891.719802759967, -297.9861004004355, -487.4540061468906, 111.30405154957543]","[6769.856301223244, -270.16008751304065, -487.4540061468906, 111.3040515495793]","[6647.992799686522, -242.334074625646, -487.4540061468906, 111.30405154957862]","[6526.129298149799, -214.5080617382514, -487.4540061468906, 111.30405154957839]","[6404.265796613076, -186.68204885085683, -487.4540061468906, 111.30405154957828]","[6282.402295076354, -158.85603596346226, -487.4540061468906, 111.30405154957828]","[6158.651622786728, -144.45510234927312, -495.0026891585039, 57.60373445675657]"
520,Robot,"[6033.839416948594, -137.60577582626212, 0, 0]","[5909.02721111046, -130.75644930325112, -499.2488233525364, 27.397306092044005]","[5784.2150052723255, -123.90712278024012, -499.2488233525364, 27.397306092044005]","[5659.402799434191, -117.05779625722911, -499.2488233525364, 27.397306092044005]","[5534.590593596057, -110.20846973421811, -499.2488233525364, 27.397306092044005]","[5409.778387757923, -103.35914321120713, -499.2488233525364, 27.397306092043948]","[5284.966181919789, -96.50981668819612, -499.2488233525364, 27.397306092044005]","[5160.153976081655, -89.66049016518511, -499.2488233525364, 27.39730609204406]","[5035.341770243521, -82.81116364217411, -499.2488233525369, 27.39730609204403]","[4910.529564405387, -75.9618371191631, -499.2488233525364, 27.397306092044005]","[4785.717358567253, -69.1125105961521, -499.2488233525364, 27.397306092044005]","[4660.905152729119, -62.26318407314111, -499.2488233525328, 27.397306092043976]","[4536.092946890984, -55.4138575501301, -499.24882335254006, 27.397306092044033]","[4411.28074105285, -48.5645310271191, -499.2488233525364, 27.397306092044005]","[4286.468535214716, -41.7152045041081, -499.2488233525364, 27.397306092044005]","[4161.656329376582, -34.8658779810971, -499.2488233525364, 27.397306092044005]"
521,Robot,"[4036.844123538448, -28.016551458086045, 0, 0]","[3912.031917700314, -21.167224935074955, -499.2488233525364, 27.39730609204436]","[3787.21971186218, -14.317898412063863, -499.2488233525364, 27.397306092044367]","[3678.325449101892, 3.168957168241959, -435.5770510411512, 69.94742232122329]","[3555.491504813985, 22.62839871412676, -491.33577715162755, 77.8377661835392]","[3434.1289955800585, 51.64050588444642, -485.4500369357065, 116.04842868127864]","[3342.77538424268, 103.4327863116163, -365.4144453495137, 207.1691217086795]","[3280.6021871248377, 157.63582095358092, -248.69278847136957, 216.81213856785848]","[3268.0504660770207, 185.28748951739115, -50.20688419126786, 110.60667425524103]","[3298.8508509484045, 235.6902285061173, 123.20153948553525, 201.61095595490463]","[3281.006660923257, 305.9443682482979, -71.37676010058931, 281.0165589687224]","[3210.222288564785, 391.74212079241937, -283.13748943388964, 343.19101017648586]","[3169.6953887946934, 453.9128001383952, -162.10759908036562, 248.6827173839033]","[3206.954658270201, 532.3045646185949, 149.03707790203043, 313.5670579207988]","[3239.4413198826337, 650.0944478316076, 129.9466464497309, 471.1595328520507]","[3322.996743132886, 719.2447530868005, 334.22169300100904, 276.60122102077185]"
522,Robot,"[3374.010545920416, 761.813003045339, 0, 0]","[3339.108468961471, 799.8887225632111, -139.60830783578058, 152.30287807148852]","[3237.356849694101, 770.538590880613, -407.00647706947893, -117.40052673039236]","[3116.797290714243, 746.8844398701144, -482.23823591943255, -94.61660404199438]","[3007.3698631925085, 686.4639292303103, -437.7097100869378, -241.68204255921637]","[2897.8276086956207, 626.2613059803424, -438.16901798755134, -240.8104929998717]","[2786.2401687149786, 570.0373791646285, -446.3497599225684, -224.89570726285547]","[2675.810106279745, 511.7243635545753, -441.7202497409344, -233.25206244021297]","[2566.8969229442505, 450.3817315949837, -435.6527333419785, -245.37052783836657]","[2457.9837396087564, 389.039099635392, -435.6527333419763, -245.3705278383668]","[2349.0705562732624, 327.6964676758002, -435.6527333419763, -245.37052783836725]","[2240.1573729377683, 266.3538357162072, -435.6527333419763, -245.37052783837203]","[2124.9624777167523, 221.3896145761085, -460.77958088406376, -179.85688456039475]","[2002.962394619752, 194.1686718237955, -488.00033238800097, -108.88377100925197]","[1880.9623115227485, 166.9477290714825, -488.0003323880146, -108.88377100925197]","[1758.9622284257448, 139.72678631916952, -488.0003323880146, -108.88377100925197]"
523,Robot,"[1636.9621453287411, 112.50584356685653, 0, 0]","[1514.9620622317375, 85.28490081454353, -488.0003323880146, -108.88377100925197]","[1392.9619791347338, 58.0639580622305, -488.0003323880146, -108.88377100925214]","[1270.9618960377302, 30.843015309917327, -488.0003323880146, -108.88377100925268]","[1148.9618129407263, 3.622072557604156, -488.0003323880155, -108.88377100925268]","[1026.9617298437229, -23.598870194709026, -488.0003323880137, -108.88377100925273]","[904.961646746722, -50.81981294702219, -488.0003323880037, -108.88377100925267]","[782.9615636497213, -78.04075569933545, -488.0003323880028, -108.88377100925302]","[660.9614805527204, -105.26169845164878, -488.0003323880037, -108.88377100925344]","[538.9613974557196, -132.48264120396192, -488.00033238800324, -108.88377100925254]","[416.9613143587177, -159.7035839562749, -488.0003323880078, -108.88377100925197]","[294.96123126171545, -186.9245267085879, -488.0003323880089, -108.88377100925197]","[172.96114816471373, -214.1454694609009, -488.0003323880069, -108.88377100925197]","[50.96106506771221, -241.3664122132139, -488.0003323880061, -108.88377100925197]","[-71.03901802928932, -268.5873549655272, -488.00033238800614, -108.88377100925322]","[-193.0391011262909, -295.8082977178409, -488.00033238800626, -108.88377100925481]"
524,Robot,"[-315.03918422329275, -323.0292404701546, 0, 0]","[-437.039267320295, -350.2501832224683, -488.0003323880089, -108.88377100925481]","[-559.0393504172966, -377.471125974782, -488.00033238800665, -108.88377100925481]","[-681.0394335142975, -404.6920687270957, -488.00033238800324, -108.88377100925481]","[-803.0395166112983, -431.9130114794094, -488.00033238800324, -108.88377100925481]","[-925.0395997082992, -459.1339542317231, -488.0003323880037, -108.88377100925481]","[-1047.0396828053003, -486.354896984036, -488.0003323880046, -108.8837710092514]","[-1169.039765902304, -513.5758397363495, -488.0003323880146, -108.88377100925413]","[-1291.0398489993077, -540.7967824886632, -488.00033238801507, -108.88377100925491]","[-1413.0399320963113, -568.0177252409769, -488.0003323880146, -108.88377100925481]","[-1535.040015193315, -595.2386679932906, -488.0003323880146, -108.88377100925481]","[-1657.0400982903186, -622.4596107456043, -488.0003323880146, -108.88377100925481]","[-1779.0401813873225, -649.680553497918, -488.0003323880155, -108.88377100925481]","[-1901.040264484326, -676.9014962502317, -488.0003323880137, -108.88377100925481]","[-2023.0403475813296, -704.1224390025454, -488.0003323880146, -108.88377100925481]","[-2145.040430678329, -731.3433817548591, -488.00033238799733, -108.88377100925481]"
525,Robot,"[-2267.040513775327, -758.5643245071728, 0, 0]","[-2389.040596872325, -785.7852672594852, -488.0003323879919, -108.88377100924936]","[-2511.040679969323, -813.0062100117966, -488.0003323879919, -108.88377100924572]","[-2633.040763066321, -840.227152764108, -488.0003323879919, -108.88377100924572]","[-2755.0408461633187, -867.4480955164196, -488.0003323879919, -108.88377100924617]","[-2877.3795107087176, -892.6877587829538, -489.35465818159537, -100.95865306613678]","[-3001.495727858221, -907.5257047491576, -496.4648685980137, -59.35178386481539]","[-3125.6119450077244, -922.3636507153616, -496.4648685980137, -59.35178386481584]","[-3249.7599829815326, -936.7153144822684, -496.5921518952332, -57.40665506762712]","[-3373.872266807751, -951.5861249322544, -496.4491353048743, -59.48324179994415]","[-3497.98455063397, -966.4569353822404, -496.4491353048743, -59.48324179994415]","[-3622.096834460188, -981.3277458322266, -496.44913530487247, -59.48324179994461]","[-3746.209118286407, -996.1985562822126, -496.4491353048761, -59.48324179994415]","[-3870.3214021126255, -1011.0693667321988, -496.4491353048743, -59.48324179994461]","[-3994.433685938844, -1025.9401771821847, -496.4491353048743, -59.4832417999437]","[-4118.545969765065, -1040.8109876321707, -496.4491353048834, -59.48324179994415]"
526,Robot,"[-4242.658253591295, -1055.6817980821568, 0, 0]","[-4366.770537417525, -1070.5526085321428, -496.44913530491976, -59.48324179994415]","[-4490.882821243755, -1085.4234189821289, -496.44913530491976, -59.48324179994415]","[-4614.995105069985, -1100.294229432115, -496.44913530491976, -59.48324179994415]","[-4739.107388896215, -1115.165039882101, -496.44913530491976, -59.48324179994415]","[-4839.567823443226, -1060.466947990492, -401.8417381880463, 218.79236756643604]","[-4867.694047356328, -946.038637063694, -112.50489565240787, 457.71324370719185]","[-4872.018743472701, -821.1134714504312, -17.298784465492645, 499.7006624530509]","[-4790.837070112647, -760.940249335238, 324.72669344021807, 240.69288846077302]","[-4669.417105234274, -731.2385300426658, 485.6798595134933, 118.80687717028877]","[-4547.9971403559, -701.5368107500937, 485.6798595134933, 118.80687717028877]","[-4426.577175477527, -671.8350914575215, 485.6798595134933, 118.80687717028877]","[-4305.157210599154, -642.1333721649493, 485.6798595134933, 118.80687717028877]","[-4183.73724572078, -612.4316528723771, 485.6798595134933, 118.80687717028877]","[-4062.317280842407, -582.7299335798049, 485.6798595134933, 118.80687717028877]","[-3940.8973159640336, -553.0282142872327, 485.6798595134933, 118.80687717028877]"
527,Robot,"[-1660.79257, -3673.35317, 0, 0]","[-1538.3662276380776, -3697.345283608536, 489.7053694476899, -95.96845443414531]","[-1414.1396977003508, -3710.878401043548, 496.90611975090724, -54.13246974004687]","[-1289.876953842029, -3724.242284133887, 497.050975433287, -53.455532361356745]","[-1165.0658195505164, -3723.183224327136, 499.2445371660506, 4.236239227004262]","[-1062.576598676456, -3683.983182592367, 409.95688349624197, 156.800166939076]","[-1074.737926607074, -3584.6452459534435, -48.6453117224728, 397.35174655569426]","[-1102.4442421236822, -3480.6645891733715, -110.82526206643251, 415.92262712028787]","[-1144.5951245787994, -3412.2437163456343, -168.60352982046894, 273.68349131094897]","[-1165.1361689010491, -3304.4238354174986, -82.16417728899887, 431.27952371254287]","[-1216.4910755280753, -3201.268002577286, -205.41962650810456, 412.62333136085]","[-1311.7107413578822, -3125.227783498526, -380.8786633192276, 304.1608763150398]","[-1393.1973355556695, -3041.139934372627, -325.9463767911493, 336.35139650359633]","[-1474.1559608939065, -2957.4892802624386, -323.8345013529479, 334.602616440754]","[-1573.70691352126, -2885.3939783942023, -398.2038105094143, 288.3812074729449]","[-1675.5883173320371, -2813.189975057483, -407.5256152431084, 288.8160133468773]"
528,Robot,"[-1775.600656758487, -2738.314938607612, 0, 0]","[-1863.6167465461751, -2649.841657702757, -352.06435915075235, 353.8931236194203]","[-1935.811158700838, -2548.1971711315764, -288.77764861865126, 406.5779462847222]","[-2020.6083206953413, -2456.8439679937624, -339.18864797801325, 365.41281255125614]","[-2132.1121238054734, -2401.2097510722065, -446.01521244052856, 222.53686768622356]","[-2246.6081495117583, -2351.0533945710954, -457.9841028251394, 200.6254260044443]","[-2356.489766518681, -2306.846036491401, -439.5264680276905, 176.82943231877834]","[-2464.548806590207, -2282.9668628715604, -432.23616028610377, 95.51669447936183]","[-2559.5301821434946, -2263.040524942321, -379.9255022131514, 79.70535171695708]","[-2652.924573886074, -2254.96949632268, -373.577566970318, 32.28411447856524]","[-2742.4496877563647, -2229.022858485327, -358.1004554811625, 103.78655134941073]","[-2829.596878850663, -2154.423315984434, -348.588764377193, 298.3981700035729]","[-2916.6894004681767, -2081.8009516847387, -348.37008647005496, 290.48945719878066]","[-3028.6221034774885, -2054.096220720555, -447.73081203724723, 110.81892385673564]","[-3146.608434071522, -2038.0371692848005, -471.94532237613384, 64.23620574301731]","[-3267.43664546695, -2006.152177415228, -483.3128455817114, 127.53996747829024]"
529,Robot,"[-3363.416933442032, -1933.2145063087376, 0, 0]","[-3468.201329065591, -1867.4567911036013, -419.1375824942352, 263.03086082054506]","[-3582.402358100478, -1816.731544452844, -456.80411613954857, 202.9009866030292]","[-3697.5428629128414, -1769.0549674641268, -460.56201924945344, 190.70630795486886]","[-3808.420081483433, -1713.014620812031, -443.5088742823664, 224.1613866083835]","[-3834.172106758461, -1697.9301829642982, -103.00810110011116, 60.33775139093086]","[-3831.070259381974, -1701.8517314917272, 12.407389505946412, -15.68619410971587]","[-3890.342866895079, -1609.2113160159663, -237.09043005241983, 370.5616619030434]","[-3940.0862557954256, -1496.1871908232506, -198.97355560138584, 452.0965007708632]","[-4015.188003202023, -1396.26358231918, -300.40698962639, 399.6944340162827]","[-4090.2897506086206, -1296.3399738151093, -300.40698962639, 399.6944340162827]","[-4165.3914980152185, -1196.4163653110386, -300.4069896263918, 399.6944340162827]","[-4240.493245421816, -1096.492756806968, -300.40698962639, 399.6944340162827]","[-4315.5949928284135, -996.5691483028972, -300.40698962639, 399.6944340162827]","[-4390.696740235011, -896.6455397988266, -300.40698962639, 399.6944340162827]","[-4465.7984876416085, -796.7219312947559, -300.40698962639, 399.6944340162827]"
530,Robot,"[-4540.900235048206, -696.7983227906852, 0, 0]","[-4616.001982454804, -596.8747142866146, -300.4069896263936, 399.6944340162827]","[-4691.103729861401, -496.9511057825441, -300.40698962638635, 399.6944340162818]","[-4766.205477267999, -397.02749727847487, -300.4069896263936, 399.694434016277]","[-4841.307224674596, -297.1038887744056, -300.40698962638635, 399.694434016277]","[-4916.4089720811935, -197.1802802703364, -300.40698962639, 399.6944340162769]","[-4991.510719487791, -97.25667176626764, -300.40698962639, 399.694434016275]","[-5054.171200056149, -22.0833182081998, -250.641922273433, 300.6934142322714]","[-5092.834718876348, 22.49522957128237, -154.6540752807961, 178.31419111792883]","[-5146.025914572692, 90.66778427330163, -212.76478278537616, 272.6902188080771]","[-5206.057973691491, 169.81373428202113, -240.12823647519326, 316.583800034878]","[-5249.619824383656, 223.99312921952196, -174.24740276866214, 216.71757975000332]","[-5292.740924292309, 278.4534262673432, -172.48439963460987, 217.84118819128503]","[-5342.284644673345, 343.99032094342067, -198.17488152414444, 262.1475787043098]","[-5414.883199675404, 445.7471379711341, -290.39422000823834, 407.0272681108538]","[-5487.481754677468, 547.5039549988464, -290.3942200082565, 407.02726811084926]"
531,Robot,"[-5555.087961956987, 651.8079226932198, 0, 0]","[-5618.260610235872, 759.5883535733412, -252.69059311554156, 431.12172352048583]","[-5679.620309599401, 868.1653553588465, -245.43879745411323, 434.30800714202087]","[-5740.072726242366, 976.1514332604854, -241.80966657186218, 431.94431160655586]","[-5785.975465192165, 1034.3077978016263, -183.61095579919493, 232.6254581645635]","[-5832.629873189996, 1114.8866782463017, -186.61763199132474, 322.3155217787016]","[-5881.048072525727, 1201.4053628607332, -193.67279734292242, 346.0747384577262]","[-5926.0484429908765, 1200.7495268212683, -180.0014818605996, -2.6233441578597194]","[-5990.637935496234, 1175.8831475891927, -258.35797002142886, -99.46551692830243]","[-5943.107188353262, 1100.2596854043888, 190.1229885718858, -302.49384873921554]","[-5926.558043789441, 995.9424384354288, 66.19657825528338, -417.26898787584014]","[-5950.86793929054, 873.3339589062398, -97.23958200439301, -490.4339181167561]","[-5977.904202940819, 751.2939698436888, -108.14505460111832, -488.1599562502038]","[-6023.751493934502, 637.3696134470763, -183.38916397473076, -455.6974255864502]","[-6119.527343613284, 557.1049001423469, -383.1033987151277, -321.05885321891765]","[-6179.083185790707, 594.2606610465297, -238.2233687096923, 148.62304361673114]"
532,Robot,"[-6200.751110387138, 717.3683417317071, 0, 0]","[-6222.41903498357, 840.4760224168846, -86.6716983857259, 492.4307227407098]","[-6244.086959580001, 963.583703102062, -86.6716983857259, 492.4307227407098]","[-6265.754884176433, 1086.6913837872396, -86.6716983857259, 492.4307227407103]","[-6287.422808772864, 1209.799064472417, -86.6716983857259, 492.4307227407098]","[-6309.090733369296, 1332.9067451575943, -86.6716983857259, 492.4307227407089]","[-6330.758657965727, 1456.014425842772, -86.6716983857259, 492.43072274071073]","[-6352.426582562158, 1579.1221065279494, -86.67169838572227, 492.4307227407098]","[-6374.094507158578, 1702.2297872131269, -86.67169838568232, 492.4307227407103]","[-6395.762431754998, 1825.3374678983043, -86.67169838567861, 492.4307227407098]","[-6365.262470661223, 1859.5309398663364, 121.9998443750992, 136.7738878721284]","[-6268.367018689019, 1780.5608734670973, 387.58180788881873, -315.88026559695663]","[-6171.471566716814, 1701.590807067858, 387.58180788881873, -315.88026559695754]","[-6074.576114744609, 1622.620740668619, 387.58180788881873, -315.8802655969557]","[-5977.6806627724045, 1543.6506742693798, 387.58180788881873, -315.88026559695663]","[-5880.7852108002, 1464.6806078701406, 387.58180788881873, -315.88026559695663]"
533,Robot,"[-5783.889758827995, 1385.7105414709015, 0, 0]","[-5686.994306855791, 1306.7404750716623, 387.5818078888151, -315.88026559695663]","[-5590.098854883586, 1227.7704086724232, 387.58180788882237, -315.88026559695663]","[-5493.203402911381, 1148.800342273184, 387.58180788881873, -315.88026559695663]","[-5396.307950939176, 1069.8302758739449, 387.58180788881873, -315.88026559695663]","[-5299.412498966972, 990.8602094747056, 387.58180788881873, -315.8802655969571]","[-5202.517046994767, 911.8901430754664, 387.58180788881873, -315.88026559695663]","[-5105.621595022562, 832.9200766762274, 387.58180788881873, -315.8802655969562]","[-5008.726143050358, 753.9500102769882, 387.58180788881907, -315.8802655969569]","[-4911.830691078153, 674.9799438777491, 387.58180788881873, -315.88026559695663]","[-4814.935239105948, 596.0098774785099, 387.58180788881873, -315.88026559695663]","[-4718.03978713374, 517.0398110792728, 387.5818078888333, -315.88026559694845]","[-4621.144335161524, 438.0697446800351, 387.5818078888624, -315.8802655969507]","[-4524.248883189308, 359.0996782807974, 387.581807888866, -315.88026559695095]","[-4427.353431217091, 280.12961188155964, 387.581807888866, -315.88026559695095]","[-4330.457979244875, 201.1595454823219, 387.581807888866, -315.88026559695095]"
534,Robot,"[-4241.514738581838, 114.39486677213694, 0, 0]","[-4164.499814882572, 15.9382695955313, 308.0596947970662, -393.82638870642256]","[-4087.484891183305, -82.5183275810744, 308.0596947970662, -393.8263887064228]","[-4010.469967484039, -180.97492475768016, 308.05969479706437, -393.826388706423]","[-3933.455043784772, -279.43152193428614, 308.059694797068, -393.8263887064239]","[-3856.4401200855054, -377.8881191108921, 308.0596947970662, -393.8263887064238]","[-3779.425196386239, -476.3447162874981, 308.0596947970662, -393.82638870642404]","[-3702.410272686972, -574.8013134641031, 308.059694797068, -393.8263887064202]","[-3625.395348987706, -673.2579106407077, 308.05969479706465, -393.82638870641847]","[-3548.3804252884397, -771.7145078173135, 308.05969479706437, -393.82638870642313]","[-3471.3655015891727, -870.1711049939208, 308.059694797068, -393.8263887064295]","[-3394.6597109213512, -968.4041783092616, 306.8231626712859, -392.93229326136316]","[-3317.641487630877, -1066.8581943836634, 308.0728931618978, -393.8160642976072]","[-3240.6232643404023, -1165.3122104580652, 308.0728931618978, -393.8160642976072]","[-3163.605041049928, -1263.766226532467, 308.0728931618978, -393.8160642976072]","[-3072.415953228852, -1339.9705339486309, 364.7563512843044, -304.8172296646553]"
535,Robot,"[-3038.748922008125, -1343.0817929390917, 0, 0]","[-3091.344868485029, -1426.388663516718, -210.38378590761567, -333.22748231050537]","[-3175.5921203855414, -1500.1964423018178, -336.98900760204924, -295.2311151403992]","[-3282.5083969339044, -1563.2123838391622, -427.6651061934517, -252.06376614937744]","[-3321.5923835976696, -1635.052497137246, -156.33594665506098, -287.3604531923356]","[-3314.9120042073787, -1711.0489272235172, 26.721517561163637, -303.9857203450847]","[-3290.663314323199, -1795.6634667120252, 96.99475953671936, -338.4581579540318]","[-3204.55530285189, -1880.878212955146, 344.4320458852362, -340.8589849724831]","[-3111.4935811448336, -1964.331888445908, 372.24688682822523, -333.8147019630481]","[-3018.4318594377773, -2047.7855639366696, 372.2468868282249, -333.8147019630469]","[-2925.370137730721, -2131.239239427432, 372.2468868282249, -333.81470196304963]","[-2832.308416023665, -2214.6929149181933, 372.2468868282249, -333.8147019630451]","[-2739.2466943166087, -2298.146590408955, 372.2468868282249, -333.8147019630469]","[-2646.1849726095525, -2381.6002658997168, 372.2468868282249, -333.8147019630469]","[-2553.123250902496, -2465.0539413904785, 372.2468868282267, -333.8147019630469]","[-2460.06152919544, -2548.50761688124, 372.24688682822307, -333.8147019630469]"
536,Robot,"[-2366.999807488384, -2631.961292372002, 0, 0]","[-2273.938085781328, -2715.414967862764, 372.24688682822307, -333.8147019630487]","[-2180.876364074272, -2798.8686433535254, 372.2468868282249, -333.8147019630451]","[-2087.814642367215, -2882.322318844287, 372.2468868282267, -333.8147019630469]","[-1994.752920660156, -2965.775994335049, 372.2468868282367, -333.8147019630469]","[-1901.6911989531, -3049.2296698258106, 372.246886828224, -333.8147019630469]","[-1808.6294772460435, -3132.6833453165723, 372.2468868282258, -333.8147019630469]","[-1715.5677555389873, -3216.137020807334, 372.2468868282249, -333.8147019630469]","[-1668.2406761919003, -3191.2491312704, 189.30831738834803, 99.55155814773579]","[-1663.130189792478, -3066.3536432463625, 20.441945597689482, 499.5819520961504]","[-1658.0197033930554, -2941.458155222325, 20.441945597690392, 499.5819520961504]","[-1651.558371259092, -2816.806523947176, 25.845328535853696, 498.6065251005948]","[-1612.6767414961828, -2698.0074546453493, 155.52651905163657, 475.1962772073075]","[-1573.7951117332736, -2579.208385343523, 155.52651905163657, 475.1962772073057]","[-1534.9134819703645, -2460.4093160416965, 155.52651905163657, 475.1962772073057]","[-1496.0318522074554, -2341.61024673987, 155.52651905163657, 475.1962772073057]"
537,Robot,"[-1457.1502224445462, -2222.811177438044, 0, 0]","[-1418.268592681637, -2104.012108136217, 155.52651905163657, 475.1962772073075]","[-1379.386962918728, -1985.2130388343908, 155.52651905163657, 475.1962772073057]","[-1340.5053331558188, -1866.4139695325644, 155.52651905163657, 475.1962772073057]","[-1301.6237033929096, -1747.614900230738, 155.52651905163657, 475.1962772073057]","[-1262.7420736300005, -1628.8158309289115, 155.52651905163657, 475.1962772073057]","[-1223.8604438670914, -1510.016761627085, 155.52651905163657, 475.1962772073057]","[-1184.9788141041822, -1391.217692325259, 155.52651905163657, 475.1962772073048]","[-1146.097184341273, -1272.4186230234322, 155.5265190516367, 475.196277207307]","[-1107.215554578364, -1153.6195537216058, 155.52651905163657, 475.1962772073057]","[-1068.3339248154548, -1034.8204844197794, 155.52651905163657, 475.1962772073057]","[-1029.4522950525457, -916.021415117953, 155.52651905163657, 475.1962772073057]","[-990.5706652896364, -797.2223458161266, 155.52651905163702, 475.1962772073057]","[-951.6890355267274, -678.4232765143001, 155.52651905163611, 475.1962772073057]","[-912.8074057638182, -559.6242072124737, 155.52651905163657, 475.1962772073057]","[-873.9257760009091, -440.8251379106473, 155.52651905163657, 475.1962772073057]"
538,Robot,"[-835.0441462379999, -322.0260686088209, 0, 0]","[-796.1625164750908, -203.2269993069945, 155.52651905163657, 475.19627720730557]","[-757.9763613900262, -88.48516057101098, 152.74462034025828, 458.967354943934]","[-736.9673693916897, 9.430161035472205, 84.03596799334628, 391.66128642593276]","[-699.6198626620018, 123.2922356652698, 149.39002691875157, 455.44829851919036]","[-660.2850212631291, 241.20559385296716, 157.33936559549056, 471.6534327507894]","[-643.8450670046487, 363.48716675338, 65.75981703392154, 489.12629160165136]","[-666.7670124098579, 480.4596344200076, -91.68778162083663, 467.88987066651043]","[-703.9573133387678, 512.9585120054437, -148.7612037156397, 129.99551034174453]","[-759.5611979023959, 505.367361038068, -222.41553825451228, -30.364603869502844]","[-807.4580083858074, 560.0866670391624, -191.58724193364606, 218.8772240043777]","[-875.3421775768021, 597.680727840282, -271.5366767639789, 150.37624320447821]","[-991.1889060735496, 644.244507173896, -463.38691398698984, 186.25511733445592]","[-1055.0863540563785, 647.394966833394, -255.58979193131563, 12.601838637992387]","[-1059.6021685140752, 656.1870747215949, -18.063257830786824, 35.16843155280321]","[-978.0785469120382, 746.1956583207874, 326.094486408148, 360.0343343967702]"
539,Robot,"[-887.4935438436289, 832.3313490598574, 0, 0]","[-796.9085407752196, 918.4670397989274, 362.34001227363706, 344.54276295628006]","[-706.3235377068104, 1004.6027305379974, 362.34001227363706, 344.54276295628006]","[-615.7385346384011, 1090.7384212770671, 362.34001227363706, 344.5427629562787]","[-525.1535315699919, 1176.8741120161374, 362.34001227363706, 344.54276295628097]","[-454.6222881551498, 1276.9021015497945, 282.12497365936815, 400.11195813462837]","[-405.8159510316711, 1391.9800814442542, 195.2253484939149, 460.31191957783903]","[-357.0096139081924, 1507.058061338714, 195.22534849391468, 460.31191957783903]","[-308.20327678471364, 1622.1360412331735, 195.2253484939153, 460.3119195778385]","[-259.3969396612349, 1737.2140211276335, 195.2253484939149, 460.31191957783994]","[-210.5906025377569, 1852.2920010220928, 195.22534849391207, 460.3119195778372]","[-161.78426541427885, 1967.369980916553, 195.22534849391218, 460.31191957784085]","[-112.97792829080076, 2082.447960811011, 195.22534849391235, 460.31191957783176]","[-64.17159116732275, 2197.525940705465, 195.22534849391207, 460.3119195778163]","[-15.365254043844995, 2312.603920599919, 195.22534849391099, 460.3119195778163]","[33.44108307963239, 2427.681900494373, 195.22534849390956, 460.3119195778163]"
540,Robot,"[82.24742020310931, 2542.7598803888272, 0, 0]","[170.56227572282998, 2572.5998312816723, 353.25942207888266, 119.35980357138033]","[289.9195385538853, 2535.4670451018246, 477.4290513242212, -148.5311447193908]","[301.03929120676287, 2448.712254187865, 44.479010611510375, -347.0191636558393]","[251.27544438441575, 2334.045085610967, -199.05538728938848, -458.6686743075916]","[201.5115975620687, 2219.377917034069, -199.05538728938825, -458.6686743075916]","[151.7477507397216, 2104.710748457171, -199.05538728938836, -458.6686743075916]","[101.9839039173742, 1990.043579880276, -199.05538728938956, -458.66867430758066]","[52.220057095026746, 1875.376411303384, -199.05538728939, -458.6686743075683]","[2.4562102726793507, 1760.7092427264918, -199.05538728938959, -458.66867430756884]","[-47.30763654966802, 1646.0420741495996, -199.05538728938947, -458.66867430756884]","[-97.0714833720154, 1531.3749055727071, -199.0553872893895, -458.66867430756974]","[-146.8353301943627, 1416.7077369958151, -199.05538728938927, -458.6686743075679]","[-196.5991770167098, 1302.040568418923, -199.05538728938836, -458.66867430756884]","[-246.3630238390569, 1187.3733998420307, -199.05538728938836, -458.66867430756884]","[-289.0249954250406, 1085.5962508345683, -170.64788634393472, -407.10859602984965]"
541,Robot,"[-338.6188030769241, 1017.696383568678, 0, 0]","[-388.7811707672284, 940.6080515569374, -200.64947076121712, -308.35332804696236]","[-436.9747054611359, 825.3179689759091, -192.77413877563004, -461.16033032411315]","[-485.3789316289332, 713.41402793364, -193.6169046711891, -447.61576416907656]","[-535.7891654492731, 641.3896311774789, -201.64093528135982, -288.0975870246443]","[-586.0129346968218, 590.6094210927577, -200.89507699019487, -203.12084033888505]","[-633.8959867869951, 523.0116235180584, -191.53220836069295, -270.391190298797]","[-680.4255637826758, 448.76091488588327, -186.11830798272285, -297.00283452870053]","[-725.9677087941307, 343.61231875266765, -182.16858004581962, -420.5943845328629]","[-768.588460568018, 226.1028658638524, -170.4830070955495, -470.037811555261]","[-811.2092123419054, 108.59341297503724, -170.4830070955495, -470.03781155526065]","[-853.8299641157928, -8.916039913777684, -170.4830070955495, -470.0378115552597]","[-896.4507158896802, -126.4254928025926, -170.4830070955495, -470.0378115552597]","[-939.0714676635675, -243.93494569140776, -170.4830070955495, -470.03781155526065]","[-981.6922194374548, -361.4443985802229, -170.48300709554906, -470.03781155526065]","[-1024.3129712113423, -478.95385146903817, -170.48300709554997, -470.037811555261]"
542,Robot,"[-1066.9337229852297, -596.4633043578524, 0, 0]","[-1109.554474759117, -713.9727572466662, -170.4830070955495, -470.0378115552553]","[-1152.1752265330044, -831.48221013548, -170.4830070955495, -470.0378115552553]","[-1194.7959783068918, -948.991663024294, -170.4830070955495, -470.03781155525576]","[-1264.994721371707, -1051.5072649096585, -280.79497225926116, -410.062407541458]","[-1340.4464151586044, -1151.1668951753184, -301.8067751475892, -398.6385210626395]","[-1415.8981089455017, -1250.8265254409782, -301.8067751475892, -398.6385210626395]","[-1491.3498027323983, -1350.486155706638, -301.80677514758645, -398.6385210626395]","[-1566.8014965192956, -1450.145785972298, -301.80677514758946, -398.6385210626398]","[-1642.253190306193, -1549.8054162379578, -301.8067751475892, -398.6385210626395]","[-1715.5960099575602, -1648.684312245253, -293.37127860546934, -395.5155840291809]","[-1754.7443576909388, -1749.9406828823776, -156.59339093351446, -405.0254825484981]","[-1783.0387206756905, -1832.9456383939787, -113.17745193900646, -332.01982204640444]","[-1871.3143554631104, -1895.1614908206752, -353.1025391496796, -248.86340970678611]","[-1949.04082495488, -1952.638201274896, -310.9058779670786, -229.90684181688266]","[-1898.7247771773543, -1934.1475854068904, 201.26419111010273, 73.96246347202214]"
543,Robot,"[-1854.5200380523197, -1834.3012948666144, 0, 0]","[-1769.4241439161417, -1756.6920095208316, 340.383576544712, 310.43714138313135]","[-1650.457845499003, -1747.2591481795312, 475.86519366855464, 37.73144536520158]","[-1591.2879644620075, -1744.0608225871922, 236.6795241479822, 12.793302369355843]","[-1591.2879644620075, -1744.0608225871922, 0.0, 0.0]","[-1592.9304309934066, -1773.9450037612437, -6.569866125596491, -119.53672469620597]","[-1630.3864632346824, -1860.3032060523544, -149.82412896510323, -345.4328091644429]","[-1718.3334011472562, -1949.1307699714569, -351.7877516502949, -355.3102556764097]","[-1806.2803390598297, -2037.9583338905588, -351.7877516502943, -355.31025567640825]","[-1894.227276972404, -2126.7858978096565, -351.78775165029765, -355.3102556763906]","[-1982.1742148849771, -2215.6134617287607, -351.7877516502922, -355.310255676417]","[-2070.1211527975497, -2304.441025647863, -351.7877516502904, -355.3102556764097]","[-2158.0680907101178, -2393.268589566961, -351.7877516502722, -355.31025567639153]","[-2246.015028622686, -2482.0961534860594, -351.7877516502722, -355.31025567639335]","[-2333.961966535254, -2570.9237174051577, -351.7877516502722, -355.31025567639335]","[-2421.908904447822, -2659.751281324256, -351.7877516502722, -355.31025567639335]"
544,Robot,"[-2417.767081024847, -2696.293098525838, 0, 0]","[-2296.421379538453, -2666.289419905128, 485.38280594557546, 120.01471448284065]","[-2175.07567805206, -2636.285741284418, 485.3828059455718, 120.01471448284065]","[-2053.7299765656667, -2606.282062663708, 485.38280594557364, 120.01471448283883]","[-1932.3842750792733, -2576.278384042997, 485.38280594557364, 120.01471448284428]","[-1811.03857359288, -2546.2747054222878, 485.3828059455727, 120.01471448283701]","[-1689.6928721064864, -2516.271026801577, 485.38280594557455, 120.01471448284246]","[-1568.347170620093, -2486.267348180867, 485.38280594557364, 120.01471448284065]","[-1447.0014691336996, -2456.263669560157, 485.3828059455741, 120.01471448284076]","[-1325.6557676473062, -2426.2599909394467, 485.38280594557364, 120.01471448284065]","[-1204.3100661609128, -2396.2563123187365, 485.38280594557364, 120.01471448284065]","[-1082.9643646745194, -2366.2526336980263, 485.38280594557364, 120.01471448284065]","[-961.618663188126, -2336.248955077316, 485.38280594557364, 120.01471448284065]","[-840.2729617017326, -2306.245276456606, 485.38280594557364, 120.01471448284065]","[-718.9272602153392, -2276.241597835896, 485.38280594557364, 120.01471448284065]","[-597.5815587289458, -2246.2379192151857, 485.38280594557364, 120.01471448284065]"
545,Robot,"[-476.2358572425519, -2216.2342405944755, 0, 0]","[-354.89015575615707, -2186.2305619737654, 485.3828059455793, 120.01471448284065]","[-233.5444542697624, -2156.226883353055, 485.38280594557864, 120.01471448284065]","[-112.1987527833682, -2126.223204732345, 485.3828059455768, 120.01471448284065]","[9.146948703026158, -2096.219526111635, 485.38280594557745, 120.01471448284065]","[130.49265018942054, -2066.2158474909247, 485.38280594557756, 120.01471448284065]","[251.83835167581464, -2036.2121688702143, 485.38280594557637, 120.01471448284155]","[373.1840531622095, -2006.2084902495044, 485.38280594557955, 120.01471448283974]","[494.5297546486043, -1976.2048116287945, 485.38280594557955, 120.01471448283985]","[615.8754561349979, -1946.201133008084, 485.3828059455743, 120.01471448284155]","[737.2211576213913, -1916.197454387374, 485.38280594557364, 120.01471448284065]","[858.5668591077847, -1886.193775766664, 485.38280594557364, 120.01471448283974]","[979.912560594178, -1856.1900971459536, 485.3828059455732, 120.01471448284155]","[1101.2582620805715, -1826.1864185252437, 485.3828059455741, 120.01471448283974]","[1222.603963566965, -1796.1827399045333, 485.38280594557364, 120.01471448284155]","[1343.9496650533583, -1766.179061283823, 485.38280594557364, 120.01471448284065]"
546,Robot,"[1465.2953665397515, -1736.175382663113, 0, 0]","[1586.6410680261451, -1706.1717040424028, 485.38280594557455, 120.01471448284065]","[1707.9867695125386, -1676.1680254216926, 485.38280594557364, 120.01471448284065]","[1829.332470998932, -1646.1643468009825, 485.38280594557364, 120.01471448284065]","[1950.6781724853251, -1616.1606681802723, 485.3828059455727, 120.01471448284065]","[2072.023873971719, -1586.156989559562, 485.38280594557455, 120.01471448284155]","[2193.369575458112, -1556.153310938852, 485.38280594557364, 120.01471448283974]","[2314.7152769445056, -1526.1496323181418, 485.38280594557364, 120.01471448284065]","[2436.060978430899, -1496.1459536974317, 485.3828059455741, 120.01471448284076]","[2557.4066799172924, -1466.1422750767215, 485.38280594557364, 120.01471448284065]","[2678.752381403686, -1436.138596456011, 485.38280594557364, 120.01471448284155]","[2800.0980828900792, -1406.1349178353012, 485.38280594557364, 120.01471448283974]","[2920.556920513972, -1372.772915063519, 481.8353504955703, 133.4480110871291]","[3040.8948221566143, -1338.952958998408, 481.35160657056986, 135.279824260444]","[3161.2327237992567, -1305.1330029332976, 481.35160657056986, 135.27982426044127]","[3281.570625441899, -1271.313046868187, 481.35160657056986, 135.27982426044218]"
547,Robot,"[3401.9085270845417, -1237.4930908030765, 0, 0]","[3522.246428727184, -1203.673134737966, 481.35160657056986, 135.27982426044218]","[3642.5843303698266, -1169.8531786728554, 481.35160657056986, 135.27982426044218]","[3762.922232012469, -1136.0332226077448, 481.35160657056986, 135.27982426044218]","[3883.260133655112, -1102.2132665426343, 481.3516065705717, 135.27982426044218]","[4003.598035297754, -1068.3933104775238, 481.35160657056804, 135.27982426044218]","[4123.9359369403965, -1034.5733544124132, 481.35160657056986, 135.27982426044218]","[4244.273838583039, -1000.7533983473048, 481.35160657056986, 135.27982426043354]","[4364.611740225681, -966.933442282197, 481.3516065705703, 135.27982426043138]","[4484.949641868324, -933.1134862170892, 481.35160657056986, 135.27982426043127]","[4605.287543510966, -899.2935301519797, 481.35160657056986, 135.2798242604381]","[4725.625445153609, -865.4735740868704, 481.35160657056986, 135.27982426043718]","[4845.963346796251, -831.6536180217611, 481.35160657056986, 135.27982426043718]","[4966.301248438894, -797.8336619566517, 481.35160657056986, 135.27982426043764]","[5086.639150081536, -764.0137058915423, 481.35160657056986, 135.27982426043764]","[5206.977051724179, -730.193749826433, 481.35160657056986, 135.27982426043718]"
548,Robot,"[5327.314953366821, -696.3737937613236, 0, 0]","[5447.652855009464, -662.5538376962143, 481.35160657056986, 135.27982426043718]","[5567.990756652106, -628.7338816311049, 481.35160657056986, 135.27982426043764]","[5688.3286582947485, -594.9139255659954, 481.35160657056986, 135.27982426043764]","[5808.666559937391, -561.0939695008861, 481.35160657056986, 135.27982426043718]","[5929.004461580033, -527.2740134357767, 481.35160657056986, 135.27982426043764]","[6049.342363222676, -493.4540573706676, 481.35160657056986, 135.2798242604365]","[6169.680264865318, -459.6341013055584, 481.35160657056986, 135.27982426043695]","[6290.018166507961, -425.8141452404493, 481.3516065705703, 135.27982426043638]","[6410.356068150603, -391.9941891753402, 481.35160657056986, 135.2798242604365]","[6530.693969793246, -358.17423311023106, 481.35160657056986, 135.2798242604365]","[6651.031871435888, -324.35427704512193, 481.35160657056986, 135.2798242604365]","[6771.369773078531, -290.5343209800128, 481.35160657056986, 135.2798242604365]","[6891.707674721173, -256.7143649149037, 481.35160657056986, 135.2798242604365]","[7012.045576363816, -222.89440884979456, 481.35160657056986, 135.2798242604365]","[7132.383478006458, -189.07445278468543, 481.35160657056986, 135.2798242604365]"
549,Robot,"[7252.7213796491005, -155.2544967195763, 0, 0]","[7373.059281291743, -121.43454065446711, 481.35160657056986, 135.27982426043678]","[7493.3971829343855, -87.61458458935763, 481.35160657056986, 135.27982426043792]","[7613.735084577028, -53.79462852424816, 481.35160657056986, 135.2798242604379]","[7734.07298621967, -19.974672459138628, 481.35160657056986, 135.27982426043815]","[7854.410887862313, 13.845283605970964, 481.35160657056986, 135.27982426043837]","[7974.748789504955, 47.66523967108062, 481.35160657056986, 135.27982426043863]","[7968.5162427115665, 52.51139982962051, -24.93018717355517, 19.384640634159553]","[7845.44943582338, 30.61251761286519, -492.26722755274795, -87.59552886702134]","[7722.382628935193, 8.71363539610981, -492.2672275527475, -87.59552886702153]","[7599.315822047006, -13.18524682064552, -492.2672275527475, -87.59552886702133]","[7476.249015158819, -35.084129037400835, -492.2672275527475, -87.59552886702126]","[7353.182208270632, -56.98301125415615, -492.2672275527475, -87.59552886702127]","[7230.115401382445, -78.88189347091145, -492.2672275527475, -87.59552886702119]","[7107.048594494258, -100.78077568766676, -492.2672275527475, -87.59552886702124]","[6986.136541975454, -121.40653558384562, -483.64821007521823, -82.50303958471545]"
550,Robot,"[6879.459962256998, -83.22424748057551, 0, 0]","[6805.253808671483, 17.344706185077307, -296.82461434205834, 402.2758146626113]","[6726.452140876355, 112.9241930924576, -315.2066711805128, 382.3179476295212]","[6617.788348915221, 150.46441068637057, -434.65516784453575, 150.16087037565188]","[6506.843394569623, 175.99739450905886, -443.7798173823903, 102.13193529075318]","[6426.474241479234, 271.1297099206207, -321.4766123615591, 380.5292616462474]","[6345.326776920022, 362.570232518493, -324.58985823684634, 365.7620903914892]","[6250.4609774678565, 437.8028188778314, -379.4631978086618, 300.9303454373535]","[6156.181452564939, 512.8877398329433, -377.11809961167125, 300.3396838204481]","[6038.678492809678, 505.0575306127366, -470.0118390210446, -31.320836880826846]","[5917.91352092113, 472.7957643132991, -483.05988755419094, -129.04706519775004]","[5797.148549032582, 440.5339980138616, -483.05988755419094, -129.04706519775004]","[5676.3835771440345, 408.2722317144241, -483.05988755419094, -129.04706519775004]","[5555.618605255487, 376.0104654149866, -483.05988755419094, -129.04706519775004]","[5434.853633366939, 343.7486991155491, -483.05988755419094, -129.04706519775004]","[5314.088661478391, 311.4869328161116, -483.05988755419094, -129.04706519774982]"
551,Robot,"[5193.323689589844, 279.22516651667405, 0, 0]","[5072.558717701296, 246.9634002172368, -483.0598875541946, -129.04706519774902]","[4951.793745812748, 214.7016339178, -483.05988755419094, -129.0470651977472]","[4831.0287739242, 182.4398676183632, -483.05988755419094, -129.0470651977472]","[4710.263802035653, 150.17810131892637, -483.05988755419094, -129.04706519774732]","[4589.498830147105, 117.91633501948944, -483.05988755419094, -129.0470651977477]","[4468.733858258557, 85.6545687200523, -483.05988755419094, -129.04706519774857]","[4347.968886370009, 53.39280242061514, -483.05988755419094, -129.04706519774862]","[4227.203914481462, 21.131036121177985, -483.0598875541914, -129.04706519774874]","[4106.438942592914, -11.130730178259157, -483.05988755419094, -129.04706519774857]","[3985.673970704366, -43.39249647769631, -483.05988755419094, -129.04706519774862]","[3864.9089988158175, -75.65426277713347, -483.0598875541946, -129.04706519774862]","[3744.144026927271, -107.91602907657062, -483.0598875541855, -129.04706519774862]","[3623.772241028518, -139.32512894127524, -481.48714359501355, -125.63639945881846]","[3508.798189538936, -126.56786196072056, -459.8962059583264, 51.0290679222187]","[3390.628097258601, -89.43297846439081, -472.68036912134085, 148.539533985319]"
552,Robot,"[3290.5181252829825, -104.37757182557353, 0, 0]","[3176.098666804587, -112.4875199853316, -457.6778339135817, -32.439792639032305]","[3058.032770682048, -100.28553171760312, -472.26358449015606, 48.807953070913925]","[2942.990617349261, -56.60134422567004, -460.16861333114866, 174.73674996773232]","[2827.417249823787, -25.13541406308333, -462.29347010189485, 125.86372065034683]","[2709.874057456078, -31.48292282445941, -470.172769470837, -25.39003504550432]","[2588.530857157858, -18.663535796438467, -485.3728011928797, 51.27754811208378]","[2472.773721271609, 28.08763173894167, -463.02854354499686, 187.00467014152053]","[2468.2236964281296, 30.16061845470212, -18.20009937391662, 8.291946863041808]","[2458.514844986394, 28.441435918106052, -38.83540576694213, -6.876730146384276]","[2349.432500637868, -31.60183133473408, -436.3293773941041, -240.17306901136052]","[2246.173166962276, -102.02647541134496, -413.03733470236875, -281.69857630644356]","[2135.256834182411, -159.22620052631945, -443.66533111946046, -228.79890045989794]","[2022.0978314865772, -211.72630627367036, -452.6360107833343, -210.00042298940366]","[1906.5236415572392, -258.9440955524442, -462.29675971735196, -188.87115711509534]","[1788.1082824514997, -298.9791143217478, -473.6614364229581, -160.1400750772143]"
553,Robot,"[1669.6929233457602, -339.0141330910513, 0, 0]","[1551.2775642400206, -379.0491518603549, -473.6614364229581, -160.14007507721453]","[1432.862205134281, -419.0841706296585, -473.6614364229581, -160.1400750772143]","[1314.4468460285416, -459.1191893989619, -473.6614364229581, -160.14007507721362]","[1196.031486922802, -499.1542081682643, -473.6614364229581, -160.14007507720953]","[1077.6161278170623, -539.1892269375664, -473.661436422959, -160.14007507720862]","[959.200768711323, -579.2242457068686, -473.6614364229572, -160.14007507720862]","[840.7854096055835, -619.2592644761708, -473.6614364229581, -160.14007507720862]","[722.370050499844, -659.2942832454729, -473.6614364229585, -160.14007507720876]","[603.9546913941044, -699.3293020147751, -473.6614364229581, -160.14007507720862]","[485.53933228836456, -739.3643207840772, -473.66143642295947, -160.14007507720862]","[367.1239731826236, -779.3993395533794, -473.6614364229638, -160.14007507720862]","[248.70861407688267, -819.4343583226815, -473.6614364229638, -160.14007507720862]","[130.29325497114172, -859.4693770919837, -473.6614364229638, -160.14007507720862]","[11.877895865400856, -899.5043958612858, -473.66143642296345, -160.14007507720862]","[-106.53746324034, -939.539414630588, -473.66143642296345, -160.14007507720862]"
554,Robot,"[-224.9528223460809, -979.5744333998902, 0, 0]","[-341.2350057483942, -1023.1936430813976, -465.12873360925323, -174.47683872602965]","[-445.26971191054326, -1090.145016678327, -416.13882464859626, -267.8054943877178]","[-563.0308749836558, -1131.8388033219258, -471.04465229245034, -166.77514657439497]","[-678.1068271720097, -1179.4344930353016, -460.3038087534155, -190.38275885350322]","[-785.8510377527804, -1242.4301059747372, -430.97684232308256, -251.98245175774264]","[-889.8840504269467, -1310.592214760426, -416.1320506966654, -272.64843514275526]","[-995.8938918034823, -1376.6146168551131, -424.03936550614253, -264.0896083787484]","[-1090.242411567079, -1457.9024853184887, -377.3940790543869, -325.15147385350275]","[-1147.1175410584149, -1564.0156049166592, -227.50051796534353, -424.45247839268177]","[-1214.0028278279246, -1643.4290516816682, -267.5411470780391, -317.65378706003594]","[-1337.7812492181008, -1660.8618483062949, -495.11368556070465, -69.73118649850676]","[-1461.559670608277, -1678.2946449309215, -495.11368556070465, -69.73118649850676]","[-1585.3380919984531, -1695.7274415555482, -495.11368556070465, -69.73118649850676]","[-1709.1165133886293, -1713.160238180175, -495.11368556070465, -69.73118649850676]","[-1832.8949347788052, -1730.5930348048016, -495.11368556070374, -69.73118649850676]"
555,Robot,"[-1956.6733561689816, -1748.0258314294267, 0, 0]","[-2080.4517775591594, -1765.4586280540505, -495.113685560711, -69.73118649849494]","[-2204.230198949341, -1782.8914246786749, -495.11368556072557, -69.73118649849766]","[-2328.008620339523, -1800.3242213032993, -495.1136855607292, -69.73118649849766]","[-2451.787041729705, -1817.757017927924, -495.1136855607274, -69.73118649849857]","[-2575.5654631198868, -1835.189814552548, -495.1136855607274, -69.73118649849584]","[-2483.161903845775, -1812.869818217789, 369.61423709644623, 89.27998533903519]","[-2361.2789835719877, -1785.128986479479, 487.5316810951499, 110.96332695324054]","[-2239.3960632982, -1757.3881547411684, 487.5316810951522, 110.96332695324246]","[-2117.5131430244114, -1729.6473230028578, 487.53168109515354, 110.96332695324236]","[-1995.6302227506235, -1701.9064912645472, 487.5316810951517, 110.96332695324236]","[-1873.747302476836, -1674.165659526234, 487.5316810951499, 110.96332695325236]","[-1751.8643822030476, -1646.4248277879203, 487.53168109515354, 110.96332695325509]","[-1629.9814619292597, -1618.6839960496072, 487.5316810951517, 110.96332695325236]","[-1508.0985416554718, -1590.9431643112937, 487.5316810951517, 110.96332695325418]","[-1386.2156213816838, -1563.2023325729804, 487.5316810951517, 110.96332695325327]"
556,Robot,"[-1264.332701107896, -1535.461500834667, 0, 0]","[-1142.449780834108, -1507.7206690963535, 487.5316810951517, 110.96332695325418]","[-1020.56686056032, -1479.9798373580402, 487.5316810951517, 110.96332695325327]","[-898.6839402865321, -1452.2390056197266, 487.5316810951517, 110.96332695325418]","[-776.8010200127442, -1424.498173881413, 487.5316810951517, 110.96332695325418]","[-654.9180997389562, -1396.7573421431, 487.5316810951517, 110.96332695325236]","[-533.0351794651683, -1369.0165104047865, 487.5316810951517, 110.96332695325418]","[-411.1522591913804, -1341.2756786664731, 487.5316810951517, 110.96332695325327]","[-289.26933891759245, -1313.5348469281596, 487.5316810951522, 110.96332695325428]","[-167.38641864380452, -1285.7940151898465, 487.5316810951517, 110.96332695325236]","[-46.06383582924016, -1258.4363850347495, 485.2903312582574, 109.43052062038805]","[74.58489040768998, -1231.1060163909567, 482.5949049477206, 109.32147457517112]","[196.46120300983077, -1203.3361689570008, 487.50525040856314, 111.0793897358235]","[318.33751561197187, -1175.566321523045, 487.5052504085644, 111.0793897358235]","[440.2138282141133, -1147.796474089089, 487.50525040856564, 111.0793897358235]","[562.0901408162542, -1120.0266266551332, 487.5052504085638, 111.0793897358235]"
557,Robot,"[681.9823505094553, -1091.6854566481054, 0, 0]","[800.2982565638769, -1064.5165312066883, 473.26362421768636, 108.67570176566824]","[922.2145343013318, -1036.9226691601473, 487.6651109498198, 110.37544818616425]","[1044.1308120387869, -1009.3288071136046, 487.66511094982025, 110.37544818617062]","[1166.0470897762418, -981.7349450670608, 487.6651109498198, 110.37544818617516]","[1287.9633675136968, -954.1410830205176, 487.6651109498198, 110.37544818617289]","[1411.3389009258228, -934.735536871103, 493.50213364850424, 77.62218459765836]","[1535.2819226558763, -918.5143357927936, 495.77208692021395, 64.88480431323751]","[1659.2249443859305, -902.2931347144844, 495.77208692021713, 64.88480431323711]","[1783.167966115984, -886.0719336361749, 495.77208692021395, 64.88480431323796]","[1907.1109878460377, -869.8507325578655, 495.77208692021486, 64.88480431323751]","[2031.0540095760916, -853.6295314795578, 495.77208692021577, 64.88480431323069]","[2154.9970313061453, -837.4083304012502, 495.77208692021486, 64.88480431323069]","[2278.940053036199, -821.1871293229425, 495.77208692021486, 64.88480431323069]","[2402.883074766253, -804.9659282446348, 495.77208692021486, 64.88480431323069]","[2526.8260964963065, -788.7447271663272, 495.77208692021486, 64.88480431323069]"
558,Robot,"[2650.76911822636, -772.5235260880195, 0, 0]","[2774.712139956414, -756.3023250097118, 495.77208692021486, 64.88480431323069]","[2898.655161686468, -740.0811239314041, 495.7720869202167, 64.88480431323069]","[3022.5981834165214, -723.8599228530965, 495.77208692021304, 64.88480431323069]","[3146.541205146575, -707.6387217747888, 495.77208692021486, 64.88480431323069]","[3270.484226876629, -691.4175206964811, 495.77208692021486, 64.88480431323069]","[3394.4272486066825, -675.1963196181734, 495.77208692021486, 64.88480431323069]","[3518.370270336736, -658.9751185398658, 495.77208692021486, 64.88480431323069]","[3642.31329206679, -642.753917461558, 495.7720869202153, 64.8848043132312]","[3766.256313796844, -626.5327163832503, 495.7720869202167, 64.88480431323069]","[3890.199335526898, -610.3115153049426, 495.77208692021486, 64.88480431323069]","[4014.142357256951, -594.090314226635, 495.77208692021304, 64.88480431323069]","[4138.085378987009, -577.8691131483268, 495.77208692023123, 64.88480431323251]","[4262.028400717074, -561.6479120700177, 495.77208692026034, 64.8848043132366]","[4385.971422447139, -545.4267109917085, 495.77208692026034, 64.8848043132366]","[4509.914444177204, -529.2055099133994, 495.77208692026034, 64.8848043132366]"
559,Robot,"[4633.857465907269, -512.9843088350902, 0, 0]","[4757.800487637334, -496.76310775678223, 495.77208692026034, 64.88480431323205]","[4881.743509367399, -480.5419066784743, 495.77208692026034, 64.88480431323183]","[5005.590751216326, -464.4408755980593, 495.38896739570555, 64.40412432165999]","[5129.530267714338, -448.1929141801586, 495.7580659920495, 64.99184567160273]","[5230.59463006621, -402.0064127929997, 404.257449407487, 184.7460055486356]","[5281.354348782574, -305.17720669604745, 203.038874865455, 387.316824387809]","[5325.047945338934, -188.7681851184741, 174.77438622544287, 465.6360863102934]","[5385.434486389905, -79.32426415357862, 241.54616420388288, 437.7756838595823]","[5443.351900730034, 31.44448970764767, 231.66965736051498, 443.07501544490515]","[5497.912015819323, 143.9015592559947, 218.24046035715583, 449.8282781933881]","[5547.659434763821, 258.5611852286804, 198.9896757779934, 458.63850389074287]","[5589.923871906904, 376.16306533156586, 169.05774857233337, 470.4075204115418]","[5615.68228732855, 497.84488573842486, 103.03366168658249, 486.727281627436]","[5570.940938231531, 606.8072141860758, -178.96539638807735, 435.8493137906039]","[5508.9817111493485, 713.6729078842109, -247.8369083287289, 427.46277479254013]"
560,Robot,"[5487.794698668469, 834.952996270245, 0, 0]","[5570.598646535978, 918.8264736772404, 331.2157914700365, 335.4939096279818]","[5678.395617991001, 982.1100651139184, 431.18788582009074, 253.13436574671186]","[5786.1925894460255, 1045.3936565505974, 431.187885820098, 253.13436574671596]","[5893.989560901053, 1108.6772479872782, 431.18788582010893, 253.13436574672323]","[6001.78653235608, 1171.960839423959, 431.18788582010893, 253.13436574672323]","[6109.583503811108, 1235.2444308606398, 431.18788582011257, 253.13436574672323]","[6217.380475266136, 1298.5280222973206, 431.18788582011257, 253.13436574672323]","[6325.177446721164, 1361.8116137340014, 431.18788582011297, 253.13436574672346]","[6432.974418176191, 1425.0952051706822, 431.1878858201053, 253.13436574672323]","[6540.771389631218, 1488.378796607363, 431.18788582010893, 253.13436574672323]","[6648.568361086246, 1551.6623880440438, 431.18788582011257, 253.13436574672323]","[6756.365332541274, 1614.9459794807246, 431.18788582011257, 253.13436574672323]","[6864.1623039963015, 1678.2295709174057, 431.18788582010893, 253.13436574672414]","[6971.959275451329, 1741.5131623540865, 431.18788582010893, 253.13436574672323]","[7079.756246906356, 1804.796753790767, 431.18788582010893, 253.13436574672232]"
561,Robot,"[7187.553218361385, 1868.080345227448, 0, 0]","[7295.350189816412, 1931.3639366641287, 431.18788582010893, 253.13436574672232]","[7403.147161271439, 1994.6475281008093, 431.1878858201053, 253.13436574672232]","[7510.944132726467, 2057.9311195374894, 431.18788582011257, 253.1343657467205]","[7618.741104181484, 2121.2147109741645, 431.1878858200689, 253.1343657467005]","[7710.741557378108, 2205.8369102579045, 368.0018127864969, 338.4887971349599]","[7802.742010574732, 2290.4591095416445, 368.0018127864969, 338.4887971349599]","[7894.742463771357, 2375.081308825381, 368.0018127864969, 338.48879713494534]","[7803.556081587656, 2415.868539691205, -364.7455287348024, 163.1489234632974]","[7680.345555634498, 2427.6646592509755, -492.84210381263256, 47.18447823908173]","[7555.351025652639, 2426.495268548111, -499.97811992743664, -4.677562811457392]","[7430.35649567078, 2425.325877845247, -499.97811992743664, -4.677562811457392]","[7305.364858662421, 2424.4832661672203, -499.96654803343336, -3.370446712106059]","[7180.370808584036, 2423.2636576234145, -499.9762003135402, -4.878434175223447]","[7055.376758505651, 2422.044049079614, -499.9762003135402, -4.878434175201619]","[6930.382708427266, 2420.824440535813, -499.9762003135402, -4.878434175203438]"
562,Robot,"[6805.388658348881, 2419.604831992013, 0, 0]","[6692.474929010223, 2369.394551837852, -451.65491735463365, -200.84112061664382]","[6581.465081566837, 2311.9331406943934, -444.0393897735412, -229.84564457383385]","[6470.455234123451, 2254.471729550935, -444.0393897735448, -229.84564457383385]","[6359.445386680063, 2197.0103184074765, -444.0393897735521, -229.84564457383385]","[6248.435539236677, 2139.548907264018, -444.0393897735448, -229.84564457383385]","[6137.425691793291, 2082.0874961205595, -444.0393897735448, -229.84564457383385]","[6026.415844349907, 2024.626084977104, -444.0393897735339, -229.84564457382203]","[5915.405996906531, 1967.1646738336508, -444.0393897735052, -229.84564457381313]","[5804.396149463156, 1909.703262690198, -444.03938977350117, -229.84564457381111]","[5693.38630201978, 1852.2418515467448, -444.0393897735048, -229.84564457381293]","[5582.376454576404, 1794.7804404032925, -444.03938977350117, -229.8456445738093]","[5471.366607133028, 1737.3190292598397, -444.0393897735048, -229.84564457381111]","[5360.356759689652, 1679.857618116387, -444.0393897735048, -229.84564457381111]","[5249.346912246276, 1622.396206972934, -444.0393897735048, -229.84564457381202]","[5138.3370648029, 1564.9347958294811, -444.03938977350117, -229.84564457381111]"
563,Robot,"[5027.327217359524, 1507.4733846860286, 0, 0]","[4916.317369916149, 1450.0119735425758, -444.03938977350117, -229.84564457381111]","[4805.307522472773, 1392.550562399123, -444.0393897735048, -229.84564457381111]","[4694.2976750293965, 1335.0891512556702, -444.0393897735048, -229.84564457381111]","[4583.287827586021, 1277.6277401122177, -444.03938977350117, -229.8456445738102]","[4472.277980142645, 1220.166328968765, -444.0393897735048, -229.84564457381111]","[4361.26813269927, 1162.704917825312, -444.03938977350117, -229.84564457381202]","[4250.2591376677965, 1105.2425781608822, -444.0359801258928, -229.84935865771877]","[4139.322131565369, 1047.6969499146594, -443.74802440971, -230.18251298489142]","[4028.388941410906, 990.1495998421796, -443.73276061785145, -230.18940028991938]","[3917.457356061541, 932.6036172317008, -443.7263413974615, -230.18393044191498]","[3806.52763243267, 875.0592210022427, -443.71889451548304, -230.17758491783252]","[3695.6000952742434, 817.5166878748041, -443.7101486337069, -230.17013250975424]","[3584.675163530885, 759.9763748341232, -443.6997269734329, -230.16125216272349]","[3473.753390953168, 702.4387537337357, -443.68709031086837, -230.15048440155033]","[3362.8355313689285, 644.904466913981, -443.6714383369581, -230.1371472790188]"
564,Robot,"[3251.778592827246, 587.5386004604514, 0, 0]","[3140.715760302315, 530.179667141062, -444.2513300997234, -229.43573327755757]","[3029.6529277773843, 472.8207338216737, -444.2513300997234, -229.43573327755348]","[2918.590095252453, 415.46180050228577, -444.25133009972524, -229.43573327755166]","[2807.527262727519, 358.1028671828992, -444.25133009973615, -229.4357332775462]","[2689.898449894083, 317.2966993105698, -470.51525133374344, -163.22467148931764]","[2569.7162002740083, 282.92771800098484, -480.7289984802992, -137.47592523833987]","[2449.533950653933, 248.5587366913997, -480.728998480301, -137.47592523834055]","[2329.3517010338587, 214.189755381814, -480.72899848029783, -137.47592523834294]","[2209.169451413784, 179.82077407222835, -480.7289984802992, -137.4759252383426]","[2088.926501699796, 150.48078724574694, -480.9717988559514, -117.35994730592563]","[1968.578753244724, 171.11515910918007, -481.3909938202878, 82.53748745373252]","[1848.7399636842172, 149.398405038364, -479.35515824202776, -86.86701628326432]","[1729.098926414891, 113.19036447939176, -478.56414907730505, -144.83216223588892]","[1609.4578891455644, 76.9823239204195, -478.56414907730596, -144.83216223588903]","[1487.5284812659424, 60.19283156309815, -487.7176315184879, -67.1579694292854]"
565,Robot,"[1366.2523224422173, 38.96562743299854, 0, 0]","[1246.9191769818465, 1.755408479947958, -477.33258184148326, -148.8408758122023]","[1127.1136760252236, -33.80502735375352, -479.22200382649135, -142.24174333480593]","[1006.074945635474, -64.90622742266845, -484.15492155899847, -124.40480027565971]","[884.8907482486187, -95.52576792028466, -484.73678954742127, -122.47816199046486]","[763.9960824781685, -127.29626438972667, -483.57866308180064, -127.08198587776803]","[642.9962116007018, -158.6576044750792, -483.9994835098669, -125.44536034141015]","[540.1906535887986, -228.1546468488662, -411.22223204761303, -277.988169495148]","[454.08697144164097, -317.03196562095235, -344.4147285886307, -355.5092750883449]","[407.9589921112858, -432.4492181472793, -184.5119173214207, -461.66901010530773]","[410.8075344054171, -556.599794464936, 11.39416917652511, -496.6023052706271]","[330.2585527352029, -615.722730984658, -322.1959266808567, -236.4917460788879]","[208.0296713237645, -640.4288929736456, -488.91552564575363, -98.82464795595024]","[85.33511198021853, -664.3254430906214, -490.77823737418385, -95.58620046790338]","[-37.35944736332742, -688.2219932075973, -490.7782373741838, -95.58620046790338]","[-160.05400670687337, -712.1185433245731, -490.7782373741838, -95.58620046790338]"
566,Robot,"[-278.143159265202, -738.8083386197748, 0, 0]","[-391.8876512626069, -750.9011048461178, -454.97796798961963, -48.37106490537235]","[-515.9654618591035, -762.8637468428828, -496.31124238598636, -47.85056798706]","[-638.4411093012645, -787.858061868969, -489.90258976864425, -99.97726010434462]","[-760.9167567434256, -812.8523768950552, -489.90258976864425, -99.97726010434462]","[-884.5798450021316, -829.7343975577115, -494.65235303482405, -67.52808265062549]","[-1009.2408504428112, -824.8612758220542, -498.64402176271824, 19.49248694262951]","[-1131.7601542754403, -847.036268160535, -490.07721533051654, -88.69996935392328]","[-1253.4677863165484, -875.5363085630746, -486.83052816443296, -114.00016161015866]","[-1376.0920923983545, -897.3464852693094, -490.4972243272241, -87.24070682493902]","[-1500.4614471695763, -886.1090199517424, -497.4774190848875, 44.949861270267775]","[-1621.840676100781, -898.8323692357594, -485.5169157248183, -50.89339713606796]","[-1741.4030388075028, -935.2993601177358, -478.24945082688737, -145.86796352790543]","[-1860.9654015142248, -971.766350999712, -478.2494508268883, -145.86796352790498]","[-1980.527764220947, -1008.2333418816884, -478.2494508268883, -145.86796352790543]","[-2100.0901269276687, -1044.700332763667, -478.24945082688737, -145.86796352791407]"
567,Robot,"[-2219.652489634391, -1081.167323645646, 0, 0]","[-2339.906953122387, -1115.2790947110527, -481.01785395198567, -136.44708426162651]","[-2460.1902541429367, -1149.2927316174355, -481.13320408219806, -136.0545476255311]","[-2580.4735551634863, -1183.3063685238185, -481.13320408219806, -136.054547625532]","[-2700.756856184036, -1217.320005430201, -481.1332040821999, -136.05454762553018]","[-2821.0401572045853, -1251.3336423365838, -481.13320408219624, -136.0545476255311]","[-2941.323458225135, -1285.3472792429666, -481.13320408219806, -136.0545476255311]","[-3061.6067592456843, -1319.3609161493494, -481.13320408219806, -136.0545476255311]","[-3181.890060266234, -1353.374553055732, -481.1332040821985, -136.0545476255303]","[-3302.173361286784, -1387.388189962115, -481.1332040821999, -136.054547625532]","[-3422.4366904886347, -1421.4709074655095, -481.05331680740346, -136.33087001357853]","[-3542.635357110292, -1455.7778568991423, -480.79466648662856, -137.22779773453112]","[-3662.922201942068, -1489.778959240347, -481.1473793271052, -136.00440936481846]","[-3783.209046773844, -1523.7800615815515, -481.1473793271034, -136.00440936481846]","[-3903.4958916056194, -1557.7811639227552, -481.1473793271016, -136.00440936481482]","[-4023.782736437395, -1591.7822662639576, -481.1473793271034, -136.00440936480936]"
568,Robot,"[-4144.069581269171, -1625.78336860516, 0, 0]","[-4264.356426100947, -1659.7844709463625, -481.1473793271034, -136.00440936481027]","[-4384.643270932723, -1693.785573287565, -481.1473793271034, -136.00440936481027]","[-4504.930115764499, -1727.7866756287674, -481.1473793271034, -136.00440936480936]","[-4625.2169605962745, -1761.78777796997, -481.1473793271034, -136.00440936481027]","[-4745.50380542805, -1795.7888803111723, -481.1473793271034, -136.00440936480936]","[-4865.790650259826, -1829.7899826523749, -481.1473793271034, -136.00440936481027]","[-4986.077495091602, -1863.7910849935772, -481.1473793271034, -136.00440936480936]","[-5106.364339923378, -1897.79218733478, -481.14737932710386, -136.0044093648113]","[-5226.651184755154, -1931.7932896759824, -481.1473793271034, -136.00440936480936]","[-5346.93802958693, -1965.7943920171847, -481.1473793271034, -136.00440936480936]","[-5467.224874418705, -1999.7954943583875, -481.1473793271034, -136.00440936481118]","[-5587.511719250481, -2033.7965966995896, -481.1473793271034, -136.00440936480845]","[-5707.798564082257, -2067.79769904079, -481.1473793271034, -136.0044093648021]","[-5828.085408914033, -2101.798801381989, -481.1473793271034, -136.00440936479572]","[-5948.372253745809, -2135.799903723188, -481.1473793271034, -136.00440936479572]"
569,Robot,"[-6068.659098577585, -2169.801006064387, 0, 0]","[-6188.945943409361, -2203.802108405586, -481.1473793271034, -136.00440936479572]","[-6309.232788241136, -2237.803210746786, -481.1473793271034, -136.00440936480118]","[-6429.519633072912, -2271.804313087992, -481.1473793271034, -136.004409364823]","[-6549.806477904688, -2305.805415429197, -481.1473793271034, -136.00440936482119]","[-6670.093322736464, -2339.806517770403, -481.1473793271034, -136.004409364823]","[-6790.296632944246, -2343.594218091765, -480.8132408311285, -15.150801285448324]","[-6790.063473814649, -2274.058095599339, 0.9326365183878806, 278.1444899697035]","[-6707.830615789299, -2179.915878390564, 328.93143210139925, 376.5688688351005]","[-6625.59775776395, -2085.773661181788, 328.93143210139897, 376.5688688351038]","[-6543.3648997386, -1991.631443973016, 328.93143210139897, 376.5688688350883]","[-6461.13204171325, -1897.4892267642465, 328.93143210139897, 376.5688688350783]","[-6378.8991836879, -1803.3470095554765, 328.93143210139897, 376.56886883508014]","[-6296.76821632337, -1709.2727919141494, 328.5238694581203, 376.2968705653084]","[-6214.533972304447, -1615.1317853833218, 328.93697607569266, 376.5640261233102]","[-6149.056847611443, -1509.6892997423208, 261.9084987720162, 421.76994256400394]"
570,Robot,"[-6117.497349851622, -1389.098075528537, 0, 0]","[-6101.792999131377, -1265.1027464282934, 62.81740288098081, 495.9813164009747]","[-6084.264252662607, -1141.3498031828592, 70.11498587507958, 495.0117729817366]","[-6062.836079222156, -1018.2009496842217, 85.71269376180499, 492.5954139945502]","[-6041.549030552375, -896.6718305982922, 85.14819467912093, 486.11647634371775]","[-6020.440038648992, -773.4944979826748, 84.43596761353183, 492.70933046246955]","[-6025.923008563547, -649.7426016942321, -21.93187965821926, 495.00758515377083]","[-6070.784395914841, -569.0668153402776, -179.44554940517628, 322.7031454158182]","[-6162.782186280287, -653.6358759627907, -367.99116146178164, -338.27624249005277]","[-6261.760628077476, -729.2490684474475, -395.91376718875836, -302.45276993862717]","[-6292.818844111884, -846.5095588527481, -124.2328641376298, -469.0419616212025]","[-6247.22887551226, -924.4839382123153, 182.35987439849487, -311.89751743826855]","[-6143.184319086679, -875.2323114332654, 416.1782257023224, 197.00650711619937]","[-6041.244250376978, -825.8073153104176, 407.76027483880534, 197.6999844913912]","[-5940.125756420722, -776.21509338331, 404.47397582502526, 198.36888770843052]","[-5839.926578490397, -726.4347917825704, 400.79671172129747, 199.12120640295825]"
571,Robot,"[-5740.786253888623, -676.4378630559365, 0, 0]","[-5642.879261345059, -626.1886112059387, 391.6279701742569, 200.99700739999116]","[-5546.427616499912, -575.6416148236383, 385.8065793805872, 202.1879855292018]","[-5451.719560146877, -524.7379037258946, 378.83222541214127, 203.61484439097467]","[-5359.866077702866, -472.08583814306064, 367.4139297760412, 210.60826233133594]","[-5270.6843713404405, -412.11868646877537, 356.72682544970303, 239.8686066971411]","[-5180.556300221063, -341.9893141554352, 360.51228447751055, 280.51748925336074]","[-5087.7562974192015, -263.17887741268606, 371.20001120744564, 315.2417469709965]","[-4994.752442857026, -179.66071749174685, 372.01541824870253, 334.07263968375713]","[-4901.74858829485, -96.1425575708071, 372.0154182487022, 334.072639683759]","[-4808.744733732675, -12.62439764986726, 372.0154182487022, 334.07263968375935]","[-4715.740879170499, 70.89376227107266, 372.0154182487022, 334.0726396837597]","[-4622.737024608324, 154.41192219201272, 372.0154182487022, 334.07263968376026]","[-4529.733170046148, 237.93008211295324, 372.0154182487022, 334.0726396837621]","[-4436.729315483973, 321.44824203389385, 372.0154182487022, 334.0726396837624]","[-4343.725460921805, 404.96640195483445, 372.01541824866945, 334.0726396837624]"
572,Robot,"[-4250.7216063596425, 488.4845618757751, 0, 0]","[-4157.717751797477, 572.0027217967166, 372.0154182486622, 334.07263968376606]","[-4064.713897235312, 655.5208817176587, 372.01541824866035, 334.0726396837681]","[-3971.710042673148, 739.0390416386002, 372.0154182486549, 334.0726396837663]","[-3878.706188110984, 822.5572015595409, 372.0154182486567, 334.07263968376265]","[-3785.7023335488193, 906.0753614804815, 372.01541824865853, 334.07263968376265]","[-3692.698478986655, 989.593521401422, 372.0154182486567, 334.07263968376174]","[-3599.694624424491, 1073.1116813223634, 372.0154182486567, 334.07263968376583]","[-3506.6907698623268, 1156.6298412433057, 372.01541824865706, 334.0726396837693]","[-3413.6869153001626, 1240.1480011642475, 372.0154182486567, 334.0726396837672]","[-3320.6830607379984, 1323.6661610851895, 372.0154182486567, 334.0726396837681]","[-3227.679206175834, 1407.1843210061315, 372.0154182486567, 334.0726396837681]","[-3134.67535161367, 1490.7024809270736, 372.0154182486567, 334.0726396837681]","[-3058.9846732292126, 1562.863438046387, 302.76271353782977, 288.6438284772539]","[-2964.593342430534, 1621.796436370581, 377.56532319471444, 235.73199329677573]","[-2872.431474016664, 1706.0956122789892, 368.6474736554792, 337.19670363363275]"
573,Robot,"[-2772.2131212215177, 1767.570700740619, 0, 0]","[-2774.6211262578304, 1785.120042596829, -9.632020145250863, 70.1973674248402]","[-2834.7192536157927, 1894.4069561625756, -240.39250943184925, 437.1476542629862]","[-2918.641907657992, 1986.356709648761, -335.6906161687966, 367.7990139447411]","[-2947.277973428639, 1926.610622208633, -114.54426308258917, -238.98434976051158]","[-3000.0325529982256, 1816.2580182831543, -211.01831827834576, -441.41041570191464]","[-3087.102644451279, 1726.7920780951602, -348.28036581221386, -357.86376075197677]","[-3187.671195687844, 1652.784004539019, -402.2742049462595, -296.0322942245648]","[-3274.506551293146, 1593.781589957789, -347.3414224212086, -236.00965832491985]","[-3274.506551293146, 1593.781589957789, 0.0, 0.0]","[-3172.9871727491814, 1666.0127129705238, 406.0775141758586, 288.9244920509391]","[-3072.3202317626105, 1740.11512178701, 402.66776394628323, 296.4096352659444]","[-2971.65329077604, 1814.2175306034965, 402.6677639462814, 296.40963526594624]","[-2870.986349789469, 1888.3199394199828, 402.66776394628505, 296.4096352659453]","[-2770.319408802898, 1962.422348236469, 402.66776394628323, 296.4096352659444]","[-2669.6524678163278, 2036.5247570529568, 402.6677639462814, 296.4096352659517]"
574,Robot,"[-2568.9855268297565, 2110.627165869443, 0, 0]","[-2468.3185858431857, 2184.729574685929, 402.66776394628323, 296.4096352659435]","[-2367.651644856615, 2258.831983502416, 402.66776394628323, 296.40963526594714]","[-2266.984703870044, 2332.934392318902, 402.66776394628323, 296.4096352659453]","[-2166.3177628834733, 2407.0368011353885, 402.66776394628323, 296.4096352659453]","[-2065.5104440315654, 2480.947777643665, 403.2292754076316, 295.64390603310676]","[-1964.5735456116588, 2554.6820474059004, 403.74759367962633, 294.9370790489411]","[-1863.636647191753, 2628.416317168136, 403.7475936796236, 294.9370790489429]","[-1762.6997487718477, 2702.150586930371, 403.7475936796212, 294.93707904893955]","[-1661.7628503519418, 2775.8848566926063, 403.7475936796236, 294.9370790489411]","[-1560.825951932036, 2849.619126454841, 403.7475936796227, 294.93707904893927]","[-1459.8890535121304, 2923.353396217077, 403.7475936796227, 294.9370790489429]","[-1358.9521550922248, 2997.0876659793057, 403.7475936796227, 294.9370790489156]","[-1258.015256672319, 3070.821935741534, 403.7475936796227, 294.9370790489138]","[-1156.7949085170883, 3144.122704609751, 404.8813926209232, 293.20307547286757]","[-1118.939753944837, 3129.219741842521, 151.42061828900478, -59.61185106891935]"
575,Robot,"[-1170.3893103935818, 3015.2989661199763, 0, 0]","[-1239.0184796690078, 2914.996125835968, -274.51667710170386, -401.2113611360328]","[-1338.1891828585335, 2838.9029485538013, -396.68281275810295, -304.37270912866734]","[-1437.3598860480597, 2762.809771271635, -396.6828127581048, -304.3727091286655]","[-1536.5305892375857, 2686.7165939894685, -396.68281275810386, -304.3727091286655]","[-1635.7012924271116, 2610.623416707302, -396.68281275810386, -304.3727091286655]","[-1734.8719956166376, 2534.530239425136, -396.68281275810386, -304.3727091286637]","[-1834.042698806164, 2458.4370621429694, -396.6828127581057, -304.37270912866734]","[-1933.2134019956893, 2382.343884860803, -396.6828127581015, -304.3727091286658]","[-2032.3841051852155, 2306.2507075786366, -396.6828127581048, -304.3727091286655]","[-2131.5548083747462, 2230.15753029647, -396.68281275812296, -304.3727091286655]","[-2230.725511564278, 2154.064353014304, -396.6828127581266, -304.3727091286655]","[-2329.896214753809, 2077.971175732137, -396.6828127581248, -304.37270912866734]","[-2429.066917943341, 2001.8779984499747, -396.6828127581284, -304.37270912864915]","[-2527.8552685543364, 1925.742655437275, -395.15340244398067, -304.5413720507986]","[-2617.8517020315426, 1847.2899245715475, -359.98573390882484, -313.81092346291007]"
576,Robot,"[-2701.009547269524, 1762.324575045944, 0, 0]","[-2784.929930656879, 1671.6061637982805, -335.68153354942115, -362.8736449906537]","[-2869.0038194599883, 1580.6342491500832, -336.29555521243674, -363.8876585927892]","[-2952.965132287282, 1489.7731104542115, -335.8452513091743, -363.44455478348664]","[-3027.660416327747, 1403.3816644593626, -298.78113616186056, -345.56578397939575]","[-3097.851810103796, 1303.7810755724845, -280.7655751041966, -398.40235554751234]","[-3173.4831087170264, 1204.2799287554983, -302.5251944529209, -398.00458726794477]","[-3249.462641968793, 1105.0230731842396, -303.918133007066, -397.02742228503485]","[-3318.5842677411247, 1000.9679599877484, -276.48650308932724, -416.2204527859653]","[-3361.95240988414, 901.8486904760196, -173.47256857206048, -396.47707804691527]","[-3378.124485760377, 790.9396853129522, -64.68830350494864, -443.6360206522695]","[-3401.2213834333497, 718.1644922699976, -92.38759069189109, -291.10077217181833]","[-3477.455527185872, 664.5145366916877, -304.93657501008965, -214.59982231323966]","[-3593.534917377183, 618.1498250423678, -464.3175607652429, -185.45884659727972]","[-3710.0431402962354, 572.8639020912218, -466.03289167621006, -181.1436918045838]","[-3826.518949221127, 527.4944744078596, -465.9032356995667, -181.47771073344893]"
577,Robot,"[-3943.0410796622823, 482.2441569538848, 0, 0]","[-4059.6293204978174, 437.1644714317932, -466.35296334214036, -180.31874208836643]","[-4176.317295100414, 392.3436430286466, -466.7518984103881, -179.2833136125862]","[-4293.168414679305, 347.950106088784, -467.4044783155623, -177.5741477594504]","[-4410.325554242729, 304.37171927380933, -468.6285582536948, -174.31354725989877]","[-4528.312368766769, 263.11499303194205, -471.94725809616284, -165.02690496746914]","[-4646.494613040855, 222.9563260503582, -472.72897709634344, -160.6346679263354]","[-4755.145693479511, 161.34068252785272, -434.6043217546212, -246.46257409002192]","[-4859.544940521145, 93.41013925267627, -417.5969881665373, -271.722173100706]","[-4946.073217040775, 3.200065743437684, -346.1131060785192, -360.84029403695433]","[-5032.601493560404, -87.01000776580092, -346.1131060785192, -360.84029403695445]","[-5119.129770080034, -177.22008127503932, -346.1131060785192, -360.8402940369536]","[-5205.658046599664, -267.43015478427765, -346.1131060785192, -360.8402940369533]","[-5292.186323119294, -357.6402282935166, -346.1131060785192, -360.8402940369558]","[-5378.714599638924, -447.8503018027556, -346.1131060785192, -360.84029403695604]","[-5465.242876158553, -538.0603753119941, -346.1131060785192, -360.840294036954]"
578,Robot,"[-5551.771152678183, -628.2704488212316, 0, 0]","[-5638.299429197813, -718.4805223304692, -346.1131060785192, -360.8402940369501]","[-5724.827705717443, -808.6905958397067, -346.1131060785192, -360.8402940369501]","[-5811.355982237073, -898.9006693489442, -346.1131060785192, -360.8402940369501]","[-5897.884258756702, -989.1107428581818, -346.1131060785192, -360.8402940369501]","[-5984.412535276332, -1079.320816367421, -346.1131060785192, -360.84029403695695]","[-6070.940811795962, -1169.5308898766614, -346.1131060785192, -360.8402940369615]","[-6157.469088315592, -1259.7409633859018, -346.1131060785192, -360.8402940369615]","[-6243.997364835222, -1349.951036895142, -346.1131060785195, -360.8402940369609]","[-6330.525641354851, -1440.1611104043789, -346.1131060785192, -360.84029403694785]","[-6417.053917874481, -1530.3711839136138, -346.1131060785192, -360.84029403693967]","[-6503.582194394111, -1620.5812574228485, -346.1131060785192, -360.84029403693876]","[-6590.110470913741, -1710.7913309320834, -346.1131060785192, -360.84029403693967]","[-6676.638747433371, -1801.0014044413183, -346.1131060785192, -360.84029403693967]","[-6763.167023953, -1891.211477950553, -346.1131060785192, -360.84029403693876]","[-6849.69530047263, -1981.421551459788, -346.1131060785192, -360.84029403693967]"
579,Robot,"[-6936.22357699226, -2071.631624969024, 0, 0]","[-6858.327238477183, -2084.98436724796, 311.5853540603093, -53.41096911574459]","[-6734.108746588528, -2071.028498485809, 496.8739675546167, 55.82347504860445]","[-6609.8902546998725, -2057.0726297236592, 496.87396755462396, 55.82347504859899]","[-6485.671762811217, -2043.116760961509, 496.8739675546203, 55.82347504860081]","[-6361.453270922562, -2029.1608921993588, 496.8739675546203, 55.82347504860081]","[-6237.234779033907, -2015.2050234372089, 496.8739675546203, 55.8234750485999]","[-6113.016287145252, -2001.2491546750584, 496.8739675546203, 55.82347504860172]","[-5988.797795256597, -1987.293285912908, 496.8739675546208, 55.82347504860177]","[-5864.579303367942, -1973.337417150758, 496.8739675546203, 55.8234750485999]","[-5740.360811479287, -1959.381548388608, 496.8739675546203, 55.8234750485999]","[-5616.142319590632, -1945.4256796264576, 496.8739675546203, 55.82347504860172]","[-5491.923827701977, -1931.4698108643076, 496.8739675546203, 55.8234750485999]","[-5367.705335813322, -1917.5139421021568, 496.8739675546203, 55.82347504860354]","[-5243.486843924667, -1903.558073340007, 496.8739675546203, 55.82347504859899]","[-5119.268352036012, -1889.6022045778568, 496.8739675546167, 55.82347504860081]"
580,Robot,"[-4995.049860147356, -1875.6463358157064, 0, 0]","[-4870.831368258701, -1861.6904670535564, 496.8739675546203, 55.8234750485999]","[-4746.612876370046, -1847.7345982914064, 496.8739675546203, 55.8234750485999]","[-4622.394384481391, -1833.778729529256, 496.8739675546203, 55.82347504860172]","[-4498.175892592736, -1819.8228607671056, 496.8739675546203, 55.82347504860172]","[-4373.957400704081, -1805.866992004956, 496.8739675546203, 55.823475048598084]","[-4249.738908815426, -1791.9111232428054, 496.8739675546203, 55.82347504860263]","[-4125.520416926771, -1777.9552544806552, 496.8739675546203, 55.82347504860081]","[-4001.301925038106, -1763.999385718505, 496.873967554659, 55.82347504860086]","[-3877.08343314944, -1750.0435169563548, 496.873967554664, 55.82347504860081]","[-3752.864941260774, -1736.0876481942046, 496.8739675546658, 55.82347504860081]","[-3628.6464493721073, -1722.1317794320544, 496.8739675546658, 55.82347504860081]","[-3504.427957483441, -1708.1759106699042, 496.8739675546658, 55.82347504860081]","[-3380.2094655947744, -1694.220041907754, 496.8739675546658, 55.82347504860081]","[-3255.990973706108, -1680.2641731456038, 496.8739675546658, 55.82347504860081]","[-3131.772481817441, -1666.3083043834515, 496.8739675546676, 55.823475048609]"
581,Robot,"[-3007.553989928775, -1652.352435621298, 0, 0]","[-2883.3354980401086, -1638.3965668591443, 496.8739675546658, 55.823475048614455]","[-2759.2232702395822, -1623.6738180639368, 496.4489112021056, 58.89099518083003]","[-2635.890312418749, -1603.327282359665, 493.3318312833326, 81.3861428170867]","[-2512.557354597917, -1582.9807466553934, 493.33183128332894, 81.3861428170867]","[-2389.224396777084, -1562.6342109511218, 493.33183128333076, 81.3861428170867]","[-2265.8914389562515, -1542.28767524685, 493.33183128333076, 81.3861428170867]","[-2142.558481135419, -1521.9411395425784, 493.33183128333076, 81.3861428170867]","[-2019.225523314586, -1501.5946038383067, 493.3318312833312, 81.38614281708676]","[-1895.8925654937532, -1481.248068134035, 493.33183128333167, 81.3861428170867]","[-1772.5596076729207, -1460.9015324297634, 493.33183128332985, 81.3861428170867]","[-1649.226649852088, -1440.5549967254915, 493.33183128333076, 81.3861428170876]","[-1525.8936920312551, -1420.20846102122, 493.33183128333167, 81.38614281708578]","[-1402.5607342104229, -1399.8619253169484, 493.33183128332894, 81.3861428170867]","[-1279.22777638959, -1379.5153896126767, 493.33183128333167, 81.3861428170867]","[-1155.8948185687573, -1359.168853908405, 493.33183128333076, 81.3861428170867]"
582,Robot,"[-1032.5618607479246, -1338.8223182041334, 0, 0]","[-909.2289029270946, -1318.4757824998617, 493.33183128331984, 81.3861428170867]","[-785.8959451062648, -1298.12924679559, 493.3318312833194, 81.3861428170867]","[-662.5629872854349, -1277.7827110913183, 493.3318312833194, 81.3861428170867]","[-539.2300294646051, -1257.436175387047, 493.3318312833194, 81.38614281708578]","[-415.8970716437741, -1237.0896396827775, 493.33183128332394, 81.3861428170776]","[-292.56411382294283, -1216.7431039785088, 493.3318312833251, 81.38614281707487]","[-169.23115600211156, -1196.39656827424, 493.3318312833251, 81.38614281707487]","[-45.89819818128032, -1176.0500325699709, 493.3318312833254, 81.38614281707676]","[77.4347596395508, -1155.7034968657022, 493.3318312833245, 81.38614281707487]","[200.76771746038207, -1135.3569611614334, 493.3318312833251, 81.38614281707487]","[324.10067528121334, -1115.0104254571645, 493.3318312833251, 81.38614281707578]","[447.4336331020446, -1094.6638897528956, 493.3318312833251, 81.38614281707578]","[570.7665909228753, -1074.3173540486268, 493.3318312833226, 81.38614281707487]","[694.0995487437051, -1053.970818344358, 493.3318312833194, 81.38614281707578]","[817.432506564535, -1033.6242826400894, 493.3318312833194, 81.38614281707396]"
583,Robot,"[940.7654643853648, -1013.2777469358208, 0, 0]","[1064.0984222061957, -992.931211231552, 493.3318312833235, 81.38614281707532]","[1187.4313800270284, -972.584675527283, 493.33183128333076, 81.38614281707578]","[1310.764337847861, -952.2381398230142, 493.33183128333076, 81.38614281707532]","[1434.0972956686935, -931.8916041187454, 493.33183128332985, 81.38614281707532]","[1548.0647101242903, -920.1277641830162, 455.8696578223871, 47.05535974291661]","[1658.3257074543685, -920.3793472781852, 441.0439893203129, -1.006332380675758]","[1782.9098712374146, -925.5179786727022, 498.3366551321842, -20.554525578068024]","[1907.0115798683903, -939.9240059601308, 496.4068345239034, -57.62410914971456]","[2029.3224651935027, -917.1194243792636, 489.2435413004496, 91.21832632346877]","[2149.635620203644, -896.1588117261227, 481.2526200405655, 83.84245061256343]","[2271.9188247704865, -872.087909572002, 489.13281826736966, 96.28360861648298]","[2394.2264582067623, -846.2839795763873, 489.23053374510346, 103.21571998245872]","[2516.2047601373547, -820.5335517839409, 487.9132077223694, 103.00171116978572]","[2624.57570984363, -796.2077934970227, 433.483798825102, 97.30303314767252]","[2714.2749130896477, -769.6489533059354, 358.79681298407013, 106.23536076434948]"
584,Robot,"[2792.4512952011128, -728.9770989899974, 0, 0]","[2879.503874007329, -664.9280484687592, 348.21031522486555, 256.1962020849528]","[2945.530141301785, -620.2495255177791, 264.1050691778237, 178.71409180392038]","[2975.192135816328, -638.7186770654606, 118.64797805817216, -73.87660619072585]","[3022.9400302785475, -601.5926529699701, 190.99157784887757, 148.50409638196197]","[3105.3741246541463, -533.4522856116982, 329.73637750239504, 272.5614694330875]","[3186.6078036955587, -466.3148554556137, 324.93471616564966, 268.5497206243381]","[3226.5267149846795, -419.9449558340634, 159.67564515648337, 185.4795984862012]","[3148.310626579082, -452.913832154747, -312.8643536223902, -131.87550528273448]","[3148.310626579082, -452.913832154747, 0.0, 0.0]","[3148.310626579082, -452.913832154747, 0.0, 0.0]","[3157.706484443692, -464.372430423126, 37.58343145843901, -45.83439307351591]","[3279.8037048383417, -458.6135614156109, 488.38888157859947, 23.03547603006041]","[3403.952038813928, -444.04677827426895, 496.59333590234564, 58.267132565367774]","[3528.1003727895136, -429.479995132927, 496.593335902342, 58.267132565367774]","[3652.2487067651, -414.91321199158506, 496.59333590234564, 58.267132565367774]"
585,Robot,"[3776.3970407406855, -400.3464288502431, 0, 0]","[3900.545374716272, -385.7796457089012, 496.59333590234564, 58.26713256536755]","[4024.6937086918574, -371.2128625675592, 496.593335902342, 58.267132565368]","[4148.842042667443, -356.6460794262173, 496.593335902342, 58.267132565367774]","[4272.990376643029, -342.07929628487534, 496.5933359023438, 58.267132565367774]","[4397.138710618615, -327.5125131435334, 496.5933359023438, 58.267132565367774]","[4521.287044594201, -312.94573000219145, 496.5933359023438, 58.267132565367774]","[4645.435378569787, -298.3789468608495, 496.5933359023438, 58.267132565367774]","[4769.583712545373, -283.8121637195076, 496.5933359023443, 58.267132565367596]","[4893.732046520959, -269.2453805781656, 496.5933359023438, 58.267132565368]","[5017.880380496545, -254.6785974368236, 496.5933359023438, 58.267132565368115]","[5142.093342437936, -240.79881599082475, 496.8518477655671, 55.51912578399538]","[5266.780242795237, -231.9570469773477, 498.7476014292042, 35.36707605390825]","[5391.4671431525385, -223.11527796387068, 498.7476014292042, 35.36707605390802]","[5516.15404350984, -214.27350895039368, 498.74760142920786, 35.36707605390802]","[5640.840943867141, -205.4317399369167, 498.7476014292006, 35.36707605390791]"
586,Robot,"[-4624.240919095035, 159.3868425348093, 0, 0]","[-4506.969168977155, 116.11633728825991, 469.08700047151797, -173.0820209861975]","[-4389.697418859276, 72.84583204171025, 469.08700047151797, -173.08202098619864]","[-4272.425668741396, 29.57532679516053, 469.08700047151797, -173.08202098619887]","[-4155.153918623517, -13.695178451389248, 469.08700047151797, -173.08202098619913]","[-4037.882168505643, -56.96568369793913, 469.0870004714943, -173.08202098619952]","[-3920.610418387775, -100.23618894448887, 469.0870004714725, -173.08202098619898]","[-3803.338668269907, -143.50669419103872, 469.0870004714725, -173.08202098619938]","[-3686.066918152039, -186.7771994375888, 469.0870004714729, -173.08202098620043]","[-3568.7951680341707, -230.0477046841389, 469.0870004714725, -173.0820209862004]","[-3451.5345571240414, -273.2605939439088, 469.0424436405174, -172.8515570390797]","[-3340.6520813467723, -304.5897797677329, 443.52990310907626, -125.31674329529642]","[-3236.157672603276, -329.670027486067, 417.9776349739859, -100.32099087333631]","[-3119.3088020264845, -374.0698185320782, 467.39548230716537, -177.59916418404487]","[-3002.459931449693, -418.46960957808943, 467.39548230716537, -177.59916418404487]","[-2885.6219182863083, -462.856261401384, 467.35205265353943, -177.54660729317834]"
587,Robot,"[-2768.873287775935, -507.1468598921833, 0, 0]","[-2652.02631967708, -551.5516574494749, 467.3878723954185, -177.6191902291664]","[-2535.1793515782247, -595.9564550067663, 467.38787239542216, -177.61919022916572]","[-2418.3323834793696, -640.3612525640577, 467.38787239542035, -177.61919022916572]","[-2301.4854153805145, -684.7660501213492, 467.38787239542035, -177.61919022916572]","[-2184.6384472816594, -729.1708476786406, 467.38787239542035, -177.61919022916572]","[-2067.7914791828043, -773.575645235932, 467.38787239542035, -177.61919022916572]","[-1950.9445110839445, -817.9804427932235, 467.38787239543944, -177.61919022916572]","[-1834.097542985084, -862.3852403505149, 467.38787239544257, -177.6191902291659]","[-1717.250574886223, -906.7900379078064, 467.387872395444, -177.61919022916618]","[-1600.4036067873622, -951.1948354650992, 467.3878723954431, -177.61919022917118]","[-1483.5566386885014, -995.5996330223924, 467.3878723954431, -177.61919022917255]","[-1363.5545816030517, -1025.4984469264273, 480.0082283417987, -119.59525561613964]","[-1238.819891037719, -1033.6382853505754, 498.93876226133125, -32.55935369659255]","[-1114.0852004723856, -1041.7781237747236, 498.93876226133307, -32.55935369659255]","[-989.3505099070534, -1049.9179621988717, 498.938762261329, -32.55935369659255]"
588,Robot,"[-864.6158193417232, -1058.0578006230187, 0, 0]","[-739.881128776393, -1066.197639047164, 498.9387622613208, -32.55935369658164]","[-615.1464382110628, -1074.3374774713093, 498.9387622613208, -32.55935369658073]","[-490.4117476457326, -1082.4773158954545, 498.9387622613208, -32.55935369658073]","[-365.6770570804024, -1090.6171543195996, 498.9387622613208, -32.55935369658073]","[-240.94236651507208, -1098.756992743745, 498.93876226132124, -32.55935369658164]","[-116.20767594974116, -1106.8968311678902, 498.9387622613237, -32.55935369658073]","[8.527014615589628, -1115.0366695920357, 498.9387622613232, -32.55935369658164]","[133.26170518092044, -1123.176508016181, 498.93876226132375, -32.55935369658167]","[257.9963957462513, -1131.3163464403262, 498.9387622613235, -32.55935369658073]","[382.7310863115815, -1139.4561848644717, 498.9387622613208, -32.55935369658164]","[507.4657768769117, -1147.5960232886168, 498.9387622613208, -32.55935369658073]","[632.2004674422419, -1155.7358617127622, 498.9387622613208, -32.55935369658164]","[756.9351580075721, -1163.8757001369074, 498.9387622613208, -32.55935369658073]","[881.6698485729023, -1172.0155385610528, 498.9387622613208, -32.55935369658164]","[1006.4045391382324, -1180.155376985198, 498.93876226132033, -32.55935369658073]"
589,Robot,"[1131.1392297035652, -1188.2952154093434, 0, 0]","[1255.8739202688982, -1196.435053833489, 498.93876226133216, -32.55935369658255]","[1380.6086108342313, -1204.5748922576345, 498.93876226133216, -32.55935369658164]","[1505.3433013995643, -1212.71473068178, 498.93876226133216, -32.55935369658255]","[1630.0779919648974, -1220.8545691059253, 498.93876226133216, -32.55935369658073]","[1754.8126825302304, -1228.994407530071, 498.93876226133216, -32.55935369658255]","[1879.5473730955637, -1237.1342459542163, 498.93876226133307, -32.55935369658164]","[2004.2820636608965, -1245.2740843783615, 498.93876226133125, -32.55935369658073]","[2129.0167542262293, -1253.4139228025072, 498.9387622613317, -32.559353696582576]","[2253.7514447915623, -1261.5537612266528, 498.93876226133216, -32.55935369658255]","[2378.4861353568954, -1269.6935996507982, 498.93876226133216, -32.55935369658164]","[2503.2208259222284, -1277.8334380749436, 498.93876226133216, -32.55935369658164]","[2627.955516487561, -1285.973276499089, 498.93876226133034, -32.55935369658164]","[2752.6902070528945, -1294.113114923235, 498.938762261334, -32.55935369658346]","[2876.613853171024, -1279.22189543453, 495.6945844725178, 59.56487795481917]","[3000.4669736850487, -1262.3279752577516, 495.4124820560992, 67.57568070711386]"
590,Robot,"[3124.320094199073, -1245.4340550809732, 0, 0]","[3248.1732147130983, -1228.5401349041947, 495.412482056101, 67.57568070711386]","[3358.402089705192, -1202.9973112871576, 440.9154999683742, 102.17129446814852]","[3455.560786901864, -1156.0256094231954, 388.63478878668866, 187.8868074558486]","[3522.6790604853363, -1113.1343525549648, 268.4730943338891, 171.56502747292234]","[3560.8451860759296, -1074.843474578607, 152.66450236237324, 153.16351190543173]","[3636.305609184285, -984.6106445641532, 301.8416924334215, 360.9313200578149]","[3713.770409710087, -893.3928799972759, 309.8592021032073, 364.87105826750894]","[3789.680452115562, -803.0479413711784, 303.64016962190027, 361.3797545043907]","[3863.859998414964, -713.6744862216686, 296.7181851976093, 357.49382059803884]","[3936.123856336699, -625.376479666735, 289.0554316869402, 353.19202621973454]","[4006.280171671285, -538.2616267707065, 280.625261338344, 348.45941158411415]","[4074.134181824992, -452.4392653361947, 271.4160406148276, 343.2894457380471]","[4150.0026626292965, -380.45193323990577, 303.4739232172178, 287.9493283851557]","[4270.452272022984, -390.5307657266136, 481.798437574751, -40.3153299468313]","[4393.558573262848, -412.2065262678576, 492.4252049594543, -86.70304216497607]"
591,Robot,"[4516.664874502711, -433.8822868091015, 0, 0]","[4639.771175742575, -455.5580473503455, 492.4252049594543, -86.70304216497584]","[4762.877476982439, -477.23380789158944, 492.4252049594543, -86.70304216497584]","[4885.983778222302, -498.9095684328334, 492.4252049594543, -86.70304216497584]","[5009.090079462166, -520.5853289740768, 492.4252049594543, -86.70304216497357]","[5132.196380702029, -542.2610895153193, 492.4252049594543, -86.70304216497016]","[5255.302681941893, -563.9368500565619, 492.4252049594543, -86.70304216497016]","[5378.408983181756, -585.6126105978049, 492.4252049594543, -86.70304216497198]","[5501.51528442162, -607.2883711390499, 492.42520495945473, -86.70304216498023]","[5624.621585661484, -628.9641316802948, 492.4252049594543, -86.7030421649797]","[5747.727886901347, -650.6398922215398, 492.4252049594543, -86.7030421649797]","[5870.834188141211, -672.3156527627847, 492.4252049594543, -86.7030421649797]","[5993.940489381074, -693.9914133040297, 492.4252049594543, -86.70304216498016]","[6117.046790620938, -715.6671738452746, 492.4252049594543, -86.7030421649797]","[6240.471031993139, -729.281694500312, 493.6969654888053, -54.458082620149526]","[6364.90208378441, -717.3689555156922, 497.7242071650835, 47.650955938479456]"
592,Robot,"[6489.333135575681, -705.4562165310723, 0, 0]","[6613.764187366952, -693.5434775464524, 497.7242071650835, 47.650955938479456]","[6738.195239158223, -681.6307385618326, 497.7242071650835, 47.650955938479456]","[6862.6262909494935, -669.7179995772127, 497.7242071650835, 47.650955938479456]","[6987.057342740764, -657.8052605925928, 497.7242071650835, 47.650955938479456]","[7111.488394532035, -645.892521607973, 497.7242071650835, 47.650955938479456]","[7235.919446323306, -633.9797826233531, 497.7242071650835, 47.650955938479456]","[7360.350498114577, -622.0670436387333, 497.7242071650835, 47.650955938479456]","[7484.781549905848, -610.1543046541134, 497.72420716508395, 47.6509559384795]","[7609.212601697119, -598.2415656694935, 497.7242071650835, 47.650955938479456]","[7733.64365348839, -586.3288266848737, 497.7242071650835, 47.650955938479456]","[7858.0747052796605, -574.4160877002538, 497.7242071650835, 47.650955938479456]","[7982.505757070931, -562.5033487156339, 497.7242071650835, 47.650955938479456]","[8106.936808862202, -550.5906097310141, 497.7242071650835, 47.650955938479456]","[8231.367860653474, -538.6778707463942, 497.72420716508714, 47.650955938479456]","[8355.798912444745, -526.7651317617743, 497.7242071650835, 47.650955938479456]"
593,Robot,"[8480.229964236016, -514.8523927771545, 0, 0]","[8604.662264693283, -502.952919298334, 497.7292018290682, 47.59789391528193]","[8729.093087813348, -491.03779203642335, 497.72329248025926, 47.66050904764256]","[8853.523910933412, -479.1226647745125, 497.72329248025926, 47.66050904764347]","[8977.954734053477, -467.2075375126004, 497.72329248025926, 47.66050904764825]","[8978.777728137444, -506.9641963270759, 3.291976335865911, -159.02663525790194]","[8936.16948693126, -609.2516944854145, -170.4329648247367, -409.1499926333545]","[8875.097871546304, -623.873165229807, -244.28646153982118, -58.48588297756987]","[8811.102644401672, -616.9010333057896, -255.98090857853117, 27.888527696069584]","[8751.200342953229, -608.692621552924, -239.60920579377125, 32.83364701146229]","[8695.438628633972, -599.2335352285785, -223.046857277026, 37.836345297382195]","[8643.81180161738, -588.5254959794337, -206.50730806637148, 42.832156996579215]","[8596.260559452268, -576.5864162573733, -190.20496866044414, 47.75631888824137]","[8552.674937630894, -563.4495111136232, -174.34248728549574, 52.547620575000565]","[8512.899973145142, -549.1615875076126, -159.09985794300883, 57.15169442404249]","[8476.743320377775, -533.7807439082097, -144.62661106947053, 61.523374397611406]"
594,Robot,"[8434.732109479724, -513.3467344694159, 0, 0]","[8379.79764204189, -476.05848936659993, -219.73786975133407, 149.1529804112638]","[8321.358643561849, -411.6239723654602, -233.75599392016738, 257.73806800455895]","[8264.51135762422, -360.5077476105436, -227.38914375051536, 204.4648990196663]","[8225.828531695784, -254.71350076949724, -154.73130371374282, 423.1769873641855]","[8169.245459428568, -150.7510598339788, -226.33228906886507, 415.84976374207383]","[8058.270045380256, -93.2231754925002, -443.9016561932476, 230.11153736591433]","[7947.294631331944, -35.69529115102159, -443.9016561932476, 230.11153736591444]","[7836.319217283632, 21.83259319045712, -443.90165619325165, 230.11153736591504]","[7725.343803235321, 79.36047753193591, -443.901656193244, 230.11153736591518]","[7614.368389187009, 136.88836187341482, -443.9016561932476, 230.11153736591564]","[7503.392975138697, 194.41624621489345, -443.9016561932476, 230.1115373659145]","[7392.417561090385, 251.9441305563721, -443.9016561932476, 230.11153736591461]","[7281.442147042073, 309.4720148978514, -443.9016561932476, 230.11153736591723]","[7170.466732993761, 366.9998992393307, -443.9016561932476, 230.11153736591723]","[7059.491318945449, 424.52778358081, -443.9016561932476, 230.11153736591723]"
595,Robot,"[6948.515904897137, 482.0556679222893, 0, 0]","[6837.540490848825, 539.5835522637686, -443.9016561932476, 230.11153736591746]","[6726.565076800513, 597.111436605248, -443.9016561932476, 230.11153736591723]","[6615.589662752202, 654.6393209467273, -443.9016561932476, 230.11153736591723]","[6504.61424870389, 712.1672052882066, -443.9016561932476, 230.11153736591723]","[6393.638834655578, 769.6950896296859, -443.9016561932476, 230.11153736591723]","[6282.663420607266, 827.2229739711652, -443.9016561932476, 230.11153736591723]","[6171.688006558954, 884.7508583126445, -443.9016561932476, 230.11153736591723]","[6060.712592510642, 942.2787426541238, -443.901656193248, 230.11153736591743]","[5949.73717846233, 999.8066269956032, -443.9016561932476, 230.11153736591768]","[5838.761764414018, 1057.334511337084, -443.9016561932476, 230.11153736592314]","[5727.786350365706, 1114.862395678566, -443.9016561932476, 230.1115373659277]","[5616.810936317394, 1172.3902800200483, -443.9016561932476, 230.1115373659295]","[5505.8355222690825, 1229.9181643615304, -443.9016561932476, 230.1115373659286]","[5394.860108220771, 1287.4460487030126, -443.9016561932476, 230.1115373659286]","[5283.884694172459, 1344.9739330444947, -443.9016561932476, 230.1115373659286]"
596,Robot,"[5172.909280124147, 1402.501817385977, 0, 0]","[5061.933866075835, 1460.029701727459, -443.9016561932476, 230.1115373659286]","[4950.958452027523, 1517.5575860689412, -443.9016561932476, 230.1115373659286]","[4839.983037979211, 1575.085470410423, -443.9016561932476, 230.1115373659277]","[4729.007623930899, 1632.6133547519055, -443.9016561932476, 230.1115373659295]","[4618.032209882587, 1690.1412390933876, -443.9016561932476, 230.1115373659286]","[4505.95872453965, 1743.7577911108954, -448.2939413717504, 214.46620807003092]","[4381.257419308517, 1752.3940214026973, -498.8052209245325, 34.544921167207576]","[4256.556114077383, 1761.0302516944992, -498.80522092453293, 34.544921167207605]","[4131.85480884625, 1769.666481986301, -498.8052209245325, 34.544921167207576]","[4007.153503615117, 1778.302712278103, -498.8052209245325, 34.544921167207576]","[3882.452198383984, 1786.9389425699048, -498.8052209245325, 34.544921167207576]","[3757.750893152851, 1795.5751728617067, -498.8052209245325, 34.544921167207576]","[3633.049587921718, 1804.2114031535089, -498.8052209245325, 34.544921167208486]","[3508.3482826905847, 1812.8476334453103, -498.8052209245325, 34.54492116720576]","[3384.1789186486694, 1823.4312902023105, -496.67745616766115, 42.334627028000796]"
597,Robot,"[3259.928137563257, 1833.6475429220495, 0, 0]","[3135.2190388231847, 1842.1704937866407, -498.8363949602899, 34.091803458364666]","[3010.5099400831123, 1850.693444651232, -498.8363949602899, 34.091803458365575]","[2885.80084134304, 1859.2163955158223, -498.8363949602899, 34.09180345836103]","[2761.0917426029678, 1867.7393463804133, -498.8363949602881, 34.091803458363756]","[2636.382643862895, 1876.2622972450024, -498.8363949602917, 34.09180345835648]","[2511.6735451228224, 1884.7852481095904, -498.8363949602899, 34.09180345835193]","[2386.96444638275, 1893.308198974179, -498.8363949602899, 34.09180345835466]","[2262.2553476426774, 1901.8311498387675, -498.83639496029036, 34.09180345835378]","[2137.546248902605, 1910.354100703356, -498.8363949602899, 34.09180345835375]","[2012.8371501625345, 1918.8770515679444, -498.8363949602817, 34.09180345835375]","[1888.1280514224677, 1927.4000024325323, -498.83639496026717, 34.09180345835193]","[1763.418952682401, 1935.9229532971208, -498.83639496026717, 34.09180345835375]","[1638.709853942334, 1944.4459041617083, -498.8363949602681, 34.091803458350114]","[1514.000755202267, 1952.9688550262968, -498.83639496026717, 34.09180345835375]","[1389.2916564622003, 1961.4918058908847, -498.83639496026717, 34.09180345835193]"
598,Robot,"[1264.5825577221335, 1970.0147567554727, 0, 0]","[1139.8734589820667, 1978.537707620061, -498.83639496026717, 34.09180345835284]","[1015.164360242, 1987.060658484649, -498.8363949602667, 34.09180345835193]","[890.4552615019331, 1995.583609349237, -498.8363949602676, 34.09180345835193]","[765.7461627618663, 2004.106560213825, -498.83639496026717, 34.09180345835284]","[641.0370640217996, 2012.629511078413, -498.83639496026717, 34.09180345835193]","[516.3279652817328, 2021.1524619430013, -498.83639496026717, 34.09180345835284]","[391.618866541666, 2029.6754128075893, -498.83639496026694, 34.09180345835193]","[266.9097678015992, 2038.1983636721773, -498.83639496026785, 34.09180345835196]","[142.20066906153238, 2046.7213145367652, -498.83639496026717, 34.09180345835193]","[17.49157032146526, 2055.244265401351, -498.8363949602685, 34.09180345834375]","[-107.21752841860189, 2063.7672162659364, -498.8363949602686, 34.09180345834102]","[-231.92662715866877, 2072.2901671305217, -498.8363949602675, 34.09180345834102]","[-356.6357258987356, 2080.8131179951106, -498.8363949602673, 34.09180345835557]","[-469.6029947867581, 2035.067520563556, -451.86907555208995, -182.98238972621857]","[-579.6348062117695, 1975.7547860579657, -440.1272457000457, -237.25093802236097]"
599,Robot,"[-689.666617636781, 1916.4420515523752, 0, 0]","[-799.6984290617925, 1857.1293170467848, -440.12724570004593, -237.25093802236188]","[-909.730240486804, 1797.8165825411943, -440.12724570004593, -237.25093802236188]","[-1019.7620519118154, 1738.5038480356038, -440.12724570004593, -237.25093802236188]","[-1129.793863336827, 1679.1911135300134, -440.12724570004593, -237.25093802236188]","[-1239.8256747618384, 1619.8783790244229, -440.12724570004593, -237.25093802236188]","[-1349.85748618685, 1560.5656445188324, -440.12724570004684, -237.25093802236188]","[-1459.8892976118614, 1501.252910013242, -440.127245700045, -237.25093802236188]","[-1569.9211090368728, 1441.9401755076517, -440.12724570004633, -237.25093802236117]","[-1679.9529204618843, 1382.627441002061, -440.12724570004593, -237.2509380223628]","[-1789.9847318868958, 1323.3147064964703, -440.12724570004593, -237.2509380223628]","[-1900.0165433119075, 1264.00197199088, -440.12724570004684, -237.25093802236097]","[-2010.0483547369188, 1204.6892374852896, -440.127245700045, -237.25093802236188]","[-2120.0801661619266, 1145.3765029796991, -440.1272457000314, -237.25093802236188]","[-2230.1119775869324, 1086.0637684741089, -440.1272457000232, -237.25093802236097]","[-2340.143789011938, 1026.7510339685182, -440.1272457000232, -237.2509380223628]"
600,Robot,"[-2450.175600436944, 967.438299462925, 0, 0]","[-2560.20741186195, 908.1255649573316, -440.1272457000232, -237.2509380223737]","[-2670.239223286956, 848.8128304517384, -440.127245700025, -237.2509380223728]","[-2780.2710347119614, 789.500095946145, -440.1272457000214, -237.25093802237325]","[-2890.302846136967, 730.1873614405517, -440.1272457000232, -237.25093802237325]","[-3000.334657561973, 670.8746269349584, -440.1272457000232, -237.25093802237325]","[-3110.366468986979, 611.5618924293651, -440.1272457000232, -237.25093802237325]","[-3220.3982804119846, 552.2491579237745, -440.1272457000232, -237.25093802236233]","[-3330.4300918369904, 492.9364234181836, -440.1272457000236, -237.2509380223639]","[-3440.461903261996, 433.62368891259166, -440.1272457000232, -237.2509380223678]","[-3550.493714687002, 374.31095440699977, -440.1272457000232, -237.25093802236756]","[-3660.525526112008, 314.99821990140885, -440.1272457000232, -237.2509380223637]","[-3770.557337537015, 255.68548539581835, -440.12724570002865, -237.250938022362]","[-3880.589148962027, 196.3727508902272, -440.12724570004866, -237.2509380223646]","[-3990.620960387039, 137.060016384636, -440.12724570004684, -237.25093802236483]","[-4100.652771812051, 77.74728187904512, -440.12724570004684, -237.25093802236347]"
601,Robot,"[-4209.789783175425, 17.188716559587203, 0, 0]","[-4299.446294856764, -65.47555861826658, -358.626046725356, -330.6571007114151]","[-4395.210745737395, -132.2878254773279, -383.0578035225226, -267.24906743624535]","[-4490.510011820335, -191.4312581678464, -381.1970643317618, -236.57373076207398]","[-4484.54242063691, -308.92643045443225, 23.870364733702445, -469.98068914634337]","[-4510.9840365134905, -430.9849289887044, -105.7664635063229, -488.23399413708853]","[-4512.981878155876, -555.7324320592129, -7.991366569542151, -498.99001228203406]","[-4506.809578499089, -680.4869001534647, 24.68919862714756, -499.0178723770073]","[-4453.510745097816, -757.8493480277664, 213.19533360509396, -309.44979149720695]","[-4384.859546810054, -653.3887670718136, 274.6047931510475, 417.84232382381106]","[-4316.208348522292, -548.9281861158609, 274.6047931510475, 417.84232382381106]","[-4247.55715023453, -444.4676051599081, 274.6047931510475, 417.84232382381106]","[-4169.936112288147, -358.0759409391258, 310.48415178553114, 345.5666568831291]","[-4045.2234161340048, -366.5460895779925, 498.8507846165703, -33.880594555466814]","[-3920.510719979862, -375.0162382168592, 498.8507846165703, -33.880594555466814]","[-3795.79802382572, -383.4863868557259, 498.8507846165685, -33.880594555466814]"
602,Robot,"[-3671.085327671577, -391.95653549459263, 0, 0]","[-3546.3726315174345, -400.4266841334592, 498.8507846165703, -33.88059455546636]","[-3421.545172565471, -400.1513189070934, 499.30983580785323, 1.1014609054632274]","[-3296.6531595397337, -394.9566021315349, 499.5680521029499, 20.778867102234017]","[-3171.761146513996, -389.7618853559763, 499.5680521029499, 20.77886710223447]","[-3046.8691334882587, -384.5671685804177, 499.5680521029499, 20.77886710223447]","[-2921.9771204625213, -379.3724518048592, 499.5680521029499, 20.77886710223379]","[-2797.085107436784, -374.1777350293006, 499.5680521029499, 20.77886710223447]","[-2672.1930944110463, -368.9830182537421, 499.56805210295033, 20.778867102234035]","[-2547.301081385309, -363.7883014781835, 499.5680521029499, 20.77886710223447]","[-2423.0983927389057, -370.9547385046311, 496.8107545856128, -28.6657481057905]","[-2299.8038352298267, -391.5322117504866, 493.17823003631565, -82.30989298342206]","[-2176.6044944700843, -412.6718726442547, 492.7973630389697, -84.55864357507221]","[-2052.2144367343863, -412.3561145482072, 497.56023094279226, 1.2630323841899553]","[-1927.4238583445715, -405.1234424876384, 499.162313559259, 28.93068824227521]","[-1802.6332799547567, -397.8907704270697, 499.162313559259, 28.930688242274755]"
603,Robot,"[-1677.842701564942, -390.65809836650095, 0, 0]","[-1553.0521231751272, -383.4254263059322, 499.162313559259, 28.930688242274982]","[-1428.2615447853125, -376.19275424536346, 499.162313559259, 28.930688242274982]","[-1303.4709663954975, -368.9600821847947, 499.1623135592599, 28.930688242274982]","[-1178.680388005683, -361.727410124226, 499.1623135592581, 28.930688242274755]","[-1053.8898096158682, -354.4947380636572, 499.162313559259, 28.93068824227521]","[-929.0992312260536, -347.2620660030885, 499.16231355925856, 28.930688242274982]","[-804.3086528362387, -340.02939394251973, 499.1623135592595, 28.930688242274982]","[-680.2011998239619, -332.6230355060505, 496.42981204910757, 29.625433745877015]","[-558.2821399094622, -328.3744725042003, 487.67623965799885, 16.994252007400746]","[-440.57784577964384, -312.97881137030924, 470.8171765192735, 61.582644535564214]","[-315.77947631907125, -305.95358171399903, 499.19347784229035, 28.100918625240865]","[-190.9947603052541, -298.780558006846, 499.13886405526864, 28.6920948286122]","[-83.4345419220912, -238.61834388785863, 430.24087353265156, 240.6488564759494]","[21.42490598050377, -193.91945972052568, 419.43779161037986, 178.7955366693318]","[133.20027597229543, -222.1951683809256, 447.10147996716665, -113.10283464159966]"
604,Robot,"[230.76196593598556, -279.6209788068427, 0, 0]","[308.2092654981432, -371.4527889640227, 309.78919824863067, -367.3272406287201]","[415.0455577458566, -395.6700346510098, 427.3451689908536, -96.8689827479484]","[539.0061209386695, -379.58343237082863, 495.8422527712514, 64.34640912072473]","[662.9666841314823, -363.4968300906474, 495.8422527712514, 64.34640912072496]","[786.9272473242952, -347.4102278104661, 495.8422527712514, 64.34640912072518]","[910.887810517108, -331.3236255302849, 495.8422527712514, 64.34640912072473]","[1034.848373709921, -315.2370232501037, 495.8422527712514, 64.34640912072496]","[1158.8089369027307, -299.15042096992204, 495.8422527712396, 64.3464091207266]","[1282.7695000955407, -283.06381868974046, 495.84225277124006, 64.34640912072632]","[1406.7300632883507, -266.9772164095588, 495.84225277124006, 64.34640912072655]","[1530.6906264811607, -250.89061412937716, 495.84225277124006, 64.34640912072666]","[1654.6511896739707, -234.8040118491952, 495.84225277124006, 64.3464091207278]","[1778.6117528667808, -218.71740956901323, 495.84225277124006, 64.34640912072791]","[1902.7542952271983, -206.9859934913441, 496.57016944167026, 46.92566431067655]","[2027.624754258046, -212.67532222372503, 499.4818361233911, -22.757314929523773]"
605,Robot,"[2152.4952132888984, -218.36465095610603, 0, 0]","[2277.365672319752, -224.053979688487, 499.4818361234138, -22.757314929523886]","[2402.2361313506053, -229.743308420868, 499.4818361234138, -22.757314929524]","[2527.10635626819, -235.4377170093017, 499.48089967033957, -22.77763435373481]","[2651.9768274875914, -241.12677821864787, 499.4818848776049, -22.756244837384656]","[2776.8472987069927, -246.815839427994, 499.4818848776049, -22.756244837384543]","[2901.717769926394, -252.5049006373401, 499.4818848776049, -22.75624483738443]","[3024.8031344762103, -272.72908812705066, 492.3414581992656, -80.89674995884218]","[3145.8359530884254, -303.56009604847105, 484.13127444886095, -123.32403168568169]","[3269.3587343171907, -317.48995523861777, 494.0911249150613, -55.71943676058686]","[3394.34266524696, -319.4934761503699, 499.93572371907794, -8.01408364700842]","[3519.076740476337, -326.64444058137434, 498.93630091750674, -28.60385772401787]","[3641.1141394911497, -352.67968433761666, 488.14959605925105, -104.1409750249693]","[3764.983740539189, -366.0323265437002, 495.47840419215754, -53.41056882433418]","[3889.9589684577945, -363.5438718637845, 499.9009116744219, 9.953818719662877]","[4012.901981880732, -376.0571985873923, 491.77205369174953, -50.053306894431216]"
606,Robot,"[4137.817381281604, -371.4590475979818, 0, 0]","[4262.732780682483, -366.8608966085702, 499.6615976035173, 18.392603957646315]","[4387.648180083363, -362.2627456191586, 499.6615976035173, 18.392603957646543]","[4512.563579484242, -357.66459462974694, 499.6615976035173, 18.392603957646543]","[4612.328954363104, -331.8989978468005, 399.0614995154465, 103.06238713178573]","[4564.689280270495, -272.032927191823, -190.5586963704336, 239.46428261991014]","[4526.970007439752, -269.9009744712102, -150.87709132297095, 8.52781088245115]","[4505.821887024772, -275.00037048146083, -84.59248165992176, -20.397584041002574]","[4438.1139385743045, -251.46421614012223, -270.83179380187016, 94.14461736535449]","[4335.740169560747, -251.3040012005505, -409.4950760542306, 0.6408597582869788]","[4281.070393494912, -302.4573488082936, -218.67910426333765, -204.61339043097246]","[4234.127475233564, -355.4096797067576, -187.77167304539398, -211.80932359385588]","[4209.595792549023, -441.1412600059909, -98.12673073816404, -342.92632119693326]","[4186.155514684077, -520.5444703144975, -93.76111145978211, -317.6128412340265]","[4145.535222290375, -561.4260118556859, -162.48116957481034, -163.5261661647537]","[4063.2787667593007, -525.4677441326438, -329.0258221242966, 143.8330708921685]"
607,Robot,"[3960.4851712202, -455.21625936632586, 0, 0]","[3857.3972499945694, -384.5205699830306, -412.3516849025218, 282.782757533181]","[3754.309328768944, -313.82488059973537, -412.3516849025018, 282.782757533181]","[3651.2214075433176, -243.12919121644023, -412.35168490250544, 282.78275753318053]","[3548.1334863176926, -172.43350183314573, -412.3516849025, 282.782757533178]","[3445.045565092068, -101.73781244985118, -412.35168490249816, 282.7827575331782]","[3342.124315369236, -30.99063096631958, -411.6849988913291, 282.98872593412636]","[3251.473572830146, 51.46960232868634, -362.6029701563584, 329.8409331800237]","[3170.454116889215, 145.9856244821472, -324.07782376372444, 378.06408861384375]","[3099.6037513913457, 248.95108065840935, -283.40146199147785, 411.86182470504866]","[3014.5988748500936, 339.8504595068627, -340.01950616500835, 363.5975153938134]","[2909.5020620038617, 406.8278539474082, -420.38725138492737, 267.9095777621819]","[2807.981297067384, 477.5532186732914, -406.08305974591167, 282.9014589035328]","[2731.6844034265173, 576.3675291561354, -305.1875745634661, 395.25724193137626]","[2649.3246501065755, 669.6855016986815, -329.4390132797671, 373.2718901701842]","[2539.218824123458, 715.9699511105758, -440.42330393246993, 185.13779764757737]"
608,Robot,"[2433.857812130075, 768.6043487649903, 0, 0]","[2348.528834613749, 859.9496584202717, -341.3159100653047, 365.3812386211257]","[2263.199857097423, 951.2949680755532, -341.3159100653047, 365.38123862112616]","[2178.4776759497586, 1037.6328612819514, -338.88872459065715, 345.3515728255925]","[2103.4234399405964, 1079.7659590249252, -300.2169440366488, 168.53239097189544]","[2032.365624752112, 1107.8547449690332, -284.23126075393793, 112.35514377643176]","[1960.3191344693837, 1145.7857836490805, -288.1859611309128, 151.7241547201893]","[1892.835240098981, 1165.1220017892676, -269.9355774816104, 77.34487256074863]","[1840.6015041242947, 1113.260339681675, -208.9349438987458, -207.44664843037043]","[1801.0862855680452, 1006.967519262238, -158.06087422499786, -425.1712816777481]","[1762.7944141524429, 913.0369244951108, -153.1674856624095, -375.72237906850887]","[1723.4013356666771, 843.6944396498633, -157.5723139430629, -277.3699393809902]","[1698.9857631659922, 788.373712119303, -97.66229000273961, -221.282910122241]","[1676.2203650516535, 816.1949297509561, -91.06159245735489, 111.2848705266124]","[1607.1578917319914, 919.3279738803792, -276.2498932786484, 412.5321765176923]","[1537.4100551258766, 1023.0595471296378, -278.99134642445915, 414.9262929970346]"
609,Robot,"[1467.662218519761, 1126.7911203788951, 0, 0]","[1397.9143819136443, 1230.5226936281524, -278.9913464244664, 414.9262929970291]","[1328.1665453075277, 1334.2542668774097, -278.9913464244664, 414.9262929970291]","[1258.418708701411, 1437.985840126667, -278.9913464244664, 414.9262929970291]","[1188.6708720952945, 1541.7174133759245, -278.9913464244664, 414.92629299703003]","[1118.9230354891777, 1645.4489866251815, -278.99134642446734, 414.9262929970282]","[1049.1751988830608, 1749.1805598744388, -278.99134642446734, 414.9262929970291]","[979.4273622769437, 1852.912133123696, -278.9913464244687, 414.9262929970291]","[909.679525670826, 1956.6437063729531, -278.99134642447075, 414.92629299702855]","[839.7039277533195, 2060.2203505487705, -279.9023916700262, 414.30657670326946]","[769.9721197363259, 2163.962699426561, -278.9272320679743, 414.96939551116157]","[700.2403117193323, 2267.7050483043517, -278.9272320679743, 414.9693955111634]","[630.5085037023382, 2371.4473971821417, -278.92723206797655, 414.96939551115975]","[560.6835670732783, 2475.126473427342, -279.2997465162398, 414.7163049808005]","[490.6764255364162, 2578.6801526571467, -280.02856614744815, 414.2147169192194]","[420.9846184191899, 2682.449377481929, -278.76722846890516, 415.07689929912885]"
610,Robot,"[351.29281130196284, 2786.218602306711, 0, 0]","[281.60100418473513, 2889.9878271314933, -278.76722846891084, 415.07689929912885]","[211.90919706750745, 2993.7570519562755, -278.76722846891073, 415.07689929912885]","[142.21738995027934, 3097.5262767810577, -278.76722846891244, 415.07689929912885]","[72.52558283305092, 3201.2955016058354, -278.7672284689137, 415.07689929911066]","[0.4309451447263952, 3303.057347848622, -288.3785507532981, 407.04738497114704]","[-60.86948307278058, 3313.931438740538, -245.2017128700279, 43.49636356766314]","[-71.65441441528522, 3189.3975668183275, -43.13972537001854, -498.13548768884175]","[-82.4393457577898, 3064.863694896117, -43.13972537001835, -498.1354876888422]","[-93.22427710029436, 2940.329822973906, -43.139725370018255, -498.13548768884357]","[-104.00920844279896, 2815.795951051696, -43.139725370018425, -498.13548768883993]","[-114.79413978530351, 2691.2620791294858, -43.1397253700182, -498.13548768884175]","[-125.5790711278081, 2566.728207207276, -43.13972537001837, -498.13548768883993]","[-136.36400247031295, 2442.194335285065, -43.13972537001939, -498.13548768884357]","[-147.1489338128179, 2317.6604633628544, -43.13972537001973, -498.13548768884175]","[-157.93386515532282, 2193.126591440644, -43.13972537001973, -498.13548768884175]"
611,Robot,"[-168.71879649782775, 2068.5927195184336, 0, 0]","[-179.5037278403327, 1944.0588475962231, -43.13972537001973, -498.13548768884175]","[-190.2886591828376, 1819.5249756740127, -43.13972537001962, -498.13548768884175]","[-201.07359052534252, 1694.9911037518025, -43.13972537001973, -498.13548768884084]","[-211.85852186784717, 1570.4572318295918, -43.139725370018596, -498.13548768884266]","[-222.64345321035177, 1445.9233599073814, -43.13972537001837, -498.13548768884175]","[-233.4283845528564, 1321.389487985171, -43.13972537001848, -498.13548768884175]","[-244.21331589536095, 1196.8556160629605, -43.139725370018255, -498.13548768884175]","[-254.9982472378656, 1072.32174414075, -43.13972537001863, -498.1354876888422]","[-265.7831785803705, 947.7878722185396, -43.139725370019505, -498.13548768884175]","[-276.5681099228754, 823.2540002963292, -43.13972537001973, -498.13548768884175]","[-292.0791037305564, 699.45748816467, -62.04397523072407, -495.18604852663657]","[-319.7428295915474, 577.5570440658571, -110.6549034439638, -487.6017763952518]","[-347.4065554525383, 455.65659996704414, -110.6549034439638, -487.6017763952518]","[-375.0702813135293, 333.7561558682312, -110.6549034439638, -487.6017763952518]","[-402.7340071745202, 211.85571176941795, -110.65490344396358, -487.60177639525295]"
612,Robot,"[-430.3977330355112, 89.9552676706044, 0, 0]","[-458.0614588965021, -31.94517642820905, -110.65490344396358, -487.6017763952538]","[-483.49299830733526, -154.2707172826316, -101.72615764333273, -489.3021634176902]","[-503.1862278958831, -277.68129272994923, -78.77291835419146, -493.6423017892705]","[-522.3983217712837, -401.1249030806859, -76.84837550160228, -493.77444140294665]","[-535.5259678759223, -468.2614273504217, -52.51058441855457, -268.54609707894315]","[-546.2108952902449, -470.92448291649447, -42.739709657290405, -10.65222226429114]","[-554.7697432978368, -462.10543152816894, -34.23539203036762, 35.276205553302134]","[-567.0212973342002, -479.6786636843521, -49.00621614545348, -70.29292862473272]","[-581.2903718319137, -512.2104438726881, -57.07629799085407, -130.1271207533439]","[-589.1117805662101, -507.779129247206, -31.285634937185478, 17.725258501928238]","[-598.3548528566486, -462.2391537388415, -36.972289161753906, 182.15990203345814]","[-628.4509969984965, -561.5928521031221, -120.38457656739183, -397.41479345712264]","[-654.2339277316598, -683.90491398914, -103.13172293265325, -489.24824754407155]","[-680.0168584648231, -806.2169758751579, -103.13172293265325, -489.24824754407155]","[-705.7997891979865, -928.5290377611758, -103.13172293265325, -489.24824754407155]"
613,Robot,"[-731.5827199311498, -1050.841099647193, 0, 0]","[-757.3656506643131, -1173.153161533208, -103.13172293265325, -489.2482475440602]","[-783.1485813974758, -1295.465223419223, -103.13172293265097, -489.2482475440602]","[-808.9315121306373, -1417.777285305238, -103.13172293264597, -489.24824754405927]","[-834.7144428637987, -1540.0893471912532, -103.13172293264552, -489.2482475440611]","[-860.4973735969601, -1662.4014090772682, -103.13172293264552, -489.2482475440602]","[-886.2803043301215, -1784.7134709632833, -103.13172293264552, -489.2482475440602]","[-912.0632350632828, -1907.0255328492983, -103.13172293264552, -489.2482475440602]","[-937.8461657964442, -2029.3375947353131, -103.1317229326456, -489.2482475440597]","[-963.6290965296064, -2151.649656621333, -103.1317229326487, -489.2482475440802]","[-989.4120272627692, -2273.961718507354, -103.13172293265143, -489.2482475440829]","[-1015.1949579959318, -2396.273780393374, -103.13172293265006, -489.2482475440811]","[-1040.9778887290947, -2518.585842279396, -103.13172293265188, -489.24824754408655]","[-1066.760819462258, -2640.897904165416, -103.13172293265325, -489.2482475440811]","[-1092.5437501954214, -2763.209966051437, -103.13172293265325, -489.2482475440829]","[-1118.326680928585, -2885.5220279374576, -103.13172293265416, -489.2482475440829]"
614,Robot,"[-1144.109611661748, -3007.8340898234783, 0, 0]","[-1169.8925423949113, -3130.146151709499, -103.13172293265325, -489.2482475440829]","[-1195.6754731280746, -3252.45821359552, -103.13172293265325, -489.24824754408473]","[-1221.458403861236, -3374.7702754815405, -103.13172293264597, -489.2482475440811]","[-1183.7191709331803, -3346.0162378754994, 150.9569317122232, 115.01615042416415]","[-1133.06993461769, -3231.7373909235976, 202.59694526196108, 457.1153878076075]","[-1082.4206983021995, -3117.458543971696, 202.596945261962, 457.11538780760566]","[-1031.771461986709, -3003.179697019794, 202.596945261962, 457.1153878076093]","[-981.1222256712176, -2888.900850067892, 202.5969452619658, 457.1153878076079]","[-930.472989355727, -2774.62200311599, 202.59694526196245, 457.1153878076075]","[-879.8237530402365, -2660.343156164088, 202.596945261962, 457.1153878076075]","[-829.174516724746, -2546.064309212185, 202.596945261962, 457.11538780761293]","[-778.5252804092555, -2431.7854622602795, 202.596945261962, 457.115387807622]","[-728.2936533836696, -2318.3435741483854, 200.92650810234363, 453.76755244757624]","[-677.2736697129226, -2204.229823273196, 204.0799346829881, 456.4550035007578]","[-625.3789328323301, -2090.555478568614, 207.57894752237007, 454.6973788183277]"
615,Robot,"[-562.470242914888, -1983.1754167648216, 0, 0]","[-496.24197358718817, -1877.6572579149931, 264.9130773107993, 422.0726353993141]","[-445.85928811838585, -1763.2664466139147, 201.5307418752093, 457.5632452043137]","[-395.73507720949664, -1648.7563445234798, 200.49684363555684, 458.04040836173954]","[-345.6108663006074, -1534.246242433045, 200.49684363555684, 458.04040836173954]","[-295.4866553917182, -1419.73614034261, 200.49684363555684, 458.04040836173954]","[-245.362444482829, -1305.2260382521752, 200.49684363555684, 458.04040836173954]","[-195.2382335739398, -1190.7159361617405, 200.49684363555684, 458.0404083617386]","[-145.11402266505058, -1076.205834071308, 200.496843635557, 458.04040836173084]","[-94.98981175616112, -961.6957319808764, 200.49684363555787, 458.0404083617259]","[-44.86560084727164, -847.1856298904444, 200.49684363555792, 458.04040836172817]","[5.258610061617809, -732.6755278000123, 200.49684363555778, 458.04040836172817]","[55.38282097050724, -618.1654257095803, 200.49684363555772, 458.04040836172817]","[105.50703187939678, -503.65532361914825, 200.49684363555815, 458.04040836172817]","[155.63124278828616, -389.1452215287162, 200.49684363555752, 458.04040836172817]","[205.75545369717537, -274.63511943828416, 200.49684363555684, 458.04040836172817]"
616,Robot,"[255.87966460606455, -160.12501734785212, 0, 0]","[306.0611224605208, -45.86293711794738, 200.7258314178249, 457.04832091961896]","[360.8775892539792, 42.519210419545765, 219.2658671738336, 353.5285901499726]","[426.30633892129566, 122.5852697004379, 261.7149986692659, 320.2642371235686]","[482.1243887038914, 220.3254575170278, 223.2721991303829, 390.9607512663595]","[541.4612076585713, 308.9638746384976, 237.3472758187197, 354.55366848587926]","[613.4305209350572, 367.2888706803944, 287.8772531059435, 233.29998416758713]","[697.5561629698078, 391.7291454649746, 336.5025681390025, 97.76109913832079]","[763.5949350424407, 444.8522326950522, 264.1550882905319, 212.4923489203106]","[835.7265265220177, 475.7197537817493, 288.5263659183079, 123.47008434678855]","[901.9737715432334, 517.9050042470517, 264.98898008486276, 168.7410018612095]","[921.1924213526244, 641.4187423473289, 76.87459923756387, 494.05495240110895]","[940.4110711620148, 764.9324804476062, 76.8745992375616, 494.05495240110895]","[959.629720971405, 888.4462185478834, 76.87459923756114, 494.05495240110895]","[978.8483707807952, 1011.9599566481606, 76.87459923756069, 494.05495240110895]","[998.0670205901858, 1135.4736947484405, 76.8745992375625, 494.0549524011194]"
617,Robot,"[1017.2856703995764, 1258.9874328487206, 0, 0]","[1036.504320208968, 1382.5011709490009, 76.8745992375666, 494.0549524011212]","[1040.689418097589, 1505.812243035043, 16.740391554483722, 493.2442883441681]","[1018.148201460396, 1628.7630199846624, -90.1648665487719, 491.80310779847787]","[995.6069848232048, 1751.7137969342818, -90.16486654876462, 491.80310779847787]","[973.0657681860138, 1874.6645738839013, -90.16486654876417, 491.80310779847787]","[950.5245515488228, 1997.6153508335208, -90.16486654876371, 491.80310779847787]","[927.9833349116316, 2120.5661277831405, -90.16486654876508, 491.8031077984788]","[905.4421182744406, 2243.51690473276, -90.1648665487638, 491.8031077984783]","[882.9009016372496, 2366.4676816823794, -90.16486654876417, 491.80310779847787]","[860.3596850000586, 2489.418458631999, -90.16486654876417, 491.80310779847787]","[837.8184683628675, 2612.3692355816183, -90.16486654876417, 491.80310779847787]","[815.2772517256765, 2735.320012531238, -90.16486654876417, 491.80310779847787]","[792.736035088485, 2858.2707894808573, -90.16486654876599, 491.80310779847787]","[770.1948184512926, 2981.2215664304767, -90.16486654876962, 491.80310779847787]","[667.4826129935054, 3041.7855718563924, -410.8488218311486, 242.25602170366255]"
618,Robot,"[553.8379999692735, 3093.8422902563484, 0, 0]","[433.024944064256, 3125.270528377798, -483.25222362007, 125.71295248579918]","[311.5885453000393, 3154.904985605465, -485.7455950568667, 118.53782891066658]","[220.8173365419282, 3143.565423960656, -363.0848350324444, -45.35824657923513]","[212.24660091869484, 3018.8596001556853, -34.282942492933444, -498.8232952198832]","[195.42523532574, 2907.056718270198, -67.28546237181934, -447.2115275419492]","[152.84187883084644, 2806.0936782036783, -170.33342597957426, -403.8521602660785]","[126.64675637521762, 2695.7768053516597, -104.78048982251528, -441.2674914080744]","[126.70757090987694, 2570.7768201452955, 0.2432581386372592, -499.99994082545754]","[126.76838544453624, 2445.776834938932, 0.24325813863720214, -499.99994082545345]","[126.82919997919556, 2320.776849732568, 0.24325813863731582, -499.9999408254571]","[126.89001451385488, 2195.776864526204, 0.24325813863725898, -499.99994082545527]","[124.83042289751027, 2071.247619632128, -8.23836646537842, -498.1169795763035]","[71.8810836570716, 1958.0161422329463, -211.7973569617547, -452.92590959672725]","[19.641420434502702, 1845.9596574373247, -208.95865289027557, -448.2259391824864]","[-33.18792605207116, 1732.9346686128954, -211.31738594629547, -452.0999552977173]"
619,Robot,"[-86.14145201610911, 1619.7051491050584, 0, 0]","[-139.09497798014715, 1506.475629597221, -211.81410385615214, -452.91807803134907]","[-192.04850394418543, 1393.2461100893845, -211.8141038561531, -452.91807803134634]","[-245.0020299082236, 1280.0165905815472, -211.81410385615266, -452.91807803134907]","[-297.9555558722617, 1166.7870710737102, -211.81410385615243, -452.91807803134816]","[-350.90908183630006, 1053.5575515658732, -211.81410385615345, -452.91807803134816]","[-403.8626078003384, 940.328032058036, -211.81410385615345, -452.9180780313486]","[-456.8161337643767, 827.0985125501991, -211.814103856153, -452.9180780313477]","[-509.769659728415, 713.8689930423603, -211.81410385615342, -452.9180780313554]","[-562.7231856924519, 600.6394735345225, -211.81410385614777, -452.91807803135134]","[-615.6767116564888, 487.4099540266851, -211.81410385614754, -452.9180780313495]","[-668.6302376205257, 374.18043451884665, -211.81410385614754, -452.91807803135384]","[-721.5587914030359, 261.15225144952694, -211.71421513004088, -452.11273227727884]","[-774.6313234648711, 149.55482443108414, -212.29012824734082, -446.3897080737712]","[-829.7872594141285, 41.32776786167344, -220.62374379702942, -432.9082262776428]","[-886.2618054174744, -60.384338209134754, -225.8981840133838, -406.8484242832328]"
620,Robot,"[-938.9153191690694, -173.241333536268, 0, 0]","[-989.8193655427136, -285.87787841458754, -203.6161854945767, -450.54617951327816]","[-1040.386225452272, -394.2966719891792, -202.2674396382331, -433.6751742983665]","[-1092.055056500178, -456.22459503202913, -206.675324191624, -247.71169217139982]","[-1141.964477255134, -491.00756979013937, -199.63768301982418, -139.13189903244097]","[-1190.6004299864535, -554.1600540405504, -194.5438109252782, -252.6099370016443]","[-1238.4027856953846, -639.3144836046652, -191.20942283572458, -340.61771825645883]","[-1284.9569296757363, -689.2547827071058, -186.21657592140673, -199.76119640976276]","[-1329.4463932537374, -720.7530845379755, -177.95785431200437, -125.99320732347871]","[-1372.6391044987636, -785.8292024444806, -172.7708449801048, -260.3044716260206]","[-1414.9083094329087, -867.6241429783693, -169.07681973658055, -327.1797621355545]","[-1458.784107078087, -928.7866981094628, -175.50319058071273, -244.65022052437416]","[-1499.0013254474468, -1047.1403011244586, -160.8688734774396, -473.4144120599831]","[-1539.218543816805, -1165.4939041394566, -160.86887347743323, -473.4144120599922]","[-1579.435762186164, -1283.847507154455, -160.86887347743595, -473.4144120599931]","[-1619.6529805555224, -1402.2011101694527, -160.86887347743323, -473.41441205999126]"
621,Robot,"[-1659.8701989248807, -1520.5547131844507, 0, 0]","[-1700.0874172942392, -1638.9083161994488, -160.86887347743414, -473.4144120599922]","[-1740.3046356635978, -1757.2619192144468, -160.86887347743414, -473.4144120599922]","[-1780.5218540329563, -1875.6155222294449, -160.86887347743414, -473.4144120599922]","[-1820.7390724023148, -1993.969125244443, -160.86887347743414, -473.4144120599922]","[-1827.7217770213435, -2113.0064209430234, -27.930818476114837, -476.14918279432186]","[-1792.4060095944974, -2232.913870966164, 141.2630697073846, -479.6298000925617]","[-1757.0902421676517, -2352.821320989304, 141.26306970738278, -479.6298000925599]","[-1721.7744747408055, -2472.7287710124447, 141.26306970738472, -479.6298000925639]","[-1686.4587073139596, -2592.636221035585, 141.2630697073837, -479.6298000925617]","[-1651.1429398871137, -2712.543671058725, 141.2630697073837, -479.6298000925599]","[-1615.8271724602678, -2832.451121081866, 141.2630697073837, -479.6298000925635]","[-1580.511405033422, -2952.3585711050064, 141.26306970738278, -479.6298000925617]","[-1545.195637606576, -3072.266021128147, 141.2630697073846, -479.6298000925617]","[-1509.87987017973, -3192.1734711512872, 141.2630697073837, -479.6298000925617]","[-1474.564102752884, -3312.080921174428, 141.2630697073837, -479.6298000925635]"
622,Robot,"[-1461.960958575294, -3307.1696208773706, 0, 0]","[-1470.4342808849972, -3182.4571403109207, -33.89328923881294, 498.84992226579925]","[-1478.9076031947004, -3057.744659744471, -33.89328923881294, 498.84992226579925]","[-1487.380925504403, -2933.032179178021, -33.89328923881021, 498.84992226579925]","[-1495.8542478141037, -2808.3196986115718, -33.893289238802936, 498.84992226579743]","[-1504.3275701238044, -2683.607218045121, -33.893289238802936, 498.8499222658029]","[-1512.8008924335052, -2558.894737478672, -33.893289238802936, 498.8499222657956]","[-1521.274214743206, -2434.182256912222, -33.893289238802936, 498.84992226580107]","[-1475.3194711466397, -2323.338625197664, 183.8189743862651, 443.37452685823195]","[-1408.198257475414, -2217.8884347032863, 268.48485468490253, 421.8007619775108]","[-1341.0770438041884, -2112.4382442089086, 268.48485468490253, 421.8007619775108]","[-1273.9558301329628, -2006.9880537145289, 268.48485468490253, 421.80076197751896]","[-1206.8346164617371, -1901.5378632201453, 268.48485468490253, 421.8007619775344]","[-1139.7134027905115, -1796.087672725762, 268.48485468490253, 421.8007619775326]","[-1072.592189119286, -1690.6374822313785, 268.4848546849016, 421.8007619775344]","[-1005.4709754480602, -1585.1872917369951, 268.48485468490344, 421.8007619775335]"
623,Robot,"[-938.3497617768346, -1479.7371012426115, 0, 0]","[-871.228548105609, -1374.2869107482284, 268.48485468490253, 421.8007619775326]","[-804.1073344343833, -1268.836720253845, 268.48485468490253, 421.8007619775335]","[-737.8639309824179, -1162.902285837463, 264.97361380786197, 423.7377376655277]","[-677.4355393951807, -1053.5973803762683, 241.71356634894846, 437.2196218447789]","[-624.4080217599119, -940.5859128856532, 212.1100705410754, 452.04586996246053]","[-593.8028356299917, -819.568251291386, 122.42074451968074, 484.0706463770689]","[-577.0664192013768, -695.7800247795442, 66.94566571445966, 495.1529060473672]","[-583.4452146369108, -571.5611202481722, -25.515181742136086, 496.8756181254885]","[-616.7663419877941, -451.14136370893857, -133.28450940353332, 481.67902615693447]","[-646.7464347529718, -329.9030284015978, -119.92037106071075, 484.9533412293631]","[-698.6722003846052, -216.5921256858637, -207.70306252653336, 453.2436108629364]","[-806.1653352394559, -163.24572435074057, -429.9725394194029, 213.38560534049248]","[-920.2252632540072, -113.45618272736723, -456.23971205820544, 199.15816649349335]","[-1027.7994354866255, -64.67802157221571, -430.296688930473, 195.1126446206061]","[-1055.8843234295475, 54.9353054490165, -112.3395517716881, 478.45330808492884]"
624,Robot,"[-1054.7449725819165, 176.98806952511546, 0, 0]","[-1094.5206553187418, 294.8784576645888, -159.1027309473011, 471.56155255789326]","[-1176.5146487109707, 386.22907570444704, -327.97597356891583, 365.40247215943305]","[-1254.286103884155, 480.5951934150674, -311.0858206927369, 377.46447084248143]","[-1321.8236033964286, 585.6712595526584, -270.1499980490944, 420.304264550364]","[-1364.020705269089, 701.3061816541097, -168.78840749064148, 462.539688405805]","[-1273.179903839928, 761.6812765019345, 363.3632057166433, 241.50037939129925]","[-1152.7000164629887, 794.9918864879434, 481.91954950775744, 133.2424399440356]","[-1032.2201290860496, 828.3024964739523, 481.919549507757, 133.2424399440357]","[-911.7402417091104, 861.6131064599612, 481.919549507757, 133.2424399440356]","[-791.2603543321713, 894.9237164459701, 481.9195495077561, 133.2424399440356]","[-670.7804669552322, 928.234326431979, 481.9195495077565, 133.2424399440356]","[-550.3005795782931, 961.544936417988, 481.9195495077565, 133.24243994403605]","[-429.820692201354, 994.8555464039968, 481.9195495077563, 133.24243994403514]","[-309.3408048244148, 1028.1661563900052, 481.91954950775676, 133.24243994403378]","[-188.86091744747569, 1061.4767663760117, 481.9195495077565, 133.24243994402605]"
625,Robot,"[-68.38103007053637, 1094.7873763620205, 0, 0]","[52.09885730640308, 1128.0979863480293, 481.9195495077578, 133.24243994403514]","[172.57874468334242, 1161.4085963340383, 481.9195495077573, 133.24243994403605]","[293.0586320602816, 1194.719206320047, 481.91954950775664, 133.24243994403514]","[413.5385194372207, 1228.029816306056, 481.9195495077565, 133.24243994403605]","[534.0184068141599, 1261.3404262920646, 481.91954950775676, 133.24243994403423]","[656.945016693881, 1281.7693592981595, 491.7064395188845, 81.71573202437958]","[781.247907981417, 1294.9523490030526, 497.211565150144, 52.731958819572355]","[905.550799268953, 1308.1353387079455, 497.21156515014445, 52.731958819571496]","[1029.8536905564888, 1321.3183284128388, 497.2115651501431, 52.731958819573265]","[1154.156581844022, 1334.501318117732, 497.2115651501326, 52.731958819572355]","[1278.4594731315551, 1347.684307822625, 497.2115651501326, 52.731958819572355]","[1402.7623644190885, 1360.867297527518, 497.21156515013354, 52.731958819572355]","[1527.0652557066214, 1374.0502872324112, 497.2115651501317, 52.731958819572355]","[1651.3681469941546, 1387.2332769373045, 497.2115651501326, 52.731958819573265]","[1775.6710382816875, 1400.4162666421971, 497.2115651501317, 52.731958819570536]"
626,Robot,"[1899.973929569221, 1413.5992563470904, 0, 0]","[2023.343262726819, 1429.3856488649908, 493.4773326303921, 63.14557007160147]","[2147.3099521099125, 1444.3306761977356, 495.8667575323743, 59.78010933097903]","[2271.6291925843047, 1457.358586539438, 497.276961897569, 52.111641366809636]","[2395.948433058697, 1470.3864968811404, 497.276961897569, 52.111641366809636]","[2520.267673533089, 1483.4144072228428, 497.27696189756716, 52.111641366809636]","[2644.586914007481, 1496.4423175645452, 497.276961897569, 52.111641366809636]","[2768.9061544818737, 1509.4702279062476, 497.2769618975708, 52.111641366809636]","[2893.225394956266, 1522.49813824795, 497.27696189756944, 52.111641366809685]","[3017.544635430658, 1535.5260485896524, 497.276961897569, 52.111641366809636]","[3141.8638759050505, 1548.5539589313548, 497.276961897569, 52.111641366809636]","[3266.1831163794427, 1561.5818692730572, 497.276961897569, 52.111641366809636]","[3390.502356853835, 1574.6097796147596, 497.276961897569, 52.111641366809636]","[3514.821597328227, 1587.637689956462, 497.276961897569, 52.111641366809636]","[3639.140837802619, 1600.6656002981645, 497.27696189756716, 52.111641366809636]","[3763.460078277012, 1613.6935106398669, 497.2769618975726, 52.111641366809636]"
627,Robot,"[3887.779318751404, 1626.7214209815693, 0, 0]","[4012.098559225796, 1639.7493313232717, 497.276961897569, 52.111641366809636]","[4136.417799700188, 1652.777241664974, 497.27696189756716, 52.111641366809636]","[4260.73704017458, 1665.8051520066765, 497.276961897569, 52.111641366809636]","[4385.0562806489725, 1678.833062348379, 497.276961897569, 52.111641366809636]","[4509.375521123365, 1691.860972690081, 497.276961897569, 52.111641366808726]","[4633.694761597757, 1704.8888830317835, 497.276961897569, 52.111641366809636]","[4758.014002072149, 1717.916793373486, 497.276961897569, 52.111641366809636]","[4882.333242546541, 1730.9447037151886, 497.27696189756944, 52.111641366810595]","[5006.652483020934, 1743.972614056891, 497.276961897569, 52.111641366809636]","[5130.971723495326, 1757.0005243985934, 497.276961897569, 52.111641366809636]","[5255.290963969718, 1770.0284347402958, 497.276961897569, 52.111641366809636]","[5379.61020444411, 1783.0563450819982, 497.276961897569, 52.111641366809636]","[5485.146928504688, 1733.3612169051023, 422.1468962423096, -198.7805127075835]","[5581.8448213117135, 1654.1493647194543, 386.79157122810284, -316.84740874259205]","[5678.542714118741, 1574.9375125338065, 386.7915712281101, -316.84740874259114]"
628,Robot,"[5775.240606925768, 1495.7256603481585, 0, 0]","[5871.938499732794, 1416.5138081625105, 386.7915712281065, -316.84740874259205]","[5948.266620130048, 1334.635410406683, 305.3124815890151, -327.51359102331025]","[5875.216409522304, 1233.2023451362072, -292.2008424309752, -405.73226108190283]","[5802.1661989145605, 1131.7692798657315, -292.2008424309752, -405.73226108190283]","[5725.89513058927, 1033.490719582066, -305.0842733011632, -393.1142411346618]","[5626.004439001968, 958.3451958683424, -399.56276634920505, -300.5820948548944]","[5526.113747414665, 883.1996721546188, -399.5627663492123, -300.5820948548944]","[5426.223055827363, 808.0541484408977, -399.562766349209, -300.5820948548847]","[5326.332364240061, 732.908624727177, -399.5627663492087, -300.58209485488305]","[5226.441672652759, 657.7631010134562, -399.5627663492087, -300.58209485488305]","[5117.785363690784, 599.1012424193801, -434.6252358478996, -234.64743437630432]","[4999.63296923958, 558.2966877049191, -472.60957780481476, -163.21821885784402]","[4881.4805747883765, 517.4921329904581, -472.60957780481476, -163.21821885784402]","[4763.328180337173, 476.6875782759971, -472.60957780481476, -163.21821885784402]","[4645.175785885969, 435.8830235615361, -472.60957780481476, -163.21821885784402]"
629,Robot,"[4527.0233914347655, 395.0784688470751, 0, 0]","[4408.870996983562, 354.2739141326141, -472.60957780481476, -163.21821885784402]","[4290.718602532358, 313.4693594181531, -472.60957780481476, -163.21821885784402]","[4172.566208081154, 272.6648047036921, -472.60957780481476, -163.21821885784402]","[4054.4138136299466, 231.86024998923108, -472.60957780483113, -163.21821885784402]","[3936.261419178732, 191.05569527477007, -472.6095778048584, -163.21821885784402]","[3818.109024727517, 150.25114056030907, -472.60957780486024, -163.21821885784402]","[3699.956630276301, 109.44658584584806, -472.6095778048639, -163.21821885784402]","[3581.8042358250864, 68.64203113138682, -472.6095778048588, -163.21821885784513]","[3463.651841373872, 27.837476416925444, -472.6095778048584, -163.2182188578455]","[3345.4994469226563, -12.967078297536132, -472.60957780486206, -163.2182188578463]","[3227.347052471441, -53.77163301199794, -472.60957780486024, -163.21821885784723]","[3109.194658020226, -94.57618772646002, -472.60957780486024, -163.2182188578483]","[2991.042263569011, -135.38074244092246, -472.60957780486024, -163.21821885784976]","[2871.71911112344, -172.54663283792516, -477.29260978228376, -148.6635615880108]","[2751.9406639022864, -208.2974871114711, -479.11378888461513, -143.00341709418376]"
630,Robot,"[2632.1622166811326, -244.04834138501704, 0, 0]","[2512.383769459979, -279.799195658563, -479.11378888461513, -143.00341709418387]","[2392.605322238825, -315.55004993210895, -479.11378888461513, -143.00341709418376]","[2272.8268750176712, -351.3009042056549, -479.11378888461513, -143.00341709418376]","[2153.048427796517, -387.0517584792008, -479.11378888461695, -143.00341709418376]","[2033.2699805753628, -422.8026127527468, -479.11378888461695, -143.003417094184]","[1913.4915333542035, -458.5534670262927, -479.11378888463696, -143.00341709418353]","[1793.7130861330438, -494.30432129983865, -479.1137888846388, -143.00341709418376]","[1673.9346389118843, -530.0551755733853, -479.11378888463827, -143.00341709418683]","[1554.1561916907249, -565.8060298469327, -479.11378888463787, -143.00341709418944]","[1434.3777444695654, -601.5568841204796, -479.11378888463787, -143.00341709418763]","[1314.599297248406, -637.307738394026, -479.11378888463787, -143.0034170941858]","[1194.8208500272465, -673.0585926675725, -479.11378888463787, -143.0034170941858]","[1075.042402806087, -708.809446941119, -479.11378888463787, -143.0034170941858]","[955.2639555849292, -744.560301214665, -479.11378888463105, -143.003417094184]","[835.4855083637726, -780.3111554882105, -479.1137888846265, -143.00341709418217]"
631,Robot,"[715.707061142616, -816.0620097617561, 0, 0]","[595.9286139214594, -851.8128640353018, -479.1137888846265, -143.00341709418262]","[476.1501667003023, -887.5637183088475, -479.1137888846283, -143.00341709418262]","[356.37171947914425, -923.3145725823936, -479.1137888846322, -143.00341709418444]","[236.5932722579862, -959.0654268559394, -479.1137888846322, -143.00341709418353]","[116.8148250368282, -994.8162811294856, -479.113788884632, -143.00341709418444]","[-2.9636221843295303, -1030.5671354030312, -479.11378888463094, -143.00341709418262]","[-122.74206940548724, -1066.3179896765755, -479.1137888846308, -143.00341709417717]","[-242.52051662664527, -1102.0688439501205, -479.1137888846325, -143.00341709418]","[-362.2989638478033, -1137.8196982236648, -479.1137888846321, -143.00341709417717]","[-482.0774110689613, -1173.5705524972093, -479.11378888463196, -143.00341709417808]","[-602.137534606216, -1208.3361602866075, -480.240494149019, -139.06243115759298]","[-721.8923945629672, -1244.1659456158432, -479.0194398270046, -143.31914131694248]","[-841.6472545197183, -1279.9957309450788, -479.0194398270046, -143.31914131694248]","[-962.1353560809443, -1312.9887287049758, -481.95240624490407, -131.97199103958792]","[-1049.6677604843023, -1307.6835973566915, -350.12961761343195, 21.220525393136995]"
632,Robot,"[-1097.3150844804918, -1257.969217023229, 0, 0]","[-1094.1328177235166, -1152.6161905251236, 12.729067027900783, 421.41210599242186]","[-1068.316256088013, -1030.332234176669, 103.26624654201441, 489.13582539381787]","[-1076.6453798077032, -959.1216588748312, -33.31649487876075, 284.84230120735174]","[-1116.7590950068625, -948.7208066352412, -160.45486079663715, 41.60340895835998]","[-1209.2962738772044, -1013.8869645643522, -370.1487154813676, -260.6646317164441]","[-1310.4763646598385, -1087.2871636731927, -404.7203631305365, -293.6007964353621]","[-1411.656455442475, -1160.6873627820332, -404.7203631305456, -293.6007964353621]","[-1512.836546225113, -1234.0875618908738, -404.7203631305523, -293.6007964353624]","[-1614.016637007751, -1307.4877609997145, -404.72036313055196, -293.600796435363]","[-1715.1967277903884, -1380.8879601085548, -404.72036313055014, -293.6007964353612]","[-1816.3768185730264, -1454.288159217395, -404.72036313055196, -293.6007964353612]","[-1911.1306592970016, -1431.51140162653, -379.0153628959006, 91.10703036346058]","[-2007.4206083290087, -1351.804151545913, -385.1597961280286, 318.82900032246744]","[-2103.710557361016, -1272.0969014652967, -385.1597961280295, 318.8290003224656]","[-2200.0005063930225, -1192.3896513846803, -385.15979612802585, 318.8290003224656]"
633,Robot,"[-2296.290455425029, -1112.6824013040664, 0, 0]","[-2392.5804044570364, -1032.9751512234527, -385.1597961280295, 318.8290003224547]","[-2488.8703534890437, -953.2679011428388, -385.1597961280295, 318.8290003224556]","[-2585.16030252105, -873.5606510622251, -385.15979612802585, 318.8290003224547]","[-2681.450251553057, -793.8534009816113, -385.15979612802766, 318.82900032245516]","[-2777.740200585064, -714.1461509009976, -385.15979612802766, 318.82900032245516]","[-2874.030149617071, -634.4389008203838, -385.15979612802766, 318.82900032245516]","[-2970.320098649078, -554.73165073977, -385.15979612802766, 318.82900032245516]","[-3066.610047681085, -475.0244006591562, -385.159796128028, 318.82900032245544]","[-3162.899996713092, -395.3171505785424, -385.1597961280295, 318.82900032245516]","[-3259.1899457450986, -315.6099004979286, -385.15979612802585, 318.82900032245516]","[-3355.479894777105, -235.9026504173148, -385.15979612802585, 318.8290003224553]","[-3451.7698438091124, -156.19540033670103, -385.1597961280295, 318.82900032245504]","[-3548.05979284112, -76.48815025608724, -385.1597961280295, 318.82900032245516]","[-3644.212133869304, 2.8535857077821243, -384.60936411273724, 317.3669438554775]","[-3738.2113159164887, 69.8573265582441, -375.9967281887384, 268.01496340184787]"
634,Robot,"[-3839.076551653168, 125.40790883587825, 0, 0]","[-3945.786658278906, 180.37257082786212, -426.84042650295305, 219.8586479679355]","[-4052.033098254711, 235.1270636726365, -424.98575990322024, 219.0179713790975]","[-4157.735925411044, 289.6359901904577, -422.81130862533246, 218.03570607128472]","[-4262.796665784037, 343.8548667180894, -420.2429614919711, 216.87550611052689]","[-4367.092535598315, 397.7282281162909, -417.1834792571135, 215.49344559280598]","[-4470.469080741283, 451.1863027980982, -413.50618057186875, 213.83229872722927]","[-4572.730344516788, 504.14057120623016, -409.04505510202216, 211.8170736325278]","[-4673.625799965343, 556.4778627475098, -403.5818217942182, 209.3491661651187]","[-4761.23688172469, 638.2548137068032, -350.4443270373886, 327.10780383717383]","[-4840.280046132207, 735.0906446809067, -316.172657630068, 387.34332389641395]","[-4919.323210539724, 831.9264756550102, -316.172657630068, 387.34332389641395]","[-4998.366374947241, 928.7623066291136, -316.172657630068, 387.3433238964135]","[-5077.409539354758, 1025.5981376032153, -316.172657630068, 387.3433238964067]","[-5156.452703762275, 1122.433968577316, -316.172657630068, 387.3433238964026]","[-5235.495868169798, 1219.2697995514166, -316.17265763009345, 387.3433238964026]"
635,Robot,"[-5286.288147420279, 1301.6039817297096, 0, 0]","[-5161.907085015419, 1289.180161261066, 497.5242496194369, -49.6952818745749]","[-5037.52602261056, 1276.7563407924226, 497.5242496194369, -49.695281874573084]","[-4917.134859633458, 1244.007812601938, 481.56465190840754, -130.9941127619386]","[-4797.287773851051, 1208.487733358475, 479.3883431296308, -142.08031697385195]","[-4677.440688068643, 1172.967654115012, 479.3883431296308, -142.08031697385195]","[-4557.593602286235, 1137.447574871549, 479.3883431296308, -142.08031697385195]","[-4437.746516503828, 1101.927495628086, 479.3883431296272, -142.08031697385195]","[-4317.89943072142, 1066.407416384623, 479.38834312963485, -142.08031697385206]","[-4196.130620825893, 1048.2773766965067, 487.0752395821073, -72.52015875246525]","[-4081.958824523133, 1077.748615640502, 456.68718521103983, 117.88495577598133]","[-3971.1894107997578, 1109.91392042656, 443.07765489350095, 128.66121914423184]","[-3856.735509355217, 1140.422493354108, 457.81560577816344, 122.03429171019161]","[-3735.192437882922, 1167.579623433157, 486.17228588917897, 108.62852031619605]","[-3613.138592801721, 1194.558314104568, 488.21538032480385, 107.91476268564384]","[-3491.1710570598857, 1221.924384198025, 487.87014296734196, 109.46428037382884]"
636,Robot,"[-3369.328664762874, 1249.8420205956977, 0, 0]","[-3271.9598060500666, 1272.630079654096, 389.4754348512288, 91.15223623359361]","[-3271.9598060500666, 1272.630079654096, 0.0, 0.0]","[-3238.6799326938867, 1284.954993620276, 133.11949342471962, 49.29965586471917]","[-3125.085891287353, 1328.298597989678, 454.376165626134, 173.3744174776084]","[-3011.792861035762, 1371.563035705636, 453.17212100636425, 173.05775086383164]","[-2898.850449256048, 1414.7295223092185, 451.7696471188574, 172.6659464143304]","[-2786.5882754575005, 1458.732781998233, 449.04869519418935, 176.01303875605754]","[-2675.018075909893, 1508.8400816475896, 446.2807981904302, 200.42919859742705]","[-2567.507178470562, 1571.7370974878131, 430.0435897573243, 251.588063360894]","[-2462.8812960962773, 1640.136108718992, 418.5035294971385, 273.5960449247159]","[-2358.5590560721816, 1708.9702650735378, 417.28896009638265, 275.33662541818285]","[-2254.7504431129187, 1778.5547581752792, 415.2344518370519, 278.3379724069655]","[-2165.493443616049, 1813.7722842113317, 357.02799798747947, 140.87010414421002]","[-2165.493443616049, 1813.7722842113317, 0.0, 0.0]","[-2165.493443616049, 1813.7722842113317, 0.0, 0.0]"
637,Robot,"[-2105.885067822571, 1868.44836331106, 0, 0]","[-2017.448208416548, 1956.440113412703, 353.7474376240916, 351.9670004065729]","[-1982.1935006260271, 2067.3829908887387, 141.0188311620832, 443.7715099041425]","[-2017.3145036235103, 2186.617120497521, -140.4840119899327, 476.93651843512816]","[-2016.141388781984, 2309.400487011742, 4.69245936610514, 491.1334660568846]","[-1936.0110382464036, 2362.779291838496, 320.5214021423217, 213.5152193070171]","[-1813.9612109670636, 2361.6011115389592, 488.1993091173599, -4.712721198147847]","[-1689.0240468159743, 2357.638156343216, 499.74865660435717, -15.851820782972936]","[-1606.2502575965857, 2417.2830727727046, 331.09515687755476, 238.5796657179546]","[-1540.4306818979487, 2479.07751926152, 263.2783027945479, 247.17778595526215]","[-1485.6618818553084, 2548.7341213912778, 219.0752001705614, 278.6264085190305]","[-1438.072159443267, 2643.607838449608, 190.35888964816513, 379.49486823332154]","[-1381.9518034540024, 2736.919027335358, 224.48142395705872, 373.244755542999]","[-1299.0895911348618, 2819.589188266288, 331.4488492765622, 330.680643723721]","[-1200.5775300280843, 2896.533153698899, 394.04824442711015, 307.77586173044256]","[-1102.0654689213018, 2973.4771191315094, 394.04824442713016, 307.77586173044256]"
638,Robot,"[-1003.5534078145196, 3050.42108456412, 0, 0]","[-905.0413467077398, 3127.3650499967307, 394.04824442711924, 307.77586173044256]","[-806.5292856009598, 3204.309015429335, 394.0482444271197, 307.7758617304171]","[-708.0172244941799, 3281.2529808619392, 394.0482444271197, 307.7758617304171]","[-609.5051633874, 3358.196946294544, 394.0482444271197, 307.7758617304189]","[-510.99310228062, 3435.1409117271483, 394.0482444271199, 307.7758617304171]","[-537.8793819732097, 3380.0478063244177, -107.54511877035861, -220.37242161092217]","[-651.8996050580143, 3328.819018248847, -456.08089233921874, -204.91515230228288]","[-765.919828142819, 3277.5902301732763, -456.08089233921913, -204.91515230228305]","[-879.9400512276237, 3226.361442097705, -456.08089233921874, -204.9151523022847]","[-993.9602743124284, 3175.132654022135, -456.08089233921874, -204.91515230228106]","[-1107.980497397233, 3123.903865946564, -456.0808923392183, -204.91515230228288]","[-1222.0007204820377, 3072.6750778709934, -456.08089233921874, -204.91515230228288]","[-1336.0209435668423, 3021.4462897954227, -456.08089233921874, -204.91515230228288]","[-1450.041166651647, 2970.217501719852, -456.08089233921874, -204.91515230228288]","[-1564.0613897364517, 2918.988713644281, -456.08089233921874, -204.9151523022847]"
639,Robot,"[-1678.0816128212564, 2867.7599255687105, 0, 0]","[-1792.101835906061, 2816.53113749314, -456.08089233921874, -204.91515230228288]","[-1906.1220589908655, 2765.302349417569, -456.0808923392178, -204.91515230228288]","[-2020.1422820756704, 2714.0735613419984, -456.08089233921964, -204.91515230228288]","[-2134.162505160471, 2662.844773266428, -456.08089233920236, -204.91515230228106]","[-2248.18272824527, 2611.615985190857, -456.080892339196, -204.9151523022847]","[-2362.202951330069, 2560.387197115286, -456.080892339196, -204.91515230228288]","[-2476.223174414868, 2509.1584090397155, -456.080892339196, -204.91515230228288]","[-2590.243397499667, 2457.9296209641448, -456.0808923391964, -204.91515230228305]","[-2704.263620584466, 2406.700832888574, -456.080892339196, -204.91515230228288]","[-2818.283843669265, 2355.472044813004, -456.080892339196, -204.91515230228106]","[-2932.3040667540654, 2304.2432567374326, -456.08089233920145, -204.9151523022847]","[-3046.324289838876, 2253.014468661862, -456.0808923392433, -204.91515230228288]","[-3160.344512923686, 2201.785680586291, -456.08089233923965, -204.91515230228288]","[-3274.3647360084965, 2150.5568925107204, -456.0808923392415, -204.91515230228288]","[-3388.384959093307, 2099.3281044351497, -456.0808923392415, -204.91515230228288]"
640,Robot,"[-3502.405182178117, 2048.099316359579, 0, 0]","[-3616.425405262928, 1996.870528284014, -456.0808923392451, -204.91515230226014]","[-3730.445628347729, 1945.641740208449, -456.0808923392033, -204.91515230226014]","[-3844.465851432529, 1894.412952132884, -456.08089233919964, -204.91515230226014]","[-3958.486074517329, 1843.1841640573189, -456.08089233920145, -204.91515230226014]","[-4072.506297602129, 1791.9553759817538, -456.08089233919964, -204.91515230226014]","[-4186.526520686928, 1740.7265879061888, -456.080892339196, -204.91515230226014]","[-4300.546743771727, 1689.4977998306238, -456.080892339196, -204.91515230226014]","[-4414.566966856526, 1638.2690117550587, -456.0808923391964, -204.9151523022603]","[-4528.587189941325, 1587.0402236794937, -456.080892339196, -204.91515230226014]","[-4647.619561585053, 1550.3695769724784, -476.1294865749114, -146.68258682806118]","[-4769.010591374159, 1520.5498203212512, -485.56411915642457, -119.27902660490872]","[-4890.401621163265, 1490.730063670024, -485.56411915642457, -119.27902660490872]","[-5011.792650952371, 1460.9103070187969, -485.56411915642457, -119.27902660490872]","[-5133.1836807414775, 1431.0905503675697, -485.56411915642457, -119.27902660490872]","[-5254.574710530584, 1401.2707937163425, -485.56411915642457, -119.27902660490872]"
641,Robot,"[-5375.96574031969, 1371.451037065115, 0, 0]","[-5497.356770108796, 1341.631280413888, -485.56411915642457, -119.27902660490872]","[-5618.747799897902, 1311.811523762661, -485.56411915642457, -119.27902660490781]","[-5740.138829687008, 1281.9917671114338, -485.56411915642457, -119.27902660490872]","[-5861.529859476114, 1252.1720104602066, -485.56411915642457, -119.27902660490872]","[-5982.9208892652205, 1222.3522538089794, -485.56411915642457, -119.27902660490872]","[-6019.034053078229, 1220.482287893794, -144.45265525203286, -7.479863660742012]","[-5903.542121822618, 1268.3008388426863, 461.9677250224413, 191.27420379556952]","[-5788.050190567008, 1316.119389791579, 461.9677250224417, 191.2742037955706]","[-5671.417305985474, 1358.2208735937131, 466.5315383261368, 168.4059352085369]","[-5546.417430347165, 1358.3971983196209, 499.9995025532371, 0.7052989036310464]","[-5421.417554708855, 1358.5735230455286, 499.9995025532371, 0.7052989036310464]","[-5296.417679070546, 1358.7498477714364, 499.9995025532371, 0.7052989036310464]","[-5171.417803432237, 1358.9261724973442, 499.9995025532371, 0.7052989036310464]","[-5046.417927793927, 1359.102497223252, 499.9995025532371, 0.7052989036310464]","[-4921.418052155618, 1359.2788219491597, 499.9995025532371, 0.7052989036310464]"
642,Robot,"[-4796.418176517309, 1359.4551466750677, 0, 0]","[-4671.418300879, 1359.6314714009752, 499.9995025532371, 0.7052989036301369]","[-4546.41842524069, 1359.807796126883, 499.9995025532371, 0.7052989036310464]","[-4421.418549602381, 1359.9841208527907, 499.9995025532371, 0.7052989036310464]","[-4296.418673964072, 1360.1604455786958, 499.9995025532371, 0.7052989036201325]","[-4171.4187983257625, 1360.3367703046006, 499.9995025532371, 0.705298903619223]","[-4046.418922687458, 1360.5130950305056, 499.9995025532189, 0.7052989036201325]","[-3921.41904704916, 1360.6894197564104, 499.99950255319163, 0.705298903619223]","[-3796.419171410862, 1360.8657444823154, 499.9995025531921, 0.7052989036201331]","[-3671.419295772564, 1361.0420692082205, 499.99950255319163, 0.7052989036201325]","[-3562.3710666661327, 1418.115202680195, 436.19291642572534, 228.29253388789766]","[-3455.498062086774, 1482.9469918902698, 427.4920183174345, 259.3271568402997]","[-3350.211118026895, 1550.0345574628452, 421.14777623951704, 268.35026229030154]","[-3254.930923885785, 1630.6120412351386, 381.12077656443944, 322.30993508917345]","[-3171.2259086036684, 1723.2650834631563, 334.8200611284665, 370.61216891207096]","[-3066.8289327102443, 1791.6467447095563, 417.58790357369617, 273.5266449855999]"
643,Robot,"[-2958.78437271234, 1854.5066926482784, 0, 0]","[-2867.10017866895, 1937.3132394450724, 366.73677617356043, 331.22618718717604]","[-2805.5084935622845, 2045.9325746142808, 246.36674042666164, 434.4773406768336]","[-2741.5709943028423, 2153.2278974113274, 255.74999703776848, 429.18129118818615]","[-2694.3477575055767, 2266.976135669316, 188.8929471890624, 454.99295303195504]","[-2610.965790403029, 2346.0133776778084, 333.5278684101904, 316.14896803396914]","[-2500.825923797327, 2404.8171693553527, 440.5594664228083, 235.21516671017707]","[-2436.711842898538, 2467.892679840663, 256.4563235951555, 252.30204194124053]","[-2381.2901493854906, 2541.736919471928, 221.68677405219043, 295.3769585250614]","[-2294.7787886330475, 2609.999744872669, 346.0454430097725, 273.0513016029636]","[-2284.7932775001573, 2685.8082958745217, 39.942044531560896, 303.2342040074109]","[-2375.044843516552, 2761.4927828087884, -361.00626406557967, 302.73794773706686]","[-2489.1286578623763, 2811.775831221774, -456.33525738329627, 201.13219365194163]","[-2597.0866713278824, 2874.248080550923, -431.8320538620246, 249.88899731659694]","[-2712.222882421267, 2922.804816074844, -460.5448443735386, 194.22694209568363]","[-2786.6229475801533, 2988.874491366429, -297.60026063554506, 264.2787011663404]"
644,Robot,"[205.63316, 2484.84765, 0, 0]","[205.63316, 2484.84765, 0.0, 0.0]","[205.63316, 2484.84765, 0.0, 0.0]","[205.63316, 2484.84765, 0.0, 0.0]","[205.63316, 2484.84765, 0.0, 0.0]","[237.9925501093244, 2555.294185893972, 129.43756043729763, 281.78614357588776]","[302.220555041, 2662.095097067344, 256.9120197267024, 427.20364469348715]","[373.403700756818, 2764.66718816307, 284.732582863272, 410.28836438290455]","[386.6275884093332, 2779.4770432527844, 52.89555061006086, 59.23942035885744]","[402.35258359044656, 2808.818252597921, 62.89998072445337, 117.3648373805463]","[361.2561713634034, 2833.6620389657955, -164.3856489081727, 99.3751454714984]","[284.75892544523185, 2877.318081477774, -305.9889836726861, 174.62417004791314]","[242.43743933619083, 2924.209901645822, -169.28594443616407, 187.56728067219228]","[232.25321872276132, 2940.392777002093, -40.73688245371807, 64.7315014250853]","[231.05528734524452, 2932.33968495636, -4.791725510067181, -32.21236818293255]","[205.17484538729556, 2927.832092129114, -103.52176783179584, -18.030371308985195]"
645,Robot,"[207.799379668247, 2925.822342176655, 0, 0]","[214.97558448426133, 2913.454217819642, 28.704819264057278, -49.47249742805252]","[220.95734919766565, 2879.8521012769315, 23.927058853617268, -134.40846617084208]","[233.5622002912136, 2853.524692385339, 50.4194043741918, -105.30963556636925]","[280.2060137400446, 2872.8457836689367, 186.5752537953241, 77.2843651343901]","[297.90774177720607, 2847.060545338637, 70.80691214864578, -103.14095332119905]","[357.5067303837324, 2799.481031322337, 238.3959544261054, -190.31805606519993]","[472.26635603097634, 2762.057686802665, 459.0385025889757, -149.6933780786876]","[591.3030212742739, 2723.909655034889, 476.14666097319054, -152.59212707110433]","[710.339686517571, 2685.761623267114, 476.1466609731883, -152.59212707110055]","[829.376351760868, 2647.6135914993383, 476.1466609731883, -152.59212707110237]","[948.4130170041652, 2609.4655597315627, 476.1466609731888, -152.59212707110237]","[1067.449682247464, 2571.317527963787, 476.1466609731947, -152.59212707110237]","[1186.486347490764, 2533.169496196012, 476.1466609732006, -152.59212707110055]","[1305.523012734064, 2495.021464428236, 476.1466609731997, -152.5921270711042]","[1424.559677977364, 2456.8734326604604, 476.1466609731997, -152.59212707110237]"
646,Robot,"[1543.5963432206638, 2418.725400892685, 0, 0]","[1662.6330084639635, 2380.577369124915, 476.1466609731988, -152.59212707107872]","[1781.6696737072637, 2342.429337357145, 476.1466609732006, -152.59212707108054]","[1900.706338950564, 2304.281305589375, 476.1466609732015, -152.59212707108054]","[2019.7430041938635, 2266.1332738216047, 476.14666097319787, -152.59212707108054]","[2138.779669437163, 2227.9852420538346, 476.1466609731988, -152.59212707108054]","[2257.816334680463, 2189.8372102860644, 476.1466609731997, -152.59212707108054]","[2376.852999923763, 2151.689178518294, 476.1466609731997, -152.59212707108236]","[2495.889665167063, 2113.541146750524, 476.1466609732001, -152.59212707107886]","[2612.9567277469587, 2070.323972780987, 468.2682503195829, -172.86869587814908]","[2726.5222744808025, 2018.0949904527567, 454.2621869353752, -208.91592931292053]","[2840.0878212146463, 1965.866008124529, 454.2621869353752, -208.91592931291143]","[2953.65336794849, 1913.637025796301, 454.2621869353752, -208.91592931291143]","[3067.218914682334, 1861.4080434680727, 454.2621869353752, -208.91592931291325]","[3180.7844614161777, 1809.179061139845, 454.2621869353752, -208.91592931291052]","[3294.350008150021, 1756.9500788116177, 454.2621869353734, -208.9159293129096]"
647,Robot,"[3407.9155548838653, 1704.7210964833896, 0, 0]","[3521.481101617709, 1652.4921141551615, 454.2621869353752, -208.91592931291234]","[3635.046648351553, 1600.263131826934, 454.2621869353752, -208.9159293129096]","[3748.6121950853967, 1548.034149498706, 454.2621869353752, -208.91592931291234]","[3862.177741819241, 1495.8051671704782, 454.26218693537703, -208.91592931291143]","[3975.743288553084, 1443.5761848422503, 454.2621869353716, -208.91592931291143]","[4089.308835286928, 1391.3472025140225, 454.26218693537703, -208.91592931291143]","[4202.874382020772, 1339.1182201857946, 454.2621869353752, -208.91592931291143]","[4315.158894881745, 1287.4744418795517, 449.13805144389374, -206.57511322497174]","[4427.122083863844, 1235.900957632723, 447.8527559283939, -206.29393698731474]","[4537.367993018227, 1186.160563833271, 440.9836366175332, -198.9615751978081]","[4650.918289660029, 1133.898434785964, 454.2011865672066, -209.0485161892284]","[4764.46858630183, 1081.6363057386573, 454.2011865672066, -209.04851618922658]","[4878.018882943632, 1029.374176691354, 454.2011865672066, -209.04851618921293]","[4991.569179585434, 977.1120476440502, 454.2011865672066, -209.0485161892152]","[5105.119476227235, 924.8499185967462, 454.2011865672066, -209.04851618921612]"
648,Robot,"[5218.669772869037, 872.5877895494422, 0, 0]","[5332.220069510839, 820.3256605021381, 454.2011865672066, -209.04851618921612]","[5445.77036615264, 768.0635314548341, 454.2011865672066, -209.04851618921612]","[5559.320662794442, 715.8014024075301, 454.2011865672066, -209.04851618921612]","[5672.870959436244, 663.5392733602289, 454.20118656721024, -209.04851618920475]","[5786.421256078045, 611.2771443129277, 454.20118656720297, -209.04851618920475]","[5894.288152391583, 561.8165371394895, 431.46758525415134, -197.84242869375294]","[5985.304420644973, 532.805052474696, 364.0650730135603, -116.04593865917377]","[6088.577832959628, 522.2448152871614, 413.09364925861917, -42.24094875013865]","[6190.618801857309, 511.73263361486687, 408.1638755907261, -42.04872668917801]","[6289.389484594105, 500.6802173527088, 395.0827309471824, -44.20966504863236]","[6384.177873181138, 488.96994640266, 379.1535543481332, -46.841083800195065]","[6474.127946807329, 476.4604104915655, 359.80029450476286, -50.038143644378124]","[6558.253163605568, 462.98863793333936, 336.50086719295723, -53.887090232904484]","[6635.494059950527, 448.37961073926425, 308.9635853798354, -58.43610877630044]","[6704.8373393575375, 432.4659374968538, 277.37311762804165, -63.6546929696417]"
649,Robot,"[6767.978116238321, 409.4040623152277, 0, 0]","[6837.331645776124, 319.3449616923481, 277.4141181512132, -360.23640249151845]","[6929.654441592264, 237.1419347705968, 369.2911832645623, -328.8121076870051]","[7029.592190253014, 162.05900466913062, 399.750994643, -300.33172040586476]","[7129.529938913764, 86.97607456766426, 399.750994643, -300.33172040586544]","[7229.467687574514, 11.893144466197649, 399.7509946429964, -300.3317204058664]","[7329.405436235264, -63.18978563526916, 399.750994643, -300.33172040586726]","[7429.3431848960145, -138.2727157367362, 399.75099464300365, -300.3317204058681]","[7529.2809335567645, -213.35564583820369, 399.75099464300035, -300.33172040587027]","[7629.218682217514, -288.43857593967124, 399.7509946429964, -300.3317204058702]","[7729.156430878264, -363.5215060411389, 399.750994643, -300.33172040587056]","[7829.091589942167, -438.6078798372624, 399.74063625561394, -300.345495184494]","[7929.029854576474, -513.6901231567298, 399.753058537226, -300.32897327786964]","[8028.96811921078, -588.7723664761983, 399.753058537226, -300.32897327787396]","[8050.169931361951, -650.8498203043558, 84.80724860468399, -248.30981531263023]","[7931.395827987548, -689.8076483701828, -475.09641349761296, -155.83131226330806]"
650,Robot,"[7812.621724613145, -728.7654764360093, 0, 0]","[7693.847621238741, -767.7233045018347, -475.09641349761296, -155.8313122633017]","[7575.073517864338, -806.6811325676601, -475.09641349761296, -155.8313122633017]","[7456.299414489935, -845.6389606334856, -475.09641349761296, -155.8313122633017]","[7337.525311115532, -884.5967886993109, -475.09641349761296, -155.83131226330124]","[7218.751207741128, -923.5546167651364, -475.09641349761296, -155.83131226330215]","[7099.977104366725, -962.5124448309616, -475.09641349761296, -155.8313122633008]","[6976.410084452108, -980.263102239686, -494.2680796584682, -71.0026296348974]","[6852.426289186168, -996.1696578521404, -495.9351810637604, -63.62622244981782]","[6728.442493920228, -1012.0762134645952, -495.93518106375996, -63.626222449819124]","[6604.458698654288, -1027.9827690770503, -495.93518106375996, -63.62622244982049]","[6480.474903388348, -1043.8893246895077, -495.93518106375996, -63.626222449829584]","[6356.491108122408, -1059.795880301965, -495.93518106375996, -63.626222449829584]","[6232.507312856468, -1075.7024359144225, -495.93518106375996, -63.626222449829584]","[6108.523517590528, -1091.60899152688, -495.93518106375996, -63.626222449829584]","[5984.539722324588, -1107.5155471393373, -495.93518106375996, -63.626222449829584]"
651,Robot,"[5860.555927058648, -1123.422102751795, 0, 0]","[5736.572131792708, -1139.3286583642505, -495.93518106375996, -63.62622244982231]","[5612.703793639569, -1155.1926462680694, -495.4733526125565, -63.45595161527581]","[5505.322405466922, -1174.617906801272, -429.5255526905894, -77.70104213281047]","[5384.063672079537, -1188.5135219068693, -485.0349335495375, -55.582460422388976]","[5275.3165669226055, -1144.4961526299342, -434.98842062772746, 176.06947710774057]","[5187.061494040033, -1056.953561371753, -353.0202915302907, 350.1703650327245]","[5118.500214582494, -952.5489706578433, -274.24511783015623, 417.61836285563913]","[5044.624036875713, -852.229426818574, -295.50471082712494, 401.27817535707743]","[4969.622525700269, -752.4091525134434, -300.00604470177495, 399.2810972205225]","[4911.377489062777, -642.6284341168595, -232.98014654996587, 439.1228735863356]","[4900.982292416379, -519.3365108773247, -41.58078658559316, 493.167692958139]","[4975.394712351646, -420.6806491987182, 297.6496797410691, 394.6234467144261]","[5023.093794567611, -305.6299134049077, 190.79632886386025, 460.2029431752419]","[4996.717487468242, -238.37329593305452, -105.50522839747646, 269.02646988741276]","[4894.410703013215, -310.1947541086632, -409.2271378201076, -287.2858327024346]"
652,Robot,"[4792.1039185581885, -382.0162122842712, 0, 0]","[4689.797134103162, -453.8376704598784, -409.2271378201076, -287.2858327024287]","[4587.490349648135, -525.6591286354853, -409.2271378201076, -287.2858327024278]","[4485.183565193108, -597.4805868110911, -409.2271378201076, -287.28583270242325]","[4382.876780738081, -669.302044986697, -409.2271378201076, -287.28583270242325]","[4280.5699962830495, -741.1235031623028, -409.2271378201258, -287.28583270242325]","[4178.263211828012, -812.9449613379086, -409.22713782015126, -287.28583270242325]","[4075.956427372973, -884.7664195135144, -409.2271378201549, -287.28583270242325]","[3973.649642917935, -956.5878776891202, -409.2271378201516, -287.2858327024235]","[3871.342858462897, -1028.409335864726, -409.2271378201531, -287.28583270242325]","[3769.0360740078586, -1100.2307940403318, -409.2271378201531, -287.28583270242325]","[3666.72928955282, -1172.0522522159376, -409.2271378201549, -287.28583270242325]","[3564.422505097782, -1243.8737103915437, -409.22713782015126, -287.28583270242416]","[3461.150608024825, -1314.268783001287, -413.08758829182807, -281.58029043897295]","[3356.43104202499, -1382.5242772622369, -418.87826399934056, -273.0219770437998]","[3251.7114760251548, -1450.7797715231868, -418.87826399934056, -273.0219770437998]"
653,Robot,"[3146.99191002532, -1519.0352657841368, 0, 0]","[3042.2723440254845, -1587.2907600450867, -418.8782639993424, -273.0219770437998]","[2937.5527780256493, -1655.5462543060366, -418.87826399934056, -273.0219770437998]","[2832.833212025814, -1723.8017485669866, -418.87826399934056, -273.0219770437998]","[2728.113646025979, -1792.0572428279363, -418.87826399934056, -273.02197704379887]","[2623.394080026144, -1860.3127370888865, -418.87826399934056, -273.0219770438007]","[2518.6745140263088, -1928.5682313498364, -418.87826399934056, -273.0219770437998]","[2413.9549480264736, -1996.8237256107864, -418.87826399934056, -273.0219770437998]","[2309.2353820266385, -2065.0792198717363, -418.87826399934096, -273.0219770438]","[2204.515816026804, -2133.3347141326863, -418.87826399933874, -273.0219770437998]","[2099.796250026968, -2201.590208393636, -418.8782639993424, -273.0219770437998]","[1995.076684027136, -2269.845702654586, -418.87826399932874, -273.0219770437998]","[1890.3571180273063, -2338.101196915536, -418.87826399931873, -273.0219770437998]","[1785.637552027477, -2406.356691176486, -418.8782639993169, -273.0219770437998]","[1680.9179860276477, -2474.612185437436, -418.8782639993178, -273.0219770437998]","[1576.1984200278182, -2542.867679698386, -418.8782639993178, -273.0219770437998]"
654,Robot,"[1471.4788540279887, -2611.123173959336, 0, 0]","[1366.7592880281593, -2679.378668220286, -418.8782639993178, -273.0219770437998]","[1262.0397220283298, -2747.634162481236, -418.8782639993178, -273.0219770438016]","[1157.3201560285004, -2815.8896567421857, -418.8782639993178, -273.02197704379796]","[1052.600590028671, -2884.145151003136, -418.8782639993178, -273.0219770438016]","[947.8810240288408, -2952.4006452640856, -418.87826399932055, -273.02197704379796]","[843.1614580290112, -3020.6561395250355, -418.8782639993183, -273.0219770437998]","[738.4418920291818, -3088.911633785985, -418.8782639993178, -273.02197704379796]","[633.7223260293523, -3157.1671280469354, -418.8782639993182, -273.0219770438018]","[529.0027600295228, -3225.422622307887, -418.8782639993178, -273.02197704380706]","[424.2831940296934, -3293.678116568843, -418.8782639993178, -273.0219770438234]","[325.8024916405864, -3370.5226705269315, -393.92280955642786, -307.3782158323538]","[228.51014422495064, -3449.0032358559024, -389.16938966254315, -313.9222613158836]","[131.21779680931533, -3527.4838011848733, -389.1693896625412, -313.9222613158836]","[40.64046253572134, -3589.743156299625, -362.30933709437596, -249.03742045900617]","[27.285779395596816, -3465.458593950854, -53.4187325604981, 497.13824939508413]"
655,Robot,"[13.931096255472362, -3341.174031602083, 0, 0]","[0.5764131153480158, -3216.889469253312, -53.41873256049738, 497.1382493950823]","[-12.77827002477624, -3092.6049069045407, -53.41873256049703, 497.13824939508595]","[-26.13295316490036, -2968.3203445557697, -53.41873256049648, 497.13824939508413]","[-39.48763630502433, -2844.035782206998, -53.41873256049588, 497.13824939508595]","[-61.34147270221382, -2721.1984604997456, -87.41534558875796, 491.34928682901045]","[-89.87321522995472, -2599.4982564393995, -114.12697011096361, 486.8008162413844]","[-115.47729943598368, -2479.476658322494, -102.41633682411583, 480.0863924676214]","[-140.2857085567802, -2358.9126081579348, -99.23363648318619, 482.25620065823796]","[-166.43998604624448, -2238.027483878814, -104.61710995785711, 483.5404971164826]","[-185.8062488291535, -2134.3136696698216, -77.46505113163607, 414.85525683597007]","[-165.48130997326814, -2024.680363768196, 81.29975542354146, 438.53322360650236]","[-195.92631226781057, -1903.444635390438, -121.78000917816973, 484.9429135110322]","[-226.371314562353, -1782.20890701268, -121.78000917816973, 484.9429135110322]","[-256.8163168568954, -1660.9731786349223, -121.78000917816962, 484.9429135110304]","[-287.26131915143714, -1539.7374502571645, -121.78000917816689, 484.9429135110313]"
656,Robot,"[-317.70632144597886, -1418.501721879407, 0, 0]","[-348.1513237405206, -1297.2659935016488, -121.78000917816689, 484.9429135110322]","[-378.5963260350623, -1176.030265123891, -121.78000917816689, 484.9429135110313]","[-409.041328329604, -1054.7945367461332, -121.78000917816689, 484.9429135110313]","[-439.48633062414575, -933.5588083683754, -121.78000917816689, 484.9429135110313]","[-469.9313329186878, -812.3230799906175, -121.78000917816826, 484.9429135110313]","[-500.3763352132305, -691.0873516128597, -121.78000917817076, 484.9429135110313]","[-530.8213375077725, -569.8516232351019, -121.7800091781678, 484.9429135110313]","[-561.2663398023142, -448.6158948573441, -121.780009178167, 484.94291351103175]","[-591.7113420968559, -327.3801664795871, -121.78000917816689, 484.9429135110279]","[-622.1563443913976, -206.1444381018304, -121.78000917816689, 484.94291351102686]","[-652.6013466859393, -84.90870972407328, -121.78000917816689, 484.94291351102845]","[-683.0463489804811, 36.32701865368382, -121.78000917816689, 484.9429135110284]","[-713.4913512750228, 157.56274703144092, -121.78000917816689, 484.9429135110284]","[-743.9363535695645, 278.7984754091979, -121.78000917816689, 484.942913511028]","[-774.3813558641062, 400.0342037869543, -121.78000917816689, 484.9429135110256]"
657,Robot,"[-804.8263581586484, 521.2699321647108, 0, 0]","[-835.2713604531917, 642.5056605424686, -121.78000917817326, 484.9429135110313]","[-865.716362747735, 763.7413889202264, -121.78000917817326, 484.9429135110313]","[-896.1613650422785, 884.9771172979843, -121.78000917817371, 484.9429135110313]","[-926.6063673368218, 1006.212845675742, -121.78000917817326, 484.94291351103084]","[-957.0513696313652, 1127.4485740535, -121.78000917817371, 484.94291351103175]","[-990.9444231328335, 1247.3484859093371, -135.57221400587332, 479.59964742334887]","[-1050.1231854850855, 1357.4524099377566, -236.71504940900786, 440.41569611367777]","[-1109.3019478373376, 1467.556333966176, -236.71504940900851, 440.41569611367817]","[-1168.4807101895897, 1577.6602579945954, -236.71504940900832, 440.41569611367777]","[-1227.6594725418418, 1687.7641820230149, -236.71504940900832, 440.41569611367777]","[-1286.8382348940938, 1797.8681060514343, -236.71504940900832, 440.41569611367777]","[-1346.016997246346, 1907.9720300798535, -236.71504940900832, 440.41569611367686]","[-1405.195759598598, 2018.0759541082728, -236.71504940900832, 440.41569611367686]","[-1464.37452195085, 2128.1798781366924, -236.71504940900832, 440.4156961136787]","[-1523.553284303102, 2238.283802165112, -236.7150494090074, 440.41569611367777]"
658,Robot,"[-1582.7320466553542, 2348.3877261935318, 0, 0]","[-1641.9108090076063, 2458.4916502219507, -236.71504940900832, 440.41569611367595]","[-1591.0215122415025, 2415.7211764309045, 203.5571870644153, -171.08189516418497]","[-1505.3738810169705, 2324.6745770126586, 342.590524898128, -364.18639767298373]","[-1419.7262497924385, 2233.6279775944126, 342.590524898128, -364.18639767298373]","[-1334.0786185679065, 2142.5813781761667, 342.590524898128, -364.18639767298373]","[-1248.4309873433745, 2051.534778757921, 342.590524898128, -364.18639767298373]","[-1162.7833561188424, 1960.4881793396748, 342.590524898128, -364.18639767298373]","[-1077.1357248943104, 1869.441579921429, 342.5905248981283, -364.18639767298407]","[-991.4880936697772, 1778.394980503183, 342.590524898133, -364.18639767298373]","[-905.8404624452425, 1687.348381084937, 342.59052489813894, -364.18639767298373]","[-820.1928312207076, 1596.301781666691, 342.5905248981394, -364.18639767298373]","[-734.5451999961728, 1505.2551822484452, 342.5905248981394, -364.18639767298373]","[-648.8975687716379, 1414.2085828301992, 342.5905248981394, -364.18639767298373]","[-563.2499375471031, 1323.161983411953, 342.5905248981394, -364.18639767298464]","[-477.6023063225682, 1232.1153839937074, 342.5905248981394, -364.1863976729828]"
659,Robot,"[-391.95467509803336, 1141.0687845754624, 0, 0]","[-306.3070438734985, 1050.0221851572196, 342.5905248981394, -364.186397672971]","[-203.64190529629136, 983.9313894784624, 410.66055430882864, -264.36318271502887]","[-87.60586808484175, 937.4487253093008, 464.14414884579844, -185.93065667664632]","[28.43016912660794, 890.9660611401391, 464.1441488457987, -185.93065667664678]","[144.4662063380576, 844.4833969709775, 464.1441488457986, -185.93065667664632]","[260.5022435495072, 798.000732801816, 464.14414884579855, -185.93065667664632]","[376.53828076095687, 751.5180686326544, 464.14414884579855, -185.93065667664632]","[492.5743179724065, 705.0354044634928, 464.14414884579895, -185.9306566766465]","[608.6103551838562, 658.5527402943312, 464.1441488457988, -185.93065667664632]","[724.6463923953058, 612.0700761251696, 464.14414884579855, -185.93065667664632]","[840.6824296067555, 565.587411956008, 464.14414884579855, -185.93065667664632]","[956.7184668182052, 519.1047477868465, 464.144148845799, -185.93065667664632]","[1072.7545040296548, 472.6220836176849, 464.1441488457981, -185.93065667664632]","[1188.7905412411044, 426.1394194485233, 464.14414884579855, -185.93065667664632]","[1304.826578452554, 379.6567552793617, 464.14414884579855, -185.93065667664655]"
660,Robot,"[1420.8626156640037, 333.1740911102001, 0, 0]","[1536.8986528754533, 286.69142694103857, 464.14414884579855, -185.9306566766461]","[1652.934690086903, 240.208762771877, 464.14414884579855, -185.93065667664632]","[1768.9707272983526, 193.7260986027154, 464.14414884579855, -185.93065667664632]","[1885.0067645098025, 147.24343443355383, 464.14414884579946, -185.93065667664632]","[2001.042801721252, 100.76077026439224, 464.14414884579855, -185.93065667664638]","[2117.0788389327017, 54.27810609523067, 464.14414884579855, -185.93065667664627]","[2233.114876144152, 7.795441926069088, 464.1441488458004, -185.93065667664632]","[2349.150913355601, -38.68722224309249, 464.14414884579713, -185.9306566766465]","[2465.18695056705, -85.16988641225407, 464.14414884579674, -185.93065667664632]","[2581.2229877785003, -131.65255058141565, 464.1441488458004, -185.93065667664632]","[2697.25902498995, -178.13521475057723, 464.14414884579855, -185.93065667664632]","[2813.2950622014, -224.6178789197388, 464.1441488458004, -185.93065667664632]","[2929.331099412849, -271.1005430889004, 464.14414884579674, -185.93065667664632]","[3045.36745923484, -317.5824017119206, 464.1454392879641, -185.92743449208092]","[3161.601743386469, -363.5435124059728, 464.9371366065152, -183.84444277620878]"
661,Robot,"[3277.827658217924, -409.52173017643486, 0, 0]","[3393.8187248881263, -456.0982562677816, 463.9642666808086, -186.306104365387]","[3459.45190048507, -478.949827825656, 262.5327023877744, -91.40628623149746]","[3531.9191095715096, -510.88565033492137, 289.8688363457586, -127.74329003706157]","[3581.0083041926896, -419.8526001667664, 196.35677848472005, 364.1322006726198]","[3604.724445179677, -359.4742401976307, 94.86456394794914, 241.51343987654286]","[3604.724445179677, -359.4742401976307, 0.0, 0.0]","[3604.724445179677, -359.4742401976307, 0.0, 0.0]","[3604.724445179677, -359.4742401976307, 0.0, 0.0]","[3604.724445179677, -359.4742401976307, 0.0, 0.0]","[3604.724445179677, -359.4742401976307, 0.0, 0.0]","[3618.99045739349, -390.5070143400868, 57.06404885525262, -124.13109656982442]","[3724.756072902746, -457.1300927435094, 423.0624620370236, -266.4923136136904]","[3830.521688412002, -523.7531711469318, 423.0624620370236, -266.4923136136895]","[3936.2873039212577, -590.376249550353, 423.0624620370236, -266.4923136136849]","[4042.0529194305136, -656.9993279537753, 423.0624620370236, -266.492313613689]"
662,Robot,"[4156.909110873272, -705.9460950783462, 0, 0]","[4272.377168077431, -753.8206731088399, 461.87222881663547, -191.49831212197478]","[4387.221416422958, -803.171443920376, 459.3769933821095, -197.40308324614443]","[4501.091703042186, -854.7250574013458, 455.4811464769118, -206.21445392387932]","[4612.911371064824, -910.5523798076337, 447.2786720905533, -223.30928962515145]","[4725.571509031417, -953.0649435594462, 450.6405518663705, -170.05025500725014]","[4850.044886052817, -941.6029012943546, 497.893508085599, 45.84816906036622]","[4974.5182630742165, -930.1408590292632, 497.893508085599, 45.84816906036576]","[5098.991640095616, -918.6788167641716, 497.8935080855995, 45.84816906036626]","[5223.465017117016, -907.21677449908, 497.893508085599, 45.84816906036667]","[5347.938394138416, -895.7547322339884, 497.893508085599, 45.84816906036622]","[5472.411771159816, -884.2926899688969, 497.89350808560266, 45.84816906036622]","[5596.885148181215, -872.8306477038053, 497.8935080855954, 45.84816906036622]","[5721.358525202615, -861.3686054387138, 497.893508085599, 45.84816906036622]","[5845.831902224015, -849.9065631736241, 497.893508085599, 45.84816906035849]","[5970.305279245415, -838.4445209085346, 497.893508085599, 45.84816906035803]"
663,Robot,"[6094.778656266814, -826.9824786434452, 0, 0]","[6219.252033288214, -815.5204363783557, 497.893508085599, 45.84816906035803]","[6343.725410309614, -804.0583941132663, 497.893508085599, 45.84816906035758]","[6468.198787331014, -792.5963518481768, 497.893508085599, 45.84816906035803]","[6592.672164352413, -781.1343095830873, 497.893508085599, 45.84816906035803]","[6717.145541373813, -769.6722673179979, 497.893508085599, 45.84816906035758]","[6841.618918395213, -758.2102250529084, 497.893508085599, 45.84816906035803]","[6966.092295416613, -746.748182787819, 497.893508085599, 45.84816906035758]","[7090.565672438012, -735.2861405227295, 497.8935080855995, 45.848169060358074]","[7215.039049459412, -723.82409825764, 497.893508085599, 45.84816906035803]","[7339.512426480812, -712.3620559925506, 497.893508085599, 45.84816906035758]","[7463.985803502212, -700.9000137274611, 497.893508085599, 45.84816906035803]","[7588.459180523611, -689.4379714623717, 497.893508085599, 45.84816906035758]","[7712.932557545011, -677.9759291972822, 497.893508085599, 45.84816906035803]","[7837.405934566411, -666.5138869321927, 497.893508085599, 45.84816906035803]","[7961.879311587811, -655.0518446671033, 497.893508085599, 45.84816906035758]"
664,Robot,"[8080.409885716405, -631.1143958619987, 0, 0]","[8167.740744657774, -541.6810627218161, 349.3234357654728, 357.7333325607301]","[8239.967491747091, -441.787662181785, 288.90698835727017, 399.57360216012466]","[8292.970823751986, -328.581448587402, 212.0133280195805, 452.8248543775319]","[8345.9741557569, -215.37523499301963, 212.01332801965327, 452.8248543775295]","[8382.21646402438, -95.9270322635686, 144.96923306991812, 477.7928109178041]","[8416.173178145853, 24.372350802482767, 135.8268564858954, 481.1975322642055]","[8400.433192032715, 102.33618237040544, -62.95994445255201, 311.85532627169067]","[8275.960330153866, 90.8685472309924, -497.8914475153947, -45.87054055765218]","[8151.487468275018, 79.4009120915793, -497.89144751539425, -45.87054055765242]","[8027.014606396169, 67.93327695216621, -497.89144751539425, -45.87054055765236]","[7902.541744517321, 56.465641812753205, -497.89144751539425, -45.87054055765202]","[7778.068882638472, 44.99800667334012, -497.89144751539425, -45.87054055765233]","[7653.596020759624, 33.530371533927024, -497.89144751539425, -45.87054055765239]","[7529.123158880775, 22.062736394513934, -497.89144751539425, -45.87054055765236]","[7406.050949548694, 2.495067726996727, -492.288837328324, -78.27067467006883]"
665,Robot,"[7282.123798077313, -12.597518734199603, 0, 0]","[7157.569324297228, -23.141856615930013, -498.21789512033865, -42.17735152692164]","[7033.014850517142, -33.68619449766036, -498.21789512034593, -42.177351526921385]","[6908.460376737056, -44.23053237939062, -498.2178951203423, -42.17735152692103]","[6783.905902956971, -54.77487026112083, -498.2178951203423, -42.17735152692086]","[6659.351429176885, -65.31920814285104, -498.2178951203423, -42.17735152692083]","[6534.7969553968, -75.8635460245812, -498.2178951203423, -42.17735152692063]","[6410.242481616714, -86.40788390631106, -498.2178951203423, -42.17735152691944]","[6285.6880078366285, -96.95222178804092, -498.21789512034275, -42.17735152691947]","[6161.133534056543, -107.49655966977066, -498.2178951203423, -42.17735152691898]","[6036.579060276457, -118.04089755150017, -498.2178951203423, -42.17735152691802]","[5911.766157298929, -123.41314611062074, -499.25161191011284, -21.488994236482313]","[5786.7809681897725, -125.33733512133536, -499.94075643662654, -7.696756042858453]","[5661.795779080616, -127.26152413205, -499.94075643662654, -7.696756042858567]","[5536.810589971459, -129.18571314276463, -499.94075643662654, -7.69675604285851]","[5411.825400862303, -131.10990215347925, -499.94075643662654, -7.69675604285851]"
666,Robot,"[5286.840211753146, -133.03409116419388, 0, 0]","[5161.855022643989, -134.9582801749085, -499.94075643662654, -7.69675604285851]","[5036.869833534833, -136.88246918562314, -499.94075643662654, -7.69675604285851]","[4911.884644425676, -138.80665819633776, -499.94075643662654, -7.69675604285851]","[4786.899455316519, -140.7308472070524, -499.94075643662654, -7.69675604285851]","[4661.914266207363, -142.65503621776702, -499.94075643662654, -7.69675604285851]","[4536.929077098206, -144.57922522848165, -499.94075643662654, -7.69675604285851]","[4411.9438879890495, -146.50341423919627, -499.94075643662654, -7.69675604285851]","[4286.958698879893, -148.4276032499109, -499.940756436627, -7.696756042858517]","[4161.973509770736, -150.35179226062553, -499.94075643662654, -7.69675604285851]","[4038.8734532866656, -165.78820739604896, -492.40022593628237, -61.745660541693724]","[3927.777854987665, -221.97912340726864, -444.38239319600325, -224.76366404487874]","[3815.6885709114695, -271.99580677648623, -448.3571363047813, -200.06673347687035]","[3691.9485486425833, -279.52887136210666, -494.9600890755446, -30.13225834248169]","[3580.766629199356, -331.53206500826434, -444.7276777729094, -208.01277458463073]","[3488.054193221162, -414.98336973046224, -370.849743912775, -333.8052188887916]"
667,Robot,"[3423.787114382623, -522.064810511901, 0, 0]","[3323.949498554262, -546.2405415143885, -399.35046331344347, -96.70292400995004]","[3201.32228554576, -522.0007677991302, -490.50885203400685, 96.95909486103301]","[3078.6950725372576, -497.7609940838718, -490.5088520340105, 96.95909486103369]","[2956.0678595287554, -473.5212203686132, -490.50885203400867, 96.95909486103437]","[2833.4406465202533, -449.2814466533545, -490.50885203400867, 96.95909486103483]","[2710.813433511751, -425.0416729380959, -490.50885203400867, 96.95909486103437]","[2588.186220503249, -400.8018992228372, -490.50885203400867, 96.95909486103483]","[2465.5590074947468, -376.56212550757857, -490.5088520340091, 96.95909486103469]","[2342.9317944862446, -352.3223517923199, -490.50885203400867, 96.9590948610346]","[2220.3045814777424, -328.08257807706127, -490.50885203400867, 96.9590948610346]","[2097.6773684692403, -303.84280436180285, -490.50885203400867, 96.95909486103369]","[1975.3513539626483, -278.4792285229246, -489.3040580263678, 101.45430335551305]","[1853.1879428034504, -252.34943748623363, -488.6536446367918, 104.51916414676384]","[1739.9794459472052, -203.86124757411392, -452.8339874249805, 193.95275964847883]","[1647.2634135713413, -154.1680694312181, -370.86412950345584, 198.77271257158327]"
668,Robot,"[1589.1225988615345, -153.04539059987562, 0, 0]","[1575.0830690633834, -187.0055533437237, -56.15811919260432, -135.84065097539235]","[1564.8879569536516, -222.59734470136075, -40.780448438927124, -142.3671654305482]","[1506.0492595237142, -217.25706028581592, -235.35478971974953, 21.361137662179317]","[1410.4367964974874, -180.8452555969088, -382.4498521049072, 145.6472187556285]","[1341.5946691332456, -166.1770159071428, -275.36850945696733, 58.672958759064045]","[1280.829535791477, -157.42017102564972, -243.06053336707464, 35.027379525972265]","[1194.294687961198, -126.9868926476394, -346.1393913211159, 121.73311351204131]","[1081.0982323147896, -73.96272429876046, -452.78582258563387, 212.09667339551592]","[967.9017766683796, -20.938555949881675, -452.78582258563983, 212.09667339551515]","[854.7053210219685, 32.08561239899716, -452.7858225856444, 212.09667339551535]","[741.5088653755573, 85.10978074787599, -452.78582258564484, 212.0966733955153]","[628.3124097291461, 138.13394909675492, -452.78582258564484, 212.09667339551572]","[515.1159540827349, 191.15811744563385, -452.78582258564484, 212.09667339551572]","[401.9194984363251, 244.1822857945128, -452.78582258563915, 212.09667339551584]","[288.7230427899153, 297.2064541433912, -452.78582258563915, 212.09667339551368]"
669,Robot,"[175.52658714350505, 350.2306224922694, 0, 0]","[62.33013149709453, 403.2547908411476, -452.7858225856421, 212.09667339551288]","[-50.8663241493158, 456.2789591900263, -452.7858225856413, 212.0966733955147]","[-164.06277979572627, 509.3031275389053, -452.7858225856419, 212.09667339551606]","[-277.2592354421366, 562.3272958877835, -452.7858225856414, 212.09667339551288]","[-390.4556910885464, 615.3514642366617, -452.78582258563915, 212.09667339551288]","[-503.6521467349562, 668.37563258554, -452.78582258563915, 212.09667339551288]","[-616.8486023813673, 721.3998009344182, -452.7858225856444, 212.09667339551288]","[-730.0450580277785, 774.4239692832964, -452.78582258564523, 212.09667339551308]","[-843.2415136741897, 827.4481376321746, -452.78582258564484, 212.09667339551288]","[-956.4379693206008, 880.4723059810528, -452.7858225856444, 212.09667339551288]","[-1069.634424967011, 933.4964743299312, -452.78582258564074, 212.09667339551333]","[-1182.8308806134194, 986.5206426788092, -452.78582258563347, 212.09667339551197]","[-1296.0273362598275, 1039.5448110276875, -452.78582258563256, 212.09667339551333]","[-1409.223791906236, 1092.568979376566, -452.7858225856344, 212.0966733955138]","[-1522.4202475526445, 1145.5931477254442, -452.78582258563347, 212.09667339551288]"
670,Robot,"[-1635.6167031990528, 1198.6173160743224, 0, 0]","[-1748.8131588454612, 1251.6414844232006, -452.78582258563347, 212.09667339551288]","[-1869.924228306833, 1269.0835366128256, -484.4442778454868, 69.7682087584999]","[-1946.4953594243923, 1228.8749358098662, -306.28452447023756, -160.83440321183753]","[-1999.76244389208, 1148.725984757069, -213.06833787075084, -320.5958042111888]","[-2060.2698478138263, 1074.4014065706351, -242.02961568698538, -297.29831274573553]","[-2084.49830594769, 979.3504899722864, -96.91383253545428, -380.203666393395]","[-2082.217254794313, 870.7074728907132, 9.124204613508482, -434.57206832629254]","[-2070.4977439929025, 759.7271447571534, 46.87804320564105, -443.9213125342398]","[-2114.084832748955, 684.1483967105358, -174.348355024209, -302.31499218647014]","[-2166.2899698068395, 639.4784780066935, -208.82054823153885, -178.67967481536925]","[-2275.95550948988, 631.5950219760688, -438.6621587321624, -31.533824122499027]","[-2394.072803609114, 615.538419886269, -472.4691764769359, -64.22640835919901]","[-2494.0756568036013, 619.8376516441984, -400.01141277794886, 17.196927031717678]","[-2612.456270486777, 597.7207263128383, -473.5224547327034, -88.46770132544043]","[-2734.8736302249536, 572.4424741039746, -489.6694389527056, -101.11300883545482]"
671,Robot,"[-2857.29098996313, 547.1642218951109, 0, 0]","[-2979.7083497013064, 521.8859696862472, -489.6694389527056, -101.11300883545482]","[-3102.1257094394828, 496.6077174773835, -489.6694389527056, -101.11300883545482]","[-3224.543069177659, 471.3294652685198, -489.6694389527056, -101.11300883545482]","[-3346.960428915836, 446.0512130596561, -489.6694389527074, -101.11300883545482]","[-3469.377788654012, 420.7729608507924, -489.6694389527038, -101.11300883545482]","[-3591.7951483921884, 395.4947086419287, -489.6694389527056, -101.11300883545482]","[-3714.2125081303648, 370.216456433065, -489.6694389527056, -101.11300883545482]","[-3836.629867868541, 344.9382042242013, -489.66943895270606, -101.1130088354549]","[-3959.0472276067176, 319.65995201533696, -489.6694389527056, -101.11300883545732]","[-4081.464587344894, 294.38169980647183, -489.6694389527056, -101.1130088354605]","[-4203.88194708306, 269.10344759760767, -489.6694389526656, -101.11300883545664]","[-4326.299306821225, 243.8251953887436, -489.66943895266013, -101.1130088354563]","[-4448.71666655939, 218.5469431798792, -489.66943895266013, -101.11300883545755]","[-4571.134026297556, 193.2686909710152, -489.66943895266377, -101.11300883545607]","[-4693.5513860357205, 167.99043876215148, -489.6694389526565, -101.11300883545482]"
672,Robot,"[-4815.9687457738855, 142.71218655328778, 0, 0]","[-4938.386105512051, 117.43393434442422, -489.66943895266013, -101.11300883545425]","[-5060.803465250216, 92.1556821355609, -489.66943895266013, -101.11300883545329]","[-5183.220824988381, 66.8774299266979, -489.66943895266013, -101.11300883545198]","[-5305.638184726546, 41.599177717835296, -489.66943895266013, -101.11300883545042]","[-5424.931401950206, 39.45789065373101, -477.1728688946423, -8.565148256417132]","[-5536.145269240123, 96.52342948776582, -444.8554691596655, 228.26215533613924]","[-5647.308981139522, 153.50804745596142, -444.65484759759784, 227.93847187278237]","[-5759.938132593166, 206.5022547788455, -450.5166058145773, 211.97682929153652]","[-5870.902483657725, 264.0514753888833, -443.85740425823315, 230.19688244015128]","[-5981.866834722283, 321.60069599892114, -443.85740425823315, 230.19688244015128]","[-6092.831185786841, 379.14991660895976, -443.85740425823315, 230.19688244015447]","[-6203.795536851399, 436.699137218999, -443.85740425823315, 230.19688244015697]","[-6314.759887915958, 494.2483578290386, -443.85740425823315, 230.19688244015833]","[-6324.379981218232, 522.1251985647102, -38.480373209098616, 111.50736294268654]","[-6208.759091303096, 474.6193061382944, 462.4835596605444, -190.02356970566325]"
673,Robot,"[-6093.138201387961, 427.1134137118783, 0, 0]","[-5977.517311472826, 379.6075212854622, 462.4835596605408, -190.02356970566439]","[-5861.896421557691, 332.10162885904657, 462.4835596605408, -190.02356970566257]","[-5746.275531642556, 284.5957364326319, 462.48355966053714, -190.0235697056587]","[-5630.65464172742, 237.089844006217, 462.4835596605444, -190.0235697056596]","[-5515.033751812285, 189.58395157980232, 462.4835596605408, -190.0235697056587]","[-5399.41286189715, 142.07805915338764, 462.4835596605408, -190.0235697056587]","[-5283.791971982015, 94.57216672697314, 462.4835596605408, -190.02356970565802]","[-5168.17108206688, 47.06627430055888, 462.48355966053754, -190.0235697056572]","[-5052.550192151744, -0.4396181258550495, 462.4835596605444, -190.02356970565572]","[-4936.929302236609, -47.94551055226868, 462.4835596605408, -190.02356970565452]","[-4821.308412321474, -95.451402978682, 462.4835596605408, -190.02356970565327]","[-4705.687522406339, -142.95729540509478, 462.4835596605408, -190.02356970565114]","[-4590.066632491204, -190.46318783150727, 462.4835596605408, -190.02356970564995]","[-4474.445742576068, -237.9690802579191, 462.4835596605408, -190.02356970564733]","[-4358.824852660933, -285.47497268433034, 462.4835596605408, -190.02356970564495]"
674,Robot,"[-4243.203962745798, -332.98086511074075, 0, 0]","[-4127.58307283066, -380.4867575371501, 462.4835596605517, -190.02356970563733]","[-4006.52026375837, -407.0440049540636, 484.25123628915935, -106.2289896676541]","[-3882.3963751601873, -421.8176395531359, 496.4955543927317, -59.09453839628918]","[-3758.272486562005, -436.5912741522081, 496.4955543927299, -59.094538396288726]","[-3634.148597963821, -451.3649087512803, 496.49555439273536, -59.094538396288954]","[-3510.0247093656385, -466.13854335035256, 496.4955543927299, -59.094538396288954]","[-3385.900820767456, -480.9121779494248, 496.4955543927299, -59.094538396288954]","[-3261.7769321692726, -495.685812548497, 496.495554392734, -59.094538396288776]","[-3137.6530435710897, -510.4594471475693, 496.4955543927317, -59.09453839628918]","[-3013.529154972907, -525.2330817466416, 496.4955543927317, -59.09453839628918]","[-2889.405266374724, -540.0067163457138, 496.4955543927317, -59.094538396288954]","[-2765.281377776541, -554.780350944786, 496.4955543927317, -59.094538396288954]","[-2641.157489178358, -569.5539855438583, 496.4955543927317, -59.094538396288954]","[-2517.033600580175, -584.3276201429305, 496.4955543927317, -59.094538396288954]","[-2392.909711981992, -599.1012547420028, 496.4955543927317, -59.094538396288954]"
675,Robot,"[-2268.785823383809, -613.874889341075, 0, 0]","[-2144.6619347856263, -628.6485239401472, 496.4955543927317, -59.094538396288954]","[-2020.5380461874447, -643.4221585392195, 496.49555439272626, -59.094538396288954]","[-1896.4141575892677, -658.1957931382917, 496.4955543927081, -59.094538396288954]","[-1772.2902689910902, -672.969427737364, 496.4955543927099, -59.094538396288954]","[-1648.166380392913, -687.7430623364362, 496.495554392709, -59.094538396288954]","[-1524.0424917947355, -702.5166969355084, 496.4955543927099, -59.094538396288954]","[-1399.9186031965585, -717.2903315345807, 496.4955543927081, -59.094538396288954]","[-1275.7947145983812, -732.0639661336529, 496.49555439270944, -59.094538396289]","[-1151.670826000204, -746.8376007327252, 496.495554392709, -59.094538396288954]","[-1027.5469374020267, -761.6112353317983, 496.495554392709, -59.09453839629259]","[-903.4230488038496, -776.3848699308718, 496.4955543927085, -59.094538396293956]","[-779.2991602056723, -791.1585045299453, 496.49555439270944, -59.094538396293956]","[-655.175271607495, -805.9321391290189, 496.495554392709, -59.09453839629441]","[-531.0513830093178, -820.7057737280924, 496.495554392709, -59.094538396293956]","[-406.92749441113926, -835.4794083271661, 496.495554392714, -59.094538396294865]"
676,Robot,"[-282.8036058129606, -850.2530429262397, 0, 0]","[-158.67971721478193, -865.0266775253135, 496.49555439271467, -59.09453839629532]","[-34.555828616603264, -879.8003121243871, 496.49555439271467, -59.09453839629441]","[89.56805998157539, -894.5739467234607, 496.4955543927146, -59.09453839629441]","[213.69194857975404, -909.3475813225346, 496.4955543927146, -59.09453839629532]","[337.8158371779327, -924.1212159216082, 496.49555439271455, -59.09453839629441]","[461.93972577611135, -938.894850520682, 496.49555439271467, -59.09453839629532]","[586.0636143742892, -953.6684851197556, 496.49555439271126, -59.09453839629441]","[710.1875029724664, -968.442119718829, 496.49555439270944, -59.09453839629355]","[834.0962941542854, -961.456973626167, 495.6351647272759, 27.940584370647684]","[957.903863022524, -944.2324013256296, 495.2302754729544, 68.89828920214995]","[1081.7114318907625, -927.007829025092, 495.23027547295396, 68.89828920215041]","[1205.519000759001, -909.7832567245546, 495.2302754729544, 68.8982892021495]","[1329.3265696272397, -892.5586844240171, 495.2302754729544, 68.89828920214995]","[1453.1341384954785, -875.3341121234796, 495.2302754729553, 68.89828920214995]","[1576.941707363717, -858.1095398229421, 495.2302754729535, 68.89828920214995]"
677,Robot,"[1700.7492762319555, -840.8849675224046, 0, 0]","[1824.556845100194, -823.6603952218671, 495.2302754729544, 68.89828920214995]","[1948.3644139684327, -806.4358229213296, 495.2302754729544, 68.89828920214995]","[2072.1719828366704, -789.2112506207922, 495.2302754729508, 68.89828920214995]","[2195.9795517049038, -771.9866783202547, 495.2302754729335, 68.89828920214995]","[2319.787120573136, -754.7621060197172, 495.23027547292804, 68.89828920214995]","[2443.594689441369, -737.5375337191807, 495.2302754729335, 68.89828920214586]","[2567.402258309602, -720.3129614186454, 495.2302754729317, 68.89828920214131]","[2691.209827177835, -703.0883891181102, 495.23027547293214, 68.89828920214092]","[2815.017396046068, -685.8638168175748, 495.2302754729317, 68.89828920214131]","[2938.824964914301, -668.6392445170395, 495.2302754729317, 68.89828920214131]","[3062.6325337825338, -651.4146722165042, 495.2302754729317, 68.89828920214131]","[3186.4401026507667, -634.190099915969, 495.2302754729317, 68.89828920214086]","[3310.247671519, -616.9655276154336, 495.2302754729335, 68.89828920214131]","[3434.0552403872325, -599.7409553148983, 495.23027547292986, 68.89828920214131]","[3557.862809255465, -582.5163830143631, 495.23027547292986, 68.89828920214086]"
678,Robot,"[3681.547143742029, -564.687408026336, 0, 0]","[3805.21588333612, -546.5879920140227, 494.67495837636307, 72.39766404925331]","[3928.791483066167, -530.4693577492939, 494.30239892018835, 64.4745370589153]","[4046.7785515058167, -491.6572011060077, 471.9482737585986, 155.24862657314475]","[4168.580149809969, -468.150446264524, 487.2063932166093, 94.02701936593462]","[4282.55227234227, -422.7094023407652, 455.888490129204, 181.7641756950352]","[4352.292371330856, -386.44981010127617, 278.9603959543456, 145.0383689579562]","[4466.18780325326, -344.91250017625424, 455.58172768961595, 166.14923970008772]","[4589.209978862161, -332.14021174270886, 492.08870243560204, 51.08915373418158]","[4706.712427586135, -304.51450025595284, 470.00979489589736, 110.50284594702407]","[4820.150135827913, -278.36642271888, 453.7508329671109, 104.59231014829129]","[4929.838854337089, -257.4823403704372, 438.7548740367056, 83.53632939377121]","[5054.162509283263, -255.7458075612892, 497.2946197846941, 6.946131236592009]","[5164.787320487563, -222.12319491504664, 442.49924481720154, 134.4904505849703]","[5289.650024747608, -227.98024919749852, 499.45081704017866, -23.428217129807535]","[5414.5127290076525, -233.83730347995, 499.45081704017866, -23.428217129805944]"
679,Robot,"[5539.375433267697, -239.69435776240132, 0, 0]","[5660.767504272177, -222.44526942527943, 485.5682840179179, 68.99635334848756]","[5778.399722583127, -180.16452658361973, 470.5288732438021, 169.1229713666388]","[5896.031940894078, -137.88378374196003, 470.5288732438021, 169.1229713666388]","[6013.664159205028, -95.6030409003006, 470.5288732438021, 169.12297136663773]","[6131.296377515979, -53.32229805864132, 470.5288732438021, 169.1229713666371]","[6248.928595826929, -11.041555216982315, 470.5288732438021, 169.12297136663602]","[6366.56081413788, 31.239187624676585, 470.5288732438021, 169.1229713666356]","[6484.19303244883, 73.5199304663353, 470.5288732438025, 169.12297136663497]","[6601.825250759781, 115.80067330799388, 470.5288732438021, 169.12297136663432]","[6719.457469070731, 158.08141614965217, 470.5288732438021, 169.12297136663318]","[6837.089687381682, 200.36215899131045, 470.5288732438021, 169.12297136663312]","[6954.721905692632, 242.64290183296836, 470.5288732438021, 169.12297136663165]","[7072.354124003583, 284.9236446746259, 470.5288732438021, 169.12297136663017]","[7189.986342314533, 327.2043875162835, 470.5288732438021, 169.12297136663028]","[7307.618560625484, 369.48513035794105, 470.5288732438021, 169.12297136663028]"
680,Robot,"[7425.250778936434, 411.76587319959793, 0, 0]","[7542.882997247385, 454.0466160412541, 470.5288732438057, 169.1229713666246]","[7660.515215558335, 496.32735888291023, 470.52887324379844, 169.1229713666246]","[7778.147433869286, 538.6081017245655, 470.5288732438057, 169.12297136662096]","[7895.779652180241, 580.8888445662202, 470.52887324382027, 169.1229713666189]","[8013.411870491201, 623.1695874078749, 470.52887324383846, 169.1229713666189]","[8131.04408880216, 665.4503302495297, 470.52887324383846, 169.1229713666189]","[8248.676307113126, 707.7310730911844, 470.5288732438639, 169.1229713666189]","[8366.3085254241, 750.0118159328416, 470.52887324389343, 169.12297136662906]","[8341.739754780681, 738.5136219187953, -98.27508257367299, -45.99277605618545]","[8233.488289492498, 693.5767555535465, -433.0058611527347, -179.74746546099504]","[8118.60644660302, 644.3105178819211, -459.52737155790965, -197.06495068650156]","[8003.732229702887, 595.0425050974061, -459.49686760053373, -197.07205113806003]","[7888.850167932678, 545.776777827568, -459.52824708083426, -197.06290907935227]","[7773.96810616247, 496.51105055773, -459.52824708083426, -197.06290907935204]","[7659.104649235673, 447.2027029590004, -459.4538277071879, -197.2333903949184]"
681,Robot,"[7544.219161755535, 397.9449648212219, 0, 0]","[7429.434289279715, 348.7112158944863, -459.1394899032821, -196.93499570694235]","[7326.800675444546, 302.49898804902807, -410.5344553406758, -184.84891138183298]","[7243.311778088622, 261.6418786637275, -333.9555894236946, -163.42843754120236]","[7177.200486250385, 222.89550752562988, -264.44516735294746, -154.9854845523904]","[7126.665908743839, 182.26546635456776, -202.13831002618463, -162.52016468424847]","[7089.102622919441, 145.6603670190844, -150.25314329759203, -146.4203973419335]","[7062.887059673269, 113.6191953599657, -104.86225298469071, -128.16468663647476]","[7046.675996180439, 85.60189442488884, -64.84425397131787, -112.06920374030754]","[7039.285166609196, 61.13224804715371, -29.56331828497423, -97.87858551094052]","[7039.67045085396, 39.79034252206413, 1.5411369790563185, -85.36762210035832]","[7046.911289517176, 21.20591622239137, 28.963354652863927, -74.33770519869104]","[7060.196061598464, 5.052493397443224, 53.13908832515517, -64.61369129979258]","[7078.809192614161, -8.957790003618024, 74.4525240627845, -56.04113360424499]","[7102.119788360977, -21.078749883363503, 93.24238298726414, -48.48383951898192]","[7129.571613774148, -31.53417880153612, 109.80730165268687, -41.82171567269047]"
682,Robot,"[7160.674257698133, -40.521395494, 0, 0]","[7194.995343226603, -48.21437512211027, 137.28434211387867, -30.77191851244109]","[7232.153659877464, -54.76650969217025, 148.6332666034432, -26.208538280239935]","[7271.813108511807, -60.31304227397677, 158.63779453737152, -22.186130327226067]","[7313.677362815886, -64.97321351533427, 167.4570172163185, -18.640684965429983]","[7357.485162547525, -68.852154417618, 175.2311989265545, -15.515763609134922]","[7403.006163783542, -72.04255533654084, 182.08400494407033, -12.76160367569139]","[7450.03728025237, -74.62613764063246, 188.1244658753094, -10.334329216366484]","[7498.39945763662, -76.67495134299455, 193.44870953700246, -8.195254809448336]","[7547.934829607709, -78.25251927130357, 198.1414878843534, -6.310271713236091]","[7598.504210418149, -79.41484591400985, 202.27752324176254, -4.649306570825104]","[7649.984884223165, -80.21130693937589, 205.92269522006245, -3.18584410146417]","[7702.268656016417, -80.68543349492971, 209.13508717300647, -1.8965062222152937]","[7755.260133220346, -80.87560372849993, 211.96590881571683, -0.760680934280856]","[7828.132147090974, -84.13985453831702, 291.488055482514, -13.057003239268397]","[7911.369158612634, -89.71361391008601, 332.9480460866398, -22.295037487075945]"
683,Robot,"[7960.298731638227, -88.15310726283165, 0, 0]","[8010.331134993585, -86.55040264074498, 200.1296134214317, 6.410818488346706]","[8061.335891467656, -84.91066432985494, 204.01902589628662, 6.558953243560154]","[8147.346208132977, -88.07630938562994, 344.04126666128286, -12.662580223100008]","[8195.942515787092, -85.58563488328039, 194.385230616459, 9.962698009398196]","[8245.660896465963, -83.17192331428019, 198.87352271548298, 9.654846276000796]","[8296.38773331469, -80.82740039734985, 202.90734739491018, 9.378091667721378]","[8348.003210125233, -78.55121593394294, 206.46190724217013, 9.104737853627626]","[8400.401409298, -76.35767155121191, 209.59279669106783, 8.774177530924142]","[8453.48911271759, -74.23737482110866, 212.35081367836392, 8.481186920412995]","[8507.184312106057, -72.17381084013918, 214.78079755386716, 8.254255923877906]","[8561.414820561993, -70.14998081027775, 216.92203382374282, 8.095320119445717]","[8616.116928923171, -68.15686802245851, 218.80843344471214, 7.972451151276971]","[8671.234478383196, -66.18723659379786, 220.470197840099, 7.878525714642592]","[8726.71795380891, -64.23564415264559, 221.9339017028542, 7.806369764609087]","[8782.523730055062, -62.29695778388204, 223.22310498460865, 7.754745475054193]"
684,Robot,"[8838.613310359375, -60.36829966220369, 0, 0]","[8890.44990014569, -58.35887961464593, 207.34635914526007, 8.037680190231043]","[8890.683676477853, -88.05198363302867, 0.9351053286518436, -118.77241607353096]","[8863.968261523958, -128.5615441243551, -106.8616598155786, -162.0382419653057]","[8806.318489868063, -163.25120062897204, -230.59908662358066, -138.7586260184678]","[8693.718627963794, -180.2679971961162, -450.3994476170774, -68.06718626857662]","[8569.296934291246, -192.27808227730355, -497.68677469019167, -48.04034032474942]","[8444.875240618698, -204.28816735849085, -497.68677469019167, -48.040340324749195]","[8320.45354694615, -216.2982524396788, -497.6867746901921, -48.04034032475185]","[8196.031853273602, -228.30833752086684, -497.68677469019167, -48.04034032475215]","[8071.610159601054, -240.31842260205488, -497.68677469019167, -48.04034032475215]","[7947.188465928506, -252.3285076832429, -497.68677469019167, -48.04034032475204]","[7822.766772255958, -264.3385927644309, -497.68677469019167, -48.04034032475215]","[7698.34507858341, -276.34867784561897, -497.68677469019167, -48.04034032475215]","[7573.923384910862, -288.358762926807, -497.68677469019167, -48.04034032475215]","[7449.501691238314, -300.36884800799504, -497.68677469019167, -48.04034032475215]"
685,Robot,"[7325.0799975657665, -312.3789330891831, 0, 0]","[7200.6583038932185, -324.3890181703711, -497.68677469019167, -48.04034032475215]","[7076.236610220671, -336.39910325155915, -497.68677469019167, -48.04034032475215]","[6951.814916548123, -348.4091883327472, -497.68677469019167, -48.04034032475215]","[6827.393222875575, -360.4192734139352, -497.68677469019167, -48.040340324751924]","[6702.971529203027, -372.42935849512327, -497.68677469019167, -48.04034032475238]","[6578.549835530479, -384.43944357631176, -497.68677469019167, -48.04034032475397]","[6454.128141857931, -396.4495286575012, -497.68677469019167, -48.040340324757835]","[6329.706448185383, -408.4596137386907, -497.6867746901921, -48.04034032475788]","[6205.284754512835, -420.46969881988014, -497.68677469019167, -48.040340324757835]","[6080.863060840287, -432.4797839010696, -497.68677469019167, -48.040340324757835]","[5956.441367167739, -444.4898689822591, -497.68677469019167, -48.04034032475806]","[5832.019673495192, -456.4999540634485, -497.68677469018803, -48.04034032475761]","[5707.597979822644, -468.510039144638, -497.68677469019167, -48.040340324757835]","[5588.34765395118, -505.2375250228425, -477.0013034858566, -146.90994351281802]","[5469.547012236333, -544.1143501007886, -475.20256685938875, -155.50730031178432]"
686,Robot,"[5350.746370521486, -582.9911751787349, 0, 0]","[5231.945728806639, -621.8680002566813, -475.20256685938875, -155.50730031178546]","[5113.145087091792, -660.7448253346276, -475.2025668593851, -155.50730031178546]","[4994.344445376944, -699.621650412574, -475.2025668593924, -155.50730031178546]","[4875.543803662097, -738.4984754905204, -475.20256685938875, -155.50730031178546]","[4756.74316194725, -777.3753005684667, -475.20256685938875, -155.50730031178546]","[4637.942520232403, -816.2521256464131, -475.20256685938875, -155.50730031178546]","[4519.141878517556, -855.1289507243595, -475.20256685938875, -155.50730031178546]","[4400.341236802708, -894.0057758023058, -475.20256685938915, -155.5073003117856]","[4281.540595087861, -932.8826008802522, -475.20256685938875, -155.50730031178546]","[4162.739953373014, -971.7594259581986, -475.20256685938875, -155.50730031178546]","[4043.939311658167, -1010.6362510361448, -475.20256685938875, -155.507300311785]","[3925.13866994332, -1049.5130761140897, -475.20256685938693, -155.50730031177955]","[3806.338028228473, -1088.389901192033, -475.20256685938875, -155.50730031177318]","[3687.537386513625, -1127.2667262699763, -475.2025668593924, -155.50730031177318]","[3568.736744798778, -1166.14355134792, -475.20256685938693, -155.507300311775]"
687,Robot,"[3449.936103083931, -1205.020376425865, 0, 0]","[3331.135461369084, -1243.8972015038123, -475.20256685938693, -155.50730031178955]","[3212.3348196542365, -1282.7740265817597, -475.2025668593906, -155.50730031178955]","[3093.5341779393893, -1321.6508516597069, -475.20256685938875, -155.50730031178864]","[2977.4780262989443, -1366.5604250818549, -464.2246065617801, -179.63829368859206]","[2870.112759894106, -1430.5737015939717, -429.46106561935267, -256.05310604846727]","[2762.747493489268, -1494.586978106088, -429.46106561935267, -256.05310604846545]","[2655.38222708443, -1558.6002546182046, -429.46106561935267, -256.05310604846636]","[2548.016960679592, -1622.6135311303212, -429.46106561935125, -256.0531060484666]","[2440.651694274753, -1686.6268076424378, -429.4610656193563, -256.05310604846636]","[2333.286427869912, -1750.6400841545544, -429.4610656193636, -256.05310604846636]","[2225.921161465071, -1814.653360666671, -429.4610656193654, -256.05310604846636]","[2118.55589506023, -1878.666637178788, -429.4610656193636, -256.0531060484682]","[2011.190628655388, -1942.679913690904, -429.4610656193672, -256.05310604846363]","[1903.825362250544, -2006.6931902030208, -429.4610656193763, -256.05310604846727]","[1796.4600958457002, -2070.7064667151376, -429.4610656193754, -256.05310604846727]"
688,Robot,"[1689.0948294408563, -2134.719743227254, 0, 0]","[1581.7295630360125, -2198.733019739371, -429.4610656193754, -256.05310604846636]","[1474.7849899763326, -2263.260963127744, -427.7782922387196, -258.11177355349355]","[1368.5683229228305, -2327.182648397217, -424.8666682140083, -255.68674107789047]","[1263.1740140676743, -2390.6508546021423, -421.5772354206247, -253.87282481970215]","[1162.0983190316815, -2443.8831496786484, -404.3027801439712, -212.92918030602414]","[1069.5546050341966, -2484.0645140405563, -370.1748559899397, -160.72545744763192]","[980.3078084656016, -2520.462038723121, -356.98718627437984, -145.59009873025934]","[882.4729271730147, -2573.5779964569665, -391.3395251703481, -212.46383093538154]","[781.9908646958987, -2634.035299163539, -401.92824990846384, -241.82921082629036]","[685.720070788949, -2688.581519648896, -385.08317562779894, -218.1848819414281]","[605.4919467338083, -2716.706011536746, -320.91249622056284, -112.49796755139869]","[512.2115763373389, -2773.498698660473, -373.1214815858775, -227.17074849490928]","[443.2158668875133, -2844.9274848683485, -275.9828377993024, -285.7151448315017]","[409.93037461532856, -2858.838238787475, -133.14196908873896, -55.643015676505456]","[370.8525399946465, -2879.374416052937, -156.31133848272816, -82.1447090618476]"
689,Robot,"[297.8738328856751, -2910.063658029778, 0, 0]","[247.13692511386645, -2898.3723123629334, -202.94763108723453, 46.76538266737771]","[187.49691319482795, -2889.50280642248, -238.560047676154, 35.478023761814256]","[123.02104827228924, -2881.2261815979614, -257.9034596901549, 33.106499298073686]","[82.51249201334305, -2897.402130180128, -162.03422503578474, -64.70379432866685]","[50.61488882439173, -2875.725749829559, -127.59041275580529, 86.70552140227664]","[12.932872661339346, -2884.7122918297155, -150.72806465220953, -35.94616800062613]","[-23.64928402698549, -2902.415229058197, -146.32862675329935, -70.81174891392584]","[-60.15147096573714, -2919.744614508565, -146.00874775500674, -69.3175418014726]","[-100.24137894708888, -2891.857889187922, -160.35963192540694, 111.54690128257243]","[-137.48932316008592, -2888.811272990619, -148.99177685198816, 12.18646478921255]","[-172.03769902518067, -2893.468651567889, -138.19350346037902, -18.62951430908106]","[-206.86802835749884, -2902.941327135931, -139.3213173292727, -37.89070227216689]","[-235.67798999095805, -2914.556833036838, -115.23984653383684, -46.46202360362804]","[-257.02090356804086, -2926.7966408206034, -85.37165430833124, -48.95923113506251]","[-278.2932253762475, -2945.435966509365, -85.08928723282656, -74.55730275504538]"
690,Robot,"[-292.3343685865025, -2958.8502063786777, 0, 0]","[-304.47721293075114, -2965.7000183966456, -48.57137737699463, -27.399248071871625]","[-317.0521724011544, -2969.2223351822813, -50.29983788161303, -14.089267142542667]","[-326.8954944248211, -2975.311032511874, -39.373288094666805, -24.35478931837133]","[-336.6983437013844, -2984.874148560567, -39.211397106253116, -38.252464194771164]","[-354.2649180609536, -2953.9363596572302, -70.26629743827698, 123.75115561334678]","[-354.2649180609536, -2953.9363596572302, 0.0, 0.0]","[-354.2649180609536, -2953.9363596572302, 0.0, 0.0]","[-354.2649180609536, -2953.9363596572302, 0.0, 0.0]","[-354.2649180609536, -2953.9363596572302, 0.0, 0.0]","[-354.2649180609536, -2953.9363596572302, 0.0, 0.0]","[-368.4369857046534, -2973.9621948545287, -56.68827057479916, -80.10334078919368]","[-407.5771149607808, -3090.554533689889, -156.56051702450964, -466.3693553414414]","[-422.06305968650986, -3214.682089207788, -57.943778902916165, -496.5102220715962]","[-441.13177802592026, -3338.2190633527507, -76.27487335764158, -494.14789657985057]","[-451.6168155733151, -3444.789150701946, -41.9401501895793, -426.28034939678037]"
691,Robot,"[-363.38952401253033, -3356.240039899809, 0, 0]","[-275.16223245174467, -3267.690929097672, 352.90916624314264, 354.19644320854786]","[-186.9349408909596, -3179.141818295535, 352.90916624314025, 354.19644320854786]","[-98.7076493301745, -3090.592707493398, 352.9091662431404, 354.19644320854786]","[-10.480357769389148, -3002.043596691261, 352.90916624314144, 354.19644320854786]","[77.74693379139636, -2913.494485889124, 352.909166243142, 354.19644320854786]","[165.97422535218203, -2824.9453750869898, 352.9091662431427, 354.19644320853695]","[254.2015169129677, -2736.3962642848583, 352.90916624314264, 354.19644320852603]","[342.4288084737533, -2647.847153482728, 352.90916624314275, 354.1964432085209]","[430.656100034539, -2559.298042680596, 352.90916624314286, 354.19644320852785]","[518.8833915953246, -2470.7489318784646, 352.9091662431424, 354.19644320852603]","[607.1106831561098, -2382.199821076334, 352.9091662431406, 354.1964432085224]","[695.3379747168948, -2293.6507102742034, 352.90916624314013, 354.1964432085224]","[783.5652662776799, -2205.101599472073, 352.9091662431406, 354.1964432085224]","[871.792557838465, -2116.5524886699422, 352.90916624314013, 354.1964432085224]","[960.01984939925, -2028.0033778678112, 352.90916624314013, 354.1964432085242]"
692,Robot,"[1048.2471409600362, -1939.45426706568, 0, 0]","[1136.4744325208233, -1850.9051562635489, 352.9091662431483, 354.1964432085242]","[1224.7017240816103, -1762.3560454614174, 352.9091662431483, 354.19644320852603]","[1312.9290156423974, -1673.806934659286, 352.9091662431483, 354.1964432085251]","[1401.1563072031845, -1585.2578238571548, 352.9091662431483, 354.1964432085251]","[1489.3835987639716, -1496.7087130550235, 352.9091662431483, 354.1964432085251]","[1577.6108903247568, -1408.1596022528922, 352.90916624314104, 354.1964432085251]","[1682.5390592738866, -1340.9669720304028, 419.71267579651885, 268.7705208899579]","[1789.7446205941544, -1276.6865891596826, 428.82224528107184, 257.12153148288075]","[1896.9501819144225, -1212.4062062889625, 428.82224528107236, 257.1215314828805]","[2004.15574323469, -1148.1258234182424, 428.8222452810696, 257.1215314828805]","[2111.3613045549578, -1083.8454405475222, 428.82224528107145, 257.1215314828805]","[2218.5668658752256, -1019.565057676802, 428.82224528107145, 257.121531482881]","[2325.772427195493, -955.284674806082, 428.8222452810696, 257.1215314828801]","[2432.9779885157614, -891.0042919353618, 428.82224528107326, 257.1215314828805]","[2540.183549836029, -826.7239090646417, 428.82224528107145, 257.1215314828805]"
693,Robot,"[2647.389111156297, -762.4435261939216, 0, 0]","[2754.594672476565, -698.1631433232014, 428.82224528107145, 257.1215314828805]","[2861.800233796833, -633.8827604524813, 428.82224528107145, 257.1215314828805]","[2969.0057951171007, -569.6023775817612, 428.82224528107145, 257.1215314828805]","[3076.2113564373685, -505.3219947110409, 428.82224528107145, 257.1215314828812]","[3183.4169177576364, -441.0416118403193, 428.82224528107145, 257.1215314828862]","[3290.622479077904, -376.76122896959777, 428.8222452810696, 257.1215314828862]","[3397.828040398172, -312.4808460988762, 428.82224528107326, 257.1215314828862]","[3505.03360171844, -248.2004632281548, 428.82224528107184, 257.12153148288587]","[3612.239163038708, -183.92008035743396, 428.82224528107145, 257.12153148288337]","[3719.444724358976, -119.63969748671308, 428.82224528107326, 257.12153148288354]","[3826.650285679244, -55.35931461599225, 428.82224528107145, 257.1215314828833]","[3933.855846999512, 8.92106825472866, 428.82224528107145, 257.1215314828836]","[4041.0614083197793, 73.20145112544962, 428.8222452810696, 257.1215314828838]","[4148.266969640042, 137.48183399617048, 428.8222452810496, 257.1215314828834]","[4255.472530960298, 201.7622168668913, 428.82224528102597, 257.12153148288326]"
694,Robot,"[4362.678092280555, 266.0425997376115, 0, 0]","[4469.883653600811, 330.32298260833164, 428.82224528102597, 257.1215314828805]","[4577.089214921071, 394.6033654790518, 428.8222452810405, 257.1215314828805]","[4684.2947762413405, 458.8837483497719, 428.8222452810769, 257.1215314828805]","[4788.143974084877, 522.1666606890755, 415.39679137414714, 253.1316493572142]","[4860.961334398958, 584.1766238853055, 291.26944125632144, 248.03985278492019]","[4912.998092641174, 672.1116556993778, 208.14703296886364, 351.74012725628927]","[4937.098895656661, 743.1557143256289, 96.40321206194858, 284.17623450500423]","[4934.156693433052, 794.4007208354951, -11.768808894434198, 204.98002603946514]","[4908.462507732423, 829.5451640837111, -102.77674280251813, 140.57777299286408]","[4863.631465472759, 851.4733058800716, -179.32416903865305, 87.71256718544191]","[4828.3810652280845, 882.8217869827558, -141.00160097869957, 125.39392441073687]","[4891.383358891758, 987.494596760716, 252.0091746546932, 418.6912391118408]","[4949.780267413493, 1088.6787378802592, 233.58763408693994, 404.73656447817257]","[4977.683474922603, 1204.784290318849, 111.61283003643985, 464.42220975435885]","[5006.295816811377, 1297.2667580664024, 114.44936755509843, 369.9298709902141]"
695,Robot,"[5127.901965495383, 1273.894241603936, 0, 0]","[5250.345679182854, 1248.7439537642138, 489.774854749885, -100.60115135888918]","[5372.789392870325, 1223.5936659244887, 489.774854749885, -100.6011513589001]","[5495.233106557796, 1198.4433780847637, 489.774854749885, -100.6011513589001]","[5613.911684150551, 1227.0031256657044, 474.71431037101866, 114.23899032376266]","[5731.648977719627, 1268.9903821018115, 470.9491742763021, 167.94902574442858]","[5849.386271288702, 1310.977638537919, 470.9491742763021, 167.9490257444295]","[5967.123564857778, 1352.9648949740258, 470.9491742763021, 167.94902574442767]","[6084.860858426853, 1394.952151410133, 470.9491742763025, 167.94902574442872]","[6202.598151995929, 1436.93940784624, 470.9491742763021, 167.94902574442858]","[6320.335445565004, 1478.9266642823472, 470.9491742763021, 167.94902574442858]","[6438.07273913408, 1520.9139207184544, 470.9491742763021, 167.94902574442858]","[6555.810032703155, 1562.9011771545615, 470.9491742763021, 167.94902574442858]","[6673.547326272231, 1604.888433590669, 470.9491742763021, 167.9490257444295]","[6791.284619841306, 1646.8756900267758, 470.9491742763021, 167.94902574442767]","[6909.021913410382, 1688.862946462883, 470.9491742763021, 167.94902574442858]"
696,Robot,"[7026.759206979457, 1730.85020289899, 0, 0]","[7144.496500548533, 1772.8374593350973, 470.9491742763021, 167.9490257444295]","[7262.233794117608, 1814.8247157712044, 470.9491742763021, 167.94902574442858]","[7379.971087686684, 1856.811972207312, 470.9491742763021, 167.9490257444304]","[7497.708381255759, 1898.7992286434187, 470.9491742763021, 167.94902574442676]","[7615.445674824835, 1940.7864850795256, 470.9491742763021, 167.94902574442767]","[7665.371027712634, 1974.3023113186275, 199.70141155119563, 134.0633049564076]","[7540.922818848579, 1986.0344599082853, -497.7928354562209, 46.92859435863102]","[7416.474609984523, 1997.766608497944, -497.7928354562214, 46.9285943586347]","[7292.026401120468, 2009.498757087602, -497.7928354562209, 46.928594358631926]","[7167.578192256413, 2021.23090567726, -497.7928354562209, 46.928594358631926]","[7043.129983392358, 2032.9630542669183, -497.7928354562209, 46.928594358633745]","[6918.681774528302, 2044.6952028565768, -497.7928354562209, 46.928594358633745]","[6794.233565664247, 2056.427351446237, -497.7928354562209, 46.92859435864102]","[6669.785356800192, 2068.159500035895, -497.7928354562209, 46.92859435863102]","[6565.377289562478, 2088.4722532114583, -417.6322689508561, 81.25101270225423]"
697,Robot,"[6441.331250932418, 2099.0739252687454, 0, 0]","[6322.705958044226, 2120.953428877803, -474.50117155276894, 87.51801443623117]","[6219.814124764792, 2186.673009963951, -411.56733311773496, 262.8783243445905]","[6139.112987584576, 2281.794793501516, -322.80454872086193, 380.4871341502603]","[6071.50259472385, 2386.8185574505314, -270.4415714429051, 420.0950557960623]","[6000.373280409553, 2470.5591652674098, -284.51725725718643, 334.96243126751324]","[5957.010922259159, 2524.499145105625, -173.44943260157743, 215.75991935286038]","[5922.724630301472, 2611.763361631065, -137.14516783074941, 349.05686610176053]","[5916.977422074444, 2736.437437290898, -22.988832908111384, 498.69630263933186]","[5944.012226407139, 2857.734026209076, 108.1392173307795, 485.18635567271303]","[5986.820462708479, 2957.524246058357, 171.23294520536, 399.1608793971245]","[5957.276117920106, 2972.6612065638174, -118.17737915349062, 60.54784202184055]","[5902.076638123234, 2862.3831587967484, -220.79791918748742, -441.11219106827593]","[5847.119447117663, 2750.1124718086626, -219.8287640222843, -449.0827479523432]","[5792.164020877847, 2637.853740901596, -219.82170495926403, -449.03492362826546]","[5734.98866094478, 2528.838642741377, -228.70143973226732, -436.06039264087667]"
698,Robot,"[5666.888438415015, 2436.584512138458, 0, 0]","[5542.313392518316, 2426.286068574675, -498.3001835867981, -41.193774255132666]","[5417.738346621616, 2415.9876250108914, -498.3001835867981, -41.193774255134485]","[5293.163300724917, 2405.689181447108, -498.3001835867981, -41.193774255134485]","[5168.588254828217, 2395.390737883324, -498.3001835867981, -41.193774255134485]","[5044.0132089315175, 2385.0922943195405, -498.3001835867981, -41.193774255134485]","[4919.438163034818, 2374.793850755757, -498.3001835867981, -41.193774255134485]","[4794.863117138119, 2364.4954071919733, -498.30018358679445, -41.193774255134485]","[4670.288071241419, 2354.1969636281897, -498.3001835868022, -41.19377425513452]","[4545.713025344719, 2343.898520064406, -498.3001835867981, -41.193774255134485]","[4421.13797944802, 2333.6000765006224, -498.3001835867981, -41.193774255134485]","[4296.56293355132, 2323.301632936837, -498.3001835867981, -41.19377425514176]","[4171.987887654621, 2313.0031893730475, -498.3001835867981, -41.19377425515813]","[4047.412841757921, 2302.704745809257, -498.3001835867999, -41.19377425516177]","[3922.837795861222, 2292.406302245468, -498.30018358679627, -41.19377425515631]","[3798.2627499645214, 2282.107858681678, -498.3001835868017, -41.19377425515995]"
699,Robot,"[3673.687704067823, 2271.8094151178884, 0, 0]","[3549.1126581711237, 2261.5109715540984, -498.30018358679627, -41.19377425515995]","[3424.537612274424, 2251.212527990309, -498.3001835867981, -41.19377425515813]","[3310.0555128243195, 2201.7093728899863, -457.9283978004187, -198.0126204012904]","[3195.99395280949, 2150.5726881423084, -456.24624005931764, -204.54673899071167]","[3081.9323927946607, 2099.4360033946305, -456.24624005931764, -204.54673899071167]","[2967.8708327798317, 2048.2993186469525, -456.2462400593158, -204.54673899071167]","[2853.809272765002, 1997.1626338992744, -456.24624005931946, -204.54673899071258]","[2739.7477127501725, 1946.0259491515967, -456.24624005931804, -204.54673899071094]","[2625.686152735343, 1894.8892644039188, -456.24624005931764, -204.54673899071167]","[2511.6245927205136, 1843.7525796562409, -456.24624005931764, -204.54673899071167]","[2397.563032705684, 1792.615894908563, -456.24624005931946, -204.54673899071167]","[2283.501472690855, 1741.479210160885, -456.2462400593158, -204.54673899071167]","[2169.4399126760254, 1690.342525413207, -456.24624005931764, -204.54673899071167]","[2055.378352661196, 1639.2058406655292, -456.24624005931764, -204.54673899071167]","[1941.3167926463664, 1588.0691559178513, -456.24624005931855, -204.54673899071167]"
700,Robot,"[1827.2552326315367, 1536.9324711701734, 0, 0]","[1713.1936726167078, 1485.7957864224954, -456.2462400593158, -204.54673899071167]","[1599.1321126018784, 1434.6591016748175, -456.24624005931764, -204.54673899071167]","[1485.070552587049, 1383.5224169271396, -456.24624005931764, -204.54673899071167]","[1371.0089925722195, 1332.3857321794617, -456.24624005931764, -204.54673899071167]","[1256.94743255739, 1281.2490474317838, -456.24624005931855, -204.54673899071167]","[1142.8858725425607, 1230.1123626841058, -456.24624005931673, -204.54673899071167]","[1028.8243125277313, 1178.975677936428, -456.24624005931764, -204.54673899071167]","[914.762752512902, 1127.83899318875, -456.2462400593176, -204.54673899071184]","[800.7011924980725, 1076.702308441072, -456.2462400593181, -204.54673899071167]","[686.6396324832431, 1025.5656236933942, -456.24624005931764, -204.54673899071167]","[572.5780724684137, 974.4289389457134, -456.24624005931764, -204.54673899072304]","[458.51651245358426, 923.2922541980328, -456.24624005931764, -204.5467389907226]","[344.39051698386834, 872.3046544772274, -456.50398187886367, -203.95039888322162]","[229.99133118810656, 822.3946044608093, -457.5967431830471, -199.64020006567216]","[113.35405185058964, 794.0990137491751, -466.54911735006766, -113.18236284653676]"
701,Robot,"[-11.601136096565728, 797.4458040161464, 0, 0]","[-136.55632404372108, 800.7925942831178, -499.8207517886214, 13.387161067885245]","[-261.51151199087644, 804.1393845500891, -499.82075178862146, 13.387161067885245]","[-386.4666999380318, 807.4861748170604, -499.82075178862146, 13.387161067885245]","[-511.4218878851872, 810.8329650840317, -499.82075178862146, 13.387161067885245]","[-636.3770758323411, 814.179755351003, -499.8207517886158, 13.387161067885245]","[-761.3322637794951, 817.5265456179743, -499.8207517886158, 13.387161067885245]","[-886.287451726649, 820.8733358849456, -499.8207517886158, 13.387161067885245]","[-1011.242639673803, 824.2201261519169, -499.82075178861623, 13.387161067885257]","[-1136.197827620957, 827.5669164188882, -499.82075178861623, 13.387161067885245]","[-1261.153015568111, 830.9137066858596, -499.8207517886158, 13.387161067885245]","[-1386.108203515265, 834.2604969528309, -499.8207517886158, 13.387161067885245]","[-1511.0421843801391, 834.8904302089995, -499.7359234594969, 2.5197330246746787]","[-1635.9937031891122, 838.3715144267985, -499.8060752358924, 13.92433687119592]","[-1760.9452219980851, 841.8525986445975, -499.8060752358915, 13.92433687119592]","[-1885.8967408070584, 845.3336828623965, -499.80607523589333, 13.92433687119592]"
702,Robot,"[-2010.6407471551036, 840.4453308833613, 0, 0]","[-2135.569810491435, 844.1373816110536, -499.71625334532564, 14.768202910769105]","[-2260.505267563209, 848.1537937245571, -499.7418282870967, 16.06564845401408]","[-2385.440724634984, 852.1702058380605, -499.74182828709854, 16.065648454013626]","[-2510.376181706757, 856.1866179515624, -499.7418282870931, 16.065648454007714]","[-2635.311638778532, 860.2030300650644, -499.74182828710036, 16.065648454007714]","[-2760.247095850306, 864.2194421785662, -499.7418282870949, 16.06564845400726]","[-2885.18255292208, 868.2358542920681, -499.7418282870967, 16.065648454007714]","[-3010.1180099938542, 872.25226640557, -499.7418282870972, 16.06564845400773]","[-3135.0534670656284, 876.268678519072, -499.7418282870967, 16.065648454007714]","[-3259.9889241374026, 880.2850906325739, -499.7418282870967, 16.065648454007714]","[-3384.9243812091768, 884.3015027460757, -499.7418282870967, 16.06564845400726]","[-3509.859838280951, 888.3179148595776, -499.7418282870967, 16.065648454007714]","[-3634.795295352725, 892.3343269730796, -499.7418282870967, 16.065648454007714]","[-3758.833937308022, 901.6631759372395, -496.1545678211878, 37.31539585663995]","[-3878.1642999018136, 938.8823183673544, -477.321450375166, 148.87656972045943]"
703,Robot,"[-7383.804658426605, -2037.7388655996656, 0, 0]","[-7266.559760218477, -1994.395655702768, 468.9795928325111, 173.37283958759053]","[-7149.314862010349, -1951.0524458058696, 468.9795928325111, 173.37283958759326]","[-7032.0699638022215, -1907.709235908972, 468.9795928325111, 173.37283958759053]","[-6914.825065594094, -1864.366026012074, 468.9795928325111, 173.37283958759235]","[-6797.580167385966, -1821.0228161151765, 468.9795928325111, 173.37283958758962]","[-6680.335269177838, -1777.6796062182782, 468.9795928325111, 173.37283958759326]","[-6563.09037096971, -1734.3363963213758, 468.9795928325111, 173.37283958760963]","[-6440.377945234491, -1714.9437704203776, 490.8497029408795, 77.57050360399269]","[-6315.938931859137, -1703.1144868338756, 497.7560535014163, 47.31713434600806]","[-6191.499918483783, -1691.2852032473736, 497.7560535014127, 47.31713434600806]","[-6067.060905108428, -1679.4559196608716, 497.75605350141996, 47.31713434600806]","[-5942.621891733074, -1667.6266360743696, 497.7560535014163, 47.31713434600806]","[-5818.18287835772, -1655.7973524878676, 497.7560535014163, 47.31713434600806]","[-5695.008100077158, -1643.8300032513785, 492.6991131222494, 47.869396945956396]","[-5594.098285375075, -1630.7276399333443, 403.63925880833267, 52.40945327213649]"
704,Robot,"[-5499.539828580229, -1581.1156433377264, 0, 0]","[-5391.342242334507, -1518.7066436040127, 432.7903449828882, 249.6359989348548]","[-5311.449971674323, -1450.986819168397, 319.5690826407372, 270.87929774246277]","[-5279.468799511954, -1403.1684119518509, 127.9246886494766, 191.27362886618448]","[-5157.378298877935, -1396.4136168840123, 488.36200253607603, 27.019180271354344]","[-5033.533022963364, -1394.9609868177158, 495.3811036582847, 5.8105202651859145]","[-4919.8622340593065, -1371.2364813650088, 454.68315561622876, 94.89802181082814]","[-4917.117932474518, -1258.3777779757188, 10.977206339153781, 451.43481355715994]","[-4990.377770339454, -1200.4064235105966, -293.03935145974566, 231.885417860489]","[-5106.475863088075, -1154.959270298565, -464.3923709944829, 181.78861284812683]","[-5212.75459656018, -1095.464144121804, -425.11493388842064, 237.9805047070431]","[-5337.674193341136, -1095.340734392201, -499.6783871238222, 0.4936389184122163]","[-5462.541685746074, -1099.873700301079, -499.4699696197531, -18.131863635511763]","[-5576.758251386356, -1146.5057885535352, -456.8662625611287, -186.52835300982497]","[-5514.443650274092, -1181.8827918290397, 249.2584044490577, -141.50801310201769]","[-5389.552028585098, -1187.0869086504315, 499.56648675597535, -20.81646728556734]"
705,Robot,"[-5264.660406896104, -1192.291025471823, 0, 0]","[-5139.76878520711, -1197.4951422932152, 499.56648675597535, -20.81646728556825]","[-5014.8771635181165, -1202.699259114607, 499.56648675597535, -20.81646728556734]","[-4889.985541829123, -1207.9033759359988, 499.56648675597535, -20.81646728556734]","[-4765.093920140129, -1213.107492757391, 499.56648675597535, -20.81646728556825]","[-4640.202298451135, -1218.3116095787825, 499.56648675597535, -20.816467285566432]","[-4515.310676762141, -1223.5157264001743, 499.56648675597535, -20.81646728556734]","[-4390.419055073147, -1228.7198432215662, 499.56648675597535, -20.81646728556734]","[-4265.5274333841535, -1233.923960042958, 499.5664867559758, -20.81646728556736]","[-4140.63581169516, -1239.1280768643487, 499.56648675597535, -20.816467285562794]","[-4015.744190006158, -1244.3321936857376, 499.56648675600627, -20.816467285555518]","[-3890.852568317153, -1249.5363105071267, 499.5664867560208, -20.816467285556428]","[-3765.960946628148, -1254.7404273285158, 499.566486756019, -20.816467285556428]","[-3641.0693249391434, -1259.9445441499047, 499.566486756019, -20.816467285555518]","[-3516.1777032501373, -1265.1486609712938, 499.56648675602446, -20.816467285556428]","[-3391.286081561132, -1270.352777792683, 499.5664867560208, -20.816467285556428]"
706,Robot,"[-3266.394459872127, -1275.5568946140718, 0, 0]","[-3141.5028381831216, -1280.761011435461, 499.5664867560208, -20.816467285556428]","[-3016.6112164941164, -1285.96512825685, 499.5664867560208, -20.816467285556428]","[-2891.7195948051112, -1291.1692450782389, 499.5664867560208, -20.816467285555518]","[-2766.827973116106, -1296.373361899628, 499.5664867560208, -20.816467285556428]","[-2641.936351427101, -1301.577478721017, 499.5664867560208, -20.816467285556428]","[-2517.019519509536, -1305.9866670266513, 499.6673276702586, -17.636753222536754]","[-2392.0491158562827, -1308.7066322363069, 499.8816146130139, -10.879860838622335]","[-2267.078712203029, -1311.4265974459624, 499.88161461301434, -10.879860838622344]","[-2142.108308549776, -1314.146562655618, 499.88161461301206, -10.879860838622335]","[-2017.1379048965207, -1316.8665278652736, 499.88161461302207, -10.879860838622335]","[-1892.1675012432613, -1319.5864930749292, 499.8816146130375, -10.879860838622335]","[-1767.1970975900024, -1322.3064582845848, 499.8816146130357, -10.879860838622335]","[-1642.2266939367432, -1325.0264234942404, 499.8816146130366, -10.879860838622335]","[-1517.256290283484, -1327.746388703896, 499.8816146130366, -10.879860838622335]","[-1392.285886630225, -1330.4663539135515, 499.8816146130366, -10.879860838622335]"
707,Robot,"[-1267.3154829769658, -1333.186319123207, 0, 0]","[-1142.3450793237066, -1335.9062843328627, 499.8816146130366, -10.879860838622335]","[-1017.3746756704476, -1338.6262495425185, 499.88161461303616, -10.879860838623244]","[-892.4042720171883, -1341.346214752174, 499.8816146130371, -10.879860838622335]","[-767.4338683639292, -1344.0661799618294, 499.8816146130366, -10.879860838621426]","[-642.46346471067, -1346.786145171485, 499.8816146130366, -10.879860838622335]","[-517.4930610574108, -1349.5061103811406, 499.8816146130366, -10.879860838622335]","[-392.52265740415305, -1352.2260755907962, 499.88161461303116, -10.879860838622335]","[-267.5522537508953, -1354.9460408004518, 499.8816146130314, -10.879860838622344]","[-142.58185009763693, -1357.6660060101074, 499.88161461303355, -10.879860838622335]","[-17.611446444378814, -1360.385971219763, 499.88161461303247, -10.879860838622335]","[107.35895720887927, -1363.1059364294183, 499.88161461303235, -10.879860838621426]","[232.3293608621377, -1365.825901639074, 499.88161461303366, -10.879860838622335]","[357.2997645153955, -1368.5458668487297, 499.8816146130313, -10.879860838623244]","[480.64044648429257, -1370.5552982196516, 493.36272787558823, -8.037725483687609]","[585.6977909360699, -1355.2350249316326, 420.22937780710913, 61.28109315207621]"
708,Robot,"[700.8952385158184, -1318.4213574049456, 0, 0]","[817.1474407718598, -1281.009567318626, 465.00880902416566, 149.64716034527828]","[932.4749736328585, -1243.7683481750678, 461.3101314439946, 148.96487657423313]","[1047.458767175434, -1218.5939448700356, 459.9351741703026, 100.69761322012891]","[1162.0716893233223, -1201.548005551511, 458.45168859155274, 68.18375727409784]","[1275.3578860649134, -1184.8323948904626, 453.14478696636434, 66.86244264419383]","[1386.982972137611, -1168.530351207256, 446.50034429079005, 65.20817473282659]","[1496.501648895774, -1152.7527405739493, 438.07470703265244, 63.11044253322689]","[1606.997715796781, -1151.8390293364869, 441.9842676040284, 3.6548449498495788]","[1716.2447966608313, -1153.7642202162704, 436.9883234562012, -7.700763519133943]","[1823.0028195430964, -1158.6369282729024, 427.0320915290604, -19.490832226528255]","[1938.3550863890991, -1206.791414392977, 461.409067384011, -192.61794448029832]","[2053.707353235102, -1254.9459005130534, 461.409067384011, -192.6179444803056]","[2168.113540130051, -1293.6438510460976, 457.62474757979726, -154.7918021321766]","[2271.639807587886, -1223.5916423282576, 414.1050698313393, 280.2088348713596]","[2375.166075045721, -1153.5394336104175, 414.1050698313393, 280.2088348713605]"
709,Robot,"[2478.692342503556, -1083.4872248925778, 0, 0]","[2582.2186099613905, -1013.4350161747376, 414.10506983133746, 280.208834871361]","[2685.7448774192253, -943.3828074568949, 414.1050698313393, 280.208834871371]","[2789.27114487706, -873.330598739052, 414.1050698313393, 280.20883487137144]","[2892.797412334895, -803.2783900212092, 414.1050698313393, 280.208834871371]","[2996.3236797927298, -733.2261813033665, 414.1050698313393, 280.208834871371]","[3099.226913149532, -662.2856767868677, 411.6129334272082, 283.7620180659951]","[3192.310826469554, -579.0098291272323, 372.3356532800881, 333.1033906385419]","[3293.411774289266, -505.9094344864932, 404.4037912788484, 292.40157856295656]","[3397.334295735764, -436.44642608488346, 415.6900857859928, 277.8520336064389]","[3501.2568171822613, -366.9834176832737, 415.69008578598914, 277.85203360643914]","[3605.179338628759, -297.520409281664, 415.69008578599096, 277.8520336064387]","[3709.101860075257, -228.05740088005427, 415.69008578599096, 277.8520336064389]","[3813.0243815217545, -158.59439247844455, 415.69008578599096, 277.8520336064389]","[3916.946902968252, -89.13138407683482, 415.69008578598914, 277.8520336064389]","[4020.86942441475, -19.668375675225075, 415.6900857859928, 277.85203360643897]"
710,Robot,"[4124.791945861248, 49.79463272638471, 0, 0]","[4228.7144673077455, 119.25764112799445, 415.69008578599096, 277.8520336064389]","[4332.636988754243, 188.72064952960417, 415.69008578599096, 277.8520336064389]","[4436.559510200741, 258.183657931214, 415.69008578599096, 277.85203360643925]","[4540.482031647239, 327.64666633282366, 415.69008578599096, 277.8520336064387]","[4644.4045530937365, 397.1096747344334, 415.69008578599096, 277.8520336064389]","[4748.327074540234, 466.5726831360431, 415.69008578599096, 277.8520336064389]","[4852.249595986732, 536.0356915376528, 415.69008578599096, 277.8520336064389]","[4956.17211743323, 605.4986999392626, 415.6900857859913, 277.85203360643914]","[5060.094638879727, 674.9617083408723, 415.69008578599096, 277.8520336064389]","[5164.017160326225, 744.424716742482, 415.69008578599096, 277.8520336064389]","[5267.939681772723, 813.8877251440917, 415.69008578599096, 277.8520336064389]","[5371.862203219221, 883.3507335457015, 415.69008578599096, 277.8520336064389]","[5475.784724665718, 952.8137419473112, 415.69008578599096, 277.8520336064389]","[5579.707246112216, 1022.2767503489208, 415.69008578599096, 277.85203360643845]","[5683.629767558714, 1091.739758750528, 415.69008578599096, 277.85203360642845]"
711,Robot,"[5787.552289005212, 1161.2027671521355, 0, 0]","[5891.474810451709, 1230.665775553745, 415.69008578599096, 277.85203360643845]","[5995.397331898207, 1300.1287839553545, 415.69008578599096, 277.85203360643754]","[6099.319853344705, 1369.591792356964, 415.69008578599096, 277.85203360643845]","[6203.242374791203, 1439.0548007585733, 415.69008578599096, 277.85203360643663]","[6212.819150294685, 1546.3617697655352, 38.30710201392867, 429.22787602784774]","[6185.705913486994, 1668.3858345634676, -108.45294723076222, 488.0962591917296]","[6158.592676679304, 1790.4098993614, -108.45294723076222, 488.0962591917296]","[6131.47943987162, 1912.433964159337, -108.45294723073322, 488.09625919174823]","[6104.366203063941, 2034.458028957275, -108.45294723071856, 488.0962591917523]","[6077.252966256261, 2156.482093755213, -108.45294723071856, 488.0962591917523]","[5960.552216668781, 2176.6118460251496, -466.80299834992184, 80.51900907974596]","[5836.061248578709, 2187.8812232926466, -497.9638723602875, 45.07750906998808]","[5711.570280488637, 2199.1506005601427, -497.9638723602875, 45.077509069984444]","[5587.079312398565, 2210.419977827639, -497.9638723602875, 45.077509069984444]","[5462.588344308493, 2221.689355095135, -497.9638723602875, 45.077509069984444]"
712,Robot,"[5338.097376218421, 2232.958732362631, 0, 0]","[5213.606408128349, 2244.228109630127, -497.9638723602875, 45.077509069984444]","[5089.1154400382775, 2255.497486897623, -497.9638723602875, 45.077509069982625]","[4964.624471948206, 2266.766864165119, -497.9638723602875, 45.077509069984444]","[4840.133503858134, 2278.036241432615, -497.9638723602875, 45.077509069984444]","[4715.642535768062, 2289.305618700111, -497.9638723602875, 45.077509069984444]","[4591.15156767799, 2300.5749959676077, -497.9638723602875, 45.07750906998626]","[4466.660599587918, 2311.8443732351034, -497.9638723602875, 45.077509069982625]","[4342.166731549975, 2316.8351001192327, -497.97547215177156, 19.962907536517395]","[4217.665406503222, 2305.6807260175624, -498.00530018701465, -44.61749640668131]","[4093.164081456468, 2294.526351915892, -498.00530018701465, -44.61749640668131]","[3968.662756409703, 2283.3719778142217, -498.00530018706013, -44.61749640668131]","[3844.1614313629375, 2272.2176037125514, -498.00530018706195, -44.61749640668131]","[3719.660106316173, 2261.063229610881, -498.0053001870583, -44.61749640668131]","[3595.1587812694074, 2249.9088555092108, -498.00530018706195, -44.61749640668131]","[3470.6574562226424, 2238.7544814075404, -498.00530018706013, -44.61749640668131]"
713,Robot,"[3346.1561311758774, 2227.60010730587, 0, 0]","[3221.6548061291123, 2216.4457332042, -498.00530018706013, -44.61749640667949]","[3097.1534810823478, 2205.291359102529, -498.0053001870583, -44.61749640668495]","[2972.6521560355823, 2194.136985000859, -498.00530018706195, -44.61749640667949]","[2848.150830988817, 2182.982610899189, -498.00530018706195, -44.61749640668131]","[2723.649505942052, 2171.8282367975185, -498.0053001870583, -44.61749640668131]","[2599.148180895287, 2160.673862695848, -498.00530018706013, -44.61749640668131]","[2474.646855848522, 2149.519488594178, -498.00530018706013, -44.61749640668131]","[2350.145530801757, 2138.3651144925075, -498.0053001870606, -44.617496406681354]","[2225.7952749831024, 2126.899691906141, -497.40102327461864, -45.86169034546583]","[2107.0684502892877, 2089.385995421016, -474.9072987752588, -150.05478594049964]","[1999.404819762103, 2026.7598987338847, -430.654522108739, -250.50438674852558]","[1909.87799711264, 1940.1881565851504, -358.1072905978517, -346.2869685949372]","[1838.019906253272, 1837.989477419091, -287.4323634374723, -408.79471666423797]","[1794.867924468663, 1721.898865679313, -172.60792713843603, -464.36244695911137]","[1804.0644156262083, 1599.1220078930503, 36.7859646301813, -491.1074311450511]"
714,Robot,"[1861.5358593714204, 1489.2974629514142, 0, 0]","[1880.3367435278692, 1365.902836474998, 75.2035366257951, -493.5785059056652]","[1913.8736162368327, 1247.1590684007206, 134.14749083585411, -474.97507229710936]","[1921.6239315044372, 1240.8918318358792, 31.001261070417968, -25.068946259365475]","[1921.6239315044372, 1240.8918318358792, 0.0, 0.0]","[1920.3473889243653, 1255.8186443277705, -5.106170320287674, 59.707249967565076]","[1897.009665906377, 1378.4523383296855, -93.35089207195324, 490.5347760076602]","[1794.2650936489013, 1433.7624109367491, -410.97828902990295, 221.2402904282544]","[1671.7080967769032, 1458.3547373358033, -490.2279874879928, 98.36930559621678]","[1549.151099904905, 1482.947063734857, -490.2279874879923, 98.36930559621487]","[1426.594103032907, 1507.5393901339107, -490.2279874879923, 98.36930559621487]","[1304.037106160909, 1532.131716532965, -490.2279874879923, 98.36930559621669]","[1181.4801092889109, 1556.7240429320184, -490.2279874879923, 98.36930559621396]","[1058.9231124169128, 1581.3163693310723, -490.2279874879923, 98.36930559621578]","[936.3661155449169, 1605.9086957301256, -490.2279874879837, 98.36930559621305]","[813.8091186729215, 1630.5010221291789, -490.2279874879814, 98.36930559621305]"
715,Robot,"[691.2521218009263, 1655.093348528232, 0, 0]","[568.695124928931, 1679.6856749272854, -490.22798748798095, 98.36930559621396]","[446.1381280569358, 1704.2780013263389, -490.22798748798095, 98.36930559621396]","[323.58113118494055, 1728.870327725392, -490.22798748798095, 98.36930559621214]","[201.02413431294497, 1753.4626541244452, -490.2279874879823, 98.36930559621305]","[78.46713744094902, 1778.0549805234984, -490.2279874879838, 98.36930559621305]","[-44.089859431046925, 1802.647306922552, -490.2279874879838, 98.36930559621396]","[-166.64685630304288, 1827.2396333216047, -490.2279874879838, 98.36930559621123]","[-286.4796860549054, 1793.71291193534, -479.33131900745053, -134.10688554505953]","[-406.19900884342906, 1757.7645635580195, -478.87729115409456, -143.7933935092815]","[-525.9183316319527, 1721.8162151806991, -478.87729115409456, -143.7933935092815]","[-645.6376544204763, 1685.8678668033788, -478.87729115409456, -143.7933935092815]","[-765.356977209, 1649.9195184260584, -478.87729115409456, -143.7933935092815]","[-885.0762999975236, 1613.971170048738, -478.87729115409456, -143.7933935092815]","[-1004.7956227860471, 1578.0228216714177, -478.8772911540941, -143.7933935092815]","[-1124.514945574571, 1542.0744732940973, -478.877291154095, -143.7933935092815]"
716,Robot,"[-1244.2342683630943, 1506.126124916777, 0, 0]","[-1363.9535911516182, 1470.1777765394563, -478.8772911540955, -143.7933935092824]","[-1483.6729139401418, 1434.2294281621362, -478.87729115409456, -143.79339350928058]","[-1603.3922367286657, 1398.2810797848158, -478.8772911540955, -143.7933935092815]","[-1723.111559517189, 1362.3327314074954, -478.87729115409365, -143.7933935092815]","[-1842.8308823057127, 1326.384383030175, -478.87729115409456, -143.7933935092815]","[-1962.5502050942364, 1290.4360346528547, -478.87729115409456, -143.7933935092815]","[-2082.26952788276, 1254.4876862755343, -478.87729115409456, -143.7933935092815]","[-2201.988850671284, 1218.539337898214, -478.8772911540968, -143.7933935092816]","[-2321.7081734598078, 1182.5909895208936, -478.87729115409456, -143.7933935092815]","[-2441.427496248331, 1146.6426411435732, -478.87729115409275, -143.7933935092815]","[-2561.1468190368546, 1110.6942927662528, -478.87729115409456, -143.7933935092815]","[-2680.8661418253782, 1074.7459443889325, -478.87729115409456, -143.7933935092815]","[-2800.585464613902, 1038.797596011612, -478.87729115409456, -143.7933935092815]","[-2920.304787402425, 1002.8492476342916, -478.87729115409275, -143.79339350928194]","[-3040.024110190949, 966.9008992569708, -478.8772911540964, -143.7933935092833]"
717,Robot,"[-3159.743432979473, 930.9525508796488, 0, 0]","[-3279.4627557679964, 895.0042025023271, -478.87729115409456, -143.79339350928694]","[-3399.18207855652, 859.0558541250052, -478.87729115409456, -143.7933935092874]","[-3518.901401345044, 823.1075057476835, -478.8772911540964, -143.79339350928694]","[-3638.620724133568, 787.1591573703618, -478.87729115409456, -143.79339350928694]","[-3758.340046922091, 751.2108089930399, -478.87729115409275, -143.7933935092874]","[-3878.059369710615, 715.2624606157182, -478.8772911540964, -143.79339350928694]","[-3997.7786924991374, 679.3141122383963, -478.8772911540891, -143.7933935092874]","[-4117.4980152876615, 643.3657638610748, -478.8772911540968, -143.79339350928615]","[-4237.217338076185, 607.4174154837531, -478.87729115409456, -143.79339350928694]","[-4356.936660864709, 571.4690671064312, -478.87729115409456, -143.7933935092874]","[-4476.655983653232, 535.5207187291094, -478.87729115409456, -143.7933935092874]","[-4530.529666053132, 503.7991956565136, -215.49472959959894, -126.8860922903832]","[-4405.628748790411, 498.8231664231591, 499.6036690508845, -19.90411693341798]","[-4281.39236950493, 486.7567928369656, 496.94551714192494, -48.26549434477397]","[-4157.580931207232, 470.1397288423377, 495.2457531907894, -66.46825597851148]"
718,Robot,"[-4035.908279965349, 443.4132486855207, 0, 0]","[-3930.554156547368, 379.62178229803, 421.4164936719226, -255.16586554996297]","[-3934.633766047944, 257.95210096022214, -16.318438002303083, -486.6787253512314]","[-3962.0673764823487, 136.03162633094342, -109.73444173761891, -487.68189851711486]","[-3980.5380458767618, 12.46759253835776, -73.88267757765243, -494.25613517034265]","[-3992.0719951165456, -111.98615169747048, -46.135796959135405, -497.81497694331296]","[-3943.583132206571, -98.44430818747466, 193.95545163989846, 54.16737403998326]","[-3826.4250308095698, -54.86702882023685, 468.632405588005, 174.30911746895126]","[-3709.266929412569, -11.289749452998912, 468.63240558800356, 174.30911746895188]","[-3592.1088280155677, 32.28752991423908, 468.632405588005, 174.30911746895197]","[-3474.950726618566, 75.86480928147715, 468.6324055880068, 174.30911746895228]","[-3357.792625221565, 119.44208864871528, 468.632405588005, 174.30911746895254]","[-3240.6345238245635, 163.0193680159537, 468.632405588005, 174.30911746895362]","[-3123.4764224275623, 206.59664738319216, 468.632405588005, 174.3091174689539]","[-3006.318321030561, 250.17392675043064, 468.632405588005, 174.3091174689539]","[-2889.16021963356, 293.7512061176691, 468.632405588005, 174.3091174689538]"
719,Robot,"[-2768.906667579698, 321.92961015950607, 0, 0]","[-2644.009939540545, 327.0097012132408, 499.586912156612, 20.32036421493899]","[-2519.113211501393, 332.0897922669756, 499.5869121566084, 20.320364214939218]","[-2394.2164834622404, 337.1698833207103, 499.5869121566102, 20.320364214938763]","[-2269.319755423088, 342.24997437444506, 499.5869121566102, 20.32036421493899]","[-2144.4230273839357, 347.3300654281798, 499.5869121566084, 20.32036421493899]","[-2019.5262993447827, 352.41015648191456, 499.586912156612, 20.32036421493899]","[-1894.6295713056304, 357.4902475356493, 499.5869121566093, 20.32036421493899]","[-1769.803207626827, 362.59361708427286, 499.3054547152137, 20.413478194494264]","[-1644.9063937343303, 367.6715969486573, 499.58725556998706, 20.31191945753767]","[-1533.3116343456124, 409.26032411862286, 446.3790375548715, 166.35490867986232]","[-1437.8212494496672, 489.9174272475108, 381.9615395837809, 322.62841251555164]","[-1346.4362424747571, 575.042782514118, 365.54002789964034, 340.501421066429]","[-1238.9470165227774, 583.3943196378821, 429.95690380791893, 33.406148495056186]","[-1115.4406931694236, 564.1280773541135, 494.02529341341506, -77.06496913507408]","[-991.93436981607, 544.861835070345, 494.0252934134146, -77.06496913507408]"
720,Robot,"[-868.4280464627161, 525.5955927865765, 0, 0]","[-744.9217231093623, 506.3293505028085, 494.02529341341506, -77.06496913507203]","[-621.7029552759692, 485.6605919612717, 492.8750713335726, -82.67503416614727]","[-510.6959134510278, 428.7273634151399, 444.0281672997655, -227.7329141845271]","[-399.5405819670327, 373.402691990105, 444.6213259359804, -221.29868570013969]","[-275.3943242110213, 370.7940676768453, 496.58503102404575, -10.434497253038671]","[-150.42886110754262, 373.7322697347432, 499.8618524139147, 11.752808231591644]","[-32.24512664689401, 340.01949979962865, 472.73493784259443, -134.85107974045832]","[51.51022318638471, 275.46531617644604, 335.02139933311514, -258.21673449273067]","[146.41283645448266, 245.9641304469047, 379.6104530723918, -118.00474291816533]","[247.4393141353321, 249.13179058024343, 404.10591072339776, 12.670640533354913]","[371.8474454981815, 260.9785343026301, 497.63252545139767, 47.386974889546764]","[495.81598883883294, 268.5194170951873, 495.8741733626057, 30.16353117022868]","[620.1385251425193, 281.3973515000078, 497.2901452147453, 51.51173761928203]","[733.3141866612602, 332.89449583429354, 452.7026460749639, 205.98857733714294]","[840.7205127182966, 396.0500329595556, 429.6253042281455, 252.6221485010483]"
721,Robot,"[952.2666047245588, 452.4264374608436, 0, 0]","[1071.1481035667712, 489.0570781184942, 475.52599536884964, 146.52256263060235]","[1156.095580585939, 577.638672049085, 339.78990807667105, 354.3263757223633]","[1262.0999516744685, 628.4013967636828, 424.0174843541181, 203.05089885839107]","[1383.5021341600163, 598.627077497817, 485.60872994219153, -119.09727706346303]","[1504.9043166455642, 568.8527582319513, 485.60872994219153, -119.09727706346303]","[1626.306499131112, 539.0784389660863, 485.60872994219153, -119.09727706345984]","[1747.70868161666, 509.3041197002221, 485.60872994219153, -119.09727706345689]","[1871.2423281797608, 495.3736932559652, 494.13458625240355, -55.72170577702769]","[1996.1969507945637, 492.0058620261132, 499.8184904592117, -13.471324919407834]","[2121.151573409366, 488.63803079626126, 499.818490459209, -13.471324919407834]","[2246.1061960241686, 485.2701995664093, 499.8184904592108, -13.471324919407834]","[2371.060818638972, 481.9023683365573, 499.8184904592126, -13.471324919408062]","[2496.015441253774, 478.5345371067054, 499.818490459209, -13.471324919407607]","[2620.9700638685767, 475.1667058768534, 499.8184904592108, -13.471324919407834]","[2745.9246864833794, 471.7988746470015, 499.8184904592108, -13.471324919407607]"
722,Robot,"[2870.879309098182, 468.4310434171495, 0, 0]","[2995.833931712985, 465.0632121872976, 499.8184904592108, -13.471324919407607]","[3120.788554327788, 461.6953809574456, 499.8184904592126, -13.471324919408062]","[3245.7431769425903, 458.3275497275936, 499.818490459209, -13.471324919408062]","[3370.697799557393, 454.9597184977417, 499.8184904592108, -13.471324919407607]","[3495.652422172196, 451.5918872678897, 499.8184904592126, -13.471324919407834]","[3620.6070447869984, 448.22405603803776, 499.818490459209, -13.471324919407834]","[3745.5685379879897, 445.7150034994804, 499.8459728039652, -10.036210154229366]","[3870.5279956955087, 443.7944486020101, 499.83783083007665, -7.6822195898812495]","[3995.403099285248, 442.5378378274192, 499.50041435895764, -5.026443098363643]","[4096.200123051372, 417.21950452240606, 403.18809506449725, -101.27333322005256]","[4074.038486346784, 294.2878821295748, -88.64654681835418, -491.7264895713249]","[4074.139696601322, 169.57692131155915, 0.4048410181530926, -498.8438432720627]","[4092.142075475507, 45.95924315509178, 72.00951549674028, -494.4707126258695]","[4149.9471177829, -60.41762631589165, 231.22016922957118, -425.5074778839337]","[4237.553376997955, -147.4642636916948, 350.4250368602188, -348.18654950321263]"
723,Robot,"[4253.67356164505, -269.3284731827817, 0, 0]","[4148.093805459336, -294.4949935083717, -422.3190247428538, -100.66608130236]","[4023.520770784516, -284.1722500791305, -498.29213869928026, 41.2909737169648]","[3898.947736109692, -273.8495066498888, -498.29213869929663, 41.290973716966846]","[3774.374701434867, -263.52676322064707, -498.29213869930027, 41.290973716966846]","[3649.801666760042, -253.20401979140544, -498.29213869930027, 41.290973716966505]","[3525.2286320852177, -242.88127636216404, -498.29213869929663, 41.290973716965595]","[3400.655597410393, -232.55853293292265, -498.29213869929845, 41.290973716965595]","[3276.0980262957737, -222.08097493569989, -498.23028445847785, 41.91023198889108]","[3151.8188493238627, -208.90957446316068, -497.1167078876442, 52.68560189015682]","[3028.011749816212, -191.80410694156265, -495.22839803060197, 68.42187008639212]","[2932.6897303188225, -258.68564922058664, -381.2880779895586, -267.52616911609596]","[2819.5225709463675, -278.43483947702924, -452.66863748981996, -78.99676102577041]","[2715.559484740313, -319.84189913217097, -415.85234482421765, -165.6282386205669]","[2604.27508110405, -339.50040277611026, -445.1376145450522, -78.63401457575719]","[2496.642720000672, -401.1887044106608, -430.52944441351246, -246.75320653820222]"
724,Robot,"[2388.016468004534, -462.9485705091026, 0, 0]","[2285.680621312172, -534.672484912632, -409.34338676944753, -286.89565761411745]","[2180.7970837636817, -601.8219113745341, -419.534150193962, -268.5977058476087]","[2114.3103150391457, -622.982071841107, -265.9470748981439, -84.64064186629139]","[2129.877679829484, -648.4785688341922, 62.26945916135264, -101.98598797234081]","[2219.638662619024, -728.2158086758544, 359.0439311581613, -318.948959366649]","[2265.365589953125, -727.6541275976078, 182.90770933640306, 2.2467243129863164]","[2183.791056456996, -683.3556844465679, -326.2981339845155, 177.19377260415968]","[2107.0333599325786, -611.9104621561524, -307.0307860976703, 285.7808891616621]","[2031.5475227088168, -514.5844741251904, -301.94334889504717, 389.3039521238484]","[1957.4049990187464, -467.9932439999948, -296.5700947602818, 186.36492050078232]","[1893.917287676093, -481.6250128013247, -253.95084537061302, -54.52707520531976]","[1845.9777910481823, -488.1674340739456, -191.75798651164314, -26.169685090483654]","[1807.150746688399, -419.1853250230786, -155.30817743913303, 275.9284362034682]","[1865.5017985365416, -331.54772920628886, 233.40420739257024, 350.55038326715885]","[1967.4602153109784, -259.2325769292552, 407.8336670977469, 289.26060910813476]"
725,Robot,"[2069.4186320854155, -186.91742465222148, 0, 0]","[2171.3770488598525, -114.6022723751878, 407.8336670977478, 289.26060910813476]","[2273.335465634289, -42.287120098154105, 407.833667097746, 289.26060910813476]","[2375.2938824087264, 30.028032178879613, 407.83366709774964, 289.2606091081349]","[2477.252299183164, 102.3431844559133, 407.83366709774964, 289.26060910813476]","[2579.2107159576003, 174.658336732947, 407.833667097746, 289.26060910813476]","[2681.1691327320373, 246.97348900998068, 407.8336670977478, 289.26060910813476]","[2783.127549506474, 319.2886412870144, 407.8336670977478, 289.2606091081349]","[2885.085966280911, 391.6037935640481, 407.83366709774816, 289.26060910813504]","[2987.044383055348, 463.9189458410818, 407.8336670977478, 289.26060910813476]","[3089.002799829785, 536.2340981181155, 407.8336670977478, 289.260609108135]","[3190.961216604222, 608.5492503951492, 407.8336670977478, 289.26060910813476]","[3292.919633378659, 680.8644026721829, 407.8336670977478, 289.26060910813476]","[3394.878050153096, 753.1795549492166, 407.8336670977478, 289.26060910813476]","[3496.836466927533, 825.4947072262503, 407.8336670977478, 289.26060910813476]","[3598.79488370197, 897.809859503284, 407.8336670977478, 289.26060910813476]"
726,Robot,"[3700.753300476407, 970.1250117803175, 0, 0]","[3802.711717250844, 1042.440164057352, 407.8336670977478, 289.2606091081375]","[3904.6701340252807, 1114.755316334389, 407.8336670977478, 289.26060910814795]","[4006.6285507997177, 1187.0704686114252, 407.8336670977478, 289.2606091081452]","[4108.586967574154, 1259.3856208884615, 407.833667097746, 289.2606091081452]","[4210.545384348591, 1331.7007731654985, 407.8336670977478, 289.26060910814795]","[4312.503801123028, 1404.0159254425348, 407.8336670977478, 289.2606091081452]","[4414.462217897465, 1476.331077719571, 407.8336670977478, 289.2606091081452]","[4516.420634671902, 1548.646229996608, 407.83366709774816, 289.26060910814823]","[4618.379051446339, 1620.9613822736444, 407.8336670977478, 289.2606091081452]","[4720.337468220776, 1693.276534550681, 407.8336670977478, 289.2606091081461]","[4822.295884995213, 1765.5916868277177, 407.8336670977478, 289.26060910814704]","[4924.25430176965, 1837.906839104754, 407.8336670977478, 289.2606091081452]","[5026.212718544087, 1910.2219913817903, 407.8336670977478, 289.2606091081452]","[5128.171135318524, 1982.5371436588252, 407.8336670977478, 289.26060910813976]","[5230.129552092961, 2054.85229593586, 407.8336670977478, 289.26060910813976]"
727,Robot,"[5332.087968867398, 2127.1674482128906, 0, 0]","[5434.046385641835, 2199.4826004899214, 407.8336670977478, 289.2606091081234]","[5536.004802416272, 2271.7977527669523, 407.8336670977478, 289.2606091081234]","[5637.9632191907085, 2344.1129050439886, 407.8336670977478, 289.2606091081452]","[5567.800276718904, 2358.1506790280946, -280.6517698872194, 56.1510959364241]","[5442.884999351545, 2353.5492140182987, -499.66110946943445, -18.405860039183608]","[5317.969721984186, 2348.947749008503, -499.66110946943445, -18.405860039183608]","[5193.054444616828, 2344.346283998707, -499.66110946943445, -18.405860039183608]","[5068.139167249469, 2339.744818988911, -499.6611094694349, -18.405860039183626]","[4943.223889882111, 2335.143353979115, -499.66110946943445, -18.405860039183608]","[4818.308612514752, 2330.541888969319, -499.66110946943445, -18.405860039183608]","[4693.393335147393, 2325.9404239595237, -499.66110946943445, -18.40586003918179]","[4568.478057780035, 2321.3389589497274, -499.66110946943445, -18.405860039185427]","[4443.562780412676, 2316.7374939399315, -499.66110946943445, -18.405860039183608]","[4318.6475030453175, 2312.136028930136, -499.66110946943445, -18.40586003918179]","[4193.732225677959, 2307.53456392034, -499.66110946943445, -18.405860039183608]"
728,Robot,"[4068.8169483106, 2302.933098910544, 0, 0]","[3943.9016709432417, 2298.3316339007456, -499.66110946943263, -18.405860039192703]","[3818.986393575883, 2293.730168890944, -499.66110946943445, -18.405860039207255]","[3694.071116208525, 2289.128703881142, -499.66110946943263, -18.405860039207255]","[3569.155838841166, 2284.5272388713406, -499.66110946943627, -18.405860039205436]","[3444.2405614738072, 2279.925773861539, -499.66110946943445, -18.405860039207255]","[3319.3252841064486, 2275.324308851737, -499.66110946943445, -18.405860039207255]","[3194.41000673909, 2270.722843841936, -499.66110946943445, -18.405860039203617]","[3069.4947293717314, 2266.121378832134, -499.6611094694349, -18.40586003920909]","[2944.579452004373, 2261.519913822332, -499.66110946943445, -18.405860039207255]","[2819.664174637014, 2256.91844881253, -499.66110946943445, -18.405860039207255]","[2694.748897269656, 2252.316983802729, -499.66110946943263, -18.405860039205436]","[2569.833619902297, 2247.715518792927, -499.66110946943627, -18.405860039207255]","[2444.9183425349383, 2243.1140537831257, -499.66110946943445, -18.405860039205436]","[2320.00306516758, 2238.512588773324, -499.66110946943263, -18.405860039207255]","[2195.087787800221, 2233.911123763522, -499.66110946943627, -18.405860039207255]"
729,Robot,"[2070.1725104328625, 2229.3096587537207, 0, 0]","[1945.257233065504, 2224.708193743919, -499.66110946943445, -18.405860039207255]","[1820.3419556981453, 2220.106728734117, -499.66110946943445, -18.405860039207255]","[1695.426678330787, 2215.5052637243152, -499.66110946943354, -18.405860039207255]","[1570.511400963428, 2210.903798714514, -499.66110946943536, -18.405860039205436]","[1445.5961235960694, 2206.302333704712, -499.66110946943445, -18.405860039207255]","[1320.6808462287108, 2201.7008686949102, -499.66110946943445, -18.405860039207255]","[1196.596515874037, 2189.7266031649237, -496.33732141869496, -47.897062119945986]","[1072.3268946487376, 2180.7556875050004, -497.0784849011984, -35.88366263969331]","[947.3431846683508, 2179.0550931514645, -499.93483992154734, -6.802377414143848]","[824.1647078336229, 2165.3318737902227, -492.71390733891167, -54.89287744496687]","[704.2044582048675, 2130.195873605129, -479.8409985150215, -140.54400074037585]","[584.2442085761121, 2095.059873420036, -479.8409985150215, -140.5440007403704]","[464.2839589473573, 2059.923873234942, -479.84099851501924, -140.54400074037585]","[344.32370931860333, 2024.7878730498487, -479.8409985150158, -140.54400074037403]","[224.3634596898492, 1989.6518728647552, -479.8409985150165, -140.54400074037403]"
730,Robot,"[104.40321006109458, 1954.5158726796617, 0, 0]","[-15.557039567659764, 1919.379872494568, -479.8409985150174, -140.54400074037494]","[-135.5172891964141, 1884.243872309475, -479.8409985150174, -140.5440007403722]","[-255.4775388251688, 1849.1078721243807, -479.8409985150188, -140.54400074037676]","[-375.43778845392274, 1813.971871939288, -479.8409985150157, -140.5440007403713]","[-495.3980380826767, 1778.8358717541942, -479.8409985150158, -140.54400074037494]","[-615.3582877114319, 1743.6998715691009, -479.84099851502083, -140.54400074037312]","[-735.3185373401873, 1708.5638713840071, -479.8409985150215, -140.54400074037494]","[-855.2787869689427, 1673.4278711989136, -479.8409985150219, -140.54400074037414]","[-975.239036597698, 1638.29187101382, -479.8409985150215, -140.54400074037494]","[-1095.1992862264517, 1603.1558708287266, -479.8409985150147, -140.54400074037312]","[-1215.1595358552042, 1568.019870643633, -479.84099851501014, -140.54400074037403]","[-1335.1197854839568, 1532.8838704585396, -479.84099851501014, -140.54400074037403]","[-1455.0800351127093, 1497.747870273446, -479.84099851501014, -140.54400074037403]","[-1575.0402847414618, 1462.6118700883526, -479.84099851501014, -140.54400074037403]","[-1695.0005343702144, 1427.475869903259, -479.84099851501014, -140.54400074037403]"
731,Robot,"[-1814.8685538625427, 1392.8896982903775, 0, 0]","[-1934.576348779592, 1360.0209564891936, -478.83117966819736, -131.47496720473555]","[-2054.234829974184, 1327.1495100980069, -478.63392477836715, -131.48578556474695]","[-2174.0780975082, 1292.0225544291377, -479.3730701360637, -140.50782267547675]","[-2293.5259706242587, 1261.3885401291034, -477.7914924642355, -122.5360572001373]","[-2397.811629556517, 1320.6108277787, -417.1426357290329, 236.88915059838655]","[-2467.5784473959206, 1423.9573549889285, -279.067271357615, 413.38610884091395]","[-2525.137379255453, 1534.8617163922409, -230.2357274381302, 443.6174456132494]","[-2551.84855379482, 1654.9915352722794, -106.84469815746716, 480.5192755201547]","[-2591.3580898817786, 1766.4846555433876, -158.03814434783453, 445.97248108443273]","[-2696.399654357736, 1706.8547815821444, -420.1662579038293, -238.51949584497288]","[-2796.8542883491573, 1632.46481915677, -401.81853596568544, -297.5598497014971]","[-2897.308922340578, 1558.0748567313958, -401.8185359656836, -297.5598497014971]","[-2997.763556332, 1483.6848943060215, -401.81853596568726, -297.5598497014971]","[-3098.2181903234214, 1409.2949318806473, -401.81853596568544, -297.5598497014971]","[-3198.6728243148427, 1334.904969455273, -401.81853596568544, -297.5598497014971]"
732,Robot,"[-3299.127458306264, 1260.5150070298987, 0, 0]","[-3399.582092297685, 1186.1250446045244, -401.8185359656836, -297.5598497014971]","[-3500.036726289107, 1111.73508217915, -401.81853596568726, -297.559849701498]","[-3600.491360280528, 1037.345119753776, -401.81853596568544, -297.5598497014953]","[-3700.9459942719495, 962.9551573284008, -401.81853596568544, -297.5598497015012]","[-3802.725163509029, 890.4079048002616, -407.11667694831704, -290.18901011255684]","[-3905.249383821791, 818.8971765893173, -410.0968812510491, -286.04291284377723]","[-4007.773604134552, 747.386448378373, -410.09688125104367, -286.04291284377723]","[-4110.297824447314, 675.8757201674287, -410.09688125104947, -286.04291284377746]","[-4212.822044760076, 604.3649919564843, -410.0968812510473, -286.04291284377723]","[-4315.346265072838, 532.85426374554, -410.0968812510473, -286.04291284377723]","[-4417.8704853856, 461.3435355345957, -410.0968812510473, -286.04291284377746]","[-4520.394705698362, 389.832807323652, -410.0968812510473, -286.04291284377473]","[-4622.918926011123, 318.3220791127091, -410.0968812510473, -286.04291284377155]","[-4725.443146323885, 246.8113509017661, -410.0968812510473, -286.042912843772]","[-4827.967366636647, 175.3006226908225, -410.0968812510473, -286.0429128437744]"
733,Robot,"[-4930.491586949409, 103.7898944798793, 0, 0]","[-5033.015807262171, 32.27916626893614, -410.0968812510473, -286.0429128437726]","[-5135.5400275749325, -39.231561942006834, -410.0968812510473, -286.0429128437719]","[-5238.064247887694, -110.74229015294972, -410.0968812510473, -286.04291284377155]","[-5340.588468200456, -182.25301836389255, -410.0968812510473, -286.0429128437713]","[-5443.112688513218, -253.76374657483487, -410.0968812510473, -286.0429128437693]","[-5545.63690882598, -325.2744747857776, -410.0968812510473, -286.042912843771]","[-5648.161129138742, -396.785202996719, -410.0968812510473, -286.04291284376563]","[-5750.685349451504, -468.2959312076605, -410.0968812510513, -286.0429128437661]","[-5853.209569764265, -539.806659418602, -410.09688125104367, -286.04291284376586]","[-5955.733790077027, -611.3173876295434, -410.0968812510473, -286.04291284376586]","[-6058.258010389789, -682.8281158404849, -410.0968812510473, -286.04291284376586]","[-6160.782230702551, -754.3388440514257, -410.0968812510473, -286.04291284376313]","[-6263.306451015313, -825.8495722623643, -410.0968812510473, -286.0429128437545]","[-6365.8306713280745, -897.3603004733029, -410.0968812510473, -286.0429128437545]","[-6467.739790187047, -969.7224732739652, -407.63647543589104, -289.4486912026491]"
734,Robot,"[-6576.7848283113135, -1030.5789692197302, 0, 0]","[-6687.134858284909, -1089.1019116299465, -441.4001198943806, -234.0917696408651]","[-6787.045625761226, -1163.988390039067, -399.64306990526893, -299.5459136364825]","[-6885.135660097722, -1241.4696468942925, -392.360137345986, -309.92502742090164]","[-6984.951917300113, -1316.507778479538, -399.26502880956104, -300.15252634098215]","[-7094.146808787235, -1377.1210899137382, -436.7795659484909, -242.45324573680045]","[-7203.537420176134, -1436.323331344162, -437.56244555559533, -236.80896572169513]","[-7297.360927159918, -1518.056579952104, -375.2940279351351, -326.93299443176784]","[-7345.788173017123, -1581.4163353763774, -193.7089834288201, -253.4390216970944]","[-7243.426460523533, -1561.7736739688887, 409.4468499743598, 78.57064562995492]","[-7118.581153277664, -1567.9905267648387, 499.381228983475, -24.86741118379996]","[-6993.735846031796, -1574.2073795607896, 499.3812289834714, -24.867411183803597]","[-6868.890538785927, -1580.4242323567428, 499.38122898347865, -24.867411183812692]","[-6744.045231540058, -1586.641085152696, 499.381228983475, -24.867411183812692]","[-6619.199924294189, -1592.8579379486494, 499.381228983475, -24.8674111838136]","[-6494.3546170483205, -1599.0747907446023, 499.381228983475, -24.867411183811782]"
735,Robot,"[-6369.509309802452, -1605.2916435405557, 0, 0]","[-6244.664002556583, -1611.5084963365089, 499.381228983475, -24.867411183812692]","[-6119.818695310714, -1617.725349132462, 499.381228983475, -24.867411183812692]","[-5994.9733880648455, -1623.9422019284152, 499.381228983475, -24.867411183812692]","[-5870.128080818977, -1630.1590547243684, 499.381228983475, -24.867411183812692]","[-5745.282773573108, -1636.3759075203216, 499.381228983475, -24.867411183812692]","[-5620.437466327239, -1642.5927603162747, 499.381228983475, -24.867411183812692]","[-5495.5921590813705, -1648.809613112228, 499.381228983475, -24.867411183812692]","[-5371.638266851668, -1640.5956365651562, 495.8155689188102, 32.85590618828704]","[-5248.507219252273, -1619.0608944706769, 492.52419039758024, 86.13896837791708]","[-5125.376171652878, -1597.5261523761972, 492.52419039758024, 86.1389683779189]","[-5002.245124053483, -1575.9914102817177, 492.52419039758024, 86.13896837791799]","[-4879.114076454088, -1554.4566681872382, 492.52419039758024, 86.13896837791799]","[-4755.983028854693, -1532.921926092759, 492.52419039758024, 86.13896837791708]","[-4632.851981255298, -1511.3871839982792, 492.52419039758024, 86.1389683779189]","[-4509.720933655903, -1489.8524419037997, 492.52419039758024, 86.13896837791799]"
736,Robot,"[-4386.589886056508, -1468.3176998093202, 0, 0]","[-4263.4588384571125, -1446.782957714841, 492.52419039758024, 86.13896837791708]","[-4140.327790857717, -1425.2482156203612, 492.52419039758024, 86.1389683779189]","[-4017.1967432583215, -1403.7134735258817, 492.5241903975839, 86.13896837791799]","[-3894.0656956589273, -1382.1787314314022, 492.5241903975766, 86.13896837791799]","[-3770.934648059532, -1360.6439893369227, 492.52419039758206, 86.13896837791799]","[-3647.803600460137, -1339.1092472424432, 492.5241903975784, 86.13896837791799]","[-3524.672552860742, -1317.5745051479637, 492.52419039758024, 86.13896837791799]","[-3402.0668749282127, -1293.3123616652556, 490.4227117301184, 97.04857393083248]","[-3281.0974809817185, -1261.8841294243152, 483.87757578597666, 125.71292896376144]","[-3160.9486973676653, -1227.3983796751338, 480.5951344562127, 137.9429989967257]","[-3040.835130166884, -1192.7901500278786, 480.45426880312516, 138.43291858902103]","[-2921.192138034898, -1159.0876870459258, 478.5719685279437, 134.809851927811]","[-2801.1545984522977, -1127.311544793403, 480.1501583304016, 127.10456901009093]","[-2685.481243520929, -1080.3661514107612, 462.6934197254741, 187.78157353056758]","[-2576.651831219817, -1021.393570910064, 435.3176492044495, 235.8903220027887]"
737,Robot,"[-2456.032026733248, -991.0018474492556, 0, 0]","[-2331.763439906842, -977.4993170135084, 497.07434730562454, 54.01012174298876]","[-2207.494853080436, -963.9967865777616, 497.07434730562454, 54.010121742987394]","[-2083.473998174868, -948.661418963762, 496.0834196222713, 61.341470455998206]","[-1961.123689342232, -924.382789033237, 489.4012353305443, 97.11451972209989]","[-1836.7800903680968, -911.6419315019292, 497.3743958965406, 50.9634301252313]","[-1712.4094294700071, -899.1149052584057, 497.4826435923587, 50.1081049740942]","[-1588.0682821607604, -886.333188611126, 497.36458923698683, 51.126866589118436]","[-1463.8866622204455, -872.2153257656511, 496.7264797612602, 56.471451381899946]","[-1339.4990211798277, -859.8620930275073, 497.55056416247135, 49.41293095257515]","[-1215.1041571485368, -847.5772323186519, 497.57945612516323, 49.139442835421505]","[-1090.709293117246, -835.2923716097965, 497.57945612516323, 49.139442835421505]","[-966.314429085954, -823.0075109009409, 497.57945612516824, 49.139442835422415]","[-841.9195650546602, -810.7226501920853, 497.57945612517506, 49.139442835422415]","[-717.5247010233666, -798.4377894832296, 497.5794561251746, 49.13944283542287]","[-594.1923403447971, -779.7198953491567, 493.3294427142778, 74.87157653629174]"
738,Robot,"[-472.4537346953135, -751.3524510772577, 0, 0]","[-350.7151290458289, -722.9850068053587, 486.95442259793845, 113.46977708759596]","[-228.97652339634448, -694.617562533459, 486.95442259793776, 113.46977708759869]","[-107.23791774686032, -666.2501182615588, 486.9544225979366, 113.46977708760096]","[14.500687902623865, -637.8826739896583, 486.95442259793674, 113.46977708760187]","[136.23929355210805, -609.5152297177578, 486.95442259793674, 113.46977708760187]","[257.9778992015922, -581.1477854458576, 486.9544225979366, 113.46977708760096]","[379.7165048510768, -552.7803411739571, 486.95442259793845, 113.46977708760187]","[501.4551105005613, -524.4128969020567, 486.95442259793845, 113.46977708760197]","[623.1937161500446, -496.0454526301564, 486.954422597933, 113.46977708760119]","[744.9323217995277, -467.678008358256, 486.95442259793253, 113.46977708760141]","[866.6709274490108, -439.3105640863556, 486.95442259793253, 113.46977708760164]","[988.409533098494, -410.9431198144552, 486.95442259793253, 113.46977708760164]","[1110.148138747977, -382.57567554255473, 486.95442259793253, 113.46977708760187]","[1231.8867443974602, -354.2082312706543, 486.95442259793253, 113.46977708760164]","[1353.6253500469434, -325.8407869987539, 486.95442259793253, 113.46977708760164]"
739,Robot,"[1475.3639556964265, -297.4733427268535, 0, 0]","[1597.1025613459096, -269.1058984549531, 486.95442259793253, 113.46977708760164]","[1718.8411669953928, -240.73845418305268, 486.95442259793253, 113.46977708760164]","[1840.579772644876, -212.37100991115227, 486.95442259793253, 113.46977708760164]","[1962.318378294359, -184.00356563925183, 486.95442259793253, 113.46977708760176]","[2084.056983943844, -155.63612136735145, 486.9544225979398, 113.46977708760153]","[2205.795589593333, -127.26867709545104, 486.9544225979553, 113.46977708760164]","[2327.5341952428216, -98.90123282355064, 486.9544225979553, 113.46977708760159]","[2449.2728008923104, -70.53378855165022, 486.9544225979557, 113.4697770876018]","[2571.0114065417997, -42.16634427974981, 486.9544225979571, 113.46977708760164]","[2692.750012191288, -13.798900007849332, 486.95442259795345, 113.4697770876019]","[2814.488617840777, 14.568544264051258, 486.9544225979553, 113.46977708760235]","[2934.967810655342, 43.14913642364782, 481.91677125826027, 114.32236863838624]","[3043.264499308938, 74.601840755816, 433.186754614384, 125.81081732867273]","[3139.6121043353955, 111.75222322780547, 385.39042010583034, 148.6015298879579]","[3229.478905561507, 158.15487218429996, 359.4672049044457, 185.61059582597795]"
740,Robot,"[3324.061921909231, 217.42700828418188, 0, 0]","[3423.141916954359, 280.9568895245517, 396.3199801805131, 254.11952496147921]","[3519.840799525939, 343.2475350259694, 386.79553028631926, 249.16258200567086]","[3613.155084425041, 403.7766301334146, 373.2571395964078, 242.11638042978075]","[3701.6589825175047, 461.802107501208, 354.01559236985486, 232.1019094711737]","[3783.4562261168503, 516.3370341424959, 327.1889743973825, 218.13970656515153]","[3848.7829999632727, 584.5340410741376, 261.30709538568954, 272.7880277265667]","[3880.905753138594, 684.099632202244, 128.4910127012845, 398.26236451242585]","[3944.0889831809714, 745.5186622402626, 252.7329201695104, 245.67612015207465]","[4020.517857686125, 757.8234841162702, 305.7154980206142, 49.219287504030035]","[4084.604909374503, 768.9454041379233, 256.3482067535133, 44.48768008661273]","[4136.26236083751, 778.8786814078111, 206.62980585202604, 39.733109079551014]","[4176.59411281594, 787.7288819611741, 161.3270079137219, 35.40080221345215]","[4207.3929848838025, 795.6674531457177, 123.195488271449, 31.754284738174192]","[4234.8602183453, 802.7724609110015, 109.8689338459917, 28.420031061135433]","[4269.387670490014, 807.9768434483674, 138.10980857885443, 20.817530149463437]"
741,Robot,"[4306.773720580438, 807.3076148880252, 0, 0]","[4342.689820473609, 802.902606886048, 143.6643995726845, -17.620032007908776]","[4378.450877712934, 794.178756640478, 143.04422895730022, -34.89540098228008]","[4413.265550988249, 780.7182934588998, 139.25869310125927, -53.841852726312936]","[4447.388107812513, 760.6729460058867, 136.49022729705757, -80.1813898120522]","[4477.525964414006, 738.1397992703694, 120.55142640597114, -90.13258694206934]","[4504.621200366524, 712.5240023854242, 108.3809438100725, -102.46318753978085]","[4527.882699115741, 684.1872170153096, 93.0459949968681, -113.3471414804585]","[4547.227725825864, 652.0599608613046, 77.38010684049011, -128.50902461601993]","[4561.3384168785, 620.9759973085993, 56.44276421054383, -124.33585421082125]","[4537.385481264475, 662.5821229765339, -95.81174245609873, 166.42450267173854]","[4526.179421239855, 787.0788065416978, -44.824240098478185, 497.98673426065534]","[4514.973361215236, 911.5754901068616, -44.824240098478185, 497.98673426065534]","[4525.661026115492, 1035.9502914383718, 42.75065960102438, 497.49920532604074]","[4538.2524931831285, 1160.3144943147818, 50.36586827054634, 497.45681150563996]","[4550.843960250765, 1284.6786971911918, 50.36586827054634, 497.45681150563996]"
742,Robot,"[4563.435427318402, 1409.0429000676015, 0, 0]","[4576.026894386038, 1533.4071029440115, 50.36586827054634, 497.45681150563996]","[4588.618361453676, 1657.7713058204215, 50.36586827054998, 497.45681150563996]","[4585.131421149482, 1763.6355011446358, -13.947761216775689, 423.4567812968571]","[4463.736160118448, 1733.832974419413, -485.58104412413377, -119.21010690089133]","[4342.340899087413, 1704.03044769419, -485.58104412414104, -119.21010690089224]","[4220.945638056379, 1674.2279209689673, -485.5810441241374, -119.21010690089042]","[4099.5503770253445, 1644.4253942437444, -485.5810441241374, -119.21010690089133]","[3978.15511599431, 1614.6228675185216, -485.58104412413786, -119.21010690089143]","[3856.808050695746, 1584.633129852601, -485.3882611942572, -119.95895066368212]","[3735.411291685703, 1554.836705539309, -485.58703604017137, -119.18569725316866]","[3614.0145326756606, 1525.0402812260163, -485.58703604016955, -119.18569725317047]","[3492.617773665618, 1495.243856912724, -485.58703604016955, -119.18569725316956]","[3371.221014655576, 1465.4474325994315, -485.58703604016955, -119.18569725316956]","[3249.8242556455334, 1435.6510082861394, -485.58703604016955, -119.18569725316866]","[3128.427496635491, 1405.854583972847, -485.58703604016955, -119.18569725316956]"
743,Robot,"[3007.0307376254486, 1376.0581596595546, 0, 0]","[2885.6339786154062, 1346.2617353462622, -485.58703604016955, -119.18569725316956]","[2764.237219605364, 1316.4653110329698, -485.58703604016955, -119.18569725316956]","[2642.840460595321, 1286.6688867196774, -485.58703604017137, -119.18569725316956]","[2521.0565036867165, 1258.5578777652786, -487.1358276344181, -112.44403581759525]","[2397.5591218198037, 1240.6244753144667, -493.989527467651, -71.73360980324742]","[2276.036883518443, 1212.4501423847769, -486.0889532054425, -112.69733171875941]","[2154.83794110258, 1183.045932919042, -484.79576966345303, -117.61683786293997]","[2033.402689642524, 1191.3005905000837, -485.74100584022426, 33.01863032416716]","[1912.975250070796, 1223.569025278918, -481.7097582869119, 129.07373911533705]","[1793.623619874624, 1220.1661669600778, -477.4065207846879, -13.611433275360469]","[1675.011507927281, 1192.7524472657085, -474.44844778937204, -109.65487877747728]","[1556.65255864158, 1155.4334015662098, -473.4357971428035, -149.2761827979948]","[1439.3605256004494, 1153.4726492581326, -469.16813216452283, -7.843009232308759]","[1323.549410933229, 1159.879133220095, -463.24445866888163, 25.625935847849178]","[1208.3080577384462, 1119.2223364547249, -460.96541277913093, -162.62718706148007]"
744,Robot,"[1092.8744696724093, 1071.2631168384737, 0, 0]","[977.4408816063712, 1023.303897222222, -461.7343522641522, -191.83687846500698]","[862.0072935403314, 975.3446776059676, -461.7343522641595, -191.83687846501743]","[746.5737054742916, 927.3854579897136, -461.73435226415904, -191.83687846501607]","[631.1401174082519, 879.4262383734592, -461.73435226415904, -191.83687846501743]","[515.7065293422121, 831.467018757205, -461.73435226415904, -191.83687846501698]","[400.2729412761733, 783.5077991409507, -461.7343522641552, -191.83687846501698]","[279.2515590207844, 752.4329599473982, -484.08552902155566, -124.29935677421008]","[157.99735200750658, 722.0616366047916, -485.0168280531117, -121.48529337042658]","[36.743144994228615, 691.690313262185, -485.01682805311185, -121.48529337042646]","[-84.51106201904942, 661.3189899195784, -485.01682805311214, -121.48529337042646]","[-205.76526903232724, 630.9476665769718, -485.0168280531113, -121.48529337042646]","[-327.01947604560536, 600.5763432343651, -485.0168280531125, -121.48529337042646]","[-448.27368305888376, 570.2050198917585, -485.0168280531136, -121.48529337042646]","[-569.5278900721615, 539.8336965491519, -485.0168280531111, -121.48529337042646]","[-690.7820970854385, 509.4623732065455, -485.01682805310793, -121.48529337042555]"
745,Robot,"[-812.0363040987155, 479.0910498639402, 0, 0]","[-933.2905111119924, 448.7197265213351, -485.0168280531075, -121.48529337042055]","[-1054.5447181252696, 418.3484031787299, -485.01682805310884, -121.48529337042078]","[-1175.7989251385466, 387.9770798361247, -485.01682805310793, -121.48529337042078]","[-1297.0531321518235, 357.6057564935195, -485.01682805310793, -121.48529337042078]","[-1418.3073391651003, 327.2344331509139, -485.016828053107, -121.48529337042237]","[-1539.5597150516264, 296.86363383536167, -485.0095035461045, -121.48319726220893]","[-1646.1223155532068, 307.3861900317392, -426.25040200632156, 42.090224785510145]","[-1747.2290936048491, 334.3120084238999, -404.42711220656963, 107.70327356864287]","[-1866.69535708676, 300.88442393318326, -477.8650539276432, -133.71033796286656]","[-1986.6696630345043, 265.79645003389595, -479.8972237909775, -140.35189559714922]","[-2106.6439689822487, 230.70847613460865, -479.8972237909775, -140.35189559714922]","[-2226.3024277645227, 197.24357012809804, -478.63383512909604, -133.8596240260424]","[-2345.297109674283, 166.5659832836337, -475.9787276390416, -122.71034737785737]","[-2465.1543608080547, 131.0802206363793, -479.4290045350863, -141.94305058901762]","[-2585.0116119418262, 95.59445798912488, -479.4290045350863, -141.94305058901767]"
746,Robot,"[-2704.868863075598, 60.10869534187023, 0, 0]","[-2824.7261142093694, 24.622932694615457, -479.4290045350863, -141.9430505890191]","[-2944.583365343141, -10.862829952639462, -479.4290045350863, -141.94305058901966]","[-3064.4406164769125, -46.34859259989455, -479.4290045350863, -141.94305058902034]","[-3184.297867610684, -81.83435524714993, -479.4290045350863, -141.9430505890215]","[-3304.155118744456, -117.32011789440544, -479.4290045350881, -141.94305058902205]","[-3424.012369878224, -152.80588054166125, -479.4290045350717, -141.94305058902324]","[-3543.8696210119897, -188.29164318891708, -479.42900453506263, -141.9430505890233]","[-3664.452324557608, -220.8362620164288, -482.3308141824732, -130.17847531004702]","[-3781.931989579457, -240.80685084003483, -469.91866008739635, -79.88235529442409]","[-3891.374570867716, -250.8630875434288, -437.77032515303654, -40.22494681357591]","[-3996.405896792832, -251.54655148922765, -420.1253037004644, -2.733855783195395]","[-4102.23983146816, -243.87706270022176, -423.33573870131295, 30.677955156023586]","[-4217.806865021653, -231.20375273727055, -462.26813421396946, 50.69323985180483]","[-4331.185261631854, -217.83330004504563, -453.5135864408039, 53.48181076889966]","[-4359.278725943712, -250.7544872173124, -112.37385724743217, -131.68474868906708]"
747,Robot,"[-4289.056466026832, -351.6883468860528, 0, 0]","[-4164.165772880542, -356.9146998632093, 499.5627725851591, -20.905411908626093]","[-4039.275079734258, -362.1410528403658, 499.5627725851373, -20.905411908625865]","[-3914.3843865879794, -367.3674058175224, 499.56277258511363, -20.905411908626547]","[-3789.493693441701, -372.5937587946789, 499.56277258511363, -20.905411908625865]","[-3664.603000295423, -377.8201117718354, 499.5627725851118, -20.905411908626093]","[-3539.712307149144, -383.0464647489919, 499.56277258511545, -20.905411908626093]","[-3414.8216140028658, -388.2728177261485, 499.56277258511363, -20.90541190862632]","[-3289.930920856588, -393.49917070330497, 499.56277258511227, -20.905411908625883]","[-3165.040227710309, -398.7255236804615, 499.56277258511545, -20.905411908626093]","[-3040.1495345640305, -403.951876657618, 499.56277258511363, -20.905411908626093]","[-2915.258841417752, -409.17822963477454, 499.56277258511363, -20.905411908626093]","[-2790.3681482714737, -414.4045826119311, 499.56277258511363, -20.90541190862632]","[-2665.477455125196, -419.6309355890876, 499.5627725851118, -20.905411908625865]","[-2540.586761978917, -424.8572885662441, 499.56277258511545, -20.905411908626093]","[-2415.6960688326385, -430.08364154340063, 499.56277258511363, -20.905411908626093]"
748,Robot,"[-2290.80537568636, -435.3099945205572, 0, 0]","[-2165.919059642328, -440.6229573980217, 499.5452641761276, -21.251851509857943]","[-2041.045483906559, -445.12020101075024, 499.49430294307695, -17.988974450914156]","[-1917.709089880154, -433.7140190400502, 493.34557610562024, 45.624727882800244]","[-1793.9514281788263, -432.8887655234907, 495.0306468053104, 3.30101406623794]","[-1669.2998553783716, -441.5320421105742, 498.60629120181875, -34.57310634833402]","[-1546.9466989002958, -463.29657347528496, 489.41262591230316, -87.05812545884305]","[-1428.923123294722, -504.0091696854076, 472.0943024222952, -162.8503848404905]","[-1309.4375341433818, -540.0358561747682, 477.94235660536145, -144.10674595744277]","[-1184.5102930143148, -543.651253110892, 499.70896451626777, -14.461587744494864]","[-1059.5411887064038, -546.4302760469311, 499.87641723164415, -11.11609174415662]","[-934.9447055065476, -555.0476231865615, 498.3859327994246, -34.46938855852159]","[-810.9159221860535, -567.4842764172321, 496.11513328197634, -49.74661292268229]","[-685.9332948826319, -569.5682323510591, 499.9305092136865, -8.335823735308168]","[-560.9506675792103, -571.6521882848862, 499.9305092136865, -8.335823735308168]","[-435.9680402757887, -573.7361442187132, 499.93050921368626, -8.335823735308168]"
749,Robot,"[-310.98541297236704, -575.8201001525402, 0, 0]","[-186.00278566894585, -577.9040560863673, 499.9305092136848, -8.335823735308168]","[-61.02015836552474, -579.9880120201943, 499.93050921368445, -8.335823735308168]","[63.96246893789639, -582.0719679540214, 499.93050921368456, -8.335823735308168]","[188.9450962413175, -584.155923887847, 499.9305092136844, -8.33582373530271]","[313.92772354473874, -586.2398798216726, 499.930509213685, -8.335823735302256]","[438.9103508481604, -588.3238357554983, 499.9305092136867, -8.33582373530271]","[563.8929781515819, -590.407791689324, 499.93050921368604, -8.33582373530271]","[688.8756054550036, -592.4917476231495, 499.93050921368695, -8.335823735302263]","[813.8582327584252, -594.5757035569752, 499.9305092136865, -8.33582373530271]","[938.8408600618468, -596.6596594908008, 499.9305092136865, -8.335823735302256]","[1063.8234873652684, -598.7436154246265, 499.9305092136865, -8.33582373530271]","[1188.80611466869, -600.8275713584521, 499.9305092136865, -8.33582373530271]","[1313.7887419721117, -602.9115272922777, 499.9305092136865, -8.335823735302256]","[1438.7713692755333, -604.9954832261034, 499.9305092136865, -8.33582373530271]","[1563.753996578955, -607.0794391599289, 499.9305092136865, -8.335823735302256]"
750,Robot,"[1688.2247491277371, -606.8748228155189, 0, 0]","[1800.410507565174, -551.7444717934497, 448.74303374974716, 220.52140408827654]","[1912.5962660026107, -496.6141207713806, 448.74303374974716, 220.52140408827654]","[2024.7820244400475, -441.4837697493115, 448.74303374974716, 220.52140408827654]","[2136.967782877489, -386.3534187272424, 448.74303374976535, 220.5214040882763]","[2249.1535413149318, -331.2230677051732, 448.7430337497717, 220.52140408827677]","[2361.339299752374, -276.0927166831041, 448.7430337497681, 220.52140408827654]","[2473.5250581898163, -220.9623656610349, 448.7430337497699, 220.52140408827665]","[2585.7108166272587, -165.8320146389658, 448.7430337497703, 220.52140408827663]","[2697.896575064701, -110.70166361689668, 448.7430337497699, 220.52140408827648]","[2810.082333502144, -55.5713125948275, 448.7430337497717, 220.5214040882767]","[2922.268091939586, -0.4409615727582361, 448.7430337497681, 220.52140408827708]","[3034.4538503770286, 54.68938944931107, 448.7430337497699, 220.52140408827722]","[3146.639608814471, 109.81974047138053, 448.7430337497699, 220.52140408827782]","[3258.8253672519136, 164.95009149344978, 448.7430337497699, 220.521404088277]","[3371.011125689356, 220.0804425155189, 448.7430337497699, 220.52140408827654]"
751,Robot,"[3483.1968841267985, 275.21079353758824, 0, 0]","[3595.382642564241, 330.3411445596574, 448.7430337497699, 220.52140408827654]","[3707.568401001684, 385.4714955817265, 448.7430337497717, 220.52140408827654]","[3819.754159439126, 440.6018466037957, 448.7430337497681, 220.52140408827677]","[3931.939917876568, 495.7321976258648, 448.7430337497681, 220.5214040882763]","[4044.125676314011, 550.862548647934, 448.7430337497717, 220.52140408827677]","[4156.311434751447, 605.9928996700031, 448.74303374974625, 220.52140408827654]","[4268.497193188879, 661.1232506920722, 448.7430337497244, 220.52140408827654]","[4380.68295162631, 716.2536017141414, 448.7430337497248, 220.52140408827674]","[4492.868710063741, 771.3839527362105, 448.7430337497244, 220.52140408827654]","[4605.054468501172, 826.5143037582797, 448.7430337497244, 220.52140408827654]","[4717.240226938603, 881.6446547803488, 448.7430337497244, 220.52140408827654]","[4829.425985376034, 936.775005802418, 448.7430337497244, 220.521404088277]","[4941.611743813465, 991.9053568244872, 448.7430337497244, 220.52140408827654]","[5053.797502250896, 1047.035707846556, 448.7430337497244, 220.52140408827563]","[5165.983260688327, 1102.1660588686252, 448.7430337497244, 220.52140408827654]"
752,Robot,"[5278.169019125759, 1157.2964098906943, 0, 0]","[5387.219926853067, 1213.7363416292078, 436.2036309092291, 225.7597269540538]","[5484.988115053158, 1284.575752555803, 391.0727528003663, 283.35764370638117]","[5584.238014435358, 1360.5656002101068, 396.9995975288002, 303.9593906172149]","[5683.69598111415, 1436.280615544791, 397.83186671516523, 302.86006133873707]","[5783.7835904698, 1511.1636568149183, 400.35043742260314, 299.532165080509]","[5883.756951135699, 1586.1990257024231, 399.8934426635933, 300.1414755500191]","[5983.204186689005, 1661.9297042232947, 397.7889422132248, 302.9227140834864]","[6081.752133604814, 1738.8258529428686, 394.19178766323637, 307.5845948782956]","[6178.758330275558, 1817.654256984868, 388.0247866829777, 315.3136161679977]","[6272.676999922328, 1900.118614991172, 375.67467858707823, 329.85743202521644]","[6365.842848443319, 1970.9773143533464, 372.6633940839638, 283.4347974486973]","[6490.435400130193, 1960.892867707366, 498.3702067474951, -40.337786583922025]","[6602.905208982365, 1992.0695156343356, 449.8792354086909, 124.70659170787894]","[6702.242046430279, 2067.9456826819983, 397.34734979165296, 303.5046681906506]","[6801.578883878192, 2143.821849729657, 397.34734979165296, 303.50466819063513]"
753,Robot,"[6900.915721326105, 2219.698016777316, 0, 0]","[7000.252558774018, 2295.5741838249746, 397.34734979165296, 303.50466819063513]","[7099.589396221932, 2371.4503508726334, 397.34734979165296, 303.50466819063513]","[7198.926233669848, 2447.326517920292, 397.3473497916675, 303.50466819063513]","[7298.263071117769, 2523.202684967951, 397.34734979168206, 303.50466819063513]","[7397.5999085656895, 2599.0788520156098, 397.34734979168206, 303.50466819063513]","[7434.506900985655, 2648.5361977979223, 147.62796967986287, 197.82938312925035]","[7310.880006190876, 2630.059431755059, -494.5075791791169, -73.90706417145338]","[7187.253111396097, 2611.582665712196, -494.50757917911733, -73.90706417145164]","[7063.6262166013175, 2593.1058996693323, -494.5075791791169, -73.9070641714552]","[6939.999321806538, 2574.629133626469, -494.5075791791169, -73.90706417145338]","[6816.372427011759, 2556.1523675836056, -494.5075791791169, -73.90706417145338]","[6692.74553221698, 2537.6756015407423, -494.5075791791169, -73.90706417145338]","[6569.118637422201, 2519.1988354978766, -494.5075791791169, -73.90706417146248]","[6445.491742627421, 2500.7220694550065, -494.5075791791169, -73.90706417148067]","[6321.864847832642, 2482.245303412136, -494.5075791791169, -73.90706417148249]"
754,Robot,"[6198.237953037863, 2463.768537369265, 0, 0]","[6074.611058243084, 2445.291771326395, -494.5075791791169, -73.90706417147885]","[5950.984163448305, 2426.8150052835244, -494.5075791791169, -73.90706417148249]","[5827.357268653525, 2408.338239240654, -494.5075791791169, -73.90706417148249]","[5703.730373858746, 2389.861473197784, -494.5075791791169, -73.90706417147885]","[5580.103479063967, 2371.384707154913, -494.5075791791169, -73.90706417148431]","[5456.476584269188, 2352.907941112043, -494.5075791791169, -73.90706417148067]","[5332.8496894744085, 2334.431175069172, -494.5075791791169, -73.90706417148431]","[5209.222794679629, 2315.9544090263016, -494.50757917911733, -73.90706417148074]","[5085.59589988485, 2297.4776429834315, -494.5075791791169, -73.90706417148067]","[4961.969005090071, 2279.000876940561, -494.5075791791169, -73.90706417148249]","[4848.739900872799, 2259.0249284528336, -452.9164168690877, -79.90379395090895]","[4743.39098794973, 2261.400834663103, -421.39565169227717, 9.503624841077908]","[4636.453498027618, 2299.094717786604, -427.74995968844814, 150.77553249400444]","[4549.067611116344, 2388.2862410857065, -349.5435476450948, 356.7660931964092]","[4464.398166235583, 2471.416026938451, -338.6777795230446, 332.51914341097836]"
755,Robot,"[4373.440060869605, 2525.503571179996, 0, 0]","[4282.92722213882, 2567.345597535721, -362.05135492314, 167.36810542290004]","[4209.411493009522, 2647.839575834029, -294.0629165171922, 321.97591319323146]","[4163.52750768439, 2763.545590995481, -183.53594130052807, 462.82406064580755]","[4151.741523953729, 2882.32445455951, -47.14393492264571, 475.1154542561162]","[4048.0571909636415, 2830.6222496926425, -414.73733196034846, -206.80881946746922]","[3939.017372380844, 2800.9948502583047, -436.1592743311903, -118.50959773735121]","[3838.289638837553, 2742.72627982358, -402.9109341731637, -233.0742817388982]","[3743.462117282884, 2661.284637184201, -379.31008621867693, -325.7665705575167]","[3648.634595728216, 2579.842994544822, -379.31008621867113, -325.7665705575164]","[3553.807074173547, 2498.401351905443, -379.3100862186766, -325.7665705575164]","[3458.979552618878, 2416.959709266064, -379.31008621867477, -325.7665705575164]","[3364.152031064209, 2335.5180666266847, -379.3100862186766, -325.7665705575164]","[3269.324509509541, 2254.0764239873056, -379.31008621867295, -325.7665705575164]","[3174.496987954872, 2172.6347813479265, -379.31008621867477, -325.7665705575164]","[3061.64473891633, 2118.881922010553, -451.40899615416856, -215.01143734949437]"
756,Robot,"[2948.792489877788, 2065.1290626731798, 0, 0]","[2835.9402408392457, 2011.376203335802, -451.40899615416856, -215.01143734951074]","[2723.0879918007035, 1957.623343998424, -451.40899615416856, -215.01143734951256]","[2610.2357427621614, 1903.8704846610456, -451.40899615416856, -215.01143734951347]","[2497.3834937236197, 1850.1176253236672, -451.40899615416674, -215.01143734951347]","[2384.531244685077, 1796.3647659862888, -451.4089961541704, -215.01143734951347]","[2271.678995646535, 1742.6119066489105, -451.40899615416856, -215.01143734951347]","[2158.826746607993, 1688.859047311532, -451.40899615416856, -215.01143734951347]","[2045.974497569451, 1635.1061879741535, -451.40899615416805, -215.01143734951458]","[1933.1222485309145, 1581.353328636778, -451.4089961541458, -215.01143734950165]","[1820.269999492378, 1527.600469299403, -451.4089961541458, -215.01143734950074]","[1707.4177504538416, 1473.8476099620268, -451.4089961541458, -215.01143734950438]","[1594.565501415305, 1420.0947506246512, -451.4089961541458, -215.01143734950256]","[1481.7132523767689, 1366.3418912872755, -451.4089961541449, -215.01143734950256]","[1368.8610033382322, 1312.5890319499, -451.40899615414673, -215.01143734950256]","[1256.0087542996955, 1258.8361726125245, -451.40899615414673, -215.01143734950165]"
757,Robot,"[1143.1565052611593, 1205.0833132751486, 0, 0]","[1030.3042562226228, 1151.330453937773, -451.4089961541458, -215.01143734950256]","[917.4520071840836, 1097.5775946003962, -451.40899615415674, -215.0114373495071]","[804.5997581455443, 1043.8247352630192, -451.4089961541572, -215.01143734950801]","[691.747509107005, 990.0718759256424, -451.4089961541572, -215.0114373495071]","[578.8952600684657, 936.319016588266, -451.4089961541572, -215.01143734950574]","[466.0430110299271, 882.5661572508895, -451.4089961541547, -215.01143734950574]","[353.1907619913892, 828.8132979135131, -451.4089961541515, -215.01143734950574]","[240.3385129528513, 775.0604385761367, -451.408996154152, -215.01143734950594]","[127.48626391431344, 721.3075792387602, -451.4089961541514, -215.01143734950574]","[14.634014875775271, 667.5547199013838, -451.40899615415265, -215.01143734950574]","[-98.21823416276284, 613.8018605640074, -451.4089961541524, -215.01143734950574]","[-211.0704832013008, 560.0490012266309, -451.4089961541518, -215.01143734950574]","[-323.9227322398387, 506.2961418892545, -451.4089961541516, -215.01143734950574]","[-436.7749812783766, 452.54328255187806, -451.4089961541515, -215.01143734950574]","[-549.627230316915, 398.7904232145016, -451.40899615415356, -215.01143734950597]"
758,Robot,"[-662.4794793554543, 345.0375638771252, 0, 0]","[-775.3317283939936, 291.2847045397488, -451.4089961541572, -215.0114373495055]","[-888.1839774325329, 237.53184520237232, -451.4089961541572, -215.01143734950597]","[-1001.0362264710722, 183.7789858649959, -451.4089961541572, -215.01143734950574]","[-1113.8884755096092, 130.02612652761945, -451.4089961541481, -215.01143734950574]","[-1226.7407245481456, 76.27326719024276, -451.4089961541458, -215.01143734950676]","[-1339.592973586682, 22.520407852866203, -451.4089961541458, -215.01143734950625]","[-1452.4452226252183, -31.232451484510257, -451.4089961541449, -215.01143734950585]","[-1565.297471663755, -84.9853108218866, -451.40899615414713, -215.01143734950557]","[-1678.1497207022917, -138.7381701592627, -451.40899615414673, -215.01143734950438]","[-1794.802783960049, -177.91876638585694, -466.61225303102947, -156.722384906377]","[-1919.532577433652, -186.13330350204052, -498.91917389441187, -32.85814846473431]","[-2044.262370907254, -194.34784061822413, -498.91917389440823, -32.85814846473443]","[-2168.9921643808566, -202.56237773440776, -498.91917389441005, -32.85814846473454]","[-2293.721957854459, -210.77691485059137, -498.91917389441005, -32.85814846473443]","[-2418.4517513280616, -218.99145196677495, -498.91917389441005, -32.85814846473431]"
759,Robot,"[-2543.181544801664, -227.20598908295855, 0, 0]","[-2667.911338275266, -235.4205261991422, -498.91917389440823, -32.85814846473454]","[-2792.641131748869, -243.6350633153258, -498.91917389441187, -32.85814846473443]","[-2917.370925222472, -251.8496004315094, -498.91917389441187, -32.85814846473443]","[-3042.100718696074, -260.0641375476933, -498.91917389440823, -32.858148464735564]","[-3166.8305121696767, -268.27867466387767, -498.91917389441005, -32.858148464737496]","[-3291.560305643279, -276.493211780062, -498.91917389441005, -32.85814846473727]","[-3416.2900991168817, -284.7077488962463, -498.91917389441005, -32.85814846473727]","[-3541.019892590484, -292.9222860124306, -498.9191738944087, -32.8581484647373]","[-3665.749686064087, -301.13682312861494, -498.9191738944137, -32.85814846473727]","[-3790.479479537689, -309.35136024479925, -498.9191738944064, -32.85814846473727]","[-3915.209273011292, -317.5658973609836, -498.9191738944137, -32.858148464737496]","[-4039.9390664848943, -325.7804344771679, -498.91917389440823, -32.85814846473704]","[-4164.668859958497, -333.9949715933522, -498.91917389441005, -32.85814846473727]","[-4289.398653432099, -342.2095087095365, -498.91917389441005, -32.85814846473727]","[-4414.128446905702, -350.42404582572067, -498.91917389441005, -32.85814846473659]"
760,Robot,"[-4538.858240379304, -358.6385829419045, 0, 0]","[-4663.588033852907, -366.8531200580882, -498.91917389441005, -32.858148464734995]","[-4788.317827326509, -375.067657174272, -498.91917389441005, -32.858148464734995]","[-4913.047620800112, -383.2821942904558, -498.91917389441005, -32.85814846473522]","[-5037.777414273714, -391.4967314066396, -498.91917389441005, -32.85814846473522]","[-5162.507207747317, -399.7112685228234, -498.91917389441005, -32.85814846473522]","[-5287.237001220919, -407.9258056390072, -498.91917389441005, -32.85814846473522]","[-5411.966794694522, -416.140342755191, -498.91917389441005, -32.85814846473522]","[-5536.696588168124, -424.3548798713748, -498.9191738944105, -32.85814846473525]","[-5661.426381641727, -432.56941698755855, -498.91917389441005, -32.858148464734995]","[-5786.1561751153295, -440.7839541037424, -498.91917389441005, -32.85814846473545]","[-5910.885968588932, -448.9984912199261, -498.91917389441005, -32.85814846473477]","[-6035.615762062535, -457.2130283361099, -498.9191738944137, -32.85814846473522]","[-6160.345555536137, -465.4275654522937, -498.9191738944064, -32.85814846473522]","[-6285.07534900974, -473.6421025684775, -498.9191738944137, -32.85814846473522]","[-6409.805142483342, -481.8566396846613, -498.9191738944064, -32.858148464734995]"
761,Robot,"[1126.09737, 2834.6321, 0, 0]","[1242.4220902155969, 2880.2876025253704, 465.2988808623877, 182.62201010148237]","[1363.4701101833246, 2911.0946322568884, 484.1920798709107, 123.22811892607206]","[1484.773526607053, 2941.236045251199, 485.2136656949142, 120.56565197724194]","[1605.5969398563902, 2973.2772116585443, 483.29365299734854, 128.1646656293815]","[1680.877240835376, 3003.4408515431182, 301.1212039159427, 120.65455953829587]","[1688.9786470440165, 3035.360756301143, 32.40562483456233, 127.67961903209834]","[1685.4599553000112, 3067.851144288638, -14.074766976021237, 129.96155194998028]","[1650.7084565181065, 3091.835649987177, -139.00599512761903, 95.93802279415658]","[1599.5643387275818, 3110.6126328286687, -204.57647116209864, 75.10793136596658]","[1557.0309655335252, 3115.2859216270067, -170.13349277622638, 18.69315519335214]","[1487.8980857501083, 3097.432585362085, -276.53151913366764, -71.41334505968734]","[1415.9570063033218, 3077.9094656036764, -287.76431778714596, -78.09247903363394]","[1390.8772014580532, 3082.645825547142, -100.31921938107462, 18.945439773862745]","[1393.1305719358309, 3084.2445969807704, 9.01348191111083, 6.395085734513486]","[1372.6876034178918, 3077.963071411062, -81.77187407175643, -25.12610227883306]"
762,Robot,"[1381.6973975691442, 3076.581028415398, 0, 0]","[1392.5877062215202, 3067.344031829321, 43.56123460950403, -36.94798634430845]","[1398.6844480627535, 3060.876674431336, 24.386967364933298, -25.86942959193948]","[1412.350299246636, 3061.9770034171083, 54.663404735530094, 4.401315943088775]","[1442.7870939719107, 3093.706556737836, 121.74717890109878, 126.91821328291007]","[1440.9308592550178, 3119.2780750556967, -7.4249388675716546, 102.28607327144346]","[1458.5934610190614, 3162.807644712689, 70.65040705617412, 174.11827862796963]","[1474.162053401899, 3234.4338283192515, 62.2743695313502, 286.50473442624934]","[1434.7318733248374, 3302.4037442329704, -157.72072030824634, 271.87966365487614]","[1334.214290284419, 3247.7243333595684, -402.07033216167383, -218.7176434936082]","[1231.97603185678, 3175.8053614975925, -408.95303371055525, -287.67588744790373]","[1129.7377734291415, 3103.8863896356165, -408.95303371055434, -287.67588744790373]","[1090.0922761948432, 3045.4155065129557, -158.58198893719327, -233.88353249064312]","[1212.6950581398428, 3021.0524636129603, 490.4111277799984, -97.45217159998174]","[1335.2978400848424, 2996.6894207129653, 490.4111277799984, -97.45217159997992]","[1457.900622029842, 2972.3263778129703, 490.4111277799984, -97.45217159997992]"
763,Robot,"[1580.5034039748416, 2947.963334912976, 0, 0]","[1703.1061859198412, 2923.6002920129804, 490.4111277799984, -97.45217159998174]","[1825.7089678648408, 2899.2372491129886, 490.4111277799984, -97.45217159996719]","[1948.3117498098404, 2874.8742062129995, 490.4111277799984, -97.45217159995627]","[2070.91453175484, 2850.51116331301, 490.4111277799984, -97.45217159995809]","[2193.51731369984, 2826.148120413021, 490.41112778000024, -97.45217159995627]","[2316.1200956448392, 2801.785077513032, 490.4111277799966, -97.45217159995627]","[2438.722877589839, 2777.422034613043, 490.4111277799984, -97.45217159995627]","[2561.3256595348385, 2753.0589917130533, 490.4111277799989, -97.45217159995818]","[2683.928441479838, 2728.695948813064, 490.4111277799984, -97.45217159995627]","[2806.5312234248377, 2704.332905913075, 490.4111277799984, -97.45217159995627]","[2929.1340053698373, 2679.969863013086, 490.4111277799984, -97.45217159995627]","[3051.736787314837, 2655.6068201130965, 490.4111277799984, -97.45217159995809]","[3174.3395692598365, 2631.2437772131075, 490.4111277799984, -97.45217159995627]","[3295.990619870138, 2602.5678922095854, 486.6042024412054, -114.7035400140885]","[3417.460388321449, 2573.070513472057, 485.87907380524484, -117.98951495011352]"
764,Robot,"[3538.9301567727603, 2543.5731347345286, 0, 0]","[3660.399925224072, 2514.075755997, 485.87907380524666, -117.98951495011352]","[3781.869693675383, 2484.578377259472, 485.87907380524484, -117.98951495011352]","[3903.339462126694, 2455.0809985219435, 485.879073805243, -117.98951495011352]","[4024.809230578005, 2425.583619784415, 485.87907380524484, -117.98951495011352]","[4146.278999029316, 2396.0862410468867, 485.879073805243, -117.98951495011352]","[4267.748767480627, 2366.5888623093583, 485.87907380524484, -117.98951495011352]","[4389.218535931938, 2337.09148357183, 485.87907380524484, -117.98951495011352]","[4510.6883043832495, 2307.5941048343016, 485.8790738052453, -117.98951495011362]","[4632.158072834561, 2278.096726096773, 485.87907380524484, -117.98951495011352]","[4753.520305639247, 2248.8333822544973, 485.448931218747, -117.05337536910338]","[4874.987388696039, 2219.324947296411, 485.8683322271645, -118.03373983234451]","[4996.45447175283, 2189.816512338325, 485.8683322271645, -118.03373983234451]","[5117.921554809621, 2160.308077380239, 485.8683322271645, -118.03373983234451]","[5239.388637866412, 2130.799642422153, 485.8683322271645, -118.03373983234451]","[5360.855720923203, 2101.2912074640667, 485.8683322271645, -118.03373983234451]"
765,Robot,"[5482.322803979994, 2071.7827725059806, 0, 0]","[5603.789887036785, 2042.2743375478944, 485.8683322271645, -118.03373983234451]","[5725.2569700935765, 2012.7659025898083, 485.8683322271645, -118.03373983234451]","[5846.724053150368, 1983.2574676317224, 485.8683322271645, -118.0337398323436]","[5968.191136207159, 1953.749032673636, 485.8683322271645, -118.03373983234542]","[6089.65821926395, 1924.24059771555, 485.8683322271645, -118.03373983234451]","[6211.125302320741, 1894.7321627574613, 485.8683322271645, -118.03373983235451]","[6332.592385377532, 1865.2237277993715, 485.8683322271645, -118.03373983235906]","[6454.059468434323, 1835.715292841281, 485.86833222716496, -118.03373983236189]","[6575.526551491114, 1806.206857883191, 485.8683322271645, -118.03373983235997]","[6687.969969401847, 1754.6178361120951, 449.77367164293173, -206.35608708438394]","[6795.3375756679225, 1690.6084842586836, 429.4704250643008, -256.0374074136462]","[6902.705181933998, 1626.599132405272, 429.4704250643008, -256.0374074136462]","[7010.072788200073, 1562.5897805518605, 429.4704250643008, -256.0374074136462]","[7117.440394466148, 1498.580428698449, 429.4704250643008, -256.0374074136462]","[7224.808000732223, 1434.571076845033, 429.4704250643008, -256.03740741366346]"
766,Robot,"[7332.175606998298, 1370.5617249916158, 0, 0]","[7439.543213264374, 1306.5523731381986, 429.47042506430444, -256.0374074136689]","[7546.910819530449, 1242.5430212847814, 429.4704250643008, -256.0374074136689]","[7654.278425796524, 1178.5336694313642, 429.4704250643008, -256.0374074136689]","[7761.646032062599, 1114.524317577947, 429.4704250643008, -256.0374074136689]","[7869.013638328674, 1050.5149657245297, 429.47042506429716, -256.0374074136689]","[7976.38124459475, 986.5056138711142, 429.47042506430444, -256.0374074136621]","[8083.748850860825, 922.4962620176992, 429.4704250643008, -256.0374074136598]","[8191.1164571269, 858.486910164282, 429.4704250643012, -256.03740741366914]","[8107.336467038605, 785.0933996197239, -335.1199603531786, -293.5740421782325]","[8006.9291686494735, 710.6395586832389, -401.62919355652775, -297.81536374594]","[7906.521870260341, 636.1857177467539, -401.6291935565314, -297.81536374594]","[7806.11457187121, 561.7318768102689, -401.6291935565241, -297.81536374594]","[7705.707273482078, 487.2780358737844, -401.62919355652775, -297.81536374593793]","[7605.299975092946, 412.8241949373008, -401.62919355652775, -297.8153637459345]","[7504.892676703814, 338.37035400081726, -401.62919355652775, -297.81536374593406]"
767,Robot,"[7404.485378314682, 263.9165130643337, 0, 0]","[7304.07807992555, 189.4626721278501, -401.62919355652775, -297.8153637459343]","[7203.670781536418, 115.0088311913669, -401.62919355652775, -297.81536374593287]","[7103.263483147286, 40.55499025488412, -401.62919355652775, -297.8153637459311]","[6997.127719360916, -22.98529055983464, -424.54305514548105, -254.16112325887502]","[6878.818966605414, -63.33425611580584, -473.2350110220068, -161.39586222388482]","[6760.510213849912, -103.6832216717771, -473.2350110220068, -161.39586222388505]","[6642.201461094411, -144.03218722774812, -473.2350110220068, -161.39586222388408]","[6523.892708338909, -184.38115278371916, -473.2350110220072, -161.39586222388428]","[6405.583955583407, -224.7301183396901, -473.2350110220068, -161.3958622238838]","[6287.275202827906, -265.07908389566114, -473.2350110220068, -161.39586222388414]","[6168.966450072404, -305.42804945163215, -473.2350110220068, -161.39586222388402]","[6050.657697316902, -345.77701500760315, -473.2350110220068, -161.39586222388402]","[5932.3489445614005, -386.12598056357416, -473.2350110220068, -161.39586222388402]","[5814.040191805899, -426.4749461195452, -473.2350110220068, -161.39586222388425]","[5695.731439050397, -466.8239116755162, -473.2350110220068, -161.3958622238838]"
768,Robot,"[5577.422686294895, -507.1728772314872, 0, 0]","[5459.113933539394, -547.5218427874569, -473.2350110220068, -161.3958622238788]","[5340.805180783892, -587.8708083434265, -473.2350110220068, -161.39586222387834]","[5233.826859751656, -608.89313133858, -427.9132841289429, -84.08929198061423]","[5117.30514807928, -648.9629635032783, -466.08684668950445, -160.27932865879302]","[4998.226903011883, -667.1977539741014, -476.31298026958757, -72.9391618832924]","[4884.584890026111, -621.5404491876195, -454.5680519430898, 182.62921914592744]","[4785.690094230429, -545.286011731767, -395.5791831827264, 305.0177498234102]","[4681.205633089384, -495.8949271834992, -417.93784456418183, 197.56433819307125]","[4577.457990830601, -472.8946436269956, -414.99056903512974, 92.0011342260143]","[4480.747052660167, -428.53246815666085, -386.8437526817361, 177.44870188133905]","[4422.617733480593, -320.82161914695024, -232.51727671829576, 430.84339603884246]","[4363.426417517196, -305.41041104386875, -236.76526385359102, 61.64483241232597]","[4289.666679835188, -406.3287002539114, -295.0389507280306, -403.6731568401706]","[4215.90694215318, -507.2469894639548, -295.0389507280306, -403.67315684017353]","[4142.147204471173, -608.1652786739975, -295.0389507280306, -403.6731568401708]"
769,Robot,"[4068.387466789165, -709.0835678840422, 0, 0]","[3994.6277291071583, -810.0018570940877, -295.038950728027, -403.67315684018195]","[3911.954029907944, -900.54073413225, -330.6947967968572, -362.1555081526494]","[3801.052785904225, -958.2114726261158, -443.60497601487623, -230.68295397546308]","[3690.1515419005054, -1015.8822111199815, -443.60497601487805, -230.68295397546308]","[3579.2502978967864, -1073.552949613845, -443.60497601487623, -230.68295397545353]","[3468.349053893068, -1131.223688107708, -443.6049760148744, -230.68295397545262]","[3357.4478098893483, -1188.894426601574, -443.60497601487805, -230.68295397546353]","[3246.546565885629, -1246.5651650954403, -443.6049760148766, -230.68295397546555]","[3135.64532188191, -1304.2359035893069, -443.60497601487623, -230.68295397546626]","[3024.744077878191, -1361.9066420831732, -443.60497601487623, -230.68295397546535]","[2913.842833874472, -1419.5773805770398, -443.60497601487623, -230.68295397546626]","[2802.941589870753, -1477.248119070906, -443.60497601487623, -230.68295397546444]","[2692.040345867034, -1534.9188575647725, -443.60497601487623, -230.68295397546626]","[2581.139101863315, -1592.589596058639, -443.60497601487623, -230.68295397546626]","[2473.0760378113505, -1651.1594615495533, -432.2522562078575, -234.279461963657]"
770,Robot,"[2364.517509835553, -1709.767483984989, 0, 0]","[2253.4920946466564, -1767.198809776163, -444.10166075558664, -229.72530316469602]","[2142.46667945776, -1824.630135567337, -444.1016607555848, -229.72530316469602]","[2031.441264268862, -1882.061461358511, -444.101660755593, -229.72530316469602]","[1920.41584907996, -1939.492787149685, -444.10166075560755, -229.72530316469602]","[1809.3904338910572, -1996.924112940859, -444.1016607556112, -229.72530316469602]","[1698.365018702155, -2054.355438732033, -444.10166075560846, -229.7253031646951]","[1587.3396035132528, -2111.786764523207, -444.1016607556094, -229.72530316469602]","[1476.3141883243504, -2169.218090314381, -444.10166075560977, -229.72530316469621]","[1365.288773135448, -2226.649416105555, -444.1016607556094, -229.72530316469602]","[1254.2633579465455, -2284.080741896729, -444.1016607556103, -229.72530316469602]","[1143.2379427576434, -2341.512067687903, -444.10166075560846, -229.72530316469602]","[1032.212527568741, -2398.943393479077, -444.1016607556094, -229.72530316469602]","[942.9194794896034, -2479.8368607470134, -357.17219231655054, -323.57386907174623]","[877.1698291127109, -2586.1476479481094, -262.99860150757013, -425.24314880438396]","[811.4201787358184, -2692.4584351492053, -262.99860150757013, -425.24314880438396]"
771,Robot,"[745.6705283589258, -2798.7692223503013, 0, 0]","[679.920877982032, -2905.0800095513973, -262.99860150757513, -425.24314880438396]","[662.684613761005, -2903.704298425692, -68.945056884108, 5.502844502821972]","[698.8301917527286, -2784.044375345138, 144.5823119668944, 478.6396923222146]","[727.2458674197585, -2664.132298175775, 113.66270266811944, 479.6483086774533]","[698.9755927057009, -2542.3710910218, -113.08109885623026, 487.04482861589895]","[670.7053179916434, -2420.6098838678254, -113.08109885623026, 487.04482861589895]","[642.4350432775858, -2298.84867671385, -113.08109885623026, 487.04482861590077]","[614.1647685635282, -2177.087469559876, -113.08109885623035, 487.0448286158976]","[585.8944938494707, -2055.326262405901, -113.08109885623026, 487.04482861589895]","[557.6242191354131, -1933.565055251932, -113.08109885623026, 487.0448286158762]","[529.3539444213555, -1811.8038480979628, -113.08109885623026, 487.0448286158771]","[501.08366970729855, -1690.0426409439938, -113.08109885622798, 487.0448286158762]","[472.8133949932424, -1568.2814337900247, -113.08109885622457, 487.0448286158762]","[444.5431202791863, -1446.5202266360557, -113.08109885622434, 487.0448286158762]","[416.2728455651301, -1324.7590194820866, -113.0810988562248, 487.0448286158762]"
772,Robot,"[388.002570851074, -1202.9978123281176, 0, 0]","[359.73229613701784, -1081.2366051741485, -113.08109885622457, 487.0448286158762]","[330.77300836116854, -959.6618362270272, -115.83715110339722, 486.2990757884854]","[285.45824555030964, -843.5983530266717, -181.25905124343558, 464.2539328014218]","[215.93603302196072, -740.3469430269814, -278.08885011339567, 413.0056399987611]","[121.17335985104472, -659.0392303884588, -379.050692683664, 325.23085055409047]","[81.95459386255831, -603.3591293919412, -156.87506395394564, 222.72040398607032]","[146.54702684552905, -530.8895059168082, 258.36973193188294, 289.87849390053225]","[207.26238678672925, -459.5255902952324, 242.86143976480105, 285.45566248630325]","[250.2667819812745, -381.1182391109025, 172.017580778181, 313.62940473731965]","[269.6038795913438, -295.16420866326416, 77.34839044027717, 343.8161217905533]","[248.80321155210063, -239.90912913036263, -83.20267215697265, 221.02031813160613]","[163.37636342009435, -196.97586132511853, -341.70739252802514, 171.7330712209764]","[60.26315572153704, -187.73614361893004, -412.45283079422927, 36.958870824753944]","[-1.1777970353954903, -125.0019118676963, -245.76381102773013, 250.936927004935]","[-40.419540801235, -33.863910864993386, -156.96697506335803, 364.55200401081163]"
773,Robot,"[-69.33453188567226, 70.37146834369854, 0, 0]","[-145.34289112351095, 97.12414920120558, -304.03343695135476, 107.01072343002818]","[-197.80644592018555, 167.79654044835735, -209.8542191866984, 282.68956498860706]","[-200.3865244633789, 292.7699103905611, -10.320314172773351, 499.89347976881504]","[-202.96660300657217, 417.74328033276487, -10.320314172773124, 499.89347976881504]","[-205.54668154976548, 542.716650274969, -10.320314172773237, 499.8934797688164]","[-208.1267600929588, 667.6900202171742, -10.320314172773237, 499.8934797688207]","[-210.7068386361521, 792.6633901593793, -10.320314172773237, 499.8934797688207]","[-213.2869171793454, 917.6367601015844, -10.320314172773246, 499.8934797688207]","[-215.86699572253872, 1042.6101300437897, -10.320314172773237, 499.8934797688212]","[-232.9735141290628, 1163.4860110275197, -68.42607362609635, 483.50352393491994]","[-296.0804254361339, 1271.3865103094104, -252.4276452282844, 431.60199712756275]","[-359.18733674320475, 1379.2870095913013, -252.42764522828338, 431.60199712756366]","[-422.2942480502756, 1487.1875088731922, -252.42764522828338, 431.60199712756366]","[-485.4011593573464, 1595.0880081550831, -252.42764522828315, 431.60199712756366]","[-548.5080706644173, 1702.988507436974, -252.42764522828384, 431.60199712756366]"
774,Robot,"[-611.6149819714882, 1810.889006718865, 0, 0]","[-674.721893278559, 1918.789506000756, -252.42764522828338, 431.6019971275646]","[-737.8288045856299, 2026.6900052826468, -252.42764522828338, 431.60199712756275]","[-800.9357158927007, 2134.5905045645377, -252.42764522828338, 431.60199712756366]","[-864.0426271997716, 2242.4910038464286, -252.42764522828338, 431.60199712756366]","[-838.7508179413894, 2283.6483537832646, 101.16723703352864, 164.629399747344]","[-717.6937280704332, 2252.500625262958, 484.228359483825, -124.59091408122731]","[-596.6366381994769, 2221.352896742645, 484.228359483825, -124.59091408125096]","[-475.5795483285207, 2190.205168222333, 484.22835948382544, -124.59091408124743]","[-354.5224584575644, 2159.0574397020205, 484.228359483825, -124.59091408125096]","[-233.46536858660804, 2127.909711181708, 484.22835948382556, -124.59091408124914]","[-112.40827871565108, 2096.761982661396, 484.22835948382783, -124.59091408124914]","[8.648811155305767, 2065.614254141083, 484.2283594838274, -124.59091408125096]","[129.70590102626264, 2034.4665256207709, 484.2283594838275, -124.59091408124914]","[250.7629908972196, 2003.318797100458, 484.22835948382783, -124.59091408125187]","[371.8200807681759, 1972.1710685801456, 484.2283594838252, -124.59091408124914]"
775,Robot,"[492.87717063913215, 1941.023340059833, 0, 0]","[613.9342605100884, 1909.8756115395208, 484.228359483825, -124.59091408124823]","[733.690029414694, 1874.4668420774344, 479.02307561842235, -141.63507784834565]","[851.4938168697736, 1832.666511202687, 471.2151498203184, -167.20132349898995]","[969.2976043248532, 1790.8661803279397, 471.2151498203184, -167.20132349898904]","[1086.9796813967755, 1748.8169544335403, 470.7283082876893, -168.19690357759737]","[1204.7867664118091, 1707.0259180709295, 471.22834006013454, -167.16414545044336]","[1322.4566715998028, 1664.8808608187012, 470.67962075197465, -168.5802290089132]","[1440.0359038169156, 1622.5572458144195, 470.3169288684516, -169.2944600171269]","[1557.8269516302691, 1580.7225287118767, 471.1641912534142, -167.33886841017102]","[1675.6480697593156, 1538.971072176551, 471.2844725161858, -167.00582614130326]","[1793.469187888362, 1497.2196156412251, 471.2844725161858, -167.00582614130326]","[1911.2903060174085, 1455.4681591058993, 471.2844725161858, -167.00582614130326]","[2029.111424146455, 1413.7167025705735, 471.2844725161858, -167.00582614130326]","[2146.932542275506, 1371.9652460352477, 471.284472516204, -167.00582614130326]","[2264.753660404558, 1330.213789499922, 471.28447251620855, -167.00582614130235]"
776,Robot,"[2382.5747785336102, 1288.462332964596, 0, 0]","[2500.3958966626624, 1246.7108764292702, 471.28447251620855, -167.00582614130326]","[2618.2170147917145, 1204.9594198939444, 471.28447251620855, -167.00582614130326]","[2736.0381329207667, 1163.2079633586186, 471.28447251620855, -167.00582614130326]","[2853.859251049819, 1121.4565068232928, 471.28447251620855, -167.00582614130326]","[2971.680369178871, 1079.705050287967, 471.28447251620855, -167.00582614130326]","[3089.501487307923, 1037.9535937526412, 471.28447251620855, -167.00582614130326]","[3207.322605436975, 996.2021372173152, 471.28447251620855, -167.00582614130371]","[3325.143723566028, 954.4506806819896, 471.28447251621077, -167.0058261413025]","[3442.9648416950795, 912.6992241466636, 471.28447251620673, -167.00582614130417]","[3560.785959824132, 870.9477676113379, 471.28447251621037, -167.0058261413028]","[3678.606611955854, 829.1997498972582, 471.282608526888, -166.9920708563186]","[3796.386979697593, 791.1424881956912, 471.1214709669548, -152.22904680626834]","[3915.764674510237, 757.3828014838007, 477.5107792505769, -135.03874684756192]","[4036.255620407968, 724.1254728486485, 481.9637835909234, -133.02931454060854]","[4158.616172958259, 707.1654104487837, 489.4422102011649, -67.84024959945918]"
777,Robot,"[4283.561457661867, 710.8634951332438, 0, 0]","[4408.506742365476, 714.5615798177037, 499.7811388144364, 14.7923387378396]","[4533.452027069084, 718.2596645021634, 499.78113881442914, 14.792338737839145]","[4658.397311772692, 721.9577491866233, 499.7811388144328, 14.7923387378396]","[4782.296062873083, 718.6475591552025, 495.59500440156626, -13.24076012568321]","[4904.358131761836, 719.6490226277693, 488.2482755550118, 4.00585389026719]","[5027.126177848044, 743.1651205221049, 491.07218434483, 94.06439157734212]","[5149.894223934251, 766.6812184164404, 491.07218434483, 94.06439157734212]","[5272.662270020459, 790.1973163107759, 491.0721843448305, 94.0643915773422]","[5395.430316106666, 813.7134142051115, 491.07218434483, 94.06439157734212]","[5518.198362192874, 837.229512099447, 491.07218434483, 94.06439157734212]","[5640.331002822323, 863.8142366008119, 488.5305625177971, 106.33889800545967]","[5762.342613840961, 890.9834614082802, 488.0464440745527, 108.67689922987302]","[5884.3542248596, 918.1526862157488, 488.04644407455635, 108.67689922987438]","[6006.365835878238, 945.3219110232174, 488.0464440745491, 108.67689922987438]","[6128.377446896876, 972.491135830686, 488.0464440745527, 108.67689922987438]"
778,Robot,"[6249.447908149247, 1000.6014345746564, 0, 0]","[6364.11339312501, 1030.323450909258, 458.66193990304964, 118.8880653384067]","[6472.6263404642, 1058.8095033288512, 434.05178935676304, 113.94420967837232]","[6575.7110284304335, 1086.2616114426623, 412.3387518649324, 109.80843245524466]","[6673.997704586982, 1112.9176637886617, 393.14670462619324, 106.62420938399737]","[6708.333974864427, 1182.1367268798265, 137.34508110977913, 276.8762523646592]","[6639.009349926414, 1285.1193480012512, -277.2984997520507, 411.9304844856988]","[6537.491468654122, 1350.0556808358813, -406.07152508916624, 259.7453313385204]","[6482.068064448113, 1461.8640768143482, -221.69361682403925, 447.23358391386813]","[6437.298874566323, 1578.4612600475998, -179.07675952715726, 466.3887329330064]","[6455.087408439967, 1657.8292730746614, 71.15413549457298, 317.4720521082463]","[6567.2836724406025, 1602.720305162909, 448.78505600254357, -220.43587164700966]","[6679.479936441238, 1547.6113372511566, 448.78505600254357, -220.43587164700966]","[6791.676200441874, 1492.502369339404, 448.78505600254357, -220.43587164701057]","[6903.87246444251, 1437.3934014276515, 448.78505600254357, -220.43587164700966]","[6978.550003157598, 1388.0703861287957, 298.7101548603532, -197.29206119542323]"
779,Robot,"[6855.310357040431, 1367.166089323645, 0, 0]","[6732.070710923264, 1346.2617925184943, -492.95858446866623, -83.61718722060323]","[6608.831064806096, 1325.357495713344, -492.9585844686735, -83.61718722060141]","[6485.591418688929, 1304.4531989081934, -492.95858446866987, -83.61718722060232]","[6362.351772571761, 1283.5489021030428, -492.95858446866987, -83.61718722060232]","[6239.112126454594, 1262.6446052978922, -492.95858446866987, -83.61718722060232]","[6115.872480337426, 1241.7403084927416, -492.95858446866987, -83.61718722060232]","[5992.632834220259, 1220.836011687591, -492.95858446866987, -83.61718722060232]","[5869.393188103091, 1199.9317148824405, -492.9585844686703, -83.61718722060239]","[5746.153541985924, 1179.02741807729, -492.95858446866987, -83.61718722060232]","[5622.913895868756, 1158.123121272139, -492.95858446866987, -83.61718722060323]","[5499.674249751589, 1137.2188244669887, -492.95858446866987, -83.61718722060141]","[5376.434603634421, 1116.3145276618382, -492.95858446866987, -83.61718722060232]","[5253.194957517254, 1095.4102308566876, -492.95858446866987, -83.61718722060232]","[5129.955311400086, 1074.5059340515331, -492.95858446866987, -83.61718722061778]","[5006.715665282919, 1053.601637246378, -492.95858446866987, -83.61718722062051]"
780,Robot,"[4883.476019165752, 1032.6973404412229, 0, 0]","[4760.236373048584, 1011.7930436360684, -492.9585844686735, -83.61718722061778]","[4636.996726931417, 990.8887468309152, -492.95858446866987, -83.61718722061278]","[4513.757080814249, 969.9844500257616, -492.95858446866987, -83.6171872206146]","[4390.517434697082, 949.0801532206084, -492.95858446866987, -83.61718722061278]","[4267.277788579914, 928.1758564154547, -492.95858446866987, -83.6171872206146]","[4144.038142462747, 907.2715596103014, -492.95858446866987, -83.61718722061323]","[4020.7984963455865, 886.367262805148, -492.95858446864077, -83.61718722061369]","[3897.5588502284304, 865.4629659999946, -492.95858446862485, -83.61718722061376]","[3774.3192041112734, 844.5586691948412, -492.95858446862803, -83.61718722061369]","[3651.079557994118, 823.6543723896878, -492.95858446862076, -83.61718722061369]","[3527.839911876962, 802.7500755845336, -492.9585844686244, -83.61718722061642]","[3404.600265759806, 781.845778779379, -492.9585844686244, -83.61718722061869]","[3281.36061964265, 760.9414819742242, -492.9585844686244, -83.61718722061914]","[3158.120973525494, 740.0371851690694, -492.9585844686244, -83.61718722061914]","[3034.8813274083377, 719.1328883639147, -492.9585844686244, -83.61718722061869]"
781,Robot,"[2913.014766676411, 741.8105606747617, 0, 0]","[2791.335444860652, 770.4312287741545, -486.71728726303627, 114.48267239757115]","[2669.656123044893, 799.0518968735473, -486.71728726303627, 114.48267239757115]","[2547.976801229134, 827.6725649729401, -486.71728726303627, 114.48267239757115]","[2426.2974794133747, 856.2932330723329, -486.71728726303627, 114.48267239757115]","[2304.618157597616, 884.9139011717257, -486.71728726303445, 114.48267239757115]","[2182.9388357818566, 913.5345692711184, -486.7172872630381, 114.4826723975707]","[2061.2595139660943, 942.1552373705111, -486.717287263049, 114.48267239757115]","[1939.580192150329, 970.775905469904, -486.7172872630622, 114.4826723975717]","[1817.9008703345644, 999.3965735692968, -486.7172872630581, 114.48267239757115]","[1696.2215485187996, 1028.0172416686896, -486.717287263059, 114.48267239757115]","[1574.5422267030349, 1056.6379097680824, -486.717287263059, 114.48267239757115]","[1452.86290488727, 1085.2585778674752, -486.7172872630599, 114.48267239757115]","[1331.796422776776, 1116.1761715645157, -484.26592844197603, 123.67037478816201]","[1212.0322250399824, 1151.9747321565576, -479.0567909471738, 143.19424236816758]","[1092.2680273031888, 1187.7732927485995, -479.0567909471747, 143.19424236816758]"
782,Robot,"[972.5038295663952, 1223.5718533406414, 0, 0]","[852.7396318296014, 1259.3704139326833, -479.05679094717516, 143.19424236816758]","[732.9754340928077, 1295.1689745247252, -479.0567909471747, 143.19424236816758]","[613.2112363560141, 1330.967535116767, -479.0567909471747, 143.19424236816758]","[493.44703861922017, 1366.766095708809, -479.0567909471756, 143.19424236816758]","[373.682840882425, 1402.5646563008509, -479.0567909471806, 143.19424236816758]","[253.91864314563, 1438.3632168928928, -479.05679094718005, 143.19424236816758]","[134.1544454088356, 1474.1617774849346, -479.05679094717755, 143.19424236816758]","[14.390247672040962, 1509.9603380769763, -479.056790947179, 143.19424236816678]","[-105.37395006475369, 1545.7588986690184, -479.05679094717857, 143.1942423681685]","[-225.13814780154812, 1581.5574592610603, -479.0567909471777, 143.19424236816758]","[-344.90234553834307, 1617.3560198531022, -479.0567909471798, 143.19424236816758]","[-464.66654327513817, 1653.154580445144, -479.0567909471804, 143.19424236816667]","[-584.4307410119324, 1688.953141037186, -479.05679094717675, 143.1942423681685]","[-704.194938748726, 1724.751701629228, -479.0567909471747, 143.19424236816758]","[-823.9591364855197, 1760.5502622212698, -479.0567909471747, 143.19424236816758]"
783,Robot,"[-943.7233342223134, 1796.3488228133117, 0, 0]","[-1063.4875319591072, 1832.1473834053509, -479.05679094717516, 143.19424236815667]","[-1183.2517296959008, 1867.9459439973896, -479.0567909471747, 143.19424236815485]","[-1303.0159274326943, 1903.7445045894283, -479.0567909471738, 143.19424236815485]","[-1422.7801251694882, 1939.543065181467, -479.0567909471756, 143.19424236815485]","[-1542.544322906282, 1975.3416257735057, -479.0567909471756, 143.19424236815485]","[-1662.3085206430756, 2011.1401863655444, -479.0567909471738, 143.19424236815485]","[-1782.0727183798692, 2046.9387469575831, -479.0567909471747, 143.19424236815485]","[-1901.836916116663, 2082.73730754962, -479.0567909471751, 143.19424236814677]","[-2021.6011138534568, 2118.535868141656, -479.0567909471756, 143.19424236814484]","[-2141.365311590255, 2154.334428733692, -479.056790947192, 143.19424236814484]","[-2261.129509327054, 2190.132989325728, -479.05679094719744, 143.19424236814302]","[-2380.893707063853, 2225.93154991777, -479.0567909471956, 143.1942423681685]","[-2500.657904800653, 2261.730110509813, -479.05679094719926, 143.19424236817213]","[-2623.35661276523, 2259.520536967554, -490.7948318583076, -8.83829416903609]","[-2747.19651915172, 2242.530022373066, -495.35962554596153, -67.96205837795242]"
784,Robot,"[-2871.0364255382106, 2225.539507778578, 0, 0]","[-2994.876331924701, 2208.54899318409, -495.35962554596153, -67.96205837795242]","[-3118.716238311192, 2191.5584785896017, -495.35962554596335, -67.96205837795242]","[-3242.5561446976817, 2174.5679639951136, -495.3596255459597, -67.96205837795242]","[-3366.396051084172, 2157.577449400625, -495.35962554596153, -67.96205837795424]","[-3490.2359574706625, 2140.5869348061374, -495.35962554596153, -67.9620583779506]","[-3614.075863857153, 2123.5964202116493, -495.35962554596153, -67.96205837795242]","[-3737.9157702436432, 2106.605905617161, -495.35962554596153, -67.96205837795242]","[-3861.7556766301336, 2089.615391022673, -495.359625545962, -67.96205837795247]","[-3985.595583016624, 2072.624876428185, -495.35962554596153, -67.96205837795242]","[-4109.435489403113, 2055.634361833697, -495.3596255459561, -67.96205837795242]","[-4233.275395789592, 2038.643847239212, -495.35962554591606, -67.96205837793968]","[-4357.115302176071, 2021.6533326447293, -495.35962554591606, -67.96205837793059]","[-4480.95520856255, 2004.662818050247, -495.35962554591606, -67.96205837792877]","[-4604.795114949029, 1987.672303455765, -495.35962554591606, -67.96205837792877]","[-4728.635021335508, 1970.6817888612825, -495.35962554591606, -67.96205837792968]"
785,Robot,"[-4852.474927721987, 1953.6912742668, 0, 0]","[-4976.314834108466, 1936.7007596723172, -495.35962554591606, -67.9620583779315]","[-5100.154740494945, 1919.710245077835, -495.35962554591606, -67.96205837792877]","[-5223.994646881424, 1902.7197304833528, -495.35962554591606, -67.96205837792877]","[-5347.834553267903, 1885.7292158888704, -495.35962554591606, -67.96205837792968]","[-5471.674459654393, 1868.738701294388, -495.3596255459597, -67.96205837792968]","[-5595.514366040888, 1851.748186699905, -495.3596255459779, -67.9620583779315]","[-5717.734501040935, 1830.520606356304, -488.8805400001911, -84.9103213744047]","[-5821.327265096842, 1760.5667698978373, -414.37105622362685, -279.8153458338668]","[-5924.920029152749, 1690.6129334393704, -414.3710562236265, -279.81534583386747]","[-5858.512385655818, 1617.5007959126235, 265.6305739877207, -292.44855010698757]","[-5758.145159496904, 1542.9929445601188, 401.46890463565796, -298.03140541001903]","[-5657.777933337989, 1468.4850932076115, 401.46890463565796, -298.03140541002904]","[-5557.410707179075, 1393.9772418551042, 401.46890463565796, -298.03140541002904]","[-5457.0434810201605, 1319.469390502597, 401.46890463565796, -298.03140541002904]","[-5356.676254861246, 1244.9615391500895, 401.46890463565796, -298.03140541002995]"
786,Robot,"[-5256.309028702332, 1170.4536877975825, 0, 0]","[-5155.941802543417, 1095.9458364450752, 401.4689046356616, -298.03140541002904]","[-5052.221307420096, 1026.7920235086867, 414.88198049328275, -276.6152517455539]","[-4941.375115747393, 969.0155422065488, 443.384766690815, -231.10592520855153]","[-4830.528924074689, 911.2390609044128, 443.384766690815, -231.10592520854425]","[-4719.682732401985, 853.4625796022767, 443.384766690815, -231.10592520854425]","[-4608.836540729281, 795.6860983001407, 443.384766690815, -231.10592520854425]","[-4497.9903490565775, 737.9096169980046, 443.384766690815, -231.10592520854425]","[-4387.144157383874, 680.1331356958685, 443.3847666908154, -231.10592520854445]","[-4276.29796571117, 622.3566543937325, 443.384766690815, -231.10592520854425]","[-4165.451774038466, 564.5801730915972, 443.384766690815, -231.10592520854107]","[-4054.114966515736, 507.8039183893507, 445.3472300909216, -227.10501880898596]","[-3938.586923349659, 463.1215370543528, 462.11217266430685, -178.7295253399916]","[-3824.777365082857, 411.7458209470952, 455.23823306720806, -205.50286442903052]","[-3710.1626580755633, 364.1093257225525, 458.4588280291755, -190.54598089817068]","[-3589.281918317836, 332.2843649962432, 483.52295903091, -127.29984290523726]"
787,Robot,"[-3468.2480701362074, 301.0472322554233, 0, 0]","[-3346.1306102627623, 307.7427122283071, 488.46983949378046, 26.781919891535154]","[-3223.962570326543, 328.68858591044454, 488.6721597448777, 83.78349472854984]","[-3101.2545805905875, 305.54758568229914, 490.8319589438215, -92.5640009125816]","[-2980.532101372407, 273.16101772771344, 482.8899168727221, -129.5462718183428]","[-2860.993771175088, 269.56510986099096, 478.1533207892753, -14.383631466889938]","[-2860.993771175088, 269.56510986099096, 0.0, 0.0]","[-2860.993771175088, 269.56510986099096, 0.0, 0.0]","[-2860.993771175088, 269.56510986099096, 0.0, 0.0]","[-2860.993771175088, 269.56510986099096, 0.0, 0.0]","[-2786.0925862396703, 359.4665122957828, 299.60473974167144, 359.60560973916745]","[-2720.399588206825, 465.7030993760753, 262.7719921313819, 424.9463483211698]","[-2738.572453271129, 579.6149710559827, -72.69146025721602, 455.64748671962957]","[-2813.9725819210644, 678.7934467240244, -301.6005145997424, 396.713902672167]","[-2887.3536336204565, 779.8229918386971, -293.5242067975687, 404.11818045869086]","[-2897.401214141953, 834.5445100979274, -40.19032208598583, 218.88607303692106]"
788,Robot,"[-2787.380246567854, 775.21166342714, 0, 0]","[-2677.359278993756, 715.8788167563526, 440.083870296392, -237.3313866831495]","[-2567.338311419657, 656.5459700855653, 440.0838702963956, -237.3313866831495]","[-2457.3173438455588, 597.2131234147779, 440.0838702963938, -237.3313866831495]","[-2347.2963762714603, 537.8802767439905, 440.0838702963938, -237.3313866831495]","[-2237.275408697362, 478.5474300732032, 440.0838702963938, -237.33138668314928]","[-2127.2544411232634, 419.21458340241577, 440.0838702963938, -237.33138668314973]","[-2017.233473549165, 359.8817367316284, 440.0838702963938, -237.3313866831495]","[-1907.2125059750665, 300.548890060841, 440.0838702963942, -237.3313866831497]","[-1797.191538400968, 241.21604339005364, 440.0838702963938, -237.3313866831495]","[-1687.1705708268696, 181.88319671926627, 440.0838702963938, -237.3313866831495]","[-1577.1496032527712, 122.55035004847888, 440.0838702963938, -237.33138668314956]","[-1467.1286356786727, 63.21750337769152, 440.0838702963938, -237.33138668314942]","[-1357.1076681045745, 3.884656706904138, 440.0838702963929, -237.33138668314953]","[-1247.0867005304758, -55.448189963883245, 440.0838702963947, -237.33138668314953]","[-1137.0657329563774, -114.78103663467064, 440.0838702963938, -237.3313866831496]"
789,Robot,"[-1027.044765382279, -174.11388330545802, 0, 0]","[-917.0237978081803, -233.4467299762454, 440.08387029639425, -237.3313866831495]","[-807.002830234082, -292.77957664703274, 440.08387029639334, -237.3313866831494]","[-696.9818626599836, -352.1124233178201, 440.0838702963938, -237.3313866831495]","[-586.9608950858851, -411.4452699886075, 440.0838702963938, -237.3313866831495]","[-466.1562146833056, -427.59555037603263, 483.21872161031797, -64.60112154970057]","[-341.1578681807619, -426.95261054215024, 499.99338601017485, 2.5717593355295776]","[-216.1595216782182, -426.30967070826784, 499.99338601017485, 2.5717593355295776]","[-91.16117517567449, -425.6667308743855, 499.9933860101753, 2.5717593355293524]","[33.837171326869324, -425.0237910405031, 499.99338601017524, 2.5717593355295776]","[158.83551782941308, -424.3808512066207, 499.993386010175, 2.5717593355295776]","[283.8338643319568, -423.7379113727383, 499.99338601017496, 2.5717593355295776]","[408.8322108345005, -423.0949715388559, 499.9933860101746, 2.571759335529805]","[533.8305573370445, -422.4520317049735, 499.9933860101762, 2.5717593355295776]","[658.8289038395897, -421.8090918710911, 499.99338601018053, 2.5717593355295776]","[783.8272503421348, -421.1661520372087, 499.99338601018053, 2.5717593355295776]"
790,Robot,"[908.82559684468, -420.5232122033263, 0, 0]","[1033.823943347225, -419.8802723694439, 499.9933860101796, 2.5717593355295776]","[1158.8222898497672, -419.2373325355615, 499.99338601016916, 2.5717593355295776]","[1283.8206363523095, -418.5943927016791, 499.99338601016916, 2.5717593355295776]","[1408.8189828548518, -417.9514528677967, 499.99338601016916, 2.5717593355295776]","[1533.817329357394, -417.3085130339143, 499.99338601016916, 2.5717593355295776]","[1658.8156758599364, -416.66557320003193, 499.99338601016916, 2.5717593355295776]","[1783.814022362479, -416.02263336614953, 499.99338601017007, 2.5717593355295776]","[1908.812368865021, -415.3796935322672, 499.9933860101687, 2.5717593355293524]","[2033.8107153675635, -414.7367536983848, 499.99338601017007, 2.5717593355295776]","[2158.751508430405, -413.10016622962274, 499.7631722513661, 6.546349875048236]","[2283.377508097227, -408.5182873350028, 498.5039986672873, 18.327515578479733]","[2408.3772693485694, -408.2739778877644, 499.99904500537014, 0.9772377889537438]","[2533.377030599912, -408.0296684405261, 499.99904500537014, 0.9772377889530617]","[2657.777928608265, -407.4704660674247, 497.6035920334125, 2.236809492405655]","[2777.270964736505, -403.22907647922005, 477.97214451295986, 16.96555835281856]"
791,Robot,"[2899.718541668395, -394.2921051220853, 0, 0]","[3024.153972750685, -393.8188009988645, 497.7417243291602, 1.8932164928830844]","[3149.1408808294755, -395.6278916279368, 499.9476323151612, -7.236362516289091]","[3274.1277889082658, -397.4369822570091, 499.9476323151612, -7.236362516289319]","[3399.114696987056, -399.24607288608144, 499.9476323151612, -7.236362516289319]","[3524.1016050658463, -401.0551635151532, 499.9476323151612, -7.236362516287045]","[3646.258647531965, -425.7155242118045, 488.62816986447433, -98.64144278660524]","[3762.6512745677455, -470.7661244869636, 465.5705081431224, -180.20240110063628]","[3715.7906056039456, -553.1949495241654, -187.4426758552001, -329.71530014880756]","[3620.483208627491, -634.074490086484, -381.22958790581833, -323.5181622492746]","[3525.1758116510364, -714.9540306488027, -381.22958790581833, -323.5181622492746]","[3429.868414674582, -795.8335712111214, -381.22958790581833, -323.5181622492746]","[3334.561017698127, -876.71311177344, -381.22958790581833, -323.5181622492746]","[3239.2536207216726, -957.5926523357588, -381.22958790581833, -323.51816224927506]","[3143.946223745218, -1038.4721928980773, -381.22958790581833, -323.51816224927416]","[3048.6388267687635, -1119.351733460396, -381.22958790581833, -323.5181622492746]"
792,Robot,"[2953.331429792309, -1200.2312740227146, 0, 0]","[2858.0240328158543, -1281.1108145850333, -381.22958790581833, -323.5181622492746]","[2762.7166358394, -1361.990355147352, -381.2295879058165, -323.5181622492746]","[2667.409238862945, -1442.8698957096706, -381.22958790582015, -323.5181622492746]","[2572.1018418864887, -1523.7494362719892, -381.2295879058256, -323.5181622492746]","[2476.794444910026, -1604.628976834308, -381.2295879058511, -323.5181622492755]","[2381.487047933563, -1685.5085173966263, -381.2295879058511, -323.5181622492728]","[2286.1796509571004, -1766.3880579589452, -381.2295879058511, -323.5181622492755]","[2190.8722539806377, -1847.267598521264, -381.2295879058514, -323.5181622492758]","[2095.564857004175, -1928.1471390835825, -381.2295879058511, -323.5181622492737]","[2001.2246038543503, -2010.1193378591008, -377.3610125992982, -327.88879510207335]","[1909.371291973022, -2094.9012291828467, -367.41324752531364, -339.12756529498347]","[1817.5179800916933, -2179.683120506593, -367.41324752531455, -339.1275652949844]","[1725.6646682103649, -2264.465011830339, -367.41324752531364, -339.1275652949844]","[1633.811356329036, -2349.246903154085, -367.41324752531546, -339.1275652949844]","[1541.9580444477074, -2434.028794477831, -367.41324752531455, -339.1275652949844]"
793,Robot,"[1450.1047325663787, -2518.810685801577, 0, 0]","[1358.3437782783224, -2603.485388151893, -367.04381715222553, -338.69880940126313]","[1272.4087830718386, -2681.0307289709936, -343.73998082593516, -310.1813632764024]","[1194.220681000743, -2747.4387473572897, -312.752408284382, -265.63207354518454]","[1120.9016429392875, -2803.079195631191, -293.27615224582223, -222.56179309560503]","[1048.1266662407625, -2848.134378329692, -291.0999067941002, -180.22073079400434]","[968.0174504156344, -2883.752262191126, -320.4368633005124, -142.47153544573666]","[870.5602606510388, -2916.687464365275, -389.8287590583823, -131.7408086965952]","[772.7927537627265, -2949.30138005587, -391.07002755324936, -130.4556627623807]","[679.2107912214028, -2980.7747362447512, -374.3278501652949, -125.89342475552439]","[590.7815083464208, -3010.843988872889, -353.7171314999282, -120.27701051255099]","[508.5779186101625, -3039.216742112319, -328.81435894503306, -113.49101295772016]","[439.091400509696, -3064.124097399171, -277.9460724018661, -99.62942114740872]","[374.8971451427076, -3087.589312784139, -256.77702146795355, -93.86086153987162]","[324.31549959703943, -3107.345096347456, -202.3265821826726, -79.02313425326793]","[333.6076358364037, -3115.148702923395, 37.168544957457016, -31.214426303755317]"
794,Robot,"[394.75785182270334, -3155.5769919427885, 0, 0]","[459.8232618876767, -3161.950167777211, 260.2616402598935, -25.492703337689818]","[468.6933720204416, -3138.4133950489577, 35.48044053105946, 94.14709091301302]","[492.85150297321394, -3083.3097064403523, 96.63252381108941, 220.4147544344214]","[532.1355448292379, -3019.975087159083, 157.1361674240959, 253.33847712507668]","[588.8920493932148, -2937.003179319818, 227.02601825590773, 331.88763135705995]","[673.9534188689596, -2854.5104377323764, 340.245477902979, 329.97096634976697]","[745.0178563531412, -2753.013403286356, 284.2577499367262, 405.9881377840811]","[836.7158219284422, -2678.317715831721, 366.79186230120456, 298.78274981854]","[961.2967483329304, -2668.883896843539, 498.3237056179528, 37.73527595272935]","[1085.8059403923294, -2664.818305605199, 498.0367682375959, 16.262364953359793]","[1208.328576499181, -2687.840683398016, 490.0905444274067, -92.0895111712689]","[1332.2962754190432, -2702.4995073667906, 495.87079567944875, -58.635295875097654]","[1426.0970575277834, -2778.9577420637543, 375.2031284349605, -305.8329387878548]","[1440.724694405988, -2896.043729852543, 58.51054751281845, -468.3439511551551]","[1334.884534956008, -2962.5483210294174, -423.36063779991946, -266.0183647074973]"
795,Robot,"[1229.0443755060282, -3029.052912206292, 0, 0]","[1123.2042160560484, -3095.557503383166, -423.36063779991946, -266.0183647074955]","[1017.3640566060684, -3162.0620945600404, -423.3606377999199, -266.0183647074973]","[911.5238971560888, -3228.5666857369147, -423.36063779991855, -266.0183647074973]","[805.6837377061074, -3295.071276913789, -423.36063779992537, -266.0183647074973]","[699.8435782561247, -3361.575868090662, -423.3606377999308, -266.01836470749186]","[594.003418806142, -3428.0804592675318, -423.3606377999308, -266.0183647074791]","[488.1632593561597, -3494.5850504444006, -423.36063779992924, -266.0183647074755]","[488.2754826932241, -3471.685774377062, 0.4488933482575707, 91.59710426935462]","[571.6360067915377, -3378.5406026178466, 333.4420963932546, 372.5806870368615]","[654.996530889851, -3285.3954308586312, 333.442096393253, 372.5806870368615]","[738.3570549881642, -3192.250259099416, 333.442096393253, 372.5806870368615]","[821.7175790864775, -3099.1050873402005, 333.442096393253, 372.5806870368615]","[905.0080789716366, -3006.256252835739, 333.1619995406363, 371.39533801784637]","[991.3904642243988, -2926.458513476051, 345.5295410110489, 319.19095743875187]","[1079.30027936192, -2848.7469156380625, 351.63926055008506, 310.84639135195357]"
796,Robot,"[1166.3520065746163, -2771.343830893212, 0, 0]","[1252.3340473827218, -2694.32533293394, 343.92816323242187, 308.0739918370873]","[1336.9501781675135, -2617.797923711518, 338.4645231391669, 306.1096368896888]","[1419.7710636359593, -2541.915963120186, 331.2835418737832, 303.52784236532716]","[1500.1490382841664, -2466.912307811391, 321.5118985928284, 300.0146212351792]","[1577.0625820176183, -2393.154227227717, 307.65417493380755, 295.0323223346968]","[1652.1827381556109, -2311.4244598016458, 300.4806245519703, 326.919069704285]","[1754.8291322577695, -2245.6984633389243, 410.58557640863455, 262.9039858508859]","[1866.1243051935048, -2188.791658111386, 445.18069174294163, 227.62722091015368]","[1976.2666955782192, -2129.7212998970435, 440.56956153885767, 236.2814328573695]","[2085.130562839938, -2068.9191925006694, 435.4554690468758, 243.20842958549656]","[2202.1519786418758, -2026.6489696618748, 468.08566320775026, 169.0808913551782]","[2314.7402746510083, -1973.3693532514671, 450.35318403653037, 213.1184656416308]","[2439.075271791045, -1983.8977313379528, 497.3399885601466, -42.11351234594258]","[2563.4362477975224, -1995.883601660276, 497.44390402590943, -47.94348128929323]","[2680.054453777456, -1962.8465460824168, 466.47282391973386, 132.14822231143717]"
797,Robot,"[2790.002021802112, -1907.6591525381127, 0, 0]","[2904.616526998225, -1877.37141277616, 458.45802078445195, 121.15095904781083]","[3024.671714628344, -1903.4877593319004, 480.22075052047694, -104.46538622296157]","[3117.331659163769, -1962.2542735808863, 370.63977814169994, -235.06605699594365]","[3204.4745174744307, -1882.111755850575, 348.5714332426469, 320.57007092124513]","[3289.1762589088785, -1795.5357546800017, 338.80696573779096, 346.30400468229345]","[3373.733133675445, -1707.2295884620642, 338.2274990662663, 353.22466487175006]","[3457.7851191789764, -1618.9540863971886, 336.20794201412536, 353.1020082595023]","[3541.011067648973, -1533.195675285031, 332.90379387998684, 343.03364444863047]","[3624.5157308984662, -1440.1797023793556, 334.0186529979728, 372.0638916227017]","[3625.031874449368, -1377.95422387884, 2.064574203606753, 248.90191400206277]","[3501.0652384523805, -1361.9144869860638, -495.8665439879496, 64.15894757110436]","[3377.098602455393, -1345.8747500932875, -495.8665439879496, 64.15894757110527]","[3253.1319664584057, -1329.8350132005116, -495.8665439879496, 64.15894757110345]","[3129.1653304614183, -1313.7952763077355, -495.8665439879496, 64.15894757110436]","[3005.198694464431, -1297.7555394149597, -495.8665439879496, 64.15894757110345]"
798,Robot,"[2881.2320584674435, -1281.7158025221834, 0, 0]","[2757.265422470456, -1265.6760656294073, -495.8665439879496, 64.15894757110436]","[2633.2987864734687, -1249.636328736632, -495.8665439879496, 64.15894757110073]","[2509.3321504764813, -1233.5965918438592, -495.8665439879496, 64.15894757109163]","[2385.365514479494, -1217.5568549510865, -495.8665439879496, 64.15894757109072]","[2261.3988784825065, -1201.5171180583138, -495.8665439879496, 64.15894757109072]","[2137.432242485519, -1185.477381165541, -495.8665439879496, 64.15894757109163]","[2013.9488027925584, -1171.336562155993, -493.9337587718428, 56.56327603819136]","[1925.1250316289404, -1163.327344855768, -355.29508465447213, 32.03686920090061]","[1815.4368566055464, -1116.9028394609206, -438.7527000935761, 185.6980215793892]","[1743.5180428393571, -1021.5675472275252, -287.67525506475704, 381.3411689335817]","[1734.8201325417135, -899.3575413397748, -34.79164119057441, 488.84002355100165]","[1710.0824100224804, -779.4497097523823, -98.95089007693241, 479.6313263495699]","[1674.8697238463342, -689.7925489121374, -140.85074470458494, 358.6286433609798]","[1681.034777705857, -592.7681221672873, 24.660215438091655, 388.0977069794003]","[1732.5696994624946, -478.96641203042816, 206.13968702654984, 455.2068405474365]"
799,Robot,"[1810.458531963859, -382.0192973822326, 0, 0]","[1835.8612632199684, -366.2026312173867, 101.61092502443717, 63.26666465938365]","[1835.8612632199684, -366.2026312173867, 0.0, 0.0]","[1835.8612632199684, -366.2026312173867, 0.0, 0.0]","[1784.648308485275, -413.9048372232484, -204.85181893877325, -190.80882402344696]","[1693.1490335688338, -499.0686951077141, -365.99709966576484, -340.6554315378628]","[1601.6497586523926, -584.2325529921786, -365.99709966576484, -340.655431537858]","[1510.1504837359514, -669.3964108766429, -365.99709966576484, -340.6554315378571]","[1418.6512088195102, -754.5602687611072, -365.9970996657652, -340.6554315378574]","[1327.151933903069, -839.7241266455715, -365.99709966576484, -340.6554315378571]","[1389.8978427027464, -883.7537218281318, 250.98363519870964, -176.11838073024137]","[1489.0967815318245, -958.8451774174242, 396.79575531631235, -300.3658223571697]","[1583.9942623524798, -1004.19790091777, 379.5899232826214, -181.41089400138299]","[1672.6625730905191, -1029.7206149221695, 354.6732429521571, -102.09085601759807]","[1762.197186043514, -1084.6322537159856, 358.1384518119794, -219.64655517526444]","[1847.9688219696968, -1171.0233519902145, 343.0865437047314, -345.5643930969154]"
800,Robot,"[1912.4220040599423, -1250.2769863250082, 0, 0]","[1969.22995357306, -1145.4983882238564, 227.23179805247037, 419.1143924046073]","[2022.3433094484024, -1032.3437531987763, 212.4534235013698, 452.6185401003204]","[2075.4566653237475, -919.1891181736962, 212.4534235013807, 452.6185401003204]","[2128.570021199096, -806.0344831486161, 212.45342350139435, 452.6185401003204]","[2181.683377074444, -692.879848123536, 212.45342350139072, 452.6185401003204]","[2234.796732949792, -579.7252130984559, 212.45342350139254, 452.6185401003204]","[2287.91008882514, -466.5705780733758, 212.45342350139254, 452.6185401003204]","[2341.023444700488, -353.41594304829573, 212.45342350139273, 452.6185401003208]","[2394.136800575831, -240.26130802321552, 212.4534235013707, 452.61854010032084]","[2447.2355834624304, -127.0998649386896, 212.39513154639826, 452.64577233810365]","[2500.3501514328614, -13.94579886365142, 212.4582718817237, 452.61626430015275]","[2548.9274967259216, 101.08919554496238, 194.30938117224105, 460.1399776344552]","[2601.688528617323, 214.3927178261748, 211.04412756560487, 453.21408912484964]","[2655.3337204201207, 327.29618719909155, 214.58076721119141, 451.61387749166704]","[2708.9789122229186, 440.1996565720083, 214.58076721119141, 451.6138774916669]"
801,Robot,"[2762.6241040257164, 553.1031259449255, 0, 0]","[2816.2692958285143, 666.0065953178437, 214.58076721119141, 451.6138774916726]","[2869.914487631312, 778.9100646907618, 214.58076721119141, 451.6138774916726]","[2923.55967943411, 891.81353406368, 214.58076721119141, 451.6138774916726]","[2916.1484924047727, 980.8773873993798, -29.64474811734908, 356.25541334279933]","[2800.192631896084, 1027.5597011133582, -463.8234420347544, 186.7292548559135]","[2684.2367713873955, 1074.2420148273366, -463.8234420347544, 186.7292548559135]","[2568.280910878707, 1120.924328541315, -463.8234420347544, 186.7292548559135]","[2452.3250503700183, 1167.6066422552933, -463.8234420347548, 186.72925485591367]","[2337.901155497154, 1132.253393470798, -457.69557949145747, -141.41299513798094]","[2223.769063602542, 1081.2743232580233, -456.5283675784485, -203.91628085109915]","[2109.6369717079297, 1030.295253045252, -456.5283675784485, -203.9162808510855]","[1995.5048798133148, 979.3161828324794, -456.52836757845944, -203.91628085109005]","[1881.372787918697, 928.3371126197064, -456.52836757847126, -203.91628085109187]","[1767.2406960240792, 877.3580424069332, -456.52836757847126, -203.91628085109278]","[1653.1086041294614, 826.3789721941602, -456.52836757847126, -203.91628085109232]"
802,Robot,"[1538.9765122348435, 775.3999019813871, 0, 0]","[1424.8444203402255, 724.420831768614, -456.52836757847217, -203.91628085109232]","[1310.712328445608, 673.4417615558409, -456.52836757847035, -203.91628085109232]","[1196.58023655099, 622.4626913430678, -456.52836757847126, -203.91628085109232]","[1082.4481446563725, 571.4836211302948, -456.52836757847035, -203.91628085109232]","[968.316052761756, 520.5045509175217, -456.5283675784658, -203.91628085109232]","[854.183960867141, 469.5254807047486, -456.52836757846035, -203.91628085109232]","[740.051868972526, 418.5464104919755, -456.5283675784599, -203.91628085109232]","[625.919777077911, 367.5673402792024, -456.5283675784603, -203.9162808510925]","[511.787685183296, 316.58827006642935, -456.5283675784601, -203.91628085109232]","[397.6555932886796, 265.60919985365626, -456.5283675784656, -203.91628085109232]","[283.5235013940632, 214.6301296408832, -456.5283675784656, -203.9162808510922]","[169.3914094994468, 163.6510594281101, -456.5283675784656, -203.91628085109244]","[55.259317604830414, 112.67198921533702, -456.5283675784656, -203.91628085109232]","[-58.87277428978592, 61.692919002563926, -456.52836757846535, -203.91628085109238]","[-171.17417686987542, 7.145264793656532, -449.205610320358, -218.19061683562958]"
803,Robot,"[-269.1789353706181, -70.39865968179566, 0, 0]","[-367.4835317022743, -147.52924236499362, -393.2183853266249, -308.52233073279183]","[-477.773810476982, -205.01655809098796, -441.1611150988308, -229.94926290397734]","[-598.3733711992685, -237.14906042149403, -482.3982428891459, -128.53000932202428]","[-705.0822776860568, -263.5598846506765, -426.8356259471534, -105.64329691672992]","[-705.0822776860568, -263.5598846506765, 0.0, 0.0]","[-662.9830055266755, -247.667033775188, 168.39708863752548, 63.57140350195402]","[-582.5208550256137, -168.3124744684237, 321.8486020042469, 317.41823722705726]","[-647.0932259983588, -100.0633523387655, -258.28948389098036, 272.996488518633]","[-754.2569261415915, -163.6289706129902, -428.654800572931, -254.26247309689882]","[-861.5278343735534, -227.80024336872, -429.0836329278477, -256.6850910229192]","[-968.7987426055154, -291.9715161244502, -429.0836329278477, -256.6850910229208]","[-1077.993180119406, -345.9770279392917, -436.77775005556214, -216.022047259366]","[-1201.2934990341157, -325.4336261876137, -493.2012756588392, 82.17360700671202]","[-1324.5938179488255, -304.8902244359358, -493.2012756588392, 82.17360700671156]","[-1447.894136863535, -284.34682268425786, -493.2012756588383, 82.17360700671179]"
804,Robot,"[-1571.1944557782451, -263.8034209325799, 0, 0]","[-1694.494774692955, -243.2600191809015, -493.2012756588392, 82.17360700671361]","[-1817.7950936076647, -222.71661742922285, -493.2012756588392, 82.17360700671463]","[-1941.0954125223743, -202.1732156775442, -493.2012756588383, 82.17360700671463]","[-2058.001638573713, -183.0527593603712, -467.62490420535505, 76.48182526869198]","[-2141.3047182925607, -166.03994598919027, -333.21231887539034, 68.0512534847237]","[-2218.053316424585, -107.36130017017476, -306.9943925280968, 234.71458327606206]","[-2287.4732313024306, -9.685092254322347, -277.67965951138285, 390.70483166340966]","[-2348.3254136027404, 94.85879880526724, -243.40872920123934, 418.17556423835873]","[-2457.0244738851125, 130.28634533326604, -434.7962411294884, 141.7101861119952]","[-2581.7025138321837, 138.97036939926298, -498.71215978828513, 34.73609626398775]","[-2689.284599930417, 177.43391913018814, -430.3283443929322, 153.85419892370066]","[-2764.5134501184057, 267.1405861430156, -300.91540075195553, 358.82666805130975]","[-2880.377356594653, 288.3972000121939, -463.4556259049896, 85.02645547671318]","[-3005.3729799294792, 289.4432148966241, -499.9824933393047, 4.184059537720941]","[-3130.368603264305, 290.48922978105486, -499.9824933393029, 4.184059537722987]"
805,Robot,"[-3241.140334866227, 293.2686443812091, 0, 0]","[-3320.10729187992, 298.8965257266445, -315.86782805477196, 22.51152538174142]","[-3376.3081199688213, 285.7042635259823, -224.80331235560516, -52.76904880264874]","[-3470.665368240805, 217.29034085631037, -377.42899308793494, -273.65569067868773]","[-3562.6107049819507, 149.9590478855787, -367.78134696458255, -269.3251718829266]","[-3651.5964079724968, 83.87209682458268, -355.94281196218435, -264.3478042439841]","[-3737.026317635621, 19.28013569279031, -341.71963865249745, -258.3678445271695]","[-3818.2508681209847, -43.54373347174582, -324.8982019414543, -251.2954766581445]","[-3894.6051208678496, -104.31994536241052, -305.4170109874597, -243.10484756265905]","[-3965.465190185345, -162.78619485094043, -283.4402772699814, -233.86499795411964]","[-4028.9789976621264, -218.1637981618469, -254.05522990712598, -221.51041324362586]","[-4065.980167716772, -223.7421195105559, -148.0046802185825, -22.313285394836043]","[-4169.532313619793, -169.95041512482442, -414.2085836120841, 215.16681754292597]","[-4277.702900178001, -107.30758469985037, -432.68234623283206, 250.5713216998962]","[-4385.873486736209, -44.66475427487688, -432.68234623283206, 250.57132169989396]","[-4494.044073294417, 17.978076150096207, -432.68234623283206, 250.57132169989234]"
806,Robot,"[-4602.214659852625, 80.62090657506869, 0, 0]","[-4710.385246410833, 143.2637370000404, -432.68234623283206, 250.57132169988688]","[-4825.684038597903, 142.32917092922267, -461.1951687482797, -3.7382642832709507]","[-4939.7838114113365, 92.41715259987906, -456.3990912537338, -199.64807331737444]","[-5037.8277650834325, 39.23571122180304, -392.175814688384, -212.7257655123041]","[-5112.841552793206, 3.5929517208081805, -300.0551508390927, -142.57103800397942]","[-5187.852545005474, -32.04767836327595, -300.0439688490733, -142.56252033633652]","[-5262.863537217648, -67.68830844728713, -300.04396884869493, -142.5625203360447]","[-5337.874529429821, -103.32893853129842, -300.0439688486952, -142.56252033604528]","[-5412.885521641995, -138.96956861530978, -300.04396884869493, -142.56252033604545]","[-5493.8546277237165, -184.60630074968, -323.87642432688517, -182.54692853748088]","[-5551.899298529246, -226.28276291080545, -232.1786832221187, -166.70584864450177]","[-5564.79407039541, -222.1783785505592, -51.57908746465546, 16.41753744098503]","[-5566.524086139168, -203.6238497377169, -6.920062975030305, 74.21811525136911]","[-5568.744680008587, -185.74724024787764, -8.882375477678579, 71.50643795935707]","[-5572.965245010832, -170.69907706590055, -16.882260008980666, 60.19265272790835]"
807,Robot,"[-5510.606599765241, -203.6553318220713, 0, 0]","[-5402.782840738495, -266.8932712994386, 431.2950361069852, -252.95175790946917]","[-5294.959081711749, -330.1312107768065, 431.2950361069852, -252.95175790947155]","[-5187.135322685002, -393.3691502541744, 431.2950361069852, -252.95175790947155]","[-5079.311563658256, -456.6070897315423, 431.2950361069852, -252.95175790947178]","[-4971.48780463151, -519.84502920891, 431.2950361069852, -252.95175790947064]","[-4863.664045604764, -583.0829686862782, 431.29503610698157, -252.9517579094727]","[-4755.840286578017, -646.3209081636475, 431.29503610698885, -252.95175790947724]","[-4648.016527551271, -709.5588476410168, 431.2950361069856, -252.95175790947746]","[-4540.192768524525, -772.7967871183861, 431.2950361069852, -252.95175790947724]","[-4432.369009497778, -836.0347265957554, 431.2950361069852, -252.95175790947724]","[-4324.545250471032, -899.2726660731247, 431.2950361069852, -252.95175790947724]","[-4216.721491444286, -962.510605550494, 431.2950361069852, -252.95175790947724]","[-4108.897732417539, -1025.7485450278634, 431.2950361069852, -252.9517579094777]","[-4015.50181793905, -1079.3381263981546, 373.5836579139577, -214.35832548116468]","[-3921.049048918856, -1101.0233070260056, 377.8110760807758, -86.74072251140387]"
808,Robot,"[-3808.1245082514697, -1143.9412369742008, 0, 0]","[-3694.5497765865302, -1188.8856435726516, 454.29892665975785, -179.77762639380308]","[-3576.343929925569, -1222.1361930264216, 472.8233866438459, -133.00219781507985]","[-3468.652173593445, -1214.2370895061756, 430.76702532849595, 31.596414080983777]","[-3356.872407850244, -1235.19221126685, 447.11906297280257, -83.820487042698]","[-3291.4175133284944, -1243.4127104143429, 261.8195780869992, -32.881996589971095]","[-3172.0043447895946, -1266.190180098626, 477.652674155599, -91.10987873713202]","[-3053.446380324297, -1288.6113671378214, 474.2318578611903, -89.684748156782]","[-2935.874970109954, -1310.6196141836433, 470.285640857372, -88.03298818328776]","[-2819.4422812556827, -1332.151228960642, 465.7307554170857, -86.12645910799438]","[-2704.3230502573306, -1353.1330723714184, 460.4769239934085, -83.92737364310597]","[-2591.7047532107267, -1381.3171650235363, 450.4731881864154, -112.73637060847159]","[-2489.5432157698974, -1448.061066215521, 408.6461497633172, -266.9756047679384]","[-2408.728977112616, -1543.380398250705, 323.2569546291252, -381.27732814073624]","[-2328.700734339372, -1639.403730616474, 320.1129710929763, -384.09332946307586]","[-2248.672491566128, -1735.427062982243, 320.1129710929763, -384.09332946307586]"
809,Robot,"[-2168.644248792884, -1831.450395348012, 0, 0]","[-2088.61600601964, -1927.4737277137808, 320.1129710929763, -384.09332946307495]","[-2008.587763246396, -2023.4970600795496, 320.1129710929754, -384.09332946307495]","[-1928.559520473152, -2119.5203924453185, 320.1129710929763, -384.09332946307586]","[-1848.531277699908, -2215.5437248110875, 320.1129710929754, -384.09332946307586]","[-1768.5030349266635, -2311.5670571768565, 320.1129710929781, -384.09332946307586]","[-1688.4747921534197, -2407.5903895426254, 320.1129710929754, -384.09332946307586]","[-1608.4465493801754, -2503.6137219083944, 320.1129710929772, -384.09332946307586]","[-1528.4183066069313, -2599.637054274164, 320.1129710929766, -384.093329463078]","[-1448.3900638336872, -2695.6603866399323, 320.1129710929763, -384.09332946307404]","[-1365.439446507573, -2788.413509266184, 331.8024693044572, -371.012490505007]","[-1277.7975104168163, -2848.8431496824574, 350.5677443630266, -241.71856166509315]","[-1394.533818092522, -2804.148245384065, -466.9452307028232, 178.77961719356972]","[-1511.2701257682277, -2759.453341085673, -466.9452307028223, 178.7796171935679]","[-1628.0064334439332, -2714.7584367872805, -466.9452307028223, 178.77961719356972]","[-1744.7427411196388, -2670.063532488888, -466.9452307028223, 178.77961719356972]"
810,Robot,"[-1851.8319375760927, -2608.0338779911644, 0, 0]","[-1951.341260931706, -2532.384062622538, -398.03729342245333, 302.5992614745064]","[-2050.850584287319, -2456.7342472539112, -398.0372934224524, 302.5992614745064]","[-2150.359907642927, -2381.0844318852846, -398.0372934224306, 302.5992614745064]","[-2249.8692309985345, -2305.434616516658, -398.0372934224306, 302.5992614745064]","[-2349.378554354142, -2229.7848011480314, -398.0372934224306, 302.5992614745064]","[-2448.88787770975, -2154.134985779405, -398.0372934224306, 302.5992614745064]","[-2548.3972010653574, -2078.4851704107764, -398.0372934224306, 302.5992614745137]","[-2647.906524420965, -2002.8353550421452, -398.03729342243093, 302.5992614745249]","[-2747.4158477765736, -1927.1855396735127, -398.03729342243423, 302.59926147453007]","[-2841.5250082650214, -1845.7307140456312, -376.43664195379097, 325.8193025115261]","[-2924.1588226607387, -1751.9402416168437, -330.53525758286924, 375.1618897151502]","[-3006.792637056456, -1658.149769188056, -330.53525758286924, 375.1618897151502]","[-3089.4264514521733, -1564.3592967592683, -330.53525758286924, 375.1618897151511]","[-3172.060265847886, -1470.568824330481, -330.53525758285105, 375.1618897151493]","[-3254.579386565471, -1376.952919565285, -330.07648287033953, 374.46361906078437]"
811,Robot,"[-3333.787731912288, -1288.3560644366648, 0, 0]","[-3402.717733047797, -1202.42537937998, -275.7200045420359, 343.722740226739]","[-3466.855007809694, -1121.7875531493903, -256.54909904758824, 322.5513049223591]","[-3527.2632193520417, -1046.1860267965983, -241.63284616939018, 302.406105411168]","[-3584.4003987455103, -975.035013261768, -228.54871757387446, 284.6040541393213]","[-3638.637334346568, -907.7935196032502, -216.94774240423067, 268.96597463407124]","[-3690.246977116677, -843.945823480985, -206.4385710804363, 255.39078448906048]","[-3739.399877523842, -782.9876850206485, -196.61160162865963, 243.832553841346]","[-3786.1851955225534, -724.4307698043262, -187.1412719948459, 234.22766086528938]","[-3830.681700731273, -667.8425654311633, -177.98602083487822, 226.35281749265187]","[-3872.820723758758, -612.7321045065597, -168.55609210994044, 220.44184369841423]","[-3913.4133464026127, -559.3206781197292, -162.37049057541844, 213.645705547322]","[-3952.7938890681294, -507.52124814587495, -157.52217066206686, 207.1977198954171]","[-3991.106148463529, -457.1433138632924, -153.2490375815978, 201.51173713033018]","[-4028.474669202356, -408.01722462016073, -149.4740829553084, 196.5043569725267]","[-4065.006594497482, -359.9913906416392, -146.12770118050503, 192.10333591408607]"
812,Robot,"[-4100.794056913852, -312.93039723053136, 0, 0]","[-4135.917890844819, -266.714554860787, -140.49533572387008, 184.86336947897735]","[-4170.452364147225, -221.24060841169683, -138.13789320962314, 181.89578579636077]","[-4204.468780454281, -176.4219376008801, -136.06566522822322, 179.27468324326685]","[-4238.034708497065, -132.18574367799854, -134.26371217113774, 176.94477569152627]","[-4271.208753558454, -88.4671116114057, -132.6961802455553, 174.87452826637139]","[-4304.037637333887, -45.20505407831628, -131.31553510173035, 173.04823013235767]","[-4279.157795347467, 12.974630385972004, 99.51936794567882, 232.71873785715314]","[-4181.139272911471, 90.5463343730738, 392.0740897439831, 310.2868159484075]","[-4068.9629389090246, 114.96295630870604, 448.70533600978706, 97.66648774252894]","[-3949.374910133399, 121.33690679977396, 478.35211510250156, 25.495801964271664]","[-3843.1281164483994, 159.80061988425746, 424.9871747399993, 153.854852337934]","[-3752.861611660142, 244.8062368863685, 361.06601915302963, 340.0224680084442]","[-3662.763486848268, 331.45107461709506, 360.39249924749674, 346.5793509229062]","[-3572.665362036395, 418.0959123478215, 360.3924992474913, 346.57935092290586]","[-3482.5672372245213, 504.740750078548, 360.3924992474949, 346.57935092290586]"
813,Robot,"[-3392.469112412646, 591.3855878092758, 0, 0]","[-3302.370987600771, 678.0304255400036, 360.3924992475004, 346.57935092291154]","[-3212.2728627888964, 764.6752632707315, 360.39249924749856, 346.57935092291154]","[-3122.1747379770213, 851.3201010014594, 360.3924992475004, 346.57935092291154]","[-3032.0766131651462, 937.9649387321872, 360.3924992475004, 346.5793509229111]","[-2941.978488353271, 1024.609776462915, 360.3924992475004, 346.57935092291154]","[-2840.564696083849, 1090.591036848202, 405.6551690776887, 263.92504154114795]","[-2719.034161667677, 1119.837048619372, 486.1221376646881, 116.98404708467933]","[-2597.503627251505, 1149.0830603905392, 486.1221376646886, 116.98404708466943]","[-2475.973092835333, 1178.3290721617057, 486.1221376646881, 116.98404708466569]","[-2354.442558419161, 1207.5750839328723, 486.1221376646881, 116.9840470846666]","[-2232.912024002989, 1236.821095704039, 486.1221376646881, 116.9840470846666]","[-2111.3814895868168, 1266.0671074752056, 486.1221376646881, 116.9840470846666]","[-1989.8509551706447, 1295.313119246372, 486.1221376646881, 116.98404708466569]","[-1868.3204207544727, 1324.559131017539, 486.1221376646881, 116.98404708466751]","[-1746.789886338301, 1353.805142788705, 486.1221376646872, 116.98404708466478]"
814,Robot,"[-1625.2593519221286, 1383.051154559872, 0, 0]","[-1503.7288175059566, 1412.2971663310386, 486.1221376646881, 116.9840470846666]","[-1382.1982830897846, 1441.5431781022053, 486.1221376646881, 116.9840470846666]","[-1260.6677486736126, 1470.7891898733717, 486.1221376646881, 116.98404708466569]","[-1139.1372142574403, 1500.0352016445386, 486.12213766468903, 116.98404708466751]","[-1017.6066798412684, 1529.281213415705, 486.12213766468767, 116.98404708466569]","[-896.0761454250934, 1558.5272251868723, 486.12213766469995, 116.98404708466933]","[-774.5456110089185, 1587.7732369580397, 486.1221376646995, 116.98404708466933]","[-653.0150765927436, 1617.019248729207, 486.12213766469995, 116.98404708466943]","[-531.4845421765688, 1646.2652605003743, 486.1221376646995, 116.98404708466933]","[-409.9540077603951, 1675.5112722715412, 486.1221376646947, 116.98404708466751]","[-288.42347334422163, 1704.757284042708, 486.1221376646938, 116.98404708466751]","[-166.89293892804818, 1734.0032958138752, 486.1221376646938, 116.98404708466842]","[-45.3624045118747, 1763.249307585042, 486.1221376646939, 116.98404708466751]","[76.16812990429892, 1792.4953193562092, 486.1221376646945, 116.98404708466842]","[197.6986643204724, 1821.741331127376, 486.1221376646939, 116.98404708466751]"
815,Robot,"[319.22919873664586, 1850.987342898543, 0, 0]","[440.7597331528193, 1880.23335466971, 486.1221376646938, 116.98404708466842]","[562.2902675689934, 1909.479366440877, 486.1221376646963, 116.98404708466751]","[683.8208019851683, 1938.725378212044, 486.1221376646995, 116.98404708466842]","[805.3513364013431, 1967.971389983212, 486.1221376646995, 116.98404708467206]","[926.881870817518, 1997.217401754379, 486.1221376646995, 116.98404708466751]","[1049.219834604422, 2014.8900706559407, 489.3518551476159, 70.69067560624717]","[1173.634045344629, 2002.80271503566, 497.6568429608278, -48.34942248112293]","[1298.048256084836, 1990.7153594153788, 497.6568429608292, -48.34942248112479]","[1422.4624668250428, 1978.6280037950976, 497.6568429608269, -48.34942248112475]","[1546.8766775652498, 1966.5406481748169, 497.6568429608278, -48.34942248112293]","[1671.2908883054567, 1954.453292554536, 497.6568429608278, -48.34942248112384]","[1795.7050990456637, 1942.365936934255, 497.6568429608278, -48.34942248112384]","[1920.1193097858709, 1930.278581313974, 497.6568429608287, -48.34942248112384]","[2044.5335205260776, 1918.191225693693, 497.6568429608269, -48.34942248112384]","[2168.9477312662902, 1906.103870073412, 497.65684296085055, -48.34942248112384]"
816,Robot,"[2293.361942006503, 1894.016514453131, 0, 0]","[2417.7761527467155, 1881.92915883285, 497.65684296085055, -48.34942248112475]","[2542.190363486928, 1869.8418032125687, 497.65684296085055, -48.34942248112475]","[2666.604574227141, 1857.754447592288, 497.65684296085055, -48.34942248112293]","[2791.018784967353, 1845.6670919720077, 497.65684296084873, -48.34942248112111]","[2915.432995707566, 1833.5797363517263, 497.6568429608524, -48.34942248112566]","[3039.8472064477787, 1821.492380731445, 497.65684296085055, -48.34942248112475]","[3164.261417187992, 1809.4050251111644, 497.6568429608524, -48.34942248112293]","[3288.675627928204, 1797.3176694908834, 497.6568429608492, -48.34942248112388]","[3411.7716311382533, 1785.679329048282, 492.3840128401971, -46.5533617704059]","[3523.9377904629555, 1777.5597233354763, 448.6646372988089, -32.478422851222604]","[3624.253956245455, 1772.5329450305396, 401.26466312999764, -20.10711321974668]","[3713.810529368019, 1768.8971090083053, 358.22629249025704, -14.543344088937374]","[3793.5182359548144, 1763.8097447686391, 318.83082634718085, -20.349456958664632]","[3864.802968193047, 1751.6816495864628, 285.13892895293066, -48.512380728705466]","[3933.781708942368, 1721.487977686647, 275.9149629972835, -120.77468759926342]"
817,Robot,"[4009.307276312272, 1674.6619543269694, 0, 0]","[4083.8897351268665, 1629.0819616878337, 298.3298352583788, -182.319970556543]","[4157.303502344304, 1585.0534677615487, 293.65506886975163, -176.11397570513964]","[4229.482178167807, 1542.6646217222217, 288.714703294012, -169.55538415730825]","[4249.900402907154, 1557.773285141055, 81.67289895738577, 60.43465367533372]","[4209.220904020303, 1637.469573824911, -162.7179955474021, 318.78515473542393]","[4326.036772677358, 1638.0920206267847, 467.26347462822014, 2.4897872074943734]","[4450.780286249816, 1630.0885325374468, 498.9740542898289, -32.01395235735163]","[4575.515215571002, 1622.0872543937398, 498.93971728474617, -32.00511257482779]","[4685.117972180351, 1622.4133529292285, 438.4110264373958, 1.3043941419546172]","[4777.011667024858, 1639.884682718993, 367.5747793780283, 69.88531915905787]","[4854.344987896884, 1657.931029840577, 309.3332834881039, 72.1853884863358]","[4921.742926000227, 1673.0120608253017, 269.5917524133729, 60.32412393889899]","[4980.737895954477, 1685.3984582582636, 235.9798798169977, 49.54558973184794]","[5032.575005888061, 1695.4894988244548, 207.34843973433817, 40.36416226476467]","[5076.924450432561, 1704.813931214464, 177.39777817799768, 37.297729560036714]"
818,Robot,"[5086.352702117319, 1758.95326423693, 0, 0]","[5119.45038548609, 1772.6155650088174, 132.39073347508747, 54.64920308754972]","[5215.326145837681, 1751.1927187015042, 383.5030414063622, -85.69138522925277]","[5336.38931521543, 1720.068628028566, 484.25267751099454, -124.49636269175244]","[5457.452484593176, 1688.944537355628, 484.25267751098727, -124.49636269175244]","[5577.45734645521, 1657.425747580731, 480.0194474481359, -126.07515909958784]","[5684.460523396462, 1620.7288105628988, 428.0127077650068, -146.78774807132868]","[5776.903170040487, 1578.2917545586304, 369.77058657609814, -169.74822401707388]","[5794.626422017747, 1476.098496947104, 70.89300790904241, -408.77303044610596]","[5786.836472946745, 1351.3414663096612, -31.159796284009644, -499.02812254977107]","[5779.046523875742, 1226.5844356722184, -31.159796284009644, -499.02812254977107]","[5699.867250017043, 1129.8598648992752, -316.71709543479665, -386.898283091773]","[5620.687976158344, 1033.135294126332, -316.71709543479665, -386.898283091773]","[5541.508702299645, 936.4107233533888, -316.71709543479665, -386.89828309177256]","[5466.186027262941, 836.6588617881789, -301.29070014681565, -399.0074462608395]","[5391.046464838325, 736.7636881418914, -300.55824969846435, -399.58069458515]"
819,Robot,"[5315.82634270631, 636.9291667073584, 0, 0]","[5240.438992635008, 537.2208950481829, -301.54940028521014, -398.83308663670186]","[5161.517303596941, 440.310726181174, -315.68675615226675, -387.6406754680356]","[5095.949653526151, 335.90367622440164, -262.2706002831583, -417.6281998270895]","[5036.125993631191, 234.44441559514024, -239.29463957984262, -405.8370425170456]","[4936.248953538384, 159.319650558046, -399.50816037122786, -300.499060148377]","[4836.047525509471, 84.58897532381005, -400.80571211565257, -298.9227009369438]","[4735.846097480558, 9.858300089574843, -400.80571211565257, -298.9227009369408]","[4635.644669451644, -64.87237514465937, -400.8057121156529, -298.92270093693713]","[4535.44324142273, -139.60305037889214, -400.8057121156562, -298.92270093693105]","[4414.747438291872, -159.9585381934793, -482.7832125234345, -81.42195125834871]","[4290.147944665407, -169.9568474519437, -498.3979745058605, -39.993237033857554]","[4165.5484510389415, -179.9551567104081, -498.3979745058605, -39.993237033857554]","[4040.948957412477, -189.95346596887248, -498.39797450585866, -39.993237033857554]","[3916.3494637860113, -199.95177522733687, -498.3979745058623, -39.993237033857554]","[3791.749970159546, -209.95008448580128, -498.3979745058605, -39.99323703385767]"
