,Type,Point_1,Point_2,Point_3,Point_4,Point_5,Point_6,Point_7,Point_8,Point_9,Point_10,Point_11,Point_12,Point_13,Point_14,Point_15,Point_16
0,People,"[-4691.638010000001, 927.02973, 0, 0]","[-4350.056963333333, 1070.8724033333333, 1366.3241866666685, 575.3706933333333]","[-3998.22988, 1154.50841, 1407.3083333333343, 334.54402666666647]","[-3629.53309, 1211.81248, 1474.7871599999999, 229.21628000000055]","[-3316.777, 1346.55438, 1251.0243599999994, 538.9676]","[-2950.96673, 1498.42075, 1463.2410799999998, 607.4654799999998]","[-2601.89281, 1528.84731, 1396.295680000001, 121.70624000000043]","[-2269.80536, 1580.96129, 1328.3498, 208.45591999999942]","[-1959.81946, 1694.98558, 1239.9436000000007, 456.09716000000066]","[-1608.87694, 1756.11951, 1403.7700799999993, 244.53571999999986]","[-1243.25728, 1745.71403, 1462.4786400000003, -41.62191999999959]","[-895.73932, 1772.86626, 1390.07184, 108.60891999999967]","[-585.10506, 1825.93269, 1242.5370400000002, 212.26572000000033]","[-263.95846, 1796.88873, 1284.5864, -116.17584000000079]","[108.03609, 1721.17601, 1487.9782, -302.85087999999996]","[476.00064, 1739.25067, 1471.8582, 72.29863999999998]"
1,People,"[833.27332, 1794.59092, 0, 0]","[1143.3788, 1754.87374, 1240.4219199999998, -158.8687200000004]","[1493.52583, 1714.91696, 1400.5881200000003, -159.82711999999992]","[1839.22153, 1762.83758, 1382.7828, 191.6824799999995]","[2217.85111, 1755.4845, 1514.5183200000001, -29.412319999999454]","[2567.8853, 1706.98817, 1400.1367599999994, -193.98531999999977]","[2905.42979, 1718.54214, 1350.177960000001, 46.21587999999974]","[3205.56423, 1801.91727, 1200.5377599999993, 333.5005199999996]","[3511.52225, 1839.93914, 1223.8320800000013, 152.08748000000028]","[3825.86593, 1806.51058, 1257.3747199999998, -133.71424000000025]","[4139.87859, 1842.08155, 1256.0506400000013, 142.28388000000086]","[4465.6569, 1941.39396, 1303.1132399999988, 397.24964]","[4797.51714, 1969.77565, 1327.44096, 113.52675999999974]","[5176.05472, 2022.74288, 1514.1503200000006, 211.8689199999999]","[5443.70243, 2167.4531, 1070.5908400000008, 578.8408800000007]","[5616.281015100334, 2235.0696110702343, 690.3143404013354, 270.46604428093633]"
2,People,"[5721.828440267558, 2267.991646187291, 0, 0]","[5827.375865434782, 2300.913681304348, 422.18970066889597, 131.68814046822808]","[5932.923290602006, 2333.835716421405, 422.18970066889597, 131.68814046822808]","[6038.47071576923, 2366.757751538461, 422.18970066889597, 131.68814046822445]","[6144.018140936455, 2399.6797866555185, 422.1897006688996, 131.6881404682299]","[6249.565566103679, 2432.601821772575, 422.18970066889597, 131.68814046822627]","[6355.112991270903, 2465.523856889632, 422.18970066889597, 131.68814046822808]","[6460.660416438127, 2498.445892006689, 422.18970066889597, 131.68814046822808]","[6566.207841605351, 2531.367927123746, 422.18970066889636, 131.6881404682282]","[6671.755266772575, 2564.2899622408027, 422.18970066889597, 131.68814046822627]","[6777.302691939799, 2597.21199735786, 422.18970066889597, 131.6881404682299]","[6882.850117107023, 2630.134032474916, 422.18970066889597, 131.68814046822263]","[6988.397542274248, 2663.0560675919733, 422.1897006688996, 131.6881404682299]","[7093.944967441472, 2695.9781027090303, 422.18970066889597, 131.68814046822808]","[7199.492392608696, 2728.9001378260878, 422.18970066889597, 131.6881404682299]","[7305.03981777592, 2761.822172943144, 422.18970066889597, 131.68814046822445]"
3,People,"[7410.587242943144, 2794.744208060201, 0, 0]","[7516.134668110368, 2827.666243177257, 422.18970066889597, 131.68814046822445]","[7621.682093277592, 2860.5882782943145, 422.18970066889597, 131.6881404682299]","[7727.229518444816, 2893.5103134113715, 422.18970066889597, 131.68814046822808]","[7832.77694361204, 2926.432348528428, 422.18970066889597, 131.68814046822627]","[7938.324368779264, 2959.354383645485, 422.18970066889597, 131.68814046822808]","[8043.871793946488, 2992.276418762542, 422.18970066889597, 131.68814046822808]","[7852.28651, 2942.37949, -766.3411357859513, -199.5877150501692]","[7582.48347, 2891.94486, -1079.21216, -201.73851999999914]","[7340.12623, 2771.2872, -969.4289600000011, -482.6306399999994]","[7040.79384, 2606.92438, -1197.3295599999983, -657.4512800000011]","[6701.65829, 2529.80254, -1356.5421999999999, -308.48735999999917]","[6394.73959, 2502.74608, -1227.6748000000007, -108.22584000000097]","[6107.9351, 2429.19671, -1147.2179600000018, -294.1974799999989]","[5819.22569, 2318.70038, -1154.837639999998, -441.9853199999998]","[5495.168, 2268.02239, -1296.2307600000022, -202.71196000000054]"
4,People,"[5158.54153, 2259.22318, 0, 0]","[4796.46901, 2211.38058, -1448.2900800000025, -191.3703999999998]","[4466.10321, 2119.08371, -1321.4631999999983, -369.1874800000005]","[4120.22452, 2049.43148, -1383.5147600000018, -278.60891999999876]","[3786.84718, 2057.24095, -1333.5093599999982, 31.237879999998768]","[3463.88294, 2050.94531, -1291.856960000001, -25.182559999999285]","[3150.48885, 1962.39926, -1253.576359999999, -354.1842000000006]","[2810.83547, 1846.44091, -1358.6135200000008, -463.83339999999953]","[2481.65104, 1818.74508, -1316.7377200000003, -110.78332000000056]","[2186.70344, 1796.97413, -1179.7904000000017, -87.08379999999943]","[1918.88936, 1674.15808, -1071.2563199999995, -491.2642000000005]","[1656.57305, 1496.20949, -1049.2652399999997, -711.7943599999999]","[1358.2295, 1381.04137, -1193.3742000000002, -460.6724800000002]","[1063.55599, 1268.36568, -1178.6940399999994, -450.7027599999992]","[800.10942, 1084.17541, -1053.7862800000003, -736.7610800000002]","[547.55163, 852.96608, -1010.2311599999998, -924.8373200000001]"
5,People,"[237.02172, 686.00452, 0, 0]","[-90.30992, 546.51562, -1309.32656, -557.9555999999998]","[-367.64279, 381.22665, -1109.3314799999998, -661.15588]","[-639.96494, 193.16973, -1089.2885999999999, -752.2276800000001]","[-959.15524, 59.39796, -1276.7612000000004, -535.08708]","[-1285.54527, -10.13622, -1305.56012, -278.13671999999997]","[-1619.16094, -84.41739, -1334.4626799999996, -297.12468]","[-1924.3361, -199.00225, -1220.70064, -458.33944]","[-2244.05865, -284.75211, -1278.890200000001, -342.99944000000033]","[-2581.08924, -287.52192, -1348.1223599999994, -11.079240000000027]","[-2932.72593, -294.77863, -1406.546760000001, -29.026839999999993]","[-3257.85435, -376.06231, -1300.51368, -325.13472]","[-3586.76324, -470.31232, -1315.6355600000006, -377.0000399999999]","[-3911.30879, -462.65647, -1298.1821999999993, 30.623399999999947]","[-4235.10392, -452.75946, -1295.180519999998, 39.58804000000009]","[-4544.03889, -549.41599, -1235.739880000001, -386.6261199999999]"
6,People,"[-4873.3242, -681.00428, 0, 0]","[-5203.23386, -730.60105, -1319.638640000001, -198.38707999999997]","[-5550.39722, -764.58623, -1388.6534399999982, -135.94072000000006]","[-5839.87145, -867.55326, -1157.8969199999992, -411.8681200000001]","[-6128.91875, -1019.36439, -1156.1892000000007, -607.2445199999997]","[-6420.51361, -1128.6456, -1166.3794400000006, -437.1248400000004]","[-6712.78752, -1201.26325, -1169.0956399999995, -290.47059999999965]","[-7004.37379, -1308.68044, -1166.3450799999991, -429.6687600000005]","[-7241.00398, -1472.93091, -946.5207600000039, -657.0018800000004]","[-7451.8202, -1627.42127, -843.2648799999988, -617.96144]","[-7659.71858, -1709.07033, -831.5935199999985, -326.59623999999985]","[-7841.6479, -1761.15298, -727.7172800000008, -208.33060000000023]","[-7891.690198983051, -1810.241016327684, -200.16919593220518, -196.35214531073598]","[-7758.125444745763, -1725.8924593596987, 534.2590169491523, 337.39422787194144]","[-7624.560690508475, -1641.5439023917138, 534.2590169491523, 337.3942278719396]","[-7490.995936271187, -1557.195345423729, 534.2590169491523, 337.3942278719396]"
7,People,"[-7357.431182033899, -1472.846788455744, 0, 0]","[-7223.866427796611, -1388.4982314877589, 534.2590169491523, 337.39422787194053]","[-7090.301673559322, -1304.149674519774, 534.2590169491559, 337.3942278719396]","[-6956.736919322034, -1219.801117551789, 534.2590169491523, 337.3942278719396]","[-6823.172165084746, -1135.452560583804, 534.2590169491523, 337.39422787194053]","[-6689.607410847458, -1051.1040036158192, 534.2590169491523, 337.3942278719387]","[-6556.04265661017, -966.7554466478342, 534.2590169491523, 337.3942278719401]","[-6422.4779023728815, -882.4068896798493, 534.2590169491523, 337.3942278719396]","[-6288.9131481355935, -798.0583327118643, 534.2590169491527, 337.39422787194036]","[-6155.348393898305, -713.7097757438794, 534.2590169491523, 337.3942278719396]","[-6021.783639661017, -629.3612187758945, 534.2590169491523, 337.3942278719396]","[-5888.218885423728, -545.0126618079096, 534.2590169491559, 337.3942278719396]","[-5754.65413118644, -460.6641048399245, 534.2590169491523, 337.3942278719403]","[-5621.089376949152, -376.31554787193954, 534.2590169491523, 337.39422787193985]","[-5487.524622711864, -291.96699090395464, 534.2590169491523, 337.3942278719396]","[-5353.959868474576, -207.61843393596973, 534.2590169491523, 337.3942278719396]"
8,People,"[-5220.395114237288, -123.26987696798484, 0, 0]","[-5086.83036, -38.92132, 534.2590169491523, 337.3942278719394]","[-4771.70982, 41.31406, 1260.4821599999996, 320.94151999999997]","[-4469.12777, 133.78396, 1210.3282, 369.87960000000004]","[-4187.16099, 246.2539, 1127.867119999999, 449.8797599999999]","[-3897.82195, 317.03544, 1157.3561600000012, 283.12616]","[-3642.43578, 282.28254, 1021.5446800000009, -139.01160000000004]","[-3374.04906, 255.80459, 1073.5468799999999, -105.91179999999997]","[-3093.86874, 284.48503, 1120.7212800000007, 114.72176000000012]","[-2792.12693, 275.91915, 1206.96724, -34.26351999999997]","[-2495.01413, 163.88632, 1188.4511999999995, -448.13131999999996]","[-2153.91431, 45.08629, 1364.3992799999996, -475.2001200000001]","[-1814.94608, 44.03816, 1355.8729200000007, -4.192520000000002]","[-1488.26266, 49.80716, 1306.7336799999994, 23.076000000000022]","[-1176.98209, 13.04056, 1245.1222800000005, -147.06640000000002]","[-845.23393, 46.4679, 1326.99264, 133.70936]"
9,People,"[-532.27827, 194.49382, 0, 0]","[-228.37381, 346.64079, 1215.6178400000001, 608.5878799999999]","[62.37096, 442.0694, 1162.97908, 381.71443999999997]","[325.97031, 575.91531, 1054.3973999999998, 535.38364]","[592.25768, 781.003, 1065.1494800000003, 820.3507600000003]","[869.44323, 981.09479, 1108.7421999999997, 800.3671599999998]","[1163.30583, 1122.74802, 1175.4504000000002, 566.61292]","[1429.75073, 1280.94097, 1065.7795999999998, 632.7718000000004]","[1671.48274, 1477.57696, 966.9280400000007, 786.5439600000007]","[1966.45655, 1619.43341, 1179.8952400000007, 567.4258]","[2276.83829, 1686.58122, 1241.5269600000001, 268.59123999999974]","[2589.74911, 1760.06899, 1251.6432800000002, 293.9510799999998]","[2857.5279, 1887.82508, 1071.1151599999994, 511.02436000000034]","[3141.59455, 1975.04235, 1136.266599999999, 348.8690799999995]","[3466.24292, 1984.23459, 1298.5934800000014, 36.768960000000334]","[3798.30221, 1990.65895, 1328.2371599999988, 25.697439999999915]"
10,People,"[4143.26877, 2026.25086, 0, 0]","[4495.61784, 2044.24211, 1409.3962800000008, 71.96499999999924]","[4847.84255, 2068.70342, 1408.8988400000017, 97.84523999999965]","[5165.82696, 2130.96119, 1271.93764, 249.03108000000066]","[5458.619502380952, 2193.335225873016, 1171.170169523808, 249.49614349206422]","[5751.47508968254, 2240.5975856613754, 1171.4223492063502, 189.04943915343756]","[6044.330676984127, 2287.8599454497357, 1171.4223492063502, 189.0494391534412]","[6337.186264285714, 2335.122305238095, 1171.4223492063466, 189.04943915343756]","[6630.041851587302, 2382.384665026455, 1171.4223492063513, 189.04943915343955]","[6922.897438888889, 2429.647024814815, 1171.4223492063502, 189.04943915343938]","[7215.753026190477, 2476.9093846031747, 1171.4223492063502, 189.04943915343938]","[7504.21253, 2525.7139, 1153.8380152380923, 195.21806158730215]","[7753.01503, 2678.5117, 995.2099999999991, 611.1911999999993]","[8042.99387, 2889.32523, 1159.9153600000027, 843.2541199999996]","[8315.46635, 2982.18049, 1089.8899200000014, 371.4210400000011]","[8364.580622351543, 2980.53974783848, 196.45708940616896, -6.562968646081572]"
11,People,"[8324.607500617576, 2957.298425391924, 0, 0]","[8284.63437888361, 2934.057102945368, -159.89248693586705, -92.96528978622337]","[8244.661257149643, 2910.8157804988123, -159.89248693586705, -92.96528978622337]","[8204.688135415676, 2887.5744580522564, -159.89248693586705, -92.96528978622337]","[8164.71501368171, 2864.3331356057006, -159.89248693586342, -92.96528978622337]","[8124.741891947743, 2841.0918131591447, -159.89248693586705, -92.96528978622337]","[8084.768770213776, 2817.850490712589, -159.89248693586705, -92.96528978622337]","[8044.79564847981, 2794.609168266033, -159.89248693586705, -92.96528978622337]","[8004.822526745843, 2771.367845819477, -159.8924869358672, -92.96528978622345]","[7964.849405011876, 2748.126523372922, -159.89248693586705, -92.96528978622155]","[7924.876283277909, 2724.885200926366, -159.89248693586705, -92.96528978622337]","[7884.903161543943, 2701.64387847981, -159.89248693586705, -92.96528978622337]","[7844.930039809976, 2678.4025560332543, -159.89248693586705, -92.96528978622337]","[7804.956918076009, 2655.1612335866985, -159.89248693586705, -92.96528978622337]","[7764.983796342042, 2631.919911140142, -159.89248693586705, -92.96528978622518]","[7725.0106746080755, 2608.678588693587, -159.89248693586705, -92.96528978622155]"
12,People,"[7540.22051, 2489.00194, 0, 0]","[7336.29572, 2312.90077, -815.6991600000001, -704.4046799999996]","[7121.77292, 2121.06339, -858.0911999999989, -767.3495200000016]","[6884.4023, 1964.76964, -949.4824800000024, -625.1749999999993]","[6612.87991, 1832.7107, -1086.0895600000003, -528.2357599999996]","[6365.42609, 1600.27322, -989.8152799999989, -929.7499200000002]","[6131.37774, 1357.60677, -936.1934000000001, -970.6657999999998]","[5862.23444, 1210.44593, -1076.573199999999, -588.64336]","[5549.184311111111, 1070.6194666666663, -1252.2005155555573, -559.3058533333356]","[5251.63074, 873.46347, -1190.214284444446, -788.6239866666651]","[4979.916774705882, 675.8784570588235, -1086.855861176471, -790.340051764706]","[4693.28156, 502.40049, -1146.540858823526, -693.9118682352942]","[4362.23642, 369.23773, -1324.1805600000007, -532.65104]","[4039.22663, 217.73592, -1292.0391600000003, -606.00724]","[3742.02361, 34.43701, -1188.8120799999997, -733.1956399999999]","[3433.92637, -100.83058, -1232.3889600000002, -541.0703599999999]"
13,People,"[3108.45474, -181.4848, 0, 0]","[2750.6008, -264.41692, -1431.4157599999999, -331.72848]","[2427.21942, -398.80964, -1293.525520000001, -537.57088]","[2103.20525, -498.10021, -1296.0566799999997, -397.16228]","[1804.09249, -511.74954, -1196.45104, -54.59732000000008]","[1476.00538, -527.09144, -1312.3484399999998, -61.36760000000004]","[1149.53369, -613.22319, -1305.8867600000003, -344.52700000000004]","[785.53633, -691.03477, -1455.9894399999998, -311.24631999999974]","[449.37848, -660.78624, -1344.6314000000011, 120.99411999999995]","[118.23066, -623.41792, -1324.59128, 149.47328000000016]","[-222.5313, -662.3485, -1363.04784, -155.72231999999985]","[-573.59945, -714.37729, -1404.2726000000002, -208.1151600000003]","[-914.30884, -694.52479, -1362.83756, 79.40999999999985]","[-1270.46284, -641.75076, -1424.6159999999995, 211.09612000000016]","[-1648.89466, -657.84791, -1513.72728, -64.38859999999977]","[-1988.63273, -746.79754, -1358.9522800000004, -355.7985200000003]"
14,People,"[-2293.7227, -733.90611, 0, 0]","[-2651.67731, -711.26427, -1431.818440000001, 90.56736000000001]","[-3018.98972, -755.47045, -1469.24964, -176.82472000000007]","[-3367.70297, -830.49907, -1394.8529999999992, -300.11447999999973]","[-3687.01572, -834.88152, -1277.2510000000002, -17.52980000000025]","[-4009.87019, -824.58035, -1291.4178800000009, 41.20468000000028]","[-4330.47167, -864.2035, -1282.4059199999992, -158.49260000000004]","[-4666.40074, -953.21506, -1343.7162800000006, -356.0462400000001]","[-4968.872913393258, -1004.7381451235956, -1209.8886935730345, -206.09234049438254]","[-5178.750635865169, -1005.54491647191, -839.5108898876424, -3.2270853932577666]","[-5388.628358337079, -1006.3516878202248, -839.5108898876388, -3.227085393259131]","[-5598.506080808989, -1007.1584591685394, -839.5108898876424, -3.2270853932582213]","[-5808.383803280899, -1007.965230516854, -839.5108898876388, -3.227085393258676]","[-6018.26152575281, -1008.7720018651686, -839.5108898876424, -3.2270853932582213]","[-6228.139248224719, -1009.5787732134831, -839.5108898876388, -3.2270853932582213]","[-6438.01697069663, -1010.3855445617976, -839.5108898876424, -3.2270853932577666]"
15,People,"[-6647.89469316854, -1011.1923159101124, 0, 0]","[-6857.772415640449, -1011.9990872584268, -839.5108898876388, -3.2270853932577666]","[-7067.65013811236, -1012.8058586067416, -839.5108898876424, -3.227085393259131]","[-7277.5278605842705, -1013.612629955056, -839.5108898876424, -3.2270853932577666]","[-7487.40558305618, -1014.4194013033708, -839.5108898876388, -3.227085393259131]","[-7697.28330552809, -1015.2261726516854, -839.5108898876388, -3.2270853932582213]","[-7907.161028, -1016.032944, -839.5108898876424, -3.227085393258676]","[-8117.038750471911, -1016.8397153483146, -839.5108898876424, -3.2270853932582213]","[-8326.91647294382, -1017.6464866966292, -839.5108898876359, -3.227085393258224]","[-8536.79419541573, -1018.4532580449438, -839.5108898876424, -3.227085393258676]","[-8688.00391, -1002.34158, -604.8388583370761, 64.4467121797752]","[-8670.87873, -989.2539, 68.50071999999636, 52.35071999999991]","[-8603.525545454546, -950.9622518181818, 269.412738181818, 153.16659272727293]","[-8500.652622727273, -879.626910909091, 411.4916909090898, 285.34136363636344]","[-8397.7797, -808.29157, 411.4916909090971, 285.3413636363639]","[-8270.40648, -803.381, 509.49287999999797, 19.642280000000028]"
16,People,"[-8108.37291, -722.01131, 0, 0]","[-7980.33204, -664.538, 512.1634799999993, 229.89323999999988]","[-7764.93183, -688.83087, 861.6008399999992, -97.17147999999997]","[-7491.31986, -693.11933, 1094.4478800000034, -17.153839999999946]","[-7238.00364, -586.25824, 1013.2648799999988, 427.44435999999996]","[-6932.47939, -462.69484, 1222.096999999998, 494.2536]","[-6641.28239, -358.57169, 1164.7880000000005, 416.49260000000004]","[-6280.98828, -259.54056, 1441.176440000003, 396.12451999999985]","[-6002.123993636364, -94.06341181818182, 1115.4571454545448, 661.9085927272735]","[-5711.77713, 75.16820750000002, 1161.3874545454528, 676.9264772727274]","[-5403.02353, 227.30305, 1235.0144, 608.53937]","[-5066.31671, 375.38194, 1346.8272800000013, 592.3155599999999]","[-4792.37658, 578.58548, 1095.7605199999998, 812.8141599999999]","[-4501.8076433333335, 753.6671266666666, 1162.2757466666662, 700.3265866666666]","[-4188.79502, 871.89654, 1252.050493333336, 472.9176533333334]","[-3869.904475, 994.63725, 1275.562179999999, 490.96284000000014]"
17,People,"[-3560.2802, 1167.22016, 0, 0]","[-3245.90086, 1290.77975, 1257.5173599999998, 494.2383599999994]","[-2909.43661, 1354.61275, 1345.857, 255.33200000000033]","[-2602.4466, 1441.51516, 1227.96004, 347.6096399999997]","[-2285.62233, 1559.26139, 1267.2970800000003, 470.9849199999999]","[-1954.8986, 1627.02184, 1322.8949200000006, 271.0418000000009]","[-1586.14483, 1636.54858, 1475.0150800000001, 38.10695999999916]","[-1247.00172, 1691.03752, 1356.57244, 217.95576000000074]","[-912.76979, 1787.52555, 1336.9277200000013, 385.95212000000026]","[-569.84268, 1801.77679, 1371.7084399999999, 57.0049599999993]","[-204.54989, 1796.60541, 1461.1711599999999, -20.685519999999997]","[133.45469, 1846.8336, 1352.0183200000001, 200.91276000000016]","[459.03461, 1939.78822, 1302.31968, 371.8184799999999]","[793.88353, 1963.51135, 1339.3956799999999, 94.89252000000033]","[1134.8923, 1937.42016, 1364.03508, -104.36476000000039]","[1455.27658, 1967.94499, 1281.53712, 122.09932000000026]"
18,People,"[1793.21187, 2049.95084, 0, 0]","[2098.83746, 2049.95436, 1222.5023600000004, 0.014080000000831205]","[2436.47113, 1984.53674, 1350.5346799999988, -261.6704800000007]","[2719.89213, 1925.98208, 1133.684000000001, -234.21864000000005]","[3026.22722, 1936.54461, 1225.3403600000001, 42.2501199999997]","[3301.35471, 1915.28115, 1100.5099599999994, -85.05383999999958]","[3612.16692, 1834.41316, 1243.2488400000002, -323.47195999999985]","[3926.59607, 1787.94405, 1257.7165999999997, -185.87644]","[4182.24256, 1842.51553, 1022.5859599999994, 218.28591999999955]","[4421.50627, 1879.08532, 957.0548400000007, 146.27916000000005]","[4699.43141, 1855.82514, 1111.7005600000011, -93.04071999999996]","[5002.21469, 1859.20146, 1211.1331199999986, 13.505280000000312]","[5248.91644, 1935.5083, 986.8070000000007, 305.22735999999986]","[5518.36041, 2023.07342, 1077.775880000001, 350.2604799999999]","[5806.680878, 2042.178892, 1153.2818719999996, 76.42188799999985]","[6104.11363, 2046.79824, 1189.7310079999988, 18.47739200000069]"
19,People,"[6374.96102, 2131.47091, 0, 0]","[6614.30747, 2262.67829, 957.3858, 524.8295199999993]","[6870.5740255, 2315.6023235, 1025.0662220000013, 211.6961339999998]","[7157.02219, 2335.16387, 1145.7926579999985, 78.2461860000003]","[7375.29419, 2443.45452, 873.0879999999997, 433.16259999999966]","[7629.3046, 2625.13159, 1016.0416400000031, 726.7082800000007]","[7888.08225, 2724.0324, 1035.1106, 395.60324000000037]","[8201.27455, 2797.93972, 1252.7691999999988, 295.6292799999992]","[8316.427688036176, 2840.2567032816537, 460.61255214470333, 169.26793312661553]","[8317.927905736435, 2848.30073751938, 6.000870801035489, 32.17613695090586]","[8319.428123436692, 2856.3447717571057, 6.0008708010282135, 32.17613695090222]","[8320.92834113695, 2864.388805994832, 6.000870801035489, 32.17613695090586]","[8322.42855883721, 2872.432840232558, 6.000870801035489, 32.17613695090404]","[8323.928776537468, 2880.476874470284, 6.000870801035489, 32.17613695090404]","[8325.428994237725, 2888.52090870801, 6.0008708010282135, 32.17613695090404]","[8326.929211937984, 2896.564942945736, 6.000870801035489, 32.17613695090404]"
20,People,"[8328.429429638243, 2904.6089771834622, 0, 0]","[8329.929647338502, 2912.6530114211887, 6.000870801035489, 32.17613695090586]","[8331.429865038759, 2920.6970456589147, 6.0008708010282135, 32.17613695090404]","[8332.930082739018, 2928.7410798966407, 6.000870801035489, 32.17613695090404]","[8334.430300439277, 2936.7851141343667, 6.000870801035489, 32.17613695090404]","[8335.930518139534, 2944.8291483720927, 6.0008708010282135, 32.17613695090404]","[8337.430735839793, 2952.873182609819, 6.000870801035489, 32.17613695090586]","[8338.930953540052, 2960.917216847545, 6.000870801035489, 32.17613695090404]","[8340.43117124031, 2968.961251085271, 6.000870801035495, 32.176136950904066]","[8341.931388940568, 2977.005285322997, 6.0008708010282135, 32.17613695090404]","[8343.431606640826, 2985.0493195607232, 6.000870801035489, 32.17613695090404]","[8344.931824341085, 2993.093353798449, 6.000870801035489, 32.17613695090222]","[8346.432042041344, 3001.137388036176, 6.000870801035489, 32.176136950909495]","[8347.932259741601, 3009.1814222739017, 6.0008708010282135, 32.17613695090222]","[8349.43247744186, 3017.225456511628, 6.000870801035489, 32.17613695090586]","[8350.932695142119, 3025.2694907493537, 6.000870801035489, 32.17613695090222]"
21,People,"[8352.432912842378, 3033.31352498708, 0, 0]","[8353.933130542635, 3041.357559224806, 6.0008708010282135, 32.17613695090404]","[8355.433348242894, 3049.401593462532, 6.000870801035489, 32.17613695090404]","[8356.933565943153, 3057.4456277002582, 6.000870801035489, 32.17613695090404]","[8358.43378364341, 3065.489661937984, 6.0008708010282135, 32.17613695090222]","[8359.934001343669, 3073.5336961757102, 6.000870801035489, 32.17613695090586]","[8361.434219043927, 3081.5777304134363, 6.000870801035489, 32.17613695090404]","[8263.64216, 3036.85534, -391.1682361757121, -178.88956165374475]","[8153.82287, 2875.37754, -439.2771599999982, -645.911200000001]","[7975.68624, 2771.43473, -712.5465199999999, -415.77124000000003]","[7751.97749, 2753.99671, -894.8349999999991, -69.7520800000002]","[7551.03751, 2736.93436, -803.7599200000004, -68.24939999999879]","[7468.58063, 2679.45586, -329.8275199999989, -229.91400000000067]","[7450.63837, 2635.61181, -71.76904000000286, -175.3762000000006]","[7450.80125, 2623.24627, 0.6515200000030745, -49.46215999999913]","[7416.37832, 2596.39331, -137.69172000000253, -107.41184000000067]"
22,People,"[7371.65839, 2546.99405, 0, 0]","[7304.23797, 2505.14152, -269.68167999999787, -167.41011999999864]","[7138.7246, 2515.61411, -662.0534800000023, 41.89035999999942]","[6913.1999, 2525.58749, -902.0987999999998, 39.893519999999626]","[6668.11675, 2443.2644, -980.3325999999979, -329.29235999999946]","[6397.27694, 2311.31047, -1083.3592400000016, -527.8157200000005]","[6098.60999, 2280.12261, -1194.6677999999993, -124.75144]","[5759.92783, 2303.20249, -1354.7286400000012, 92.31952000000092]","[5414.67443, 2250.42274, -1381.0135999999995, -211.1190000000008]","[5104.39213, 2168.0462, -1241.1291999999994, -329.506159999999]","[4802.40381, 2153.00777, -1207.9532800000015, -60.15372000000025]","[4489.61875, 2186.9415, -1251.1402400000006, 135.73491999999897]","[4164.63559, 2209.41972, -1299.932639999999, 89.91287999999986]","[3833.36489, 2194.26686, -1325.0828000000001, -60.611439999998765]","[3502.26171, 2208.66606, -1324.4127199999984, 57.59679999999935]","[3164.82179, 2276.13745, -1349.759680000001, 269.8855600000006]"
23,People,"[2797.61186, 2335.76001, 0, 0]","[2459.39311, 2301.41385, -1352.875, -137.38464000000022]","[2124.66721, 2249.41252, -1338.9035999999996, -208.0053200000002]","[1795.17293, 2266.97804, -1317.9771200000005, 70.26208000000042]","[1455.07561, 2299.24211, -1360.3892799999994, 129.0562800000007]","[1160.21276, 2219.93613, -1179.4514000000008, -317.22392000000036]","[876.58704, 2112.68099, -1134.5028799999995, -429.02056000000084]","[560.02697, 2081.14752, -1266.24028, -126.13387999999941]","[217.07287, 2064.41923, -1371.8164000000013, -66.91316000000012]","[-110.43488, 1989.65452, -1310.031, -299.0588399999997]","[-415.83586, 1859.11747, -1221.60392, -522.1482000000005]","[-757.78908, 1771.19656, -1367.81288, -351.6836399999993]","[-1097.99798, 1745.25616, -1360.8356000000003, -103.76160000000073]","[-1449.17102, 1673.31028, -1404.6921599999996, -287.78351999999995]","[-1769.03871, 1510.99866, -1279.4707600000002, -649.2464799999998]","[-2096.14299, 1353.3858, -1308.4171199999992, -630.4514399999998]"
24,People,"[-2418.38032, 1312.19203, 0, 0]","[-2717.93424, 1248.52974, -1198.2156799999993, -254.64915999999994]","[-2973.32131, 1086.85372, -1021.5482799999991, -646.7040799999995]","[-3245.60173, 857.44382, -1089.1216800000002, -917.6396000000004]","[-3565.95236, 701.54512, -1281.4025200000015, -623.5947999999999]","[-3892.6924, 538.76924, -1306.9601599999987, -651.1035200000001]","[-4135.40836, 318.98044, -970.8638400000018, -879.1551999999999]","[-4378.31095, 75.18631, -971.6103599999988, -975.17652]","[-4664.05162, -73.04192, -1142.9626800000015, -592.9129200000006]","[-4972.65512, -210.31908, -1234.4140000000007, -549.10864]","[-5221.03569, -398.51682, -993.5222799999974, -752.7909599999999]","[-5486.7332, -610.9996, -1062.7900399999999, -849.93112]","[-5768.565157179487, -751.598251025641, -1127.3278287179492, -562.3946041025642]","[-6045.631605897435, -857.3428151282051, -1108.2657948717933, -422.9782564102561]","[-6322.6980546153845, -963.0873792307692, -1108.265794871797, -422.97825641025656]","[-6606.80271, -1101.40165, -1136.4186215384616, -553.2570830769232]"
25,People,"[-6899.30305, -1247.41729, 0, 0]","[-7164.72467, -1308.23599, -1061.6864799999967, -243.27479999999923]","[-7364.113845, -1345.9298779166666, -797.556700000001, -150.77555166666662]","[-7464.0943075, -1399.0740227083334, -399.9218499999988, -212.57657916666722]","[-7564.07477, -1452.2181675, -399.92185000000245, -212.5765791666663]","[-7664.0552325, -1505.3623122916665, -399.9218499999988, -212.5765791666663]","[-7764.035695, -1558.506457083333, -399.9218499999988, -212.5765791666663]","[-7864.0161575, -1611.650601875, -399.92185000000245, -212.57657916666722]","[-7963.99662, -1664.7947466666665, -399.92184999999915, -212.5765791666665]","[-8063.9770825, -1717.9388914583333, -399.9218499999988, -212.57657916666722]","[-8163.957545, -1771.08303625, -399.92185000000245, -212.57657916666722]","[-8263.9380075, -1824.2271810416669, -399.92185000000245, -212.57657916666722]","[-8186.474257647058, -1788.62857, 309.85499941177113, 142.3944441666672]","[-7994.177151764706, -1682.66977, 769.1884235294092, 423.83520000000044]","[-7801.880045882352, -1576.71097, 769.1884235294165, 423.83519999999953]","[-7609.58294, -1470.75217, 769.1884235294056, 423.83520000000044]"
26,People,"[-7460.34632, -1417.18712, 0, 0]","[-7289.46447, -1456.52617, 683.527399999999, -157.35620000000017]","[-7083.63778, -1412.10877, 823.3067599999995, 177.66960000000017]","[-6862.64289, -1284.74969, 883.9795599999998, 509.4363199999998]","[-6616.67318, -1197.5293, 983.8788400000012, 348.8815600000007]","[-6340.779741012659, -1151.1147018354432, 1103.5737559493646, 185.65839265822706]","[-6047.310402405064, -1106.9647287341772, 1173.8773544303767, 176.59989240506366]","[-5753.841063797468, -1062.814755632911, 1173.877354430384, 176.59989240506457]","[-5460.371725189873, -1018.6647825316456, 1173.8773544303815, 176.599892405062]","[-5166.902386582278, -974.5148094303796, 1173.8773544303804, 176.5998924050641]","[-4873.433047974684, -930.364836329114, 1173.8773544303767, 176.5998924050623]","[-4579.97489, -879.25676, 1173.8326318987347, 204.43230531645622]","[-4250.86736, -793.26431, 1316.430120000001, 343.96979999999985]","[-3921.42493, -778.21636, 1317.7697200000002, 60.19180000000006]","[-3576.12308, -757.53834, 1381.2074000000011, 82.71208000000024]","[-3270.47882, -648.48289, 1222.5770400000001, 436.2217999999998]"
27,People,"[-2969.49868, -545.55913, 0, 0]","[-2665.00874, -529.23202, 1217.9597599999997, 65.30843999999979]","[-2317.15764, -497.37651, 1391.4044000000013, 127.42204000000015]","[-2017.21118, -372.81801, 1199.7858399999996, 498.2339999999999]","[-1709.91327, -220.23045, 1229.19164, 610.3502400000001]","[-1435.86855, -177.2126, 1096.1788800000004, 172.07139999999993]","[-1114.3448, -137.95062, 1286.0949999999993, 157.0479200000001]","[-840.1621, 6.50007, 1096.7308000000003, 577.8027599999999]","[-566.13112, 206.6401, 1096.123920000001, 800.5601200000007]","[-293.91052, 315.21905, 1088.8824, 434.31579999999997]","[28.48364, 409.89132, 1289.57664, 378.6890800000001]","[301.84738, 584.01238, 1093.45496, 696.48424]","[546.74563, 796.18172, 979.5930000000001, 848.6773600000001]","[799.03783, 921.95384, 1009.1687999999999, 503.0884799999999]","[1105.1306, 1023.64221, 1224.37108, 406.75347999999985]","[1381.2868, 1169.69684, 1104.6248000000005, 584.2185200000004]"
28,People,"[1666.22024, 1363.76762, 0, 0]","[1957.33022, 1476.48821, 1164.4399199999998, 450.8823599999996]","[2281.3891, 1547.36061, 1296.2355199999993, 283.4895999999999]","[2538.28847, 1634.04925, 1027.5974800000004, 346.7545600000003]","[2792.31739, 1752.42176, 1016.1156800000008, 473.4900399999997]","[3034.12448, 1832.87722, 967.2283599999992, 321.8218400000005]","[3336.14425, 1822.53108, 1208.0790799999995, -41.38456000000042]","[3607.00929, 1827.7098, 1083.4601600000005, 20.71488000000045]","[3900.03909, 1889.69905, 1172.1192000000021, 247.95699999999965]","[4217.46442, 1948.13327, 1269.7013200000001, 233.73688000000038]","[4489.57973, 1928.15655, 1088.4612400000005, -79.90688000000046]","[4768.92486, 1917.5927, 1117.3805199999988, -42.25540000000001]","[5045.70203, 1983.53288, 1107.1086800000012, 263.7607200000002]","[5368.17623, 2069.66416, 1289.8967999999986, 344.52511999999933]","[5658.8713, 2078.31536, 1162.780279999999, 34.60480000000098]","[5960.10516, 2075.89656, 1204.935440000001, -9.675199999999677]"
29,People,"[6087.317398536586, 2126.651936585365, 0, 0]","[6162.340049281843, 2161.014515176152, 300.0906029810285, 137.4503143631482]","[6237.3627000271, 2195.3770937669374, 300.0906029810285, 137.45031436314093]","[6312.385350772358, 2229.7396723577235, 300.09060298103213, 137.45031436314457]","[6387.408001517615, 2264.102250948509, 300.0906029810285, 137.45031436314275]","[6462.430652262872, 2298.464829539296, 300.0906029810285, 137.4503143631464]","[6537.45330300813, 2332.827408130081, 300.09060298103213, 137.45031436314093]","[6612.475953753387, 2367.189986720867, 300.0906029810285, 137.45031436314457]","[6687.498604498645, 2401.552565311653, 300.0906029810324, 137.45031436314287]","[6762.521255243903, 2435.915143902439, 300.09060298103213, 137.45031436314457]","[6837.54390598916, 2470.2777224932247, 300.09060298102486, 137.45031436314275]","[6912.566556734418, 2504.640301084011, 300.09060298103213, 137.45031436314457]","[6987.589207479675, 2539.0028796747965, 300.0906029810285, 137.45031436314275]","[7062.611858224933, 2573.3654582655827, 300.09060298103213, 137.45031436314457]","[7137.63450897019, 2607.7280368563684, 300.0906029810285, 137.45031436314275]","[7212.657159715447, 2642.090615447154, 300.0906029810285, 137.45031436314275]"
30,People,"[7287.679810460705, 2676.45319403794, 0, 0]","[7362.702461205962, 2710.8157726287263, 300.0906029810285, 137.45031436314457]","[7437.72511195122, 2745.178351219512, 300.09060298103213, 137.45031436314275]","[7512.747762696477, 2779.5409298102977, 300.0906029810285, 137.45031436314275]","[7587.7704134417345, 2813.903508401084, 300.0906029810285, 137.45031436314457]","[7662.793064186992, 2848.26608699187, 300.0906029810285, 137.45031436314457]","[7737.81571493225, 2882.628665582656, 300.09060298103213, 137.45031436314457]","[7812.838365677507, 2916.9912441734414, 300.0906029810285, 137.45031436314093]","[7887.861016422765, 2951.3538227642275, 300.0906029810324, 137.45031436314468]","[7962.883667168022, 2985.716401355013, 300.0906029810285, 137.45031436314275]","[8037.906317913279, 3020.0789799458, 300.0906029810285, 137.4503143631464]","[8112.928968658537, 3054.441558536585, 300.09060298103213, 137.45031436314093]","[8187.951619403794, 3088.804137127371, 300.0906029810285, 137.45031436314457]","[8223.85079, 3112.4547, 143.59668238482482, 94.60225149051439]","[8089.73476, 3029.15257, -536.4641200000005, -333.2085199999983]","[7929.17657, 2869.39171, -642.2327600000026, -639.0434400000013]"
31,People,"[7697.71719, 2766.71693, 0, 0]","[7433.3662, 2755.96932, -1057.4039599999996, -42.99043999999958]","[7152.82545, 2649.73666, -1122.1630000000005, -424.9306400000005]","[6872.04086, 2527.95736, -1123.1383600000008, -487.1172000000006]","[6605.86735, 2483.1189, -1064.6940399999985, -179.35383999999976]","[6350.75579, 2461.69406, -1020.4462400000011, -85.69936000000052]","[6030.40448, 2411.40014, -1281.40524, -201.17567999999847]","[5710.5277, 2314.35492, -1279.507120000002, -388.1808799999999]","[5378.05111, 2257.90563, -1329.9063599999984, -225.79716000000028]","[5030.75062, 2253.24593, -1389.2019600000021, -18.63880000000063]","[4716.33291, 2262.08673, -1257.6708399999989, 35.36319999999978]","[4430.66821, 2187.91274, -1142.658800000001, -296.6959599999991]","[4113.81951, 2111.4048, -1267.3947999999982, -306.03176000000167]","[3805.82244, 2103.41903, -1231.9882800000014, -31.9430799999991]","[3481.2565, 2116.52157, -1298.2637599999998, 52.41015999999945]","[3183.79012, 2022.26438, -1189.8655199999994, -377.02875999999924]"
32,People,"[2889.0937, 1893.15686, 0, 0]","[2602.96339, 1842.93561, -1144.52124, -200.88500000000022]","[2298.94902, 1805.22776, -1216.0574799999995, -150.83140000000003]","[2012.95285, 1705.9127, -1143.9846800000005, -397.2602399999996]","[1764.41453, 1534.07727, -994.1532799999995, -687.3417200000004]","[1523.95042, 1370.15727, -961.8564400000005, -655.6800000000003]","[1251.08107, 1225.8566, -1091.4773999999998, -577.2026799999994]","[966.26697, 1065.69191, -1139.2563999999998, -640.6587600000003]","[739.77202, 846.47915, -905.9798000000009, -876.8510400000008]","[518.55684, 621.38913, -884.8607200000001, -900.3600799999999]","[269.69977, 477.18014, -995.4282799999999, -576.8359600000001]","[-9.03447, 354.53559, -1114.93696, -490.5781999999999]","[-246.72584, 183.51229, -950.76548, -684.0932]","[-475.44369, -14.91148, -914.8714, -793.6950800000001]","[-726.62321, -144.73194, -1004.7180799999999, -519.28184]","[-1007.84735, -235.09826, -1124.8965600000001, -361.46528]"
33,People,"[-1303.98066, -336.67536, 0, 0]","[-1558.7443, -514.6523, -1019.0545600000005, -711.9077599999998]","[-1820.8911, -687.1192, -1048.5872, -689.8676]","[-2069.80577, -784.51701, -995.6586799999995, -389.5912400000002]","[-2356.70175, -891.12105, -1147.583920000001, -426.41615999999976]","[-2641.89853, -1075.14419, -1140.787119999999, -736.09256]","[-2912.39226, -1271.55597, -1081.9749200000006, -785.6471199999996]","[-3169.95973, -1383.33481, -1030.2698799999998, -447.1153600000007]","[-3469.15147, -1474.15726, -1196.7669600000002, -363.2897999999999]","[-3771.76172, -1584.04322, -1210.4410000000007, -439.5438400000003]","[-4011.95853, -1724.12983, -960.7872399999997, -560.3464400000003]","[-4251.0742112, -1821.5184224, -956.4627247999997, -389.5543695999995]","[-4516.7639712, -1806.9461924, -1062.7590400000008, 58.28891999999996]","[-4789.98654, -1790.44945, -1092.8902751999995, 65.98696959999961]","[-5073.19147, -1780.42647, -1132.8197199999995, 40.091919999999845]","[-5379.73932, -1756.47807, -1226.1913999999997, 95.79360000000088]"
34,People,"[-5621.29346, -1673.37824, 0, 0]","[-5867.87598, -1553.276, -986.3300799999997, 480.40895999999975]","[-6146.626491355933, -1488.4846027118645, -1115.002045423731, 259.16558915254245]","[-6426.106851525424, -1431.8055730508474, -1117.9214406779647, 226.71611864406805]","[-6735.76968, -1375.75994, -1238.6513138983064, 224.1825322033901]","[-7001.55052, -1283.77355, -1063.1233599999978, 367.9455600000001]","[-7265.282935, -1182.56299, -1054.9296600000016, 404.84223999999995]","[-7553.45631, -1171.83476, -1152.6934999999976, 42.91291999999976]","[-7837.81645, -1221.11082, -1137.4405600000036, -197.10424000000074]","[-8081.42767, -1200.30758, -974.4448799999991, 83.21296000000075]","[-8340.27666, -1164.87521, -1035.395959999998, 141.72947999999997]","[-8500.491114404762, -1143.419026279762, -640.8578176190495, 85.82473488095184]","[-8492.204147142857, -1173.839449642857, 33.1478690476215, -121.68169345238039]","[-8483.917179880953, -1204.2598730059524, 33.14786904761422, -121.6816934523813]","[-8475.630212619048, -1234.6802963690477, 33.1478690476215, -121.6816934523813]","[-8467.343245357142, -1265.1007197321428, 33.1478690476215, -121.68169345238039]"
35,People,"[-8459.056278095239, -1295.521143095238, 0, 0]","[-8450.769310833333, -1325.9415664583337, 33.1478690476215, -121.68169345238312]","[-8442.482343571428, -1356.3619898214286, 33.1478690476215, -121.68169345237948]","[-8434.195376309523, -1386.782413184524, 33.1478690476215, -121.6816934523822]","[-8425.908409047619, -1417.202836547619, 33.14786904761422, -121.68169345237948]","[-8417.621441785714, -1447.6232599107143, 33.1478690476215, -121.6816934523813]","[-8409.334474523808, -1478.0436832738096, 33.1478690476215, -121.6816934523813]","[-8401.047507261905, -1508.4641066369047, 33.14786904761422, -121.68169345238039]","[-8392.76054, -1538.88453, 33.147869047621526, -121.68169345238141]","[-8568.2951, -1511.65695, -702.1382400000002, 108.91031999999996]","[-8644.990693333333, -1501.5505333333333, -306.7823733333353, 40.425666666666984]","[-8607.35439406504, -1402.6039403252032, 150.54519707317377, 395.7863720325204]","[-8565.70376804878, -1296.9863102439024, 166.602504065042, 422.4705203252033]","[-8524.05314203252, -1191.3686801626015, 166.60250406503474, 422.4705203252033]","[-8482.40251601626, -1085.751050081301, 166.602504065042, 422.4705203252024]","[-8440.75189, -980.13342, 166.602504065042, 422.4705203252038]"
36,People,"[-8293.5088, -899.93476, 0, 0]","[-8148.42237852518, -858.3772504316547, 580.3456858992795, 166.23003827338107]","[-7869.092199568346, -830.629004028777, 1117.3207158273362, 110.9929856115109]","[-7589.762020611511, -802.8807576258993, 1117.3207158273399, 110.9929856115109]","[-7310.431841654676, -775.1325112230215, 1117.3207158273399, 110.9929856115109]","[-7031.101662697842, -747.3842648201439, 1117.3207158273362, 110.99298561151045]","[-6751.771483741007, -719.6360184172662, 1117.3207158273399, 110.9929856115109]","[-6472.441304784173, -691.8877720143885, 1117.3207158273362, 110.9929856115109]","[-6193.111125827338, -664.1395256115107, 1117.3207158273408, 110.992985611511]","[-5913.780946870504, -636.391279208633, 1117.3207158273362, 110.9929856115109]","[-5634.450767913669, -608.6430328057554, 1117.3207158273399, 110.99298561151045]","[-5355.120588956834, -580.8947864028777, 1117.3207158273399, 110.9929856115109]","[-5075.79041, -553.14654, 1117.3207158273362, 110.9929856115109]","[-4742.0392, -466.28926, 1335.0048399999978, 347.4291199999998]","[-4394.26347, -347.67953, 1391.1029200000012, 474.43892000000005]","[-4117.09667, -343.98573, 1108.6671999999999, 14.77520000000004]"
37,People,"[-3799.07661, -358.18902, 0, 0]","[-3461.3813, -281.80378, 1350.7812400000003, 305.54096000000004]","[-3117.34459, -146.79637, 1376.1468399999994, 540.0296400000001]","[-2741.05058, -83.58615, 1505.1760400000003, 252.84087999999997]","[-2370.72507, -89.60812, 1481.3020400000005, -24.087879999999984]","[-2117.74337, -58.35399, 1011.9267999999993, 125.01651999999999]","[-1856.08284, 24.35186, 1046.6421200000004, 330.8234]","[-1589.30814, 76.0495, 1067.0987999999998, 206.79055999999997]","[-1279.25864, 135.91484, 1240.1980000000015, 239.4613600000002]","[-984.8952, 251.54069, 1177.4537599999999, 462.50340000000006]","[-709.07315, 442.99917, 1103.2882, 765.8339199999999]","[-430.41321, 594.73895, 1114.6397600000003, 606.9591200000002]","[-142.1105, 710.07354, 1153.21084, 461.33835999999974]","[123.51741, 841.47814, 1062.51164, 525.6184000000003]","[365.74067, 1001.59971, 968.8930400000002, 640.4862799999996]","[640.02008, 1093.51601, 1097.11764, 367.66520000000037]"
38,People,"[911.79174, 1065.14788, 0, 0]","[1164.52243, 1008.92761, 1010.9227599999999, -224.8810800000001]","[1427.43662, 976.83082, 1051.6567599999998, -128.38715999999977]","[1729.77544, 942.38968, 1209.3552799999998, -137.76456000000007]","[1974.50905, 849.67971, 978.93444, -370.83988]","[2227.05424, 721.0032, 1010.1807600000002, -514.70604]","[2519.74902, 689.98409, 1170.779120000001, -124.07643999999982]","[2782.02047, 692.85852, 1049.085799999999, 11.497719999999845]","[3023.15328, 624.74983, 964.5312400000012, -272.4347600000003]","[3279.58125, 541.88507, 1025.7118800000007, -331.45903999999973]","[3592.72999, 528.72525, 1252.5949599999985, -52.639280000000326]","[3875.62957, 571.14114, 1131.598320000001, 169.66355999999996]","[4153.83023, 621.55544, 1112.802639999998, 201.6572000000001]","[4415.96271, 644.42374, 1048.5299200000009, 91.4731999999999]","[4727.28102, 707.04028, 1245.2732400000023, 250.4661600000004]","[4981.04379, 854.69072, 1015.0510799999975, 590.60176]"
39,People,"[5232.96474, 1042.9677, 0, 0]","[5502.41012, 1157.61036, 1077.7815199999968, 458.5706399999999]","[5811.99915, 1291.3969, 1238.3561200000004, 535.1461600000002]","[6044.78563, 1484.00696, 931.1459200000027, 770.4402399999999]","[6246.39049, 1721.82281, 806.4194399999978, 951.2633999999998]","[6476.66819, 1848.67349, 921.1108000000022, 507.40272000000004]","[6743.19177, 1965.80948, 1066.0943200000002, 468.54395999999997]","[6963.53258, 2118.24141, 881.3632399999988, 609.7277200000008]","[7157.62535, 2313.11462, 776.3710800000015, 779.4928399999997]","[7363.27407, 2480.36898, 822.5948800000006, 669.0174400000014]","[7584.28347, 2590.92763, 884.0375999999997, 442.2345999999998]","[7811.1263, 2685.50975, 907.3713199999984, 378.3284800000001]","[7977.71311, 2832.33765, 666.3472399999991, 587.3115999999991]","[8132.45886, 3008.93597, 618.9830000000002, 706.3932800000002]","[8250.18039592902, 3089.895505177453, 470.88614371607764, 323.83814070981134]","[8251.194003966597, 3070.881860083507, 4.054432150311186, -76.05458037578319]"
40,People,"[8252.207612004175, 3051.8682149895617, 0, 0]","[8253.221220041754, 3032.854569895616, 4.054432150318462, -76.05458037578319]","[8254.234828079332, 3013.84092480167, 4.054432150311186, -76.05458037578319]","[8255.24843611691, 2994.8272797077243, 4.054432150311186, -76.05458037578319]","[8256.26204415449, 2975.813634613779, 4.054432150318462, -76.05458037578137]","[8257.275652192067, 2956.799989519833, 4.054432150311186, -76.05458037578319]","[8258.289260229645, 2937.786344425888, 4.054432150311186, -76.05458037578137]","[8259.302868267223, 2918.7726993319416, 4.054432150311186, -76.05458037578501]","[8260.316476304803, 2899.759054237996, 4.0544321503184655, -76.05458037578144]","[8261.33008434238, 2880.7454091440504, 4.054432150311186, -76.05458037578319]","[8262.343692379958, 2861.7317640501046, 4.054432150311186, -76.05458037578319]","[8263.357300417536, 2842.718118956159, 4.054432150311186, -76.05458037578319]","[8264.370908455116, 2823.704473862213, 4.054432150318462, -76.05458037578319]","[8265.384516492693, 2804.6908287682672, 4.054432150311186, -76.05458037578319]","[8266.398124530271, 2785.677183674322, 4.054432150311186, -76.05458037578137]","[8267.411732567849, 2766.663538580376, 4.054432150311186, -76.05458037578319]"
41,People,"[8268.425340605429, 2747.6498934864303, 0, 0]","[8268.40188, 2729.70981, -0.09384242171654478, -71.76033394572187]","[8222.5452, 2654.24664, -183.42671999999584, -301.85267999999996]","[8108.4061, 2562.28646, -456.5564000000013, -367.84072000000015]","[7871.418605, 2485.6226675, -947.9499800000012, -306.65517]","[7654.930333333334, 2393.9675700000003, -865.9530866666646, -366.6203899999982]","[7411.72716, 2250.05804, -972.8126933333333, -575.6381200000014]","[7098.49717, 2085.92612, -1252.919960000003, -656.5276799999992]","[6873.33579, 1981.47728, -900.645519999999, -417.79536000000047]","[6586.88363, 1874.49781, -1145.8086399999993, -427.91787999999997]","[6381.62175, 1657.79563, -821.0475200000001, -866.80872]","[6180.72895, 1436.42678, -803.5712000000021, -885.4754000000003]","[5966.57779, 1311.9424, -856.6046399999977, -497.9375200000004]","[5698.65078, 1160.73563, -1071.7080400000013, -604.82708]","[5456.05434, 959.28118, -970.385760000001, -805.8177999999998]","[5260.95056, 729.32012, -780.4151199999978, -919.8442399999999]"
42,People,"[5037.8801, 549.09676, 0, 0]","[4758.976273333333, 403.36843428571433, -1115.6153066666702, -582.9133028571428]","[4478.657745555555, 257.6498866666667, -1121.27411111111, -582.8741904761905]","[4197.05514, 85.36299, -1126.4104222222195, -689.1475866666668]","[3917.03037, -86.41959, -1120.0990800000018, -687.13032]","[3616.09647, -192.44656, -1203.7356, -424.10788]","[3268.14503, -283.40178, -1391.8057599999993, -363.8208799999999]","[2968.43656, -446.50804, -1198.8338800000001, -652.4250400000001]","[2729.72041, -621.18172, -954.8646000000016, -698.6947200000008]","[2476.97986, -678.1793, -1010.9621999999999, -227.99031999999988]","[2171.0845, -711.20045, -1223.58144, -132.08460000000014]","[1851.49387, -800.3777, -1278.3625199999997, -356.70899999999983]","[1541.15367, -916.90674, -1241.3608000000004, -466.11616000000004]","[1205.56645, -958.36917, -1342.3488799999996, -165.84972000000016]","[869.9087, -935.09515, -1342.6310000000003, 93.09608000000026]","[519.14213, -935.89783, -1403.06628, -3.2107200000000375]"
43,People,"[194.30327, -1006.82292, 0, 0]","[-144.01027, -1028.33846, -1353.25416, -86.06215999999995]","[-454.11134, -989.97188, -1240.40428, 153.46631999999954]","[-789.5507, -962.19327, -1341.75744, 111.11444000000029]","[-1123.30268, -1020.76149, -1335.00792, -234.27288]","[-1470.62985, -1089.17418, -1389.30868, -273.65076]","[-1804.64886, -1076.94999, -1336.07604, 48.89675999999963]","[-2176.35002, -1049.39193, -1486.8046399999994, 110.23224000000027]","[-2522.167, -1137.24414, -1383.2679200000014, -351.40884000000034]","[-2835.43608, -1239.48332, -1253.0763200000001, -408.95672000000013]","[-3152.66171, -1237.55846, -1268.9025199999996, 7.6994400000003225]","[-3476.12278, -1213.48014, -1293.8442800000012, 96.3132800000003]","[-3790.96386, -1263.58737, -1259.3643199999988, -200.4289200000003]","[-4129.78795, -1331.70765, -1355.2963600000003, -272.4811200000004]","[-4467.35042, -1329.84529, -1350.2498799999994, 7.4494400000003225]","[-4737.375474605968, -1303.4812572762053, -1080.1002184238714, 105.45613089517883]"
44,People,"[-4811.0839910558525, -1292.449640405509, 0, 0]","[-4884.792507505738, -1281.4180235348126, -294.83406579954317, 44.1264674827853]","[-4958.501023955623, -1270.3864066641163, -294.83406579953953, 44.1264674827853]","[-5032.209540405508, -1259.3547897934202, -294.83406579953953, 44.12646748278439]","[-5105.918056855394, -1248.323172922724, -294.83406579954317, 44.12646748278439]","[-5179.626573305279, -1237.2915560520275, -294.83406579953953, 44.12646748278621]","[-5253.3350897551645, -1226.2599391813314, -294.83406579954317, 44.12646748278439]","[-5327.043606205049, -1215.2283223106351, -294.83406579953953, 44.1264674827853]","[-5400.752122654934, -1204.1967054399388, -294.8340657995398, 44.126467482785344]","[-5474.46063910482, -1193.1650885692427, -294.83406579954317, 44.12646748278439]","[-5548.169155554705, -1182.1334716985464, -294.83406579953953, 44.1264674827853]","[-5621.87767200459, -1171.10185482785, -294.83406579953953, 44.1264674827853]","[-5695.586188454476, -1160.070237957154, -294.83406579954317, 44.12646748278439]","[-5769.2947049043605, -1149.0386210864576, -294.83406579953953, 44.1264674827853]","[-5843.003221354245, -1138.0070042157613, -294.83406579953953, 44.1264674827853]","[-5916.711737804131, -1126.9753873450652, -294.83406579954317, 44.12646748278439]"
45,People,"[-5990.420254254017, -1115.9437704743689, 0, 0]","[-6064.128770703902, -1104.9121536036726, -294.83406579953953, 44.1264674827853]","[-6137.837287153787, -1093.8805367329765, -294.83406579953953, 44.12646748278439]","[-6211.5458036036725, -1082.84891986228, -294.83406579954317, 44.12646748278621]","[-6285.254320053557, -1071.8173029915838, -294.83406579953953, 44.12646748278439]","[-6358.962836503442, -1060.7856861208877, -294.83406579953953, 44.12646748278439]","[-6432.671352953328, -1049.7540692501914, -294.83406579954317, 44.1264674827853]","[-6506.379869403213, -1038.722452379495, -294.83406579953953, 44.1264674827853]","[-6580.088385853098, -1027.690835508799, -294.8340657995398, 44.126467482784435]","[-6653.796902302984, -1016.6592186381026, -294.83406579954317, 44.1264674827853]","[-6727.5054187528685, -1005.6276017674064, -294.83406579953953, 44.12646748278485]","[-6801.213935202753, -994.59598489671, -294.83406579953953, 44.126467482785756]","[-6874.922451652639, -983.564368026014, -294.83406579954317, 44.12646748278394]","[-6948.630968102525, -972.5327511553176, -294.83406579954317, 44.126467482785756]","[-7022.339484552409, -961.5011342846212, -294.8340657995359, 44.1264674827853]","[-7096.048001002295, -950.469517413925, -294.83406579954317, 44.12646748278485]"
46,People,"[-7169.756517452181, -939.4379005432288, 0, 0]","[-7243.465033902065, -928.4062836725324, -294.83406579953953, 44.126467482785756]","[-7317.17355035195, -917.3746668018364, -294.83406579953953, 44.12646748278394]","[-7390.882066801836, -906.34304993114, -294.83406579954317, 44.126467482785756]","[-7464.590583251721, -895.3114330604437, -294.83406579953953, 44.12646748278485]","[-7538.299099701606, -884.2798161897475, -294.83406579953953, 44.12646748278485]","[-7612.007616151492, -873.2481993190513, -294.83406579954317, 44.12646748278485]","[-7685.716132601377, -862.216582448355, -294.83406579953953, 44.1264674827853]","[-7759.424649051261, -851.1849655776588, -294.8340657995398, 44.12646748278489]","[-7833.133165501147, -840.1533487069626, -294.83406579954317, 44.12646748278485]","[-7906.841681951033, -829.1217318362662, -294.83406579954317, 44.1264674827853]","[-7980.550198400917, -818.09011496557, -294.8340657995359, 44.12646748278485]","[-8054.258714850803, -807.0584980948738, -294.83406579954317, 44.12646748278485]","[-8127.967231300689, -796.0268812241775, -294.83406579954317, 44.1264674827853]","[-8201.675747750574, -784.9952643534813, -294.83406579954317, 44.12646748278485]","[-8275.384264200458, -773.963647482785, -294.8340657995359, 44.1264674827853]"
47,People,"[-8349.092780650344, -762.9320306120887, 0, 0]","[-8422.801297100228, -751.9004137413925, -294.8340657995359, 44.12646748278485]","[-8496.509813550114, -740.8687968706962, -294.83406579954317, 44.1264674827853]","[-8570.21833, -729.83718, -294.83406579954317, 44.12646748278485]","[-8400.1417, -500.23964, 680.3065199999983, 918.3901599999999]","[-8231.40005, -360.35342, 674.9665999999997, 559.5448799999999]","[-8049.48237, -302.28238, 727.6707200000019, 232.28416000000016]","[-7826.486618976378, -275.2750758267717, 891.9830040944871, 108.02921669291322]","[-7522.244563858268, -205.9152549606299, 1216.9682204724425, 277.4392834645673]","[-7218.002508740157, -136.5554340944882, 1216.9682204724413, 277.43928346456687]","[-6913.760453622047, -67.19561322834647, 1216.9682204724413, 277.43928346456687]","[-6609.518398503937, 2.1642076377952435, 1216.9682204724413, 277.43928346456687]","[-6295.19853, 79.43946, 1257.2794740157478, 309.101009448819]","[-5964.79528, 220.49444, 1321.6129999999976, 564.21992]","[-5655.76855, 376.8445, 1236.106920000002, 625.4002399999999]","[-5360.90375, 473.1863, 1179.4591999999975, 385.36720000000014]"
48,People,"[-5038.62031, 556.70391, 0, 0]","[-4723.699575000001, 707.7434149999999, 1259.6829399999988, 604.1580199999999]","[-4399.850774545454, 853.8780254545454, 1295.3952018181844, 584.538441818182]","[-4070.68438, 947.52741, 1316.6655781818172, 374.59753818181844]","[-3728.01319, 1026.22843, 1370.68476, 314.80407999999943]","[-3458.47874, 1154.23955, 1078.1378000000004, 512.0444800000005]","[-3132.71569, 1290.64527, 1303.0522, 545.6228799999999]","[-2809.51341, 1350.57769, 1292.80912, 239.72968000000037]","[-2462.12827, 1364.71017, 1389.5405600000006, 56.52992]","[-2164.72599, 1437.88535, 1189.609120000001, 292.7007199999998]","[-1859.29046, 1542.02174, 1221.7421199999999, 416.54555999999957]","[-1558.98173, 1557.34666, 1201.2349199999999, 61.29968000000008]","[-1223.28582, 1531.43986, 1342.7836399999997, -103.6271999999999]","[-948.20912, 1585.35959, 1100.3068000000003, 215.6789200000003]","[-661.07696, 1680.50217, 1148.52864, 380.5703199999998]","[-367.44395, 1706.61712, 1174.53204, 104.45980000000054]"
49,People,"[-37.60822, 1697.97672, 0, 0]","[279.48828, 1744.58349, 1268.386, 186.4270800000004]","[607.58018, 1844.22767, 1312.3676000000003, 398.57672]","[910.7162, 1865.05501, 1212.5440799999997, 83.3093600000002]","[1241.89866, 1853.5741, 1324.7298400000004, -45.92363999999998]","[1536.89068, 1860.03128, 1179.9680799999996, 25.82871999999952]","[1809.65978, 1928.42423, 1091.0764, 273.5718000000006]","[2080.79701, 1967.80401, 1084.5489199999993, 157.51911999999993]","[2393.13046, 1943.18671, 1249.3338000000015, -98.46920000000054]","[2724.18461, 1863.02555, 1324.2165999999997, -320.6446399999995]","[3032.27604, 1867.26341, 1232.3657200000016, 16.95143999999982]","[3313.36317, 1908.54361, 1124.3485199999996, 165.1207999999997]","[3588.31905, 1867.78188, 1099.82352, -163.04691999999977]","[3908.92008, 1796.09153, 1282.4041199999992, -286.7614000000003]","[4206.40593, 1821.8204, 1189.9434, 102.91548000000057]","[4581.54094, 1862.94082, 1500.5400399999999, 164.48167999999987]"
50,People,"[4897.35283, 1805.291, 0, 0]","[5227.76163, 1759.95009, 1321.6352000000006, -181.36363999999958]","[5542.480143333333, 1849.2674066666664, 1258.874053333333, 357.2692666666653]","[5829.96586, 1971.03354, 1149.9428666666681, 487.0645333333341]","[6063.4419225, 2072.2832821875, 933.9042499999996, 404.99896875000013]","[6251.84636, 2100.66044, 753.6177499999976, 113.50863125000069]","[6496.74294, 2155.88215, 979.5863200000022, 220.8868399999992]","[6731.89144, 2285.75407, 940.594000000001, 519.4876800000002]","[6965.5545, 2436.70292, 934.6522400000002, 603.7954000000015]","[7232.21705, 2530.53706, 1066.6502, 375.33655999999974]","[7503.81135, 2628.32548, 1086.377199999999, 391.15367999999944]","[7714.27777, 2795.65774, 841.865679999999, 669.3290400000005]","[7886.33212, 2979.30375, 688.2174000000014, 734.5840399999997]","[8034.34233, 3083.60726, 592.0408400000015, 417.21404000000075]","[8214.00656, 3155.46608, 718.6569199999976, 287.4352799999997]","[8270.705013549617, 3183.542441335878, 226.7938141984705, 112.30544534351066]"
51,People,"[8264.712202798983, 3171.6597768956744, 0, 0]","[8258.719392048346, 3159.7771124554706, -23.971243002546544, -47.5306577608153]","[8252.72658129771, 3147.8944480152672, -23.971243002546544, -47.53065776081348]","[8246.733770547075, 3136.0117835750634, -23.971243002539268, -47.5306577608153]","[8240.740959796438, 3124.12911913486, -23.971243002546544, -47.53065776081348]","[8234.748149045801, 3112.2464546946567, -23.971243002546544, -47.53065776081348]","[8228.755338295165, 3100.363790254453, -23.971243002546544, -47.5306577608153]","[8222.76252754453, 3088.481125814249, -23.971243002539268, -47.5306577608153]","[8216.769716793893, 3076.5984613740457, -23.971243002546565, -47.530657760813526]","[8210.776906043257, 3064.7157969338423, -23.971243002546544, -47.53065776081348]","[8204.78409529262, 3052.833132493639, -23.971243002546544, -47.53065776081348]","[8198.791284541985, 3040.950468053435, -23.971243002539268, -47.5306577608153]","[8192.798473791348, 3029.067803613232, -23.971243002546544, -47.530657760811664]","[8186.805663040713, 3017.185139173028, -23.971243002542906, -47.53065776081712]","[8180.812852290076, 3005.3024747328245, -23.971243002546544, -47.53065776081348]","[8174.82004153944, 2993.419810292621, -23.971243002542906, -47.53065776081348]"
52,People,"[8168.827230788804, 2981.5371458524173, 0, 0]","[8162.834420038168, 2969.654481412214, -23.971243002542906, -47.53065776081348]","[8156.841609287532, 2957.77181697201, -23.971243002542906, -47.5306577608153]","[8150.848798536896, 2945.8891525318068, -23.971243002546544, -47.53065776081348]","[8144.85598778626, 2934.0064880916034, -23.971243002542906, -47.53065776081348]","[8138.863177035623, 2922.1238236514, -23.971243002546544, -47.53065776081348]","[8132.8703662849875, 2910.241159211196, -23.971243002542906, -47.5306577608153]","[8126.877555534351, 2898.3584947709924, -23.971243002546544, -47.5306577608153]","[8120.884744783715, 2886.475830330789, -23.971243002542927, -47.530657760813526]","[8114.891934033079, 2874.5931658905856, -23.971243002542906, -47.53065776081348]","[8108.899123282443, 2862.710501450382, -23.971243002546544, -47.5306577608153]","[8102.906312531807, 2850.8278370101784, -23.971243002542906, -47.53065776081348]","[8096.91350178117, 2838.9451725699746, -23.971243002546544, -47.5306577608153]","[8090.920691030535, 2827.0625081297712, -23.971243002542906, -47.53065776081348]","[8042.6877, 2819.29095, -192.9319641221373, -31.08623251908466]","[7783.04436, 2837.10935, -1038.5733600000021, 71.27360000000044]"
53,People,"[7553.00458, 2863.59076, 0, 0]","[7306.51263, 2797.01376, -985.9677999999985, -266.3080000000009]","[7014.13995, 2677.45338, -1169.4907200000016, -478.2415199999996]","[6733.41962, 2624.61792, -1122.8813200000004, -211.34183999999914]","[6452.27927, 2604.84977, -1124.5613999999987, -79.07260000000133]","[6199.786266875, 2513.677885, -1009.9720124999985, -364.687539999999]","[5915.43351, 2380.99486, -1137.411027500002, -530.7321000000011]","[5636.34695, 2319.51024, -1116.346239999999, -245.9384799999989]","[5396.81172, 2312.62728, -958.1409200000024, -27.531839999999672]","[5116.28119, 2313.46226, -1122.12212, 3.3399199999985285]","[4827.42156, 2261.34145, -1155.4385199999997, -208.48323999999957]","[4477.02124, 2200.48548, -1401.601279999999, -243.42388000000028]","[4129.50692, 2246.97991, -1390.057280000001, 185.97772000000077]","[3822.61716, 2317.33442, -1227.55904, 281.4180400000005]","[3528.01045, 2297.48789, -1178.4268399999983, -79.38612000000103]","[3204.72394, 2247.52875, -1293.1460400000014, -199.83655999999974]"
54,People,"[2888.66131, 2274.2384, 0, 0]","[2562.21619, 2305.57536, -1305.7804799999994, 125.34783999999854]","[2238.16977, 2241.77535, -1296.1856800000005, -255.20003999999972]","[1941.61156, 2122.82557, -1186.2328399999997, -475.7991199999997]","[1639.93944, 2051.19175, -1206.6884799999998, -286.53528000000006]","[1305.54939, 1970.41791, -1337.5602000000008, -323.09536000000026]","[1001.06695, 1844.14299, -1217.9297599999995, -505.09967999999935]","[761.44646, 1664.9771, -958.4819600000001, -716.66356]","[510.20416, 1422.79842, -1004.9692000000009, -968.7147200000009]","[263.67969, 1282.02709, -986.09788, -563.0853200000001]","[-3.6436, 1110.37747, -1069.29316, -686.5984800000006]","[-199.41588, 862.86612, -783.08912, -990.0453999999995]","[-393.57902, 613.00038, -776.6525600000001, -999.4629600000003]","[-640.56051, 474.75881, -987.92596, -552.9662799999999]","[-915.65933, 358.3524, -1100.3952799999997, -465.62564]","[-1115.70812, 207.18243, -800.1951600000002, -604.6798799999999]"
55,People,"[-1358.26096, -2.60125, 0, 0]","[-1640.45271, -98.40357, -1128.7669999999998, -383.20928000000004]","[-1970.41025, -120.89144, -1319.8301599999995, -89.95148]","[-2283.42062, -194.47946, -1252.0414799999999, -294.35207999999994]","[-2569.46146, -308.29652, -1144.1633600000005, -455.26824]","[-2875.94776, -345.69839, -1225.9452, -149.60748000000012]","[-3210.13962, -331.08652, -1336.7674399999996, 58.44748000000004]","[-3571.52652, -320.03616, -1445.5475999999999, 44.20144000000005]","[-3882.54282, -386.11459, -1244.065200000002, -264.31372000000033]","[-4188.96331, -443.51904, -1225.68196, -229.6178]","[-4500.1216, -402.35987, -1244.6331600000012, 164.63668000000007]","[-4847.91455, -340.24833, -1391.1718, 248.44615999999996]","[-5072.933657400001, -371.74008867272727, -900.0764296000016, -125.96703469090903]","[-5246.4542124, -394.9005573090909, -694.0822199999966, -92.64187454545458]","[-5419.9747674, -418.06102594545456, -694.0822200000002, -92.64187454545458]","[-5593.4953224, -441.2214945818182, -694.0822200000002, -92.64187454545458]"
56,People,"[-5767.0158774, -464.3819632181818, 0, 0]","[-5940.5364324, -487.5424318545455, -694.0822200000002, -92.64187454545481]","[-6114.0569874, -510.7029004909091, -694.0822200000002, -92.64187454545436]","[-6287.5775424, -533.8633691272728, -694.0822200000002, -92.64187454545481]","[-6461.0980974, -557.0238377636364, -694.0822200000002, -92.64187454545436]","[-6634.6186524, -580.1843064, -694.0822200000002, -92.64187454545436]","[-6808.1392074000005, -603.3447750363637, -694.0822200000002, -92.64187454545481]","[-6981.659762400001, -626.5052436727274, -694.0822200000002, -92.64187454545481]","[-7155.180317400001, -649.6657123090908, -694.0822200000008, -92.64187454545399]","[-7328.700872400001, -672.8261809454546, -694.0822200000002, -92.64187454545481]","[-7502.221427400001, -695.9866495818183, -694.0822200000002, -92.64187454545481]","[-7675.741982400001, -719.1471182181818, -694.0822200000002, -92.64187454545436]","[-7849.2625374, -742.3075868545454, -694.0822199999966, -92.64187454545436]","[-8022.783092400001, -765.4680554909091, -694.0822200000039, -92.64187454545481]","[-8196.3036474, -788.6285241272727, -694.0822199999966, -92.64187454545436]","[-8369.824202400001, -811.7889927636363, -694.0822200000039, -92.64187454545436]"
57,People,"[-8543.3447574, -834.9494614, 0, 0]","[-8716.865312400001, -858.1099300363637, -694.0822200000039, -92.64187454545481]","[-8754.06615, -895.07842, -148.80335039999773, -147.87395985454532]","[-8718.54295, -923.6912, 142.0928000000058, -114.45111999999972]","[-8699.98264, -929.85114, 74.24123999999574, -24.639760000000024]","[-8656.29465, -958.08121, 174.75196000000142, -112.92028000000028]","[-8571.1366, -971.84229, 340.6322, -55.04431999999997]","[-8501.30051, -1002.28143, 279.3443600000028, -121.75655999999981]","[-8394.626070377359, -977.1258066037736, 426.6977584905621, 100.62249358490553]","[-8281.351598679246, -935.4905518867924, 453.0978867924496, 166.54101886792478]","[-8142.89671, -797.00016, 553.8195547169853, 553.9615675471696]","[-8102.32215, -610.21458, 162.29824000000008, 747.1423200000004]","[-8075.16036, -567.54998, 108.64716000000044, 170.6583999999998]","[-8091.04032, -602.77093, -63.51984000000084, -140.88380000000006]","[-8171.30466, -713.82542, -321.0573599999989, -444.21795999999995]","[-8373.72375, -926.91604, -809.6763599999977, -852.3624799999998]"
58,People,"[-4591.27114, 2413.59734, 0, 0]","[-4326.13509, 2494.13232, 1060.5442000000003, 322.13992000000144]","[-4074.00994, 2609.36893, 1008.5005999999994, 460.9464399999997]","[-3811.19929, 2678.06971, 1051.2425999999996, 274.8031200000005]","[-3590.88161, 2698.41034, 881.2707200000004, 81.36251999999877]","[-3383.86934, 2681.21014, 828.0490799999989, -68.80079999999907]","[-3157.94939, 2717.02977, 903.6797999999999, 143.27851999999984]","[-2907.1166, 2765.51577, 1003.3311600000015, 193.9439999999995]","[-2694.17538, 2781.16124, 851.7648799999996, 62.581879999999785]","[-2473.50518, 2777.81573, 882.6808000000001, -13.382040000000416]","[-2277.75541, 2758.30835, 782.9990799999996, -78.02952000000005]","[-2076.86759, 2778.02863, 803.5512800000015, 78.88112000000001]","[-1856.71841, 2798.57792, 880.5967199999996, 82.19716000000153]","[-1647.426, 2746.28012, 837.1696400000001, -209.19120000000112]","[-1470.84775, 2654.81874, 706.3130000000001, -365.84551999999894]","[-1289.99463, 2577.42757, 723.41248, -309.5646800000013]"
59,People,"[-1057.49023, 2518.84232, 0, 0]","[-811.70361, 2434.38193, 983.1464800000003, -337.84156000000075]","[-612.74722, 2302.96499, 795.8255600000002, -525.6677600000003]","[-405.63434, 2134.96627, 828.4515199999998, -671.9948800000002]","[-175.26946, 2030.53198, 921.45952, -417.7371599999997]","[88.52652, 1972.93049, 1055.18392, -230.40596000000005]","[352.03875, 1905.05765, 1054.04892, -271.49136]","[626.85732, 1847.02407, 1099.2742799999999, -232.13432000000012]","[891.30736, 1823.85732, 1057.8001600000011, -92.66699999999955]","[1160.83354, 1872.28673, 1078.1047200000003, 193.71763999999985]","[1451.17584, 1919.41505, 1161.3692, 188.51328000000012]","[1730.38432, 1932.08081, 1116.8339199999991, 50.663039999999455]","[2022.72106, 1932.18826, 1169.3469600000008, 0.4297999999998865]","[2309.26684, 1978.50523, 1146.1831199999988, 185.26788000000033]","[2611.49933, 2025.57807, 1208.9299600000013, 188.29136000000017]","[2902.83628, 2016.32023, 1165.3477999999996, -37.03135999999995]"
60,People,"[3202.27375, 1988.45753, 0, 0]","[3504.15996, 2005.10067, 1207.5448400000005, 66.57256000000052]","[3806.85414, 2048.71948, 1210.7767199999998, 174.47524000000067]","[4107.03676, 2061.09738, 1200.7304800000002, 49.51159999999982]","[4411.03681, 2050.34112, 1216.0001999999986, -43.025040000000445]","[4709.17467, 2053.55225, 1192.551440000003, 12.844520000000557]","[5014.42588, 2104.00007, 1221.0048399999978, 201.79127999999946]","[5329.20033, 2135.22518, 1259.0977999999996, 124.90043999999943]","[5646.74016, 2120.4312, 1270.1593200000036, -59.17591999999973]","[5965.09324, 2125.05953, 1273.4123199999995, 18.51332000000002]","[6242.742196893203, 2171.2777062135924, 1110.5958275728117, 184.87270485436966]","[6443.509677475728, 2125.4819950485435, 803.069922330098, -183.18284466019577]","[6644.277158058252, 2079.686283883495, 803.069922330098, -183.18284466019395]","[6845.044638640777, 2033.8905727184465, 803.069922330098, -183.18284466019395]","[7045.812119223301, 1988.094861553398, 803.069922330098, -183.18284466019395]","[7246.579599805825, 1942.2991503883493, 803.0699223300944, -183.18284466019486]"
61,People,"[7447.347080388349, 1896.503439223301, 0, 0]","[7648.114560970874, 1850.7077280582523, 803.069922330098, -183.18284466019486]","[7848.882041553398, 1804.912016893204, 803.069922330098, -183.18284466019304]","[7951.84624, 1712.99262, 411.85679378640634, -367.67758757281626]","[8060.9453, 1668.33221, 436.39624000000185, -178.64163999999982]","[8045.139526952381, 1632.4778243333333, -63.22309219047747, -143.41754266666703]","[7892.406474571429, 1544.471766, -610.9322095238094, -352.02423333333354]","[7739.673422190476, 1456.4657076666667, -610.9322095238094, -352.02423333333263]","[7586.940369809524, 1368.4596493333331, -610.93220952381, -352.0242333333348]","[7434.207317428571, 1280.453591, -610.9322095238131, -352.02423333333263]","[7281.474265047618, 1192.4475326666666, -610.9322095238094, -352.02423333333354]","[7128.741212666666, 1104.4414743333332, -610.9322095238094, -352.02423333333354]","[6976.0081602857135, 1016.435416, -610.9322095238094, -352.02423333333263]","[6823.275107904761, 928.4293576666666, -610.9322095238094, -352.02423333333354]","[6670.542055523809, 840.4232993333334, -610.9322095238094, -352.0242333333331]","[6517.809003142856, 752.417241, -610.9322095238094, -352.02423333333354]"
62,People,"[6365.075950761904, 664.4111826666667, 0, 0]","[6212.342898380952, 576.4051243333333, -610.9322095238094, -352.02423333333354]","[6059.609845999999, 488.399066, -610.9322095238094, -352.0242333333333]","[5906.876793619047, 400.3930076666668, -610.9322095238094, -352.02423333333286]","[5754.143741238095, 312.3869493333334, -610.9322095238094, -352.02423333333354]","[5601.410688857142, 224.380891, -610.9322095238094, -352.02423333333365]","[5448.67763647619, 136.37483266666663, -610.9322095238094, -352.0242333333334]","[5295.944584095238, 48.36877433333348, -610.9322095238094, -352.02423333333263]","[5143.211531714285, -39.63728399999991, -610.93220952381, -352.0242333333339]","[4990.478479333333, -127.6433423333333, -610.9322095238094, -352.02423333333354]","[4837.7454269523805, -215.64940066666645, -610.9322095238094, -352.02423333333263]","[4685.012374571428, -303.65545899999984, -610.9322095238094, -352.02423333333354]","[4532.279322190476, -391.6615173333332, -610.9322095238094, -352.02423333333354]","[4379.546269809523, -479.6675756666666, -610.9322095238094, -352.02423333333354]","[4167.21372, -573.47954, -849.3301992380948, -375.24785733333374]","[3809.138161351352, -705.5065283783784, -1432.3022345945901, -528.1079535135136]"
63,People,"[3471.595397837838, -846.9056195945946, 0, 0]","[3134.052634324325, -988.3047108108108, -1350.1710540540516, -565.5963648648649]","[2792.77552, -1071.63564, -1365.1084572972995, -333.32371675675677]","[2438.92584, -1127.81963, -1415.398720000001, -224.73595999999998]","[2105.84216, -1261.24182, -1332.334719999999, -533.68876]","[1771.25573, -1372.97795, -1338.3457200000003, -446.94452]","[1398.59058, -1422.73959, -1490.6606000000002, -199.04655999999977]","[1014.08181, -1487.91791, -1538.03508, -260.71327999999994]","[667.91319, -1622.86238, -1384.6744800000013, -539.777880000001]","[310.97882, -1729.84716, -1427.73748, -427.93912]","[-54.56829, -1790.75606, -1462.18844, -243.6355999999996]","[-435.9072, -1860.6475, -1525.35564, -279.5657600000004]","[-811.6471, -1980.24815, -1502.9596000000001, -478.40259999999944]","[-1181.81017, -2052.05257, -1480.6522799999998, -287.21767999999975]","[-1552.18857, -2090.66441, -1481.5136000000002, -154.44736000000012]","[-1920.18608, -2160.46099, -1471.9900399999997, -279.1863200000007]"
64,People,"[-2295.42463, -2267.54072, 0, 0]","[-2652.35148, -2324.22377, -1427.7073999999993, -226.73220000000038]","[-3031.68625, -2359.7731, -1517.3390800000016, -142.1973199999993]","[-3389.72348, -2428.95396, -1432.1489199999996, -276.72343999999975]","[-3630.68727296875, -2450.9011634375, -963.8551718750005, -87.78881375000128]","[-3846.117836026786, -2459.8646913392854, -861.7222522321426, -35.85411160714102]","[-4061.5483990848215, -2468.828219241071, -861.7222522321426, -35.85411160714284]","[-4276.978962142857, -2477.7917471428573, -861.7222522321426, -35.85411160714466]","[-4492.409525200893, -2486.755275044643, -861.7222522321434, -35.85411160714287]","[-4707.8400882589285, -2495.7188029464287, -861.7222522321426, -35.85411160714284]","[-4923.270651316965, -2504.6823308482144, -861.7222522321463, -35.85411160714284]","[-5138.701214375, -2513.64585875, -861.722252232139, -35.85411160714284]","[-5354.131777433036, -2522.609386651786, -861.7222522321463, -35.85411160714284]","[-5569.562340491071, -2531.5729145535715, -861.722252232139, -35.85411160714284]","[-5784.992903549108, -2540.536442455357, -861.7222522321463, -35.85411160714102]","[-6000.423466607143, -2549.499970357143, -861.7222522321426, -35.85411160714466]"
65,People,"[-6215.854029665179, -2558.4634982589287, 0, 0]","[-6431.284592723215, -2567.4270261607144, -861.7222522321426, -35.85411160714284]","[-6646.71515578125, -2576.3905540625, -861.7222522321426, -35.85411160714284]","[-6862.145718839286, -2585.354081964286, -861.7222522321426, -35.85411160714284]","[-7077.576281897322, -2594.3176098660715, -861.7222522321426, -35.85411160714284]","[-7293.006844955357, -2603.281137767857, -861.7222522321426, -35.85411160714284]","[-7312.21243, -2597.19538, -76.822340178569, 24.343031071428413]","[-7308.85711, -2591.30634, 13.42127999999866, 23.55616000000009]","[-7256.37072, -2592.63917, 209.9455600000003, -5.3313199999993275]","[-7163.790863614131, -2614.4861, 370.3194255434755, -87.38772000000063]","[-7064.73795125, -2634.00735, 396.21164945652345, -78.08499999999913]","[-6965.685038885869, -2653.5286, 396.21164945652345, -78.08500000000095]","[-6866.632126521739, -2673.04985, 396.2116494565198, -78.08499999999913]","[-6767.5792141576085, -2692.5711, 396.21164945652345, -78.08500000000095]","[-6668.526301793479, -2712.09235, 396.21164945651617, -78.08499999999913]","[-6569.473389429348, -2731.6136, 396.2116494565271, -78.08500000000095]"
66,People,"[-6470.420477065218, -2751.13485, 0, 0]","[-6371.367564701087, -2770.6561, 396.21164945652345, -78.08500000000095]","[-6272.314652336957, -2790.17735, 396.2116494565198, -78.08499999999913]","[-6173.261739972826, -2809.6986, 396.21164945652345, -78.08500000000095]","[-6074.208827608696, -2829.21985, 396.2116494565198, -78.08499999999913]","[-5975.155915244565, -2848.7411, 396.21164945652345, -78.08500000000095]","[-5876.103002880434, -2868.26235, 396.21164945652345, -78.08499999999913]","[-5777.050090516304, -2887.7836, 396.2116494565198, -78.08500000000095]","[-5677.997178152174, -2907.30485, 396.2116494565238, -78.0849999999992]","[-5578.944265788044, -2926.8261, 396.2116494565198, -78.08500000000095]","[-5479.891353423913, -2946.34735, 396.21164945652345, -78.08499999999913]","[-5380.838441059783, -2965.8686, 396.2116494565198, -78.08499999999913]","[-5281.785528695652, -2985.38985, 396.21164945652345, -78.08500000000095]","[-5182.732616331521, -3004.9111, 396.21164945652345, -78.08499999999913]","[-5083.679703967391, -3024.43235, 396.2116494565198, -78.08500000000095]","[-4984.626791603261, -3043.9536, 396.2116494565198, -78.08499999999913]"
67,People,"[-4885.57387923913, -3063.47485, 0, 0]","[-4786.520966874999, -3082.9961, 396.21164945652345, -78.08499999999913]","[-4687.4680545108695, -3102.51735, 396.2116494565198, -78.08500000000095]","[-4588.41514214674, -3122.0386, 396.21164945651617, -78.08499999999913]","[-4489.362229782609, -3141.55985, 396.2116494565271, -78.08500000000095]","[-4390.309317418478, -3161.0811, 396.21164945652345, -78.08499999999913]","[-4186.01764, -3161.76836, 817.1667096739111, -2.7490400000006048]","[-3809.51443, -3144.72258, 1506.0128399999994, 68.18311999999969]","[-3446.59038, -3071.06033, 1451.6962000000017, 294.64900000000154]","[-3097.26761, -2947.35943, 1397.2910800000009, 494.8035999999993]","[-2742.63722, -2853.49163, 1418.5215599999992, 375.47119999999995]","[-2371.59329, -2786.4318, 1484.175720000001, 268.2393200000006]","[-2002.37102, -2670.35616, 1476.889079999999, 464.3025600000001]","[-1637.62791, -2511.38194, 1458.9724400000005, 635.8968799999984]","[-1251.12588, -2411.9536, 1546.0081199999995, 397.71336000000156]","[-866.92194, -2339.891, 1536.8157600000004, 288.250399999999]"
68,People,"[-518.61002, -2210.78296, 0, 0]","[-170.33133, -2047.72951, 1393.11476, 652.2138000000004]","[184.10707, -1929.68196, 1417.7536, 472.1902]","[547.81595, -1808.92908, 1454.83552, 483.0115199999991]","[880.3776, -1626.24428, 1330.2466, 730.7392000000009]","[1209.1064, -1427.0001, 1314.9151999999995, 796.9767199999997]","[1546.46432, -1292.82561, 1349.4316800000006, 536.6979599999995]","[1903.80659, -1190.20927, 1429.3690799999995, 410.46536000000015]","[2228.12479, -1057.62492, 1297.2728000000009, 530.3374000000008]","[2566.52579, -907.57794, 1353.6040000000012, 600.1879199999998]","[2913.9752, -804.89476, 1389.7976399999989, 410.73272]","[3276.81059, -708.88654, 1451.3415600000008, 384.0328800000002]","[3607.075, -560.67515, 1321.057639999999, 592.8455599999998]","[3933.9186, -389.93868, 1307.3744000000006, 682.9458800000002]","[4270.82954, -277.96666, 1347.643759999999, 447.88807999999995]","[4622.6856, -172.65554, 1407.4242400000003, 421.24447999999995]"
69,People,"[4955.16582, -26.8972, 0, 0]","[5212.812379317647, 81.23841538823528, 1030.5862372705888, 432.5424615529411]","[5461.484264023529, 187.11861891764707, 994.6875388235276, 423.52081411764715]","[5710.156148729412, 292.9988224470588, 994.6875388235312, 423.52081411764686]","[5958.828033435295, 398.8790259764706, 994.6875388235312, 423.5208141176472]","[6207.499918141177, 504.7592295058824, 994.6875388235276, 423.5208141176472]","[6456.171802847059, 610.6394330352941, 994.6875388235276, 423.520814117647]","[6704.843687552941, 716.5196365647059, 994.6875388235312, 423.5208141176472]","[6953.515572258824, 822.3998400941177, 994.6875388235321, 423.5208141176476]","[7202.187456964706, 928.2800436235294, 994.6875388235276, 423.52081411764675]","[7450.859341670588, 1034.160247152941, 994.6875388235276, 423.52081411764675]","[7699.531226376471, 1140.040450682353, 994.6875388235312, 423.5208141176472]","[7948.203111082354, 1245.9206542117647, 994.6875388235312, 423.5208141176472]","[8196.874995788236, 1351.8008577411763, 994.6875388235276, 423.5208141176463]","[8445.54688049412, 1457.681061270588, 994.6875388235349, 423.5208141176472]","[8694.218765200001, 1563.5612648, 994.6875388235276, 423.5208141176472]"
70,People,"[8942.890649905883, 1669.4414683294117, 0, 0]","[9191.562534611763, 1775.3216718588235, 994.6875388235203, 423.5208141176472]","[9202.79032, 1647.30012, 44.91114155294781, -512.0862074352935]","[9194.01497, 1562.77975, -35.10139999999956, -338.08148000000074]","[9206.7361, 1511.21274, 50.88451999999961, -206.26803999999993]","[9198.43813, 1492.21123, -33.19187999999849, -76.00604000000021]","[9184.35309, 1505.74021, -56.34015999999974, 54.11592000000019]","[9172.77836, 1523.04494, -46.29892000000109, 69.21892000000025]","[9159.36304923077, 1547.4450553846154, -53.66124307692376, 97.60046153846187]","[9150.81049, 1582.91002, -34.2102369230779, 141.85985846153835]","[9150.37232, 1624.995, -1.7526799999977811, 168.33991999999944]","[9152.43164, 1649.8579, 8.237280000001192, 99.45160000000033]","[9164.58851, 1663.29859, 48.62747999999556, 53.762760000000526]","[9170.89149, 1687.66938, 25.211920000001555, 97.48315999999977]","[9181.19272, 1689.69713, 41.20491999999649, 8.110999999999876]","[9202.05895, 1681.26445, 83.4649200000058, -33.730720000000474]"
71,People,"[9207.43994, 1685.26533, 0, 0]","[9217.76923, 1686.58758, 41.317159999998694, 5.28899999999976]","[9217.93548, 1687.3696, 0.6650000000008731, 3.128080000000409]","[9211.03356, 1703.03071, -27.607680000000983, 62.64444000000003]","[9210.07733, 1726.71883, -3.8249199999991106, 94.7524800000001]","[9021.379548710282, 1619.0797511962617, -754.7911251588739, -430.55631521495343]","[8795.163404317758, 1487.8787764299066, -904.8645775700934, -524.8038990654204]","[8568.947259925235, 1356.6778016635512, -904.8645775700934, -524.8038990654213]","[8342.731115532712, 1225.476826897196, -904.8645775700942, -524.8038990654218]","[8116.514971140187, 1094.275852130841, -904.864577570097, -524.8038990654195]","[7890.298826747664, 963.074877364486, -904.8645775700934, -524.80389906542]","[7664.082682355141, 831.8739025981308, -904.8645775700934, -524.8038990654209]","[7437.866537962617, 700.6729278317757, -904.8645775700934, -524.8038990654204]","[7211.650393570094, 569.4719530654206, -904.8645775700934, -524.8038990654204]","[6985.43424917757, 438.2709782990655, -904.864577570097, -524.8038990654204]","[6759.218104785046, 307.0700035327104, -904.8645775700934, -524.8038990654204]"
72,People,"[6533.001960392523, 175.8690287663553, 0, 0]","[6306.785816, 44.66805400000021, -904.8645775700934, -524.8038990654204]","[6080.569671607476, -86.53292076635512, -904.8645775700934, -524.8038990654213]","[5854.353527214953, -217.73389553271025, -904.8645775700934, -524.8038990654205]","[5628.13738282243, -348.9348702990653, -904.8645775700934, -524.8038990654203]","[5401.921238429906, -480.1358450654204, -904.8645775700934, -524.8038990654204]","[5175.705094037383, -611.3368198317755, -904.8645775700934, -524.8038990654204]","[4949.48894964486, -742.5377945981306, -904.8645775700898, -524.8038990654204]","[4723.272805252336, -873.7387693644857, -904.8645775700978, -524.8038990654209]","[4497.056660859813, -1004.9397441308408, -904.8645775700934, -524.8038990654204]","[4241.444235294118, -1114.7233476470587, -1022.4497022627802, -439.13441406487163]","[3946.96914, -1197.95883, -1177.9003811764705, -332.94192941176516]","[3665.6459225, -1326.4916375, -1125.2928700000011, -514.13123]","[3402.18061, -1457.7748178571428, -1053.86125, -525.1327214285711]","[3081.74235, -1543.20594, -1281.7530399999996, -341.724488571429]","[2729.67554, -1604.9143, -1408.2672399999992, -246.83343999999943]"
73,People,"[2422.56498, -1735.52743, 0, 0]","[2111.095816666667, -1872.2158166666668, -1245.8766533333328, -546.7535466666668]","[1806.33214, -1954.16327, -1219.0547066666677, -327.78981333333286]","[1484.7483, -2013.75077, -1286.33536, -238.35000000000036]","[1185.9881, -2111.72508, -1195.0407999999998, -391.89724000000024]","[881.00928, -2224.72947, -1219.9152800000002, -452.01756000000023]","[574.08127, -2298.53615, -1227.71204, -295.22671999999875]","[297.76936, -2360.94526, -1105.24764, -249.63644000000022]","[80.56004, -2480.55745, -868.8372800000008, -478.4487599999997]","[-81.03666, -2645.97072, -646.3868, -661.65308]","[-194.8501, -2805.00626, -455.25376, -636.1421600000012]","[-335.67165, -2936.22703, -563.2862, -524.8830799999996]","[-509.36047, -3048.04345, -694.7552800000001, -447.26568000000043]","[-676.28538, -3208.91706, -667.69964, -643.4944400000004]","[-837.58854, -3404.54894, -645.2126399999997, -782.5275199999996]","[-1035.05978, -3535.37465, -789.8849600000003, -523.3028400000003]"
74,People,"[-1225.16229, -3537.3702, 0, 0]","[-1380.29766, -3543.26676, -620.5414799999999, -23.586240000000544]","[-1504.48808, -3545.52948, -496.7616800000005, -9.050880000000689]","[-1531.19016, -3557.98335, -106.8083200000001, -49.8154799999993]","[-1525.916, -3573.8429, 21.09664000000066, -63.438200000000506]","[-1516.12951, -3600.56813, 39.14595999999983, -106.90092000000004]","[-1511.17336, -3607.51617, 19.82459999999992, -27.792159999999058]","[-1511.06538, -3593.13761, 0.431919999999991, 57.51423999999861]","[-1524.05897, -3569.748, -51.9743600000002, 93.55844000000079]","[-1547.88703, -3551.56728, -95.3122400000002, 72.72287999999935]","[-1569.36985, -3548.31254, -85.93127999999979, 13.018960000001243]","[-1574.43927, -3544.9644, -20.277680000000146, 13.39256000000023]","[-1566.53828, -3530.8424, 31.60396000000037, 56.487999999999374]","[-1509.27942, -3510.47224, 229.03543999999965, 81.48063999999977]","[-1363.83073, -3510.3667, 581.7947600000007, 0.42216000000007625]","[-1212.59121, -3498.38856, 604.9580799999994, 47.91256000000067]"
75,People,"[-1059.32954, -3464.36073, 0, 0]","[-955.80083, -3420.84199, 414.11483999999973, 174.07495999999992]","[-934.96471, -3343.22919, 83.3444800000002, 310.4511999999995]","[-985.12179, -3219.11626, -200.62832000000026, 496.45172000000093]","[-1026.55974, -3094.9235, -165.75179999999955, 496.77103999999963]","[-1053.97958, -2956.60107, -109.67936000000009, 553.2897199999989]","[-1117.44141, -2805.0881, -253.84731999999985, 606.0518800000009]","[-1288.32688, -2622.72589, -683.5418800000007, 729.4488399999991]","[-1496.47423, -2410.8129, -832.5894000000006, 847.6519600000018]","[-1668.09259, -2164.91966, -686.4734399999998, 983.5729599999995]","[-1862.27167, -1895.2729, -776.7163200000005, 1078.5870400000003]","[-2109.17488, -1681.84557, -987.6128399999998, 853.7093199999999]","[-2365.93381, -1446.10299, -1027.0357199999999, 942.9703199999994]","[-2560.34662, -1171.35273, -777.6512399999992, 1099.00104]","[-2758.15263, -879.66292, -791.224040000001, 1166.7592400000003]","[-3025.45017, -611.70577, -1069.19016, 1071.8285999999998]"
76,People,"[-3294.88204, -331.34569, 0, 0]","[-3517.79051, -32.48567, -891.6338799999994, 1195.4400799999999]","[-3716.05475, 268.28768, -793.0569599999999, 1203.0934000000002]","[-3940.36392, 539.40888, -897.23668, 1084.4847999999997]","[-4198.98383, 790.67672, -1034.4796400000014, 1005.0713600000004]","[-4401.4374, 1074.81621, -809.8142799999987, 1136.5579599999996]","[-4622.96453, 1358.83201, -886.1085200000016, 1136.0632000000005]","[-4889.254006666667, 1594.0681833333333, -1065.1579066666673, 940.9446933333329]","[-5153.46371, 1812.33576, -1056.8388133333328, 873.0703066666673]","[-5375.8733, 2045.60456, -889.6383600000008, 933.0752000000002]","[-5545.597304652014, 2224.57720014652, -678.8960186080549, 715.8905605860809]","[-5499.079021227106, 2267.509326062271, 186.0731336996323, 171.72850366300372]","[-5452.560737802198, 2310.441451978022, 186.0731336996323, 171.72850366300372]","[-5406.042454377289, 2353.373577893773, 186.07313369963595, 171.72850366300372]","[-5359.524170952381, 2396.305703809524, 186.0731336996323, 171.72850366300372]","[-5313.005887527473, 2439.237829725275, 186.0731336996323, 171.72850366300372]"
77,People,"[-5266.487604102564, 2482.169955641026, 0, 0]","[-5219.969320677656, 2525.1020815567767, 186.0731336996323, 171.72850366300372]","[-5173.451037252748, 2568.034207472528, 186.07313369962867, 171.72850366300554]","[-5126.932753827839, 2610.966333388278, 186.07313369963595, 171.72850366300008]","[-5080.41447040293, 2653.898459304029, 186.07313369963595, 171.72850366300372]","[-5033.896186978022, 2696.83058521978, 186.0731336996323, 171.72850366300372]","[-4987.377903553113, 2739.7627111355314, 186.07313369963595, 171.72850366300554]","[-4940.859620128205, 2782.694837051282, 186.0731336996323, 171.7285036630019]","[-4894.341336703297, 2825.6269629670333, 186.07313369963248, 171.72850366300568]","[-4847.823053278388, 2868.559088882784, 186.07313369963595, 171.72850366300372]","[-4801.30476985348, 2911.491214798535, 186.0731336996323, 171.72850366300372]","[-4754.786486428571, 2954.4233407142856, 186.07313369963595, 171.7285036630019]","[-4708.268203003663, 2997.355466630037, 186.0731336996323, 171.72850366300554]","[-4661.749919578755, 3040.2875925457874, 186.0731336996323, 171.7285036630019]","[-4615.231636153847, 3083.219718461539, 186.0731336996323, 171.72850366300554]","[-4568.713352728938, 3126.1518443772893, 186.07313369963595, 171.7285036630019]"
78,People,"[-4435.18987, 3161.27568, 0, 0]","[-4091.84423, 3148.72639, 1373.38256, -50.19716000000153]","[-3741.94378, 3193.98118, 1399.6018000000004, 181.01916000000165]","[-3376.56954, 3234.88825, 1461.4969600000004, 163.628279999999]","[-3025.96364, 3201.10794, 1402.4236, -135.1212400000004]","[-2672.42495, 3135.68289, 1414.1547599999994, -261.7001999999993]","[-2312.69297, 3146.21211, 1438.92792, 42.11687999999958]","[-1943.85951, 3157.22146, 1475.3338400000002, 44.03740000000107]","[-1598.65641, 3090.39376, 1380.812400000001, -267.31080000000134]","[-1239.98683, 3006.17333, 1434.67832, -336.8817199999994]","[-885.72365, 2972.00709, 1417.0527200000001, -136.66496000000006]","[-528.40711, 2934.711, 1429.2661600000001, -149.1843600000011]","[-180.88782, 2851.98705, 1390.0771599999998, -330.8957999999984]","[170.4365, 2771.42261, 1405.29728, -322.2577600000004]","[526.27426, 2748.58808, 1423.35104, -91.33812000000034]","[887.86012, 2726.61982, 1446.34344, -87.8730400000004]"
79,People,"[1233.33842, 2653.80147, 0, 0]","[1589.21571, 2581.46854, 1423.5091599999996, -289.33172000000013]","[1933.34811, 2579.54724, 1376.5295999999998, -7.685199999999895]","[2276.14013, 2577.14439, 1371.1680800000013, -9.611399999999776]","[2615.69139, 2537.15911, 1358.205039999999, -159.9411199999995]","[2956.13014, 2495.76562, 1361.755000000001, -165.57395999999972]","[3280.20145, 2504.42925, 1296.2852399999992, 34.65452000000005]","[3629.94055, 2509.20812, 1398.9563999999991, 19.11547999999857]","[3973.9577, 2471.69972, 1376.0686000000017, -150.03359999999898]","[4316.32193, 2446.58007, 1369.4569200000005, -100.47860000000037]","[4635.35352, 2485.35938, 1276.1263599999984, 155.11723999999958]","[4948.78667, 2542.41013, 1253.732600000003, 228.20300000000134]","[5222.8265964, 2567.786788, 1096.1597055999991, 101.50663199999872]","[5479.53322375, 2586.3834300000003, 1026.826509399998, 74.38656800000172]","[5718.23347, 2660.2835, 954.8009850000017, 295.60027999999875]","[5966.23337, 2797.29669, 991.9995999999992, 548.0527600000005]"
80,People,"[6266.173124931741, 2971.130277474402, 0, 0]","[6352.812082696246, 2942.270589761092, 346.55583105802, -115.43875085323998]","[6439.451040460751, 2913.4109020477817, 346.55583105802, -115.4387508532418]","[6526.089998225256, 2884.5512143344718, 346.55583105802, -115.43875085323998]","[6612.728955989761, 2855.6915266211604, 346.55583105802, -115.43875085324544]","[6699.367913754267, 2826.83183890785, 346.5558310580236, -115.4387508532418]","[6786.006871518772, 2797.9721511945395, 346.55583105802, -115.4387508532418]","[6872.645829283277, 2769.1124634812286, 346.55583105802, -115.43875085324362]","[6959.284787047782, 2740.252775767918, 346.55583105802026, -115.4387508532419]","[7045.923744812287, 2711.393088054608, 346.55583105802, -115.43875085323998]","[7132.562702576792, 2682.533400341297, 346.55583105802, -115.43875085324544]","[7219.201660341297, 2653.6737126279863, 346.55583105802, -115.4387508532418]","[7305.840618105802, 2624.814024914676, 346.55583105802, -115.4387508532418]","[7392.479575870308, 2595.954337201365, 346.5558310580236, -115.43875085324362]","[7479.118533634812, 2567.0946494880545, 346.55583105801634, -115.4387508532418]","[7565.757491399318, 2538.234961774744, 346.5558310580236, -115.4387508532418]"
81,People,"[7652.396449163823, 2509.3752740614336, 0, 0]","[7739.035406928328, 2480.5155863481227, 346.55583105802, -115.43875085324362]","[7825.674364692833, 2451.6558986348123, 346.55583105802, -115.4387508532418]","[7912.313322457338, 2422.7962109215014, 346.55583105802, -115.43875085324362]","[7998.952280221843, 2393.936523208191, 346.55583105802, -115.4387508532418]","[8085.591237986348, 2365.0768354948805, 346.55583105802, -115.4387508532418]","[8172.230195750852, 2336.21714778157, 346.55583105801634, -115.4387508532418]","[8258.869153515358, 2307.357460068259, 346.5558310580236, -115.43875085324362]","[8139.00253, 2229.94255, -479.46649406143155, -309.6596402730359]","[7904.50713, 2197.22677, -937.9815999999992, -130.86311999999998]","[7634.25519, 2209.12877, -1081.0077600000004, 47.607999999998356]","[7346.4826, 2217.67763, -1151.0903599999983, 34.19544000000133]","[7032.60419, 2221.2714, -1255.513640000001, 14.375079999999798]","[6724.12962, 2255.05543, -1233.8982800000013, 135.1361199999992]","[6400.45481, 2312.47766, -1294.699239999998, 229.6889200000005]","[6055.89077, 2335.45492, -1378.2561600000008, 91.90904000000046]"
82,People,"[5688.81467, 2305.48826, 0, 0]","[5337.45761, 2312.5188, -1405.4282399999975, 28.122159999998985]","[5004.02813, 2340.54027, -1333.7179200000028, 112.08588000000054]","[4669.97731, 2352.84761, -1336.203279999998, 49.22935999999936]","[4335.19699, 2352.07053, -1339.1212799999994, -3.1083199999993667]","[4016.54218, 2378.89652, -1274.6192400000018, 107.30395999999928]","[3705.58433, 2431.64193, -1243.8313999999991, 210.98163999999997]","[3385.41065, 2474.0903, -1280.6947200000013, 169.79348000000027]","[3068.75754, 2474.89762, -1266.61244, 3.229280000001384]","[2743.9432, 2475.31399, -1299.2573599999996, 1.6654799999996612]","[2432.14843, 2508.57924, -1247.1790799999999, 133.0609999999997]","[2089.11713, 2553.31355, -1372.1252000000004, 178.9372399999993]","[1761.32165, 2551.03306, -1311.18192, -9.12195999999858]","[1447.41291, 2564.15522, -1255.6349600000003, 52.48863999999958]","[1147.6533, 2626.82779, -1199.0384400000003, 250.6902799999989]","[832.86394, 2721.51213, -1259.15744, 378.737360000001]"
83,People,"[542.39118, 2800.99415, 0, 0]","[259.04541, 2917.98766, -1133.3830799999998, 467.97403999999915]","[74.89561, 3065.99696, -736.5992, 592.0372000000007]","[8.05872, 3206.92146, -267.34756000000004, 563.6980000000003]","[-9.09543, 3294.17453, -68.6166, 349.012279999999]","[-16.39058, 3340.50633, -29.1806, 185.32720000000154]","[-33.37308, 3325.60579, -67.93, -59.60216000000037]","[-67.47883, 3296.09053, -136.423, -118.0610400000005]","[-74.69625, 3268.69063, -28.86968000000004, -109.59959999999965]","[-80.32193, 3245.95322, -22.502719999999954, -90.94964000000073]","[-85.49319, 3236.25693, -20.685040000000015, -38.78515999999945]","[-86.55976, 3231.64217, -4.266279999999995, -18.45903999999973]","[-87.72128, 3234.66146, -4.646079999999984, 12.077159999998912]","[-83.56232, 3243.94965, 16.635839999999973, 37.15276000000085]","[-75.65911, 3273.35877, 31.612840000000006, 117.63647999999921]","[-21.76787, 3342.30136, 215.56495999999999, 275.77036000000044]"
84,People,"[28.58803, 3392.75444, 0, 0]","[46.41297, 3398.54184, 71.29976, 23.149599999998827]","[6.57884, 3353.85981, -159.33652, -178.72811999999976]","[-35.65667, 3304.21315, -168.94204, -198.58663999999953]","[-6.19193, 3274.62228, 117.85896, -118.36347999999998]","[19.77514, 3292.88536, 103.86828, 73.05232000000069]","[44.7631, 3304.36663, 99.95184, 45.92507999999907]","[60.83179, 3313.18765, 64.27475999999999, 35.28407999999945]","[55.66809, 3307.01748, -20.654800000000012, -24.680679999999505]","[40.76005, 3292.05856, -59.63216, -59.83568000000014]","[26.74307, 3285.1637, -56.06792, -27.579439999999522]","[-31.5968, 3308.50046, -233.35948000000002, 93.34704000000056]","[-111.09637, 3325.5085, -317.99827999999997, 68.03215999999884]","[-158.68071, 3263.0617, -190.33736000000005, -249.78719999999885]","[-188.06435, 3153.96244, -117.53455999999994, -436.39704000000165]","[-178.83241, 3054.16155, 36.92775999999992, -399.2035599999999]"
85,People,"[-85.90016, 2978.3977, 0, 0]","[127.93799, 2885.25858, 855.3525999999999, -372.5564799999993]","[371.52681, 2773.64388, 974.35528, -446.45880000000034]","[596.99043, 2653.82503, 901.8544799999997, -479.27540000000045]","[867.1199, 2528.93417, 1080.5178800000003, -499.5634399999999]","[1166.56694, 2453.27212, 1197.7881599999996, -302.64819999999963]","[1457.12518, 2381.31654, 1162.2329600000003, -287.8223200000011]","[1719.49309, 2272.2188, 1049.4716399999998, -436.3909599999988]","[2005.12593, 2153.15843, 1142.5313600000009, -476.241480000001]","[2317.48565, 2100.10528, 1249.4388800000006, -212.21259999999893]","[2650.0921, 2067.03905, 1330.425799999999, -132.26492000000144]","[2972.31516, 2011.53882, 1288.892240000001, -222.0009199999995]","[3322.79931, 1961.28619, 1401.936599999999, -201.01051999999981]","[3676.80526, 1951.0616, 1416.0238000000008, -40.89836000000014]","[4022.27169, 1916.32102, 1381.8657199999998, -138.96231999999964]","[4316.4369, 1817.07278, 1176.6608399999986, -396.9929600000005]"
86,People,"[4597.6277, 1660.19092, 0, 0]","[4890.39107, 1524.89116, 1171.0534799999987, -541.1990400000004]","[5189.84642, 1373.7916, 1197.8214000000007, -604.3982399999995]","[5427.573023333333, 1218.1893133333333, 950.9064133333341, -622.4091466666669]","[5623.18052738758, 1079.423479293362, 782.4300162169857, -555.0633361598848]","[5799.863685310493, 962.822507665953, 706.7326316916515, -466.4038865096363]","[5976.546843233405, 846.221536038544, 706.7326316916478, -466.4038865096363]","[6153.230001156317, 729.6205644111351, 706.7326316916478, -466.4038865096354]","[6329.913159079229, 613.019592783726, 706.7326316916522, -466.4038865096367]","[6506.596317002141, 496.418621156317, 706.7326316916478, -466.4038865096361]","[6683.279474925053, 379.8176495289081, 706.7326316916478, -466.40388650963564]","[6859.962632847966, 263.216677901499, 706.7326316916515, -466.4038865096363]","[7036.645790770878, 146.61570627409003, 706.7326316916478, -466.40388650963587]","[7213.32894869379, 30.014734646681063, 706.7326316916478, -466.40388650963587]","[7390.012106616703, -86.58623698072802, 706.7326316916515, -466.4038865096363]","[7566.695264539614, -203.18720860813687, 706.7326316916442, -466.4038865096354]"
87,People,"[7743.378422462527, -319.78818023554595, 0, 0]","[7920.06158038544, -436.3891518629548, 706.7326316916515, -466.4038865096354]","[8096.744738308351, -552.9901234903639, 706.7326316916442, -466.4038865096363]","[8273.427896231264, -669.591095117773, 706.7326316916515, -466.4038865096363]","[8450.111054154177, -786.1920667451818, 706.7326316916515, -466.4038865096354]","[8626.794212077088, -902.7930383725908, 706.7326316916442, -466.40388650963587]","[8803.47737, -1019.39401, 706.7326316916515, -466.4038865096368]","[8800.22463, -1064.11729, -13.010959999999614, -178.89311999999973]","[8793.64592, -1082.94883, -26.31483999999912, -75.3261600000006]","[8792.12977, -1087.64946, -6.064600000005157, -18.802520000000186]","[8787.32233, -1078.13248, -19.229759999994712, 38.06792000000041]","[8805.87823, -1040.99735, 74.22359999999753, 148.54051999999956]","[8769.051036348315, -1044.3435698314606, -147.30877460673946, -13.384879325842121]","[8708.252484382023, -1051.449498202247, -243.19420786517003, -28.423713483145548]","[8647.45393241573, -1058.5554265730336, -243.19420786517003, -28.423713483146457]","[8586.655380449438, -1065.6613549438202, -243.19420786517003, -28.423713483146457]"
88,People,"[8525.856828483147, -1072.7672833146066, 0, 0]","[8465.058276516855, -1079.8732116853932, -243.19420786517003, -28.423713483146457]","[8404.259724550562, -1086.97914005618, -243.19420786517003, -28.423713483147367]","[8343.46117258427, -1094.0850684269662, -243.19420786517003, -28.42371348314464]","[8282.662620617977, -1101.1909967977529, -243.19420786517003, -28.423713483146457]","[8221.864068651685, -1108.2969251685392, -243.19420786517003, -28.423713483145548]","[8161.065516685393, -1115.402853539326, -243.1942078651664, -28.423713483147367]","[8100.266964719101, -1122.5087819101125, -243.1942078651664, -28.423713483145548]","[8039.468412752809, -1129.6147102808989, -243.19420786517026, -28.423713483145573]","[7978.669860786517, -1136.7206386516857, -243.1942078651664, -28.423713483147367]","[7799.64989, -1139.98092, -716.0798831460706, -13.041125393257062]","[7484.709617058823, -1158.7192935294115, -1259.761091764707, -74.95349411764619]","[7146.19223, -1155.77363, -1354.069548235293, 11.782654117646416]","[6831.32849, -1107.21447, -1259.4549599999991, 194.23664000000008]","[6509.374639180328, -1121.4155003278688, -1287.8154032786879, -56.80412131147568]","[6187.420788360656, -1135.6165306557375, -1287.8154032786879, -56.80412131147477]"
89,People,"[5865.466937540983, -1149.8175609836064, 0, 0]","[5543.513086721311, -1164.0185913114751, -1287.8154032786879, -56.80412131147477]","[5221.559235901639, -1178.2196216393445, -1287.8154032786879, -56.8041213114775]","[4899.605385081967, -1192.420651967213, -1287.8154032786879, -56.804121311473864]","[4577.651534262295, -1206.621682295082, -1287.8154032786879, -56.80412131147659]","[4255.697683442622, -1220.8227126229508, -1287.8154032786915, -56.80412131147477]","[3933.743832622951, -1235.0237429508195, -1287.815403278686, -56.80412131147477]","[3611.789981803279, -1249.2247732786884, -1287.8154032786879, -56.80412131147568]","[3289.8361309836064, -1263.425803606557, -1287.8154032786908, -56.80412131147482]","[2967.8822801639344, -1277.6268339344265, -1287.8154032786879, -56.8041213114775]","[2646.4611861538465, -1341.1305938461535, -1285.6843760403517, -254.015039646908]","[2335.57923, -1460.41904, -1243.5278246153866, -477.15378461538603]","[2024.59075, -1577.43249, -1243.953919999999, -468.0537999999997]","[1720.22285, -1662.4146, -1217.4715999999999, -339.9284400000006]","[1398.26053, -1748.89387, -1287.8492800000004, -345.91708000000017]","[1077.78254, -1888.34161, -1281.9119600000004, -557.7909599999994]"
90,People,"[754.37322, -2022.49383, 0, 0]","[427.89612, -2124.86896, -1305.9083999999998, -409.5005199999996]","[93.6661, -2251.27449, -1336.9200799999999, -505.62212]","[-204.54115, -2437.10381, -1192.829, -743.3172800000011]","[-519.99745, -2617.52697, -1261.8251999999998, -721.6926399999993]","[-840.21346, -2744.64121, -1280.8640400000004, -508.4569599999995]","[-1167.09476, -2880.32802, -1307.5251999999996, -542.7472400000006]","[-1428.85868, -3033.89213, -1047.0556800000004, -614.256440000001]","[-1708.56861, -3182.94907, -1118.8397200000009, -596.2277600000003]","[-1985.20467, -3278.63773, -1106.5442400000002, -382.7546399999992]","[-2294.08435, -3365.19622, -1235.51872, -346.23395999999957]","[-2606.0117829268293, -3464.5599846341465, -1247.7097317073167, -397.4550585365869]","[-2918.49389, -3557.60206, -1249.9284282926837, -372.16830146341454]","[-3238.78433, -3576.12294, -1281.161759999999, -74.08352000000014]","[-3566.16802, -3576.44736, -1309.5347600000005, -1.2976799999996729]","[-3884.92818, -3608.18892, -1275.0406399999993, -126.96623999999974]"
91,People,"[-4205.589015283019, -3598.906104528302, 0, 0]","[-4513.640090754717, -3561.352062075472, -1232.2043018867917, 150.21616981131956]","[-4816.35294, -3501.71031, -1210.851396981132, 238.56700830188856]","[-5109.4519, -3453.61795, -1172.395840000001, 192.3694400000004]","[-5402.5842, -3407.37081, -1172.5292000000009, 184.98855999999978]","[-5585.481852467532, -3348.734543636364, -731.5906098701271, 234.54506545454387]","[-5688.385711774891, -3304.873301212121, -411.6154372294368, 175.44496969697138]","[-5791.289571082251, -3261.012058787879, -411.61543722944043, 175.44496969696775]","[-5894.1934303896105, -3217.1508163636363, -411.61543722943713, 175.44496969697153]","[-5997.09728969697, -3173.289573939394, -411.6154372294368, 175.44496969696957]","[-6100.001149004329, -3129.4283315151515, -411.6154372294368, 175.44496969696957]","[-6202.905008311688, -3085.567089090909, -411.6154372294368, 175.44496969696957]","[-6305.808867619047, -3041.7058466666667, -411.6154372294368, 175.44496969696957]","[-6408.712726926407, -2997.8446042424243, -411.61543722944043, 175.44496969696957]","[-6511.616586233767, -2953.983361818182, -411.6154372294368, 175.44496969696957]","[-6614.520445541126, -2910.12211939394, -411.6154372294368, 175.44496969696775]"
92,People,"[-6717.424304848485, -2866.260876969697, 0, 0]","[-6820.328164155844, -2822.3996345454543, -411.6154372294368, 175.44496969697138]","[-6923.232023463203, -2778.5383921212124, -411.6154372294368, 175.44496969696775]","[-7026.135882770563, -2734.677149696969, -411.6154372294368, 175.4449696969732]","[-7129.039742077923, -2690.815907272727, -411.61543722944043, 175.44496969696775]","[-7231.943601385282, -2646.9546648484848, -411.6154372294368, 175.44496969696957]","[-7334.847460692641, -2603.0934224242424, -411.6154372294368, 175.44496969696957]","[-7437.75132, -2559.23218, -411.6154372294368, 175.44496969696957]","[-7417.59017, -2536.22988, 80.6445999999997, 92.0092000000005]","[-7350.34421, -2537.49487, 268.9838400000008, -5.059960000000501]","[-7258.53162, -2556.82693, 367.2503600000018, -77.32824000000073]","[-7061.942266923076, -2549.8664438461537, 786.3574123076942, 27.841944615385728]","[-6847.60512040293, -2536.090626996337, 857.3485860805849, 55.10326739926677]","[-6633.267973882784, -2522.3148101465204, 857.3485860805849, 55.10326739926677]","[-6418.9308273626375, -2508.538993296703, 857.3485860805849, 55.10326739926859]","[-6204.59368084249, -2494.7631764468865, 857.3485860805886, 55.10326739926677]"
93,People,"[-5990.256534322344, -2480.9873595970694, 0, 0]","[-5775.919387802198, -2467.2115427472527, 857.3485860805849, 55.10326739926677]","[-5561.582241282051, -2453.435725897436, 857.3485860805886, 55.10326739926677]","[-5347.2450947619045, -2439.659909047619, 857.3485860805849, 55.10326739926859]","[-5132.907948241758, -2425.884092197802, 857.3485860805849, 55.10326739926677]","[-4918.570801721611, -2412.108275347985, 857.3485860805886, 55.10326739926859]","[-4605.41218, -2407.12073, 1252.6344868864435, 19.950181391939623]","[-4290.19289, -2384.53706, 1260.87716, 90.33467999999993]","[-3986.10375, -2310.96209, 1216.3565600000013, 294.29988000000077]","[-3687.635243333333, -2253.0841833333334, 1193.8740266666682, 231.51162666666642]","[-3371.64217, -2212.19729, 1263.9722933333323, 163.54757333333328]","[-3049.0714, -2184.06757, 1290.283080000001, 112.51887999999963]","[-2719.44515, -2107.67078, 1318.5049999999992, 305.58716000000095]","[-2394.02215, -2030.85621, 1301.692000000001, 307.25828]","[-2061.09758, -2012.97179, 1331.6982799999987, 71.53767999999945]","[-1702.48184, -1987.91252, 1434.4629600000007, 100.23707999999988]"
94,People,"[-1376.40854, -1906.86567, 0, 0]","[-1029.39285, -1825.5352, 1388.0627599999998, 325.3218799999995]","[-683.77858, -1793.00541, 1382.4570799999997, 130.1191600000002]","[-323.82707, -1763.12061, 1439.8060400000002, 119.53920000000016]","[22.30359, -1683.18343, 1384.52264, 319.7487199999996]","[374.98402, -1589.94944, 1410.72172, 372.9359599999998]","[717.74669, -1531.1652, 1371.0506799999998, 235.13696000000073]","[1073.05554, -1475.70872, 1421.2354000000005, 221.82591999999931]","[1413.36132, -1386.93364, 1361.2231200000008, 355.1003200000008]","[1762.02197, -1302.23541, 1394.6426000000001, 338.79291999999987]","[2105.02695, -1277.00634, 1372.0199199999997, 100.91628000000037]","[2452.30273, -1271.70056, 1389.1031199999998, 21.223119999999653]","[2781.31536, -1214.9768, 1316.0505200000007, 226.89504000000034]","[3114.0978, -1151.77583, 1331.1297599999998, 252.80387999999948]","[3447.41723, -1130.75326, 1333.27772, 84.09028000000035]","[3794.28874, -1114.94635, 1387.4860399999998, 63.227640000000065]"
95,People,"[4114.42881, -1058.81609, 0, 0]","[4441.62838, -1004.0163, 1308.798279999999, 219.19916000000012]","[4761.21447, -996.73407, 1278.3443599999991, 29.128920000000107]","[5094.920585, -994.2812, 1334.8244599999998, 9.811479999999847]","[5413.06568, -968.14529, 1272.5803799999994, 104.54363999999987]","[5595.168683255814, -958.320743372093, 728.4120130232586, 39.298186511628046]","[5606.083827019028, -963.1698873995772, 43.660575052854256, -19.396576109936632]","[5616.9989707822415, -968.0190314270612, 43.660575052854256, -19.396576109936177]","[5627.914114545455, -972.8681754545456, 43.66057505285429, -19.39657610993756]","[5638.829258308669, -977.7173194820296, 43.660575052854256, -19.396576109935722]","[5649.744402071882, -982.5664635095138, 43.660575052854256, -19.396576109937087]","[5660.659545835096, -987.415607536998, 43.660575052854256, -19.396576109936632]","[5671.574689598309, -992.264751564482, 43.660575052854256, -19.396576109936177]","[5682.489833361523, -997.1138955919662, 43.660575052854256, -19.396576109936632]","[5693.404977124736, -1001.9630396194505, 43.660575052854256, -19.396576109937087]","[5704.320120887949, -1006.8121836469344, 43.66057505285062, -19.396576109935722]"
96,People,"[5715.235264651163, -1011.6613276744188, 0, 0]","[5726.150408414376, -1016.5104717019028, 43.660575052854256, -19.396576109936177]","[5737.06555217759, -1021.359615729387, 43.660575052854256, -19.396576109936632]","[5747.980695940803, -1026.2087597568711, 43.660575052854256, -19.396576109936632]","[5758.895839704017, -1031.0579037843552, 43.660575052854256, -19.396576109936177]","[5769.810983467231, -1035.9070478118394, 43.660575052857894, -19.396576109937087]","[5780.726127230444, -1040.7561918393235, 43.66057505285062, -19.396576109936177]","[5791.641270993658, -1045.6053358668078, 43.660575052854256, -19.396576109937087]","[5802.556414756871, -1050.4544798942918, 43.66057505285429, -19.396576109936195]","[5813.471558520085, -1055.303623921776, 43.660575052854256, -19.396576109937087]","[5824.386702283298, -1060.15276794926, 43.660575052854256, -19.396576109935268]","[5835.301846046512, -1065.0019119767442, 43.660575052854256, -19.396576109937087]","[5846.216989809725, -1069.8510560042284, 43.660575052854256, -19.396576109937087]","[5857.132133572939, -1074.7002000317125, 43.660575052854256, -19.396576109936177]","[5868.047277336153, -1079.5493440591968, 43.660575052854256, -19.396576109937087]","[5878.962421099366, -1084.3984880866808, 43.660575052854256, -19.396576109936177]"
97,People,"[5889.87756486258, -1089.247632114165, 0, 0]","[5900.792708625793, -1094.0967761416491, 43.660575052854256, -19.396576109936177]","[5911.707852389006, -1098.9459201691334, 43.66057505285062, -19.396576109937087]","[5922.62299615222, -1103.7950641966174, 43.660575052857894, -19.396576109936177]","[5933.538139915433, -1108.6442082241017, 43.66057505285062, -19.396576109937087]","[5944.453283678647, -1113.4933522515855, 43.660575052854256, -19.396576109935268]","[5955.36842744186, -1118.3424962790698, 43.660575052854256, -19.396576109937087]","[5966.283571205074, -1123.191640306554, 43.660575052854256, -19.396576109937087]","[5977.198714968287, -1128.040784334038, 43.66057505285429, -19.396576109936195]","[5988.113858731501, -1132.8899283615224, 43.660575052854256, -19.396576109937087]","[5999.029002494714, -1137.7390723890064, 43.660575052854256, -19.396576109936177]","[5810.06458, -1116.19681, -755.8576899788568, 86.16904955602604]","[5469.27841, -1064.26347, -1363.1446800000012, 207.73335999999927]","[5100.95251, -1067.73684, -1473.3035999999993, -13.893479999999727]","[4729.14372, -1087.12618, -1487.2351600000002, -77.55735999999979]","[4369.4923685, -1080.464288, -1438.6054059999988, 26.64756800000032]"
98,People,"[4007.63468725, -1079.380838, 0, 0]","[3646.28516, -1148.08948, -1445.3981089999997, -274.8345680000002]","[3285.46733, -1225.41317, -1443.2713199999998, -309.29475999999977]","[2940.58781, -1250.54234, -1379.5180799999998, -100.51667999999972]","[2570.60364, -1268.77488, -1479.9366800000007, -72.93015999999989]","[2219.52747, -1340.89073, -1404.3046799999993, -288.46340000000055]","[1870.41145, -1398.6709, -1396.4640799999997, -231.12068]","[1534.88899, -1391.72006, -1342.0898400000005, 27.803359999999884]","[1187.07052, -1373.26519, -1391.2738800000009, 73.81948000000018]","[838.82781, -1400.99152, -1392.97084, -110.90531999999985]","[484.57574, -1419.75964, -1417.00828, -75.07247999999981]","[143.83549, -1396.52, -1362.961, 92.95856000000003]","[-202.15405, -1344.75761, -1383.9581600000001, 207.04955999999947]","[-549.79003, -1338.53152, -1390.54392, 24.90436000000045]","[-884.89422, -1327.38957, -1340.41676, 44.56779999999981]","[-1207.92802, -1272.23269, -1292.1352000000002, 220.62752]"
99,People,"[-1553.1105, -1206.56626, 0, 0]","[-1889.16747, -1196.81325, -1344.2278800000004, 39.012040000000525]","[-2242.09549, -1193.92458, -1411.7120800000002, 11.55467999999928]","[-2574.20671, -1129.77314, -1328.444879999999, 256.6057600000004]","[-2909.73498, -1042.3854, -1342.113080000001, 349.5509600000005]","[-3244.42125, -1009.31491, -1338.7450799999988, 132.28195999999934]","[-3600.68601, -987.27996, -1425.05904, 88.13980000000038]","[-3934.97729, -920.98212, -1337.1651199999997, 265.1913599999998]","[-4273.08511, -837.29752, -1352.4312800000018, 334.73840000000047]","[-4631.9347333333335, -804.7276666666667, -1435.398493333334, 130.2794133333332]","[-4990.58012, -774.05599, -1434.5815466666645, 122.68670666666685]","[-5320.11744, -663.9428, -1318.1492800000015, 440.45275999999967]","[-5667.3736, -532.72547, -1389.0246399999996, 524.8693200000002]","[-6003.607183046358, -449.1877861589404, -1344.9343321854321, 334.15073536423824]","[-6332.892361854305, -367.066506357616, -1317.140715231788, 328.4851192052977]","[-6662.177540662252, -284.9452265562914, -1317.140715231788, 328.48511920529836]"
100,People,"[-6991.462719470199, -202.82394675496687, 0, 0]","[-7320.747898278146, -120.7026669536424, -1317.140715231788, 328.48511920529785]","[-7650.033077086093, -38.58138715231786, -1317.140715231788, 328.4851192052982]","[-7935.70286, 79.09868, -1142.67913165563, 470.72026860927144]","[-8182.10239, 243.41371, -985.5981199999987, 657.26012]","[-8407.29713, 391.94852, -900.7789600000033, 594.1392399999999]","[-8574.04764, 501.60945, -667.0020399999994, 438.64372000000003]","[-8689.10231, 538.93737, -460.21867999999813, 149.31168000000002]","[-8712.27137, 538.0223, -92.67624000000077, -3.66028000000006]","[-8701.58414, 537.12749, 42.74891999999818, -3.579240000000027]","[-8683.45064, 537.00717, 72.53400000000693, -0.48127999999996973]","[-8666.78617, 540.24371, 66.65787999999884, 12.946159999999963]","[-8650.11582, 538.45214, 66.68139999999403, -7.166279999999915]","[-8642.99259, 536.58734, 28.492920000004233, -7.4591999999997824]","[-8654.32964, 534.35814, -45.34820000000036, -8.916799999999967]","[-8663.25361, 541.40396, -35.695879999999306, 28.18327999999974]"
101,People,"[-8672.29757, 548.65536, 0, 0]","[-8568.950520816326, 528.017091734694, 413.388196734697, -82.55307306122404]","[-8376.509439183674, 498.4894495153062, 769.7643265306106, -118.11056887755103]","[-8184.06835755102, 468.9618072959185, 769.7643265306142, -118.1105688775508]","[-7991.627275918367, 439.4341650765307, 769.7643265306142, -118.11056887755126]","[-7799.186194285714, 409.9065228571429, 769.7643265306106, -118.11056887755126]","[-7606.745112653061, 380.3788806377552, 769.7643265306106, -118.1105688775508]","[-7414.304031020408, 350.8512384183674, 769.7643265306142, -118.11056887755103]","[-7221.862949387755, 321.32359619897966, 769.7643265306112, -118.11056887755113]","[-7029.421867755102, 291.7959539795919, 769.7643265306142, -118.11056887755103]","[-6836.980786122449, 262.26831176020414, 769.7643265306106, -118.11056887755103]","[-6644.539704489796, 232.7406695408164, 769.7643265306106, -118.11056887755092]","[-6452.098622857143, 203.21302732142863, 769.7643265306142, -118.11056887755115]","[-6259.65754122449, 173.68538510204087, 769.7643265306106, -118.11056887755103]","[-6067.216459591837, 144.1577428826531, 769.7643265306142, -118.11056887755103]","[-5874.775377959184, 114.63010066326537, 769.7643265306106, -118.11056887755097]"
102,People,"[-5682.334296326531, 85.1024584438776, 0, 0]","[-5383.014297777778, 150.83670999999998, 1197.2799941950143, 262.93700622448955]","[-5053.45196, 204.60512, 1318.2493511111097, 215.07364000000007]","[-4739.58344, 206.74629, 1255.47408, 8.564679999999953]","[-4395.46451, 198.88051, 1376.4757200000022, -31.463120000000004]","[-4055.36954, 211.74112, 1360.3798799999986, 51.44244000000003]","[-3710.76042, 199.3392, 1378.4364800000003, -49.60767999999996]","[-3383.2145, 148.06265, 1310.18368, -205.10620000000006]","[-3053.76805, 88.72822, 1317.7858000000008, -237.3377200000002]","[-2727.4296, 91.49009, 1305.3538000000008, 11.047480000000007]","[-2386.79683, 98.78421, 1362.5310799999988, 29.176480000000026]","[-2051.99783, 76.29829, 1339.1960000000017, -89.94368000000003]","[-1703.20274, 42.60925, 1395.1803599999994, -134.75615999999997]","[-1369.89608, 37.47276, 1333.2266399999999, -20.545960000000008]","[-1021.97783, 30.27762, 1391.6729999999998, -28.78056000000001]","[-692.18718, -30.52214, 1319.1626, -243.19904]"
103,People,"[-360.09968, -100.00878, 0, 0]","[-31.01999, -122.49796, 1316.3187599999999, -89.95672000000002]","[294.91423, -126.82943, 1303.73688, -17.325879999999984]","[603.60035, -178.77603, 1234.7444800000003, -207.78639999999996]","[918.65491, -236.40367, 1260.2182399999997, -230.51056000000005]","[1230.13702, -265.84853, 1245.9284399999997, -117.77943999999991]","[1549.53653, -291.5363, 1277.5980400000008, -102.75108]","[1853.18791, -355.42952, 1214.60552, -255.57288000000017]","[2153.9563, -449.98243, 1203.07356, -378.21164000000033]","[2454.17705, -532.06729, 1200.8829999999998, -328.33943999999974]","[2756.55836, -574.35133, 1209.5252400000008, -169.13616000000002]","[3071.10337, -638.11293, 1258.1800399999993, -255.04640000000018]","[3345.81383, -743.3207, 1098.841840000001, -420.83107999999993]","[3640.63653, -837.1424, 1179.2908000000007, -375.28679999999986]","[3934.55591, -859.64753, 1175.6775199999993, -90.02052000000003]","[4239.63953, -874.29541, 1220.3344800000013, -58.591519999999946]"
104,People,"[4542.57768, -919.96975, 0, 0]","[4828.090268063584, -915.9170703179192, 1142.0503522543331, 16.210718728323172]","[5100.052790462428, -836.9399323121387, 1087.8500895953766, 315.90855202312196]","[5372.015312861272, -757.9627943063583, 1087.8500895953766, 315.9085520231215]","[5643.977835260115, -678.9856563005781, 1087.850089595373, 315.90855202312105]","[5915.940357658959, -600.0085182947977, 1087.8500895953766, 315.9085520231215]","[6187.902880057804, -521.0313802890173, 1087.8500895953803, 315.9085520231215]","[6459.865402456648, -442.054242283237, 1087.850089595373, 315.9085520231213]","[6731.827924855492, -363.0771042774567, 1087.8500895953775, 315.90855202312133]","[7003.790447254336, -284.0999662716763, 1087.8500895953766, 315.90855202312173]","[7275.752969653179, -205.12282826589592, 1087.850089595373, 315.9085520231215]","[7547.715492052023, -126.14569026011566, 1087.8500895953766, 315.90855202312105]","[7819.678014450867, -47.16855225433528, 1087.850089595373, 315.9085520231215]","[8091.640536849711, 31.808585751445094, 1087.8500895953766, 315.9085520231215]","[8363.603059248555, 110.78572375722536, 1087.8500895953766, 315.90855202312105]","[8585.67689, 261.67003, 888.2953230057828, 603.5372249710986]"
105,People,"[8736.30602, 499.63603, 0, 0]","[8904.23103, 690.11223, 671.7000400000034, 761.9047999999998]","[9057.40172, 886.98478, 612.682759999996, 787.4902000000002]","[9127.8241362818, 1033.1619721330724, 281.6896651272036, 584.7087685322895]","[9131.398987064578, 1072.8966169471623, 14.299403131110012, 158.93857925635984]","[9134.973837847358, 1112.6312617612523, 14.299403131117288, 158.93857925635984]","[9138.548688630137, 1152.3659065753425, 14.299403131117288, 158.93857925636075]","[9142.123539412914, 1192.1005513894324, 14.299403131110012, 158.93857925635984]","[9145.698390195694, 1231.8351962035224, 14.2994031311173, 158.93857925636]","[9149.273240978471, 1271.5698410176126, 14.299403131110012, 158.93857925636075]","[9152.848091761252, 1311.3044858317026, 14.299403131124564, 158.93857925635984]","[9156.422942544032, 1351.0391306457925, 14.299403131117288, 158.93857925635984]","[9159.99779332681, 1390.7737754598825, 14.299403131110012, 158.93857925635984]","[9163.572644109589, 1430.508420273973, 14.299403131117288, 158.93857925636166]","[9167.147494892368, 1470.2430650880626, 14.299403131117288, 158.93857925635893]","[9170.722345675147, 1509.9777099021526, 14.299403131117288, 158.93857925635984]"
106,People,"[9174.297196457925, 1549.7123547162428, 0, 0]","[9177.872047240704, 1589.4469995303327, 14.299403131117288, 158.93857925635984]","[9181.446898023483, 1629.1816443444227, 14.299403131117288, 158.93857925635984]","[9185.021748806264, 1668.9162891585129, 14.299403131124564, 158.93857925636075]","[9188.59659958904, 1708.6509339726028, 14.299403131102736, 158.93857925635984]","[9192.17145037182, 1748.3855787866928, 14.299403131117288, 158.93857925635984]","[9195.7463011546, 1788.120223600783, 14.299403131124564, 158.93857925636075]","[9199.321151937378, 1827.8548684148727, 14.299403131110012, 158.93857925635893]","[9188.9716, 1811.14382, -41.398207749509346, -66.84419365949094]","[9162.30603, 1793.93174, -106.6622800000041, -68.84832000000006]","[9154.42991, 1743.85333, -31.504479999995965, -200.3136400000003]","[9173.1162, 1587.29942, 74.74515999999858, -626.2156399999994]","[9165.56035, 1384.72691, -30.223400000002584, -810.2900399999999]","[9081.05431, 1188.77114, -338.02416000000085, -783.8230800000001]","[8889.46803, 977.81943, -766.3451199999981, -843.8068400000002]","[8687.21578, 740.58639, -809.0089999999982, -948.9321599999998]"
107,People,"[8509.60333, 473.60482, 0, 0]","[8300.37871, 224.65803, -836.8984799999962, -995.7871600000001]","[8066.56436, 25.63141, -935.2574000000022, -796.10648]","[7804.365734347826, -177.59418913043478, -1048.7945026086963, -812.9023965217391]","[7531.81705, -383.47598, -1090.1947373913063, -823.5271634782608]","[7231.72364, -518.32427, -1200.373639999998, -539.3931599999999]","[6916.506599411765, -587.9688623529412, -1260.868162352941, -278.5783694117649]","[6582.767827352941, -637.7348255882353, -1334.955088235296, -199.06385294117626]","[6249.029055294118, -687.5007888235294, -1334.9550882352935, -199.0638529411769]","[5907.793544306569, -678.7161121167884, -1364.9420439501955, 35.13870682696415]","[5569.917845401459, -617.2795482481752, -1351.5027956204394, 245.74625547445294]","[5232.04214649635, -555.842984379562, -1351.5027956204358, 245.74625547445248]","[4894.16644759124, -494.4064205109489, -1351.5027956204394, 245.74625547445248]","[4556.290748686131, -432.9698566423357, -1351.5027956204358, 245.74625547445294]","[4218.4150497810215, -371.5332927737226, -1351.5027956204394, 245.74625547445225]","[3879.896205, -293.86591, -1354.0753791240859, 310.66953109489054]"
108,People,"[3543.59216, -283.63835, 0, 0]","[3201.07599, -286.78124, -1370.0646800000013, -12.57156000000009]","[2870.59364, -281.16645, -1321.929399999999, 22.45916000000011]","[2516.71214, -306.84777, -1415.5259999999998, -102.72528000000011]","[2195.723, -413.96909, -1283.9565600000005, -428.4852799999999]","[1862.36192, -525.57748, -1333.4443199999996, -446.43356000000017]","[1523.13899, -593.95529, -1356.8917200000005, -273.5112399999998]","[1174.2022, -644.62807, -1395.74716, -202.69111999999996]","[829.09487, -741.28888, -1380.4293200000009, -386.6432400000002]","[479.85385, -843.2268, -1396.96408, -407.7516800000003]","[137.04708, -897.64381, -1371.2270800000001, -217.66804000000002]","[-224.7024, -935.57645, -1446.99792, -151.73055999999997]","[-581.94228, -1005.13236, -1428.9595199999999, -278.2236399999997]","[-943.92313, -1078.06336, -1447.9234000000001, -291.7240000000006]","[-1303.75283, -1078.45143, -1439.3187999999996, -1.5522799999998824]","[-1663.24828, -1049.55877, -1437.9818000000005, 115.57063999999991]"
109,People,"[-2024.9528, -1060.50803, 0, 0]","[-2391.84815, -1081.80725, -1467.5813999999991, -85.19688000000042]","[-2744.92527, -1059.30082, -1412.3084800000015, 90.02572000000055]","[-3099.88902, -1017.78448, -1419.8549999999996, 166.0653599999996]","[-3458.93122, -1010.39333, -1436.1687999999995, 29.564600000000155]","[-3824.95459, -1028.0354, -1464.0934799999995, -70.56827999999996]","[-4184.3112, -990.47718, -1437.426440000001, 150.23288000000002]","[-4515.95653, -923.63486, -1326.5813200000011, 267.3692799999999]","[-4854.64237, -876.29198, -1354.743359999998, 189.37152000000032]","[-5048.13639755535, -847.0286448247232, -773.9761102214034, 117.05334070110712]","[-5043.000937453874, -794.2383830627306, 20.541840405905532, 211.16104704797044]","[-5037.865477352399, -741.448121300738, 20.541840405901894, 211.16104704797044]","[-5032.730017250922, -688.6578595387454, 20.541840405905532, 211.16104704797044]","[-5027.594557149447, -635.8675977767527, 20.541840405901894, 211.16104704797044]","[-5022.45909704797, -583.0773360147601, 20.541840405905532, 211.16104704797044]","[-5017.323636946494, -530.2870742527675, 20.541840405905532, 211.16104704797044]"
110,People,"[-5012.1881768450185, -477.4968124907749, 0, 0]","[-5007.052716743542, -424.7065507287823, 20.541840405905532, 211.16104704797044]","[-5001.917256642067, -371.9162889667896, 20.541840405901894, 211.1610470479709]","[-4996.78179654059, -319.1260272047971, 20.541840405905532, 211.16104704797]","[-4991.646336439114, -266.3357654428045, 20.541840405905532, 211.16104704797044]","[-4986.510876337638, -213.54550368081172, 20.541840405901894, 211.161047047971]","[-4981.375416236162, -160.75524191881914, 20.541840405905532, 211.16104704797033]","[-4976.239956134687, -107.96498015682651, 20.541840405898256, 211.1610470479705]","[-4971.10449603321, -55.17471839483392, 20.541840405909188, 211.16104704797058]","[-4965.969035931735, -2.3844566328413066, 20.541840405901894, 211.16104704797044]","[-4960.833575830258, 50.4058051291513, 20.541840405905532, 211.1610470479704]","[-4955.698115728782, 103.19606689114391, 20.541840405905532, 211.16104704797047]","[-4950.562655627306, 155.98632865313664, 20.541840405901894, 211.1610470479709]","[-4945.42719552583, 208.77659041512916, 20.541840405905532, 211.1610470479701]","[-4940.291735424355, 261.56685217712186, 20.541840405901894, 211.16104704797078]","[-4935.156275322878, 314.3571139391144, 20.541840405905532, 211.16104704797021]"
111,People,"[-4930.020815221402, 367.1473757011071, 0, 0]","[-4924.885355119926, 419.9376374630996, 20.541840405901894, 211.16104704797]","[-4919.74989501845, 472.7278992250923, 20.541840405905532, 211.1610470479709]","[-4914.614434916975, 525.5181609870848, 20.541840405898256, 211.16104704797]","[-4909.478974815498, 578.3084227490775, 20.54184040590917, 211.1610470479709]","[-4904.343514714023, 631.09868451107, 20.541840405901894, 211.16104704797]","[-4899.208054612546, 683.8889462730627, 20.541840405905532, 211.1610470479709]","[-4894.07259451107, 736.6792080350552, 20.541840405905532, 211.16104704797]","[-4888.937134409594, 789.469469797048, 20.54184040590191, 211.1610470479711]","[-4883.801674308118, 842.2597315590405, 20.541840405905532, 211.16104704797]","[-4878.6662142066425, 895.0499933210332, 20.541840405901894, 211.1610470479709]","[-4873.530754105166, 947.840255083026, 20.541840405905532, 211.16104704797135]","[-4868.39529400369, 1000.6305168450184, 20.541840405905532, 211.16104704796953]","[-4863.259833902214, 1053.420778607011, 20.541840405901894, 211.16104704797044]","[-4858.124373800738, 1106.2110403690035, 20.541840405905532, 211.16104704797]","[-4852.988913699262, 1159.0013021309965, 20.541840405901894, 211.1610470479718]"
112,People,"[-4847.853453597786, 1211.791563892989, 0, 0]","[-4842.717993496311, 1264.5818256549817, 20.541840405901894, 211.1610470479709]","[-4837.582533394834, 1317.3720874169744, 20.541840405905532, 211.1610470479709]","[-4832.447073293358, 1370.162349178967, 20.541840405905532, 211.16104704797]","[-4805.42787, 1428.87766, 108.0768131734294, 234.8612432841328]","[-4530.36209, 1564.0811277777775, 1100.2631200000033, 540.8138711111096]","[-4236.260730666667, 1682.551328, 1176.405437333331, 473.88080088889]","[-3943.747164, 1775.984528, 1170.054266666668, 373.73279999999977]","[-3642.96626, 1858.43466, 1203.123616, 329.80052800000004]","[-3342.8864045312503, 1950.5083553125, 1200.3194218749995, 368.2947812500006]","[-3042.8065490625, 2042.582050625, 1200.3194218750014, 368.2947812499997]","[-2747.51639, 2113.20586, 1181.1606362500006, 282.49523750000026]","[-2437.11286, 2144.56264, 1241.6141199999984, 125.42712000000029]","[-2142.51041, 2213.40911, 1178.4098000000013, 275.3858799999998]","[-1856.23352, 2297.34477, 1145.1075599999995, 335.7426400000004]","[-1577.98151, 2339.7413, 1113.0080399999997, 169.58611999999994]"
113,People,"[-1291.97466, 2368.03741, 0, 0]","[-1019.50026, 2406.30986, 1089.8976000000002, 153.08979999999974]","[-756.04606, 2486.66637, 1053.8168, 321.4260400000003]","[-505.2696, 2583.45156, 1003.10584, 387.1407600000002]","[-285.87726, 2652.20113, 877.5693600000002, 274.9982799999998]","[-74.51316, 2764.07779, 845.4563999999999, 447.5066399999996]","[34.44162, 2924.31763, 435.81912, 640.9593600000007]","[39.65372, 3106.03206, 20.848399999999998, 726.85772]","[22.64171, 3278.87572, -68.04804000000006, 691.3746400000006]","[5.39065, 3367.80356, -69.00424, 355.71135999999933]","[17.58578, 3398.6585, 48.780519999999996, 123.41976000000068]","[29.66179, 3411.29496, 48.30404, 50.54584000000068]","[28.30035, 3406.93282, -5.445759999999993, -17.448560000000725]","[23.73149, 3400.86177, -18.275440000000003, -24.284200000000055]","[23.17025, 3399.03733, -2.244960000000006, -7.297759999999471]","[24.86696, 3394.49819, 6.786839999999998, -18.156560000001264]"
114,People,"[28.92822, 3392.53383, 0, 0]","[49.24369, 3397.85035, 81.26188, 21.26608000000124]","[85.4113, 3396.70574, 144.67043999999999, -4.578440000001137]","[165.12745, 3342.99962, 318.86460000000005, -214.8244799999993]","[262.20336, 3238.47194, 388.30363999999986, -418.1107200000006]","[344.26671, 3166.37789, 328.25340000000006, -288.3761999999988]","[422.50152, 3114.31978, 312.93924000000015, -208.2324400000016]","[501.79871, 3092.30083, 317.18876, -88.07579999999871]","[546.20246, 3030.94724, 177.61499999999995, -245.4143600000009]","[466.30485, 2915.93797, -319.59043999999994, -460.03708000000006]","[294.8095, 2756.90707, -685.9813999999999, -636.123599999999]","[80.05858, 2574.59504, -859.00368, -729.2481200000002]","[-183.40887, 2397.37513, -1053.8698, -708.879640000001]","[-487.42709, 2335.6538, -1216.0728800000002, -246.8853199999994]","[-828.20845, 2308.80681, -1363.1254399999998, -107.38796000000002]","[-1153.01394, 2245.42403, -1299.2219600000003, -253.53111999999965]"
115,People,"[-1497.29301, 2204.24905, 0, 0]","[-1832.89491, 2218.91749, -1342.4075999999995, 58.673759999999675]","[-2182.59843, 2225.77311, -1398.81408, 27.422480000001087]","[-2530.22616, 2173.21965, -1390.5109200000006, -210.21384000000035]","[-2884.87794, 2125.81251, -1418.6071199999988, -189.6285599999992]","[-3225.61894, 2141.97698, -1362.964, 64.65787999999884]","[-3583.01713, 2156.05558, -1429.5927600000014, 56.314400000001115]","[-3943.23561, 2095.07025, -1440.87392, -243.9413199999999]","[-4305.14272, 1999.34838, -1447.62844, -382.8874800000016]","[-4662.96397, 1953.92052, -1431.2849999999999, -181.71144000000004]","[-5025.24035, 1897.25647, -1449.105520000001, -226.65619999999944]","[-5363.429636181819, 1795.6898747272728, -1352.7571447272749, -406.2663810909089]","[-5676.749540727273, 1733.963492909091, -1253.2796181818157, -246.90552727272734]","[-5990.069445272728, 1672.237111090909, -1253.279618181823, -246.90552727272825]","[-6315.30839, 1644.67629, -1300.9557789090868, -110.24328436363521]","[-6599.01542, 1576.68995, -1134.8281199999983, -271.9453600000006]"
116,People,"[6991.37655, 2049.0203, 0, 0]","[6670.27779, 1960.5394, -1284.3950399999994, -353.923600000001]","[6277.99578, 1848.88949, -1569.1280399999996, -446.59963999999945]","[5913.30655, 1874.96252, -1458.7569199999998, 104.29212000000007]","[5580.7742, 1911.89352, -1330.1294000000016, 147.72400000000016]","[5202.430317368421, 1925.942884736842, -1513.3755305263148, 56.19745894736752]","[4816.0459, 1933.63223, -1545.5376694736842, 30.7573810526319]","[4477.92387, 1992.52762, -1352.4881200000018, 235.58156000000054]","[4081.00495, 2083.82505, -1587.6756799999998, 365.18971999999974]","[3698.16469, 2127.73661, -1531.3610399999998, 175.64624000000003]","[3313.05655, 2148.56604, -1540.432560000001, 83.31772000000092]","[2966.86715, 2197.00017, -1384.757599999999, 193.73651999999856]","[2663.19408, 2290.30528, -1214.6922799999993, 373.22044000000096]","[2332.55791, 2393.60894, -1322.5446800000009, 413.21464000000014]","[2021.41595, 2468.8861, -1244.5678399999997, 301.1086400000004]","[1657.16476, 2540.55856, -1457.0047600000007, 286.6898399999991]"
117,People,"[1367.2143, 2654.50646, 0, 0]","[1059.69293, 2823.71138, -1230.0854800000006, 676.8196800000005]","[740.74347, 2951.94929, -1275.7978399999997, 512.9516399999993]","[422.2283, 3014.05315, -1274.06068, 248.41544000000067]","[128.6221, 3074.4901, -1174.4248, 241.7477999999992]","[-80.70481, 3134.33367, -837.30764, 239.37428]","[-316.87889, 3297.986, -944.69632, 654.6093199999996]","[-586.61471, 3424.18429, -1078.9432799999997, 504.7931600000011]","[-759.22306, 3434.89962, -690.4334000000009, 42.86132000000001]","[-954.45087, 3360.21079, -780.9112399999999, -298.7553200000002]","[-1132.87362, 3248.16427, -713.6910000000003, -448.1860799999995]","[-1291.6945, 3098.98053, -635.28352, -596.7349600000016]","[-1405.13624, 2895.72403, -453.7669599999999, -813.0259999999998]","[-1351.97036, 2620.84812, 212.66352000000006, -1099.503639999999]","[-1199.49878, 2317.40539, 609.8863200000005, -1213.7709200000008]","[-1061.01712, 1991.66529, 553.9266399999997, -1302.9604]"
118,People,"[-913.88749, 1624.2757, 0, 0]","[-690.443, 1333.16383, 893.7779599999999, -1164.4474799999998]","[-401.72095, 1087.92315, 1154.8881999999999, -980.9627199999995]","[-111.01563, 853.79531, 1162.8212800000001, -936.5113600000004]","[176.5179, 610.0079, 1150.13412, -975.1496400000001]","[475.47638, 400.07622, 1195.83392, -839.7267199999999]","[806.40956, 237.16065, 1323.7327200000002, -651.6622799999999]","[1143.12733, 71.08281, 1346.87108, -664.31136]","[1439.07134, -125.60199, 1183.7760400000009, -786.7392000000007]","[1770.23954, -319.7009, 1324.6728000000003, -776.39564]","[2107.69509, -431.49335, 1349.8222000000005, -447.1698000000001]","[2442.92998, -542.7934, 1340.939559999999, -445.2002]","[2775.69741, -660.26431, 1331.0697200000013, -469.88364]","[3152.29482, -781.97076, 1506.3896399999994, -486.8258000000001]","[3505.96881, -815.69132, 1414.695959999999, -134.8822399999999]","[3890.05399, -806.71672, 1536.3407200000001, 35.89840000000004]"
119,People,"[4233.61812, -803.68685, 0, 0]","[4610.9832, -797.32266, 1509.4603199999983, 25.45676000000003]","[4949.52755, -746.51479, 1354.1774000000005, 203.23148000000037]","[5280.35892, -645.43442, 1323.3254799999995, 404.3214799999996]","[5609.0914, -549.20125, 1314.9299200000023, 384.93268000000035]","[5923.15024, -477.40445, 1256.2353599999988, 287.18719999999985]","[6222.17756, -397.30487, 1196.1092800000006, 320.39832]","[6459.17846, -270.52636, 948.0036, 507.11403999999993]","[6681.78262, -137.79393, 890.4166400000003, 530.9297200000005]","[6895.25111, -60.71616, 853.8739600000008, 308.31107999999995]","[7120.80053, -19.49661, 902.1976800000011, 164.8782]","[7320.02963, 46.26854, 796.9163999999982, 263.0606]","[7467.16888, 107.29364, 588.5570000000007, 244.10039999999998]","[7569.71465, 151.51211, 410.1830799999989, 176.87388000000004]","[7707.29257, 169.56708, 550.3116799999989, 72.21987999999999]","[7910.21052, 162.50496, 811.6718000000001, -28.248479999999972]"
120,People,"[8150.70484, 165.94781, 0, 0]","[8358.47852, 230.21573, 831.094720000001, 257.07168]","[8582.94592, 392.68679, 897.8695999999982, 649.8842399999999]","[8780.53575, 571.28346, 790.3593199999959, 714.3866800000001]","[8950.93797, 810.15335, 681.608880000007, 955.4795600000002]","[9078.99439, 1017.32573, 512.2256799999959, 828.6895199999999]","[9033.892553058013, 1023.477763244838, -180.40734776794852, 24.60813297935192]","[8918.062498731562, 978.4288856637168, -463.32021730580163, -180.19551032448499]","[8802.232444405112, 933.380008082596, -463.32021730580203, -180.19551032448334]","[8686.402390078661, 888.331130501475, -463.32021730580163, -180.19551032448408]","[8570.572335752211, 843.282252920354, -463.32021730580163, -180.19551032448362]","[8454.742281425762, 798.2333753392331, -463.32021730579436, -180.19551032448362]","[8338.912227099312, 753.1844977581122, -463.32021730580163, -180.19551032448362]","[8223.082172772862, 708.1356201769912, -463.32021730580163, -180.19551032448408]","[8107.25211844641, 663.0867425958702, -463.3202173058053, -180.19551032448408]","[7991.422064119961, 618.0378650147493, -463.320217305798, -180.19551032448362]"
121,People,"[7875.59200979351, 572.9889874336284, 0, 0]","[7759.76195546706, 527.9401098525074, -463.32021730580163, -180.19551032448408]","[7643.93190114061, 482.89123227138646, -463.32021730580163, -180.19551032448362]","[7528.101846814159, 437.8423546902656, -463.32021730580163, -180.1955103244834]","[7412.271792487709, 392.7934771091445, -463.32021730580163, -180.19551032448453]","[7296.441738161258, 347.7445995280236, -463.32021730580163, -180.1955103244834]","[7180.611683834808, 302.6957219469026, -463.32021730580163, -180.19551032448408]","[7064.781629508358, 257.6468443657817, -463.32021730580163, -180.19551032448362]","[6948.951575181907, 212.5979667846608, -463.32021730580203, -180.1955103244838]","[6833.121520855457, 167.54908920353978, -463.32021730580163, -180.19551032448408]","[6717.291466529006, 122.50021162241887, -463.32021730580163, -180.19551032448362]","[6601.461412202556, 77.45133404129797, -463.32021730580163, -180.19551032448362]","[6485.6313578761055, 32.40245646017695, -463.32021730580163, -180.19551032448408]","[6369.801303549655, -12.64642112094407, -463.32021730580163, -180.19551032448408]","[6253.971249223206, -57.695298702064974, -463.320217305798, -180.19551032448362]","[6138.141194896755, -102.74417628318588, -463.32021730580163, -180.19551032448362]"
122,People,"[6022.311140570305, -147.79305386430678, 0, 0]","[5906.481086243854, -192.8419314454277, -463.32021730580163, -180.19551032448362]","[5790.651031917404, -237.8908090265488, -463.32021730580163, -180.19551032448442]","[5674.820977590954, -282.9396866076697, -463.32021730580163, -180.19551032448373]","[5558.990923264504, -327.98856418879063, -463.320217305798, -180.19551032448362]","[5443.160868938054, -373.03744176991154, -463.32021730580163, -180.19551032448362]","[5327.330814611603, -418.0863193510325, -463.32021730580163, -180.19551032448385]","[5211.500760285153, -463.1351969321536, -463.32021730580163, -180.1955103244843]","[5095.670705958703, -508.1840745132745, -463.3202173057984, -180.1955103244838]","[4979.840651632252, -553.2329520943954, -463.3202173058053, -180.19551032448362]","[4864.010597305802, -598.2818296755163, -463.32021730580163, -180.19551032448362]","[4748.180542979351, -643.3307072566372, -463.32021730580163, -180.19551032448362]","[4632.350488652901, -688.3795848377583, -463.32021730580163, -180.19551032448453]","[4516.52043432645, -733.4284624188792, -463.32021730580163, -180.19551032448362]","[4400.69038, -778.47734, -463.32021730580163, -180.19551032448317]","[4045.82287, -825.35405, -1419.4700400000002, -187.50684]"
123,People,"[3690.12528, -913.97414, 0, 0]","[3328.53301, -1026.23082, -1446.3690800000004, -449.02671999999984]","[3008.28886, -1078.26537, -1280.9766, -208.13820000000032]","[2628.79033, -1095.35563, -1517.9941200000012, -68.36103999999978]","[2247.83695, -1158.67396, -1523.8135199999997, -253.27332000000024]","[1864.94465, -1251.10395, -1531.5692, -369.71995999999945]","[1494.52955, -1310.70828, -1481.6603999999998, -238.41732000000047]","[1150.16008, -1334.16958, -1377.4778799999995, -93.84519999999975]","[746.76277, -1373.66573, -1613.5892400000016, -157.98459999999992]","[363.43119, -1434.53442, -1533.3263200000001, -243.47476000000006]","[-37.23535, -1495.35411, -1602.66616, -243.27876000000015]","[-399.09043, -1496.41021, -1447.4203200000002, -4.22440000000006]","[-785.08053, -1494.5687, -1543.9603999999997, 7.3660399999998845]","[-1154.72805, -1542.55934, -1478.59008, -191.96255999999994]","[-1528.62922, -1606.1672, -1495.6046800000004, -254.4314400000003]","[-1866.04278, -1598.93956, -1349.6542399999998, 28.91056000000026]"
124,People,"[-2236.49227, -1558.18115, 0, 0]","[-2604.07335, -1542.22515, -1470.3243199999997, 63.823999999999614]","[-2995.63425, -1551.0154, -1566.2435999999998, -35.16100000000006]","[-3413.41793, -1509.24435, -1671.13472, 167.08420000000024]","[-3779.00168, -1426.12493, -1462.3349999999991, 332.47767999999996]","[-4160.03282, -1352.36741, -1524.124560000002, 295.03007999999954]","[-4414.374304337079, -1292.9872599101122, -1017.3659373483133, 237.52060035955128]","[-4627.33554647191, -1220.0836486741573, -851.8449685393243, 291.61444494381976]","[-4840.296788606741, -1147.180037438202, -851.8449685393251, 291.61444494382187]","[-5053.258030741573, -1074.2764262022472, -851.844968539328, 291.61444494381885]","[-5266.219272876404, -1001.372814966292, -851.8449685393243, 291.6144449438207]","[-5479.180515011236, -928.4692037303372, -851.844968539328, 291.6144449438193]","[-5692.141757146067, -855.5655924943819, -851.8449685393243, 291.6144449438211]","[-5905.102999280898, -782.661981258427, -851.8449685393243, 291.61444494381976]","[-6118.06424141573, -709.7583700224719, -851.844968539328, 291.6144449438202]","[-6331.025483550562, -636.8547587865168, -851.844968539328, 291.6144449438207]"
125,People,"[-6543.986725685393, -563.9511475505617, 0, 0]","[-6756.947967820224, -491.04753631460665, -851.8449685393243, 291.6144449438202]","[-6969.909209955056, -418.1439250786516, -851.844968539328, 291.6144449438202]","[-7182.870452089887, -345.24031384269654, -851.8449685393243, 291.6144449438202]","[-7395.831694224718, -272.3367026067415, -851.8449685393243, 291.6144449438202]","[-7608.79293635955, -199.4330913707865, -851.844968539328, 291.6144449438199]","[-7821.754178494382, -126.52948013483136, -851.844968539328, 291.6144449438206]","[-8034.715420629213, -53.62586889887643, -851.8449685393243, 291.6144449438197]","[-8014.95234, -49.83332, 79.05232251685455, 15.170195595505746]","[-7939.26135, -30.56296, 302.7639600000002, 77.08144]","[-7916.00458, 41.4489, 93.02707999999984, 288.04744]","[-7950.22366, 134.93526, -136.8763199999994, 373.94543999999996]","[-7967.03966, 184.44353, -67.26400000000285, 198.03308000000004]","[-7958.08612, 194.37193, 35.81416000000172, 39.71359999999993]","[-7934.27436, 181.17762, 95.24703999999838, -52.777240000000006]","[-7879.12248, 139.59229, 220.6075200000014, -166.34132]"
126,People,"[-7843.88175, 110.78688, 0, 0]","[-7820.4429, 96.88423, 93.75539999999819, -55.61059999999998]","[-7717.174988383084, 84.95238241293532, 413.0716464676625, -47.72739034825872]","[-7565.052868358209, 71.87716537313433, 608.4884800995023, -52.30086815920396]","[-7412.930748333333, 58.80194833333334, 608.4884800995023, -52.30086815920396]","[-7260.808628308458, 45.726731293532346, 608.4884800995023, -52.300868159203986]","[-7108.686508283582, 32.65151425373136, 608.4884800995023, -52.30086815920396]","[-6956.5643882587065, 19.57629721393036, 608.4884800995023, -52.300868159203986]","[-6804.442268233831, 6.50108017412937, 608.4884800995029, -52.30086815920401]","[-6652.320148208955, -6.574136865671633, 608.4884800995023, -52.300868159204015]","[-6500.19802818408, -19.649353905472623, 608.4884800995023, -52.30086815920396]","[-6348.075908159204, -32.72457094527361, 608.4884800995023, -52.30086815920396]","[-6195.9537881343285, -45.799787985074616, 608.4884800995023, -52.300868159204015]","[-6043.831668109453, -58.87500502487559, 608.4884800995023, -52.3008681592039]","[-5891.709548084577, -71.9502220646766, 608.4884800995023, -52.300868159204015]","[-5739.587428059702, -85.0254391044776, 608.4884800995023, -52.300868159204015]"
127,People,"[-5587.465308034825, -98.10065614427856, 0, 0]","[-5435.343188009951, -111.17587318407958, 608.4884800994987, -52.30086815920407]","[-5194.72041, -158.30917, 962.4911120398028, -188.53318726368167]","[-4862.8396, -212.28102, 1327.5232399999986, -215.88740000000007]","[-4554.59266, -141.75587, 1232.98776, 282.1006000000001]","[-4228.52227, 15.99647, 1304.2815599999994, 631.0093599999999]","[-3918.55179, 186.34743, 1239.8819200000016, 681.4038400000001]","[-3574.12525, 408.24214, 1377.7061599999997, 887.57884]","[-3326.41857, 695.59508, 990.8267200000018, 1149.411760000001]","[-3105.59523, 1031.17495, 883.2933599999997, 1342.31948]","[-2844.09511, 1374.54509, 1046.0004799999988, 1373.48056]","[-2571.17879, 1651.0326, 1091.665280000001, 1105.9500399999997]","[-2290.10532, 1923.68072, 1124.2938799999993, 1090.5924800000003]","[-2043.62967, 2221.14356, 985.9026000000003, 1189.8513599999997]","[-1759.82057, 2479.55375, 1135.2363999999998, 1033.6407600000002]","[-1477.44217, 2638.82549, 1129.5136000000002, 637.0869600000005]"
128,People,"[-1134.78088, 2782.38946, 0, 0]","[-889.04433, 2920.50049, 982.9462000000003, 552.4441200000001]","[-640.06974, 3074.57525, 995.8983599999997, 616.2990399999999]","[-554.10757, 3198.762, 343.84868000000006, 496.7470000000012]","[-580.33069, 3307.42394, -104.89247999999998, 434.64775999999983]","[-614.85419, 3370.54247, -138.09400000000005, 252.47411999999895]","[-519.42595, 3359.85286, 381.7129600000003, -42.75843999999961]","[-437.11072, 3400.13425, 329.2609199999997, 161.1255600000004]","[-410.37662, 3419.26737, 106.93640000000015, 76.53247999999992]","[-416.87905, 3423.04447, -26.009720000000016, 15.108399999999165]","[-451.81039, 3438.74626, -139.7253599999999, 62.807160000000295]","[-534.67659, 3487.71585, -331.4648000000002, 195.8783600000006]","[-568.37436, 3503.13522, -134.79107999999997, 61.67748000000029]","[-585.43084, 3517.56225, -68.22591999999986, 57.708119999999326]","[-582.04005, 3533.41091, 13.563160000000153, 63.394640000000436]","[-568.79976, 3526.48231, 52.961159999999836, -27.71440000000075]"
129,People,"[-562.56488, 3524.09597, 0, 0]","[-560.6629, 3518.40462, 7.607919999999922, -22.765400000000227]","[-560.85404, 3512.87253, -0.7645600000000741, -22.128359999998793]","[-563.08593, 3502.62085, -8.92755999999963, -41.00672000000122]","[-563.18564, 3499.06268, -0.3988400000002912, -14.232679999999164]","[-552.60624, 3497.80982, 42.31760000000031, -5.011440000000221]","[-531.31848, 3471.95224, 85.15103999999974, -103.43031999999948]","[-539.80474, 3451.03731, -33.94504000000006, -83.65971999999965]","[-551.06046, 3408.14412, -45.02288000000003, -171.57276000000107]","[-660.82477, 3341.97053, -439.05723999999964, -264.6943599999995]","[-917.9139, 3256.63787, -1028.3565200000003, -341.33064000000013]","[-1121.84251, 3131.68956, -815.7144399999997, -499.7932400000009]","[-1241.04901, 2978.86816, -476.826, -611.2855999999992]","[-1422.2068, 2719.33852, -724.6311599999999, -1038.1185600000008]","[-1636.74993, 2513.49191, -858.1725200000001, -823.3864399999984]","[-1923.79156, 2314.18794, -1148.1665199999998, -797.2158800000016]"
130,People,"[-2200.33806, 2112.144, 0, 0]","[-2413.18864, 1855.02235, -851.4023199999992, -1028.4865999999993]","[-2638.34512, 1529.74749, -900.6259200000004, -1301.09944]","[-2863.16987, 1275.83995, -899.2990000000009, -1015.6301599999997]","[-3112.0627, 1000.01328, -995.5713199999991, -1103.3066800000001]","[-3296.40933, 667.7421, -737.38652, -1329.0847199999998]","[-3457.47486, 310.9034, -644.2621199999994, -1427.3548000000003]","[-3645.69219, 5.51844, -752.8693200000016, -1221.53984]","[-3867.8233, -280.7112, -888.52444, -1144.918560000001]","[-4107.57683, -591.68572, -959.0141199999998, -1243.8980799999997]","[-4309.0244, -916.61028, -805.7902800000011, -1299.6982400000002]","[-4547.01799, -1232.52022, -951.9743600000002, -1263.6397600000005]","[-4827.94065, -1457.9503, -1123.690639999997, -901.7203199999994]","[-5119.62937, -1674.36196, -1166.7548800000004, -865.6466399999999]","[-5384.89611, -1922.13028, -1061.06696, -991.0732800000005]","[-5670.04584, -2205.55624, -1140.5989200000004, -1133.7038399999992]"
131,People,"[-5977.96342, -2379.27114, 0, 0]","[-6258.323510322581, -2494.8385951612904, -1121.4403612903225, -462.2698206451623]","[-6472.487993880597, -2631.007594477612, -856.6579342320656, -544.6759972652872]","[-6627.482251343284, -2797.484314626866, -619.9770298507465, -665.9068805970146]","[-6782.47650880597, -2963.9610347761195, -619.9770298507465, -665.9068805970146]","[-6813.16804, -3111.73431, -122.76612477611707, -591.0931008955213]","[-6756.93005, -3218.63178, 224.9519599999985, -427.58988000000136]","[-6726.90721, -3276.28688, 120.09135999999853, -230.6203999999998]","[-6744.78306, -3311.87494, -71.50339999999784, -142.35224000000028]","[-6761.13742, -3323.40372, -65.41744000000108, -46.11511999999857]","[-6786.24465, -3326.56633, -100.42891999999847, -12.650440000001254]","[-6805.00163, -3323.68723, -75.02792000000045, 11.51640000000043]","[-6812.19866, -3327.9665, -28.788120000001072, -17.117079999999987]","[-6812.40158, -3321.59732, -0.8116799999988871, 25.47672000000057]","[-6814.25775, -3316.45521, -7.42468000000008, 20.5684399999991]","[-6813.94137, -3314.3802, 1.2655200000008335, 8.300040000000081]"
132,People,"[-6811.04122, -3312.31663, 0, 0]","[-6808.49545, -3311.81669, 10.183079999998881, 1.999759999998787]","[-6812.61265, -3313.15845, -16.468799999998737, -5.367039999999179]","[-6827.50496, -3311.07626, -59.56924000000072, 8.32876000000033]","[-6859.01475, -3293.24468, -126.03916000000027, 71.32632000000012]","[-6900.83686, -3226.24027, -167.28844000000026, 268.01764000000003]","[-6930.14871, -3113.62509, -117.2474000000002, 450.4607199999991]","[-6881.85553, -2975.08611, 193.1727200000023, 554.1559199999992]","[-6707.77992, -2853.99466, 696.30244, 484.36580000000185]","[-6417.29758, -2706.82713, 1161.9293599999983, 588.6701199999989]","[-6180.14529, -2525.13162, 948.60916, 726.78204]","[-5935.62419, -2269.10214, 978.0843999999997, 1024.1179200000006]","[-5684.35095, -2084.88152, 1005.0929600000018, 736.8824800000002]","[-5371.93242, -1924.71266, 1249.6741199999997, 640.67544]","[-5034.85288, -1756.06361, 1348.318159999999, 674.5962]","[-4692.45197, -1565.71348, 1369.6036400000012, 761.4005200000001]"
133,People,"[-4329.69935, -1374.24847, 0, 0]","[-3975.83981, -1259.23763, 1415.4381599999997, 460.04335999999967]","[-3558.95296, -1143.22477, 1667.5473999999995, 464.0514400000002]","[-3207.92103, -1002.8727, 1404.1277200000004, 561.4082800000001]","[-2807.14424, -846.43824, 1603.1071599999996, 625.7378400000002]","[-2488.56097, -794.06009, 1274.3330800000003, 209.51260000000002]","[-2117.75761, -739.91713, 1483.2134399999995, 216.5718399999996]","[-1747.45598, -642.61494, 1481.2065200000006, 389.20876]","[-1355.40993, -516.34315, 1568.184200000001, 505.0871600000005]","[-951.63532, -428.36789, 1615.0984400000002, 351.9010400000002]","[-564.86744, -392.48881, 1547.07152, 143.51631999999995]","[-151.20733, -357.68453, 1654.64044, 139.21712000000002]","[224.60509, -288.67891, 1503.24968, 276.0224800000001]","[616.25242, -237.85777, 1566.58932, 203.28455999999994]","[981.50795, -246.79972, 1461.02212, -35.76780000000008]","[1395.34608, -268.39034, 1655.35252, -86.36247999999989]"
134,People,"[1761.8726, -247.22554, 0, 0]","[2150.99578, -204.95409, 1556.492720000001, 169.08579999999995]","[2525.35512, -214.50843, 1497.43736, -38.217359999999985]","[2945.31403, -255.86743, 1679.8356399999993, -165.43600000000004]","[3351.61573, -270.33991, 1625.2068, -57.88991999999985]","[3752.57893, -248.43948, 1603.8528000000006, 87.60171999999989]","[4145.06424, -272.97846, 1569.9412399999983, -98.15591999999992]","[4505.9869, -343.19705, 1443.6906400000007, -280.87436]","[4884.67842, -401.22101, 1514.7660800000026, -232.09584000000015]","[5246.987051020408, -414.6616451020408, 1449.2345240816321, -53.762540408163204]","[5619.676744897959, -451.4409894897959, 1490.7587755102031, -147.11737755102058]","[5992.366438775511, -488.2203338775511, 1490.7587755102068, -147.1173775510208]","[6365.0561326530615, -524.9996782653061, 1490.7587755102031, -147.1173775510199]","[6731.63246, -553.50761, 1466.3053093877534, -114.03172693877559]","[7099.08349, -530.11557, 1469.8041200000007, 93.5681599999998]","[7434.51273, -524.12007, 1341.7169600000016, 23.98199999999997]"
135,People,"[7766.64792, -529.19043, 0, 0]","[8073.44822, -487.2524, 1227.2011999999995, 167.75211999999988]","[8306.08243, -380.82889, 930.5368400000007, 425.6940400000001]","[8483.88407, -269.15011, 711.2065599999987, 446.71512000000007]","[8614.801266024915, -243.4352183352208, 523.6687840996601, 102.8595666591167]","[8587.896909852774, -201.48724438278597, -107.61742468856391, 167.79189580973934]","[8560.992553680633, -159.53927043035105, -107.61742468856391, 167.79189580973969]","[8534.088197508494, -117.59129647791616, -107.61742468855664, 167.79189580973957]","[8507.183841336353, -75.64332252548127, -107.61742468856401, 167.7918958097397]","[8480.279485164212, -33.6953485730464, -107.61742468856391, 167.79189580973946]","[8453.375128992073, 8.252625379388519, -107.61742468855664, 167.79189580973969]","[8426.470772819932, 50.20059933182336, -107.61742468856391, 167.79189580973937]","[8399.56641664779, 92.14857328425823, -107.61742468856391, 167.7918958097395]","[8372.66206047565, 134.09654723669314, -107.61742468856391, 167.79189580973963]","[8345.75770430351, 176.04452118912803, -107.61742468855664, 167.79189580973957]","[8318.85334813137, 217.99249514156293, -107.61742468856391, 167.79189580973957]"
136,People,"[8291.948991959229, 259.94046909399776, 0, 0]","[8265.04463578709, 301.8884430464327, -107.61742468855664, 167.7918958097398]","[8238.140279614949, 343.83641699886755, -107.61742468856391, 167.79189580973934]","[8211.235923442808, 385.7843909513025, -107.61742468856391, 167.7918958097398]","[8184.331567270668, 427.7323649037373, -107.61742468856028, 167.79189580973912]","[8157.427211098528, 469.6803388561723, -107.61742468856028, 167.79189580974003]","[8130.5228549263875, 511.6283128086071, -107.61742468856028, 167.79189580973934]","[8103.6184987542465, 553.576286761042, -107.61742468856391, 167.79189580973934]","[8076.714142582106, 595.5242607134769, -107.61742468856038, 167.79189580973994]","[8049.809786409965, 637.4722346659117, -107.61742468856391, 167.79189580973934]","[8022.905430237825, 679.4202086183467, -107.61742468856028, 167.7918958097398]","[7996.001074065685, 721.3681825707815, -107.61742468856028, 167.79189580973934]","[7969.096717893544, 763.3161565232165, -107.61742468856391, 167.7918958097398]","[7942.192361721404, 805.2641304756513, -107.61742468856028, 167.79189580973934]","[7915.288005549264, 847.2121044280863, -107.61742468856028, 167.7918958097398]","[7888.383649377123, 889.1600783805212, -107.61742468856391, 167.7918958097398]"
137,People,"[7861.479293204983, 931.108052332956, 0, 0]","[7834.574937032842, 973.0560262853908, -107.61742468856391, 167.7918958097389]","[7807.670580860702, 1015.0040002378258, -107.61742468856028, 167.79189580974025]","[7780.766224688561, 1056.9519741902604, -107.61742468856391, 167.79189580973843]","[7753.861868516421, 1098.8999481426954, -107.61742468856028, 167.7918958097398]","[7726.957512344281, 1140.8479220951303, -107.61742468856028, 167.7918958097398]","[7700.05315617214, 1182.7958960475653, -107.61742468856391, 167.7918958097398]","[7673.1488, 1224.74387, -107.61742468856028, 167.7918958097389]","[7329.20703, 1196.72011, -1375.7670800000026, -112.09504000000025]","[6968.7286, 1093.28451, -1441.9137199999968, -413.7424000000001]","[6662.976787777778, 1002.5755577777778, -1223.007248888891, -362.83580888888855]","[6318.70968, 896.57259, -1377.0684311111108, -424.0118711111113]","[6015.65272, 677.30433, -1212.2278399999996, -877.0730399999998]","[5706.829619, 426.378277, -1235.2924039999998, -1003.7042120000001]","[5370.6605165, 242.9022695, -1344.67641, -733.9040300000001]","[5034.491414, 59.42626199999995, -1344.67641, -733.9040300000001]"
138,People,"[4698.3223115, -124.04974550000009, 0, 0]","[4337.05639, -301.2294, -1445.0636860000013, -708.7186179999997]","[3908.81159, -403.10032, -1712.9791999999998, -407.48368000000005]","[3481.21511, -425.4175, -1710.3859199999988, -89.26872000000003]","[3074.25416, -455.39396, -1627.8438000000006, -119.9058399999999]","[2720.99501, -532.5048, -1413.0365999999995, -308.4433600000002]","[2327.88873, -630.38411, -1572.4251199999999, -391.5172399999997]","[1963.64997, -640.18777, -1456.9550400000007, -39.214640000000145]","[1497.59883, -615.82291, -1864.2045600000017, 97.45944000000017]","[1084.90281, -646.26071, -1650.7840799999994, -121.75120000000015]","[700.75126, -733.96316, -1536.6062000000002, -350.8098]","[380.83933, -815.06616, -1279.64772, -324.4119999999998]","[31.71383, -840.09575, -1396.502, -100.11835999999994]","[-357.82954, -851.45829, -1558.17348, -45.450160000000324]","[-741.96479, -902.18476, -1536.541, -202.9058799999998]","[-1148.30067, -906.71526, -1625.3435200000004, -18.121999999999844]"
139,People,"[-1563.42492, -875.61519, 0, 0]","[-2069.43158, -806.69502, -2024.02664, 275.68067999999994]","[-2559.69016, -805.59857, -1961.0343200000007, 4.3858000000000175]","[-2926.18741, -800.68134, -1465.9889999999996, 19.66892000000007]","[-3235.47897, -757.91717, -1237.1662400000005, 171.0566799999997]","[-3619.04077, -699.72243, -1534.2471999999998, 232.7789600000001]","[-3992.8829, -697.66819, -1495.36852, 8.2169600000002]","[-4401.74232, -705.15086, -1635.437680000001, -29.93067999999994]","[-4757.33165, -650.50255, -1422.3573200000005, 218.5932399999999]","[-5073.901886557377, -585.3005941639344, -1266.2809462295081, 260.8078233442625]","[-5267.914157049181, -522.4908884262295, -776.0490819672159, 251.23882295081967]","[-5461.926427540984, -459.68118268852464, -776.0490819672123, 251.23882295081944]","[-5655.938698032787, -396.87147695081967, -776.0490819672123, 251.2388229508199]","[-5849.95096852459, -334.06177121311475, -776.0490819672123, 251.23882295081967]","[-6043.963239016393, -271.25206547540984, -776.0490819672123, 251.23882295081967]","[-6237.975509508197, -208.4423597377049, -776.0490819672159, 251.23882295081978]"
140,People,"[-6431.98778, -145.632654, 0, 0]","[-6626.000050491803, -82.82294826229509, -776.0490819672123, 251.23882295081967]","[-6820.012320983607, -20.01324252459017, -776.0490819672159, 251.23882295081967]","[-7014.0245914754105, 42.79646321311475, -776.0490819672123, 251.23882295081967]","[-7208.036861967214, 105.60616895081968, -776.0490819672123, 251.23882295081972]","[-7380.61247, 160.04677, -690.3024321311459, 217.76240419672132]","[-7335.26889, 166.84808, 181.374319999999, 27.205240000000003]","[-7193.26244, 168.14404, 568.0257999999994, 5.183839999999918]","[-7026.42048, 141.13214, 667.3678400000032, -108.04760000000009]","[-6852.01965, 156.67649, 697.6033199999983, 62.177400000000034]","[-6613.32136, 215.49989, 954.7931600000011, 235.29359999999997]","[-6363.87811, 278.18464, 997.773000000001, 250.73900000000003]","[-6091.48434, 299.10215, 1089.5750799999987, 83.67003999999997]","[-5785.45115, 325.66021, 1224.1327600000004, 106.23224000000005]","[-5516.81486, 418.55521, 1074.5451599999978, 371.5799999999999]","[-5220.8938, 566.96177, 1183.6842400000023, 593.62624]"
141,People,"[-4919.10206, 651.13461, 0, 0]","[-4559.91982, 715.72793, 1436.7289600000004, 258.37328000000025]","[-4200.23269, 797.52641, 1438.748520000001, 327.19392000000016]","[-3847.61615, 923.74648, 1410.46616, 504.88027999999986]","[-3479.5432, 1044.10919, 1472.291799999999, 481.4508399999995]","[-3124.80423, 1114.41013, 1418.9558799999995, 281.20376000000033]","[-2773.86816, 1191.15623, 1403.7442800000008, 306.9844000000003]","[-2483.31171, 1328.89799, 1162.2258000000002, 550.9670399999995]","[-2180.04808, 1531.8906, 1213.0545200000008, 811.9704400000007]","[-1887.2159, 1685.96347, 1171.3287200000004, 616.2914799999999]","[-1603.19901, 1820.37227, 1136.0675599999995, 537.6352000000006]","[-1408.951, 1996.58856, 776.9920400000001, 704.8651599999994]","[-1275.2461, 2229.24863, 534.8195999999998, 930.6402800000005]","[-1164.06323, 2436.12876, 444.7314800000004, 827.52052]","[-1039.47697, 2603.79275, 498.34504000000015, 670.65596]","[-911.11486, 2731.73258, 513.4484399999997, 511.7593199999992]"
142,People,"[-854.93879, 2816.48582, 0, 0]","[-836.24688, 2848.74849, 74.76764000000003, 129.05068000000028]","[-820.03157, 2808.5249, 64.86124000000018, -160.89436000000023]","[-806.62966, 2742.06925, 53.607640000000174, -265.8225999999995]","[-779.49162, 2687.10615, 108.55215999999973, -219.85239999999976]","[-742.36016, 2664.93456, 148.52584000000024, -88.6863599999997]","[-701.80284, 2628.36177, 162.22928000000002, -146.29116000000067]","[-645.65067, 2581.16674, 224.60867999999982, -188.78011999999944]","[-523.89052, 2506.87743, 487.04060000000027, -297.15724000000074]","[-425.48567, 2479.19708, 393.61940000000004, -110.72140000000036]","[-410.25914, 2454.11135, 60.9061200000001, -100.34291999999914]","[-444.4853, 2442.88, -136.90463999999997, -44.92540000000008]","[-492.83208, 2399.29639, -193.3871200000001, -174.33444000000054]","[-578.51697, 2414.86429, -342.73956, 62.271600000000035]","[-690.44285, 2435.42527, -447.70352, 82.2439200000008]","[-722.00656, 2412.48613, -126.25484000000006, -91.75656000000163]"
143,People,"[-713.1381, 2389.86662, 0, 0]","[-700.94223, 2378.17878, 48.783480000000054, -46.751359999998385]","[-696.04107, 2357.18132, 19.604640000000018, -83.98984000000019]","[-695.72202, 2345.75038, 1.2761999999997897, -45.723760000000766]","[-694.88803, 2338.09277, 3.335960000000341, -30.630439999999]","[-687.978, 2331.96368, 27.640120000000024, -24.51636000000144]","[-685.8701, 2327.75524, 8.43159999999989, -16.83375999999953]","[-681.42607, 2328.29298, 17.77611999999999, 2.1509600000008504]","[-652.73073, 2326.75115, 114.78136000000005, -6.167320000000478]","[-589.5195, 2364.02956, 252.84492, 149.11363999999958]","[-538.56342, 2450.81046, 203.82432000000017, 347.1236000000008]","[-544.54304, 2630.81572, -23.918480000000272, 720.0210399999996]","[-562.94312, 2773.00409, -73.60032000000001, 568.7534799999994]","[-531.28639, 2929.33856, 126.62692000000015, 625.337880000001]","[-491.86289, 3170.70512, 157.69399999999996, 965.4662399999997]","[-496.50029, 3291.60928, -18.549600000000055, 483.6166400000002]"
144,People,"[-484.90193, 3313.041, 0, 0]","[-514.70776, 3333.01847, -119.22332000000006, 79.90987999999925]","[-508.83552, 3305.63581, 23.488960000000134, -109.53063999999904]","[-488.21271, 3242.58542, 82.49123999999983, -252.20156000000134]","[-419.26226, 3115.29292, 275.80179999999996, -509.1700000000001]","[-279.92625, 2977.2642, 557.3440400000002, -552.1148799999992]","[-203.69536, 2756.62711, 304.92355999999995, -882.5483600000007]","[-192.16009, 2517.66225, 46.14107999999999, -955.8594400000002]","[-170.54541, 2310.58793, 86.45872000000004, -828.2972799999995]","[-144.56164, 2110.47603, 103.93507999999997, -800.4476000000013]","[-197.75078, 1965.66962, -212.75655999999992, -579.2256399999997]","[-271.68035, 1862.78433, -295.71827999999994, -411.54115999999976]","[-396.58448, 1792.27027, -499.61652000000004, -282.0562399999999]","[-577.22405, 1718.43853, -722.5582800000002, -295.3269600000003]","[-791.47207, 1607.00259, -856.99208, -445.7437599999994]","[-979.52501, 1551.33638, -752.2117599999997, -222.66484000000037]"
145,People,"[-1200.94631, 1530.65215, 0, 0]","[-1465.22975, 1526.56217, -1057.1337599999997, -16.359919999999875]","[-1729.92437, 1488.68591, -1058.77848, -151.50504]","[-2048.1964, 1420.89839, -1273.0881199999994, -271.15007999999943]","[-2367.26113, 1412.68448, -1276.2589200000002, -32.855640000000676]","[-2704.14856, 1432.16766, -1347.549720000001, 77.9327200000007]","[-2993.48143, 1399.12533, -1157.331479999999, -132.16931999999997]","[-3284.88075, 1300.42955, -1165.59728, -394.78312000000005]","[-3597.45055, 1202.90527, -1250.279200000002, -390.0971200000007]","[-3904.18049, 1199.98384, -1226.9197600000007, -11.685719999999492]","[-4242.5687, 1219.2751, -1353.5528399999985, 77.16503999999986]","[-4598.75907, 1172.75019, -1424.761480000001, -186.09964000000036]","[-5123.21408, 1052.17714, -2097.8200399999987, -482.29219999999987]","[-5467.84099, 1015.22322, -1378.5076399999998, -147.81568000000016]","[-5725.843915, 982.45426, -1032.0117000000027, -131.07583999999997]","[-5929.98547, 924.43699, -816.566219999997, -232.06907999999976]"
146,People,"[-6161.226664, 801.2293619999999, 0, 0]","[-6408.1353, 660.47139, -987.6345440000005, -563.0318879999995]","[-6634.54797, 581.80783, -905.6506799999988, -314.6542400000003]","[-6858.39516, 500.49101, -895.3887600000016, -325.2672799999998]","[-7037.49992, 378.11243, -716.4190400000007, -489.51432]","[-7171.93008, 238.4977, -537.7206399999995, -558.45892]","[-7313.94894, 182.34717, -568.0754400000005, -224.60212]","[-7460.82779, 227.69238, -587.5154000000002, 181.38084000000003]","[-7619.47106, 304.7194, -634.5730799999989, 308.10808000000026]","[-7689.66185, 361.63928, -280.76316000000224, 227.6795199999999]","[-7637.33712, 484.491782, 209.2989200000011, 491.41000800000006]","[-7597.145140840335, 555.9027952581033, 160.7679166386588, 285.64405303241324]","[-7516.254365630252, 595.1392232292917, 323.5631008403325, 156.94571188475356]","[-7435.363590420168, 634.3756512004802, 323.5631008403361, 156.94571188475402]","[-7354.472815210084, 673.6120791716687, 323.5631008403361, 156.94571188475402]","[-7273.58204, 712.8485071428572, 323.5631008403361, 156.94571188475402]"
147,People,"[-7192.691264789916, 752.0849351140457, 0, 0]","[-7111.800489579832, 791.3213630852341, 323.5631008403361, 156.94571188475356]","[-7030.909714369748, 830.5577910564226, 323.5631008403361, 156.94571188475402]","[-6950.018939159664, 869.794219027611, 323.5631008403361, 156.94571188475356]","[-6869.12816394958, 909.0306469987996, 323.5631008403361, 156.94571188475447]","[-6788.237388739496, 948.267074969988, 323.5631008403361, 156.94571188475356]","[-6707.346613529412, 987.5035029411764, 323.5631008403361, 156.94571188475356]","[-6626.455838319328, 1026.739930912365, 323.5631008403361, 156.94571188475447]","[-6545.565063109244, 1065.9763588835535, 323.5631008403364, 156.94571188475416]","[-6464.67428789916, 1105.2127868547418, 323.5631008403361, 156.9457118847531]","[-6383.783512689076, 1144.4492148259303, 323.5631008403361, 156.94571188475402]","[-6302.892737478992, 1183.6856427971188, 323.5631008403361, 156.94571188475402]","[-6222.001962268908, 1222.922070768307, 323.5631008403361, 156.9457118847531]","[-6141.111187058824, 1262.1584987394958, 323.5631008403361, 156.94571188475493]","[-6060.22041184874, 1301.3949267106843, 323.5631008403361, 156.94571188475402]","[-5979.329636638656, 1340.6313546818728, 323.5631008403361, 156.94571188475402]"
148,People,"[-5898.438861428572, 1379.867782653061, 0, 0]","[-5817.548086218488, 1419.1042106242498, 323.5631008403361, 156.94571188475493]","[-5736.657311008404, 1458.340638595438, 323.5631008403361, 156.9457118847522]","[-5655.76653579832, 1497.5770665666269, 323.5631008403361, 156.94571188475584]","[-5574.875760588236, 1536.8134945378151, 323.5631008403361, 156.9457118847531]","[-5493.984985378152, 1576.0499225090036, 323.5631008403361, 156.94571188475402]","[-5413.094210168068, 1615.286350480192, 323.5631008403361, 156.9457118847531]","[-5332.203434957984, 1654.5227784513806, 323.5631008403325, 156.94571188475493]","[-5251.3126597479, 1693.7592064225692, 323.5631008403364, 156.94571188475416]","[-5170.421884537816, 1732.9956343937577, 323.5631008403361, 156.94571188475402]","[-5089.531109327731, 1772.232062364946, 323.56310084033976, 156.9457118847531]","[-5008.640334117647, 1811.4684903361344, 323.5631008403361, 156.94571188475402]","[-4853.7081, 1877.20127, 619.7289364705903, 262.93111865546234]","[-4536.581436666666, 1985.59153, 1268.5066533333338, 433.5610399999996]","[-4220.405208461538, 2122.5890804395603, 1264.7049128205144, 547.9902017582417]","[-3898.7766315384615, 2258.525530989011, 1286.514307692305, 543.7458021978018]"
149,People,"[-3577.1480546153844, 2394.4619815384617, 0, 0]","[-3247.09172, 2526.18291, 1320.2253384615378, 526.8837138461531]","[-2911.364184078948, 2645.202547236842, 1342.9101436842084, 476.0785489473674]","[-2578.896391315789, 2764.749543947368, 1329.871171052635, 478.1879868421038]","[-2246.4285985526312, 2884.296540657894, 1329.8711710526313, 478.1879868421056]","[-1939.29853, 2928.42326, 1228.5202742105248, 176.50687736842337]","[-1599.75195, 2933.67969, 1358.1863199999998, 21.025719999999637]","[-1232.98909, 2954.01259, 1467.0514400000002, 81.33159999999953]","[-866.17376, 2942.0538, 1467.2613200000014, -47.835159999998766]","[-565.73793, 2868.47517, 1201.74332, -294.3145199999999]","[-260.60923, 2790.00447, 1220.5148, -313.8828000000012]","[35.68554, 2740.13588, 1185.17908, -199.47436000000016]","[354.11806, 2710.62049, 1273.73008, -118.0615600000001]","[603.41724, 2623.79347, 997.1967199999999, -347.3080799999989]","[822.06193, 2511.87214, 874.5787599999999, -447.6853200000005]","[1061.44288, 2381.4099, 957.5238000000004, -521.8489599999994]"
150,People,"[1301.65806, 2275.61574, 0, 0]","[1536.55502, 2151.85149, 939.5878400000001, -495.0570000000007]","[1721.56277, 1945.66713, 740.031, -824.7374399999999]","[1899.63543, 1699.02791, 712.2906400000002, -986.5568800000001]","[2070.55587, 1491.03339, 683.6817600000004, -831.9780799999999]","[2245.18925, 1293.93372, 698.533519999999, -788.3986800000002]","[2410.29995, 1123.51997, 660.4428000000007, -681.6549999999997]","[2526.87811, 998.21028, 466.3126400000001, -501.2387600000002]","[2549.51123, 889.21169, 90.53247999999994, -435.99436000000054]","[2634.29738, 771.98623, 339.1445999999996, -468.90184]","[2850.62528, 657.80627, 865.3116000000009, -456.71983999999975]","[3057.03452, 556.61109, 825.6369599999998, -404.7807200000002]","[3283.51876, 495.61637, 905.9369599999991, -243.9788799999999]","[3524.76778, 453.88715, 964.9960800000008, -166.91688]","[3743.57052, 478.22513, 875.2109600000003, 97.35191999999984]","[4015.72348, 557.57491, 1088.6118399999996, 317.39912000000027]"
151,People,"[4289.27541, 636.7362, 0, 0]","[4558.013174210527, 723.1690210526316, 1074.9510568421065, 345.73128421052616]","[4826.197678596492, 810.1296263157894, 1072.7380175438593, 347.8424210526314]","[5094.3821829824565, 897.0902315789474, 1072.7380175438593, 347.84242105263183]","[5362.566687368421, 984.0508368421054, 1072.7380175438593, 347.84242105263183]","[5630.751191754386, 1071.011442105263, 1072.7380175438593, 347.8424210526309]","[5898.935696140352, 1157.972047368421, 1072.738017543863, 347.84242105263183]","[6160.49991, 1251.26908, 1046.2568554385944, 373.18813052631594]","[6395.8116, 1419.7412, 941.246759999999, 673.8884800000002]","[6649.90932, 1553.80134, 1016.390879999999, 536.2405600000002]","[6864.343723928571, 1615.7523882142857, 857.7376157142862, 247.80419285714288]","[7062.676197142858, 1672.4547685714288, 793.3298928571458, 226.80952142857222]","[7261.008670357143, 1729.1571489285716, 793.3298928571421, 226.80952142857132]","[7459.341143571429, 1785.8595292857144, 793.3298928571421, 226.80952142857132]","[7657.673616785714, 1842.5619096428568, 793.3298928571421, 226.8095214285695]","[7856.00609, 1899.26429, 793.3298928571421, 226.80952142857313]"
152,People,"[7960.68642, 1885.28908, 0, 0]","[8064.11564, 1856.21668, 413.71687999999995, -116.28960000000006]","[8150.77928, 1844.54616, 346.65455999999904, -46.68207999999959]","[8162.9003626546, 1836.8924616440424, 48.484330618401145, -30.614793423830633]","[8117.413618687783, 1840.6320562895928, -181.9469758672676, 14.958378582201476]","[8071.926874720965, 1844.3716509351432, -181.94697586727125, 14.958378582201476]","[8026.4401307541475, 1848.1112455806935, -181.94697586727125, 14.958378582201476]","[7980.953386787331, 1851.8508402262444, -181.9469758672676, 14.958378582203295]","[7935.466642820513, 1855.590434871795, -181.94697586727142, 14.958378582202398]","[7889.979898853695, 1859.330029517345, -181.94697586727125, 14.958378582200567]","[7844.493154886878, 1863.069624162896, -181.9469758672676, 14.958378582203295]","[7799.00641092006, 1866.8092188084463, -181.94697586727125, 14.958378582201476]","[7753.519666953242, 1870.548813453997, -181.94697586727125, 14.958378582202386]","[7708.032922986426, 1874.2884080995475, -181.9469758672676, 14.958378582202386]","[7662.546179019608, 1878.028002745098, -181.94697586727125, 14.958378582202386]","[7617.05943505279, 1881.7675973906485, -181.94697586727125, 14.958378582201476]"
153,People,"[7571.572691085973, 1885.507192036199, 0, 0]","[7526.085947119155, 1889.2467866817497, -181.94697586727125, 14.958378582202386]","[7480.599203152337, 1892.9863813273005, -181.94697586727125, 14.958378582203295]","[7435.11245918552, 1896.7259759728504, -181.94697586727125, 14.958378582199657]","[7389.625715218703, 1900.4655706184008, -181.9469758672676, 14.958378582201476]","[7344.138971251885, 1904.205165263952, -181.94697586727125, 14.958378582205114]","[7298.652227285068, 1907.9447599095024, -181.9469758672676, 14.958378582201476]","[7253.16548331825, 1911.6843545550528, -181.94697586727125, 14.958378582201476]","[7207.678739351432, 1915.4239492006036, -181.94697586727142, 14.958378582203308]","[7162.191995384615, 1919.163543846154, -181.9469758672676, 14.958378582201476]","[7116.705251417798, 1922.9031384917043, -181.94697586727125, 14.958378582201476]","[7071.21850745098, 1926.642733137255, -181.94697586727125, 14.958378582202386]","[7025.731763484162, 1930.3823277828053, -181.94697586727125, 14.958378582201476]","[6980.245019517345, 1934.121922428356, -181.9469758672676, 14.958378582202386]","[6657.18606, 1934.03536, -1292.2358380693804, -0.34624971342327626]","[6270.307247746478, 1997.5207598591549, -1547.5152490140863, 253.94159943661907]"
154,People,"[5872.681944929577, 2067.8107721830984, 0, 0]","[5475.056642112676, 2138.100784507042, -1590.501211267605, 281.160049295775]","[5077.431339295775, 2208.390796830986, -1590.501211267605, 281.160049295775]","[4679.8060364788735, 2278.6808091549296, -1590.501211267605, 281.160049295775]","[4283.76632, 2351.68083, -1584.158865915495, 292.00008338028056]","[3920.1135, 2380.17962, -1454.6112799999992, 113.9951600000004]","[3524.35703, 2406.33174, -1583.0258799999992, 104.60848000000078]","[3151.14371, 2466.63723, -1492.8532800000012, 241.22195999999894]","[2751.52455, 2546.90374, -1598.4766400000003, 321.0660400000018]","[2360.40025, 2580.53001, -1564.4971999999998, 134.505079999999]","[1991.50553, 2588.84497, -1475.578880000001, 33.25984000000062]","[1618.05977, 2624.2384, -1493.7830399999993, 141.57372000000032]","[1278.92278, 2708.3278, -1356.5479599999999, 336.35759999999937]","[954.48706, 2822.79786, -1297.7428800000002, 457.8802400000004]","[657.34314, 2871.07695, -1188.5756800000004, 193.11636]","[321.30976, 2902.11244, -1344.1335199999999, 124.14195999999902]"
155,People,"[69.26551, 2962.08056, 0, 0]","[-140.76805, 3044.22262, -840.13424, 328.5682400000005]","[-338.51063, 3123.62967, -790.97032, 317.6281999999992]","[-445.19297, 3149.31712, -426.72936000000004, 102.74980000000141]","[-502.2843, 3187.99322, -228.36531999999988, 154.7043999999987]","[-630.6873, 3279.99403, -513.6120000000003, 368.00324]","[-739.68709, 3338.60265, -435.99915999999985, 234.4344799999999]","[-757.15107, 3361.65329, -69.85591999999997, 92.20256000000154]","[-751.40619, 3368.77091, 22.979519999999887, 28.470479999999977]","[-744.26105, 3377.11205, 28.580560000000332, 33.36455999999998]","[-741.43525, 3381.99756, 11.303199999999833, 19.54203999999845]","[-736.00318, 3380.57193, 21.728279999999813, -5.702519999998913]","[-727.44727, 3384.19626, 34.22364000000016, 14.4973200000004]","[-723.96222, 3386.98565, 13.940200000000004, 11.157559999999648]","[-726.27835, 3387.64825, -9.264520000000175, 2.6504000000004453]","[-710.71776, 3362.72594, 62.24236000000019, -99.68924000000152]"
156,People,"[-692.22524, 3333.82119, 0, 0]","[-694.21893, 3313.81146, -7.97476000000006, -80.03892000000087]","[-724.75578, 3303.03981, -122.14739999999983, -43.086599999998725]","[-757.68098, 3308.53626, -131.70080000000007, 21.985799999998562]","[-762.15648, 3299.3332, -17.902000000000044, -36.81223999999929]","[-754.66764, 3294.66252, 29.955359999999928, -18.6827200000007]","[-755.687, 3306.02817, -4.077440000000024, 45.46260000000075]","[-752.7258, 3311.44344, 11.84479999999985, 21.661079999999856]","[-747.37774, 3315.65273, 21.392240000000147, 16.837159999999145]","[-738.39863, 3315.17375, 35.916439999999966, -1.9159199999994598]","[-729.81834, 3312.14328, 34.32115999999996, -12.121880000000601]","[-723.07612, 3308.22661, 26.968880000000354, -15.66667999999845]","[-720.16881, 3307.40271, 11.629239999999754, -3.2956000000012864]","[-720.83119, 3306.33342, -2.6495199999999386, -4.27715999999964]","[-722.23479, 3304.82873, -5.614399999999932, -6.01875999999902]","[-722.09393, 3292.1881, 0.5634399999999005, -50.562520000001314]"
157,People,"[-705.80311, 3260.97976, 0, 0]","[-612.35384, 3210.06861, 373.7970799999998, -203.64460000000145]","[-512.34756, 3159.14672, 400.0251199999998, -203.68755999999848]","[-384.66874, 3069.72304, 510.7152800000001, -357.6947200000013]","[-172.14582, 2906.85426, 850.0916800000001, -651.4751199999992]","[-42.20157, 2752.44113, 519.7769999999999, -617.6525199999996]","[150.31064, 2667.96947, 770.04884, -337.8866400000006]","[420.44482, 2600.49104, 1080.53672, -269.91372000000047]","[659.41594, 2511.1189, 955.8844800000007, -357.4885600000001]","[890.01868, 2372.95996, 922.4109600000002, -552.6357599999992]","[1147.67018, 2221.04989, 1030.6060000000002, -607.6402800000014]","[1425.83961, 2211.06076, 1112.6777199999997, -39.95651999999973]","[1732.43189, 2234.72023, 1226.3691200000003, 94.63788000000022]","[2049.67942, 2191.66272, 1268.9901199999995, -172.23004000000037]","[2420.64591, 2123.62719, 1483.865960000001, -272.1421199999986]","[2753.62326, 2073.21108, 1331.9093999999986, -201.66444000000047]"
158,People,"[3087.8737, 2066.25023, 0, 0]","[3433.88973, 2052.38186, 1384.064119999999, -55.47348000000056]","[3744.9894, 1969.11223, 1244.3986800000002, -333.07852]","[4125.59303, 1883.67938, 1522.4145200000003, -341.73139999999967]","[4449.72047, 1872.60144, 1296.5097600000008, -44.311760000000504]","[4817.87467, 1885.20955, 1472.6167999999998, 50.4324400000005]","[5137.76659, 1845.16392, 1279.56768, -160.1825200000003]","[5498.06275, 1812.77262, 1441.1846399999995, -129.5652]","[5804.83505608, 1827.56741248, 1227.0892243200008, 59.17916992000033]","[6101.48922208, 1848.13860848, 1186.616664000001, 82.28478399999949]","[6398.14338808, 1868.70980448, 1186.6166639999974, 82.2847840000004]","[6694.79755408, 1889.28100048, 1186.616664000001, 82.2847840000004]","[6991.45172008, 1909.85219648, 1186.616664000001, 82.28478399999949]","[7288.10588608, 1930.42339248, 1186.616664000001, 82.2847840000004]","[7584.760052080001, 1950.99458848, 1186.616664000001, 82.28478399999949]","[7881.414218080001, 1971.56578448, 1186.616664000001, 82.2847840000004]"
159,People,"[8178.06838408, 1992.13698048, 0, 0]","[8474.722550080001, 2012.70817648, 1186.6166640000047, 82.2847840000004]","[8679.13538, 1981.45, 817.6513196799933, -125.0327059199999]","[8668.12409, 2032.61244, -44.04516000000149, 204.64976000000024]","[8522.37888, 2139.06084, -582.9808399999965, 425.79359999999997]","[8364.12577, 2190.33405, -633.0124399999986, 205.09283999999934]","[8183.69504, 2153.90036, -721.7229200000038, -145.73475999999937]","[8005.48457, 2089.84593, -712.84188, -256.21772000000055]","[7808.90381, 2086.83164, -786.32304, -12.057160000000305]","[7597.82044, 2123.54138, -844.3334799999975, 146.83896000000095]","[7401.98078, 2146.54315, -783.3586400000022, 92.0070799999994]","[7240.81736, 2114.34496, -644.6536799999994, -128.79276000000027]","[7087.06342, 2068.69762, -615.0157599999984, -182.58935999999994]","[6905.96093, 2092.88774, -724.4099600000009, 96.76048000000083]","[6672.49804, 2161.35114, -933.8515599999992, 273.85360000000037]","[6453.37281, 2203.20107, -876.5009200000022, 167.39971999999943]"
160,People,"[6227.31361, 2153.34362, 0, 0]","[5977.84461, 2047.05758, -997.8760000000002, -425.14416000000074]","[5789.03555, 2014.70931, -755.236240000002, -129.39307999999983]","[5557.85477, 1998.6137, -924.7231199999987, -64.3824399999994]","[5341.02799, 1990.34487, -867.3071200000013, -33.07532000000083]","[5180.43037, 1917.88282, -642.3904799999982, -289.84819999999945]","[5045.00529, 1820.98378, -541.7003199999999, -387.59616000000005]","[4924.14517, 1768.81687, -483.4404800000011, -208.66763999999966]","[4806.33754, 1755.30512, -471.23051999999774, -54.04700000000053]","[4622.09526, 1848.29446, -736.9691200000016, 371.95736000000034]","[4390.51644, 1925.03458, -926.3152799999989, 306.96047999999973]","[4153.01017, 1910.80568, -950.0250800000031, -56.91560000000027]","[3894.91237, 1898.06765, -1032.3911999999982, -50.95211999999992]","[3619.8295, 1992.24127, -1100.3314800000007, 376.6944800000001]","[3360.81943, 2120.66765, -1036.0402799999993, 513.7055199999995]","[3124.57746, 2140.35149, -944.9678800000002, 78.73536000000058]"
161,People,"[2877.10757, 2095.07301, 0, 0]","[2594.01806, 2077.67379, -1132.358040000001, -69.59688000000097]","[2255.00413, 2031.05319, -1356.0557200000003, -186.48239999999896]","[1981.41461, 1958.60151, -1094.358079999999, -289.8067200000005]","[1676.1282, 1828.74192, -1221.1456399999997, -519.4383600000001]","[1382.65842, 1718.63877, -1173.8791200000005, -440.41259999999966]","[1077.34709, 1631.62205, -1221.24532, -348.0668800000003]","[804.28444, 1507.7198, -1092.2505999999998, -495.60899999999947]","[558.863, 1299.39801, -981.6857600000008, -833.2871600000007]","[316.53581, 1109.37688, -969.3087600000001, -760.0845200000003]","[40.53448, 941.95006, -1104.0053200000002, -669.7072800000001]","[-213.24365, 708.56099, -1015.11252, -933.5562800000002]","[-379.60808, 415.1378, -665.4577199999999, -1173.6927599999997]","[-548.15636, 69.21338, -674.1931199999999, -1383.6976800000002]","[-749.34491, -225.22719, -804.7542000000003, -1177.76228]","[-987.75967, -520.12869, -953.65904, -1179.606]"
162,People,"[-1161.8539, -820.54561, 0, 0]","[-1330.10228, -1189.56805, -672.99352, -1476.0897600000003]","[-1521.49529, -1446.39223, -765.57204, -1027.2967199999994]","[-1745.82263, -1667.79362, -897.3093599999993, -885.60556]","[-1933.67265, -1905.08989, -751.4000800000003, -949.1850800000002]","[-2068.56326, -2176.27202, -539.5624399999997, -1084.7285199999997]","[-2200.97114, -2434.65989, -529.6315200000008, -1033.55148]","[-2340.46477, -2662.72609, -557.9745199999998, -912.2648000000008]","[-2487.81252, -2880.87284, -589.3910000000002, -872.5870000000003]","[-2538.154924716981, -3089.974043962264, -201.36961886792415, -836.4048158490568]","[-2570.059547358491, -3247.761076981132, -127.61849056603933, -631.148132075472]","[-2601.96417, -3405.54811, -127.61849056603751, -631.148132075472]","[-2709.08851, -3511.5022, -428.4973599999994, -423.8163599999989]","[-2778.82828, -3576.85854, -278.95908000000054, -261.4253600000011]","[-2836.18904, -3577.97515, -229.4430400000001, -4.466440000000148]","[-2872.5117, -3496.04749, -145.29063999999926, 327.71064000000115]"
163,People,"[-2856.41874, -3387.00637, 0, 0]","[-2831.20034, -3320.26572, 100.8736000000008, 266.96260000000075]","[-2791.00017, -3276.83696, 160.80068000000028, 173.71503999999914]","[-2699.18652, -3208.73408, 367.2545999999984, 272.41151999999965]","[-2591.37099, -3126.7252, 431.26212000000123, 328.03552000000127]","[-2548.71482, -3017.47649, 170.624679999999, 436.9948399999994]","[-2527.87661, -2902.22712, 83.35284000000138, 460.99748]","[-2509.68968, -2838.12346, 72.74771999999939, 256.4146400000009]","[-2496.73057, -2833.2388, 51.83643999999917, 19.538639999998868]","[-2487.33546, -2842.0302, 37.580440000001545, -35.16560000000027]","[-2477.48621, -2853.69692, 39.396999999999025, -46.666879999998855]","[-2471.40214, -2856.30154, 24.336279999999533, -10.418480000000272]","[-2463.71822, -2852.6869, 30.735679999999775, 14.458559999999125]","[-2456.5382, -2854.62293, 28.720080000000962, -7.744119999999384]","[-2448.62592, -2853.8671, 31.64912000000004, 3.02332000000024]","[-2440.80098, -2852.49685, 31.29975999999988, 5.480999999999767]"
164,People,"[-2442.1807, -2852.66888, 0, 0]","[-2448.91947, -2859.64898, -26.955079999999725, -27.920399999999063]","[-2440.37631, -2856.59869, 34.172639999998864, 12.201160000000527]","[-2440.99401, -2860.60238, -2.4707999999991443, -16.014760000000024]","[-2442.94403, -2863.36341, -7.800080000000889, -11.044120000000476]","[-2443.45812, -2865.36748, -2.0563599999986764, -8.016279999999824]","[-2439.80131, -2864.2871, 14.627239999999802, 4.321519999999509]","[-2432.25038, -2859.90388, 30.20371999999952, 17.53288000000066]","[-2380.13543, -2826.20138, 208.45980000000074, 134.8099999999996]","[-2411.21671, -2718.70872, -124.32512000000133, 429.97063999999955]","[-2396.35539, -2585.78085, 59.44527999999991, 531.7114799999999]","[-2329.41311, -2457.86516, 267.76912000000084, 511.6627600000011]","[-2146.34946, -2321.34847, 732.2546000000002, 546.0667599999997]","[-1965.14585, -2183.96967, 724.8144399999992, 549.5151999999998]","[-1815.03707, -1987.89934, 600.4351200000001, 784.28132]","[-1665.01787, -1773.31556, 600.0768000000007, 858.3351199999997]"
165,People,"[-1472.00138, -1629.9931, 0, 0]","[-1229.67617, -1543.79663, 969.3008399999999, 344.78587999999945]","[-973.58933, -1471.82389, 1024.3473599999998, 287.89096000000063]","[-750.88434, -1374.20466, 890.8199600000003, 390.47691999999915]","[-489.3857, -1244.51532, 1045.9945599999999, 518.7573600000005]","[-225.54945, -1221.73772, 1055.3449999999998, 91.11039999999957]","[77.75574, -1218.67601, 1213.2207600000002, 12.246840000000702]","[382.92729, -1185.05395, 1220.6862, 134.48823999999968]","[688.39716, -1104.24924, 1221.879480000001, 323.21883999999983]","[995.49317, -1041.79911, 1228.38404, 249.8005200000007]","[1266.89121, -1031.59656, 1085.5921600000001, 40.810199999999895]","[1561.35794, -1034.33749, 1177.8669200000004, -10.96371999999974]","[1861.73085, -989.49902, 1201.4916399999993, 179.35387999999966]","[2144.3394, -922.64016, 1130.4341999999997, 267.43543999999974]","[2406.66761, -891.38625, 1049.3128400000005, 125.01564000000008]","[2667.25159, -895.93121, 1042.3359199999995, -18.179839999999786]"
166,People,"[2935.91357, -914.06634, 0, 0]","[3171.23626, -880.84833, 941.2907599999999, 132.87203999999974]","[3422.08166, -809.23119, 1003.3815999999988, 286.46856000000025]","[3697.4143, -758.60422, 1101.3305600000003, 202.50787999999966]","[4000.04722, -729.1507, 1210.53168, 117.8140800000001]","[4346.14195, -727.4805, 1384.378920000001, 6.68080000000009]","[4658.26838, -698.10927, 1248.505720000001, 117.48491999999987]","[4988.86249, -651.32046, 1322.37644, 187.15524000000005]","[5301.442110504201, -656.9329096638655, 1250.3184820168037, -22.44979865546204]","[5606.112123109243, -631.0176512605042, 1218.6800504201674, 103.6610336134454]","[5910.782135714286, -605.1023928571428, 1218.680050420171, 103.6610336134454]","[6215.452148319328, -579.1871344537815, 1218.680050420171, 103.6610336134454]","[6520.122160924369, -553.2718760504201, 1218.6800504201638, 103.6610336134454]","[6824.792173529411, -527.3566176470588, 1218.6800504201674, 103.6610336134454]","[7129.462186134453, -501.4413592436975, 1218.6800504201674, 103.66103361344517]","[7434.132198739495, -475.52610084033614, 1218.6800504201674, 103.6610336134454]"
167,People,"[7738.802211344538, -449.6108424369749, 0, 0]","[8043.4722239495795, -423.6955840336135, 1218.6800504201674, 103.66103361344562]","[8332.16278, -366.44941, 1154.7622242016841, 228.984696134454]","[8595.0525, -265.51978, 1051.5588799999969, 403.7185199999999]","[8735.295615714285, -133.7301057142857, 560.9724628571421, 527.1586971428572]","[8117.456685665529, -90.66046863481228, -2471.3557201950243, 172.27854831789375]","[6732.956405802048, -116.36863245733788, -5538.001119453926, -102.83265529010242]","[5348.456125938567, -142.07679627986346, -5538.001119453922, -102.83265529010231]","[3963.955846075086, -167.78496010238905, -5538.00111945393, -102.83265529010245]","[2579.4555662116045, -193.49312392491464, -5538.001119453926, -102.83265529010237]","[1194.955286348123, -219.20128774744023, -5538.001119453926, -102.83265529010237]","[-189.54499351535745, -244.90945156996585, -5538.001119453922, -102.83265529010248]","[-1574.0452733788388, -270.6176153924914, -5538.001119453926, -102.83265529010225]","[-2958.54555324232, -296.32577921501706, -5538.001119453924, -102.8326552901026]","[-4343.045833105802, -322.0339430375426, -5538.0011194539275, -102.83265529010214]","[-5727.546112969283, -347.74210686006825, -5538.001119453926, -102.8326552901026]"
168,People,"[-7112.0463928327645, -373.4502706825938, 0, 0]","[-7659.03933, -334.85246, -2187.9717486689406, 154.3912427303751]","[-7944.16778, -270.46628, -1140.5138000000006, 257.5447200000001]","[-8168.15391, -167.01787, -895.9445200000009, 413.79364]","[-8365.77936, -32.44542, -790.5018000000018, 538.2898]","[-8558.57761, 126.59268, -771.1929999999993, 636.1524]","[-8702.18201, 325.69311, -574.4176000000007, 796.40172]","[-8535.451781967215, 405.5491232786885, 666.9209121311433, 319.4240531147541]","[-8010.9248118852465, 351.09683147540983, 2098.107880327874, -217.80916721311493]","[-7486.397841803279, 296.64453967213115, 2098.1078803278688, -217.80916721311473]","[-6961.870871721312, 242.1922478688525, 2098.1078803278688, -217.80916721311462]","[-6437.343901639345, 187.73995606557375, 2098.1078803278688, -217.80916721311496]","[-5912.816931557378, 133.2876642622951, 2098.1078803278688, -217.80916721311462]","[-5388.289961475411, 78.83537245901641, 2098.1078803278688, -217.80916721311473]","[-4863.762991393443, 24.38308065573773, 2098.1078803278688, -217.80916721311473]","[-4339.236021311476, -30.069211147540955, 2098.1078803278688, -217.80916721311473]"
169,People,"[-3814.709051229509, -84.52150295081964, 0, 0]","[-3290.182081147542, -138.97379475409838, 2098.1078803278688, -217.80916721311496]","[-2765.6551110655746, -193.426086557377, 2098.1078803278688, -217.8091672131145]","[-2241.1281409836074, -247.87837836065572, 2098.1078803278688, -217.80916721311485]","[-1716.6011709016402, -302.3306701639344, 2098.1078803278688, -217.80916721311485]","[-1192.074200819673, -356.7829619672131, 2098.1078803278688, -217.80916721311473]","[-667.5472307377058, -411.2352537704917, 2098.1078803278688, -217.80916721311428]","[-143.02026065573955, -465.6875455737705, 2098.107880327865, -217.8091672131152]","[381.50670942622855, -520.1398373770492, 2098.107880327874, -217.80916721311493]","[906.0336795081968, -574.5921291803279, 2098.107880327873, -217.80916721311496]","[1430.560649590163, -629.0444209836064, 2098.1078803278647, -217.80916721311405]","[1955.087619672131, -683.4967127868852, 2098.1078803278724, -217.80916721311496]","[2479.6145897540973, -737.9490045901639, 2098.107880327865, -217.80916721311496]","[3004.1415598360654, -792.4012963934424, 2098.1078803278724, -217.80916721311405]","[3528.668529918032, -846.8535881967211, 2098.107880327867, -217.80916721311496]","[4053.1955, -901.30588, 2098.1078803278706, -217.80916721311542]"
170,People,"[3655.5196, -999.13416, 0, 0]","[3291.20097, -1157.51675, -1457.2745200000008, -633.5303600000002]","[2870.68451, -1347.25738, -1682.0658399999993, -758.96252]","[2482.4916, -1448.45809, -1552.7716400000008, -404.8028400000003]","[2105.80059, -1530.25591, -1506.76404, -327.19128]","[1810.02759, -1650.60977, -1183.0919999999996, -481.41543999999976]","[1473.25356, -1794.86769, -1347.0961199999992, -577.03168]","[1112.55088, -1874.84636, -1442.8107200000004, -319.91467999999986]","[743.53456, -1917.39535, -1476.0652800000012, -170.19596000000016]","[350.59883, -1990.57821, -1571.7429200000001, -292.73143999999957]","[-49.9412, -2116.03592, -1602.16012, -501.8308399999996]","[-454.33764, -2209.99392, -1617.5857600000002, -375.83200000000033]","[-845.32688, -2241.24104, -1563.9569599999998, -124.98847999999998]","[-1227.23448, -2297.68771, -1527.6304000000005, -225.78668000000107]","[-1555.70128, -2392.62076, -1313.8671999999997, -379.73219999999856]","[-1864.81122, -2549.15696, -1236.4397600000002, -626.1448]"
171,People,"[-2134.34385, -2670.12692, 0, 0]","[-2395.82906, -2795.89217, -1045.9408399999993, -503.0609999999997]","[-2551.28088, -2971.04956, -621.8072799999991, -700.6295599999994]","[-2629.4641327450977, -3105.2236343137256, -312.73301098039155, -536.6962972549027]","[-2703.48333372549, -3232.401271568628, -296.0768039215691, -508.71054901960997]","[-2765.11114, -3382.77645, -246.5112250980401, -601.500713725487]","[-2815.42671, -3466.26863, -201.26228000000083, -333.96872000000076]","[-2861.62301, -3433.51763, -184.78519999999844, 131.00400000000081]","[-2878.2891, -3314.53415, -66.66436000000073, 475.9339199999999]","[-2843.96779, -3162.00796, 137.28523999999925, 610.1047600000002]","[-2714.83572, -3022.70605, 516.5282800000004, 557.2076400000005]","[-2530.68725, -2903.32318, 736.5938800000004, 477.53147999999965]","[-2376.82908, -2761.1576, 615.4326799999999, 568.6623199999995]","[-2199.80314, -2602.82828, 708.10376, 633.3172799999993]","[-1983.19903, -2532.98508, 866.41644, 279.372800000001]","[-1717.44013, -2528.94719, 1063.0356000000002, 16.151560000000245]"
172,People,"[-1432.23622, -2502.83828, 0, 0]","[-1111.0544, -2410.22856, 1284.72728, 370.4388799999997]","[-786.521, -2299.50034, 1298.1336000000001, 442.91287999999986]","[-486.76836, -2235.67009, 1199.01056, 255.3209999999999]","[-155.43371, -2174.40866, 1325.3386, 245.04572000000007]","[160.22478, -2068.88919, 1262.6339600000001, 422.07788000000073]","[476.34676, -1922.67732, 1264.48792, 584.8474799999995]","[764.59574, -1798.80839, 1152.9959199999998, 495.47572000000036]","[1058.99603, -1661.42631, 1177.6011600000013, 549.5283199999999]","[1348.43188, -1489.37765, 1157.7434000000003, 688.1946400000006]","[1631.15502, -1286.66576, 1130.8925599999993, 810.8475599999992]","[1905.593, -1113.90108, 1097.7519200000006, 691.05872]","[2203.5448, -1003.94602, 1191.8072000000002, 439.82024000000047]","[2521.64943, -899.47164, 1272.4185199999993, 417.89752]","[2806.63395, -756.3206, 1139.93808, 572.6041599999999]","[3094.90332, -566.58018, 1153.07748, 758.9616799999999]"
173,People,"[3369.25803, -432.25151, 0, 0]","[3676.27151, -299.34806, 1228.0539200000003, 531.6138000000001]","[3967.72522, -137.93838, 1165.814839999999, 645.6387199999999]","[4245.01623, 70.28575, 1109.1640400000015, 832.89652]","[4533.65199, 252.95487, 1154.5430400000005, 730.6764800000001]","[4843.38793, 372.76215, 1238.9437599999983, 479.2291200000001]","[5175.77566, 477.94735, 1329.5509200000015, 420.7407999999998]","[5477.31735, 608.00195, 1206.16676, 520.2184]","[5798.5442, 777.07869, 1284.9074000000012, 676.3069600000009]","[6099.21307, 863.55718, 1202.675479999998, 345.91395999999986]","[6436.1437625, 935.9341775, 1347.7227700000003, 289.50799000000006]","[6732.21444, 1038.12572, 1184.2827099999995, 408.7661699999999]","[7013.37289, 1177.77017, 1124.6337999999996, 558.5778]","[7290.15066, 1279.35346, 1107.1110800000024, 406.33316000000013]","[7553.29844, 1302.16657, 1052.5911199999973, 91.2524400000002]","[7815.4046, 1302.84077, 1048.424640000001, 2.696799999999712]"
174,People,"[2613.45635, 2404.61802, 0, 0]","[2327.87813, 2410.68576, -1142.3128799999995, 24.270959999999832]","[2047.46071, 2462.89812, -1121.66968, 208.84943999999996]","[1782.63037, 2586.73213, -1059.32136, 495.33604000000014]","[1507.11258, 2705.21396, -1102.0711600000004, 473.9273200000007]","[1235.09581, 2732.94863, -1088.0670799999998, 110.9386799999993]","[978.02148, 2701.0308, -1028.2973200000001, -127.67131999999947]","[738.73089, 2730.83308, -957.1623599999998, 119.20911999999953]","[526.33606, 2779.58475, -849.5793200000011, 195.00668000000059]","[317.65583, 2848.75623, -834.72092, 276.6859199999999]","[179.22892, 2860.24391, -553.70764, 45.95072000000073]","[109.29476, 2856.49584, -279.73663999999997, -14.992280000000392]","[105.02681, 2793.19061, -17.071799999999996, -253.22091999999975]","[158.22815, 2675.25648, 212.80536, -471.7365200000004]","[265.8192, 2534.8666, 430.3642000000001, -561.5595200000007]","[381.27728, 2396.75479, 461.83232, -552.4472399999995]"
175,People,"[520.07086, 2267.26809, 0, 0]","[720.75092, 2180.06135, 802.7202399999996, -348.8269600000003]","[963.11047, 2102.65635, 969.4382, -309.619999999999]","[1152.21912, 1983.62769, 756.4346, -476.1146400000007]","[1301.43805, 1757.83361, 596.87572, -903.1763200000005]","[1502.81918, 1536.82407, 805.5245199999999, -884.0381600000001]","[1742.18306, 1369.75894, 957.4555200000004, -668.2605199999998]","[2008.28136, 1266.71723, 1064.3931999999995, -412.16683999999987]","[2236.70966, 1122.31535, 913.7132000000009, -577.6075200000001]","[2438.22764, 957.92549, 806.0719200000003, -657.5594400000004]","[2650.75623, 847.56995, 850.1143599999996, -441.4221600000001]","[2852.37294, 758.08376, 806.466840000001, -357.94475999999986]","[3086.50744, 654.51334, 936.5379999999986, -414.28168000000005]","[3324.61954, 557.34169, 952.4484000000011, -388.6866]","[3609.00865, 495.59763, 1137.5564400000003, -246.97623999999996]","[3908.59034, 475.3694, 1198.32676, -80.91291999999999]"
176,People,"[4194.26673, 523.38094, 0, 0]","[4483.31803, 614.61687, 1156.2052000000003, 364.94371999999976]","[4773.28132, 668.61856, 1159.8531599999988, 216.0067600000002]","[5081.38561, 712.45813, 1232.4171600000009, 175.35827999999992]","[5388.24607, 820.51284, 1227.4418399999995, 432.21884]","[5630.76308, 982.72779, 970.0680399999983, 648.8598000000002]","[5866.83651, 1150.42364, 944.2937200000015, 670.7833999999998]","[6096.10873, 1246.90058, 917.0888799999993, 385.90776000000005]","[6351.42907, 1296.95375, 1021.2813600000018, 200.2126799999998]","[6553.96765, 1378.91615, 810.1543199999978, 327.84960000000046]","[6690.70697, 1489.01186, 546.9572800000024, 440.3828400000002]","[6703.508383957033, 1542.2523113236314, 51.205655828132876, 212.96180529452522]","[6629.163218849619, 1520.7068896327096, -297.38066042965875, -86.18168676368714]","[6554.818053742203, 1499.161467941788, -297.3806604296624, -86.18168676368623]","[6480.472888634788, 1477.6160462508662, -297.38066042965875, -86.18168676368714]","[6406.127723527373, 1456.0706245599447, -297.3806604296624, -86.18168676368623]"
177,People,"[6331.782558419958, 1434.525202869023, 0, 0]","[6257.437393312543, 1412.9797811781011, -297.3806604296624, -86.18168676368714]","[6183.092228205128, 1391.4343594871796, -297.38066042965875, -86.18168676368623]","[6108.747063097713, 1369.8889377962578, -297.38066042965875, -86.18168676368714]","[6034.401897990298, 1348.3435161053362, -297.3806604296624, -86.18168676368623]","[5960.056732882883, 1326.7980944144144, -297.38066042965875, -86.18168676368714]","[5885.711567775467, 1305.2526727234929, -297.3806604296624, -86.18168676368623]","[5811.366402668053, 1283.707251032571, -297.38066042965875, -86.18168676368714]","[5737.021237560637, 1262.1618293416493, -297.38066042966267, -86.18168676368721]","[5662.676072453222, 1240.6164076507278, -297.38066042965875, -86.18168676368623]","[5588.330907345808, 1219.070985959806, -297.38066042965875, -86.18168676368714]","[5513.985742238392, 1197.5255642688844, -297.3806604296624, -86.18168676368623]","[5439.640577130976, 1175.9801425779626, -297.3806604296624, -86.18168676368714]","[5365.295412023562, 1154.4347208870408, -297.38066042965875, -86.18168676368714]","[5290.950246916147, 1132.8892991961193, -297.38066042965875, -86.18168676368623]","[5216.605081808732, 1111.3438775051975, -297.38066042965875, -86.18168676368714]"
178,People,"[5142.259916701317, 1089.7984558142757, 0, 0]","[5067.914751593901, 1068.2530341233542, -297.3806604296624, -86.18168676368623]","[4993.569586486487, 1046.7076124324324, -297.3806604296551, -86.18168676368714]","[4919.224421379071, 1025.1621907415106, -297.380660429666, -86.18168676368714]","[4844.879256271656, 1003.616769050589, -297.38066042965875, -86.18168676368623]","[4770.534091164241, 982.0713473596674, -297.3806604296624, -86.18168676368668]","[4696.188926056826, 960.5259256687456, -297.38066042965875, -86.18168676368714]","[4621.84376094941, 938.980503977824, -297.3806604296624, -86.18168676368623]","[4547.498595841996, 917.4350822869022, -297.38066042965903, -86.18168676368721]","[4473.153430734581, 895.8896605959806, -297.38066042965875, -86.18168676368668]","[4398.808265627165, 874.3442389050589, -297.3806604296624, -86.18168676368668]","[4324.46310051975, 852.7988172141372, -297.3806604296624, -86.18168676368668]","[4250.117935412335, 831.2533955232155, -297.38066042965875, -86.18168676368668]","[4175.77277030492, 809.7079738322938, -297.38066042965875, -86.18168676368714]","[4101.427605197505, 788.1625521413721, -297.3806604296624, -86.18168676368668]","[4027.08244009009, 766.6171304504504, -297.38066042965875, -86.18168676368668]"
179,People,"[3952.737274982675, 745.0717087595287, 0, 0]","[3878.39210987526, 723.5262870686071, -297.38066042966057, -86.18168676368668]","[3804.0469447678447, 701.9808653776853, -297.38066042966057, -86.18168676368714]","[3729.7017796604296, 680.4354436867636, -297.38066042966057, -86.18168676368668]","[3655.3566145530144, 658.890021995842, -297.38066042966057, -86.18168676368668]","[3581.0114494455997, 637.3446003049203, -297.38066042965875, -86.18168676368668]","[3506.666284338184, 615.7991786139986, -297.3806604296624, -86.18168676368668]","[3432.321119230769, 594.2537569230769, -297.38066042966057, -86.18168676368668]","[3357.975954123354, 572.7083352321552, -297.38066042966085, -86.18168676368721]","[3283.630789015939, 551.1629135412335, -297.38066042965875, -86.18168676368668]","[3209.285623908524, 529.6174918503118, -297.38066042966057, -86.18168676368668]","[3134.940458801109, 508.07207015939, -297.38066042966057, -86.18168676368714]","[3060.5952936936937, 486.52664846846847, -297.38066042966057, -86.18168676368623]","[2986.2501285862786, 464.9812267775467, -297.38066042966057, -86.18168676368714]","[2911.9049634788635, 443.4358050866251, -297.38066042966057, -86.18168676368623]","[2837.5597983714483, 421.89038339570334, -297.38066042966057, -86.18168676368714]"
180,People,"[2763.214633264033, 400.3449617047816, 0, 0]","[2688.869468156618, 378.79954001386, -297.38066042966057, -86.18168676368646]","[2614.524303049203, 357.2541183229382, -297.38066042966057, -86.18168676368714]","[2540.179137941788, 335.70869663201665, -297.38066042965875, -86.18168676368623]","[2465.8339728343726, 314.16327494109487, -297.3806604296624, -86.18168676368714]","[2204.72275, 308.99105, -1044.4448913374908, -20.688899764379585]","[1837.75846, 316.23675, -1467.8571599999996, 28.982799999999997]","[1468.05002, 268.69955, -1478.8337600000004, -190.14879999999994]","[1161.48872, 158.09876, -1226.2452000000005, -442.40316000000036]","[828.57666, 80.58461, -1331.6482400000004, -310.0566]","[497.89438, 72.89488, -1322.7291199999997, -30.75891999999999]","[143.19405, 79.05237, -1418.80132, 24.629959999999983]","[-181.28839, 12.0241, -1297.92976, -268.11307999999997]","[-499.32563, -78.00297, -1272.14896, -360.10828000000004]","[-829.8883, -122.43896, -1322.2506799999999, -177.74395999999996]","[-1155.25392, -129.5256, -1301.4624800000006, -28.34656000000001]"
181,People,"[-1477.14796, -150.50962, 0, 0]","[-1790.24604, -222.62849, -1252.39232, -288.47547999999995]","[-2130.90385, -319.29953, -1362.6312400000006, -386.68416]","[-2476.83843, -326.89901, -1383.7383199999986, -30.397919999999885]","[-2847.4019, -281.07407, -1482.2538800000002, 183.29975999999988]","[-3194.43577, -274.78761, -1388.1354800000008, 25.145840000000135]","[-3570.41842, -255.4017, -1503.9305999999997, 77.54363999999987]","[-3901.08365, -198.60451, -1322.6609200000003, 227.18876]","[-4187.01271, -86.81255, -1143.7162400000007, 447.1678400000004]","[-4499.51546, 32.1827, -1250.0109999999986, 475.981]","[-4787.6375, 74.44393, -1152.4881600000008, 169.04492]","[-5107.13854, 122.65246, -1278.0041600000004, 192.83412000000004]","[-5028.917519400132, 163.39157684245222, 312.8840823994724, 162.95646736980888]","[-4950.696498800264, 204.13069368490443, 312.8840823994724, 162.95646736980882]","[-4872.475478200396, 244.86981052735663, 312.8840823994724, 162.95646736980882]","[-4794.254457600528, 285.60892736980884, 312.88408239946875, 162.95646736980882]"
182,People,"[-4716.033437000659, 326.3480442122611, 0, 0]","[-4637.812416400791, 367.0871610547133, 312.8840823994724, 162.95646736980893]","[-4559.591395800922, 407.8262778971655, 312.88408239947603, 162.9564673698087]","[-4481.370375201054, 448.5653947396177, 312.8840823994724, 162.95646736980893]","[-4403.149354601186, 489.3045115820699, 312.8840823994724, 162.9564673698087]","[-4324.928334001318, 530.0436284245221, 312.8840823994724, 162.95646736980893]","[-4246.70731340145, 570.7827452669743, 312.8840823994724, 162.9564673698087]","[-4168.486292801582, 611.5218621094265, 312.8840823994724, 162.9564673698087]","[-4090.2652722017137, 652.2609789518788, 312.8840823994727, 162.9564673698093]","[-4012.0442516018456, 693.000095794331, 312.8840823994724, 162.9564673698087]","[-3933.8232310019775, 733.7392126367832, 312.8840823994724, 162.95646736980916]","[-3855.602210402109, 774.4783294792354, 312.8840823994742, 162.9564673698087]","[-3777.381189802242, 815.2174463216876, 312.88408239946875, 162.9564673698087]","[-3699.160169202373, 855.9565631641398, 312.88408239947603, 162.9564673698087]","[-3620.939148602505, 896.695680006592, 312.88408239947057, 162.95646736980916]","[-3542.7181280026366, 937.4347968490442, 312.8840823994742, 162.9564673698087]"
183,People,"[-3464.4971074027685, 978.1739136914964, 0, 0]","[-3386.2760868029004, 1018.9130305339488, 312.8840823994724, 162.95646736980962]","[-3308.055066203032, 1059.6521473764008, 312.8840823994742, 162.9564673698078]","[-3229.834045603164, 1100.391264218853, 312.88408239947057, 162.9564673698087]","[-3151.613025003296, 1141.1303810613051, 312.8840823994724, 162.9564673698087]","[-3073.392004403428, 1181.8694979037575, 312.8840823994724, 162.95646736980962]","[-2995.1709838035595, 1222.6086147462097, 312.8840823994742, 162.9564673698087]","[-2916.949963203692, 1263.347731588662, 312.88408239947057, 162.95646736980962]","[-2838.7289426038237, 1304.086848431114, 312.8840823994727, 162.95646736980794]","[-2760.507922003955, 1344.8259652735665, 312.8840823994742, 162.95646736980962]","[-2682.286901404087, 1385.5650821160186, 312.8840823994724, 162.9564673698087]","[-2604.0658808042185, 1426.3041989584708, 312.8840823994742, 162.9564673698087]","[-2525.8448602043504, 1467.043315800923, 312.8840823994724, 162.9564673698087]","[-2447.6238396044823, 1507.7824326433752, 312.8840823994724, 162.9564673698087]","[-2369.4028190046142, 1548.521549485827, 312.8840823994724, 162.9564673698078]","[-2291.181798404746, 1589.2606663282795, 312.8840823994724, 162.95646736980962]"
184,People,"[-2212.960777804878, 1629.999783170732, 0, 0]","[-2134.73975720501, 1670.738900013184, 312.8840823994724, 162.9564673698087]","[-2056.5187366051414, 1711.4780168556365, 312.8840823994742, 162.95646736980962]","[-1978.2977160052733, 1752.2171336980884, 312.8840823994724, 162.9564673698078]","[-1900.0766954054047, 1792.9562505405406, 312.8840823994742, 162.9564673698087]","[-1821.855674805537, 1833.6953673829928, 312.88408239947057, 162.9564673698087]","[-1743.634654205669, 1874.4344842254447, 312.8840823994724, 162.9564673698078]","[-1665.413633605801, 1915.1736010678972, 312.8840823994724, 162.95646736980962]","[-1587.1926130059328, 1955.9127179103496, 312.8840823994727, 162.95646736980976]","[-1508.9715924060642, 1996.6518347528015, 312.8840823994742, 162.9564673698078]","[-1430.750571806196, 2037.390951595254, 312.8840823994733, 162.95646736980962]","[-1352.529551206328, 2078.130068437706, 312.8840823994715, 162.9564673698087]","[-1274.30853060646, 2118.869185280158, 312.8840823994724, 162.9564673698078]","[-1196.087510006592, 2159.6083021226104, 312.8840823994715, 162.95646736980962]","[-1117.8664894067238, 2200.3474189650624, 312.8840823994733, 162.9564673698078]","[-1039.6454688068557, 2241.086535807515, 312.8840823994724, 162.95646736980962]"
185,People,"[-961.4244482069872, 2281.825652649967, 0, 0]","[-883.203427607119, 2322.564769492419, 312.88408239947285, 162.9564673698078]","[-804.9824070072509, 2363.3038863348715, 312.8840823994724, 162.95646736980962]","[-726.7613864073828, 2404.0430031773235, 312.8840823994724, 162.9564673698078]","[-648.5403658075147, 2444.782120019776, 312.8840823994724, 162.95646736980962]","[-570.3193452076466, 2485.521236862228, 312.8840823994724, 162.9564673698078]","[-492.0983246077785, 2526.2603537046803, 312.8840823994724, 162.95646736980962]","[-413.8773040079104, 2566.9994705471327, 312.8840823994724, 162.95646736980962]","[-309.48369, 2587.99643, 417.574456031642, 83.98783781147002]","[-120.04717, 2541.67699, 757.7460800000001, -185.27776000000085]","[73.24974, 2568.01403, 773.18764, 105.34815999999955]","[298.59274, 2618.97453, 901.372, 203.84200000000055]","[436.12056, 2694.06427, 550.1112800000001, 300.35895999999957]","[477.43452, 2800.76151, 165.25584000000003, 426.78895999999986]","[454.63679, 2901.31338, -91.19092, 402.20748000000094]","[515.90601, 2929.73042, 245.07688000000007, 113.66815999999926]"
186,People,"[678.60722, 2916.84379, 0, 0]","[804.20906, 2863.72134, 502.40736000000015, -212.48979999999938]","[878.5498, 2865.70062, 297.36295999999993, 7.917120000000068]","[920.40481, 2929.12163, 167.42003999999997, 253.6840400000001]","[917.40811, 2968.61535, -11.98680000000013, 157.97487999999976]","[905.16401, 2982.03223, -48.97640000000001, 53.66751999999906]","[893.53129, 2979.65166, -46.5308799999998, -9.522279999999228]","[887.05569, 2953.21228, -25.902399999999943, -105.7575199999992]","[894.07137, 2931.37032, 28.062719999999924, -87.36784000000087]","[894.76621, 2870.9308, 2.779359999999997, -241.7580799999996]","[854.95756, 2754.47105, -159.23460000000023, -465.83899999999994]","[759.20945, 2599.77958, -382.99244, -618.7658800000008]","[560.83602, 2444.33352, -793.4937199999999, -621.784239999999]","[339.6293, 2276.78945, -884.8268799999998, -670.1762799999997]","[112.55155, 2101.95029, -908.3109999999999, -699.35664]","[-191.98296, 1972.55874, -1218.13804, -517.5662000000011]"
187,People,"[-530.14391, 1923.30588, 0, 0]","[-864.37933, 1887.75187, -1336.94168, -142.21603999999934]","[-1163.24647, 1794.42952, -1195.4685600000003, -373.28940000000057]","[-1471.22019, 1653.11445, -1231.8948799999998, -565.2602799999995]","[-1822.48189, 1566.95003, -1405.0468, -344.65768000000025]","[-2181.12319, 1482.18081, -1434.565199999999, -339.0768799999996]","[-2449.87633, 1302.34585, -1075.012560000001, -719.3398400000005]","[-2717.72908, 1008.00062, -1071.411, -1177.3809199999996]","[-2951.6288, 728.62487, -935.5988800000003, -1117.503000000001]","[-3154.59897, 532.50527, -811.8806800000002, -784.4784]","[-3440.86483, 305.41708, -1145.06344, -908.35276]","[-3623.3248025, 2.9581725, -729.8398899999993, -1209.83563]","[-3800.02379, -322.58777, -706.7959500000015, -1302.1837699999999]","[-4052.7544, -567.9508, -1010.9224399999985, -981.4521199999999]","[-2660.5284344871798, -737.8574041025641, 5568.90386205128, -679.6264164102568]","[-737.1003351282052, -886.724198974359, 7693.712397435898, -595.4671794871792]"
188,People,"[1186.3277642307694, -1035.5909938461537, 0, 0]","[1783.4292006557378, -1109.3354785948477, 2388.4057456998735, -294.9779389947762]","[1634.471889180328, -1140.8236638992971, -595.8292459016393, -125.95274121779767]","[1485.514577704918, -1172.311849203747, -595.8292459016393, -125.95274121779948]","[1336.557266229508, -1203.8000345081966, -595.8292459016402, -125.95274121779858]","[1187.5999547540982, -1235.2882198126465, -595.8292459016393, -125.95274121779948]","[1038.6426432786884, -1266.776405117096, -595.8292459016393, -125.95274121779767]","[889.6853318032786, -1298.2645904215456, -595.8292459016393, -125.95274121779858]","[740.7280203278688, -1329.7527757259952, -595.8292459016399, -125.95274121779869]","[591.7707088524589, -1361.2409610304449, -595.8292459016393, -125.95274121779858]","[442.8133973770491, -1392.7291463348945, -595.8292459016393, -125.95274121779858]","[293.8560859016393, -1424.217331639344, -595.8292459016393, -125.95274121779767]","[144.8987744262295, -1455.7055169437938, -595.8292459016392, -125.95274121779948]","[-4.058537049180359, -1487.1937022482434, -595.8292459016394, -125.95274121779858]","[-153.0158485245904, -1518.681887552693, -595.8292459016402, -125.95274121779858]","[-301.97316, -1550.1700728571427, -595.8292459016384, -125.95274121779858]"
189,People,"[-450.9304714754098, -1581.6582581615924, 0, 0]","[-599.8877829508197, -1613.146443466042, -595.8292459016395, -125.95274121779858]","[-748.8450944262295, -1644.634628770492, -595.8292459016393, -125.9527412178004]","[-897.8024059016398, -1676.1228140749413, -595.8292459016411, -125.95274121779676]","[-1046.7597173770496, -1707.6109993793912, -595.8292459016393, -125.95274121779948]","[-1195.7170288524594, -1739.0991846838406, -595.8292459016393, -125.95274121779767]","[-1344.6743403278692, -1770.5873699882904, -595.8292459016393, -125.95274121779948]","[-1493.631651803279, -1802.07555529274, -595.8292459016393, -125.95274121779858]","[-1642.5889632786889, -1833.5637405971895, -595.8292459016399, -125.95274121779778]","[-1791.5462747540987, -1865.0519259016392, -595.8292459016393, -125.95274121779858]","[-1940.5035862295083, -1896.540111206089, -595.8292459016384, -125.95274121779948]","[-2089.4608977049184, -1928.0282965105384, -595.8292459016402, -125.95274121779767]","[-2238.4182091803286, -1959.5164818149883, -595.8292459016411, -125.95274121779948]","[-2387.375520655738, -1991.0046671194375, -595.8292459016375, -125.95274121779676]","[-2536.3328321311483, -2022.492852423888, -595.8292459016411, -125.95274121780221]","[-2685.2901436065576, -2053.981037728337, -595.8292459016375, -125.95274121779585]"
190,People,"[-2834.247455081968, -2085.469223032787, 0, 0]","[-2983.2047665573773, -2116.9574083372363, -595.8292459016375, -125.95274121779767]","[-3132.162078032788, -2148.445593641686, -595.8292459016429, -125.95274121779948]","[-3045.61703, -2115.20243, 346.1801921311526, 132.9726545667454]","[-2726.31389, -1957.21258, 1277.21256, 631.9593999999997]","[-2402.04796, -1818.87195, 1297.06372, 553.3625199999997]","[-2059.82162, -1720.44332, 1368.9053599999988, 393.71451999999954]","[-1709.32671, -1621.69497, 1401.9796400000005, 394.9934000000003]","[-1375.47212, -1484.0554, 1335.4183600000017, 550.5582800000007]","[-1018.2274935294118, -1415.5108618181816, 1428.9785058823522, 274.1781527272733]","[-654.6209641176471, -1397.3182936363637, 1454.426117647059, 72.77027272727173]","[-291.0144347058824, -1379.125725454545, 1454.4261176470586, 72.77027272727446]","[72.59209470588235, -1360.9331572727272, 1454.426117647059, 72.77027272727173]","[436.1986241176469, -1342.740589090909, 1454.4261176470582, 72.77027272727264]","[799.8051535294117, -1324.5480209090908, 1454.426117647059, 72.77027272727264]","[1163.4116829411764, -1306.355452727273, 1454.426117647059, 72.77027272727173]"
191,People,"[1531.28717, -1285.87528, 0, 0]","[1916.12342, -1232.55922, 1539.3449999999993, 213.26423999999952]","[2260.6003, -1191.60263, 1377.9075200000007, 163.82636000000002]","[2608.6944836842104, -1213.7314318421054, 1392.3767347368412, -88.51520736842122]","[2955.836306052632, -1237.2139680263158, 1388.5672894736872, -93.93014473684161]","[3302.978128421053, -1260.6965042105264, 1388.5672894736836, -93.93014473684252]","[3625.76657, -1193.61925, 1291.153766315787, 268.30901684210585]","[3951.90297, -1131.06504, 1304.5456000000013, 250.21684000000005]","[4298.78455, -1135.20293, 1387.526320000002, -16.551559999999895]","[4648.82369, -1151.50555, 1400.1565599999994, -65.21048000000064]","[4578.725891868366, -1073.6264909660297, -280.39119252653836, 311.5162361358816]","[4470.524306942675, -990.6459811464968, -432.80633970276176, 331.9220392781317]","[4362.322722016985, -907.665471326964, -432.80633970276176, 331.9220392781308]","[4254.121137091295, -824.684961507431, -432.8063397027581, 331.92203927813216]","[4145.919552165606, -741.7044516878981, -432.8063397027581, 331.9220392781317]","[4037.717967239915, -658.7239418683653, -432.80633970276176, 331.92203927813125]"
192,People,"[3929.516382314225, -575.7434320488322, 0, 0]","[3821.314797388535, -492.7629222292994, -432.80633970275994, 331.92203927813125]","[3713.113212462845, -409.7824124097665, -432.80633970276176, 331.9220392781317]","[3604.9116275371553, -326.8019025902336, -432.8063397027581, 331.9220392781315]","[3496.710042611465, -243.82139277070064, -432.80633970276176, 331.92203927813193]","[3388.5084576857757, -160.8408829511677, -432.8063397027563, 331.9220392781317]","[3280.306872760085, -77.86037313163479, -432.8063397027636, 331.9220392781317]","[3172.1052878343958, 5.120136687898139, -432.8063397027563, 331.9220392781317]","[3063.903702908705, 88.10064650743107, -432.806339702764, 331.922039278132]","[2955.702117983016, 171.081156326964, -432.8063397027563, 331.9220392781317]","[2847.500533057325, 254.0616661464969, -432.8063397027636, 331.9220392781316]","[2739.298948131635, 337.0421759660296, -432.80633970275994, 331.9220392781309]","[2631.097363205945, 420.02268578556254, -432.80633970275994, 331.9220392781317]","[2522.895778280255, 503.0031956050954, -432.80633970275994, 331.9220392781315]","[2414.694193354565, 585.9837054246284, -432.80633970275994, 331.92203927813193]","[2306.492608428875, 668.9642152441613, -432.80633970275994, 331.9220392781317]"
193,People,"[2198.291023503185, 751.9447250636942, 0, 0]","[2090.089438577495, 834.9252348832272, -432.80633970275994, 331.9220392781317]","[1981.887853651805, 917.90574470276, -432.80633970275994, 331.92203927813125]","[1873.686268726115, 1000.886254522293, -432.80633970275994, 331.92203927813216]","[1765.484683800425, 1083.866764341826, -432.80633970275994, 331.9220392781317]","[1657.283098874735, 1166.8472741613589, -432.80633970275994, 331.9220392781317]","[1549.081513949045, 1249.8277839808918, -432.80633970275994, 331.9220392781317]","[1440.879929023355, 1332.8082938004247, -432.80633970275994, 331.9220392781317]","[1332.678344097665, 1415.7888036199577, -432.80633970276034, 331.922039278132]","[1224.4767591719751, 1498.7693134394906, -432.80633970275994, 331.9220392781317]","[1116.275174246285, 1581.7498232590235, -432.80633970276085, 331.9220392781317]","[1008.0735893205948, 1664.7303330785564, -432.8063397027604, 331.9220392781317]","[899.8720043949047, 1747.7108428980894, -432.8063397027604, 331.9220392781317]","[791.6704194692147, 1830.6913527176223, -432.80633970275994, 331.9220392781317]","[683.4688345435247, 1913.6718625371552, -432.80633970275994, 331.9220392781317]","[649.5093259740261, 1956.4827911131724, -135.83803427799467, 171.24371430406882]"
194,People,"[824.5364558441559, 1859.9372966790352, 0, 0]","[999.5635857142856, 1763.391802244898, 700.1085194805191, -386.181977736549]","[1174.5907155844156, 1666.846307810761, 700.10851948052, -386.1819777365481]","[1349.6178454545454, 1570.3008133766234, 700.1085194805191, -386.1819777365499]","[1524.6449753246752, 1473.7553189424862, 700.1085194805191, -386.181977736549]","[1699.6721051948052, 1377.209824508349, 700.10851948052, -386.181977736549]","[1874.6992350649348, 1280.6643300742114, 700.1085194805182, -386.1819777365499]","[2049.726364935065, 1184.1188356400742, 700.10851948052, -386.181977736549]","[2224.753494805195, 1087.573341205937, 700.1085194805206, -386.18197773654936]","[2399.7806246753244, 991.0278467717995, 700.1085194805182, -386.18197773654947]","[2574.8077545454544, 894.4823523376624, 700.10851948052, -386.18197773654856]","[2749.8348844155844, 797.9368579035249, 700.10851948052, -386.1819777365499]","[2924.8620142857144, 701.3913634693877, 700.10851948052, -386.181977736549]","[3099.889144155844, 604.8458690352504, 700.1085194805182, -386.181977736549]","[3274.916274025974, 508.3003746011132, 700.10851948052, -386.1819777365488]","[3449.9434038961035, 411.7548801669759, 700.1085194805182, -386.18197773654924]"
195,People,"[3624.9705337662335, 315.20938573283865, 0, 0]","[3799.997663636364, 218.6638912987012, 700.1085194805219, -386.1819777365498]","[3975.024793506493, 122.11839686456392, 700.1085194805164, -386.18197773654913]","[4150.051923376623, 25.572902430426662, 700.1085194805182, -386.181977736549]","[4325.079053246753, -70.97259200371059, 700.10851948052, -386.181977736549]","[4152.86427, -133.81166, -688.8591329870105, -251.3562719851576]","[3804.48569, -224.4048, -1393.5143200000002, -362.37256]","[3440.28162, -310.36638, -1456.816279999999, -343.84632]","[3032.69312, -334.23833, -1630.3540000000025, -95.48780000000019]","[2642.19370953125, -349.99365140625, -1561.9976418749993, -63.02128562500002]","[2260.830705625, -391.970663125, -1525.452015625, -167.90804687499985]","[1879.46770171875, -433.94767484375, -1525.452015625, -167.90804687500008]","[1453.04466, -475.93715, -1705.692166875, -167.95790062499987]","[1041.96317, -428.51153, -1644.3259600000001, 189.70247999999992]","[658.59524, -396.70836, -1533.47172, 127.21267999999986]","[329.41494, -394.984626, -1316.7212, 6.894936000000143]"
196,People,"[-21.80861333333334, -352.2213038888889, 0, 0]","[-370.2979466666668, -240.55332819444445, -1393.9573333333337, 446.67190277777775]","[-718.78728, -128.88535249999998, -1393.9573333333328, 446.67190277777786]","[-1061.58362, -40.7006, -1371.1853600000004, 352.7390099999999]","[-1419.6069, -18.53973, -1432.0931199999995, 88.64348000000001]","[-1799.60118, 50.89167, -1519.9771200000005, 277.7256]","[-2213.88475, 194.62104, -1657.1342800000002, 574.91748]","[-2600.99807, 307.10117, -1548.4532799999997, 449.9205200000001]","[-2962.7117, 377.62455, -1446.8545200000003, 282.0935200000001]","[-3308.97065, 457.80034, -1385.0358000000015, 320.70316]","[-3637.27893, 588.91122, -1313.233119999999, 524.4435199999998]","[-3975.15709, 727.55737, -1351.5126400000008, 554.5846000000001]","[-4303.546959357798, 823.732667706422, -1313.5594774311921, 384.7011908256882]","[-4626.931755229358, 914.1143672477064, -1293.5391834862385, 361.5267981651373]","[-4950.316551100917, 1004.4960667889908, -1293.5391834862385, 361.52679816513773]","[-5273.701346972477, 1094.877766330275, -1293.5391834862385, 361.5267981651373]"
197,People,"[-5602.381903333333, 1180.47023, 0, 0]","[-5530.694963827919, 1217.134002352941, 286.7477580216546, 146.6550894117645]","[-5441.9282594820015, 1252.810296470588, 355.06681738367115, 142.7051764705875]","[-5353.161555136085, 1288.4865905882352, 355.0668173836675, 142.70517647058932]","[-5264.394850790167, 1324.1628847058823, 355.06681738367115, 142.7051764705884]","[-5175.628146444249, 1359.8391788235294, 355.06681738367115, 142.7051764705884]","[-5086.861442098332, 1395.5154729411763, 355.0668173836675, 142.7051764705875]","[-4998.094737752414, 1431.1917670588234, 355.06681738367115, 142.7051764705884]","[-4909.328033406497, 1466.8680611764703, 355.0668173836715, 142.70517647058762]","[-4820.56132906058, 1502.5443552941174, 355.0668173836675, 142.7051764705884]","[-4731.794624714662, 1538.2206494117645, 355.06681738367115, 142.7051764705884]","[-4643.027920368744, 1573.8969435294116, 355.06681738367115, 142.7051764705884]","[-4554.261216022827, 1609.5732376470587, 355.0668173836675, 142.7051764705884]","[-4465.4945116769095, 1645.2495317647058, 355.06681738367115, 142.7051764705884]","[-4376.727807330992, 1680.925825882353, 355.06681738367115, 142.7051764705884]","[-4287.961102985075, 1716.60212, 355.0668173836675, 142.7051764705884]"
198,People,"[-4199.194398639157, 1752.278414117647, 0, 0]","[-4110.427694293239, 1787.954708235294, 355.06681738367115, 142.7051764705884]","[-4021.6609899473215, 1823.631002352941, 355.06681738367115, 142.7051764705884]","[-3932.8942856014046, 1859.307296470588, 355.0668173836675, 142.7051764705875]","[-3844.127581255488, 1894.983590588235, 355.0668173836657, 142.7051764705884]","[-3755.36087690957, 1930.6598847058824, 355.06681738367297, 142.70517647058932]","[-3666.594172563652, 1966.3361788235293, 355.06681738367115, 142.7051764705875]","[-3577.8274682177357, 2002.0124729411764, 355.0668173836657, 142.7051764705884]","[-3489.060763871817, 2037.6887670588235, 355.06681738367513, 142.70517647058853]","[-3400.2940595259, 2073.3650611764706, 355.0668173836675, 142.7051764705884]","[-3311.5273551799824, 2109.041355294117, 355.06681738367115, 142.70517647058477]","[-3222.760650834065, 2144.717649411765, 355.06681738366933, 142.70517647059205]","[-3133.993946488148, 2180.3939435294114, 355.0668173836675, 142.7051764705866]","[-3045.2272421422304, 2216.0702376470585, 355.06681738367115, 142.7051764705884]","[-2956.460537796313, 2251.7465317647057, 355.06681738366933, 142.7051764705884]","[-2867.6938334503952, 2287.4228258823528, 355.06681738367115, 142.7051764705884]"
199,People,"[-2778.927129104478, 2323.09912, 0, 0]","[-2690.16042475856, 2358.775414117647, 355.06681738367115, 142.7051764705884]","[-2601.393720412643, 2394.451708235294, 355.06681738366933, 142.7051764705884]","[-2512.627016066725, 2430.1280023529407, 355.06681738367115, 142.7051764705866]","[-2423.860311720808, 2465.8042964705883, 355.0668173836675, 142.70517647059023]","[-2335.0936073748903, 2501.480590588235, 355.06681738367115, 142.7051764705866]","[-2246.326903028973, 2537.1568847058825, 355.06681738366933, 142.70517647059023]","[-2157.560198683056, 2572.833178823529, 355.0668173836675, 142.7051764705866]","[-2068.793494337138, 2608.509472941176, 355.0668173836733, 142.70517647058853]","[-1980.0267899912203, 2644.185767058824, 355.06681738367024, 142.70517647059023]","[-1891.2600856453032, 2679.8620611764704, 355.0668173836684, 142.7051764705866]","[-1802.4933812993852, 2715.538355294117, 355.06681738367206, 142.7051764705866]","[-1713.726676953468, 2751.214649411764, 355.0668173836684, 142.7051764705884]","[-1624.9599726075508, 2786.890943529412, 355.06681738366933, 142.70517647059205]","[-1369.016320348837, 2785.657589883721, 1023.7746090348546, -4.933414582765181]","[-801.9691546511627, 2731.188895116279, 2268.1886627906974, -217.8747790697671]"
200,People,"[-234.9219889534884, 2676.7202003488374, 0, 0]","[332.1251767441861, 2622.251505581396, 2268.188662790698, -217.87477906976528]","[899.1723424418606, 2567.7828108139533, 2268.188662790698, -217.87477906977074]","[1466.2195081395348, 2513.314116046512, 2268.188662790697, -217.87477906976528]","[2033.2666738372093, 2458.8454212790693, 2268.188662790698, -217.87477906977074]","[2475.390480175439, 2411.496460701754, 1768.4952253529182, -189.39584230926084]","[2766.50716877193, 2374.092215087719, 1164.466754385965, -149.61698245614025]","[3057.6238573684213, 2336.6879694736845, 1164.466754385965, -149.61698245613843]","[3348.7405459649126, 2299.2837238596494, 1164.4667543859662, -149.6169824561404]","[3639.857234561404, 2261.8794782456143, 1164.466754385965, -149.61698245614025]","[3795.026414140625, 2246.204046640625, 620.676718316885, -62.701726419956685]","[3289.3676348437502, 2264.4968298437498, -2022.6351171874994, 73.1711328124984]","[2783.708855546875, 2282.789613046875, -2022.6351171875012, 73.17113281250022]","[2278.05007625, 2301.08239625, -2022.6351171874994, 73.17113281250022]","[1772.3912969531248, 2319.375179453125, -2022.6351171875012, 73.17113281250022]","[1266.73251765625, 2337.66796265625, -2022.6351171874994, 73.17113281250022]"
201,People,"[761.0737383593746, 2355.960745859375, 0, 0]","[255.41495906249972, 2374.2535290625, -2022.6351171874994, 73.17113281250022]","[-250.2438202343751, 2392.546312265625, -2022.6351171874994, 73.17113281250022]","[-755.90259953125, 2410.8390954687497, -2022.6351171874994, 73.1711328124984]","[-1261.5613788281255, 2429.131878671875, -2022.6351171875021, 73.17113281250022]","[-1262.94978, 2279.29674, -5.553604687497682, -599.3405546874983]","[-1230.33934, 2078.48649, 130.4417599999997, -803.2410000000018]","[-1212.69738, 1927.5517, 70.5678399999997, -603.7391599999992]","[-1237.37709, 1871.19148, -98.71883999999963, -225.4408800000003]","[-1367.0238, 1801.3612, -518.5868399999999, -279.3211199999996]","[-1475.96472, 1720.30676, -435.76368, -324.21776000000045]","[-1605.86211, 1686.94106, -519.5895600000003, -133.46279999999933]","[-1771.72596, 1709.93355, -663.4553999999998, 91.96995999999945]","[-1995.41068, 1708.83573, -894.7388799999999, -4.391279999999824]","[-2199.58331, 1672.79939, -816.6905200000001, -144.14536000000044]","[-2420.07488, 1653.60629, -881.9662800000006, -76.77239999999983]"
202,People,"[-2661.02099, 1602.0239, 0, 0]","[-2875.83214, 1496.48809, -859.2446, -422.1432399999994]","[-3117.24441, 1382.99745, -965.6490799999992, -453.96255999999994]","[-3410.56524, 1337.61686, -1173.2833200000005, -181.52235999999994]","[-3710.118094285714, 1321.3275099999998, -1198.2114171428566, -65.15740000000096]","[-4007.31936, 1270.75467, -1188.8050628571436, -202.29135999999926]","[-4310.22532, 1182.57624, -1211.6238399999984, -352.71371999999974]","[-4335.3069985126285, 1108.2789032273154, -100.32671405051587, -297.1893470907389]","[-4228.647702207671, 1054.032069738073, 426.63718521983213, -216.98733395696965]","[-4121.988405902713, 999.7852362488308, 426.63718521983174, -216.987333956969]","[-4015.329109597755, 945.5384027595884, 426.6371852198299, -216.98733395696945]","[-3908.669813292797, 891.2915692703461, 426.63718521983355, -216.987333956969]","[-3802.0105169878393, 837.0447357811039, 426.6371852198299, -216.987333956969]","[-3695.3512206828814, 782.7979022918616, 426.63718521983174, -216.987333956969]","[-3588.6919243779234, 728.5510688026193, 426.63718521983174, -216.98733395696945]","[-3482.032628072965, 674.304235313377, 426.63718521983355, -216.987333956969]"
203,People,"[-3375.373331768008, 620.0574018241348, 0, 0]","[-3268.71403546305, 565.8105683348925, 426.63718521983174, -216.987333956969]","[-3162.054739158092, 511.5637348456502, 426.63718521983174, -216.98733395696945]","[-3055.395442853134, 457.3169013564079, 426.63718521983174, -216.987333956969]","[-2948.7361465481763, 403.0700678671657, 426.63718521983174, -216.987333956969]","[-2842.0768502432184, 348.8232343779233, 426.63718521983174, -216.98733395696945]","[-2735.4175539382604, 294.57640088868106, 426.63718521983174, -216.987333956969]","[-2628.7582576333025, 240.3295673994388, 426.63718521983174, -216.9873339569691]","[-2522.098961328345, 186.08273391019645, 426.6371852198303, -216.98733395696954]","[-2415.4396650233866, 131.8359004209542, 426.63718521983355, -216.987333956969]","[-2308.7803687184287, 77.58906693171184, 426.63718521983174, -216.98733395696945]","[-2202.1210724134708, 23.342233442469706, 426.63718521983174, -216.98733395696854]","[-2095.461776108513, -30.904600046772657, 426.63718521983174, -216.98733395696945]","[-1988.802479803555, -85.15143353601502, 426.63718521983174, -216.98733395696945]","[-1882.143183498597, -139.39826702525716, 426.63718521983174, -216.98733395696854]","[-1775.4838871936397, -193.64510051449952, 426.637185219829, -216.98733395696945]"
204,People,"[-1668.8245908886815, -247.89193400374188, 0, 0]","[-1562.1652945837236, -302.138767492984, 426.63718521983174, -216.98733395696854]","[-1455.5059982787657, -356.3856009822264, 426.63718521983174, -216.98733395696945]","[-1348.8467019738075, -410.6324344714688, 426.63718521983265, -216.98733395696968]","[-1242.1874056688498, -464.8792679607109, 426.6371852198308, -216.9873339569683]","[-1135.528109363892, -519.1261014499532, 426.6371852198308, -216.98733395696945]","[-1028.868813058934, -573.3729349391956, 426.63718521983265, -216.98733395696945]","[-922.209516753976, -627.6197684284377, 426.63718521983174, -216.98733395696854]","[-815.5502204490181, -681.8666019176801, 426.63718521983213, -216.98733395696965]","[-708.8909241440601, -736.1134354069225, 426.63718521983174, -216.98733395696945]","[-602.2316278391022, -790.3602688961646, 426.63718521983174, -216.98733395696854]","[-495.5723315341447, -844.607102385407, 426.6371852198299, -216.98733395696945]","[-388.9130352291868, -898.8539358746493, 426.63718521983174, -216.98733395696945]","[-282.25373892422886, -953.1007693638916, 426.63718521983174, -216.987333956969]","[-175.59444261927092, -1007.3476028531338, 426.63718521983174, -216.987333956969]","[-68.93514631431299, -1061.5944363423762, 426.63718521983174, -216.98733395696945]"
205,People,"[37.72414999064495, -1115.8412698316183, 0, 0]","[144.38344629560288, -1170.0881033208605, 426.63718521983174, -216.98733395696854]","[-144.09857305810397, -1161.319330091743, -1153.9280774148274, 35.07509291646966]","[-469.4873307033639, -1026.314355321101, -1301.5550305810398, 540.0198990825684]","[-794.8760883486239, -891.3093805504586, -1301.5550305810398, 540.0198990825693]","[-1120.2648459938837, -756.3044057798165, -1301.5550305810393, 540.0198990825684]","[-1445.6536036391435, -621.2994310091742, -1301.5550305810393, 540.0198990825693]","[-1771.0423612844036, -486.294456238532, -1301.5550305810402, 540.0198990825688]","[-2096.431118929663, -351.2894814678898, -1301.5550305810395, 540.0198990825693]","[-2421.819876574923, -216.2845066972476, -1301.5550305810393, 540.0198990825688]","[-2747.2086342201837, -81.27953192660539, -1301.555030581043, 540.0198990825688]","[-3072.597391865443, 53.72544284403693, -1301.5550305810375, 540.0198990825693]","[-3397.986149510703, 188.73041761467903, -1301.5550305810393, 540.0198990825684]","[-3723.374907155963, 323.73539238532135, -1301.5550305810393, 540.0198990825693]","[-4048.763664801223, 458.7403671559634, -1301.5550305810411, 540.0198990825681]","[-4189.703085, 608.6050299999999, -563.7576807951082, 599.4586513761462]"
206,People,"[-3934.63466, 786.38642, 0, 0]","[-3652.46158, 967.5906, 1128.69232, 724.8167199999998]","[-3306.37063, 1081.33273, 1384.363800000001, 454.96852000000035]","[-2932.71876, 1181.92225, 1494.6074799999988, 402.35808]","[-2627.69133, 1319.48777, 1220.1097200000004, 550.2620799999995]","[-2344.47597, 1448.38172, 1132.8614400000006, 515.5758000000005]","[-2038.86761, 1525.72946, 1222.4334399999998, 309.3909599999997]","[-1730.10382, 1541.81411, 1235.05516, 64.33860000000004]","[-1420.45311, 1547.62117, 1238.6028400000016, 23.22823999999948]","[-1139.47542, 1586.28031, 1123.9107599999998, 154.63656000000083]","[-880.70077, 1620.86763, 1035.0985999999998, 138.34927999999945]","[-641.78394, 1593.1551, 955.66732, -110.85012000000006]","[-402.3505785869565, 1515.0085375, 957.7334456521742, -312.5862499999994]","[-162.91721717391306, 1436.861975, 957.7334456521737, -312.5862500000003]","[76.51614423913043, 1358.7154125, 957.7334456521739, -312.5862500000003]","[316.71918, 1291.92114, 960.8121430434783, -267.17709000000013]"
207,People,"[565.29535, 1168.33787, 0, 0]","[794.68846, 932.57349, 917.5724399999999, -943.0575200000003]","[1042.51262, 704.19601, 991.29664, -913.50992]","[1274.12881, 531.28055, 926.4647599999998, -691.6618400000002]","[1555.28842, 333.96399, 1124.6384400000006, -789.2662399999997]","[1783.16723, 84.93395, 911.5152399999997, -996.1201600000002]","[1970.59023, -194.51963, 749.692, -1117.81432]","[2183.27179, -388.3975, 850.726239999999, -775.5114799999999]","[2447.43663, -506.43906, 1056.6593600000024, -472.1662400000004]","[2757.12637, -621.14253, 1238.7589599999992, -458.8138799999999]","[3065.80012, -744.42336, 1234.6949999999997, -493.12332000000015]","[3391.90995, -880.60343, 1304.4393200000013, -544.72028]","[3693.86441, -905.71088, 1207.8178399999997, -100.42979999999989]","[4014.06106, -846.56599, 1280.7865999999995, 236.57955999999967]","[4155.751763319445, -807.1095626527779, 566.7628132777791, 157.82570938888875]","[4078.0768845, -792.4335005, -310.69951527777994, 58.704248611111325]"
208,People,"[4000.402005680556, -777.7574383472222, 0, 0]","[3922.727126861111, -763.0813761944445, -310.69951527777994, 58.70424861111087]","[3845.052248041666, -748.4053140416667, -310.69951527777994, 58.704248611111325]","[3767.377369222223, -733.7292518888889, -310.69951527777266, 58.70424861111087]","[3689.702490402778, -719.0531897361111, -310.69951527777994, 58.704248611111325]","[3612.0276115833335, -704.3771275833334, -310.6995152777781, 58.70424861111087]","[3534.352732763889, -689.7010654305556, -310.6995152777781, 58.704248611111325]","[3456.677853944445, -675.0250032777778, -310.6995152777763, 58.70424861111087]","[3379.0029751250004, -660.348941125, -310.6995152777784, 58.704248611111375]","[3301.328096305556, -645.6728789722222, -310.6995152777781, 58.704248611111325]","[3223.6532174861118, -630.9968168194445, -310.6995152777763, 58.70424861111087]","[3145.978338666667, -616.3207546666667, -310.69951527777994, 58.70424861111087]","[3068.3034598472223, -601.6446925138889, -310.6995152777781, 58.704248611111325]","[2990.6285810277777, -586.9686303611111, -310.6995152777781, 58.704248611111325]","[2912.9537022083337, -572.2925682083334, -310.6995152777763, 58.70424861111087]","[2835.278823388889, -557.6165060555555, -310.6995152777781, 58.704248611111325]"
209,People,"[2757.603944569445, -542.9404439027778, 0, 0]","[2679.9290657500005, -528.26438175, -310.6995152777781, 58.704248611111325]","[2602.254186930556, -513.5883195972222, -310.6995152777781, 58.704248611111325]","[2524.5793081111115, -498.9122574444445, -310.6995152777781, 58.70424861111064]","[2446.904429291667, -484.23619529166666, -310.6995152777781, 58.704248611111325]","[2369.2295504722224, -469.5601331388889, -310.6995152777781, 58.7042486111111]","[2291.554671652778, -454.8840709861111, -310.6995152777781, 58.7042486111111]","[2213.8797928333333, -440.2080088333333, -310.6995152777781, 58.704248611111325]","[2136.2049140138893, -425.5319466805556, -310.6995152777766, 58.70424861111069]","[2058.5300351944447, -410.8558845277777, -310.6995152777781, 58.70424861111178]","[1980.855156375, -396.179822375, -310.699515277779, 58.70424861111064]","[2018.19651130762, -337.98905648165567, 149.36541973048043, 232.7630635733774]","[1991.8054915522107, -259.3057984854186, -105.56407902163755, 314.7330319849482]","[1965.4144717968013, -180.62254048918155, -105.56407902163755, 314.7330319849483]","[1939.0234520413924, -101.93928249294449, -105.56407902163573, 314.73303198494824]","[1912.632432285983, -23.25602449670737, -105.56407902163755, 314.73303198494847]"
210,People,"[1886.2414125305736, 55.42723349952968, 0, 0]","[1859.850392775165, 134.11049149576678, -105.56407902163483, 314.7330319849484]","[1833.4593730197555, 212.79374949200383, -105.56407902163755, 314.7330319849482]","[1807.068353264346, 291.47700748824093, -105.56407902163846, 314.7330319849484]","[1780.677333508937, 370.160265484478, -105.56407902163573, 314.7330319849482]","[1754.2863137535278, 448.84352348071513, -105.56407902163664, 314.73303198494864]","[1727.8952939981186, 527.5267814769521, -105.56407902163664, 314.73303198494796]","[1701.5042742427097, 606.2100394731892, -105.56407902163573, 314.7330319849484]","[1675.1132544873, 684.8932974694262, -105.56407902163856, 314.73303198494824]","[1648.722234731891, 763.5765554656634, -105.56407902163664, 314.73303198494887]","[1622.3312149764818, 842.2598134619004, -105.56407902163664, 314.73303198494796]","[1595.9401952210724, 920.9430714581376, -105.56407902163755, 314.73303198494887]","[1569.5491754656632, 999.6263294543746, -105.56407902163664, 314.73303198494796]","[1543.158155710254, 1078.3095874506116, -105.56407902163664, 314.73303198494796]","[1516.767135954845, 1156.9928454468488, -105.56407902163664, 314.73303198494887]","[1490.3761161994355, 1235.6761034430858, -105.56407902163755, 314.73303198494796]"
211,People,"[1463.9850964440266, 1314.359361439323, 0, 0]","[1437.5940766886172, 1393.04261943556, -105.56407902163755, 314.73303198494796]","[1411.203056933208, 1471.725877431797, -105.56407902163664, 314.73303198494796]","[1384.8120371777989, 1550.4091354280342, -105.56407902163664, 314.73303198494887]","[1358.4210174223897, 1629.0923934242712, -105.56407902163664, 314.73303198494796]","[1332.0299976669803, 1707.7756514205082, -105.56407902163755, 314.73303198494796]","[1305.6389779115711, 1786.4589094167452, -105.56407902163664, 314.73303198494796]","[1279.247958156162, 1865.1421674129824, -105.56407902163664, 314.73303198494887]","[1252.8569384007528, 1943.82542540922, -105.56407902163674, 314.73303198495097]","[1226.4659186453437, 2022.5086834054568, -105.56407902163664, 314.73303198494705]","[1200.0748988899345, 2101.191941401694, -105.56407902163664, 314.73303198494796]","[1173.6838791345251, 2179.8751993979304, -105.56407902163755, 314.73303198494614]","[1147.292859379116, 2258.558457394168, -105.56407902163664, 314.7330319849498]","[1120.9018396237066, 2337.2417153904053, -105.56407902163755, 314.7330319849498]","[1094.5108198682974, 2415.924973386642, -105.56407902163664, 314.73303198494614]","[1068.1198001128882, 2494.6082313828792, -105.56407902163664, 314.7330319849498]"
212,People,"[1041.728780357479, 2573.291489379116, 0, 0]","[1015.3377606020698, 2651.974747375353, -105.5640790216371, 314.7330319849498]","[988.9467408466604, 2730.6580053715907, -105.56407902163755, 314.7330319849498]","[962.5557210912514, 2809.341263367827, -105.56407902163619, 314.73303198494614]","[936.1647013358422, 2888.0245213640646, -105.56407902163664, 314.7330319849498]","[909.773681580433, 2966.707779360301, -105.56407902163664, 314.73303198494614]","[738.00589, 2935.19486, -687.0711663217321, -126.05167744120445]","[598.7599, 2939.01024, -556.98396, 15.261520000000019]","[602.30013, 2953.02985, 14.160919999999818, 56.07843999999937]","[637.93742, 3021.9083, 142.54916000000003, 275.51380000000063]","[646.76987, 3138.04092, 35.32979999999998, 464.53047999999944]","[637.35351, 3235.27957, -37.66543999999976, 388.95460000000094]","[654.25186, 3255.13981, 67.59339999999975, 79.4409599999999]","[706.93004, 3222.82621, 210.71272, -129.2543999999998]","[726.27694, 3203.37255, 77.38760000000002, -77.81464000000051]","[754.31126, 3217.46701, 112.13727999999992, 56.377839999999196]"
213,People,"[781.84026, 3234.25203, 0, 0]","[802.84742, 3260.01147, 84.02864000000045, 103.03775999999925]","[887.72409, 3236.76049, 339.50667999999996, -93.0039199999992]","[969.45867, 3178.88798, 326.93831999999975, -231.4900400000006]","[1018.22949, 3143.76354, 195.0832800000003, -140.4977600000002]","[1048.10155, 3147.81555, 119.48824000000013, 16.208039999999528]","[1047.07097, 3165.46842, -4.1223200000004, 70.6114800000014]","[1044.65417, 3176.20336, -9.667199999999866, 42.939759999999296]","[1039.93605, 3179.69024, -18.872480000000014, 13.947519999999725]","[1031.23253, 3183.84405, -34.814080000000104, 16.615240000000995]","[1026.24663, 3185.50019, -19.943599999999606, 6.624560000000201]","[1022.58899, 3189.41524, -14.630560000000514, 15.66019999999844]","[1018.20052, 3188.3809, -17.553879999999936, -4.137359999998807]","[1016.28689, 3182.25527, -7.654520000000048, -24.502520000000004]","[1011.73242, 3172.75946, -18.217879999999695, -37.98323999999957]","[992.87644, 3164.90002, -75.42392000000018, -31.437760000000708]"
214,People,"[963.59401, 3168.01565, 0, 0]","[928.35762, 3175.57977, -140.9455600000001, 30.25648000000001]","[887.91164, 3173.44653, -161.78391999999985, -8.532959999998639]","[920.36575, 3135.92259, 129.81644000000006, -150.09576000000015]","[1043.55346, 3072.91024, 492.75084000000015, -252.04939999999988]","[1161.20843, 2982.49014, 470.6198799999993, -361.6804000000011]","[1286.72038, 2876.6232, 502.0478000000003, -423.46775999999954]","[1421.43972, 2738.35532, 538.8773600000004, -553.0715199999995]","[1575.76025, 2575.29898, 617.2821200000004, -652.2253600000009]","[1821.354815540897, 2486.7057078627968, 982.3782621635883, -354.37308854881303]","[2152.0168386279684, 2435.975823957784, 1322.648092348285, -202.91953562005074]","[2482.67886171504, 2385.2459400527705, 1322.6480923482868, -202.91953562005438]","[2813.340884802111, 2334.5160561477574, 1322.6480923482832, -202.91953562005256]","[3144.002907889182, 2283.786172242744, 1322.648092348285, -202.91953562005256]","[3474.6649309762533, 2233.056288337731, 1322.648092348285, -202.91953562005256]","[3805.3269540633246, 2182.326404432718, 1322.648092348285, -202.91953562005256]"
215,People,"[4135.988977150396, 2131.5965205277043, 0, 0]","[4466.651000237467, 2080.866636622691, 1322.648092348285, -202.91953562005256]","[4797.313023324538, 2030.136752717678, 1322.648092348285, -202.91953562005256]","[5127.97504641161, 1979.406868812665, 1322.648092348285, -202.91953562005256]","[5458.637069498681, 1928.676984907652, 1322.648092348285, -202.91953562005165]","[5789.299092585752, 1877.9471010026384, 1322.648092348285, -202.91953562005438]","[6119.961115672823, 1827.2172170976253, 1322.648092348285, -202.91953562005256]","[6450.623138759895, 1776.487333192612, 1322.648092348285, -202.91953562005347]","[6779.78637, 1728.231, 1316.652924960422, -193.02533277044785]","[6360.1924003, 1695.7753239800002, -1678.3758787999977, -129.8227040799993]","[5706.3709928, 1668.17318448, -2615.285630000002, -110.408558000001]","[5052.5495853, 1640.57104498, -2615.2856299999985, -110.40855800000008]","[4398.7281778, 1612.96890548, -2615.285630000002, -110.40855799999918]","[3744.9067703, 1585.36676598, -2615.2856299999985, -110.40855800000008]","[3091.0853628, 1557.76462648, -2615.2856300000003, -110.40855800000008]","[2437.2639553, 1530.16248698, -2615.2856300000003, -110.40855800000008]"
216,People,"[1783.4425478000005, 1502.56034748, 0, 0]","[1129.6211402999998, 1474.95820798, -2615.285630000003, -110.40855800000008]","[475.7997328000001, 1447.35606848, -2615.2856299999985, -110.40855800000008]","[-178.0216747000004, 1419.7539289800002, -2615.285630000002, -110.40855799999918]","[-831.8430822, 1392.15178948, -2615.2856299999985, -110.408558000001]","[-1485.6644896999996, 1364.54964998, -2615.2856299999985, -110.40855800000008]","[-2139.4858971999997, 1336.94751048, -2615.2856300000003, -110.40855800000008]","[-2793.3073047000007, 1309.34537098, -2615.285630000004, -110.40855799999918]","[-3447.1287122000003, 1281.74323148, -2615.2856300000008, -110.40855800000018]","[-4100.9501197, 1254.14109198, -2615.2856299999985, -110.40855800000008]","[-4754.7715272, 1226.53895248, -2615.2856299999985, -110.40855800000008]","[-5408.592934699999, 1198.93681298, -2615.2856299999985, -110.40855800000008]","[-6062.414342200001, 1171.3346734800002, -2615.2856300000058, -110.40855799999918]","[-5975.936202203389, 1198.0567272881356, 345.91255998644556, 106.88821523254137]","[-5653.109469152542, 1245.1470429661017, 1291.306932203388, 188.36126271186458]","[-5330.282736101694, 1292.2373586440676, 1291.3069322033916, 188.36126271186367]"
217,People,"[-5007.456003050847, 1339.3276743220338, 0, 0]","[-4684.629269999999, 1386.41799, 1291.3069322033916, 188.36126271186458]","[-4361.802536949152, 1433.508305677966, 1291.306932203388, 188.36126271186458]","[-4038.975803898305, 1480.5986213559322, 1291.3069322033898, 188.36126271186458]","[-3716.1490708474576, 1527.688937033898, 1291.3069322033898, 188.36126271186276]","[-3393.32233779661, 1574.7792527118645, 1291.3069322033898, 188.3612627118664]","[-3116.970654545454, 1599.2678299845918, 1105.4067330046237, 97.95430909090919]","[-3088.300870454545, 1508.9721423882895, 114.67913636363664, -361.18275038520915]","[-3059.6310863636363, 1418.6764547919877, 114.67913636363492, -361.18275038520767]","[-3030.961302272727, 1328.3807671956856, 114.67913636363664, -361.18275038520824]","[-3002.291518181818, 1238.0850795993838, 114.67913636363664, -361.1827503852073]","[-2973.6217340909093, 1147.7893920030815, 114.67913636363483, -361.18275038520915]","[-2944.95195, 1057.4937044067797, 114.67913636363664, -361.1827503852073]","[-2916.282165909091, 967.1980168104776, 114.67913636363664, -361.18275038520824]","[-2887.612381818182, 876.9023292141757, 114.67913636363664, -361.1827503852078]","[-2858.9425977272726, 786.6066416178736, 114.67913636363664, -361.18275038520824]"
218,People,"[-2830.2728136363635, 696.3109540215715, 0, 0]","[-2801.603029545455, 606.0152664252696, 114.67913636363483, -361.1827503852078]","[-2772.9332454545456, 515.7195788289675, 114.67913636363664, -361.18275038520824]","[-2744.2634613636365, 425.4238912326655, 114.67913636363664, -361.18275038520824]","[-2715.5936772727277, 335.12820363636365, 114.67913636363483, -361.1827503852073]","[-2686.923893181818, 244.8325160400616, 114.67913636363846, -361.18275038520824]","[-2658.254109090909, 154.53682844375953, 114.67913636363664, -361.18275038520824]","[-2629.584325, 64.24114084745747, 114.67913636363664, -361.18275038520824]","[-2600.91454090909, -26.054546748844587, 114.67913636363856, -361.1827503852086]","[-2572.244756818182, -116.35023434514642, 114.679136363633, -361.1827503852073]","[-2543.574972727273, -206.64592194144848, 114.67913636363664, -361.18275038520824]","[-2514.905188636364, -296.94160953775054, 114.67913636363483, -361.18275038520824]","[-2486.2354045454545, -387.2372971340526, 114.67913636363846, -361.18275038520824]","[-2457.5656204545458, -477.5329847303544, 114.67913636363483, -361.1827503852073]","[-2428.8958363636366, -567.8286723266567, 114.67913636363664, -361.18275038520915]","[-2400.2260522727274, -658.1243599229585, 114.67913636363664, -361.1827503852073]"
219,People,"[-2371.5562681818183, -748.4200475192604, 0, 0]","[-2342.886484090909, -838.7157351155627, 114.67913636363664, -361.18275038520915]","[-2314.2167, -929.0114227118644, 114.67913636363664, -361.1827503852069]","[-2285.546915909091, -1019.3071103081668, 114.67913636363664, -361.1827503852096]","[-2256.8771318181816, -1109.6027979044686, 114.67913636363664, -361.1827503852073]","[-2228.207347727273, -1199.8984855007704, 114.67913636363483, -361.1827503852073]","[-2199.537563636364, -1290.1941730970727, 114.67913636363483, -361.18275038520915]","[-2170.8677795454546, -1380.4898606933746, 114.67913636363846, -361.1827503852073]","[-2142.197995454545, -1470.7855482896769, 114.67913636363856, -361.1827503852095]","[-2113.5282113636363, -1561.081235885979, 114.67913636363483, -361.18275038520824]","[-2084.858427272728, -1651.3769234822803, 114.679136363633, -361.1827503852055]","[-2056.1886431818184, -1741.6726110785828, 114.67913636363846, -361.18275038521006]","[-2027.5188590909088, -1831.9682986748849, 114.67913636363846, -361.18275038520824]","[-1998.849075, -1922.2639862711865, 114.67913636363483, -361.1827503852064]","[-1970.179290909091, -2012.5596738674888, 114.67913636363664, -361.18275038520915]","[-1941.5095068181815, -2102.8553614637904, 114.67913636363755, -361.1827503852064]"
220,People,"[-1912.8397227272728, -2193.151049060093, 0, 0]","[-1884.169938636364, -2283.446736656395, 114.67913636363573, -361.1827503852073]","[-1855.5001545454545, -2373.7424242526968, 114.67913636363755, -361.1827503852073]","[-1826.8303704545456, -2464.0381118489986, 114.67913636363573, -361.1827503852073]","[-1798.1605863636364, -2554.3337994453004, 114.67913636363664, -361.1827503852073]","[-1769.4908022727273, -2644.6294870416023, 114.67913636363664, -361.1827503852073]","[-1740.8210181818183, -2734.925174637905, 114.67913636363573, -361.18275038521097]","[-1712.1512340909092, -2825.220862234207, 114.67913636363664, -361.1827503852073]","[-1683.48145, -2915.5165498305087, 114.67913636363674, -361.18275038520767]","[-1654.811665909091, -3005.8122374268105, 114.67913636363573, -361.1827503852073]","[-1636.14915, -3073.45196, 74.6500636363644, -270.5588902927575]","[-1640.82244, -3071.04921, -18.693159999999807, 9.610999999998967]","[-1636.26242, -3071.37609, 18.24007999999958, -1.3075200000002951]","[-1637.12147, -3069.66311, -3.436200000000099, 6.851920000000973]","[-1629.723246545455, -3069.7527645454543, 29.592893818180528, -0.35861818181729177]","[-1619.1080056363635, -3069.920506969697, 42.460963636365705, -0.6709696969701326]"
221,People,"[-1608.4927647272727, -3070.08824939394, 0, 0]","[-1597.877523818182, -3070.255991818182, 42.460963636362976, -0.6709696969683137]","[-1587.262282909091, -3070.4237342424244, 42.460963636363886, -0.6709696969701326]","[-1576.647042, -3070.5914766666665, 42.460963636363886, -0.6709696969683137]","[-1568.92706, -3068.53886, 30.87992800000029, 8.210466666665525]","[-1619.04917, -3055.88026, -200.48844000000008, 50.634400000000824]","[-1633.48049, -3042.74977, -57.72527999999966, 52.521960000000036]","[-1634.83632, -3041.69552, -5.423319999999876, 4.216999999998734]","[-1628.905871111111, -3042.7541822222224, 23.72179555555524, -4.234648888888845]","[-1625.742547777778, -3056.449094074074, 12.65329333333193, -54.77964740740572]","[-1615.5131, -3073.97851, 40.91779111111282, -70.11766370370424]","[-1631.41582, -3043.62632, -63.61088000000018, 121.40876000000026]","[-1589.2804444444444, -2961.208496, 168.54150222222233, 329.6712959999986]","[-1484.98875, -2871.096896, 417.1667777777775, 360.4464000000007]","[-1351.26362, -2757.75953, 534.9005200000001, 453.3494640000008]","[-1226.96536, -2602.9576, 497.1930400000001, 619.2077199999985]"
222,People,"[-1096.23388, -2439.92872, 0, 0]","[-924.06287, -2314.82837, 688.6840400000001, 500.40139999999883]","[-691.1603, -2260.64229, 931.6102799999999, 216.7443200000016]","[-389.01669, -2238.77182, 1208.57444, 87.48187999999936]","[-102.05141, -2198.03738, 1147.86112, 162.9377599999989]","[191.39329, -2121.11111, 1173.7788, 307.70508000000154]","[505.4719707467533, -2046.4228214610391, 1256.3147229870133, 298.7531541558428]","[814.5267053246753, -1984.099073896104, 1236.218938311688, 249.2949902597402]","[1123.5814399025974, -1921.7753263311688, 1236.2189383116895, 249.29499025974133]","[1432.6361744805197, -1859.4515787662335, 1236.2189383116893, 249.2949902597411]","[1741.690909058441, -1797.1278312012987, 1236.2189383116856, 249.29499025973928]","[2050.745643636364, -1734.8040836363637, 1236.218938311692, 249.2949902597402]","[2359.800378214285, -1672.4803360714286, 1236.2189383116838, 249.2949902597402]","[2668.855112792208, -1610.1565885064936, 1236.218938311691, 249.2949902597402]","[2977.90984737013, -1547.8328409415583, 1236.2189383116893, 249.2949902597411]","[3286.964581948052, -1485.5090933766232, 1236.2189383116875, 249.2949902597402]"
223,People,"[3596.0193165259743, -1423.1853458116884, 0, 0]","[3905.074051103896, -1360.8615982467531, 1236.2189383116875, 249.2949902597411]","[4203.263015, -1281.36847, 1192.755855584417, 317.97251298701303]","[4481.1854, -1152.89026, 1111.6895399999994, 513.91284]","[4443.325033573487, -1071.123312910663, -151.44146570605153, 327.06778835734804]","[3947.053242507204, -999.6517451873198, -1985.0871642651346, 285.8862708933725]","[3450.781451440922, -928.1801774639767, -1985.0871642651273, 285.88627089337206]","[2954.50966037464, -856.708609740634, -1985.0871642651273, 285.88627089337115]","[2458.2378693083574, -785.2370420172911, -1985.0871642651327, 285.88627089337183]","[1961.966078242075, -713.765474293948, -1985.08716426513, 285.88627089337206]","[1465.6942871757924, -642.2939065706051, -1985.08716426513, 285.8862708933716]","[969.42249610951, -570.8223388472622, -1985.0871642651296, 285.8862708933716]","[473.1507050432274, -499.3507711239192, -1985.0871642651305, 285.8862708933723]","[-23.12108602305489, -427.87920340057633, -1985.087164265129, 285.8862708933714]","[-519.3928770893372, -356.40763567723343, -1985.087164265129, 285.8862708933716]","[-1015.6646681556194, -284.93606795389053, -1985.087164265129, 285.8862708933716]"
224,People,"[-1511.9364592219015, -213.46450023054751, 0, 0]","[-2008.208250288184, -141.9929325072046, -1985.08716426513, 285.8862708933716]","[-2414.2896257142856, -91.9918425, -1624.3255017044066, 200.00436002881844]","[-2736.167366785714, -63.816639375, -1287.5109642857133, 112.70081250000001]","[-3058.0451078571427, -35.64143625000001, -1287.510964285715, 112.70081249999996]","[-3379.9228489285715, -7.466233125000002, -1287.510964285715, 112.70081250000004]","[-3701.80059, 20.70897, -1287.5109642857133, 112.70081250000001]","[-4033.621005, 75.480397, -1327.2816600000006, 219.08570799999998]","[-4367.7599659375, 119.4331266875, -1336.5558437500015, 175.81091875000018]","[-4701.898926875, 163.385856375, -1336.5558437500003, 175.81091874999998]","[-5036.037887812499, 207.3385860625, -1336.5558437499967, 175.81091875000004]","[-5370.176848749999, 251.29131575, -1336.5558437500003, 175.81091874999993]","[-5704.3158096875, 295.24404543749995, -1336.555843750004, 175.81091874999981]","[-6038.37198, 338.24948, -1336.224681249998, 172.02173825000023]","[-6354.65202, 399.47415, -1265.1201600000022, 244.89868]","[-6160.801578346457, 363.935068976378, 775.4017666141735, -142.15632409448813]"
225,People,"[-5946.256232874016, 323.51442207677167, 0, 0]","[-5731.710887401575, 283.09377517716536, 858.1813818897645, -161.68258759842524]","[-5517.165541929134, 242.67312827755904, 858.1813818897645, -161.68258759842524]","[-5302.6201964566935, 202.2524813779528, 858.1813818897608, -161.68258759842502]","[-5088.074850984252, 161.83183447834645, 858.1813818897645, -161.68258759842536]","[-4873.529505511811, 121.41118757874015, 858.1813818897645, -161.6825875984252]","[-4658.98416003937, 80.99054067913386, 858.1813818897645, -161.6825875984252]","[-4444.438814566929, 40.56989377952755, 858.1813818897645, -161.68258759842524]","[-4229.893469094488, 0.1492468799212361, 858.1813818897652, -161.68258759842539]","[-4015.3481236220473, -40.27140001968508, 858.1813818897626, -161.68258759842527]","[-3800.802778149607, -80.69204691929139, 858.1813818897608, -161.68258759842521]","[-3586.257432677165, -121.11269381889764, 858.1813818897681, -161.68258759842502]","[-3371.7120872047244, -161.533340718504, 858.1813818897626, -161.68258759842547]","[-3157.166741732284, -201.95398761811023, 858.1813818897608, -161.6825875984249]","[-2942.621396259842, -242.37463451771663, 858.1813818897681, -161.68258759842558]","[-2728.076050787401, -282.7952814173229, 858.1813818897645, -161.68258759842502]"
226,People,"[-2513.530705314961, -323.21592831692925, 0, 0]","[-2298.98535984252, -363.6365752165355, 858.1813818897626, -161.68258759842502]","[-2084.440014370078, -404.0572221161419, 858.1813818897681, -161.68258759842547]","[-1869.8946688976373, -444.4778690157481, 858.1813818897635, -161.68258759842502]","[-1655.349323425197, -484.8985159153544, 858.1813818897608, -161.68258759842502]","[-1440.8039779527562, -525.3191628149607, 858.1813818897635, -161.68258759842524]","[-1226.258632480315, -565.739809714567, 858.1813818897645, -161.68258759842502]","[-1011.713287007874, -606.1604566141734, 858.1813818897645, -161.68258759842593]","[-797.1679415354329, -646.5811035137797, 858.1813818897652, -161.68258759842516]","[-582.6225960629927, -687.0017504133859, 858.1813818897608, -161.68258759842502]","[-368.0772505905516, -727.4223973129922, 858.1813818897642, -161.68258759842502]","[-153.53190511811044, -767.8430442125984, 858.1813818897647, -161.68258759842502]","[61.01344035433067, -808.2636911122049, 858.1813818897645, -161.68258759842593]","[275.5587858267718, -848.6843380118112, 858.1813818897645, -161.68258759842502]","[490.1041312992129, -889.1049849114174, 858.1813818897645, -161.68258759842502]","[704.6494767716531, -929.5256318110236, 858.1813818897608, -161.68258759842456]"
227,People,"[919.1948222440942, -969.94627871063, 0, 0]","[1133.740167716535, -1010.3669256102364, 858.1813818897635, -161.68258759842547]","[1348.2855131889764, -1050.787572509843, 858.1813818897654, -161.68258759842593]","[1562.8308586614176, -1091.208219409449, 858.1813818897645, -161.6825875984241]","[1777.376204133859, -1131.6288663090552, 858.1813818897654, -161.68258759842502]","[1991.9215496062989, -1172.0495132086617, 858.1813818897599, -161.68258759842593]","[2206.46689507874, -1212.470160108268, 858.1813818897645, -161.68258759842502]","[2235.75749, -1241.2376, 117.16237968503992, -115.06975956692804]","[1886.398570769231, -1244.190086923077, -1397.4356769230774, -11.809947692308025]","[1557.5154, -1314.56494, -1315.5326830769236, -281.4994123076922]","[1255.62598, -1395.20569, -1207.55768, -322.5630000000001]","[923.18411, -1457.20581, -1329.76748, -248.0004799999997]","[583.83047, -1507.70802, -1357.4145600000002, -202.00884000000042]","[249.39113, -1596.6706, -1337.75736, -355.85031999999956]","[-33.18727, -1755.14915, -1130.3136, -633.9142000000002]","[-298.51406, -1956.82065, -1061.3071599999998, -806.6859999999997]"
228,People,"[-578.449, -2122.95667, 0, 0]","[-826.97958, -2271.77542, -994.1223200000004, -595.2749999999996]","[-1050.70254, -2426.02565, -894.8918399999998, -617.0009200000004]","[-1200.6878, -2604.78874, -599.9410399999997, -715.0523599999997]","[-1351.30656, -2738.35994, -602.4750400000003, -534.2847999999994]","[-1539.47096, -2773.04172, -752.6576000000005, -138.72712000000138]","[-1677.3436, -2769.85432, -551.4905599999993, 12.74960000000101]","[-1690.15689, -2691.77633, -51.25316000000021, 312.3119599999991]","[-1628.70409, -2584.85797, 245.81120000000033, 427.6734400000009]","[-1476.54899, -2528.80573, 608.6203999999998, 224.20895999999993]","[-1291.60222, -2511.07318, 739.7870800000001, 70.9302000000007]","[-1058.86374, -2536.1346, 930.9539199999999, -100.24568]","[-789.56298, -2527.52994, 1077.2030399999999, 34.41863999999987]","[-496.53151, -2473.67339, 1172.12588, 215.42619999999988]","[-200.3932, -2399.74965, 1184.5532400000002, 295.6949599999989]","[87.2467, -2373.47238, 1150.5596, 105.10908000000018]"
229,People,"[418.53265, -2349.62514, 0, 0]","[742.65967, -2282.32186, 1296.50808, 269.21312000000034]","[1056.38372, -2138.77979, 1254.8962000000001, 574.1682799999999]","[1340.87976, -1994.58466, 1137.98416, 576.7805200000003]","[1612.95765, -1885.72005, 1088.31156, 435.45844000000034]","[1875.0347152747247, -1723.4492351648353, 1048.3082610988986, 649.0832593406585]","[2118.514855384615, -1542.2856692307691, 973.920560439562, 724.6542637362645]","[2361.994995494505, -1361.1221032967032, 973.9205604395593, 724.6542637362636]","[2605.0367, -1182.20313, 972.1668180219813, 715.6758931868133]","[2872.86677, -1045.94249, 1071.32028, 545.0425600000008]","[3182.339721304348, -886.800532173913, 1237.8918052173922, 636.5678313043477]","[3454.96161, -688.59088, 1090.4875547826068, 792.838608695652]","[3705.1893418181817, -498.8105772727273, 1000.9109272727273, 759.1212109090907]","[3969.00328, -347.24413, 1055.255752727273, 606.2657890909093]","[4122.517183589385, -286.9388347067039, 614.0556143575413, 241.22118117318428]","[3929.331415782123, -333.6216255586592, -772.7430712290497, -186.7311634078212]"
230,People,"[3736.14564797486, -380.3044164106145, 0, 0]","[3542.959880167597, -426.9872072625699, -772.7430712290516, -186.73116340782144]","[3349.774112360335, -473.66999811452513, -772.7430712290479, -186.731163407821]","[3156.5883445530726, -520.3527889664805, -772.7430712290497, -186.73116340782144]","[2963.4025767458097, -567.0355798184357, -772.7430712290516, -186.731163407821]","[2770.2168089385477, -613.7183706703911, -772.7430712290479, -186.73116340782144]","[2577.031041131285, -660.4011615223465, -772.7430712290516, -186.73116340782144]","[2383.845273324022, -707.0839523743017, -772.7430712290516, -186.731163407821]","[2190.65950551676, -753.766743226257, -772.7430712290486, -186.73116340782116]","[1997.473737709497, -800.4495340782123, -772.7430712290516, -186.73116340782144]","[1804.2879699022344, -847.1323249301677, -772.7430712290507, -186.73116340782144]","[1611.1022020949722, -893.815115782123, -772.7430712290488, -186.73116340782144]","[1417.9164342877093, -940.4979066340782, -772.7430712290516, -186.73116340782053]","[1224.7306664804469, -987.1806974860336, -772.7430712290497, -186.7311634078219]","[1031.5448986731844, -1033.8634883379889, -772.7430712290497, -186.731163407821]","[838.3591308659215, -1080.5462791899442, -772.7430712290516, -186.73116340782144]"
231,People,"[-1604.53929, -878.50416, 0, 0]","[-1260.21659, -1032.39026, 1377.2907999999998, -615.5443999999998]","[-893.39421, -1069.20922, 1467.2895199999998, -147.27584000000024]","[-503.75805, -1051.29968, 1558.54464, 71.63815999999952]","[-131.47085, -1112.53147, 1489.1488, -244.92715999999928]","[260.09331, -1150.80167, 1566.25664, -153.08080000000064]","[635.93025, -1103.78525, 1503.34776, 188.0656800000006]","[998.35203, -1046.21237, 1449.68712, 230.29151999999976]","[1360.55264, -1073.05048, 1448.8024400000018, -107.35244000000067]","[1723.24981, -1049.46796, 1450.7886799999997, 94.33008000000063]","[2084.80852, -959.2618, 1446.23484, 360.8246399999998]","[2453.2483, -885.01626, 1473.7591200000006, 296.98216]","[2825.5291, -910.60295, 1489.1232, -102.3467599999999]","[3185.63481, -866.33979, 1440.4228399999993, 177.05263999999988]","[3537.38025, -761.0546, 1406.9817600000006, 421.1407599999998]","[3895.79786, -716.39527, 1433.6704399999999, 178.63732000000027]"
232,People,"[4250.00244, -737.05277, 0, 0]","[4592.82384, -675.32603, 1371.2855999999992, 246.90696000000025]","[4955.54446, -567.4898, 1450.8824800000002, 431.34492]","[4958.188502444988, -563.9191177750611, 10.576169779953489, 14.282728899755512]","[4935.773713325183, -566.1241883740831, -89.65915647922156, -8.82028239608826]","[4913.358924205379, -568.3292589731051, -89.65915647921793, -8.820282396087805]","[4890.944135085574, -570.5343295721271, -89.65915647921793, -8.82028239608826]","[4868.52934596577, -572.7394001711491, -89.65915647921793, -8.820282396087805]","[4846.114556845965, -574.9444707701712, -89.65915647921801, -8.820282396088267]","[4823.699767726161, -577.1495413691931, -89.65915647921793, -8.820282396087805]","[4801.284978606357, -579.3546119682152, -89.65915647921429, -8.82028239608826]","[4778.870189486553, -581.5596825672371, -89.65915647921793, -8.820282396087805]","[4756.455400366748, -583.7647531662592, -89.65915647921793, -8.82028239608826]","[4734.040611246944, -585.9698237652811, -89.65915647921793, -8.820282396087805]","[4711.625822127139, -588.1748943643032, -89.65915647921793, -8.82028239608826]","[4689.211033007335, -590.3799649633252, -89.65915647921793, -8.820282396087805]"
233,People,"[4666.79624388753, -592.5850355623472, 0, 0]","[4644.381454767726, -594.7901061613692, -89.65915647921793, -8.820282396087805]","[4621.966665647921, -596.9951767603912, -89.65915647921793, -8.82028239608826]","[4599.551876528117, -599.2002473594132, -89.65915647921793, -8.820282396087805]","[4577.137087408312, -601.4053179584353, -89.65915647921793, -8.82028239608826]","[4554.722298288509, -603.6103885574572, -89.65915647921429, -8.820282396087805]","[4532.307509168704, -605.8154591564793, -89.65915647921793, -8.82028239608826]","[4509.8927200489, -608.0205297555012, -89.65915647921793, -8.820282396087805]","[4487.477930929095, -610.2256003545233, -89.65915647921801, -8.820282396088267]","[4465.063141809291, -612.4306709535452, -89.65915647921793, -8.820282396087805]","[4442.648352689486, -614.6357415525673, -89.65915647921793, -8.82028239608826]","[4420.233563569682, -616.8408121515893, -89.65915647921793, -8.820282396087805]","[4397.818774449877, -619.0458827506113, -89.65915647921793, -8.82028239608826]","[4375.403985330073, -621.2509533496333, -89.65915647921793, -8.820282396087805]","[4352.989196210268, -623.4560239486553, -89.65915647921793, -8.82028239608826]","[4330.574407090464, -625.6610945476773, -89.65915647921793, -8.820282396087805]"
234,People,"[4308.159617970659, -627.8661651466994, 0, 0]","[4285.744828850855, -630.0712357457213, -89.65915647921793, -8.820282396087805]","[4263.330039731051, -632.2763063447433, -89.65915647921429, -8.820282396087805]","[4165.52265, -620.91022, -391.2295589242058, 45.46434537897312]","[3824.67551, -527.94952, -1363.3885599999994, 371.8427999999999]","[3453.35416, -479.77747, -1485.2854000000007, 192.68820000000005]","[3066.59308, -518.37027, -1547.044319999999, -154.37120000000004]","[2706.71684, -504.04545, -1439.5049600000002, 57.29927999999995]","[2357.39339, -429.70954, -1397.2938000000006, 297.34364000000033]","[2013.05096, -408.63586, -1377.3697200000006, 84.2947200000001]","[1649.09066, -468.17073, -1455.8411999999998, -238.13948000000005]","[1288.56829, -471.63122, -1442.0894800000005, -13.841959999999972]","[921.00546, -424.60363, -1470.2513199999999, 188.1103599999999]","[530.83387, -462.4248, -1560.6863599999997, -151.28467999999998]","[133.03502, -559.26708, -1591.1954, -387.36911999999984]","[-260.84323, -585.91175, -1575.513, -106.57868000000008]"
235,People,"[-671.90993, -577.1606, 0, 0]","[-1070.97539, -634.29147, -1596.2618400000001, -228.52347999999984]","[-1492.88815, -711.1817, -1687.6510399999997, -307.5609199999999]","[-1898.06753, -673.28949, -1620.7175200000001, 151.5688399999999]","[-2320.531, -602.74825, -1689.8538799999997, 282.16496000000006]","[-2730.00969, -576.13144, -1637.9147599999997, 106.46723999999995]","[-3159.3261, -516.20712, -1717.2656400000014, 239.69727999999986]","[-3548.06185, -362.22261, -1554.9429999999993, 615.9380400000002]","[-3933.09107, -238.54661, -1540.116880000001, 494.7040000000004]","[-4329.66063, -169.91915, -1586.2782400000015, 274.50983999999994]","[-4690.65157, -32.94821, -1443.9637599999987, 547.8837599999999]","[-5013.84437, 176.53509, -1292.7711999999992, 837.9331999999999]","[-5345.58919, 317.90708, -1326.9792799999996, 565.48796]","[-5711.24185, 439.43099, -1462.6106400000026, 486.09564]","[-6027.03811, 636.34801, -1263.1850400000003, 787.6680800000001]","[-6313.47012, 879.30813, -1145.7280399999981, 971.8404799999998]"
236,People,"[-6605.64634, 1053.41465, 0, 0]","[-6917.57587, 1234.1131, -1247.7181199999977, 722.7938000000004]","[-6958.9543972340425, 1324.5108142553192, -165.5141089361714, 361.59085702127686]","[-6841.763660151976, 1313.968000425532, 468.76294832826534, -42.17125531914917]","[-6724.572923069909, 1303.425186595745, 468.762948328269, -42.17125531914826]","[-6607.382185987843, 1292.8823727659576, 468.76294832826534, -42.17125531914917]","[-6490.191448905775, 1282.3395589361703, 468.762948328269, -42.17125531914917]","[-6373.000711823708, 1271.796745106383, 468.762948328269, -42.17125531914917]","[-6255.809974741642, 1261.2539312765955, 468.76294832826574, -42.17125531915011]","[-6138.619237659575, 1250.7111174468089, 468.76294832826534, -42.17125531914644]","[-6021.428500577507, 1240.1683036170214, 468.7629483282726, -42.17125531915008]","[-5904.237763495441, 1229.625489787234, 468.76294832826534, -42.17125531914917]","[-5787.047026413374, 1219.0826759574468, 468.762948328269, -42.17125531914917]","[-5669.856289331307, 1208.5398621276595, 468.76294832826534, -42.17125531914917]","[-5552.66555224924, 1197.9970482978724, 468.762948328269, -42.17125531914826]","[-5435.474815167174, 1187.4542344680851, 468.76294832826534, -42.17125531914917]"
237,People,"[-5318.284078085107, 1176.9114206382978, 0, 0]","[-5201.093341003039, 1166.3686068085108, 468.762948328269, -42.17125531914826]","[-5083.902603920973, 1155.8257929787237, 468.76294832826534, -42.17125531914826]","[-4966.711866838906, 1145.2829791489362, 468.762948328269, -42.17125531915008]","[-4849.521129756839, 1134.740165319149, 468.76294832826534, -42.17125531914917]","[-4732.330392674772, 1124.1973514893618, 468.762948328269, -42.17125531914826]","[-4615.139655592705, 1113.6545376595743, 468.762948328269, -42.17125531915008]","[-4497.948918510638, 1103.1117238297873, 468.762948328269, -42.17125531914826]","[-4380.758181428571, 1092.56891, 468.76294832826574, -42.1712553191492]","[-4263.567444346505, 1082.026096170213, 468.76294832826534, -42.17125531914826]","[-4146.376707264438, 1071.4832823404256, 468.762948328269, -42.17125531914917]","[-4029.1859701823705, 1060.9404685106383, 468.762948328269, -42.17125531914917]","[-3866.10007, 1048.62253, 652.3436007294822, -49.27175404255286]","[-3575.65415, 1006.05426, 1161.7836800000005, -170.2730800000004]","[-3258.0978, 1047.75467, 1270.2253999999994, 166.80164000000013]","[-2944.77474, 1217.92798, 1253.2922400000007, 680.6932399999996]"
238,People,"[-2641.78259, 1318.14565, 0, 0]","[-2307.12638, 1348.06082, 1338.6248399999986, 119.66067999999996]","[-1981.07501, 1437.21735, 1304.2054800000005, 356.6261199999999]","[-1647.73339, 1507.61532, 1333.3664799999997, 281.59188000000086]","[-1297.81141, 1455.98205, 1399.6879200000003, -206.53308000000015]","[-899.08032, 1377.52998, 1594.92436, -313.8082800000002]","[-509.31862, 1358.60479, 1559.0468, -75.70075999999972]","[-99.06982, 1276.78814, 1640.9952, -327.2665999999999]","[271.30445, 1115.60804, 1481.4970800000012, -644.7204000000007]","[652.05138, 991.85842, 1522.98772, -494.9984800000002]","[1059.11958, 910.69651, 1628.2728000000002, -324.64764000000014]","[1438.53012, 785.03877, 1517.6421599999994, -502.63095999999996]","[1807.38226, 627.70466, 1475.4085600000008, -629.33644]","[2209.43525, 557.32758, 1608.2119599999996, -281.5083199999999]","[2610.43464, 534.07912, 1603.9975599999998, -92.99384000000009]","[2956.10123, 442.02043, 1382.666360000001, -368.23476000000005]"
239,People,"[3332.42446, 328.38386, 0, 0]","[3724.09314, 330.64484, 1566.674719999999, 9.043919999999844]","[4116.18086, 339.04272, 1568.3508800000018, 33.591519999999946]","[4477.94051, 277.04664, 1447.0385999999999, -247.9843199999998]","[4866.644436, 216.59086, 1554.815703999997, -241.82312000000013]","[5251.46075, 240.02985, 1539.2652560000024, 93.75596000000007]","[5627.19978, 253.72758, 1502.956119999999, 54.790919999999915]","[5997.64594, 187.59134, 1481.7846400000017, -264.54495999999995]","[5960.5358631388335, 168.24386830985915, -148.4403074446674, -77.38988676056347]","[5819.369767062374, 169.6042661971831, -564.6643843058373, 5.441591549295822]","[5678.203670985916, 170.96466408450704, -564.6643843058337, 5.441591549295708]","[5537.037574909457, 172.325061971831, -564.6643843058337, 5.441591549295822]","[5395.871478832998, 173.68545985915492, -564.6643843058373, 5.441591549295708]","[5254.70538275654, 175.04585774647887, -564.6643843058337, 5.441591549295822]","[5113.539286680081, 176.4062556338028, -564.6643843058337, 5.441591549295708]","[4972.373190603622, 177.76665352112676, -564.6643843058373, 5.441591549295822]"
240,People,"[4831.207094527164, 179.1270514084507, 0, 0]","[4690.040998450704, 180.48744929577464, -564.6643843058409, 5.441591549295708]","[4548.874902374246, 181.8478471830986, -564.6643843058337, 5.441591549295822]","[4407.708806297787, 183.2082450704225, -564.6643843058337, 5.441591549295595]","[4266.542710221328, 184.56864295774648, -564.6643843058373, 5.441591549295936]","[4125.37661414487, 185.9290408450704, -564.6643843058337, 5.441591549295708]","[3984.2105180684102, 187.2894387323944, -564.6643843058373, 5.441591549295936]","[3843.044421991952, 188.6498366197183, -564.6643843058337, 5.441591549295595]","[3701.878325915493, 190.01023450704224, -564.6643843058359, 5.4415915492958264]","[3560.7122298390345, 191.37063239436617, -564.6643843058337, 5.441591549295708]","[3419.546133762576, 192.73103028169007, -564.6643843058337, 5.441591549295595]","[3278.380037686117, 194.09142816901408, -564.6643843058373, 5.441591549296049]","[3310.599633573265, 162.20559706940875, 128.87838354859196, -127.5433243984213]","[3319.869250539846, 103.32091840616968, 37.07846786632399, -235.5387146529563]","[3329.138867506427, 44.43623974293061, 37.07846786632399, -235.5387146529563]","[3338.408484473008, -14.44843892030849, 37.07846786632399, -235.5387146529564]"
241,People,"[3347.6781014395888, -73.33311758354753, 0, 0]","[3356.9477184061698, -132.2177962467866, 37.07846786632399, -235.5387146529563]","[3366.2173353727503, -191.10247491002573, 37.07846786632217, -235.53871465295651]","[3375.4869523393318, -249.9871535732648, 37.07846786632581, -235.5387146529563]","[3384.7565693059123, -308.8718322365038, 37.07846786632217, -235.53871465295595]","[3394.0261862724933, -367.7565108997429, 37.07846786632399, -235.53871465295651]","[3403.2958032390743, -426.64118956298194, 37.07846786632399, -235.53871465295606]","[3412.5654202056558, -485.52586822622106, 37.07846786632581, -235.53871465295651]","[3421.8350371722363, -544.4105468894601, 37.07846786632221, -235.53871465295626]","[3431.1046541388173, -603.2952255526992, 37.07846786632399, -235.53871465295651]","[3440.3742711053983, -662.1799042159383, 37.07846786632399, -235.53871465295651]","[3361.53819, -702.8887, -315.3443244215923, -162.83518313624654]","[2979.40235, -663.80156, -1528.5433600000015, 156.3485599999999]","[2610.67066, -705.53327, -1474.9267599999985, -166.92684000000008]","[2239.47653, -783.25, -1484.7765200000013, -310.86691999999994]","[1886.4522, -796.36335, -1412.0973199999999, -52.453399999999874]"
242,People,"[1505.51281, -790.21583, 0, 0]","[1138.80321, -865.13023, -1466.8383999999996, -299.6576]","[768.09865, -941.95541, -1482.81824, -307.3007200000002]","[428.9804, -922.25257, -1356.4730000000002, 78.81136000000015]","[76.669, -867.53736, -1409.2456, 218.86083999999983]","[-270.27252, -876.73731, -1387.7660799999999, -36.79979999999978]","[-622.92565, -857.58778, -1410.6125200000001, 76.59812000000011]","[-940.26556, -749.04922, -1269.3596400000001, 434.15423999999985]","[-1278.44961, -620.50411, -1352.7362000000005, 514.1804400000005]","[-1621.53745, -562.45291, -1372.3513600000006, 232.20479999999998]","[-1974.11285, -495.61836, -1410.3015999999998, 267.3381999999999]","[-2281.71965, -338.11373, -1230.4272, 630.0185200000001]","[-2608.06585, -189.09131, -1305.3847999999998, 596.0896799999999]","[-2954.27128, -111.00892, -1384.82172, 312.32955999999996]","[-3295.17549, -16.18698, -1363.6168400000006, 379.28776000000005]","[-3592.70384, 162.33562, -1190.1134000000002, 714.0904]"
243,People,"[-3895.31208, 318.64849, 0, 0]","[-4229.24597, 405.32383, -1335.7355599999992, 346.70136]","[-4546.95301, 513.74559, -1270.828160000001, 433.68704]","[-4834.24675, 694.95879, -1149.1749600000003, 724.8528000000001]","[-5126.19475, 854.00709, -1167.7919999999976, 636.1931999999997]","[-5435.51568, 948.91484, -1237.283720000003, 379.6310000000003]","[-5736.99707, 1062.04512, -1205.9255599999997, 452.5211199999999]","[-6009.43951, 1237.56521, -1089.7697599999992, 702.0803599999999]","[-6285.17064, 1395.57181, -1102.9245200000014, 632.0264000000003]","[-6584.5742, 1478.12899, -1197.614239999999, 330.22872000000007]","[-6873.55467, 1548.84335, -1155.9218800000017, 282.8574400000007]","[-6953.0006918129775, 1602.6829226908396, -317.7840872519082, 215.35829076335813]","[-6865.065176068702, 1621.875062480916, 351.74206297710043, 76.76855916030581]","[-6777.129660324428, 1641.0672022709923, 351.7420629770968, 76.7685591603049]","[-6689.194144580153, 1660.2593420610688, 351.74206297710043, 76.76855916030581]","[-6601.258628835878, 1679.451481851145, 351.74206297710043, 76.7685591603049]"
244,People,"[-6513.323113091604, 1698.6436216412214, 0, 0]","[-6425.387597347329, 1717.8357614312977, 351.74206297710043, 76.7685591603049]","[-6337.452081603054, 1737.027901221374, 351.74206297710043, 76.7685591603049]","[-6249.516565858779, 1756.2200410114503, 351.7420629770968, 76.76855916030581]","[-6161.581050114504, 1775.4121808015268, 351.74206297710043, 76.76855916030581]","[-6073.645534370229, 1794.604320591603, 351.74206297710043, 76.7685591603049]","[-5985.710018625954, 1813.7964603816797, 351.74206297710043, 76.76855916030672]","[-5897.77450288168, 1832.988600171756, 351.7420629770968, 76.7685591603049]","[-5809.838987137405, 1852.180739961832, 351.7420629771007, 76.76855916030406]","[-5721.9034713931305, 1871.3728797519084, 351.7420629770968, 76.76855916030581]","[-5633.967955648855, 1890.5650195419848, 351.74206297710043, 76.76855916030581]","[-5546.03243990458, 1909.757159332061, 351.74206297710043, 76.7685591603049]","[-5458.096924160305, 1928.9492991221373, 351.74206297710043, 76.7685591603049]","[-5370.161408416031, 1948.1414389122135, 351.7420629770968, 76.7685591603049]","[-5282.225892671756, 1967.3335787022904, 351.74206297710043, 76.76855916030763]","[-5194.290376927481, 1986.5257184923664, 351.74206297710043, 76.768559160304]"
245,People,"[-4967.58325, 2009.78279, 0, 0]","[-4596.12669, 1978.17475, 1485.8262399999985, -126.4321600000003]","[-4224.54165, 2037.71719, 1486.3401599999997, 238.16976000000068]","[-3857.11098, 2114.24791, 1469.7226800000008, 306.1228799999999]","[-3514.58118, 2103.16064, 1370.1191999999992, -44.34907999999996]","[-3144.78927, 2052.66056, 1479.1676399999997, -202.000320000001]","[-2772.79613, 2087.64293, 1487.9725600000002, 139.9294800000007]","[-2391.62788, 2128.03583, 1524.6730000000007, 161.5715999999993]","[-2034.93878, 2099.529, 1426.7564000000016, -114.02731999999934]","[-1666.73407, 2054.31739, 1472.81884, -180.84643999999935]","[-1290.91984, 2068.07537, 1503.2569199999998, 55.031919999999445]","[-929.14261, 1997.1733, 1447.1089200000001, -283.6082800000004]","[-616.79304, 1775.98788, 1249.3982799999999, -884.7416800000001]","[-286.87306, 1572.09555, 1319.67992, -815.5693199999996]","[77.77309, 1411.52648, 1458.5846000000001, -642.27628]","[376.21732, 1201.67928, 1193.7769199999998, -839.3887999999997]"
246,People,"[644.05966, 922.13619, 0, 0]","[953.45527, 699.87452, 1237.5824400000001, -889.0466800000004]","[1283.26667, 509.99054, 1319.2455999999997, -759.5359199999998]","[1567.89653, 281.78594, 1138.51944, -912.8184000000001]","[1857.45434, 27.3929, 1158.23124, -1017.5721599999999]","[2198.97633, -141.95906, 1366.0879599999998, -677.40784]","[2563.92837, -275.05046, 1459.8081600000005, -532.3656]","[2891.37806, -433.36642, 1309.7987599999997, -633.2638400000001]","[3240.6075, -590.21088, 1396.9177600000014, -627.3778400000004]","[3624.66385, -655.91327, 1536.2253999999994, -262.80956000000015]","[3987.46077, -700.98879, 1451.187680000001, -180.30207999999993]","[4332.69671, -774.79865, 1380.94376, -295.23943999999983]","[4713.15112, -823.4219175000001, 1521.8176400000011, -194.49307000000044]","[5104.42408, -765.71817, 1565.0918399999973, 230.8149900000003]","[5458.6514, -742.10994, 1416.9092799999999, 94.43291999999974]","[5823.186112821577, -753.9467286307054, 1458.1388512863086, -47.347154522821256]"
247,People,"[6163.860898091287, -672.3790865145228, 0, 0]","[6504.535683360996, -590.8114443983402, 1362.699141078836, 326.27056846473033]","[6845.210468630706, -509.2438022821576, 1362.6991410788396, 326.27056846473033]","[7185.885253900415, -427.6761601659751, 1362.699141078836, 326.2705684647301]","[7526.560039170125, -346.1085180497925, 1362.6991410788396, 326.27056846473033]","[7867.234824439834, -264.5408759336099, 1362.699141078836, 326.27056846473033]","[8207.909609709544, -182.9732338174274, 1362.6991410788432, 326.2705684647301]","[8548.584394979254, -101.40559170124482, 1362.6991410788396, 326.27056846473033]","[8889.259180248962, -19.837949585062237, 1362.6991410788335, 326.2705684647306]","[9202.26175, 88.02065, 1252.0102790041492, 431.43439834024895]","[9356.903005454546, 233.7332545454545, 618.5650218181836, 582.850418181818]","[9401.263098512396, 291.9335766115703, 177.44037223140185, 232.8012882644631]","[9127.195311322314, 302.38599190082647, -1096.27114876033, 41.80966115702472]","[8853.127524132231, 312.83840719008265, -1096.27114876033, 41.80966115702472]","[8579.059736942148, 323.2908224793389, -1096.27114876033, 41.80966115702495]","[8304.991949752066, 333.74323776859507, -1096.27114876033, 41.80966115702472]"
248,People,"[8030.924162561983, 344.19565305785125, 0, 0]","[7756.856375371901, 354.6480683471075, -1096.27114876033, 41.80966115702495]","[7482.788588181818, 365.10048363636366, -1096.27114876033, 41.80966115702472]","[7208.720800991736, 375.55289892561984, -1096.27114876033, 41.80966115702472]","[6934.653013801653, 386.005314214876, -1096.27114876033, 41.80966115702472]","[6660.585226611571, 396.4577295041322, -1096.27114876033, 41.80966115702472]","[6386.517439421487, 406.9101447933885, -1096.2711487603337, 41.809661157025175]","[6112.449652231405, 417.3625600826446, -1096.27114876033, 41.80966115702449]","[5838.381865041322, 427.8149753719008, -1096.271148760331, 41.809661157024756]","[5564.31407785124, 438.267390661157, -1096.27114876033, 41.80966115702472]","[5290.246290661157, 448.7198059504132, -1096.27114876033, 41.80966115702495]","[5016.178503471075, 459.1722212396694, -1096.27114876033, 41.80966115702472]","[4742.110716280991, 469.6246365289256, -1096.2711487603337, 41.80966115702472]","[4468.042929090909, 480.0770518181818, -1096.27114876033, 41.80966115702495]","[4193.975141900826, 490.529467107438, -1096.27114876033, 41.80966115702472]","[3878.1625106013994, 479.6961239020979, -1263.2505251977072, -43.3333728213604]"
249,People,"[3533.664981230769, 496.01197984615385, 0, 0]","[3189.16745186014, 512.3278357902097, -1377.9901174825172, 65.26342377622359]","[2844.66992248951, 528.6436917342658, -1377.990117482519, 65.26342377622404]","[2500.172393118881, 544.9595476783217, -1377.9901174825172, 65.26342377622359]","[2155.6748637482515, 561.2754036223777, -1377.9901174825172, 65.26342377622404]","[1811.1773343776224, 577.5912595664336, -1377.9901174825163, 65.26342377622359]","[1466.6798050069929, 593.9071155104896, -1377.9901174825181, 65.26342377622404]","[1122.1822756363636, 610.2229714545455, -1377.9901174825172, 65.26342377622359]","[777.6847462657342, 626.5388273986014, -1377.9901174825184, 65.26342377622365]","[433.18721689510494, 642.8546833426574, -1377.9901174825172, 65.26342377622404]","[88.68968752447563, 659.1705392867133, -1377.9901174825172, 65.26342377622359]","[-255.80784184615368, 675.4863952307692, -1377.9901174825172, 65.26342377622359]","[-600.305371216783, 691.8022511748252, -1377.9901174825172, 65.26342377622404]","[-944.8029005874124, 708.1181071188811, -1377.9901174825177, 65.26342377622359]","[-1289.3004299580416, 724.4339630629371, -1377.9901174825168, 65.26342377622404]","[-1633.797959328671, 740.749819006993, -1377.9901174825172, 65.26342377622359]"
250,People,"[-1978.2954886993, 757.065674951049, 0, 0]","[-2322.793018069929, 773.3815308951049, -1377.9901174825163, 65.26342377622359]","[-2667.290547440559, 789.6973868391608, -1377.990117482519, 65.26342377622359]","[-3011.788076811188, 806.0132427832168, -1377.9901174825172, 65.26342377622404]","[-3356.285606181817, 822.3290987272727, -1377.9901174825154, 65.26342377622359]","[-3700.783135552447, 838.6449546713286, -1377.9901174825209, 65.26342377622359]","[-4045.280664923076, 854.9608106153846, -1377.9901174825154, 65.26342377622404]","[-4389.778194293705, 871.2766665594406, -1377.9901174825172, 65.26342377622404]","[-4734.275723664336, 887.5925225034964, -1377.990117482522, 65.26342377622319]","[-5078.773253034964, 903.9083784475524, -1377.9901174825136, 65.26342377622404]","[-5423.270782405594, 920.2242343916084, -1377.9901174825209, 65.26342377622404]","[-5767.768311776223, 936.5400903356644, -1377.9901174825136, 65.26342377622404]","[-6067.6174, 1042.55325, -1199.3963528951099, 424.05263865734196]","[-6352.96248, 1226.77246, -1141.3803200000002, 736.8768399999999]","[-6419.380981937086, 1274.8023552483444, -265.6740077483446, 192.1195809933779]","[-6332.978935165563, 1257.5314806622516, 345.6081870860944, -69.08349834437104]"
251,People,"[-6246.57688839404, 1240.2606060761589, 0, 0]","[-6160.174841622516, 1222.9897314900663, 345.6081870860944, -69.08349834437013]","[-6073.772794850994, 1205.7188569039736, 345.60818708609077, -69.08349834437104]","[-5987.37074807947, 1188.4479823178808, 345.6081870860944, -69.08349834437104]","[-5900.968701307947, 1171.177107731788, 345.60818708609077, -69.08349834437104]","[-5814.566654536424, 1153.9062331456953, 345.6081870860944, -69.08349834437104]","[-5728.164607764901, 1136.6353585596023, 345.60818708609077, -69.08349834437195]","[-5641.7625609933775, 1119.36448397351, 345.6081870860944, -69.08349834436922]","[-5555.360514221855, 1102.0936093874172, 345.60818708609105, -69.0834983443711]","[-5468.958467450331, 1084.8227348013245, 345.6081870860944, -69.08349834437104]","[-5382.556420678808, 1067.5518602152315, 345.6081870860944, -69.08349834437195]","[-5296.154373907285, 1050.280985629139, 345.60818708609077, -69.08349834437013]","[-5209.752327135762, 1033.0101110430464, 345.60818708609077, -69.08349834437013]","[-5123.350280364239, 1015.7392364569536, 345.6081870860944, -69.08349834437149]","[-5036.948233592715, 998.4683618708608, 345.6081870860944, -69.08349834437104]","[-4950.546186821192, 981.1974872847682, 345.60818708609077, -69.08349834437058]"
252,People,"[-4864.14414004967, 963.9266126986754, 0, 0]","[-4777.742093278146, 946.6557381125828, 345.6081870860944, -69.08349834437058]","[-4691.340046506623, 929.38486352649, 345.60818708609077, -69.08349834437104]","[-4604.9379997351, 912.1139889403972, 345.6081870860944, -69.08349834437104]","[-4518.535952963577, 894.8431143543046, 345.60818708609077, -69.08349834437058]","[-4432.1339061920535, 877.5722397682118, 345.6081870860944, -69.08349834437104]","[-4245.18119, 928.89756, 747.8108647682129, 205.30128092715267]","[-3939.65085, 1080.77978, 1222.121360000001, 607.5288800000003]","[-3628.020034054054, 1177.9287991891892, 1246.5232637837846, 388.59607675675704]","[-3288.426669189189, 1266.340272162162, 1358.3734594594607, 353.64589189189064]","[-2959.16729, 1413.26574, 1317.0375167567563, 587.7018713513526]","[-2632.3141, 1534.17181, 1307.4127599999993, 483.62428]","[-2307.23742, 1564.70278, 1300.3067200000005, 122.1238800000001]","[-1960.51604, 1572.50794, 1386.8855199999998, 31.22063999999955]","[-1618.88906, 1633.58869, 1366.50792, 244.32300000000032]","[-1282.33602, 1649.8623, 1346.21216, 65.09443999999985]"
253,People,"[-966.56083, 1570.00773, 0, 0]","[-623.3955, 1464.46329, 1372.6613200000002, -422.1777600000005]","[-266.49203, 1423.25055, 1427.6138799999999, -164.85095999999976]","[76.53325, 1337.36632, 1372.10112, -343.53691999999955]","[387.34922, 1185.05159, 1243.26388, -609.2589200000002]","[717.0173, 1029.12191, 1318.67232, -623.7187199999998]","[1072.77541, 954.62209, 1423.03244, -297.99928000000045]","[1393.17398, 863.71527, 1281.5942800000003, -363.6272799999997]","[1699.77624, 724.33469, 1226.4090400000007, -557.5223200000005]","[2045.74446, 614.28411, 1383.87288, -440.2023199999999]","[2410.56655, 586.49238, 1459.2883600000005, -111.16692000000012]","[2741.66719, 543.50956, 1324.4025600000004, -171.93128000000024]","[3086.0311, 464.97531, 1377.4556400000001, -314.13699999999994]","[3441.18636, 455.49675, 1420.62104, -37.914239999999836]","[3795.83968, 515.84827, 1418.6132799999996, 241.40607999999975]","[4135.82008, 532.75143, 1359.9216000000015, 67.61264000000028]"
254,People,"[4502.09838, 477.39122, 0, 0]","[4872.93477, 496.35851, 1483.345559999998, 75.86916000000019]","[5259.00712, 549.54025, 1544.2894000000015, 212.72695999999996]","[5602.80121, 514.48616, 1375.1763599999977, -140.2163599999999]","[5949.721071745603, 422.7241573748309, 1387.6794469824126, -367.0480105006766]","[5889.931865385656, 432.24309174560216, -239.1568254397862, 38.07573748308505]","[5830.142659025711, 441.7620261163735, -239.15682543978255, 38.07573748308528]","[5770.353452665765, 451.2809604871448, -239.15682543978255, 38.07573748308528]","[5710.564246305819, 460.7998948579161, -239.15682543978275, 38.07573748308531]","[5650.775039945873, 470.3188292286874, -239.1568254397862, 38.07573748308505]","[5590.985833585927, 479.8377635994587, -239.15682543978255, 38.07573748308528]","[5531.1966272259815, 489.35669797023, -239.15682543978255, 38.07573748308528]","[5471.407420866035, 498.8756323410013, -239.1568254397862, 38.07573748308505]","[5411.618214506089, 508.3945667117727, -239.15682543978255, 38.07573748308573]","[5351.829008146144, 517.9135010825439, -239.15682543978255, 38.07573748308482]","[5292.039801786198, 527.4324354533153, -239.15682543978255, 38.075737483085504]"
255,People,"[5232.250595426252, 536.9513698240866, 0, 0]","[5172.461389066306, 546.4703041948579, -239.1568254397862, 38.075737483085504]","[5112.67218270636, 555.9892385656292, -239.15682543978255, 38.07573748308505]","[5052.882976346415, 565.5081729364006, -239.15682543978255, 38.075737483085504]","[4993.093769986468, 575.0271073071718, -239.1568254397862, 38.07573748308505]","[4933.304563626522, 584.5460416779432, -239.15682543978255, 38.075737483085504]","[4873.515357266577, 594.0649760487145, -239.15682543978255, 38.07573748308505]","[4813.72615090663, 603.5839104194858, -239.1568254397862, 38.075737483085504]","[4753.936944546685, 613.1028447902571, -239.15682543978275, 38.075737483085085]","[4694.147738186739, 622.6217791610284, -239.15682543978255, 38.07573748308505]","[4634.358531826793, 632.1407135317997, -239.15682543978255, 38.075737483085504]","[4574.569325466848, 641.6596479025711, -239.15682543978255, 38.075737483085504]","[4514.780119106901, 651.1785822733424, -239.1568254397862, 38.07573748308505]","[4454.990912746956, 660.6975166441136, -239.1568254397789, 38.07573748308505]","[4395.20170638701, 670.216451014885, -239.1568254397862, 38.075737483085504]","[4335.412500027063, 679.7353853856564, -239.1568254397862, 38.075737483085504]"
256,People,"[4275.623293667118, 689.2543197564277, 0, 0]","[4215.834087307172, 698.7732541271989, -239.15682543978255, 38.07573748308505]","[4020.45894, 673.52446, -781.5005892286881, -100.9951765087958]","[3641.53924, 583.98514, -1515.6787999999997, -358.1572799999999]","[3283.95378, 554.74689, -1430.341840000001, -116.95299999999997]","[2924.61439, 613.86109, -1437.3575599999986, 236.45679999999993]","[2546.6902, 606.41074, -1511.6967600000007, -29.80139999999983]","[2165.19757, 549.9664, -1525.9705200000008, -225.77736000000004]","[1823.0054, 565.89091, -1368.7686800000004, 63.69803999999982]","[1481.07457, 658.97177, -1367.72332, 372.3234400000001]","[1116.83033, 724.40607, -1456.97696, 261.73720000000003]","[748.99022, 769.29318, -1471.36044, 179.54844000000003]","[422.47988, 888.90328, -1306.0413600000002, 478.44039999999995]","[89.7515, 1069.2502, -1330.91352, 721.3876799999998]","[-261.77024, 1191.88436, -1406.08696, 490.53664000000026]","[-634.6797, 1263.43778, -1491.63784, 286.21367999999984]"
257,People,"[-961.21067, 1349.61137, 0, 0]","[-1318.15565, 1458.06707, -1427.7799199999995, 433.8227999999999]","[-1660.73022, 1471.02668, -1370.29828, 51.83843999999954]","[-2028.197, 1410.24527, -1469.8671199999999, -243.1256400000002]","[-2413.24712, 1442.02053, -1540.2004800000004, 127.10104000000047]","[-2795.76936, 1470.17574, -1530.0889599999991, 112.62083999999959]","[-3129.10643, 1404.88731, -1333.3482800000002, -261.15371999999934]","[-3485.08675, 1296.17747, -1423.9212800000005, -434.83935999999994]","[-3840.12929, 1258.82883, -1420.170160000001, -149.39456000000078]","[-4199.58891, 1217.59252, -1437.8384800000022, -164.94524]","[-4553.20206, 1118.5524, -1414.452599999997, -396.16047999999955]","[-4906.22349, 1026.0727, -1412.0857200000028, -369.9188000000004]","[-5245.47526, 1029.63291, -1357.0070799999994, 14.24084000000039]","[-5586.27648, 1034.43681, -1363.2048800000011, 19.21559999999954]","[-5926.85207, 998.63721, -1362.3023599999979, -143.19839999999976]","[-6241.39164, 1005.07875, -1258.1582799999996, 25.766160000000127]"
258,People,"[-6529.91954, 1107.31406, 0, 0]","[-6819.27095, 1211.5904, -1157.4056400000009, 417.1053600000005]","[-6960.593447609195, 1247.254096183908, -565.2899904367805, 142.65478473563144]","[-6929.009919448276, 1224.2828829655173, 126.33411264367533, -91.88485287356252]","[-6897.426391287357, 1201.3116697471264, 126.33411264367896, -91.88485287356343]","[-6865.842863126437, 1178.3404565287356, 126.33411264367896, -91.88485287356343]","[-6834.259334965517, 1155.3692433103447, 126.33411264367896, -91.88485287356343]","[-6802.675806804598, 1132.398030091954, 126.33411264367533, -91.88485287356252]","[-6771.092278643679, 1109.4268168735632, 126.33411264367908, -91.88485287356352]","[-6739.508750482759, 1086.4556036551724, 126.33411264367896, -91.88485287356343]","[-6707.925222321839, 1063.4843904367815, 126.33411264367896, -91.88485287356343]","[-6676.341694160919, 1040.5131772183909, 126.33411264367896, -91.88485287356252]","[-6644.7581660000005, 1017.541964, 126.33411264367533, -91.88485287356343]","[-6613.174637839081, 994.5707507816091, 126.33411264367896, -91.88485287356343]","[-6581.591109678161, 971.5995375632184, 126.33411264367896, -91.88485287356298]","[-6550.007581517241, 948.6283243448275, 126.33411264367896, -91.88485287356343]"
259,People,"[-6518.424053356322, 925.6571111264368, 0, 0]","[-6486.840525195403, 902.685897908046, 126.33411264367533, -91.88485287356343]","[-6455.256997034483, 879.7146846896552, 126.33411264367896, -91.88485287356298]","[-6413.26122, 851.52544, 167.98310813793069, -112.75697875862079]","[-6093.50164, 718.93248, 1279.0383199999997, -530.3718399999998]","[-5787.13435, 523.49129, 1225.4691600000006, -781.76476]","[-5479.6742540000005, 311.82574800000003, 1229.8403839999992, -846.6621680000001]","[-5159.74002, 199.24828, 1279.7369360000012, -450.30987200000015]","[-4785.16083, 127.41403, 1498.316760000003, -287.3370000000002]","[-4432.67548, 6.73053, 1409.9413999999997, -482.734]","[-4085.16135, -77.76856, 1390.05652, -337.99636]","[-3748.72021, -69.14473, 1345.7645599999996, 34.49531999999999]","[-3376.73943, -40.76247, 1487.9231199999995, 113.52903999999998]","[-3025.07671, -112.26288, 1406.650880000001, -286.00163999999995]","[-2693.46538, -150.74332, 1326.445319999999, -153.92176000000006]","[-2353.85769, -124.1264, 1358.430760000001, 106.46768000000003]"
260,People,"[-2001.94715, -91.48695, 0, 0]","[-1659.50142, -164.58751, 1369.7829199999996, -292.40224000000006]","[-1332.80555, -182.9256, 1306.78348, -73.35235999999998]","[-1012.06606, -131.7808, 1282.9579600000002, 204.57920000000001]","[-676.09022, -78.82679, 1343.9033599999998, 211.81604]","[-334.07115, -115.22469, 1368.0762800000002, -145.59159999999997]","[-15.28909, -104.00223, 1275.12824, 44.88983999999999]","[304.38925, -29.28352, 1278.71336, 298.87484]","[646.66344, 31.38002, 1369.0967600000013, 242.65416000000022]","[988.78086, -5.88826, 1368.4696799999997, -149.07312]","[1304.69386, 12.71321, 1263.6520000000005, 74.40588]","[1624.52318, 100.04957, 1279.3172799999993, 349.34544]","[1964.85549, 201.65538, 1361.32924, 406.42324]","[2311.2687, 221.58033, 1385.6528400000007, 79.69979999999998]","[2628.22818, 288.45577, 1267.83792, 267.5017599999999]","[2952.66943, 397.66227, 1297.7649999999994, 436.826]"
261,People,"[3283.78555, 481.51146, 0, 0]","[3626.59954, 475.0553, 1371.2559600000004, -25.824640000000045]","[3945.97808, 534.96919, 1277.5141599999988, 239.65556000000015]","[4293.248542857144, 642.3846528571429, 1389.0818514285747, 429.6618514285715]","[4654.16795, 696.65355, 1443.6776285714259, 217.0755885714284]","[5030.90085, 693.26009, 1506.9316, -13.573840000000018]","[5391.91856, 758.84235, 1444.0708400000003, 262.3290400000001]","[5745.97711, 864.71058, 1416.234199999999, 423.47292000000016]","[6077.98108, 902.88731, 1328.0158800000002, 152.70691999999977]","[6421.80996, 885.13005, 1375.31552, -71.0290399999999]","[6745.59132, 930.37449, 1295.1254400000034, 180.97776000000022]","[7119.26258, 1014.22631, 1494.6850399999967, 335.4072799999999]","[7447.26823, 987.40908, 1312.0226000000002, -107.26891999999998]","[7367.366648718088, 965.355470320478, -319.6063251276464, -88.21443871808788]","[7268.71543904943, 944.1215227376424, -394.60483867463336, -84.93579033134256]","[7170.064229380771, 922.8875751548072, -394.60483867463336, -84.93579033134074]"
262,People,"[7071.413019712113, 901.6536275719716, 0, 0]","[6972.761810043455, 880.4196799891363, -394.60483867463336, -84.9357903313412]","[6874.110600374796, 859.1857324063009, -394.60483867463336, -84.93579033134165]","[6775.459390706138, 837.9517848234655, -394.60483867463336, -84.93579033134165]","[6676.80818103748, 816.71783724063, -394.60483867463336, -84.93579033134165]","[6578.156971368821, 795.4838896577946, -394.60483867463336, -84.93579033134165]","[6479.505761700163, 774.2499420749592, -394.60483867463336, -84.93579033134165]","[6380.854552031505, 753.0159944921238, -394.60483867463336, -84.93579033134165]","[6282.203342362846, 731.7820469092884, -394.6048386746337, -84.93579033134172]","[6183.552132694189, 710.548099326453, -394.6048386746297, -84.93579033134165]","[6084.900923025531, 689.3141517436176, -394.60483867463336, -84.93579033134165]","[5986.249713356872, 668.0802041607822, -394.60483867463336, -84.93579033134165]","[5887.598503688214, 646.8462565779467, -394.60483867463336, -84.93579033134165]","[5788.947294019556, 625.6123089951113, -394.60483867463336, -84.93579033134165]","[5690.296084350897, 604.3783614122759, -394.60483867463336, -84.93579033134165]","[5591.644874682239, 583.1444138294405, -394.60483867463336, -84.93579033134165]"
263,People,"[5492.9936650135805, 561.9104662466051, 0, 0]","[5394.342455344922, 540.6765186637697, -394.60483867463336, -84.93579033134165]","[5295.691245676264, 519.4425710809343, -394.60483867463336, -84.93579033134165]","[5197.0400360076055, 498.20862349809886, -394.60483867463336, -84.93579033134165]","[5098.388826338947, 476.97467591526345, -394.60483867463336, -84.93579033134165]","[4999.737616670289, 455.740728332428, -394.60483867463336, -84.93579033134188]","[4901.086407001631, 434.5067807495926, -394.6048386746297, -84.93579033134142]","[4802.435197332972, 413.2728331667572, -394.604838674637, -84.93579033134165]","[4703.783987664314, 392.0388855839218, -394.6048386746337, -84.93579033134172]","[4605.132777995656, 370.8049380010864, -394.6048386746297, -84.93579033134165]","[4506.481568326997, 349.570990418251, -394.604838674637, -84.93579033134165]","[4407.830358658339, 328.3370428354156, -394.60483867463336, -84.93579033134142]","[4309.1791489896805, 307.10309525258015, -394.60483867463336, -84.93579033134188]","[4210.527939321022, 285.86914766974473, -394.60483867463336, -84.93579033134165]","[4111.876729652364, 264.6352000869093, -394.60483867463336, -84.93579033134165]","[4013.225519983705, 243.4012525040739, -394.6048386746352, -84.93579033134165]"
264,People,"[3914.574310315047, 222.1673049212385, 0, 0]","[3815.923100646388, 200.93335733840308, -394.604838674637, -84.93579033134165]","[3717.27189097773, 179.69940975556767, -394.60483867463154, -84.93579033134165]","[3618.620681309072, 158.46546217273226, -394.60483867463154, -84.93579033134165]","[3519.9694716404133, 137.23151458989685, -394.6048386746352, -84.93579033134165]","[3421.318261971755, 115.99756700706143, -394.60483867463336, -84.93579033134165]","[3322.667052303097, 94.76361942422602, -394.60483867463154, -84.93579033134165]","[3224.0158426344387, 73.52967184139061, -394.60483867463336, -84.93579033134165]","[3125.3646329657804, 52.2957242585552, -394.6048386746337, -84.93579033134172]","[3026.713423297122, 31.061776675719784, -394.60483867463336, -84.93579033134165]","[2928.062213628464, 9.827829092884372, -394.60483867463154, -84.93579033134165]","[2829.4110039598054, -11.40611848995104, -394.6048386746352, -84.93579033134165]","[2730.759794291147, -32.64006607278645, -394.60483867463336, -84.93579033134165]","[2632.1085846224887, -53.87401365562198, -394.60483867463336, -84.9357903313421]","[2533.4573749538304, -75.10796123845728, -394.60483867463336, -84.9357903313412]","[2434.806165285172, -96.3419088212928, -394.60483867463336, -84.9357903313421]"
265,People,"[2336.1549556165137, -117.5758564041281, 0, 0]","[2237.503745947856, -138.80980398696363, -394.60483867463154, -84.9357903313421]","[2138.852536279197, -160.04375156979893, -394.6048386746352, -84.9357903313412]","[2040.201326610539, -181.27769915263443, -394.60483867463245, -84.93579033134199]","[1941.5501169418803, -202.51164673546972, -394.60483867463427, -84.9357903313412]","[1842.898907273222, -223.74559431830528, -394.60483867463336, -84.93579033134222]","[1744.2476976045637, -244.97954190114055, -394.60483867463336, -84.93579033134108]","[1645.596487935905, -266.2134894839761, -394.60483867463427, -84.93579033134222]","[1546.945278267247, -287.4474370668114, -394.6048386746328, -84.93579033134127]","[1448.2940685985886, -308.68138464964693, -394.60483867463336, -84.9357903313421]","[1349.6428589299303, -329.9153322324822, -394.60483867463336, -84.9357903313412]","[1250.991649261272, -351.1492798153177, -394.60483867463336, -84.93579033134188]","[1152.3404395926136, -372.38322739815305, -394.60483867463336, -84.93579033134142]","[1053.6892299239553, -393.6171749809886, -394.60483867463336, -84.9357903313421]","[955.0380202552968, -414.8511225638239, -394.6048386746338, -84.9357903313412]","[856.3868105866386, -436.0850701466594, -394.6048386746329, -84.9357903313421]"
266,People,"[757.7356009179803, -457.3190177294947, 0, 0]","[659.0843912493219, -478.55296531233023, -394.60483867463336, -84.9357903313421]","[560.4331815806636, -499.78691289516553, -394.60483867463336, -84.9357903313412]","[461.7819719120053, -521.020860478001, -394.60483867463313, -84.9357903313421]","[363.1307622433469, -542.2548080608364, -394.6048386746336, -84.9357903313412]","[264.47955257468857, -563.4887556436719, -394.60483867463336, -84.9357903313421]","[318.04101, -570.26033, 214.24582970124584, -27.086297425312296]","[693.84615, -552.07281, 1503.2205599999998, 72.7500799999998]","[897.0945446148603, -540.7642583162917, 812.993578459442, 45.234206734833194]","[1044.0295112133608, -535.8215061008862, 587.7398663940021, 19.77100886162225]","[1190.9644778118611, -530.8787538854806, 587.7398663940012, 19.77100886162225]","[1337.8994444103614, -525.936001670075, 587.7398663940012, 19.77100886162225]","[1484.834411008862, -520.9932494546695, 587.7398663940021, 19.77100886162225]","[1631.769377607362, -516.0504972392638, 587.7398663940003, 19.771008861622704]","[1778.7043442058623, -511.10774502385823, 587.7398663940012, 19.77100886162225]","[1925.6393108043628, -506.1649928084527, 587.7398663940021, 19.771008861622022]"
267,People,"[2072.574277402863, -501.2222405930471, 0, 0]","[2219.509244001364, -496.2794883776415, 587.7398663940039, 19.771008861622477]","[2366.444210599864, -491.3367361622359, 587.7398663940003, 19.77100886162225]","[2513.379177198364, -486.3939839468303, 587.7398663939985, 19.771008861622477]","[2660.3141437968648, -481.4512317314247, 587.7398663940039, 19.771008861622477]","[2807.2491103953653, -476.5084795160191, 587.7398663940021, 19.77100886162225]","[2954.1840769938653, -471.5657273006135, 587.7398663940003, 19.771008861622477]","[3101.1190435923654, -466.622975085208, 587.7398663940003, 19.771008861622022]","[3248.0540101908664, -461.6802228698023, 587.7398663940045, 19.77100886162272]","[3394.9889767893665, -456.7374706543968, 587.7398663940003, 19.771008861622022]","[3541.9239433878665, -451.7947184389912, 587.7398663940003, 19.771008861622477]","[3688.858909986368, -446.8519662235856, 587.7398663940057, 19.771008861622477]","[3835.793876584868, -441.90921400818, 587.7398663940003, 19.77100886162225]","[3982.728843183368, -436.9664617927744, 587.7398663940003, 19.771008861622477]","[4129.663809781869, -432.0237095773688, 587.7398663940021, 19.771008861622477]","[4276.598776380369, -427.0809573619632, 587.7398663940003, 19.77100886162225]"
268,People,"[4423.533742978869, -422.1382051465576, 0, 0]","[4570.46870957737, -417.195452931152, 587.7398663940039, 19.771008861622477]","[4717.40367617587, -412.2527007157464, 587.7398663940003, 19.77100886162225]","[4864.33864277437, -407.30994850034085, 587.7398663940003, 19.77100886162225]","[5011.27360937287, -402.3671962849353, 587.7398663940003, 19.77100886162225]","[5158.208575971371, -397.42444406952967, 587.7398663940039, 19.771008861622477]","[5305.143542569871, -392.4816918541241, 587.7398663940003, 19.77100886162225]","[5452.078509168371, -387.5389396387185, 587.7398663940003, 19.771008861622477]","[5599.013475766872, -382.5961874233129, 587.7398663940045, 19.771008861622267]","[5745.948442365372, -377.6534352079073, 587.7398663940003, 19.771008861622477]","[5892.883408963872, -372.7106829925017, 587.7398663940003, 19.771008861622477]","[6039.818375562373, -367.7679307770961, 587.7398663940039, 19.77100886162225]","[6186.753342160873, -362.82517856169056, 587.7398663940003, 19.77100886162225]","[6333.688308759373, -357.88242634628494, 587.7398663940003, 19.771008861622477]","[6480.623275357873, -352.9396741308793, 587.7398663940003, 19.771008861622477]","[6627.558241956374, -347.99692191547376, 587.7398663940039, 19.77100886162225]"
269,People,"[6774.493208554874, -343.0541697000682, 0, 0]","[6921.428175153375, -338.1114174846626, 587.7398663940039, 19.771008861622477]","[7068.363141751875, -333.16866526925696, 587.7398663940003, 19.771008861622477]","[7215.298108350375, -328.2259130538514, 587.7398663939966, 19.77100886162225]","[7362.233074948876, -323.28316083844584, 587.7398663940039, 19.77100886162225]","[7509.168041547377, -318.3404086230402, 587.7398663940039, 19.771008861622477]","[7656.103008145877, -313.3976564076346, 587.7398663940003, 19.771008861622477]","[7803.037974744377, -308.45490419222904, 587.7398663940003, 19.77100886162225]","[7949.972941342878, -303.5121519768235, 587.7398663940045, 19.771008861622267]","[8096.907907941378, -298.56939976141786, 587.7398663940003, 19.771008861622477]","[8243.842874539878, -293.62664754601224, 587.7398663940003, 19.771008861622477]","[8390.777841138379, -288.6838953306067, 587.7398663940039, 19.77100886162225]","[8537.71280773688, -283.7411431152011, 587.7398663940039, 19.77100886162225]","[8684.647774335379, -278.7983908997955, 587.7398663939966, 19.771008861622477]","[8831.58274093388, -273.85563868439, 587.7398663940039, 19.771008861622022]","[8978.517707532379, -268.9128864689843, 587.7398663939966, 19.771008861622704]"
270,People,"[9125.45267413088, -263.97013425357875, 0, 0]","[9272.38764072938, -259.0273820381732, 587.7398663939966, 19.77100886162225]","[9416.40694, -255.93487, 576.0771970824862, 12.370048152692789]","[9482.20292, -261.23675, 263.18391999999585, -21.20751999999993]","[9466.16161, -258.35397, -64.16524000000209, 11.531119999999873]","[9376.01996, -259.57785, -360.5665999999983, -4.895520000000033]","[9100.32251, -187.50292, -1102.7897999999986, 288.2997200000001]","[8786.323362207793, -159.67707851948052, -1255.9965911688269, 111.30336592207789]","[8483.702391428571, -188.15982657142857, -1210.4838831168902, -113.9309922077923]","[8181.081420649351, -216.64257462337665, -1210.4838831168818, -113.93099220779231]","[7878.46044987013, -245.12532267532467, -1210.4838831168818, -113.93099220779209]","[7575.83947909091, -273.6080707272727, -1210.4838831168818, -113.9309922077922]","[7273.218508311688, -302.09081877922074, -1210.4838831168854, -113.93099220779209]","[6970.597537532468, -330.5735668311688, -1210.4838831168818, -113.93099220779231]","[6667.976566753247, -359.0563148831169, -1210.4838831168818, -113.93099220779231]","[6365.355595974026, -387.5390629350649, -1210.4838831168854, -113.93099220779209]"
271,People,"[6062.734625194806, -416.02181098701294, 0, 0]","[5760.113654415584, -444.504559038961, -1210.4838831168854, -113.93099220779231]","[5457.492683636363, -472.987307090909, -1210.4838831168854, -113.93099220779186]","[5154.871712857143, -501.4700551428571, -1210.4838831168781, -113.93099220779254]","[4852.250742077922, -529.9528031948051, -1210.4838831168854, -113.93099220779209]","[4549.629771298701, -558.4355512467532, -1210.4838831168854, -113.93099220779231]","[4235.29312, -637.84782, -1257.3466051948017, -317.64907501298694]","[3908.52717, -710.10231, -1307.0638000000017, -289.01796000000013]","[3569.87526, -704.92183, -1354.6076400000013, 20.721919999999972]","[3219.25129, -735.73731, -1402.4958799999986, -123.26191999999992]","[2857.61606, -796.46144, -1446.5409200000013, -242.89652000000024]","[2512.96272, -775.21385, -1378.6133599999994, 84.99036000000024]","[2156.75863, -677.5561, -1424.8163600000007, 390.63099999999986]","[1791.86767, -643.05084, -1459.563839999999, 138.02104000000008]","[1420.62795, -650.76034, -1484.9588800000001, -30.838000000000193]","[1066.48854, -586.71422, -1416.55764, 256.18448000000035]"
272,People,"[717.05344, -466.88631, 0, 0]","[357.02283, -428.47269, -1440.12244, 153.65447999999992]","[-2.39999, -442.91432, -1437.69128, -57.7665199999999]","[-327.82174, -381.46576, -1301.687, 245.79423999999995]","[-659.64744, -258.37286, -1327.3028, 492.37159999999994]","[-986.66901, -212.01173, -1308.08628, 185.44452]","[-1328.42659, -205.78619, -1367.0303200000003, 24.90215999999998]","[-1635.42337, -121.21621, -1227.9871199999998, 338.27992]","[-1937.06662, 19.75346, -1206.5730000000015, 563.8786800000005]","[-2244.06813, 98.06042, -1228.0060400000002, 313.22783999999996]","[-2587.01275, 165.00578, -1371.778479999999, 267.78144]","[-2883.18075, 303.40313, -1184.6720000000005, 553.5894]","[-3164.63315, 507.68227, -1125.8096000000005, 817.1165600000002]","[-3460.14559, 639.27457, -1182.0497599999999, 526.3692000000001]","[-3780.9113, 728.14312, -1283.0628400000005, 355.47419999999966]","[-4077.47053, 870.19939, -1186.2369199999994, 568.2250800000002]"
273,People,"[-4366.03711, 1077.6079, 0, 0]","[-4659.3355025, 1197.4828475, -1173.1935699999995, 479.49978999999985]","[-4981.43735, 1266.69401, -1288.4073900000003, 276.84465]","[-5265.15381, 1381.63863, -1134.8658399999986, 459.77847999999994]","[-5528.573401578948, 1546.3214468421052, -1053.6783663157912, 658.731267368421]","[-5806.57308, 1634.9122, -1111.99871368421, 354.3630126315793]","[-6128.1614, 1665.82875, -1286.3532799999994, 123.66619999999966]","[-6422.82177, 1747.16225, -1178.6414799999984, 325.33400000000074]","[-6713.48456, 1871.73739, -1162.6511600000024, 498.30056000000013]","[-6913.1857169585255, 1921.497418156682, -798.8046278341026, 199.04011262672793]","[-7092.033438156682, 1954.0184158525344, -715.390884792625, 130.08399078340972]","[-7270.881159354839, 1986.5394135483875, -715.3908847926286, 130.08399078341245]","[-7449.728880552995, 2019.06041124424, -715.390884792625, 130.08399078340972]","[-7628.576601751152, 2051.5814089400924, -715.3908847926286, 130.08399078340972]","[-7807.424322949309, 2084.102406635945, -715.390884792625, 130.08399078341063]","[-7986.272044147466, 2116.623404331797, -715.3908847926286, 130.083990783407]"
274,People,"[-8165.119765345622, 2149.14440202765, 0, 0]","[-8300.6399, 2165.96195, -542.0805386175125, 67.27019188939994]","[-8021.4604185, 2072.497731, 1116.7179260000012, -373.85687599999983]","[-7747.411461, 1997.427486, 1096.1958300000006, -300.28097999999954]","[-7473.3625035, 1922.357241, 1096.1958300000006, -300.28098000000045]","[-7199.313545999999, 1847.286996, 1096.1958300000006, -300.28097999999954]","[-6927.44891, 1758.25601, 1087.4585439999973, -356.12394399999994]","[-6604.587512857143, 1686.5036957142856, 1291.445588571427, -287.0092571428577]","[-6270.93373, 1646.3757, 1334.6151314285755, -160.5119828571425]","[-5947.9998, 1527.891, 1291.7357200000006, -473.9387999999999]","[-5588.226106842105, 1385.3702831578946, 1439.094772631579, -570.0828673684218]","[-5206.177442368421, 1300.498197631579, 1528.1946578947354, -339.48834210526275]","[-4836.05618, 1182.0972, 1480.4850494736856, -473.603990526316]","[-4540.06669, 972.43575, 1183.9579599999997, -838.6457999999998]","[-4219.8211, 739.7982, 1280.9823599999982, -930.5502000000001]","[-3877.09675, 603.83446, 1370.8973999999998, -543.8549599999997]"
275,People,"[-3552.51631, 455.16491, 0, 0]","[-3251.75201, 254.8136, 1203.0571999999993, -801.40524]","[-2931.95805, 49.37267, 1279.1758399999999, -821.76372]","[-2585.19959, -61.97077, 1387.03384, -445.37376]","[-2266.43779, -190.31967, 1275.0472000000009, -513.3956000000001]","[-1957.24615, -349.32667, 1236.76656, -636.0279999999999]","[-1616.77453, -479.89285, 1361.8864800000001, -522.2647200000001]","[-1274.97972, -505.40765, 1367.1792399999995, -102.05919999999992]","[-952.33491, -537.99821, 1290.5792400000012, -130.36224000000004]","[-605.38781, -633.22969, 1387.7884000000004, -380.92592000000013]","[-230.38547, -652.72329, 1500.0093599999998, -77.97440000000006]","[157.2568, -596.11264, 1550.56908, 226.44259999999986]","[500.12036, -588.0264, 1371.45424, 32.344960000000356]","[846.65441, -623.82565, 1386.1362, -143.19700000000012]","[1200.76355, -594.61117, 1416.4365599999996, 116.85791999999992]","[1542.39732, -507.42089, 1366.5350800000006, 348.7611200000001]"
276,People,"[1852.72808, -489.42317, 0, 0]","[2182.25464, -539.23244, 1318.10624, -199.23707999999988]","[2521.96868, -527.54315, 1358.8561599999994, 46.75716000000011]","[2860.15741, -450.05031, 1352.7549199999994, 309.9713599999998]","[3167.81952, -438.60071, 1230.6484400000008, 45.79840000000013]","[3486.55451, -489.10019, 1274.9399599999997, -201.99792000000002]","[3800.50671, -477.84688, 1255.8088000000007, 45.013239999999996]","[4100.57719, -404.77834, 1200.2819199999994, 292.27415999999994]","[4361.80395, -381.00285, 1044.9070400000028, 95.10196000000005]","[4618.69686, -420.8618163636364, 1027.5716399999983, -159.4358654545456]","[4902.92795, -451.09829, 1136.924360000001, -120.9458945454544]","[5173.76851, -400.73776, 1083.3622399999986, 201.44212000000016]","[5439.85449, -356.46841, 1064.3439199999993, 177.0773999999999]","[5712.28899, -384.09413, 1089.7380000000012, -110.50288]","[6025.82815, -438.68391, 1254.156640000001, -218.35912000000008]","[6344.37558, -384.17245, 1274.1897199999985, 218.04584]"
277,People,"[6677.79958, -299.59317, 0, 0]","[6991.65414, -301.77583, 1255.418239999999, -8.730639999999994]","[6946.056612637682, -313.8979995652174, -182.39010944927213, -48.48867826086962]","[6848.547638362319, -323.58888543478264, -390.03589710145025, -38.763543478261]","[6751.0386640869565, -333.27977130434783, -390.03589710145025, -38.76354347826077]","[6653.529689811595, -342.9706571739131, -390.0358971014466, -38.763543478261]","[6556.020715536232, -352.6615430434783, -390.03589710145025, -38.76354347826077]","[6458.51174126087, -362.35242891304347, -390.03589710145025, -38.76354347826077]","[6361.002766985507, -372.0433147826087, -390.0358971014506, -38.763543478261035]","[6263.4937927101455, -381.7342006521739, -390.0358971014466, -38.76354347826077]","[6165.984818434783, -391.4250865217392, -390.03589710145025, -38.76354347826123]","[6068.47584415942, -401.1159723913044, -390.03589710145025, -38.76354347826077]","[5970.966869884058, -410.8068582608696, -390.03589710145025, -38.76354347826077]","[5873.457895608696, -420.4977441304348, -390.0358971014466, -38.76354347826077]","[5775.948921333334, -430.18863, -390.03589710145025, -38.76354347826077]","[5678.439947057971, -439.8795158695653, -390.03589710145025, -38.76354347826123]"
278,People,"[5580.930972782609, -449.5704017391305, 0, 0]","[5483.421998507247, -459.2612876086956, -390.03589710145025, -38.763543478260544]","[5385.913024231884, -468.9521734782609, -390.03589710145025, -38.763543478261]","[5288.404049956522, -478.6430593478261, -390.03589710145025, -38.763543478261]","[5190.895075681159, -488.3339452173913, -390.03589710145025, -38.76354347826077]","[5093.3861014057975, -498.0248310869565, -390.0358971014466, -38.76354347826077]","[4995.877127130435, -507.71571695652176, -390.03589710145025, -38.763543478261]","[4898.368152855073, -517.406602826087, -390.0358971014466, -38.763543478261]","[4800.859178579711, -527.0974886956521, -390.0358971014506, -38.76354347826058]","[4703.350204304348, -536.7883745652174, -390.03589710145025, -38.763543478261]","[4605.841230028986, -546.4792604347826, -390.03589710145025, -38.763543478261]","[4508.332255753623, -556.1701463043478, -390.03589710145025, -38.763543478260544]","[4410.8232814782605, -565.861032173913, -390.03589710145025, -38.763543478261]","[4239.76926, -544.70729, -684.2160859130418, 84.61496869565235]","[3881.34618, -519.33419, -1433.69232, 101.49239999999963]","[3537.20931, -541.41217, -1376.5474799999993, -88.31191999999965]"
279,People,"[3204.029579889841, -475.29228107711134, 0, 0]","[2870.849849779682, -409.17239215422273, -1332.7189204406368, 264.4795556915544]","[2537.670119669523, -343.0525032313341, -1332.718920440635, 264.47955569155465]","[2204.490389559364, -276.93261430844547, -1332.7189204406368, 264.4795556915544]","[1871.3106594492049, -210.8127253855569, -1332.7189204406359, 264.4795556915543]","[1538.1309293390457, -144.69283646266825, -1332.7189204406368, 264.47955569155454]","[1204.9511992288865, -78.57294753977965, -1332.7189204406368, 264.4795556915544]","[871.7714691187275, -12.453058616890983, -1332.7189204406359, 264.47955569155465]","[538.5917390085683, 53.66683030599757, -1332.718920440638, 264.4795556915544]","[205.4120088984091, 119.78671922888624, -1332.7189204406368, 264.47955569155465]","[-127.76772121175009, 185.9066081517748, -1332.7189204406368, 264.47955569155425]","[-460.9474513219093, 252.02649707466344, -1332.7189204406368, 264.47955569155454]","[-794.127181432068, 318.146385997552, -1332.718920440635, 264.4795556915542]","[-1127.3069115422277, 384.2662749204407, -1332.7189204406386, 264.4795556915549]","[-1460.4866416523864, 450.3861638433293, -1332.718920440635, 264.4795556915544]","[-1793.6663717625452, 516.506052766218, -1332.718920440635, 264.47955569155465]"
280,People,"[-2126.846101872705, 582.6259416891065, 0, 0]","[-2460.025831982864, 648.7458306119951, -1332.7189204406368, 264.4795556915542]","[-2793.205562093023, 714.8657195348836, -1332.7189204406368, 264.4795556915542]","[-3126.385292203182, 780.9856084577724, -1332.718920440635, 264.4795556915551]","[-3459.5650223133407, 847.105497380661, -1332.718920440635, 264.4795556915542]","[-3792.744752423501, 913.2253863035496, -1332.7189204406404, 264.47955569155465]","[-4125.924482533659, 979.3452752264384, -1332.7189204406332, 264.4795556915551]","[-4459.104212643819, 1045.465164149327, -1332.7189204406386, 264.4795556915542]","[-4792.283942753978, 1111.5850530722155, -1332.7189204406397, 264.4795556915544]","[-5125.463672864136, 1177.704941995104, -1332.7189204406313, 264.4795556915542]","[-5458.643402974296, 1243.8248309179926, -1332.7189204406386, 264.4795556915542]","[-5791.823133084456, 1309.9447198408811, -1332.7189204406386, 264.4795556915542]","[-6125.002863194613, 1376.0646087637697, -1332.7189204406313, 264.4795556915542]","[-6458.182593304773, 1442.1844976866587, -1332.7189204406386, 264.479555691556]","[-6791.362323414933, 1508.3043866095468, -1332.7189204406386, 264.4795556915524]","[-7124.5420535250905, 1574.4242755324358, -1332.7189204406313, 264.479555691556]"
281,People,"[-7432.64219, 1668.70155, 0, 0]","[-7758.94109, 1873.61333, -1305.1956000000027, 819.6471199999996]","[-8128.87665, 2064.15247, -1479.7422399999996, 762.1565600000004]","[-8064.003825727273, 2064.2013221818183, 259.49129709090994, 0.19540872727338865]","[-7874.398208681818, 2017.9381585454544, 758.4224681818196, -185.05265454545588]","[-7684.792591636364, 1971.6749949090909, 758.4224681818159, -185.05265454545406]","[-7495.186974590909, 1925.4118312727276, 758.4224681818196, -185.05265454545315]","[-7305.581357545455, 1879.148667636364, 758.4224681818159, -185.05265454545406]","[-7115.9757405, 1832.885504, 758.4224681818202, -185.05265454545605]","[-6926.370123454545, 1786.6223403636363, 758.4224681818196, -185.05265454545497]","[-6736.764506409091, 1740.3591767272728, 758.4224681818159, -185.05265454545406]","[-6547.158889363636, 1694.096013090909, 758.4224681818196, -185.05265454545497]","[-6357.553272318182, 1647.832849454545, 758.4224681818159, -185.05265454545588]","[-6167.947655272727, 1601.5696858181818, 758.4224681818196, -185.05265454545315]","[-5978.3420382272725, 1555.3065221818183, 758.4224681818196, -185.05265454545406]","[-5788.7364211818185, 1509.0433585454543, 758.4224681818159, -185.05265454545588]"
282,People,"[-5599.130804136364, 1462.7801949090908, 0, 0]","[-5409.525187090909, 1416.5170312727273, 758.4224681818196, -185.05265454545406]","[-5219.919570045455, 1370.2538676363636, 758.4224681818159, -185.05265454545497]","[-5030.313953, 1323.9907039999998, 758.4224681818196, -185.05265454545497]","[-4830.66258, 1268.12829, 798.6054919999988, -223.44965599999887]","[-4545.52906, 1223.64551, 1140.5340800000013, -177.9311200000002]","[-4242.629143333334, 1309.0154066666666, 1211.5996666666651, 341.47958666666636]","[-3974.72842, 1359.92712, 1071.6028933333346, 203.64685333333364]","[-3648.519385, 1369.3935975, 1304.8361400000006, 37.865909999999566]","[-3325.56046, 1463.7225530434782, 1291.8356999999996, 377.31582217391315]","[-3014.88797, 1573.6976777272728, 1242.6899599999997, 439.9004987351782]","[-2711.7614700000004, 1667.7497629545455, 1212.5059999999994, 376.208340909091]","[-2377.78691, 1693.14769, 1335.8982400000023, 101.59170818181792]","[-2046.14976, 1755.11861, 1326.5485999999992, 247.8836799999999]","[-1723.6183, 1846.96122, 1290.1258399999997, 367.3704399999997]","[-1413.40482, 1860.35925, 1240.8539200000005, 53.59212000000025]"
283,People,"[-1093.75508, 1766.73258, 0, 0]","[-786.11053, 1709.90326, 1230.5781999999995, -227.3172800000002]","[-478.16043, 1682.29783, 1231.8004, -110.42172000000028]","[-220.42702, 1594.66149, 1030.9336400000002, -350.5453600000001]","[26.55145, 1459.65172, 987.91388, -540.0390799999996]","[265.078, 1371.73426, 954.1062, -351.6698400000005]","[504.89018, 1366.10388, 959.24872, -22.521520000000237]","[726.03415, 1365.88917, 884.5758799999999, -0.8588399999998728]","[906.54183, 1319.01209, 722.0307200000009, -187.50832000000008]","[1075.61552, 1258.66077, 676.2947600000002, -241.40527999999995]","[1171.80316, 1272.07534, 384.7505599999995, 53.65828000000056]","[1228.80457, 1307.51784, 228.0056400000003, 141.76999999999953]","[1278.29451, 1318.89803, 197.95975999999973, 45.52076000000034]","[1318.82784, 1312.00004, 162.1333199999999, -27.591960000000654]","[1346.57477, 1300.50686, 110.98772000000008, -45.972719999999754]","[1364.47164, 1286.45925, 71.58748000000014, -56.1904399999994]"
284,People,"[1414.78397, 1272.51646, 0, 0]","[1523.45748, 1315.91199, 434.6940400000003, 173.58212000000003]","[1690.0922, 1368.39919, 666.5388800000001, 209.94880000000012]","[1905.35928, 1360.03531, 861.0683199999994, -33.45552000000043]","[2115.44011, 1476.61159, 840.3233200000004, 466.30512]","[2305.66444, 1721.58472, 760.89732, 979.8925200000003]","[2500.42317, 1884.74377, 779.03492, 652.6361999999999]","[2771.10454, 1948.56525, 1082.7254799999992, 255.28592000000026]","[3070.17861, 2050.16512, 1196.2962800000016, 406.3994800000004]","[3380.25664, 2151.6745, 1240.3121200000005, 406.03751999999986]","[3703.01147, 2169.58914, 1291.0193199999994, 71.65855999999985]","[4011.11158, 2060.43152, 1232.4004399999994, -436.6304799999998]","[4359.68887, 1932.37391, 1394.3091600000007, -512.2304400000003]","[4719.35691, 1866.51528, 1438.672160000002, -263.4345199999998]","[5048.60807, 1770.85627, 1317.0046399999992, -382.6360400000003]","[5353.81035, 1601.91855, 1220.809119999998, -675.7508799999996]"
285,People,"[5689.92927, 1453.64511, 0, 0]","[6042.1926, 1399.49374, 1409.0533200000027, -216.60548000000017]","[6366.52115, 1325.92647, 1297.314199999997, -294.2690799999991]","[6672.34752, 1197.00251, 1223.3054800000027, -515.6958400000003]","[7002.21822, 1082.38472, 1319.482799999998, -458.47116000000005]","[7143.442338940732, 1078.055609369483, 564.8964757629292, -17.316442522068428]","[7133.90608704918, 1105.886179672131, -38.145007566206914, 111.32228121059234]","[7124.3698351576295, 1133.7167499747793, -38.145007566203276, 111.32228121059325]","[7114.833583266079, 1161.5473202774274, -38.14500756620331, 111.32228121059244]","[7105.297331374528, 1189.3778905800757, -38.145007566203276, 111.32228121059325]","[7095.761079482976, 1217.2084608827238, -38.145007566206914, 111.32228121059234]","[7086.224827591425, 1245.039031185372, -38.145007566203276, 111.32228121059325]","[7076.6885756998745, 1272.8696014880202, -38.145007566203276, 111.32228121059234]","[7067.152323808323, 1300.7001717906685, -38.145007566206914, 111.32228121059325]","[7057.616071916772, 1328.5307420933166, -38.145007566203276, 111.32228121059234]","[7048.079820025221, 1356.361312395965, -38.145007566203276, 111.32228121059325]"
286,People,"[7038.54356813367, 1384.191882698613, 0, 0]","[7029.007316242119, 1412.022453001261, -38.145007566206914, 111.32228121059234]","[7019.471064350568, 1439.8530233039091, -38.145007566203276, 111.32228121059234]","[7009.934812459017, 1467.6835936065577, -38.145007566203276, 111.32228121059416]","[7000.398560567465, 1495.5141639092055, -38.145007566206914, 111.32228121059143]","[6990.862308675914, 1523.3447342118538, -38.145007566203276, 111.32228121059325]","[6981.326056784364, 1551.175304514502, -38.145007566203276, 111.32228121059234]","[6971.789804892813, 1579.00587481715, -38.145007566203276, 111.32228121059234]","[6962.253553001261, 1606.8364451197983, -38.14500756620695, 111.32228121059335]","[6952.71730110971, 1634.6670154224464, -38.145007566203276, 111.32228121059234]","[6943.181049218159, 1662.4975857250947, -38.145007566203276, 111.32228121059325]","[6933.644797326608, 1690.3281560277428, -38.145007566206914, 111.32228121059234]","[6924.108545435057, 1718.158726330391, -38.145007566203276, 111.32228121059234]","[6914.572293543506, 1745.9892966330392, -38.145007566203276, 111.32228121059325]","[6905.036041651954, 1773.8198669356875, -38.145007566206914, 111.32228121059325]","[6895.499789760404, 1801.650437238336, -38.14500756619964, 111.32228121059416]"
287,People,"[6885.963537868853, 1829.481007540984, 0, 0]","[6876.427285977302, 1857.311577843632, -38.145007566203276, 111.32228121059234]","[6866.89103408575, 1885.14214814628, -38.145007566206914, 111.32228121059234]","[6857.354782194199, 1912.9727184489284, -38.145007566203276, 111.32228121059325]","[6847.8185303026485, 1940.8032887515765, -38.145007566203276, 111.32228121059234]","[6570.98134, 1966.62508, -1107.3487612105928, 103.2871649936942]","[6252.86122, 1968.17784, -1272.480480000002, 6.211040000000139]","[5946.93174, 2003.34825, -1223.7179199999991, 140.6816399999998]","[5605.43833, 2029.62523, -1365.9736400000013, 105.10792000000048]","[5257.96033, 1982.15385, -1389.9120000000003, -189.88552000000072]","[4901.611405263157, 1943.9859742105264, -1425.39569894737, -152.67150315789422]","[4564.97992, 1986.83852, -1346.5259410526305, 171.4101831578946]","[4235.75002, 2031.72192, -1316.9195999999974, 179.53359999999975]","[3897.50792, 2008.0329, -1352.9684000000016, -94.75608000000011]","[3548.89786, 2000.63002, -1394.44024, -29.611519999999473]","[3212.728, 2064.9262, -1344.6794399999999, 257.1847199999993]"
288,People,"[-6515.56277, 2525.61878, 0, 0]","[-6472.231957272727, 2608.416633636364, 173.32325090908853, 331.1914145454575]","[-6410.870447313433, 2668.7306047761194, 245.44603983717752, 241.25588455902107]","[-6329.183380149254, 2640.0394741791047, 326.7482686567164, -114.76452238805905]","[-6247.496312985075, 2611.348343582089, 326.7482686567164, -114.76452238806269]","[-6140.13994, 2555.66727, 429.42549194029925, -222.72429432835634]","[-5957.98227, 2487.99458, 728.6306799999984, -270.6907599999995]","[-5763.52524, 2513.25109, 777.828120000002, 101.02604000000065]","[-5603.40143, 2522.2061, 640.4952400000008, 35.82003999999873]","[-5484.38736, 2502.19345, 476.0562800000007, -80.05059999999867]","[-5231.9897, 2472.56219, 1009.5906399999985, -118.52504000000044]","[-4970.56826, 2559.69754, 1045.6857600000003, 348.54140000000007]","[-4720.48022, 2635.64899, 1000.3521599999985, 303.8058000000001]","[-4448.20256, 2650.88731, 1089.1106400000026, 60.95327999999972]","[-4142.286612580645, 2645.953506129032, 1223.6637896774191, -19.735215483871798]","[-3830.18035, 2660.44183, 1248.4250503225794, 57.95329548387235]"
289,People,"[-3551.31047, 2707.95031, 0, 0]","[-3288.47895, 2764.69766, 1051.326079999999, 226.98939999999857]","[-3061.3079, 2807.55413, 908.6842000000015, 171.4258800000007]","[-2837.34548, 2824.15741, 895.8496799999994, 66.41311999999925]","[-2560.21182, 2781.51858, 1108.5346399999999, -170.55531999999948]","[-2282.85336, 2753.85242, 1109.4338399999997, -110.66463999999905]","[-2020.29308, 2731.12722, 1050.2411200000006, -90.90080000000125]","[-1832.38337, 2705.66305, 751.6388399999996, -101.85667999999896]","[-1651.75428, 2682.53614, 722.5163600000003, -92.5076399999999]","[-1433.66634, 2628.13108, 872.3517600000005, -217.6202400000002]","[-1207.74086, 2579.41681, 903.7019199999995, -194.85707999999977]","[-956.55496, 2537.95484, 1004.7436000000002, -165.84788000000117]","[-769.32369, 2484.68994, 748.92508, -213.05959999999868]","[-607.90717, 2362.71008, 645.6660800000004, -487.9194400000015]","[-416.69445, 2250.9119, 764.8508799999997, -447.1927199999991]","[-184.52326, 2193.7587, 928.6847600000001, -228.6128000000008]"
290,People,"[36.3945, 2137.5256, 0, 0]","[252.10833, 2041.11032, 862.85532, -385.66111999999976]","[496.11168, 1935.41884, 976.0133999999999, -422.7659199999998]","[803.68619, 1868.17655, 1230.2980400000001, -268.96916000000056]","[1072.25092, 1864.93337, 1074.2589199999998, -12.972719999999754]","[1321.9972, 1867.0951, 998.9851200000003, 8.646920000000136]","[1577.36172, 1817.09273, 1021.4580800000003, -200.0094799999997]","[1866.41422, 1784.86851, 1156.2099999999991, -128.89688000000024]","[2196.54852, 1808.21233, 1320.537200000001, 93.37528000000029]","[2522.20664, 1889.30469, 1302.6324800000002, 324.3694399999995]","[2834.20101, 1938.2807, 1247.9774800000014, 195.90404000000035]","[3110.01931, 1924.13331, 1103.2731999999996, -56.58956000000035]","[3359.14293, 1915.2047, 996.4944799999994, -35.71443999999974]","[3667.11239, 1944.74771, 1231.8778399999992, 118.17204000000038]","[3972.76667, 1989.43032, 1222.6171200000008, 178.73043999999936]","[4331.78249, 1990.81359, 1436.0632799999985, 5.5330800000001545]"
291,People,"[4663.84099, 1917.38195, 0, 0]","[4925.3142, 1827.90562, 1045.8928400000004, -357.90531999999985]","[5238.77184, 1802.57464, 1253.8305600000022, -101.32391999999982]","[5571.276346296297, 1810.464242962963, 1330.0180251851853, 31.558411851851815]","[5909.194164197531, 1793.4899219753086, 1351.671271604937, -67.89728395061775]","[6247.111982098766, 1776.5156009876544, 1351.6712716049406, -67.89728395061684]","[6585.0298, 1759.54128, 1351.671271604937, -67.89728395061775]","[6906.308726944444, 1822.7831461111111, 1285.1157077777752, 252.9674644444449]","[7151.493201481481, 1890.355447037037, 980.7378981481497, 270.28920370370383]","[7396.6776760185185, 1957.927747962963, 980.7378981481488, 270.2892037037036]","[7641.862150555556, 2025.5000488888888, 980.7378981481488, 270.2892037037036]","[7887.046625092593, 2093.072349814815, 980.7378981481488, 270.2892037037045]","[8132.23109962963, 2160.644650740741, 980.7378981481488, 270.2892037037036]","[8377.415574166667, 2228.216951666667, 980.7378981481488, 270.2892037037036]","[8622.600048703704, 2295.7892525925927, 980.7378981481452, 270.2892037037036]","[8867.784523240742, 2363.3615535185186, 980.7378981481525, 270.2892037037036]"
292,People,"[9021.88569, 2411.66252, 0, 0]","[9055.21354, 2415.60853, 133.31140000000596, 15.78404000000046]","[9071.35368, 2404.08614, 64.56055999999808, -46.08956000000035]","[9070.90348, 2397.53982, -1.8007999999972526, -26.185279999999693]","[9060.34647, 2393.91405, -42.22804000000178, -14.50308000000041]","[9041.71787, 2391.21231, -74.51440000000002, -10.80695999999989]","[9032.38184, 2397.81858, -37.34412000000157, 26.42508000000089]","[9032.08277, 2428.62552, -1.1962799999964773, 123.22775999999976]","[9033.96, 2473.64123, 7.508919999992948, 180.06284000000068]","[9026.23311, 2487.17536, -30.90755999999965, 54.13652000000002]","[9018.409119375, 2451.2759975, -31.295962500000314, -143.59745000000112]","[8928.7223548, 2399.5471116000003, -358.74705829999584, -206.91554359999827]","[8747.9593418, 2385.2101156000003, -723.0520519999991, -57.347984]","[8567.1963288, 2370.8731196000003, -723.0520519999991, -57.347984]","[8386.4333158, 2356.5361236000003, -723.0520519999991, -57.347984]","[8205.670302800001, 2342.1991276000003, -723.0520519999991, -57.347984]"
293,People,"[8024.9072898, 2327.8621316000003, 0, 0]","[7844.1442768, 2313.5251356000003, -723.0520520000027, -57.347984]","[7663.3812638, 2299.1881396000003, -723.0520519999991, -57.347984]","[7482.6182508, 2284.8511436000003, -723.0520519999991, -57.347984]","[7301.8552378, 2270.5141476000003, -723.0520519999991, -57.347984]","[7080.16617, 2229.17863, -886.7562711999999, -165.34207040000183]","[6758.94088, 2120.11284, -1284.9011600000013, -436.2631600000004]","[6390.59379, 1921.20739, -1473.3883600000008, -795.621799999999]","[6058.54812, 1684.80065, -1328.1826799999992, -945.6269600000013]","[5714.63757, 1477.79302, -1375.642200000002, -828.0305199999993]","[5356.26329, 1292.15218, -1433.49712, -742.5633600000001]","[5040.44625, 1079.8696, -1263.2681599999996, -849.1303200000002]","[4792.92145, 869.61135, -990.0992000000006, -841.0329999999999]","[4445.86381, 676.64909, -1388.23056, -771.8490400000001]","[4082.04439, 506.71753, -1455.2776799999992, -679.72624]","[3732.72473, 325.65775, -1397.2786400000005, -724.23912]"
294,People,"[3426.31325, 116.67079, 0, 0]","[3061.55314, -85.19647, -1459.0404400000007, -807.46904]","[2690.516, -218.13026, -1484.1485599999996, -531.73516]","[2276.28306, -342.32063, -1656.9317599999995, -496.76148]","[1875.57509, -488.87614, -1602.8318800000006, -586.2220400000001]","[1515.10855, -608.04428, -1441.8661600000005, -476.67255999999975]","[1135.23478, -667.08928, -1519.4950799999997, -236.1800000000003]","[777.74374, -713.01437, -1429.96416, -183.70035999999982]","[435.981, -803.08474, -1367.0509600000012, -360.28148000000044]","[101.4535, -895.46243, -1338.11, -369.5107600000001]","[-239.05203, -950.3641, -1362.02212, -219.60667999999987]","[-592.07499, -984.40867, -1412.0918399999998, -136.1782800000001]","[-931.47978, -1044.1915, -1357.6191600000002, -239.1313199999995]","[-1222.533, -1129.1339, -1164.2128799999996, -339.76960000000054]","[-1558.08961, -1196.56543, -1342.2264400000004, -269.72612000000026]","[-1951.96314, -1224.73805, -1575.4941200000003, -112.6904799999993]"
295,People,"[-2361.61794, -1264.80195, 0, 0]","[-2694.9626, -1355.32112, -1333.378639999999, -362.0766800000001]","[-2992.75227, -1423.41961, -1191.1586800000005, -272.3939599999994]","[-3315.58388, -1443.31575, -1291.3264400000007, -79.58456000000024]","[-3712.26745, -1477.90699, -1586.7342799999988, -138.36495999999988]","[-4081.79368, -1582.3261, -1478.1049200000016, -417.6764400000002]","[-4353.638585650685, -1641.7245402739727, -1087.379622602739, -237.59376109589084]","[-4480.90661390411, -1674.3058416438355, -509.072113013699, -130.32520547945114]","[-4608.174642157534, -1706.8871430136987, -509.07211301369944, -130.32520547945307]","[-4735.442670410959, -1739.4684443835615, -509.072113013699, -130.32520547945114]","[-4862.710698664383, -1772.0497457534248, -509.07211301369534, -130.32520547945296]","[-4989.978726917809, -1804.631047123288, -509.0721130137026, -130.32520547945296]","[-5117.2467551712325, -1837.2123484931508, -509.07211301369534, -130.32520547945114]","[-5244.514783424657, -1869.7936498630136, -509.072113013699, -130.32520547945114]","[-5371.782811678082, -1902.3749512328768, -509.072113013699, -130.32520547945296]","[-5499.050839931507, -1934.95625260274, -509.072113013699, -130.32520547945296]"
296,People,"[-5626.318868184932, -1967.5375539726028, 0, 0]","[-5753.586896438356, -2000.1188553424656, -509.07211301369534, -130.32520547945114]","[-5880.854924691781, -2032.7001567123289, -509.072113013699, -130.32520547945296]","[-6008.122952945205, -2065.281458082192, -509.07211301369534, -130.32520547945205]","[-6135.390981198631, -2097.862759452055, -509.07211301370626, -130.32520547945205]","[-6262.659009452054, -2130.444060821918, -509.0721130136917, -130.32520547945205]","[-6389.92703770548, -2163.025362191781, -509.0721130137026, -130.32520547945205]","[-6517.195065958904, -2195.606663561644, -509.07211301369534, -130.32520547945205]","[-6644.4630942123285, -2228.187964931507, -509.07211301369944, -130.32520547945217]","[-6771.731122465753, -2260.76926630137, -509.072113013699, -130.32520547945205]","[-6898.999150719178, -2293.350567671233, -509.072113013699, -130.32520547945205]","[-7026.267178972603, -2325.931869041096, -509.072113013699, -130.32520547945205]","[-7153.535207226027, -2358.513170410959, -509.07211301369534, -130.32520547945205]","[-7280.803235479452, -2391.094471780822, -509.0721130137026, -130.32520547945205]","[-7288.65626, -2344.71991, -31.412098082189914, 185.49824712328882]","[-7232.13111, -2274.76055, 226.10059999999794, 279.83743999999933]"
297,People,"[-7124.16588, -2253.5568, 0, 0]","[-6959.23772, -2293.67633, 659.7126399999979, -160.47811999999976]","[-6798.69784, -2359.52174, 642.1595200000011, -263.3816400000014]","[-6602.03802, -2445.42366, 786.6392799999994, -343.60767999999916]","[-6366.33393, -2579.009, 942.8163600000007, -534.3413600000003]","[-6158.4886, -2699.87435, 831.3813200000004, -483.46140000000014]","[-6106.015540566038, -2792.7355620754715, 209.89223773584672, -371.44484830188594]","[-6106.576766981132, -2817.754642264151, -2.2449056603763893, -100.07632075471702]","[-6109.5049, -2826.53316, -11.712532075471255, -35.11407094339668]","[-6118.32726, -2778.9366, -35.28944000000047, 190.38623999999982]","[-6107.05043, -2740.72983, 45.10731999999916, 152.8270799999991]","[-6124.15107, -2714.9566, -68.40255999999863, 103.09292000000096]","[-6145.71641, -2671.07687, -86.26136000000042, 175.51892000000043]","[-6099.62975, -2655.8415, 184.34663999999975, 60.9414799999995]","[-5834.024415458937, -2590.773081521739, 1062.4213381642512, 260.27367391304324]","[-5568.419080917874, -2525.7046630434784, 1062.4213381642512, 260.27367391304324]"
298,People,"[-5302.813746376812, -2460.6362445652176, 0, 0]","[-5037.208411835749, -2395.5678260869563, 1062.4213381642512, 260.27367391304506]","[-4771.603077294686, -2330.4994076086955, 1062.4213381642512, 260.27367391304324]","[-4505.997742753623, -2265.4309891304347, 1062.4213381642512, 260.27367391304324]","[-4240.39240821256, -2200.362570652174, 1062.4213381642512, 260.27367391304324]","[-3974.787073671498, -2135.294152173913, 1062.4213381642494, 260.27367391304324]","[-3709.1817391304353, -2070.225733695652, 1062.4213381642512, 260.27367391304506]","[-3443.5764045893725, -2005.1573152173912, 1062.4213381642512, 260.27367391304233]","[-3177.9710700483097, -1940.0888967391304, 1062.4213381642521, 260.27367391304347]","[-2912.365735507247, -1875.0204782608691, 1062.4213381642512, 260.27367391304506]","[-2646.760400966184, -1809.9520597826088, 1062.4213381642512, 260.2736739130414]","[-2381.1550664251213, -1744.8836413043475, 1062.4213381642512, 260.27367391304506]","[-2115.5497318840585, -1679.815222826087, 1062.4213381642512, 260.27367391304233]","[-1849.944397342996, -1614.746804347826, 1062.4213381642503, 260.27367391304415]","[-1565.83412, -1512.29149, 1136.4411093719837, 409.82125739130333]","[-1236.57467, -1377.19083, 1317.0378, 540.4026400000002]"
299,People,"[-874.59096, -1243.01068, 0, 0]","[-438.3059, -1086.17207, 1745.14024, 627.3544400000001]","[14.28232, -868.89762, 1810.3528800000001, 869.0978000000005]","[385.5978, -700.26936, 1485.26192, 674.5130399999998]","[715.31403, -567.21472, 1318.86492, 532.2185599999998]","[1030.7632, -427.66062, 1261.7966800000004, 558.2164000000002]","[1388.70993, -322.9999, 1431.7869199999996, 418.6428799999999]","[1699.78984, -240.87641, 1244.3196399999997, 328.49396000000013]","[2018.53093, -154.18139, 1274.964360000001, 346.7800800000003]","[2375.07791, -86.65444, 1426.1879200000003, 270.1078]","[2787.10519, 28.32204, 1648.109120000001, 459.90592]","[3174.69474, 182.25345, 1550.3581999999988, 615.7256399999999]","[3502.04259, 278.34811, 1309.3914000000004, 384.37864000000013]","[3821.141963333333, 354.35548, 1276.397493333332, 304.0294799999999]","[4152.595620963855, 446.2300578313253, 1325.814630522089, 367.4983113253013]","[4488.094015542169, 548.0412325301204, 1341.9935783132532, 407.2446987951803]"
300,People,"[4823.592410120482, 649.8524072289156, 0, 0]","[5134.963455, 748.9313950000001, 1245.4841795180728, 396.31595108433794]","[5174.392179733333, 752.6548750666667, 157.71489893333273, 14.893920266666555]","[5152.6110083298245, 730.9711712070176, -87.12468561403512, -86.73481543859634]","[5130.829836926316, 709.2874673473684, -87.12468561403512, -86.7348154385968]","[5109.048665522807, 687.6037634877193, -87.12468561403512, -86.73481543859634]","[5087.267494119298, 665.9200596280702, -87.12468561403512, -86.73481543859634]","[5065.486322715789, 644.236355768421, -87.12468561403512, -86.7348154385968]","[5043.705151312281, 622.552651908772, -87.12468561403519, -86.73481543859641]","[5021.923979908772, 600.8689480491228, -87.12468561403512, -86.7348154385968]","[5000.142808505263, 579.1852441894737, -87.12468561403512, -86.73481543859634]","[4978.361637101754, 557.5015403298246, -87.12468561403512, -86.73481543859634]","[4956.5804656982455, 535.8178364701755, -87.12468561403512, -86.73481543859634]","[4934.799294294737, 514.1341326105263, -87.12468561403512, -86.7348154385968]","[4913.018122891228, 492.4504287508772, -87.12468561403512, -86.73481543859634]","[4891.236951487719, 470.7667248912281, -87.12468561403512, -86.73481543859657]"
301,People,"[4869.45578008421, 449.0830210315789, 0, 0]","[4847.674608680702, 427.3993171719298, -87.12468561403512, -86.73481543859634]","[4825.893437277193, 405.7156133122807, -87.12468561403512, -86.73481543859634]","[4804.112265873684, 384.0319094526316, -87.12468561403512, -86.73481543859634]","[4782.331094470175, 362.3482055929824, -87.12468561403512, -86.7348154385968]","[4760.549923066666, 340.6645017333333, -87.12468561403512, -86.73481543859657]","[4738.768751663158, 318.9807978736842, -87.12468561403512, -86.73481543859634]","[4716.987580259649, 297.29709401403505, -87.12468561403512, -86.73481543859657]","[4695.20640885614, 275.6133901543859, -87.12468561403519, -86.73481543859664]","[4673.425237452631, 253.92968629473685, -87.12468561403512, -86.73481543859623]","[4651.644066049123, 232.24598243508763, -87.12468561403512, -86.73481543859691]","[4629.862894645614, 210.5622785754385, -87.12468561403512, -86.73481543859646]","[4608.081723242105, 188.87857471578943, -87.12468561403512, -86.73481543859634]","[4586.300551838596, 167.19487085614026, -87.12468561403512, -86.73481543859668]","[4564.519380435087, 145.51116699649117, -87.12468561403512, -86.73481543859634]","[4542.738209031579, 123.82746313684208, -87.12468561403512, -86.73481543859634]"
302,People,"[4520.95703762807, 102.14375927719288, 0, 0]","[4499.175866224561, 80.4600554175438, -87.12468561403512, -86.73481543859634]","[4477.394694821052, 58.77635155789471, -87.12468561403512, -86.73481543859634]","[4455.613523417544, 37.09264769824552, -87.12468561403512, -86.73481543859677]","[4433.832352014035, 15.408943838596429, -87.12468561403512, -86.73481543859637]","[4412.051180610526, -6.274760021052657, -87.12468561403512, -86.73481543859634]","[4390.270009207017, -27.958463880701856, -87.12468561403512, -86.7348154385968]","[4368.488837803508, -49.64216774035094, -87.12468561403512, -86.73481543859634]","[4346.7076664, -71.32587160000003, -87.12468561403519, -86.73481543859641]","[4324.926494996491, -93.00957545964924, -87.12468561403512, -86.73481543859685]","[4303.145323592982, -114.69327931929833, -87.12468561403512, -86.73481543859634]","[4281.364152189473, -136.3769831789474, -87.12468561403512, -86.73481543859629]","[4259.5829807859645, -158.0606870385966, -87.12468561403512, -86.7348154385968]","[4237.801809382456, -179.74439089824568, -87.12468561403512, -86.73481543859634]","[4216.020637978947, -201.42809475789488, -87.12468561403512, -86.7348154385968]","[4194.239466575438, -223.111798617544, -87.12468561403512, -86.73481543859646]"
303,People,"[4172.458295171929, -244.79550247719305, 0, 0]","[4150.677123768421, -266.47920633684214, -87.12468561403512, -86.73481543859634]","[4128.895952364912, -288.1629101964912, -87.12468561403512, -86.73481543859634]","[4107.114780961403, -309.84661405614054, -87.12468561403512, -86.73481543859725]","[4085.333609557895, -331.5303179157896, -87.12468561403148, -86.73481543859634]","[4063.552438154386, -353.2140217754387, -87.12468561403693, -86.73481543859634]","[4041.771266750877, -374.8977256350878, -87.12468561403512, -86.73481543859634]","[4019.990095347368, -396.5814294947369, -87.12468561403693, -86.73481543859634]","[3998.20892394386, -418.2651333543862, -87.12468561403155, -86.73481543859732]","[3976.4277525403513, -439.9488372140353, -87.12468561403512, -86.73481543859634]","[3954.6465811368425, -461.6325410736844, -87.12468561403512, -86.73481543859657]","[3711.79399, -543.1357, -971.4103645473697, -326.0126357052625]","[3351.77743, -698.8277, -1440.06624, -622.768]","[3032.27789, -867.41192, -1277.998160000001, -674.3368799999998]","[2738.6285, -975.72939, -1174.5975600000002, -433.26987999999983]","[2414.26217, -1000.25627, -1297.4653199999993, -98.10752000000002]"
304,People,"[2085.90162, -1046.13334, 0, 0]","[1766.2568, -1173.63417, -1278.57928, -510.0033199999998]","[1445.94253, -1290.85816, -1281.2570800000003, -468.89595999999983]","[1110.47723, -1387.44805, -1341.8612000000003, -386.3595599999999]","[774.51938, -1488.25755, -1343.8314, -403.2380000000003]","[453.91669, -1618.01225, -1282.4107599999998, -519.0187999999998]","[150.53649, -1795.19937, -1213.5208000000002, -708.7484800000002]","[-175.09536, -1992.52032, -1302.5274, -789.2838000000002]","[-475.30424, -2132.98401, -1200.8355200000012, -561.8547600000006]","[-735.13428, -2249.44603, -1039.32016, -465.84807999999975]","[-966.01192, -2392.0814, -923.5105600000002, -570.5414799999999]","[-1180.0858, -2552.93266, -856.2955200000001, -643.4050399999996]","[-1387.14787, -2688.02539, -828.2482799999998, -540.3709199999994]","[-1594.51588, -2814.63185, -829.4720399999997, -506.4258400000017]","[-1749.02175, -2912.03469, -618.0234800000007, -389.61135999999897]","[-1836.82232, -3058.81134, -351.2022799999995, -587.106600000001]"
305,People,"[-1826.09147, -3227.47465, 0, 0]","[-1819.7368, -3313.45393, 25.418680000000677, -343.91712000000007]","[-1828.164265862069, -3366.5787682758623, -33.70986344827634, -212.4993531034488]","[-1858.5739275, -3396.4165700000003, -121.63864655172438, -119.35120689655196]","[-1888.9835891379312, -3426.254371724138, -121.63864655172438, -119.35120689655014]","[-1919.393250775862, -3456.092173448276, -121.63864655172347, -119.35120689655196]","[-1949.802912413793, -3485.929975172414, -121.63864655172347, -119.35120689655196]","[-1885.03184, -3479.43524, 259.08428965517123, 25.978940689656156]","[-1803.56214, -3472.45035, 325.8788000000007, 27.939559999998917]","[-1801.13803, -3481.41761, 9.696439999999711, -35.869039999999586]","[-1815.16685, -3493.8691, -56.115279999999984, -49.805959999999686]","[-1829.04228, -3501.46015, -55.501719999999295, -30.364199999999983]","[-1929.79068, -3501.43594, -402.9936000000007, 0.09684000000015658]","[-1981.6035072580644, -3479.9894531451614, -207.25130903225727, 85.78594741935376]","[-1983.7710032258065, -3440.985943064516, -8.66998387096828, 156.01404032258142]","[-1985.9384991935483, -3401.982432983871, -8.669983870967371, 156.0140403225796]"
306,People,"[-1988.1059951612904, -3362.978922903226, 0, 0]","[-1990.273491129032, -3323.975412822581, -8.669983870966462, 156.0140403225796]","[-1974.92153, -3216.77057, 61.407844516127625, 428.81937129032303]","[-1971.43125, -3138.44802, 13.961119999999937, 313.2902000000013]","[-1924.83683, -3064.12883, 186.3776800000005, 297.27675999999883]","[-1951.39446, -2945.02629, -106.23052000000007, 476.41016000000127]","[-2051.63197, -2716.55915, -400.9500399999997, 913.868559999999]","[-2214.72076, -2502.23213, -652.355160000001, 857.3080800000007]","[-2422.64948, -2399.86047, -831.7148800000002, 409.4866399999995]","[-2656.96682, -2331.06136, -937.2693600000002, 275.1964399999997]","[-2892.68289, -2164.01006, -942.8642799999998, 668.2052000000003]","[-3065.10056, -1959.01095, -689.6706799999993, 819.9964399999999]","[-3209.935, -1717.43868, -579.3377600000003, 966.2890800000005]","[-3475.52416, -1458.24707, -1062.35664, 1036.7664400000003]","[-3757.66637, -1220.92285, -1128.56884, 949.2968799999999]","[-3974.56073, -982.70248, -867.5774400000009, 952.8814799999996]"
307,People,"[-4147.14141, -735.58834, 0, 0]","[-4350.64625, -456.9096, -814.0193599999984, 1114.71496]","[-4589.01744, -213.14889, -953.4847599999994, 975.0428400000001]","[-4827.8677, 9.02097, -955.4010400000006, 888.67944]","[-5049.78412, 233.68901, -887.6656800000019, 898.67216]","[-5258.88878, 441.39761, -836.4186399999999, 830.8344]","[-5500.220271875, 610.13489125, -965.3259675000008, 674.9491250000001]","[-5733.348483684211, 805.4596973684211, -932.5128472368415, 781.2992244736843]","[-5945.24435, 1039.08165, -847.5834652631573, 934.4878105263168]","[-6099.270561428571, 1282.9699742857142, -616.1048457142861, 975.5532971428565]","[-6205.32396, 1497.092985, -424.21359428571304, 856.4920428571431]","[-6310.326548, 1695.828958, -420.01035200000115, 794.9438920000002]","[-6401.92762, 1857.606633333333, -366.40428800000154, 647.1107013333321]","[-6495.09302, 1967.53968, -372.66159999999945, 439.732186666668]","[-6628.552395769231, 1986.520006153846, -533.8375030769239, 75.92130461538363]","[-6752.427294807692, 1978.4030734615385, -495.4995961538443, -32.46773076923]"
308,People,"[-6871.08092, 1967.09929, 0, 0]","[-6914.79511, 1939.60503, -174.85675999999876, -109.97704000000067]","[-6894.00034, 1928.08759, 83.1790800000017, -46.069759999999405]","[-6842.52628, 1948.30747, 205.89623999999822, 80.8795199999995]","[-6849.94109, 1990.43839, -29.659240000000864, 168.52368000000024]","[-6890.07907, 2011.74482, -160.55191999999806, 85.22571999999946]","[-6994.58806, 2000.29612, -418.03596000000107, -45.79479999999967]","[-6968.16746, 2013.27885, 105.68240000000151, 51.93091999999979]","[-6806.457503170732, 2015.596683170732, 646.839827317072, 9.271332682928014]","[-6634.077097682927, 2016.7927776829267, 689.5216219512185, 4.784378048779217]","[-6461.696692195122, 2017.988872195122, 689.5216219512222, 4.784378048781036]","[-6177.88068, 1987.33906, 1135.2640487804856, -122.59924878048787]","[-5863.02206, 1942.13861, 1259.43448, -180.80180000000018]","[-5588.61161, 1966.69419, 1097.6418000000012, 98.22231999999985]","[-5327.478162380952, 2039.747675238095, 1044.533790476191, 292.21394095238065]","[-4992.758674285714, 2052.5854014285715, 1338.8779523809535, 51.35090476190544]"
309,People,"[-4658.039186190476, 2065.423127619048, 0, 0]","[-4323.319698095238, 2078.260853809524, 1338.8779523809535, 51.35090476190453]","[-3988.60021, 2091.09858, 1338.8779523809517, 51.35090476190271]","[-3648.3249, 2107.02017, 1361.10124, 63.686359999999695]","[-3255.58654, 2110.98655, 1570.9534400000011, 15.865520000001197]","[-2886.68501, 2084.16518, 1475.6061199999986, -107.28548000000046]","[-2540.20631, 2066.13936, 1385.9148000000005, -72.10327999999936]","[-2258.71151, 2051.41845, 1125.9791999999998, -58.883640000000014]","[-1934.01117, 2039.08741, 1298.8013600000015, -49.32416000000016]","[-1553.88042, 1999.19535, 1520.5230000000001, -159.56824000000051]","[-1158.07646, 1962.2544, 1583.2158399999998, -147.76379999999972]","[-778.75733, 1996.52143, 1517.27652, 137.0681199999999]","[-434.44881, 2035.85384, 1377.2340800000002, 157.32963999999993]","[-97.93829, 2027.00975, 1346.04208, -35.376360000000204]","[241.8048, 1991.63714, 1358.97236, -141.49043999999958]","[598.16017, 1985.26351, 1425.42148, -25.494520000000193]"
310,People,"[963.55134, 2000.74943, 0, 0]","[1317.93747, 1990.33991, 1417.5445200000004, -41.63808000000063]","[1657.11913, 1941.17155, 1356.7266399999999, -196.67343999999957]","[1919.61327, 1900.39337, 1049.97656, -163.11272000000008]","[2187.26904, 1912.56822, 1070.6230800000003, 48.69940000000042]","[2563.05318, 1919.26817, 1503.136559999999, 26.799799999999777]","[2916.92249, 1904.66748, 1415.4772400000002, -58.402759999999944]","[3226.70114, 1843.98732, 1239.1146000000008, -242.72064000000046]","[3548.05481, 1823.33971, 1285.414680000001, -82.59044000000002]","[3852.93974, 1859.48444, 1219.5397199999989, 144.57891999999993]","[4207.41622, 1882.58083, 1417.905920000001, 92.38556000000062]","[4570.96276, 1850.4084, 1454.186160000001, -128.6897200000003]","[4903.0744, 1809.15817, 1328.4465600000003, -165.0009200000004]","[5274.79194, 1790.25104, 1486.8701599999986, -75.6285199999993]","[5626.31403, 1756.05803, 1406.088359999998, -136.77204000000074]","[5962.35477, 1686.60299, 1344.1629600000015, -277.8201599999993]"
311,People,"[6291.51754, 1613.43591, 0, 0]","[6515.997043831168, 1577.1412068831169, 897.9180153246743, -145.17881246753223]","[6643.764165584415, 1582.8846148917748, 511.06848701298804, 22.97363203463192]","[6771.531287337662, 1588.6280229004328, 511.06848701298804, 22.97363203463192]","[6899.2984090909085, 1594.3714309090908, 511.0684870129844, 22.97363203463192]","[7027.065530844156, 1600.1148389177488, 511.06848701298804, 22.97363203463192]","[7154.832652597403, 1605.858246926407, 511.06848701298804, 22.97363203463283]","[7282.59977435065, 1611.601654935065, 511.06848701298804, 22.97363203463192]","[7410.366896103897, 1617.345062943723, 511.0684870129885, 22.97363203463194]","[7538.134017857143, 1623.088470952381, 511.0684870129844, 22.97363203463192]","[7665.90113961039, 1628.831878961039, 511.06848701298804, 22.97363203463192]","[7793.668261363637, 1634.575286969697, 511.06848701298804, 22.97363203463192]","[7921.435383116883, 1640.3186949783549, 511.0684870129844, 22.97363203463192]","[8049.20250487013, 1646.0621029870128, 511.06848701298804, 22.97363203463192]","[8176.969626623377, 1651.8055109956708, 511.06848701298804, 22.97363203463192]","[8304.736748376623, 1657.548919004329, 511.0684870129844, 22.97363203463283]"
312,People,"[8432.50387012987, 1663.292327012987, 0, 0]","[8560.270991883117, 1669.035735021645, 511.0684870129844, 22.97363203463192]","[8688.038113636365, 1674.779143030303, 511.0684870129917, 22.97363203463192]","[8815.805235389611, 1680.522551038961, 511.0684870129844, 22.97363203463192]","[8726.52515, 1671.98378, -357.12034155844594, -34.155084155843724]","[8561.50862, 1628.15289, -660.0661199999959, -175.32355999999982]","[8354.73944, 1543.79867, -827.0767200000046, -337.4168800000007]","[8104.77468425, 1509.90124925, -999.8590229999973, -135.58968299999924]","[7838.9401155, 1510.8838055, -1063.3382750000028, 3.9302250000000676]","[7613.82739, 1511.22354, -900.4509019999969, 1.358937999999398]","[7407.767257966101, 1453.1566322033898, -824.2405281355968, -232.26763118644067]","[7165.0444952542375, 1399.3344584745762, -970.8910508474546, -215.28869491525438]","[6922.321732542373, 1345.5122847457626, -970.8910508474582, -215.28869491525438]","[6646.57733, 1361.66599, -1102.9776101694915, 64.61482101694946]","[6381.00952, 1447.11054, -1062.2712400000019, 341.77819999999974]","[6088.9016, 1516.57804, -1168.4316799999979, 277.8700000000008]"
313,People,"[5776.0835, 1507.82079, 0, 0]","[5401.94655, 1524.21558, -1496.5478000000003, 65.57916000000023]","[5053.27518, 1572.34492, -1394.68548, 192.51735999999983]","[4776.31007, 1633.25727, -1107.8604399999967, 243.64940000000024]","[4505.63203, 1681.91138, -1082.7121600000028, 194.61643999999978]","[4228.14325, 1692.95182, -1109.9551199999987, 44.16175999999996]","[3957.6411, 1702.71407, -1082.008600000001, 39.04899999999998]","[3678.85486, 1736.27889, -1115.1449599999996, 134.25928000000022]","[3408.29678, 1787.4812, -1082.23232, 204.80923999999976]","[3147.52584, 1837.05111, -1043.0837600000013, 198.27964000000065]","[2911.1168, 1852.69995, -945.63616, 62.595359999999346]","[2629.57769, 1875.03379, -1126.1564399999988, 89.33536000000004]","[2321.60044, 1937.79106, -1231.9089999999997, 251.02908000000025]","[2028.06595, 2013.25503, -1174.137960000001, 301.85588000000007]","[1754.18954, 2062.93425, -1095.5056399999994, 198.71687999999904]","[1461.92247, 2081.33802, -1169.0682800000004, 73.6150800000014]"
314,People,"[1187.91874, 2100.63895, 0, 0]","[991.06777, 2177.36679, -787.4038800000003, 306.91136000000006]","[878.93656, 2273.22617, -448.52484000000004, 383.4375199999995]","[815.93, 2430.47751, -252.02624000000014, 629.005360000001]","[685.12721, 2626.40816, -523.2111599999998, 783.7225999999991]","[544.14187, 2743.69513, -563.9413599999998, 469.14788000000044]","[449.62754, 2853.46056, -378.0573200000001, 439.0617199999997]","[399.61977, 2964.06897, -200.03107999999997, 442.4336399999993]","[339.30711, 3041.01741, -241.2506400000002, 307.79376000000076]","[315.2149, 3112.38793, -96.36884000000009, 285.48207999999977]","[348.55245, 3151.00163, 133.3502000000001, 154.45480000000134]","[405.92726, 3152.52688, 229.49923999999987, 6.1009999999987485]","[410.70903, 3139.10562, 19.127079999999978, -53.6850400000003]","[400.4414, 3133.50643, -41.07051999999999, -22.39675999999963]","[411.86988, 3163.13619, 45.713920000000144, 118.51904000000104]","[420.1924, 3194.28482, 33.29007999999999, 124.59451999999874]"
315,People,"[419.11182, 3210.33291, 0, 0]","[416.17582, 3214.5246, -11.744000000000142, 16.76676000000043]","[417.25168, 3213.22279, 4.303440000000137, -5.207240000001548]","[415.5567, 3211.33296, -6.779920000000175, -7.559319999998479]","[416.72302, 3196.16321, 4.665280000000166, -60.67900000000009]","[431.52658, 3184.17992, 59.21424000000002, -47.9331600000005]","[450.78349, 3179.57523, 77.02763999999979, -18.418760000000475]","[463.17374, 3180.03575, 49.56100000000015, 1.842080000000351]","[486.9534, 3180.2245, 95.11864, 0.7549999999992003]","[588.42187, 3160.16047, 405.8738800000001, -80.25612000000001]","[713.33343, 3152.25321, 499.64624000000003, -31.629039999999804]","[755.45386, 3118.14384, 168.48171999999977, -136.4374799999987]","[753.76135, 3078.94217, -6.770039999999881, -156.8066800000015]","[745.02611, 3016.77895, -34.940959999999905, -248.65287999999964]","[816.0688, 2959.27564, 284.17076, -230.01324000000022]","[946.36717, 2895.41341, 521.1934799999999, -255.4489199999989]"
316,People,"[1128.47159, 2840.30647, 0, 0]","[1308.32272, 2783.02433, 719.4045199999991, -229.1285599999992]","[1519.65374, 2689.74352, 845.3240800000003, -373.1232400000008]","[1791.21657, 2577.93107, 1086.2513200000003, -447.2497999999996]","[2135.08551, 2486.31414, 1375.4757599999994, -366.46772000000055]","[2450.79049, 2448.61504, 1262.81992, -150.79639999999927]","[2707.65892, 2394.48003, 1027.47372, -216.54003999999986]","[2940.94663, 2313.24122, 933.1508400000002, -324.95524000000114]","[3248.4145, 2266.53604, 1229.871480000001, -186.82071999999988]","[3605.58461, 2264.54405, 1428.68044, -7.967959999999948]","[3907.69372, 2281.51013, 1208.4364400000013, 67.86432000000059]","[4193.15727, 2233.70851, 1141.854199999998, -191.20648000000074]","[4468.48327, 2116.913, 1101.304, -467.1820399999997]","[4740.774986666666, 2001.65517, 1089.1668666666665, -461.03132000000005]","[5037.7737, 1917.85718, 1187.9948533333336, -335.1919600000001]","[5327.9403, 1845.25608, 1160.6664000000019, -290.40439999999944]"
317,People,"[5622.10635, 1722.26983, 0, 0]","[5888.72229, 1549.36863, 1066.4637599999987, -691.6048000000001]","[6183.81361, 1379.51694, 1180.3652800000018, -679.4067599999998]","[6490.44489, 1282.73216, 1226.5251199999984, -387.1391199999998]","[6790.39312, 1179.97253, 1199.7929199999999, -411.03852000000006]","[7061.32913, 1031.9283, 1083.7440400000014, -592.1769199999999]","[7240.073758789474, 912.7812976578948, 714.9785151578944, -476.5880093684209]","[7373.767846947368, 799.7028377894736, 534.7763526315757, -452.31383947368477]","[7507.4619351052625, 686.6243779210527, 534.7763526315798, -452.31383947368425]","[7641.156023263157, 573.5459180526316, 534.7763526315794, -452.3138394736843]","[7774.850111421052, 460.4674581842105, 534.7763526315794, -452.3138394736843]","[7908.544199578947, 347.3889983157894, 534.7763526315794, -452.3138394736843]","[8042.238287736842, 234.3105384473685, 534.7763526315794, -452.31383947368374]","[8175.932375894737, 121.23207857894738, 534.7763526315794, -452.3138394736844]","[8309.626464052631, 8.153618710526302, 534.7763526315794, -452.3138394736843]","[8443.320552210525, -104.92484115789478, 534.7763526315757, -452.3138394736843]"
318,People,"[8577.014640368421, -218.00330102631585, 0, 0]","[8710.708728526315, -331.0817608947367, 534.7763526315757, -452.3138394736834]","[8844.40281668421, -444.1602207631578, 534.776352631583, -452.3138394736843]","[8978.096904842105, -557.2386806315789, 534.7763526315757, -452.3138394736843]","[9111.790993, -670.3171404999999, 534.776352631583, -452.3138394736843]","[9217.44251, -762.10645, 422.60606800000096, -367.15723800000023]","[9154.984481953255, -752.9847913689482, -249.83211218698125, 36.48663452420715]","[9056.596188130216, -729.8300747579299, -393.5531752921597, 92.61886644407332]","[8958.20789430718, -706.6753581469115, -393.5531752921455, 92.6188664440734]","[8859.81960048414, -683.5206415358931, -393.5531752921597, 92.61886644407377]","[8761.431306661101, -660.3659249248748, -393.55317529215245, 92.61886644407332]","[8663.043012838063, -637.2112083138564, -393.55317529215245, 92.61886644407332]","[8564.654719015025, -614.056491702838, -393.55317529215245, 92.61886644407377]","[8466.266425191987, -590.9017750918197, -393.55317529215245, 92.61886644407332]","[8367.878131368949, -567.7470584808013, -393.55317529215245, 92.61886644407332]","[8269.48983754591, -544.592341869783, -393.55317529215245, 92.61886644407332]"
319,People,"[8171.101543722872, -521.4376252587646, 0, 0]","[8072.713249899833, -498.28290864774624, -393.5531752921561, 92.61886644407332]","[7974.324956076794, -475.1281920367279, -393.5531752921561, 92.61886644407332]","[7875.936662253756, -451.9734754257095, -393.5531752921488, 92.61886644407355]","[7777.548368430718, -428.8187588146912, -393.55317529215245, 92.61886644407332]","[7679.16007460768, -405.6640422036728, -393.55317529215245, 92.61886644407355]","[7580.771780784641, -382.5093255926544, -393.5531752921561, 92.61886644407355]","[7482.383486961603, -359.35460898163603, -393.55317529215245, 92.61886644407355]","[7383.995193138564, -336.1998923706177, -393.5531752921564, 92.6188664440734]","[7285.606899315526, -313.0451757595993, -393.55317529215245, 92.61886644407355]","[7187.218605492488, -289.890459148581, -393.55317529215245, 92.61886644407332]","[7088.83031166945, -266.7357425375626, -393.55317529215245, 92.61886644407355]","[6990.442017846412, -243.58102592654427, -393.5531752921488, 92.61886644407332]","[6892.0537240233725, -220.42630931552583, -393.5531752921597, 92.61886644407377]","[6640.2171616901405, -226.9085613615024, -1007.346249332928, -25.929008183906262]","[6310.909791971831, -235.3130343661972, -1317.2294788732397, -33.61789201877923]"
320,People,"[5981.602422253521, -243.71750737089204, 0, 0]","[5652.295052535212, -252.12198037558687, -1317.229478873236, -33.617892018779344]","[5322.987682816902, -260.5264533802817, -1317.2294788732397, -33.61789201877923]","[4993.680313098592, -268.93092638497654, -1317.2294788732397, -33.61789201877946]","[4664.372943380282, -277.3353993896713, -1317.2294788732397, -33.617892018779]","[4335.065573661972, -285.7398723943662, -1317.2294788732397, -33.617892018779685]","[4005.758203943662, -294.144345399061, -1317.2294788732397, -33.61789201877923]","[3658.4086, -338.61738, -1389.3984157746472, -177.892138403756]","[3279.38515, -372.53482, -1516.093800000002, -135.6697600000001]","[2842.32189, -383.80189, -1748.2530399999996, -45.06827999999996]","[2393.36215, -448.09481, -1795.838960000001, -257.1716799999999]","[2030.65897, -559.71936, -1450.81272, -446.4982000000002]","[1748.73532, -657.39226, -1127.6945999999998, -390.69159999999965]","[1459.27771, -720.49305, -1157.8304399999997, -252.4031600000003]","[1148.09586, -796.67494, -1244.7274000000007, -304.7275599999998]","[853.18627, -910.01594, -1179.6383599999995, -453.36400000000003]"
321,People,"[557.08115, -1043.29069, 0, 0]","[244.41087, -1144.36491, -1250.68112, -404.2968799999999]","[-65.07124, -1235.39827, -1237.92844, -364.1334399999996]","[-382.23197, -1365.33857, -1268.64292, -519.7611999999999]","[-687.73826, -1538.26044, -1222.02516, -691.6874800000005]","[-984.55253, -1700.89505, -1187.2570800000003, -650.5384400000003]","[-1309.05241, -1816.66278, -1297.9995199999998, -463.0709200000001]","[-1638.5574, -1925.64586, -1318.0199599999996, -435.9323199999999]","[-1929.81937, -2070.86601, -1165.0478800000012, -580.880600000001]","[-2200.07875, -2213.10784, -1081.0375200000008, -568.9673199999997]","[-2520.856701428572, -2313.6784885714287, -1283.1118057142867, -402.28259428571437]","[-2858.95759, -2371.9732, -1352.4035542857127, -233.17884571428476]","[-3187.68336, -2427.27072, -1314.90308, -221.1900800000003]","[-3461.82357, -2496.42541, -1096.56084, -276.6187599999994]","[-3751.38127, -2543.22837, -1158.2307999999994, -187.21183999999994]","[-4058.81748, -2542.27454, -1229.7448400000012, 3.8153199999997014]"
322,People,"[-4343.97708, -2528.66704, 0, 0]","[-4635.57302, -2498.59566, -1166.3837600000006, 120.28551999999945]","[-4700.202523545664, -2484.83582218726, -258.51801418265677, 55.03935125095995]","[-4597.469129455104, -2464.4993258326936, 410.9335763622403, 81.34598541826563]","[-4494.735735364544, -2444.162829478127, 410.9335763622403, 81.34598541826563]","[-4392.002341273983, -2423.8263331235607, 410.9335763622439, 81.34598541826563]","[-4289.268947183423, -2403.4898367689943, 410.9335763622403, 81.34598541826563]","[-4186.535553092863, -2383.153340414428, 410.9335763622403, 81.34598541826563]","[-4083.802159002303, -2362.816844059861, 410.9335763622388, 81.34598541826752]","[-3981.068764911742, -2342.480347705295, 410.9335763622439, 81.34598541826381]","[-3878.335370821182, -2322.1438513507287, 410.9335763622403, 81.34598541826563]","[-3775.6019767306216, -2301.8073549961628, 410.9335763622421, 81.34598541826381]","[-3672.8685826400615, -2281.4708586415964, 410.9335763622403, 81.34598541826563]","[-3570.135188549501, -2261.13436228703, 410.9335763622421, 81.34598541826563]","[-3467.4017944589414, -2240.7978659324635, 410.93357636223845, 81.34598541826563]","[-3364.668400368381, -2220.461369577897, 410.9335763622421, 81.34598541826563]"
323,People,"[-3261.9350062778203, -2200.1248732233307, 0, 0]","[-3159.2016121872603, -2179.7883768687643, 410.9335763622403, 81.34598541826563]","[-3056.4682180967, -2159.451880514198, 410.9335763622403, 81.34598541826563]","[-2953.73482400614, -2139.1153841596315, 410.9335763622403, 81.34598541826563]","[-2851.00142991558, -2118.778887805065, 410.9335763622403, 81.34598541826563]","[-2748.268035825019, -2098.4423914504987, 410.9335763622439, 81.34598541826563]","[-2645.534641734459, -2078.1058950959323, 410.9335763622403, 81.34598541826563]","[-2542.801247643899, -2057.769398741366, 410.9335763622403, 81.34598541826563]","[-2440.067853553339, -2037.4329023867997, 410.9335763622406, 81.34598541826479]","[-2337.3344594627783, -2017.096406032233, 410.9335763622421, 81.34598541826654]","[-2234.6010653722183, -1996.7599096776669, 410.9335763622403, 81.34598541826472]","[-2131.8676712816577, -1976.4234133231, 410.9335763622421, 81.34598541826745]","[-2029.1342771910977, -1956.086916968534, 410.9335763622403, 81.34598541826381]","[-1926.4008831005376, -1935.750420613968, 410.9335763622403, 81.34598541826472]","[-1823.667489009977, -1915.4139242594013, 410.9335763622421, 81.34598541826654]","[-1720.934094919417, -1895.0774279048348, 410.9335763622403, 81.34598541826563]"
324,People,"[-1618.200700828857, -1874.7409315502684, 0, 0]","[-1515.4673067382964, -1854.4044351957025, 410.9335763622421, 81.34598541826381]","[-1412.7339126477364, -1834.067938841136, 410.9335763622403, 81.34598541826563]","[-1310.0005185571763, -1813.7314424865692, 410.9335763622403, 81.34598541826745]","[-1207.2671244666158, -1793.394946132003, 410.9335763622421, 81.34598541826472]","[-1104.5337303760557, -1773.0584497774366, 410.9335763622403, 81.34598541826563]","[-1001.8003362854952, -1752.7219534228702, 410.9335763622421, 81.34598541826563]","[-899.0669421949351, -1732.3854570683038, 410.9335763622403, 81.34598541826563]","[-796.333548104375, -1712.0489607137374, 410.9335763622406, 81.3459854182657]","[-693.6001540138145, -1691.712464359171, 410.9335763622421, 81.34598541826563]","[-590.866759923254, -1671.3759680046046, 410.9335763622421, 81.34598541826563]","[-488.1333658326939, -1651.0394716500382, 410.9335763622403, 81.34598541826563]","[-385.39997174213386, -1630.7029752954718, 410.9335763622403, 81.34598541826563]","[-282.6665776515738, -1610.3664789409054, 410.9335763622403, 81.34598541826563]","[-179.93318356101372, -1590.029982586339, 410.9335763622403, 81.34598541826563]","[-77.19978947045365, -1569.6934862317728, 410.9335763622403, 81.34598541826472]"
325,People,"[25.53360462010733, -1549.3569898772064, 0, 0]","[128.2669987106674, -1529.02049352264, 410.9335763622403, 81.34598541826563]","[231.00039280122743, -1508.6839971680736, 410.93357636224016, 81.34598541826563]","[333.7337868917876, -1488.3475008135072, 410.9335763622406, 81.34598541826563]","[436.4671809823476, -1468.0110044589408, 410.93357636224005, 81.34598541826563]","[539.2005750729086, -1447.6745081043744, 410.9335763622439, 81.34598541826563]","[641.9339691634686, -1427.3380117498082, 410.9335763622403, 81.34598541826472]","[744.6673632540287, -1407.0015153952418, 410.9335763622403, 81.34598541826563]","[847.4007573445888, -1386.6650190406754, 410.9335763622406, 81.3459854182657]","[950.1341514351489, -1366.328522686109, 410.9335763622403, 81.34598541826563]","[1052.8675455257098, -1345.9920263315423, 410.9335763622439, 81.34598541826654]","[1155.60093961627, -1325.655529976976, 410.9335763622403, 81.34598541826563]","[1258.33433370683, -1305.3190336224095, 410.9335763622403, 81.34598541826563]","[1361.06772779739, -1284.982537267843, 410.9335763622403, 81.34598541826563]","[1463.80112188795, -1264.646040913277, 410.9335763622403, 81.34598541826472]","[1566.5345159785102, -1244.3095445587105, 410.9335763622403, 81.34598541826563]"
326,People,"[1669.2679100690711, -1223.9730482041443, 0, 0]","[1772.0013041596312, -1203.636551849578, 410.9335763622403, 81.34598541826563]","[1874.7346982501915, -1183.3000554950115, 410.9335763622412, 81.34598541826563]","[1977.4680923407516, -1162.963559140445, 410.9335763622403, 81.34598541826563]","[2080.2014864313114, -1142.6270627858787, 410.93357636223936, 81.34598541826563]","[2182.9348805218724, -1122.2905664313123, 410.9335763622439, 81.34598541826563]","[2285.6682746124325, -1101.954070076746, 410.9335763622403, 81.34598541826563]","[2388.4016687029925, -1081.6175737221797, 410.9335763622403, 81.34598541826472]","[2491.1350627935526, -1061.281077367613, 410.9335763622406, 81.34598541826661]","[2593.8684568841127, -1040.944581013047, 410.9335763622403, 81.34598541826472]","[2696.6018509746727, -1020.6080846584804, 410.9335763622403, 81.34598541826608]","[2799.3352450652337, -1000.271588303914, 410.9335763622439, 81.34598541826563]","[2902.068639155794, -979.9350919493476, 410.9335763622403, 81.34598541826563]","[3004.802033246354, -959.5985955947812, 410.9335763622403, 81.34598541826563]","[3107.535427336914, -939.2620992402148, 410.9335763622403, 81.34598541826563]","[3210.268821427474, -918.9256028856483, 410.9335763622403, 81.34598541826563]"
327,People,"[3313.002215518035, -898.589106531082, 0, 0]","[3415.735609608595, -878.2526101765156, 410.9335763622403, 81.34598541826563]","[3518.469003699155, -857.9161138219492, 410.9335763622403, 81.34598541826563]","[3621.202397789716, -837.5796174673831, 410.9335763622439, 81.34598541826472]","[3723.9357918802752, -817.2431211128167, 410.93357636223664, 81.34598541826563]","[3826.669185970836, -796.9066247582502, 410.9335763622439, 81.34598541826563]","[3929.4025800613954, -776.5701284036838, 410.93357636223664, 81.34598541826563]","[4032.135974151957, -756.2336320491174, 410.93357636224573, 81.34598541826563]","[4134.869368242517, -735.897135694551, 410.93357636224243, 81.3459854182657]","[4237.6027623330765, -715.5606393399846, 410.93357636223664, 81.34598541826563]","[4340.3361564236375, -695.2241429854182, 410.9335763622439, 81.34598541826563]","[4443.069550514197, -674.8876466308518, 410.93357636223664, 81.34598541826563]","[4545.802944604758, -654.5511502762856, 410.9335763622439, 81.34598541826472]","[4648.536338695317, -634.2146539217192, 410.93357636223664, 81.34598541826563]","[4751.269732785878, -613.8781575671528, 410.9335763622439, 81.34598541826563]","[4854.003126876439, -593.5416612125864, 410.9335763622439, 81.34598541826563]"
328,People,"[4956.736520966998, -573.20516485802, 0, 0]","[5059.469915057559, -552.8686685034536, 410.9335763622439, 81.34598541826563]","[5162.203309148118, -532.5321721488872, 410.93357636223664, 81.34598541826563]","[5264.936703238679, -512.1956757943208, 410.9335763622439, 81.34598541826563]","[5367.67009732924, -491.8591794397544, 410.9335763622439, 81.3459854182654]","[5470.403491419799, -471.522683085188, 410.93357636223664, 81.34598541826563]","[5573.13688551036, -451.1861867306218, 410.9335763622439, 81.34598541826495]","[5675.870279600919, -430.8496903760552, 410.93357636223664, 81.34598541826631]","[5778.60367369148, -410.5131940214888, 410.93357636224425, 81.3459854182657]","[5881.337067782041, -390.1766976669224, 410.9335763622439, 81.34598541826563]","[5834.55179, -357.6234, -187.14111112816317, 130.21319066768956]","[5522.992089866666, -293.73871786666666, -1246.2388005333378, 255.53872853333337]","[5219.638136533333, -248.08421453333332, -1213.415813333333, 182.61801333333335]","[4916.2841832, -202.4297112, -1213.4158133333294, 182.61801333333324]","[4613.81533, -202.16636, -1209.8754128, 1.0534048000000666]","[4325.32563, -195.22151, -1153.9588000000003, 27.77940000000001]"
329,People,"[4019.36577, -175.50244, 0, 0]","[3695.76531, -170.11367, -1294.4018399999986, 21.555079999999975]","[3356.3141, -192.42118, -1357.8048400000007, -89.23003999999992]","[3037.64779, -236.78027, -1274.6652400000003, -177.43636000000004]","[2696.08629, -256.91953, -1366.2459999999992, -80.55704000000003]","[2343.0145, -257.98869, -1412.2871599999999, -4.276640000000043]","[1996.71874, -279.34692, -1385.1830400000008, -85.43291999999997]","[1639.94745, -349.25574, -1427.0851600000005, -279.63527999999997]","[1321.32454, -387.63621, -1274.4916400000004, -153.52188000000015]","[1024.47945, -361.28279, -1187.38036, 105.41368000000011]","[721.85855, -343.24857, -1210.4836, 72.13688000000002]","[368.6374, -362.46234, -1412.8846, -76.85508000000004]","[22.74566, -417.29194, -1383.56696, -219.3184000000001]","[-329.3456, -427.38176, -1408.36504, -40.3592799999999]","[-708.01326, -381.80867, -1514.6706399999998, 182.29235999999992]","[-1104.75519, -326.07805, -1586.9677200000006, 222.92247999999995]"
330,People,"[-1488.71446, -308.7724, 0, 0]","[-1855.80572, -298.80946, -1468.3650400000006, 39.85176000000001]","[-2198.53119, -236.51815, -1370.9018800000003, 249.16524000000004]","[-2483.12031, -152.89408, -1138.3564799999986, 334.49627999999996]","[-2814.41716, -105.74233, -1325.1874000000007, 188.60700000000003]","[-3145.03826, -93.27432, -1322.4843999999994, 49.87203999999997]","[-3516.19473, -31.42919, -1484.6258800000014, 247.38052000000002]","[-3762.651307248577, 29.409307552182167, -985.8263089943066, 243.35399020872865]","[-3988.236141214421, 72.32997880455409, -902.3393358633774, 171.6826850094878]","[-4213.820975180266, 115.250650056926, -902.3393358633803, 171.68268500948767]","[-4439.40580914611, 158.17132130929792, -902.3393358633766, 171.68268500948767]","[-4664.990643111954, 201.09199256166983, -902.3393358633766, 171.6826850094876]","[-4890.575477077799, 244.01266381404176, -902.3393358633803, 171.68268500948773]","[-5116.160311043643, 286.93333506641363, -902.339335863373, 171.6826850094875]","[-5341.745145009487, 329.85400631878554, -902.3393358633766, 171.6826850094876]","[-5567.329978975332, 372.7746775711575, -902.3393358633803, 171.68268500948784]"
331,People,"[-5792.914812941176, 415.6953488235294, 0, 0]","[-6018.49964690702, 458.6160200759013, -902.3393358633766, 171.6826850094876]","[-6244.084480872865, 501.5366913282732, -902.3393358633803, 171.6826850094876]","[-6469.669314838709, 544.4573625806452, -902.3393358633766, 171.68268500948784]","[-6695.254148804554, 587.3780338330171, -902.3393358633766, 171.6826850094876]","[-6920.838982770398, 630.298705085389, -902.3393358633766, 171.6826850094876]","[-7146.423816736242, 673.2193763377609, -902.3393358633766, 171.6826850094876]","[-7372.008650702086, 716.1400475901328, -902.3393358633766, 171.6826850094876]","[-7597.59348466793, 759.0607188425047, -902.3393358633774, 171.68268500948776]","[-7823.178318633775, 801.9813900948766, -902.3393358633803, 171.6826850094876]","[-8048.763152599619, 844.9020613472486, -902.3393358633766, 171.68268500948807]","[-8274.347986565463, 887.8227325996205, -902.339335863373, 171.6826850094876]","[-8343.13011, 881.63804, -275.1284937381497, -24.738770398481847]","[-8404.21316, 855.58431, -244.3321999999971, -104.21492000000035]","[-8467.39862, 798.16362, -252.7418400000024, -229.6827599999997]","[-8514.08502, 766.90422, -186.745600000002, -125.03760000000011]"
332,People,"[-8360.690988325687, 785.6574154415138, 0, 0]","[-8109.147452201834, 807.6949078440367, 1006.1741444954096, 88.14996961009183]","[-7857.603916077981, 829.7324002465597, 1006.1741444954132, 88.14996961009183]","[-7606.060379954128, 851.7698926490826, 1006.1741444954132, 88.14996961009183]","[-7354.516843830274, 873.8073850516055, 1006.1741444954132, 88.14996961009138]","[-7102.973307706421, 895.8448774541284, 1006.1741444954132, 88.14996961009183]","[-6851.429771582568, 917.8823698566514, 1006.1741444954132, 88.14996961009183]","[-6599.8862354587145, 939.9198622591744, 1006.1741444954132, 88.14996961009183]","[-6348.342699334861, 961.9573546616972, 1006.1741444954141, 88.14996961009146]","[-6096.799163211008, 983.9948470642204, 1006.1741444954132, 88.14996961009274]","[-5845.255627087155, 1006.0323394667432, 1006.1741444954132, 88.14996961009138]","[-5593.712090963301, 1028.0698318692662, 1006.1741444954132, 88.14996961009183]","[-5342.168554839449, 1050.107324271789, 1006.1741444954096, 88.14996961009092]","[-5090.625018715595, 1072.144816674312, 1006.1741444954168, 88.14996961009274]","[-4839.081482591742, 1094.1823090768348, 1006.1741444954096, 88.14996961009092]","[-4587.537946467888, 1116.2198014793578, 1006.1741444954168, 88.14996961009183]"
333,People,"[-4335.994410344036, 1138.2572938818807, 0, 0]","[-4084.4508742201824, 1160.2947862844037, 1006.1741444954132, 88.14996961009183]","[-3832.907338096329, 1182.3322786869269, 1006.1741444954132, 88.14996961009274]","[-3581.363801972476, 1204.3697710894496, 1006.1741444954132, 88.14996961009092]","[-3329.8202658486225, 1226.4072634919726, 1006.1741444954132, 88.14996961009183]","[-3078.276729724769, 1248.4447558944953, 1006.1741444954132, 88.14996961009092]","[-2826.733193600916, 1270.4822482970185, 1006.1741444954132, 88.14996961009274]","[-2575.1896574770626, 1292.5197406995412, 1006.1741444954132, 88.14996961009092]","[-2323.6461213532093, 1314.5572331020642, 1006.1741444954141, 88.14996961009192]","[-2072.102585229356, 1336.5947255045871, 1006.1741444954132, 88.14996961009183]","[-1820.5590491055027, 1358.63221790711, 1006.1741444954132, 88.14996961009183]","[-1569.0155129816494, 1380.669710309633, 1006.1741444954132, 88.14996961009183]","[-1317.471976857796, 1402.707202712156, 1006.1741444954132, 88.14996961009183]","[-1065.9284407339428, 1424.744695114679, 1006.1741444954132, 88.14996961009183]","[-814.3849046100895, 1446.7821875172017, 1006.1741444954132, 88.14996961009092]","[-562.8413684862362, 1468.8196799197249, 1006.1741444954132, 88.14996961009274]"
334,People,"[-311.2978323623829, 1490.8571723222476, 0, 0]","[-59.75429623853052, 1512.8946647247708, 1006.1741444954096, 88.14996961009274]","[191.7892398853237, 1534.9321571272935, 1006.1741444954168, 88.14996961009092]","[443.3327760091761, 1556.9696495298165, 1006.1741444954096, 88.14996961009183]","[694.8763121330303, 1579.0071419323394, 1006.1741444954168, 88.14996961009183]","[946.4198482568828, 1601.0446343348624, 1006.17414449541, 88.14996961009183]","[1197.963384380737, 1623.0821267373854, 1006.1741444954164, 88.14996961009183]","[1449.5069205045893, 1645.119619139908, 1006.1741444954096, 88.14996961009092]","[1701.0504566284435, 1667.1571115424313, 1006.1741444954177, 88.14996961009282]","[1952.593992752296, 1689.194603944954, 1006.1741444954096, 88.14996961009092]","[2204.13752887615, 1711.2320963474772, 1006.1741444954168, 88.14996961009274]","[2455.6810650000025, 1733.26958875, 1006.1741444954096, 88.14996961009092]","[2707.224601123855, 1755.3070811525229, 1006.1741444954096, 88.14996961009183]","[2958.768137247709, 1777.3445735550458, 1006.1741444954168, 88.14996961009183]","[3210.311673371561, 1799.382065957569, 1006.1741444954077, 88.14996961009274]","[3461.855209495416, 1821.419558360092, 1006.1741444954205, 88.14996961009183]"
335,People,"[3713.398745619268, 1843.4570507626145, 0, 0]","[3964.9422817431214, 1865.4945431651377, 1006.1741444954132, 88.14996961009274]","[4216.485817866975, 1887.5320355676604, 1006.1741444954132, 88.14996961009092]","[4468.029353990829, 1909.569527970184, 1006.1741444954168, 88.14996961009456]","[4719.572890114681, 1931.6070203727063, 1006.1741444954096, 88.1499696100891]","[4971.116426238536, 1953.6445127752293, 1006.1741444954205, 88.14996961009183]","[5222.659962362388, 1975.682005177752, 1006.1741444954059, 88.14996961009092]","[5474.203498486242, 1997.7194975802756, 1006.1741444954168, 88.14996961009456]","[5725.747034610095, 2019.756989982798, 1006.1741444954141, 88.14996961008919]","[5977.290570733949, 2041.7944823853209, 1006.1741444954132, 88.14996961009183]","[6228.834106857801, 2063.831974787844, 1006.1741444954096, 88.14996961009274]","[6480.377642981655, 2085.869467190367, 1006.1741444954168, 88.14996961009092]","[6731.921179105508, 2107.90695959289, 1006.1741444954096, 88.14996961009274]","[6983.464715229362, 2129.9444519954127, 1006.1741444954168, 88.14996961009092]","[7235.008251353214, 2151.981944397936, 1006.1741444954096, 88.14996961009274]","[7486.551787477067, 2174.0194368004586, 1006.1741444954096, 88.14996961009092]"
336,People,"[7738.095323600921, 2196.056929202982, 0, 0]","[7989.638859724775, 2218.0944216055045, 1006.1741444954168, 88.14996961009092]","[8241.182395848627, 2240.131914008028, 1006.1741444954096, 88.14996961009456]","[8492.72593197248, 2262.1694064105504, 1006.1741444954096, 88.1499696100891]","[8744.269468096332, 2284.206898813073, 1006.1741444954096, 88.14996961009092]","[8995.813004220188, 2306.2443912155964, 1006.1741444954241, 88.14996961009274]","[9016.50155217434, 2335.2464253574926, 82.75419181660982, 116.0081365675851]","[8906.251257610185, 2281.2170137512244, -441.00117825662164, -216.11764642507296]","[8796.000963046034, 2227.187602144956, -441.0011782566075, -216.11764642507316]","[8685.75066848188, 2173.1581905386874, -441.00117825661437, -216.11764642507478]","[8575.500373917728, 2119.128778932419, -441.0011782566071, -216.11764642507296]","[8465.250079353575, 2065.099367326151, -441.00117825661437, -216.11764642507296]","[8354.999784789423, 2011.0699557198825, -441.0011782566071, -216.11764642507387]","[8244.74949022527, 1957.040544113614, -441.00117825661437, -216.11764642507387]","[8134.499195661117, 1903.0111325073456, -441.00117825661073, -216.11764642507387]","[8024.248901096964, 1848.981720901077, -441.00117825661073, -216.11764642507387]"
337,People,"[7913.99860653281, 1794.9523092948089, 0, 0]","[7803.748311968658, 1740.9228976885406, -441.00117825661073, -216.11764642507296]","[7693.498017404505, 1686.8934860822724, -441.00117825661073, -216.11764642507296]","[7583.247722840352, 1632.864074476004, -441.00117825661073, -216.11764642507387]","[7472.9974282762, 1578.8346628697354, -441.00117825661073, -216.11764642507387]","[7362.747133712047, 1524.8052512634672, -441.00117825661073, -216.11764642507296]","[7252.496839147894, 1470.7758396571987, -441.00117825661073, -216.11764642507387]","[7142.246544583741, 1416.7464280509305, -441.00117825661437, -216.11764642507296]","[7031.996250019589, 1362.717016444662, -441.0011782566075, -216.11764642507407]","[6921.745955455435, 1308.6876048383938, -441.00117825661437, -216.11764642507296]","[6811.495660891283, 1254.6581932321253, -441.00117825661073, -216.11764642507387]","[6701.24536632713, 1200.628781625857, -441.00117825661073, -216.11764642507296]","[6590.995071762977, 1146.5993700195886, -441.00117825661073, -216.11764642507387]","[6480.7447771988245, 1092.56995841332, -441.00117825661073, -216.11764642507478]","[6370.494482634671, 1038.540546807052, -441.00117825661437, -216.11764642507205]","[6260.244188070519, 984.5111352007834, -441.0011782566071, -216.11764642507387]"
338,People,"[6149.993893506366, 930.4817235945152, 0, 0]","[6039.743598942214, 876.4523119882467, -441.0011782566071, -216.11764642507387]","[5929.49330437806, 822.4229003819785, -441.00117825661437, -216.11764642507296]","[5819.243009813908, 768.39348877571, -441.0011782566071, -216.11764642507387]","[5708.992715249755, 714.3640771694418, -441.00117825661437, -216.11764642507296]","[5598.742420685601, 660.3346655631733, -441.00117825661437, -216.11764642507387]","[5488.4921261214495, 606.3052539569051, -441.0011782566071, -216.11764642507296]","[5378.241831557296, 552.2758423506366, -441.00117825661437, -216.11764642507387]","[5267.991536993144, 498.2464307443684, -441.0011782566075, -216.11764642507293]","[5157.741242428991, 444.2170191380999, -441.00117825661073, -216.1176464250741]","[5047.490947864838, 390.1876075318314, -441.00117825661437, -216.11764642507387]","[4937.240653300685, 336.1581959255632, -441.00117825661073, -216.11764642507296]","[4826.9903587365325, 282.12878431929494, -441.00117825661073, -216.11764642507296]","[4716.74006417238, 228.09937271302624, -441.00117825661073, -216.11764642507478]","[4606.489769608226, 174.069961106758, -441.00117825661437, -216.11764642507296]","[4373.113, 203.85721, -933.5070784329037, 119.14899557296803]"
339,People,"[4043.30178, 268.27986, 0, 0]","[3708.06153, 248.43044, -1340.9609999999993, -79.39767999999992]","[3371.22606, 239.17496, -1347.34188, -37.02192000000002]","[3007.67575, 252.56671, -1454.2012400000003, 53.56700000000001]","[2613.12197, 286.28366, -1578.215119999999, 134.8678]","[2202.42652, 239.45418, -1642.7818000000007, -187.31791999999996]","[1842.40323, 196.38642, -1440.0931600000004, -172.27104000000008]","[1510.42799, 176.54953, -1327.90096, -79.34755999999993]","[1178.82106, 165.99854, -1326.4277200000008, -42.20396000000009]","[818.20378, 125.12202, -1442.4691199999997, -163.50607999999994]","[486.21662, 30.24681, -1327.9486400000003, -379.50084000000004]","[165.00555, -57.59346, -1284.8442799999998, -351.36108]","[-180.44005, -100.19363, -1381.7824, -170.40068]","[-536.7309, -107.90939, -1425.1634, -30.863040000000012]","[-885.92084, -157.32767, -1396.75976, -197.67312000000004]","[-1239.08663, -219.1734, -1412.66316, -247.3829199999999]"
340,People,"[-1623.39811, -219.96331, 0, 0]","[-2016.66975, -156.30032, -1573.0865599999997, 254.65196000000003]","[-2408.808145, -94.54015, -1568.5535799999998, 247.04068]","[-2777.18135, -107.03074, -1473.4928199999995, -49.96235999999999]","[-3081.34337, -125.16559, -1216.6480800000008, -72.5394]","[-3329.10625, -102.30807, -991.0515199999991, 91.43007999999998]","[-3609.1337, -39.29692, -1120.1098000000002, 252.0446]","[-3940.01142, 8.2464, -1323.5108799999998, 190.17328]","[-4293.32419, 6.99543, -1413.2510800000032, -5.003880000000003]","[-4621.43228, 17.16117, -1312.4323599999989, 40.66296]","[-4987.41258, 130.43031, -1463.9212000000007, 453.07656]","[-5338.71215, 235.32313, -1405.1982800000005, 419.57128]","[-5659.16305, 281.64016, -1281.8035999999993, 185.26811999999995]","[-5630.259436678765, 335.4801668421053, 115.61445328493937, 215.36002736842124]","[-5571.096443938293, 393.3787721052632, 236.65197096188786, 231.59442105263156]","[-5511.933451197821, 451.277377368421, 236.65197096188786, 231.59442105263133]"
341,People,"[-5452.77045845735, 509.1759826315789, 0, 0]","[-5393.607465716878, 567.0745878947369, 236.65197096188786, 231.5944210526318]","[-5334.444472976406, 624.9731931578947, 236.65197096188786, 231.59442105263133]","[-5275.281480235934, 682.8717984210526, 236.65197096188786, 231.5944210526318]","[-5216.118487495462, 740.7704036842105, 236.65197096188786, 231.59442105263133]","[-5156.955494754991, 798.6690089473684, 236.65197096188422, 231.5944210526318]","[-5097.792502014519, 856.5676142105262, 236.65197096188786, 231.59442105263133]","[-5038.629509274047, 914.466219473684, 236.65197096188786, 231.59442105263088]","[-4979.466516533576, 972.364824736842, 236.65197096188442, 231.59442105263244]","[-4920.303523793104, 1030.26343, 236.65197096188786, 231.5944210526318]","[-4861.140531052632, 1088.1620352631578, 236.6519709618915, 231.59442105263133]","[-4801.97753831216, 1146.0606405263156, 236.65197096188786, 231.59442105263133]","[-4742.814545571688, 1203.9592457894737, 236.65197096188786, 231.59442105263224]","[-4683.651552831216, 1261.8578510526315, 236.65197096188786, 231.59442105263133]","[-4624.488560090744, 1319.7564563157894, 236.65197096188786, 231.59442105263133]","[-4565.325567350272, 1377.6550615789472, 236.65197096188786, 231.59442105263133]"
342,People,"[-4506.1625746098, 1435.553666842105, 0, 0]","[-4446.999581869328, 1493.4522721052629, 236.65197096188786, 231.59442105263133]","[-4387.836589128857, 1551.350877368421, 236.65197096188422, 231.59442105263224]","[-4328.673596388385, 1609.2494826315788, 236.65197096188786, 231.59442105263133]","[-4269.510603647913, 1667.1480878947366, 236.65197096188786, 231.59442105263133]","[-4210.347610907441, 1725.0466931578944, 236.65197096188786, 231.59442105263133]","[-4151.184618166969, 1782.9452984210525, 236.65197096188786, 231.59442105263224]","[-4092.021625426497, 1840.8439036842103, 236.65197096188786, 231.59442105263133]","[-4032.8586326860254, 1898.742508947368, 236.65197096188624, 231.59442105263062]","[-3973.6956399455535, 1956.641114210526, 236.65197096188786, 231.59442105263224]","[-3914.532647205082, 2014.539719473684, 236.65197096188604, 231.59442105263224]","[-3855.36965446461, 2072.438324736842, 236.65197096188786, 231.59442105263133]","[-3796.206661724138, 2130.33693, 236.65197096188786, 231.59442105263224]","[-3737.043668983666, 2188.235535263157, 236.65197096188786, 231.5944210526286]","[-3677.880676243194, 2246.134140526316, 236.65197096188786, 231.59442105263588]","[-3618.7176835027226, 2304.0327457894737, 236.65197096188604, 231.59442105263042]"
343,People,"[-3559.55469076225, 2361.931351052632, 0, 0]","[-3500.3916980217787, 2419.8299563157893, 236.65197096188604, 231.5944210526286]","[-3441.2287052813067, 2477.7285615789474, 236.65197096188786, 231.59442105263224]","[-3382.065712540835, 2535.627166842105, 236.65197096188604, 231.59442105263042]","[-3322.9027198003632, 2593.525772105263, 236.65197096188786, 231.59442105263224]","[-3263.7397270598917, 2651.424377368421, 236.65197096188604, 231.59442105263224]","[-3204.5767343194198, 2709.3229826315787, 236.65197096188786, 231.59442105263042]","[-3145.413741578948, 2767.221587894737, 236.65197096188786, 231.59442105263224]","[-3086.250748838476, 2825.1201931578944, 236.65197096188805, 231.59442105263062]","[-2834.49519, 2934.96455, 1007.0222353539029, 439.377427368423]","[-2591.14079, 2997.67925, 973.4176000000007, 250.85879999999997]","[-2356.3458200925925, 3053.133655092593, 939.1798796296298, 221.81762037037151]","[-2121.550850185185, 3108.588060185185, 939.1798796296298, 221.81762037036788]","[-1886.7558802777776, 3164.042465277778, 939.1798796296298, 221.81762037037151]","[-1651.9609103703706, 3219.4968703703703, 939.179879629628, 221.8176203703697]","[-1447.163062857143, 3243.5457464285714, 819.1913900529107, 96.19550423280452]"
344,People,"[-1258.3142, 3220.92153, 0, 0]","[-1123.79866, 3173.66157, 538.0621600000004, -189.03983999999946]","[-1003.16694, 3114.00821, 482.5268799999999, -238.613440000001]","[-872.59806, 3064.85655, 522.2755199999997, -196.60663999999997]","[-711.19167, 3105.61122, 645.62556, 163.01867999999922]","[-588.60728, 3193.72221, 490.3375600000004, 352.4439600000005]","[-531.12906, 3261.38318, 229.91287999999986, 270.6438799999996]","[-504.061, 3258.4911, 108.27224000000001, -11.568319999998494]","[-504.55848, 3225.63848, -1.9899199999999855, -131.41048000000058]","[-497.84408, 3238.79682, 26.85759999999982, 52.63335999999981]","[-483.41792, 3247.14874, 57.704640000000154, 33.407680000000255]","[-477.50302, 3256.65638, 23.659599999999955, 38.03055999999924]","[-459.33033, 3213.53703, 72.69075999999995, -172.47739999999976]","[-367.81362, 3146.98868, 366.06683999999996, -266.1934000000001]","[-304.28867, 3061.39942, 254.09979999999996, -342.35703999999896]","[-305.95642, 2958.95287, -6.670999999999822, -409.78620000000046]"
345,People,"[-325.3867, 2881.92821, 0, 0]","[-378.09715, 2798.37361, -210.84179999999992, -334.21839999999975]","[-374.47757, 2734.48064, 14.47831999999994, -255.5718799999995]","[-326.3323, 2662.00179, 192.58108000000016, -289.9154000000017]","[-296.70028, 2587.20845, 118.52807999999982, -299.17335999999887]","[-345.87459, 2515.91011, -196.69723999999997, -285.1933600000011]","[-432.35496, 2463.42432, -345.92148, -209.9431599999989]","[-562.36519, 2325.87958, -520.0409199999999, -550.1789600000011]","[-784.94353, 2185.55829, -890.3133600000009, -561.2851599999999]","[-979.79076, 2041.32315, -779.3889199999999, -576.94056]","[-1158.80349, 1894.10883, -716.0509200000001, -588.8572800000002]","[-1306.52712, 1822.05189, -590.8945199999998, -288.22775999999976]","[-1439.27767, 1773.62129, -531.0021999999999, -193.72239999999965]","[-1646.18158, 1755.05824, -827.61564, -74.2521999999999]","[-1874.37116, 1695.57497, -912.7583199999999, -237.9330800000007]","[-2003.80302, 1653.97608, -517.7274400000006, -166.39555999999993]"
346,People,"[9046.53521, -806.68441, 0, 0]","[9022.45539, -802.76961, -96.31928000000335, 15.659200000000055]","[9015.85286, -815.13702, -26.410119999993185, -49.469640000000254]","[9010.55862, -838.34348, -21.17696000000433, -92.82583999999997]","[8987.5896, -838.88419, -91.87608000000182, -2.16283999999996]","[8929.11437, -788.26262, -233.90092000000004, 202.48628000000008]","[8777.234648333333, -697.1038016666666, -607.5188866666649, 364.6352733333333]","[8610.962003492063, -614.0076726984126, -665.0905793650818, 332.38451587301597]","[8444.689358650794, -530.9115437301587, -665.0905793650751, 332.38451587301626]","[8278.416713809524, -447.8154147619047, -665.0905793650818, 332.38451587301574]","[8112.144068968254, -364.7192857936508, -665.0905793650782, 332.38451587301574]","[7837.33812, -351.58998, -1099.2237958730148, 52.51722317460303]","[7517.04068, -299.78162, -1281.1897600000011, 207.2334400000002]","[7169.12613, -279.60133, -1391.6582000000017, 80.72115999999983]","[6821.82702, -307.82434, -1389.1964399999997, -112.89203999999995]","[6450.22508, -321.54193, -1486.4077599999982, -54.87035999999989]"
347,People,"[6065.16512, -253.73657, 0, 0]","[5681.86429, -187.46905, -1533.203319999997, 265.07007999999996]","[5293.998341, -178.65410175, -1551.463796, 35.25979300000006]","[4893.6635160000005, -166.2009705, -1601.3392999999996, 49.81252499999994]","[4512.29463, -74.38512, -1525.4755440000008, 367.26340200000004]","[4117.06348, -31.38367, -1580.924600000002, 172.00580000000002]","[3720.18926, -67.53739, -1587.4968799999988, -144.61488000000003]","[3307.2508, -71.827, -1651.7538400000012, -17.158439999999985]","[2917.42494, -5.17242, -1559.303440000001, 266.6183200000002]","[2510.89407, 56.1468, -1626.1234800000002, 245.27688]","[2167.5008, 68.43785, -1373.5730800000001, 49.164199999999994]","[1802.65545, 114.23452, -1459.3813999999993, 183.18668000000002]","[1468.70568, 252.06148, -1335.7990799999998, 551.3078399999999]","[1115.27213, 392.86183, -1413.7341999999999, 563.2014]","[765.43483, 504.74196, -1399.3492, 447.52052000000003]","[391.60814, 681.64512, -1495.3067600000002, 707.61264]"
348,People,"[81.69817, 929.50745, 0, 0]","[-250.68068, 1160.45436, -1329.5154, 923.78764]","[-611.20151, 1295.05619, -1442.08332, 538.4073200000003]","[-994.60425, 1451.65445, -1533.61096, 626.3930399999999]","[-1330.67207, 1646.83372, -1344.2712800000004, 780.7170800000004]","[-1709.58408, 1798.43613, -1515.64804, 606.4096399999999]","[-2106.00368, 1865.73468, -1585.6783999999989, 269.1941999999999]","[-2510.15706, 1958.3956, -1616.6135200000008, 370.64368000000013]","[-2873.05724, 2103.48237, -1451.6007200000017, 580.347080000001]","[-3273.95394, 2215.76553, -1603.5867999999991, 449.1326399999998]","[-3665.21395, 2273.60771, -1565.0400399999999, 231.3687200000004]","[-4053.69552, 2364.31714, -1553.9262800000015, 362.83771999999954]","[-4421.00757, 2519.61404, -1469.2481999999982, 621.1875999999993]","[-4786.04485, 2628.54391, -1460.1491200000019, 435.71947999999975]","[-5119.68749, 2659.85739, -1334.5705600000001, 125.25392000000102]","[-5448.06031, 2696.72321, -1313.4912799999984, 147.46327999999994]"
349,People,"[-5766.399273030303, 2737.524982727273, 0, 0]","[-6111.66872, 2736.84696, -1381.0777878787849, -2.712090909091785]","[-6354.6665, 2628.96821, -971.9911200000024, -431.5149999999994]","[-6518.47611, 2515.20961, -655.2384399999974, -455.03440000000046]","[-6599.1294, 2483.12517, -322.6131600000008, -128.33776000000034]","[-6654.97137, 2497.55665, -223.3678800000016, 57.72592000000077]","[-6688.29569, 2509.68341, -133.29727999999886, 48.507040000000416]","[-6711.44071, 2507.9248, -92.58007999999973, -7.034440000001268]","[-6709.19559, 2488.02928, 8.980479999998359, -79.58207999999838]","[-6711.72328, 2473.09775, -10.110759999999573, -59.726120000001174]","[-6709.63449, 2471.40095, 8.35515999999916, -6.7871999999988475]","[-6712.24696, 2475.35434, -10.449880000000121, 15.813559999998688]","[-6725.89202, 2482.94094, -54.58023999999932, 30.346400000000358]","[-6738.0264, 2490.25783, -48.53751999999804, 29.26756000000023]","[-6764.696525882353, 2509.115290117647, -106.68050352941282, 75.4298404705878]","[-6703.448422941176, 2496.602543058824, 244.99241176470605, -50.05098823529261]"
350,People,"[-6642.20032, 2484.089796, 0, 0]","[-6580.952217058823, 2471.577048941176, 244.99241176470605, -50.050988235296245]","[-6415.05919, 2480.38695, 663.5721082352939, 35.2396042352957]","[-6149.48154, 2521.22277, 1062.3106000000007, 163.34327999999914]","[-5861.6494, 2501.26013, 1151.328559999998, -79.85055999999895]","[-5601.66045, 2363.63598, 1039.9557999999997, -550.4966000000004]","[-5359.15468, 2147.56119, 970.0230800000027, -864.2991600000005]","[-5066.542, 1965.69803, 1170.450719999997, -727.4526399999995]","[-4751.03342, 1769.15626, 1262.0343200000036, -786.1670800000009]","[-4489.910687826086, 1478.6418526086957, 1044.4909286956536, -1162.0576295652172]","[-4261.53256, 1158.53458, 913.5125113043468, -1280.4290904347827]","[-3989.50236, 856.41496, 1088.1207999999988, -1208.4784800000002]","[-3722.1666, 549.10366, 1069.3430399999997, -1229.2451999999998]","[-3533.43401, 194.24787, 754.9303600000003, -1419.4231599999998]","[-3380.00444, -159.09476, 613.7182799999991, -1413.37052]","[-3194.86688, -502.57004, 740.5502400000005, -1373.90112]"
351,People,"[-2995.86262, -836.95127, 0, 0]","[-2848.9884, -1198.8, 587.4968799999988, -1447.3949199999997]","[-2701.6765, -1575.52352, 589.2476000000006, -1506.89408]","[-2512.84619, -1907.01623, 755.3212399999993, -1325.97084]","[-2310.62046, -2229.91296, 808.9029200000004, -1291.5869200000006]","[-2180.84427, -2583.82214, 519.1047600000002, -1415.6367200000004]","[-2037.70238, -2981.72021, 572.5675600000004, -1591.592279999999]","[-1851.95675, -3277.30381, 742.9825199999996, -1182.3343999999997]","[-1653.39646, -3524.43197, 794.2411600000012, -988.5126400000017]","[-1500.15848, -3688.26647, 612.9519199999995, -655.3379999999997]","[-1421.2169, -3737.40075, 315.76632000000063, -196.53711999999905]","[-1406.05555, -3735.92774, 60.64539999999943, 5.892039999998815]","[-1415.44883, -3720.86002, -37.57312000000002, 60.270880000000034]","[-1425.51714, -3701.46698, -40.27323999999953, 77.57215999999971]","[-1432.3872, -3701.77506, -27.480239999999867, -1.232319999999163]","[-1435.11312, -3725.45798, -10.90368000000035, -94.73168000000078]"
352,People,"[-1436.04981, -3747.85397, 0, 0]","[-1431.39678, -3755.51381, 18.612119999999777, -30.639359999999215]","[-1423.96244, -3759.28898, 29.73736000000008, -15.100679999999556]","[-1421.18219, -3757.49059, 11.121000000000095, 7.193559999999707]","[-1408.34129, -3747.72267, 51.36359999999968, 39.071679999999105]","[-1405.72133, -3715.11391, 10.479839999999967, 130.4350400000003]","[-1433.87313, -3644.2147, -112.60719999999947, 283.59684000000016]","[-1551.79541, -3571.79301, -471.68912, 289.6867600000005]","[-1741.00733, -3555.27429, -756.8476800000005, 66.07488000000018]","[-1853.83714, -3503.44941, -451.3192400000007, 207.29951999999867]","[-1878.8880733333333, -3388.641128333333, -100.20373333333282, 459.2331266666679]","[-1834.07529, -3311.67745, 179.2511333333332, 307.85471333333226]","[-1647.03558, -3243.43029, 748.15884, 272.9886400000014]","[-1382.00747, -3116.95448, 1060.1124399999999, 505.90323999999964]","[-1174.22375, -2914.62424, 831.1348799999996, 809.3209599999991]","[-1027.02584, -2635.88407, 588.7916400000004, 1114.9606800000001]"
353,People,"[-817.89115, -2357.56624, 0, 0]","[-582.97901, -2070.02726, 939.6485600000001, 1150.155920000001]","[-424.56539, -1736.72431, 633.6544800000001, 1333.2117999999991]","[-326.13652, -1384.64671, 393.71547999999984, 1408.3104000000003]","[-186.24059, -1025.62133, 559.5837200000001, 1436.1015200000002]","[-36.49535, -689.30426, 598.98096, 1345.2682799999998]","[53.93327, -319.16725, 361.71448, 1480.54804]","[76.49187, 60.94953, 90.23440000000002, 1520.46712]","[149.02578, 449.5913, 290.13564000000025, 1554.5670800000014]","[241.48362, 812.84147, 369.83136, 1453.0006799999999]","[249.27775, 1182.37205, 31.176519999999982, 1478.12232]","[216.5646, 1536.71429, -130.85259999999994, 1417.3689599999998]","[215.55871, 1884.62593, -4.023560000000089, 1391.6465600000001]","[242.69092, 2228.90412, 108.52884000000006, 1377.112760000001]","[202.74268, 2547.19083, -159.79296, 1273.1468399999994]","[105.08015, 2853.54954, -390.65012, 1225.43484]"
354,People,"[21.30773, 3147.35067, 0, 0]","[-27.62918, 3347.32143, -195.74764, 799.8830400000006]","[-52.39838, 3422.22529, -99.0768, 299.6154399999996]","[-54.25287, 3434.68009, -7.417959999999994, 49.81919999999991]","[-48.38656, 3438.36535, 23.465239999999994, 14.741040000000794]","[-40.69934, 3454.24455, 30.748880000000014, 63.51679999999942]","[-30.23927, 3476.77023, 41.84027999999999, 90.10272000000077]","[-37.61567, 3492.51312, -29.5056, 62.971559999999954]","[-36.03744, 3515.59706, 6.312920000000025, 92.33576000000002]","[-23.98035, 3524.61968, 48.22835999999998, 36.090479999998934]","[-21.88787, 3528.37209, 8.369920000000008, 15.009640000000218]","[-40.97214, 3502.16847, -76.33708000000001, -104.8144799999991]","[-38.92483, 3456.71657, 8.189240000000012, -181.8076000000001]","[5.31315, 3379.06804, 176.95192, -310.59411999999975]","[109.49571, 3309.78327, 416.73024, -277.13908000000083]","[144.5799, 3200.12122, 140.33676000000003, -438.64819999999963]"
355,People,"[139.00307, 3009.93259, 0, 0]","[142.72559, 2866.83173, 14.890080000000012, -572.40344]","[148.58482, 2806.88622, 23.436919999999986, -239.78204000000005]","[74.75331, 2794.36858, -295.32604000000003, -50.070560000000114]","[-95.14849, 2766.12219, -679.6071999999999, -112.98555999999917]","[-307.91704, 2678.37412, -851.0742, -350.9922800000004]","[-543.8869, 2497.58537, -943.8794399999999, -723.1550000000007]","[-802.74442, 2260.7024, -1035.43008, -947.5318799999986]","[-1112.25833, 2080.86754, -1238.0556400000007, -719.3394400000004]","[-1455.46784, 1935.733, -1372.8380400000005, -580.538160000001]","[-1801.2141, 1749.74626, -1382.9850399999996, -743.9469600000002]","[-2126.22919, 1596.97668, -1300.0603600000004, -611.0783199999996]","[-2486.57263, 1541.62269, -1441.3737600000004, -221.41596000000027]","[-2864.30176, 1513.17113, -1510.9165199999989, -113.80623999999989]","[-3213.50531, 1433.01287, -1396.8142000000007, -320.6330399999997]","[-3545.95529, 1330.30947, -1329.7999199999995, -410.8136000000004]"
356,People,"[-3903.11735, 1263.04148, 0, 0]","[-4255.02739, 1258.94221, -1407.6401600000008, -16.397080000000642]","[-4591.51332, 1236.33875, -1345.9437199999993, -90.41384000000016]","[-4898.301, 1199.57569, -1227.1507200000015, -147.05223999999998]","[-4944.43602441941, 1196.2603550086656, -184.54009767764, -13.261339965337356]","[-4928.235342443674, 1207.0206487694973, 64.80272790294475, 43.0411750433268]","[-4912.034660467937, 1217.7809425303292, 64.80272790294839, 43.04117504332771]","[-4895.833978492201, 1228.541236291161, 64.80272790294475, 43.04117504332771]","[-4879.633296516465, 1239.301530051993, 64.80272790294481, 43.04117504332775]","[-4863.432614540728, 1250.061823812825, 64.80272790294839, 43.04117504332771]","[-4847.231932564991, 1260.822117573657, 64.80272790294475, 43.04117504332771]","[-4831.031250589254, 1271.5824113344886, 64.80272790294839, 43.0411750433268]","[-4814.830568613518, 1282.3427050953203, 64.80272790294475, 43.0411750433268]","[-4798.629886637782, 1293.1029988561525, 64.80272790294475, 43.04117504332862]","[-4782.429204662045, 1303.8632926169844, 64.80272790294839, 43.04117504332771]","[-4766.228522686309, 1314.6235863778163, 64.80272790294475, 43.04117504332771]"
357,People,"[-4750.027840710572, 1325.3838801386482, 0, 0]","[-4733.827158734835, 1336.14417389948, 64.80272790294475, 43.0411750433268]","[-4717.626476759098, 1346.904467660312, 64.80272790294839, 43.04117504332862]","[-4701.425794783362, 1357.6647614211438, 64.80272790294475, 43.0411750433268]","[-4685.225112807626, 1368.4250551819755, 64.80272790294475, 43.0411750433268]","[-4669.024430831889, 1379.1853489428077, 64.80272790294839, 43.04117504332862]","[-4652.823748856153, 1389.9456427036396, 64.80272790294475, 43.04117504332771]","[-4636.623066880416, 1400.7059364644713, 64.80272790294475, 43.0411750433268]","[-4620.422384904679, 1411.4662302253032, 64.80272790294845, 43.04117504332775]","[-4604.221702928942, 1422.2265239861351, 64.80272790294839, 43.04117504332771]","[-4588.021020953206, 1432.986817746967, 64.80272790294475, 43.04117504332771]","[-4571.82033897747, 1443.747111507799, 64.80272790294475, 43.04117504332771]","[-4555.619657001733, 1454.507405268631, 64.80272790294839, 43.04117504332771]","[-4539.418975025997, 1465.2676990294626, 64.80272790294475, 43.0411750433268]","[-4523.21829305026, 1476.0279927902943, 64.80272790294475, 43.0411750433268]","[-4507.017611074523, 1486.7882865511265, 64.80272790294839, 43.04117504332862]"
358,People,"[-4490.816929098786, 1497.5485803119584, 0, 0]","[-4474.61624712305, 1508.3088740727903, 64.80272790294475, 43.04117504332771]","[-4458.415565147314, 1519.069167833622, 64.80272790294475, 43.0411750433268]","[-4442.214883171577, 1529.829461594454, 64.80272790294839, 43.04117504332771]","[-4426.0142011958405, 1540.589755355286, 64.80272790294475, 43.04117504332771]","[-4409.813519220103, 1551.3500491161178, 64.80272790294839, 43.04117504332771]","[-4393.612837244367, 1562.1103428769495, 64.80272790294475, 43.0411750433268]","[-4377.412155268631, 1572.8706366377817, 64.80272790294475, 43.04117504332862]","[-4361.211473292894, 1583.6309303986136, 64.80272790294845, 43.04117504332775]","[-4345.010791317158, 1594.3912241594453, 64.80272790294475, 43.0411750433268]","[-4328.810109341421, 1605.1515179202772, 64.80272790294839, 43.04117504332771]","[-4312.6094273656845, 1615.9118116811092, 64.80272790294475, 43.04117504332771]","[-4296.408745389948, 1626.672105441941, 64.80272790294475, 43.04117504332771]","[-4280.208063414211, 1637.432399202773, 64.80272790294839, 43.04117504332771]","[-4264.007381438475, 1648.1926929636047, 64.80272790294475, 43.0411750433268]","[-4247.806699462738, 1658.9529867244366, 64.80272790294839, 43.04117504332771]"
359,People,"[-4231.606017487002, 1669.7132804852686, 0, 0]","[-4215.405335511265, 1680.4735742461005, 64.80272790294839, 43.04117504332771]","[-3997.331485, 1773.172435, 872.2954020450579, 370.7954430155978]","[-3673.27027, 1895.75809, 1296.2448600000007, 490.34262000000035]","[-3327.23208, 1921.22331, 1384.152759999999, 101.86088000000018]","[-2960.79178, 1907.15632, 1465.7612000000008, -56.26796000000013]","[-2618.33412, 1945.271, 1369.8306400000001, 152.45871999999963]","[-2293.121, 1992.82941, 1300.8524799999996, 190.23364000000038]","[-1991.60043, 1999.31996, 1206.0822800000017, 25.96219999999996]","[-1673.67172, 1981.69986, 1271.7148399999996, -70.48040000000037]","[-1381.79136, 2032.71704, 1167.5214400000004, 204.0687200000002]","[-1125.36728, 2148.26593, 1025.69632, 462.1955600000001]","[-887.19887, 2251.6737, 952.6736399999995, 413.6310799999992]","[-653.16525, 2349.76013, 936.1344800000002, 392.34572000000117]","[-413.31954, 2489.68258, 959.38284, 559.6898000000001]","[-251.34617, 2678.47777, 647.8934800000001, 755.1807599999993]"
360,People,"[-73.66543, 2953.36899, 0, 0]","[96.2999, 3212.55051, 679.86132, 1036.7260800000004]","[190.55559, 3347.83721, 377.02276, 541.1468000000004]","[219.43906, 3417.08768, 115.53388000000007, 277.0018799999998]","[233.87323, 3420.41962, 57.73667999999998, 13.327760000000126]","[258.21496, 3393.81251, 97.36692000000005, -106.42843999999968]","[278.53954, 3373.6018, 81.29831999999988, -80.84284000000116]","[275.30944, 3390.8013, -12.920399999999972, 68.79800000000068]","[252.25097, 3426.64532, -92.23388000000008, 143.37608000000012]","[239.51552, 3429.13554, -50.941799999999944, 9.960880000000543]","[220.93475, 3376.17201, -74.32308, -211.85412000000179]","[142.45855, 3293.57462, -313.9048, -330.3895599999996]","[50.74473, 3212.3473, -366.85528, -324.90927999999985]","[-22.58556, 3128.91977, -293.32115999999996, -333.71011999999973]","[-83.30348, 3082.73761, -242.87167999999997, -184.72863999999936]","[-139.12241, 3052.54657, -223.27572000000004, -120.76416000000063]"
361,People,"[-330.35667, 3026.71483, 0, 0]","[-612.27746, 3031.64938, -1127.68316, 19.73819999999978]","[-875.23264, 2960.86692, -1051.8207199999997, -283.1298399999996]","[-1119.47529, 2803.56662, -976.9706000000006, -629.2011999999995]","[-1408.48396, 2649.80678, -1156.0346799999998, -615.0393600000007]","[-1750.045, 2580.12643, -1366.2441600000002, -278.72140000000036]","[-2120.92635, 2459.56088, -1483.5254000000004, -482.2621999999992]","[-2435.68306, 2265.59802, -1259.0268399999986, -775.8514400000004]","[-2746.24556, 2080.34755, -1242.2500000000011, -741.0018800000005]","[-3069.35402, 1869.11188, -1292.4338400000015, -844.9426800000001]","[-3371.18091, 1565.95068, -1207.3075599999993, -1212.6448]","[-3615.80844, 1254.1729, -978.510119999999, -1247.1111199999996]","[-3922.71922, 965.68603, -1227.6431200000006, -1153.9474800000003]","[-4245.1483, 737.03729, -1289.7163199999995, -914.5949599999999]","[-4545.87083, 455.22262, -1202.89012, -1127.25868]","[-4792.90252, 148.96136, -988.1267599999992, -1225.04504]"
362,People,"[-5093.494, -107.39804, 0, 0]","[-5189.577768733624, -322.7793637117904, -384.33507493449724, -861.5252948471616]","[-4715.434046026201, -555.4768440611354, 1896.5748908296919, -930.7899213973799]","[-4241.290323318777, -788.1743244104803, 1896.5748908296955, -930.7899213973797]","[-3767.146600611353, -1020.8718047598252, 1896.5748908296973, -930.7899213973797]","[-3293.00287790393, -1253.56928510917, 1896.5748908296919, -930.7899213973797]","[-2818.859155196506, -1486.2667654585152, 1896.5748908296955, -930.7899213973806]","[-2344.7154324890826, -1718.9642458078602, 1896.5748908296937, -930.7899213973797]","[-1870.571709781659, -1951.661726157205, 1896.5748908296962, -930.7899213973805]","[-1396.4279870742353, -2184.35920650655, 1896.5748908296946, -930.7899213973797]","[-1033.51662, -2405.31036, 1451.6454682969406, -883.8046139737999]","[-1476.3819050853242, -2411.997720204778, -1771.4611403412964, -26.74944081911235]","[-1990.7423854607507, -2371.9132731058016, -2057.441921501706, 160.3377883959056]","[-2505.102865836177, -2331.8288260068257, -2057.441921501705, 160.33778839590377]","[-3019.463346211604, -2291.7443789078498, -2057.441921501708, 160.33778839590377]","[-3533.8238265870305, -2251.659931808874, -2057.441921501706, 160.33778839590377]"
363,People,"[-4048.184306962457, -2211.5754847098974, 0, 0]","[-4562.544787337884, -2171.491037610921, -2057.4419215017097, 160.3377883959056]","[-5076.9052677133095, -2131.406590511945, -2057.4419215017006, 160.33778839590377]","[-5591.265748088737, -2091.322143412969, -2057.4419215017115, 160.33778839590377]","[-6105.626228464163, -2051.237696313993, -2057.441921501704, 160.33778839590377]","[-6619.9867088395895, -2011.153249215017, -2057.441921501704, 160.33778839590468]","[-7110.98858, -1966.58025, -1964.0074846416428, 178.29199686006814]","[-6959.986593571429, -1814.329575, 604.0079457142856, 609.0027]","[-6724.383152077922, -1630.3998125974026, 942.4137659740271, 735.7190496103901]","[-6518.652012467533, -1396.9420755844155, 822.9245584415585, 933.8309480519483]","[-6312.920872857143, -1163.4843385714285, 822.9245584415585, 933.8309480519483]","[-6099.08184, -936.97861, 855.3561314285726, 906.0229142857138]","[-5809.76225, -745.32486, 1157.2783600000002, 766.6150000000002]","[-5568.378595555556, -504.2987277777778, 965.5346177777756, 964.1045288888886]","[-5324.151543968254, -275.2768626984127, 976.908206349206, 916.0874603174605]","[-5079.924492380953, -46.25499761904757, 976.908206349206, 916.0874603174605]"
364,People,"[-4789.0238, 181.88733, 0, 0]","[-4536.98672, 474.26373, 1008.1483200000002, 1169.5056]","[-4290.50061, 778.35087, 985.9444399999993, 1216.34856]","[-3980.73254, 1013.09021, 1239.0722800000003, 938.9573599999999]","[-3654.47237, 1206.16231, 1305.04068, 772.2883999999999]","[-3343.76017, 1471.07792, 1242.8487999999998, 1059.66244]","[-3041.98601, 1708.17957, 1207.0966399999998, 948.4066000000003]","[-2691.64399, 1911.02333, 1401.3680800000002, 811.3750399999999]","[-2332.71846, 2087.8941, 1435.7021200000013, 707.4830800000007]","[-2019.9229, 2320.18359, 1251.18224, 929.1579600000005]","[-1697.40004, 2535.1721, 1290.0914400000001, 859.9540399999987]","[-1360.89833, 2663.61027, 1346.00684, 513.7526800000014]","[-1008.16821, 2782.96017, 1410.9204799999998, 477.3995999999988]","[-715.09137, 2944.04074, 1172.3073600000002, 644.3222800000003]","[-393.76818, 3146.65452, 1285.29276, 810.4551200000005]","[-96.01435, 3289.705, 1191.01532, 572.2019199999995]"
365,People,"[65.59114, 3347.3741, 0, 0]","[144.65706, 3373.47189, 316.26368, 104.39115999999922]","[170.26795, 3386.63971, 102.44356000000005, 52.67128000000048]","[179.69446, 3391.86207, 37.706039999999916, 20.889440000000832]","[183.27726, 3392.0306, 14.33120000000008, 0.6741199999996752]","[195.48766, 3382.39218, 48.84159999999997, -38.553680000000895]","[210.72702, 3354.42416, 60.95744000000002, -111.87207999999919]","[225.58492, 3321.07899, 59.4316, -133.3806800000002]","[218.2612, 3244.79598, -29.29488000000006, -305.1320400000007]","[72.07483, 3109.41051, -584.74548, -541.5418799999989]","[-152.80433, 3031.77078, -899.51664, -310.5589200000013]","[-328.42453, 2883.66489, -702.4808, -592.4235599999993]","[-471.9278, 2676.62193, -574.01308, -828.1718400000009]","[-446.37245, 2369.64185, 102.2213999999999, -1227.9203199999993]","[-401.99953, 2062.8078, 177.4916800000001, -1227.3361999999997]","[-411.56345, 1714.11735, -38.255679999999984, -1394.7618000000002]"
366,People,"[-524.01432, 1321.30403, 0, 0]","[-614.4472, 887.32413, -361.7315199999998, -1735.9196000000002]","[-650.26547, 479.56785, -143.2730800000004, -1631.0251199999998]","[-753.53863, 60.55422, -413.09263999999985, -1676.0545200000001]","[-890.71624, -346.65884, -548.7104399999998, -1628.85224]","[-987.83699, -741.1312, -388.4830000000002, -1577.8894400000001]","[-1063.65435, -1126.51209, -303.26944000000003, -1541.5235599999996]","[-1216.55732, -1482.07374, -611.6118799999995, -1422.2466000000004]","[-1379.16249, -1820.09935, -650.4206800000007, -1352.1024400000008]","[-1477.10305, -2173.56132, -391.76224, -1413.8478799999993]","[-1496.39029, -2547.09437, -77.14896000000044, -1494.1322]","[-1530.48371, -2904.97284, -136.3736799999997, -1431.5138800000004]","[-1552.12049, -3245.78203, -86.54712000000018, -1363.2367599999998]","[-1486.53016, -3574.95481, 262.36132, -1316.6911200000013]","[-1456.923684347826, -3712.375182173913, 118.42590260869565, -549.6814886956508]","[-1457.422776, -3769.845272, -1.9963666086960075, -229.88035930434853]"
367,People,"[-1493.8458466666666, -3801.705916896552, 0, 0]","[-1484.9597633333333, -3799.9530893103447, 35.54433333333327, 7.011310344829326]","[-1476.07368, -3798.200261724138, 35.54433333333327, 7.011310344827507]","[-1467.1875966666666, -3796.447434137931, 35.54433333333327, 7.011310344827507]","[-1458.301513333333, -3794.694606551724, 35.54433333333418, 7.011310344827507]","[-1449.41543, -3792.941778965517, 35.54433333333236, 7.011310344827507]","[-1440.5293466666665, -3791.1889513793103, 35.54433333333418, 7.011310344827507]","[-1429.67016, -3787.67015, 43.436746666666295, 14.075205517241557]","[-1391.69036, -3738.48575, 151.9191999999995, 196.73760000000055]","[-1362.93501, -3599.07557, 115.02140000000054, 557.6407199999994]","[-1365.14443, -3378.94436, -8.837680000000546, 880.52484]","[-1320.5511, -3145.98527, 178.3733200000006, 931.8363599999993]","[-1174.94686, -2953.68527, 582.4169599999996, 769.2000000000007]","[-906.62553, -2806.29153, 1073.28532, 589.5749599999999]","[-598.47127, -2611.25159, 1232.61704, 780.1597600000005]","[-310.88399, -2383.2651, 1150.34912, 911.9459599999991]"
368,People,"[19.4376, -2175.99205, 0, 0]","[366.36524, -2022.10415, 1387.71056, 615.5515999999998]","[703.02042, -1828.29893, 1346.62072, 775.2208799999999]","[989.5651, -1590.03519, 1146.1787200000003, 953.0549599999995]","[1301.18683, -1381.77287, 1246.4869200000003, 833.0492800000002]","[1628.63356, -1231.21147, 1309.7869199999996, 602.2456000000002]","[1950.20484, -1060.04779, 1286.2851200000005, 684.6547199999995]","[2231.07873, -850.28177, 1123.4955600000003, 839.0640800000001]","[2530.32882, -680.97224, 1197.0003600000011, 677.2381200000005]","[2870.91006, -575.07668, 1362.32496, 423.5822400000002]","[3204.03203, -433.59169, 1332.4878799999988, 565.9399599999999]","[3458.4598, -239.75802, 1017.711080000001, 775.3346800000002]","[3693.31516, -35.02816, 939.4214400000001, 818.9194399999999]","[3974.99385, 129.96449, 1126.714759999999, 659.9706000000001]","[4277.70906, 312.05015, 1210.8608400000012, 728.3426399999998]","[4522.26504, 534.47236, 978.2239200000004, 889.68884]"
369,People,"[4764.83753, 739.57518, 0, 0]","[5034.93145, 875.4013, 1080.375680000001, 543.3044799999998]","[5330.51917, 964.74046, 1182.3508799999981, 357.35663999999997]","[5617.72469, 1103.40915, 1148.8220800000017, 554.6747599999999]","[5848.428601355932, 1230.2610391525425, 922.8156454237287, 507.4075566101701]","[6023.279770847457, 1330.2300998870055, 699.4046779661003, 399.8762429378521]","[6198.130940338983, 1430.1991606214688, 699.4046779661039, 399.876242937853]","[6372.982109830508, 1530.168221355932, 699.4046779661003, 399.876242937853]","[6547.833279322034, 1630.1372820903955, 699.4046779661045, 399.8762429378543]","[6722.684448813559, 1730.1063428248588, 699.4046779661003, 399.876242937853]","[6897.535618305084, 1830.075403559322, 699.4046779661003, 399.876242937853]","[7050.36807, 1938.35341, 611.3298067796641, 433.1120257627117]","[7179.54629, 2065.38407, 516.7128799999991, 508.1226400000005]","[7250.51564475, 2201.1972635, 283.8774190000004, 543.2527740000005]","[7295.33534, 2335.53685, 179.27878099999725, 537.3583459999991]","[7292.11916, 2489.12808, -12.86471999999776, 614.36492]"
370,People,"[7275.598425, 2648.85331, 0, 0]","[7288.70447, 2756.81946, 52.42417999999816, 431.8646000000008]","[7352.003, 2829.89154, 253.1941200000001, 292.28831999999966]","[7475.21867, 2880.32482, 492.862680000002, 201.73311999999896]","[7631.55169, 2939.19527, 625.3320800000001, 235.48180000000139]","[7783.92795, 3013.51199, 609.50504, 297.2668799999992]","[7944.22373, 3094.79989, 641.1831199999979, 325.15159999999923]","[8113.70793, 3092.74588, 677.9367999999995, -8.216039999999339]","[8273.61946, 2990.17437, 639.6461200000018, -410.2860399999994]","[8448.08134, 2835.24198, 697.847520000003, -619.7295600000016]","[8637.66238, 2719.71108, 758.3241599999965, -462.123599999999]","[8753.351506875, 2651.74524, 462.75650750000204, -271.8633599999994]","[8854.2776396875, 2591.189365, 403.7045312499977, -242.22350000000006]","[8955.2037725, 2530.63349, 403.7045312499977, -242.22350000000006]","[9056.1299053125, 2470.077615, 403.70453125000495, -242.22350000000006]","[9157.056038125, 2409.52174, 403.7045312499977, -242.22350000000006]"
371,People,"[9187.98156, 2403.44577, 0, 0]","[9192.4945, 2417.93212, 18.051760000002105, 57.94540000000052]","[9178.927434814814, 2426.450821851852, -54.26826074074779, 34.074807407409025]","[9152.436799012346, 2428.7647632098765, -105.96254320986918, 9.255765432097178]","[9125.946163209876, 2431.078704567901, -105.96254320988373, 9.255765432097178]","[9067.217291612902, 2452.482802580645, -234.9154863878939, 85.61639205097708]","[8880.561138387096, 2529.582157419355, -746.6246129032224, 308.39741935484017]","[8618.05801, 2653.2391, -1050.0125135483831, 494.6277703225787]","[8444.85503, 2743.39359, -692.8119200000007, 360.61796000000174]","[8277.88725, 2681.25108, -667.8711200000034, -248.57004000000052]","[8045.9988725, 2530.5188175000003, -927.5535099999979, -602.9290499999988]","[7741.10272, 2489.29917, -1219.5846100000017, -164.87859000000208]","[7419.86424, 2504.74842, -1284.95392, 61.79700000000048]","[7109.989964666667, 2443.2599706666665, -1239.4971013333306, -245.95379733333357]","[6793.11197, 2330.90371, -1267.5119786666692, -449.42504266666583]","[6449.6471, 2234.84984, -1373.8594799999992, -384.21548000000075]"
372,People,"[6107.50027, 2205.93843, 0, 0]","[5744.85468, 2175.34539, -1450.5823599999967, -122.3721600000008]","[5390.20796, 2102.12316, -1418.5868800000026, -292.8889199999994]","[5023.19616, 2061.05702, -1468.0471999999972, -164.26455999999962]","[4649.93656, 2105.77848, -1493.0384000000013, 178.885839999999]","[4274.84793, 2137.3073, -1500.3545200000008, 126.11527999999998]","[3915.0296, 2096.38449, -1439.2733200000002, -163.6912400000001]","[3546.73583, 2025.81621, -1473.175079999999, -282.27311999999984]","[3181.20701, 1994.70254, -1462.1152800000013, -124.45467999999994]","[2787.76183, 1921.34856, -1573.7807200000007, -293.41592000000037]","[2428.43696, 1754.00399, -1437.2994799999997, -669.3782799999999]","[2081.49755, 1566.08062, -1387.7576399999998, -751.6934799999999]","[1720.84629, 1421.14777, -1442.6050400000004, -579.7313999999997]","[1359.73685, 1260.74538, -1444.4377599999998, -641.6095599999999]","[1026.39744, 1036.83071, -1333.3576400000002, -895.6586800000005]","[679.99185, 820.24573, -1385.6223599999998, -866.3399199999999]"
373,People,"[315.50822, 662.47006, 0, 0]","[-57.8789, 505.19456, -1493.54848, -629.1019999999999]","[-396.21859, 332.18925, -1353.35876, -692.02124]","[-741.88247, 218.04624, -1382.65552, -456.57204]","[-1087.27948, 204.96144, -1381.5880399999996, -52.339200000000005]","[-1463.70145, 224.86161, -1505.6878800000004, 79.60068000000001]","[-1848.46506, 235.21434, -1539.0544399999999, 41.41091999999992]","[-2252.89483, 322.91364, -1617.7190800000008, 350.7972]","[-2598.16293, 488.98443, -1381.0724000000002, 664.2831600000005]","[-2929.10671, 643.18168, -1323.7751200000002, 616.7890000000002]","[-3254.09157, 754.86051, -1299.93944, 446.7153199999998]","[-3572.35587, 900.83534, -1273.0571999999993, 583.89932]","[-3858.19614, 1114.43003, -1143.3610800000006, 854.37876]","[-4157.56342, 1338.22016, -1197.4691200000016, 895.1605200000004]","[-4488.91723, 1504.93142, -1325.4152399999984, 666.8450399999992]","[-4809.46583, 1683.53274, -1282.1944000000003, 714.4052800000009]"
374,People,"[-5095.0136, 1908.4258352941176, 0, 0]","[-5391.32921, 2120.22849, -1185.2624399999986, 847.2106188235293]","[-5706.11075, 2243.40831, -1259.1261599999998, 492.71927999999934]","[-6036.87649, 2328.12072, -1323.0629599999993, 338.84964000000036]","[-6311.508974, 2434.271836, -1098.5299360000026, 424.604464]","[-6580.78138, 2505.50777, -1077.0896240000002, 284.9437360000011]","[-6714.67127, 2516.56962, -535.5595599999979, 44.2474000000002]","[-6720.373141116751, 2519.327575583756, -22.807484467004542, 11.031822335022298]","[-6714.664047208122, 2522.3686060406094, 22.836375634517047, 12.16412182741443]","[-6708.954953299492, 2525.409636497462, 22.836375634517026, 12.164121827410781]","[-6703.245859390863, 2528.450666954315, 22.836375634517026, 12.164121827410781]","[-6697.536765482234, 2531.4916974111675, 22.836375634517026, 12.164121827410781]","[-6691.827671573604, 2534.53272786802, 22.836375634520664, 12.164121827410781]","[-6686.118577664975, 2537.573758324873, 22.836375634513388, 12.164121827410781]","[-6680.409483756345, 2540.614788781726, 22.836375634520664, 12.1641218274126]","[-6592.14894, 2610.31753, 353.04217502538086, 278.81096487309514]"
375,People,"[-6451.36897, 2652.38276, 0, 0]","[-6231.83804, 2672.36657, 878.1237200000032, 79.9352400000007]","[-5967.93362450495, 2650.844096138614, 1055.617661980199, -86.08989544554424]","[-5689.73818019802, 2598.0784055445547, 1112.7817772277194, -211.06276237623752]","[-5411.542735891089, 2545.312714950496, 1112.781777227723, -211.0627623762357]","[-5133.347291584159, 2492.5470243564355, 1112.7817772277194, -211.06276237624115]","[-4855.151847277228, 2439.781333762376, 1112.7817772277267, -211.06276237623752]","[-4576.956402970297, 2387.0156431683167, 1112.781777227723, -211.06276237623752]","[-4298.760958663366, 2334.2499525742573, 1112.781777227724, -211.0627623762377]","[-4020.565514356436, 2281.484261980198, 1112.7817772277212, -211.06276237623752]","[-3729.25623, 2260.67658, 1165.2371374257436, -83.23072792079256]","[-3413.9253, 2325.8467, 1261.3237200000003, 260.6804800000009]","[-3077.59931, 2375.91248, 1345.3039599999993, 200.26311999999962]","[-2694.79725, 2418.41967, 1531.20824, 170.02876000000106]","[-2299.89077, 2496.57964, 1579.6259200000004, 312.6398799999988]","[-1927.54442, 2575.51402, 1489.3854000000001, 315.7375200000006]"
376,People,"[-1601.10033, 2577.10509, 0, 0]","[-1298.75721, 2505.03551, 1209.37248, -288.27831999999944]","[-973.11063, 2447.70243, 1302.58632, -229.33232000000135]","[-639.37249, 2365.81045, 1334.9525600000002, -327.5679199999995]","[-314.56256, 2208.29972, 1299.2397199999998, -630.0429199999999]","[2.24119, 2005.18227, 1267.2150000000001, -812.4697999999999]","[367.57614, 1809.32192, 1461.3398, -783.4413999999997]","[713.42981, 1628.18063, 1383.4146799999999, -724.5651600000001]","[1041.65162, 1408.52598, 1312.8872400000016, -878.6186000000015]","[1300.17919, 1176.83948, 1034.1102799999999, -926.7459999999992]","[1608.50303, 965.2944, 1233.29536, -846.1803200000004]","[1948.30799, 809.29474, 1359.2198399999997, -623.9986399999998]","[2307.91122, 659.06449, 1438.4129199999998, -600.9210000000003]","[2660.45327, 505.91871, 1410.1682, -612.58312]","[3026.45167, 436.66424, 1463.9935999999998, -277.0178799999999]","[3390.23862, 449.07209, 1455.1478000000006, 49.631399999999985]"
377,People,"[3782.54618, 464.18434, 0, 0]","[4146.85381, 445.31304, 1457.2305199999992, -75.48520000000008]","[4523.05478, 493.91, 1504.8038800000031, 194.3878400000001]","[4871.803, 587.68819, 1394.992879999998, 375.11275999999975]","[5230.12578, 661.86756, 1433.2911200000017, 296.71748000000025]","[5580.56042, 673.07366, 1401.738559999998, 44.82439999999997]","[5949.57269, 701.89358, 1476.0490800000007, 115.2796800000001]","[6321.38045, 769.6745, 1487.2310399999988, 271.1236799999997]","[6696.56467, 800.084, 1500.7368800000017, 121.63800000000003]","[7038.83199, 735.27902, 1369.0692799999997, -259.21992]","[7390.00652, 647.23931, 1404.698120000001, -352.1588399999996]","[7702.82564, 581.71861, 1251.2764800000004, -262.08280000000013]","[8001.37755, 460.33556, 1194.2076400000005, -485.5322000000001]","[8235.32475, 269.78112, 935.7887999999984, -762.21776]","[8449.977421875, 49.673557500000015, 858.6106875000041, -880.4302499999999]","[8668.701614583333, -170.812505, 874.8967708333294, -881.94425]"
378,People,"[8884.99728, -432.88278, 0, 0]","[9041.31991, -665.36375, 625.2905200000023, -929.9238799999998]","[9079.92257, -799.60001, 154.41064000000188, -536.9450400000001]","[9097.18456, -856.99725, 69.04795999999624, -229.58896000000004]","[9103.38298, -876.06942, 24.793680000002496, -76.28868000000011]","[9112.46739, -871.76846, 36.33763999999792, 17.203840000000127]","[9123.10689, -869.2947, 42.557999999997264, 9.89503999999988]","[9133.30282, -873.68144, 40.783720000006724, -17.54695999999967]","[9118.11244, -881.60182, -60.761520000000075, -31.68152000000012]","[9107.80827, -888.094, -41.216680000005, -25.968720000000303]","[9102.9009, -897.77876, -19.629479999995965, -38.73903999999993]","[9102.99204, -901.01614, 0.36455999999452615, -12.949519999999666]","[9094.95464, -898.40577, -32.14959999999701, 10.441479999999956]","[9074.47388, -892.95006, -81.92304000000149, 21.822839999999815]","[8867.287837764707, -870.5716403529412, -828.7441689411717, 89.51367858823505]","[8550.746923058823, -844.8318374117648, -1266.1636588235342, 102.95921176470574]"
379,People,"[8234.206008352941, -819.0920344705883, 0, 0]","[7917.66509364706, -793.3522315294118, -1266.163658823527, 102.95921176470574]","[7601.124178941177, -767.6124285882354, -1266.1636588235306, 102.95921176470574]","[7284.583264235294, -741.8726256470588, -1266.1636588235306, 102.9592117647062]","[6968.042349529413, -716.1328227058824, -1266.163658823527, 102.95921176470574]","[6651.50143482353, -690.393019764706, -1266.1636588235306, 102.95921176470574]","[6334.960520117647, -664.6532168235294, -1266.1636588235306, 102.9592117647062]","[6018.419605411766, -638.913413882353, -1266.163658823527, 102.95921176470574]","[5701.878690705883, -613.1736109411765, -1266.1636588235317, 102.95921176470583]","[5385.337776, -587.433808, -1266.1636588235306, 102.9592117647062]","[5068.796861294119, -561.6940050588236, -1266.163658823527, 102.95921176470574]","[4752.255946588236, -535.9542021176471, -1266.1636588235306, 102.95921176470574]","[4353.22026, -574.60479, -1596.1427463529435, -154.6023515294114]","[3949.99217, -615.48926, -1612.9123600000003, -163.53787999999986]","[3563.06775, -715.82281, -1547.6976799999993, -401.33420000000024]","[3198.79305, -838.08004, -1457.0987999999998, -489.0289200000002]"
380,People,"[2802.88533, -918.63174, 0, 0]","[2400.69383, -998.75819, -1608.7659999999996, -320.5057999999999]","[2022.29693, -1161.4171, -1513.5876000000007, -650.6356399999995]","[1680.36872, -1341.12805, -1367.7128400000001, -718.8438000000006]","[1315.31959, -1459.35776, -1460.1965199999995, -472.9188400000003]","[951.49422, -1575.77674, -1455.30148, -465.6759199999997]","[635.85529, -1787.75793, -1262.5557200000003, -847.9247599999999]","[344.03554, -2018.02528, -1167.2789999999998, -921.0694000000003]","[14.59109, -2203.31101, -1317.7778000000012, -741.14292]","[-320.11813, -2377.30537, -1338.83688, -695.9774400000006]","[-605.1166, -2604.96406, -1139.9938799999998, -910.634759999999]","[-893.79263, -2878.27486, -1154.7041200000003, -1093.2432000000008]","[-1190.02336, -3100.47759, -1184.9229199999995, -888.8109199999999]","[-1472.66662, -3297.52561, -1130.5730400000002, -788.1920800000007]","[-1719.52743, -3509.24053, -987.4432400000005, -846.8596799999996]","[-1852.75669, -3643.69999, -532.9170399999994, -537.8378400000001]"
381,People,"[-1911.10403, -3698.34702, 0, 0]","[-1922.60387, -3712.78804, -45.9993599999998, -57.76407999999901]","[-1927.73925, -3727.55241, -20.541520000000673, -59.05747999999949]","[-1928.57655, -3741.99545, -3.349199999999655, -57.77216000000044]","[-1926.31499, -3741.44182, 9.04623999999967, 2.2145199999995384]","[-1926.89213, -3730.32595, -2.3085599999994884, 44.463480000000345]","[-1926.02452, -3719.53735, 3.4704400000000533, 43.15439999999944]","[-1919.78355, -3720.98967, 24.963879999999335, -5.8092799999994895]","[-1919.49959, -3718.21777, 1.135840000000827, 11.08759999999894]","[-1909.64499, -3699.99357, 39.418399999999565, 72.89680000000044]","[-1906.71047, -3696.49929, 11.738080000000082, 13.977119999999559]","[-1891.04568, -3667.35373, 62.659160000000156, 116.58224000000155]","[-1857.79904, -3581.15921, 132.98655999999937, 344.77808000000005]","[-1804.6488, -3453.26506, 212.60096000000067, 511.5765999999985]","[-1658.05278, -3278.98054, 586.3840799999998, 697.1380800000006]","[-1390.91399, -3152.60005, 1068.55516, 505.52196000000004]"
382,People,"[-1238.6266, -3203.50305, 0, 0]","[-1208.54474, -3190.85186, 120.32744000000002, 50.60475999999835]","[-1125.25046, -3038.60177, 333.1771200000003, 609.00036]","[-999.9799, -2796.8856, 501.08223999999973, 966.8646800000006]","[-775.26215, -2618.77596, 898.8710000000001, 712.4385600000005]","[-523.67535, -2489.59566, 1006.3472000000002, 516.7212]","[-211.93477, -2302.28906, 1246.96232, 749.2263999999996]","[87.48785, -2096.94878, 1197.69048, 821.3611199999996]","[446.71584, -1928.70253, 1436.9119600000015, 672.9850000000012]","[811.65251, -1832.23029, 1459.74668, 385.8889600000002]","[1185.70561, -1666.18888, 1496.2124, 664.1656400000002]","[1539.82507, -1467.47336, 1416.4778400000005, 794.8620799999999]","[1917.27379, -1308.29317, 1509.7948799999995, 636.7207600000002]","[2296.36603, -1193.35315, 1516.3689600000007, 459.76008]","[2668.36843, -1055.9969, 1488.0095999999994, 549.4249999999993]","[3022.37941, -889.69552, 1416.04392, 665.2055200000004]"
383,People,"[3389.91969, -777.54165, 0, 0]","[3764.79064, -768.77229, 1499.4838, 35.077440000000024]","[4149.29671, -715.60432, 1538.0242799999978, 212.67187999999987]","[4512.15705, -614.05301, 1451.4413600000007, 406.20524000000023]","[4881.33548, -545.24264, 1476.7137199999997, 275.2414799999997]","[5247.74201, -540.04984, 1465.6261200000008, 20.771200000000135]","[5546.63178493808, -534.1656014551085, 1195.5590997523213, 23.536954179566237]","[5654.75598114551, -516.5754280804954, 432.4967848297201, 70.36069349845229]","[5762.880177352941, -498.9852547058824, 432.49678482972416, 70.3606934984519]","[5871.004373560371, -481.3950813312694, 432.4967848297201, 70.36069349845206]","[5979.128569767801, -463.8049079566564, 432.4967848297201, 70.36069349845206]","[6087.252765975232, -446.2147345820434, 432.49678482972377, 70.36069349845206]","[6195.376962182662, -428.6245612074304, 432.4967848297201, 70.36069349845184]","[6303.501158390092, -411.0343878328174, 432.4967848297201, 70.36069349845206]","[6411.625354597523, -393.4442144582043, 432.49678482972377, 70.36069349845229]","[6519.749550804953, -375.85404108359137, 432.4967848297201, 70.36069349845184]"
384,People,"[6627.873747012383, -358.26386770897835, 0, 0]","[6735.997943219814, -340.67369433436534, 432.49678482972377, 70.36069349845206]","[6844.122139427244, -323.0835209597524, 432.4967848297201, 70.36069349845184]","[6952.246335634674, -305.4933475851393, 432.4967848297201, 70.36069349845229]","[7060.370531842105, -287.90317421052634, 432.49678482972377, 70.36069349845184]","[7168.494728049535, -270.31300083591333, 432.4967848297201, 70.36069349845206]","[7276.618924256965, -252.7228274613003, 432.4967848297201, 70.36069349845206]","[7384.743120464396, -235.1326540866873, 432.49678482972377, 70.36069349845206]","[7492.867316671826, -217.54248071207437, 432.4967848297205, 70.36069349845178]","[7600.991512879256, -199.9523073374613, 432.4967848297201, 70.36069349845229]","[7709.115709086687, -182.3621339628483, 432.49678482972377, 70.36069349845195]","[7817.239905294116, -164.7719605882353, 432.4967848297165, 70.36069349845206]","[7925.364101501547, -147.18178721362227, 432.49678482972377, 70.36069349845206]","[8033.488297708978, -129.5916138390093, 432.49678482972377, 70.36069349845184]","[8141.612493916407, -112.0014404643963, 432.4967848297165, 70.36069349845206]","[8249.736690123838, -94.41126708978328, 432.49678482972377, 70.36069349845206]"
385,People,"[8215.77045, 2.90898, 0, 0]","[7959.48258, 88.03399, -1025.1514800000004, 340.50004]","[7676.63962, 85.5316, -1131.3718399999998, -10.009560000000022]","[7409.25026, 174.874, -1069.5574400000005, 357.3696]","[7165.89231, 310.89854, -973.4317999999985, 544.0981600000001]","[6896.73491, 458.79731, -1076.6296000000002, 591.5950799999998]","[6593.99387, 576.17831, -1210.9641599999995, 469.5240000000001]","[6292.80006, 746.92406, -1204.7752400000027, 682.9830000000002]","[6035.378129130435, 973.7027226086956, -1029.6877234782596, 907.1146504347829]","[5760.10006, 1193.91863, -1101.1122765217406, 880.8636295652173]","[5450.57466, 1357.11559, -1238.1015999999981, 652.7878400000009]","[5119.21969, 1520.05871, -1325.4198800000013, 651.7724799999996]","[4818.41088, 1710.72368, -1203.2352399999982, 762.6598800000002]","[4521.04882, 1869.34394, -1189.4482400000015, 634.4810399999997]","[4209.9711, 1946.57503, -1244.310880000001, 308.92436]","[3894.60915, 2004.80436, -1261.447799999998, 232.91732000000047]"
386,People,"[3604.21866, 2116.60397, 0, 0]","[3310.81354, 2220.47064, -1173.6204799999996, 415.46667999999954]","[3021.50765, 2250.90939, -1157.2235600000004, 121.7549999999992]","[2743.80499, 2252.64006, -1110.8106399999997, 6.922680000001492]","[2497.25313, 2297.9882, -986.2074400000001, 181.3925599999984]","[2275.30863, 2388.75893, -887.7780000000002, 363.08292000000074]","[2075.29211, 2466.71489, -800.0660800000005, 311.8238400000009]","[1899.13062, 2491.56353, -704.6459599999998, 99.39455999999882]","[1729.25963, 2458.91388, -679.4839600000001, -130.59859999999946]","[1594.24059, 2430.95529, -540.0761599999996, -111.83436000000074]","[1505.04866, 2453.41806, -356.76772000000074, 89.85108000000037]","[1380.16973, 2491.41156, -499.5157199999994, 151.97400000000016]","[1170.98578, 2487.98112, -836.7358000000004, -13.721760000000359]","[913.72415, 2494.2333, -1029.0465199999999, 25.008719999999812]","[701.7941, 2592.10315, -847.7202000000002, 391.47940000000017]","[516.62758, 2743.92833, -740.66608, 607.3007200000011]"
387,People,"[369.918, 2884.5127, 0, 0]","[248.26317, 3019.39189, -486.61932, 539.5167599999986]","[139.16606, 3180.06817, -436.38844000000006, 642.7051200000005]","[63.67288, 3347.50908, -301.97272, 669.7636399999992]","[27.26208, 3475.04898, -145.64319999999998, 510.15960000000086]","[12.37974, 3548.77836, -59.529360000000004, 294.91751999999906]","[5.97694, 3579.88108, -25.6112, 124.41088000000127]","[1.64466, 3598.32756, -17.32912, 73.78592000000026]","[1.14574, 3607.57921, -1.995680000000002, 37.00659999999883]","[8.84188, 3608.9356, 30.78456, 5.4255599999996775]","[-24.18788, 3581.54598, -132.11903999999998, -109.55847999999969]","[-89.04443, 3496.3161, -259.4262, -340.91951999999947]","[-115.83534, 3368.09149, -107.16363999999999, -512.8984400000008]","[-89.75338, 3234.57197, 104.32783999999998, -534.0780799999993]","[-92.29709, 3111.58551, -10.17483999999996, -491.9458400000003]","[-140.16731, 2974.68477, -191.48087999999996, -547.6029600000002]"
388,People,"[-238.40379, 2847.18928, 0, 0]","[-379.14291, 2712.09765, -562.9564799999999, -540.3665199999996]","[-591.1584, 2563.50497, -848.0619600000002, -594.3707200000008]","[-776.36333, 2358.70604, -740.81972, -819.1957199999997]","[-837.11504, 2112.84278, -243.00684, -983.4530400000003]","[-871.51135, 1823.65846, -137.58523999999989, -1156.7372799999994]","[-907.32209, 1510.6444, -143.24296000000004, -1252.0562400000008]","[-946.21548, 1166.60173, -155.57355999999982, -1376.1706799999993]","[-925.00818, 757.80173, 84.82919999999974, -1635.2000000000016]","[-897.10019, 389.6573, 111.63196000000016, -1472.57772]","[-963.95437, 10.45676, -267.41672000000017, -1516.8021600000002]","[-1073.5438, -344.57486, -438.3577199999995, -1420.12648]","[-1130.91355, -719.61518, -229.47900000000027, -1500.16128]","[-1173.09803, -1071.5739, -168.73792000000049, -1407.8348800000003]","[-1268.18637, -1404.49318, -380.35335999999916, -1331.6771199999994]","[-1382.51944, -1699.30918, -457.33228000000054, -1179.2640000000001]"
389,People,"[-1455.57716, -2026.44678, 0, 0]","[-1484.26342, -2364.18352, -114.74503999999979, -1350.9469600000002]","[-1524.95233, -2690.41026, -162.7556400000003, -1304.9069600000003]","[-1586.53201, -2967.57824, -246.3187199999993, -1108.6719199999989]","[-1688.28929, -3287.10635, -407.02912000000015, -1278.1124400000008]","[-1770.97281, -3543.4965, -330.7340800000002, -1025.5606000000007]","[-1813.4668033333332, -3684.497746, -169.97597333333306, -564.0049839999992]","[-1819.3676644444445, -3715.103462666667, -23.603444444444904, -122.42286666666769]","[-1820.64172, -3733.66648, -5.096222222222427, -74.25206933333182]","[-1812.71216, -3726.46712, 31.71824000000015, 28.79744000000028]","[-1806.97899, -3724.99027, 22.93267999999989, 5.907400000000052]","[-1810.02807, -3708.60021, -12.196320000000014, 65.56023999999888]","[-1818.70219, -3686.6917, -34.69647999999961, 87.63404000000082]","[-1830.1898, -3656.31158, -45.950440000000526, 121.52047999999922]","[-1839.76455, -3635.86274, -38.29899999999998, 81.79536000000007]","[-1849.261, -3630.95939, -37.98579999999947, 19.613400000000183]"
390,People,"[-1854.06211, -3635.75033, 0, 0]","[-1857.17239, -3630.80226, -12.4411199999995, 19.792279999999664]","[-1847.48196, -3615.7943, 38.761719999999514, 60.03183999999965]","[-1804.80868, -3540.13766, 170.6931199999999, 302.6265600000006]","[-1711.72576, -3422.94714, 372.33168000000023, 468.7620799999986]","[-1556.27832, -3295.62529, 621.7897600000006, 509.28740000000107]","[-1408.15582, -3199.06295, 592.4899999999998, 386.2493599999998]","[-1327.74719, -3174.58885, 321.6345199999996, 97.89639999999963]","[-1423.52885, -3128.08103, -383.12663999999984, 186.03128000000123]","[-1643.03569, -3025.64607, -878.02736, 409.7398400000002]","[-1881.08741, -2863.26631, -952.2068800000006, 649.5190399999992]","[-2051.11705, -2627.12421, -680.118559999999, 944.5684000000001]","[-2203.87807, -2372.4007, -611.0440800000015, 1018.8940399999992]","[-2419.86547, -2187.78752, -863.9495999999999, 738.4527200000011]","[-2673.26777, -2050.35317, -1013.609199999999, 549.7374]","[-2912.34784, -1859.47742, -956.3202799999999, 763.5029999999997]"
391,People,"[-3127.63234, -1627.98568, 0, 0]","[-3387.02423, -1432.43812, -1037.5675599999995, 782.1902399999999]","[-3665.29182, -1283.94292, -1113.0703599999997, 593.9808000000003]","[-3934.22035, -1111.83796, -1075.7141200000005, 688.4198399999996]","[-4158.9386, -876.64568, -898.8730000000014, 940.7691200000004]","[-4391.68202, -615.68757, -930.9736799999991, 1043.8324399999997]","[-4678.47254, -424.43814, -1147.1620799999982, 764.9977200000003]","[-4969.90213, -246.03367, -1165.7183600000026, 713.6178799999999]","[-5223.15536, -8.89581, -1013.0129199999983, 948.5514400000008]","[-5449.28241, 261.07959, -904.5082000000002, 1079.9016]","[-5678.29407, 493.35988, -916.0466400000005, 929.1211599999999]","[-5879.16231, 734.97034, -803.4729599999991, 966.44184]","[-6000.489688947368, 1025.217655263158, -485.309515789475, 1160.9892610526317]","[-6119.06620868421, 1315.5593690789474, -474.3060789473675, 1161.366855263158]","[-6237.642728421053, 1605.9010828947369, -474.30607894737113, 1161.366855263158]","[-6370.16854, 1863.60688, -530.1032463157862, 1030.8231884210527]"
392,People,"[-6464.01836, 2113.90947, 0, 0]","[-6509.29417, 2322.57701, -181.10324000000037, 834.6701599999997]","[-6668.54048, 2504.33289, -636.9852399999982, 727.0235200000006]","[-6727.9959464583335, 2553.094428125, -237.82186583333532, 195.04615249999915]","[-6783.24216, 2598.2286, -220.98485416666517, 180.53668749999997]","[-6769.54107, 2617.78334, 54.80435999999827, 78.21896000000015]","[-6753.3228, 2642.51358, 64.87308000000121, 98.92095999999947]","[-6752.40683212766, 2639.8393185106383, 3.6638714893597353, -10.69704595744588]","[-6752.210563510638, 2636.297744042553, 0.7850744680872601, -14.166297872341614]","[-6752.014294893617, 2632.756169574468, 0.7850744680836215, -14.166297872339783]","[-6756.87892, 2620.07137, -19.458500425531383, -50.73919829787155]","[-6747.254585263158, 2523.366565789473, 38.4973389473671, -386.8192168421083]","[-6688.392072105263, 2378.386609649123, 235.45005263158237, -579.9198245614007]","[-6618.91474, 2234.23555, 277.9093284210503, -576.604238596492]","[-6422.6868, 2122.34281, 784.911759999999, -447.5709599999991]","[-6236.47611, 1982.82499, 744.8427600000032, -558.0712800000001]"
393,People,"[-6063.38824, 1830.79273, 0, 0]","[-5946.96009, 1608.67089, 465.71260000000257, -888.4873599999992]","[-5840.21696, 1330.924775, 426.97251999999935, -1110.9844600000006]","[-5625.20689, 1126.94371, 860.0402799999974, -815.9242599999998]","[-5376.05112, 932.11215, 996.6230800000012, -779.3262399999999]","[-5162.31741, 693.81604, 854.9348400000017, -953.18444]","[-4942.20999, 427.92067, 880.4296799999975, -1063.5814800000003]","[-4676.98353, 237.80307, 1060.9058399999994, -760.4703999999999]","[-4374.24208, 68.96715, 1210.965800000003, -675.3436800000005]","[-4095.59275, -161.86699, 1114.5973200000008, -923.33656]","[-3843.31826, -426.10104, 1009.0979599999991, -1056.9362]","[-3542.39223, -633.2869, 1203.7041200000003, -828.7434399999997]","[-3233.89518, -801.0478, 1233.9881999999998, -671.0436000000004]","[-2933.87174, -999.07129, 1200.0937599999997, -792.0939599999997]","[-2637.63147, -1224.67364, 1184.961080000001, -902.4094]","[-2322.76002, -1415.52863, 1259.4857999999986, -763.4199600000002]"
394,People,"[-2027.82769, -1554.0587, 0, 0]","[-1776.046211, -1714.910381, 1007.125916, -643.4067239999995]","[-1588.66879, -1925.43053, 749.5096840000006, -842.0805960000007]","[-1383.57807, -2171.62724, 820.3628799999997, -984.7868399999988]","[-1171.98085, -2376.82883, 846.3888800000004, -820.8063600000005]","[-1001.99371, -2575.1024, 679.9485599999998, -793.0942800000012]","[-917.41472, -2778.37847, 338.3159599999999, -813.1042799999996]","[-885.90185, -3010.74605, 126.05148000000008, -929.4703200000004]","[-873.91367, -3234.95299, 47.952719999999815, -896.8277600000009]","[-934.17284375, -3452.31635, -241.03669499999978, -869.4534399999993]","[-1110.29794, -3608.54088, -704.5003849999998, -624.8981199999998]","[-1319.75493, -3664.82789, -837.8279600000005, -225.14804000000004]","[-1478.3383525, -3688.764505833333, -634.3336899999995, -95.74646333333112]","[-1590.98661, -3705.77483, -450.59303, -68.04129666666813]","[-1630.17516, -3720.10343, -156.7542000000003, -57.314400000001115]","[-1636.36535, -3733.91669, -24.76076000000012, -55.2530399999996]"
395,People,"[-1651.459769661017, -3737.8980403389833, 0, 0]","[-1669.1637442372885, -3737.818565762712, -70.8158983050862, 0.3178983050856914]","[-1687.22663, -3736.32355, -72.25154305084561, 5.980063050847093]","[-1689.81912, -3728.55156, -10.369960000000901, 31.08796000000075]","[-1688.8896, -3721.7458, 3.7180800000005547, 27.223039999998946]","[-1680.73012, -3735.31798, 32.63792000000012, -54.28871999999865]","[-1616.51291, -3745.99472, 256.8688400000001, -42.706960000001345]","[-1405.4424, -3721.62832, 844.28204, 97.46560000000136]","[-1098.087088, -3638.858184, 1229.4212480000008, 331.08054399999884]","[-846.93076, -3548.77367, 1004.6253120000001, 360.3380560000005]","[-662.54055, -3419.07658, 737.5608399999996, 518.7883600000005]","[-524.984402, -3194.810178, 550.224592, 897.065607999999]","[-454.76334, -2929.18147, 280.88424800000007, 1062.5148320000008]","[-449.72305, -2611.80254, 20.16116000000011, 1269.5157199999994]","[-391.72384, -2267.55257, 231.99684000000002, 1376.9998800000012]","[-285.32993, -1941.29639, 425.57564, 1305.0247199999994]"
396,People,"[-202.28338, -1576.61692, 0, 0]","[-174.65271, -1205.19453, 110.52267999999992, 1485.6895599999998]","[-130.38508, -816.15048, 177.0705200000001, 1556.1761999999999]","[-21.87392, -442.1151, 434.04463999999996, 1496.1415200000001]","[53.59667, -34.8516, 301.88236, 1629.0539999999999]","[59.77357, 356.71852, 24.707599999999985, 1566.2804800000001]","[66.25493, 734.73907, 25.92544000000001, 1512.0821999999998]","[120.69251, 1106.57637, 217.75032, 1487.3492]","[125.56872, 1496.74258, 19.50484000000002, 1560.6648400000017]","[71.7841, 1831.43414, -215.13848000000002, 1338.76624]","[33.68706, 2151.07833, -152.38815999999997, 1278.576759999999]","[41.27118, 2430.789, 30.336479999999995, 1118.8426800000016]","[67.10115, 2726.22129, 103.31988000000001, 1181.729159999999]","[69.90705, 2951.71276, 11.223599999999976, 901.9658799999997]","[89.02118, 3149.25392, 76.45652000000001, 790.1646400000009]","[129.32252, 3238.684706666667, 161.20535999999998, 357.72314666666716]"
397,People,"[154.71331, 3249.04396, 0, 0]","[166.44651, 3261.93585, 46.93279999999993, 51.5675599999995]","[176.11308, 3272.12629, 38.66628000000003, 40.76176000000123]","[164.52499, 3269.4751, -46.352359999999976, -10.60476000000017]","[152.86063, 3257.012, -46.657440000000065, -49.85239999999976]","[156.68377, 3252.96142, 15.292560000000094, -16.202320000000327]","[164.91144, 3259.14977, 32.91067999999996, 24.7533999999996]","[173.695, 3264.48302, 35.13423999999998, 21.33300000000054]","[179.96237, 3260.85991, 25.06948000000002, -14.49244]","[187.80756, 3235.30132, 31.38076000000001, -102.23436000000038]","[176.42527, 3201.00881, -45.52915999999993, -137.17004000000088]","[119.81664, 3164.2211, -226.43452000000002, -147.15083999999842]","[-3.69964, 3060.05827, -494.06512000000004, -416.65132000000085]","[-198.95387, 2965.54598, -781.01692, -378.0491600000005]","[-315.46563, 2983.24608, -466.0470399999999, 70.80040000000008]","[-293.26206, 3012.09548, 88.81427999999983, 115.39760000000024]"
398,People,"[-212.76158, 2953.20473, 0, 0]","[-284.08407, 2870.8945, -285.28995999999995, -329.2409200000002]","[-467.08262, 2782.19204, -731.9942000000001, -354.8098399999999]","[-711.14108, 2643.30987, -976.2338399999999, -555.5286799999994]","[-932.34287, 2451.53477, -884.8071599999998, -767.1003999999994]","[-1155.05517, 2221.62899, -890.8492000000006, -919.6231200000002]","[-1442.2786, 2016.83278, -1148.89372, -819.1848400000008]","[-1748.33513, 1830.06718, -1224.2261199999994, -747.0623999999998]","[-2029.60129, 1609.0544, -1125.0646400000014, -884.0511200000009]","[-2305.64574, 1367.4076, -1104.1777999999995, -966.5871999999999]","[-2621.14103, 1148.02741, -1261.9811599999994, -877.5207600000003]","[-2957.88939, 953.99605, -1346.9934400000002, -776.1254399999998]","[-3259.83754, 694.99729, -1207.7926000000007, -1035.9950399999998]","[-3518.25404, 428.0596, -1033.6659999999993, -1067.7507600000001]","[-3809.27001, 186.1295, -1164.0638800000015, -967.7203999999999]","[-4090.49959, -24.9906, -1124.9183199999989, -844.4804]"
399,People,"[-4359.24744, -280.78505, 0, 0]","[-4593.65461, -556.89335, -937.628679999998, -1104.4332000000002]","[-4855.92554, -817.55285, -1049.0837200000024, -1042.638]","[-5140.553880379747, -1036.6068978481012, -1138.513361518988, -876.2161913924047]","[-5417.387883544304, -1247.1742965822784, -1107.3360126582265, -842.2695949367089]","[-5694.221886708861, -1457.7416953164557, -1107.3360126582302, -842.2695949367089]","[-5971.055889873418, -1668.309094050633, -1107.3360126582265, -842.2695949367089]","[-6247.889893037975, -1878.87649278481, -1107.3360126582265, -842.269594936708]","[-6524.723896202531, -2089.443891518988, -1107.3360126582274, -842.2695949367134]","[-6801.557899367088, -2300.0112902531646, -1107.3360126582265, -842.2695949367062]","[-7136.36577, -2494.99768, -1339.2314825316498, -779.9455589873414]","[-7116.809840795756, -2448.5382860477453, 78.22371681697769, 185.83757580901874]","[-7011.826966790452, -2358.894743607427, 419.9314960212141, 358.5741697612739]","[-6906.844092785146, -2269.251201167109, 419.93149602122503, 358.57416976127206]","[-6801.861218779841, -2179.6076587267903, 419.9314960212214, 358.5741697612739]","[-6696.878344774536, -2089.964116286472, 419.93149602121775, 358.5741697612739]"
400,People,"[-6591.895470769231, -2000.3205738461536, 0, 0]","[-6486.912596763926, -1910.6770314058356, 419.9314960212214, 358.57416976127206]","[-6381.929722758621, -1821.033488965517, 419.93149602121775, 358.5741697612739]","[-6276.946848753316, -1731.3899465251989, 419.9314960212214, 358.57416976127297]","[-6171.9639747480105, -1641.7464040848806, 419.9314960212214, 358.57416976127297]","[-6066.981100742705, -1552.1028616445624, 419.9314960212214, 358.57416976127297]","[-5961.998226737401, -1462.459319204244, 419.93149602121775, 358.5741697612739]","[-5857.015352732095, -1372.8157767639257, 419.9314960212214, 358.57416976127297]","[-5752.032478726791, -1283.1722343236074, 419.93149602121815, 358.5741697612733]","[-5647.049604721486, -1193.5286918832892, 419.9314960212214, 358.57416976127297]","[-5542.06673071618, -1103.885149442971, 419.9314960212214, 358.57416976127297]","[-5437.083856710875, -1014.2416070026524, 419.9314960212214, 358.57416976127433]","[-5332.1009827055705, -924.5980645623342, 419.93149602121775, 358.5741697612725]","[-5227.118108700265, -834.954522122016, 419.9314960212214, 358.57416976127297]","[-5122.135234694961, -745.3109796816977, 419.93149602121775, 358.57416976127297]","[-5017.152360689655, -655.6674372413795, 419.9314960212214, 358.57416976127297]"
401,People,"[-4912.16948668435, -566.023894801061, 0, 0]","[-4807.186612679045, -476.3803523607428, 419.9314960212214, 358.57416976127297]","[-4702.203738673739, -386.73680992042455, 419.9314960212214, 358.57416976127297]","[-4597.220864668435, -297.0932674801061, 419.93149602121775, 358.5741697612739]","[-4492.23799066313, -207.4497250397881, 419.93149602121775, 358.57416976127195]","[-4387.255116657825, -117.8061825994696, 419.9314960212214, 358.574169761274]","[-4282.27224265252, -28.16264015915158, 419.9314960212214, 358.57416976127206]","[-4177.289368647214, 61.48090228116689, 419.9314960212214, 358.5741697612739]","[-4072.3064946419095, 151.12444472148536, 419.93149602121997, 358.5741697612742]","[-3929.99942, 317.21978, 569.2282985676375, 664.3813411140586]","[-3806.70601, 546.68563, 493.1736400000009, 917.8633999999997]","[-3706.39047, 788.85893, 401.2621600000002, 968.6932000000002]","[-3555.29909, 989.24098, 604.3655199999994, 801.5282000000002]","[-3353.69238, 1164.73454, 806.4268400000001, 701.9742399999996]","[-3176.30561, 1357.7005, 709.5470800000003, 771.86384]","[-3055.18076, 1545.67826, 484.4993999999988, 751.91104]"
402,People,"[-2951.20121, 1738.64825, 0, 0]","[-2813.35605, 1887.88553, 551.3806400000012, 596.9491200000002]","[-2647.3295, 1994.98088, 664.1062000000002, 428.3814000000002]","[-2494.57851, 2082.64057, 611.00396, 350.6387599999998]","[-2400.51141, 2186.4697, 376.268399999999, 415.3165200000003]","[-2325.30941, 2313.40232, 300.8080000000009, 507.73048000000017]","[-2261.11636, 2425.05751, 256.77219999999943, 446.6207599999998]","[-2200.48751, 2490.31385, 242.51540000000023, 261.02535999999964]","[-2122.28324, 2523.10532, 312.8170799999992, 131.16588000000058]","[-2028.75052, 2528.44863, 374.1308800000006, 21.373239999998987]","[-1923.96121, 2526.9045, 419.15724000000046, -6.176519999999073]","[-1839.77084, 2546.36526, 336.7614800000001, 77.84303999999975]","[-1799.43718, 2587.22518, 161.33464000000004, 163.4396799999995]","[-1783.18455, 2615.5091, 65.01051999999981, 113.13568000000123]","[-1756.66673, 2630.49704, 106.07128000000012, 59.95175999999992]","[-1715.51026, 2637.29923, 164.6258799999996, 27.20875999999953]"
403,People,"[-1646.92419, 2676.40329, 0, 0]","[-1571.83767, 2791.90064, 300.34608000000026, 461.98939999999857]","[-1454.06157, 2949.65304, 471.10439999999926, 631.0096000000012]","[-1350.45081, 3058.79638, 414.4430400000001, 436.5733600000003]","[-1217.26428, 3140.70513, 532.7461199999998, 327.6349999999984]","[-1005.32455, 3200.84196, 847.7589200000002, 240.5473200000015]","[-776.97426, 3275.7297, 913.4011600000003, 299.55095999999867]","[-568.57882, 3385.65953, 833.58176, 439.71932000000015]","[-296.5672, 3494.80228, 1088.0464800000007, 436.5710000000003]","[-71.30671, 3517.24873, 901.04196, 89.78579999999965]","[42.24791, 3490.66315, 454.21848, -106.34231999999975]","[89.63708, 3444.62356, 189.55668, -184.15835999999945]","[101.66191, 3403.68649, 48.099320000000034, -163.7482799999998]","[125.29443, 3374.16151, 94.53008, -118.09992000000057]","[159.00014, 3346.41704, 134.82283999999993, -110.97788000000037]","[183.45772, 3311.37762, 97.83032000000003, -140.15767999999844]"
404,People,"[177.77657, 3284.30618, 0, 0]","[75.26949, 3266.42447, -410.02831999999995, -71.52684000000045]","[-24.10189, 3157.80121, -397.48552, -434.4930399999994]","[-100.85181, 2885.78544, -306.99968, -1088.06308]","[-135.60028, 2777.5794, -138.99388, -432.8241600000001]","[14.02636, 2686.40227, 598.50656, -364.70852000000014]","[239.90842, 2515.80292, 903.52824, -682.3973999999998]","[462.67872, 2287.63942, 891.0812, -912.6540000000005]","[670.15897, 2036.61972, 829.9210000000005, -1004.0788000000011]","[929.73448, 1806.06471, 1038.30204, -922.2200399999992]","[1236.15257, 1574.80448, 1225.67236, -925.0409200000004]","[1530.73997, 1295.46153, 1178.3496000000005, -1117.3718]","[1808.95415, 1037.00236, 1112.8567199999998, -1033.8366800000003]","[2114.83071, 818.02363, 1223.5062400000006, -875.9149199999997]","[2415.12557, 641.87258, 1201.1794399999999, -704.6042000000002]","[2731.19725, 412.07104, 1264.28672, -919.20616]"
405,Robot,"[-6815.332454195996, 80.33080020994198, 0, 0]","[-6696.691106330073, 119.69106667952538, 474.56539146369323, 157.44106587833357]","[-6578.04975846415, 159.05133314910876, 474.56539146369323, 157.44106587833352]","[-6459.4084105982265, 198.41159961869212, 474.56539146369323, 157.44106587833346]","[-6340.767062732303, 237.77186608827557, 474.56539146369323, 157.4410658783338]","[-6222.12571486638, 277.13213255785894, 474.56539146369323, 157.44106587833346]","[-6108.2300209150935, 314.917988368659, 455.5827758051455, 151.14342324320023]","[-5989.58867304917, 354.2782548382424, 474.56539146369323, 157.44106587833357]","[-5870.947325183247, 393.6385213078258, 474.56539146369363, 157.44106587833372]","[-5752.305977317324, 432.9987877774092, 474.56539146369323, 157.44106587833357]","[-5633.6646294514, 472.35905424699257, 474.56539146369323, 157.44106587833357]","[-5515.023281585477, 511.719320716576, 474.56539146369323, 157.4410658783338]","[-5396.381933719554, 551.0795871861593, 474.56539146369323, 157.44106587833312]","[-5277.74058585363, 590.4398536557427, 474.56539146369323, 157.44106587833357]","[-5159.099237987707, 629.8001201253261, 474.56539146369323, 157.44106587833357]","[-5040.448982935313, 669.1332610334379, 474.6010202095749, 157.3325636324471]"
406,Robot,"[-4921.808045265484, 708.4947639115776, 0, 0]","[-4803.167107595655, 747.8562667897173, 474.5637506793173, 157.44601151255893]","[-4684.526169925825, 787.217769667857, 474.5637506793173, 157.44601151255893]","[-4565.885232255996, 826.5792725459968, 474.5637506793173, 157.44601151255893]","[-4447.244294586167, 865.9407754241365, 474.5637506793173, 157.44601151255893]","[-4328.603356916337, 905.3022783022762, 474.5637506793173, 157.44601151255893]","[-4209.962419246508, 944.663781180416, 474.5637506793173, 157.44601151255893]","[-4091.321481576679, 984.0252840585556, 474.5637506793155, 157.44601151255847]","[-3972.680543906861, 1023.3867869366954, 474.56375067927223, 157.44601151255952]","[-3854.0396062370432, 1062.748289814838, 474.56375067927183, 157.4460115125703]","[-3735.398668567225, 1102.109792692979, 474.56375067927365, 157.44601151256393]","[-3617.039844573193, 1138.1015402443088, 473.43529597612724, 143.96699020531923]","[-3508.671093665871, 1150.591438157859, 433.47500362928804, 49.959591654201176]","[-3390.940456511837, 1192.5973553041856, 470.9225486161358, 168.02366858530604]","[-3273.209819357803, 1234.603272450512, 470.9225486161358, 168.02366858530513]","[-3155.4791822037605, 1276.6091895968386, 470.9225486161704, 168.02366858530695]"
407,Robot,"[-3037.748545049715, 1318.6151067431651, 0, 0]","[-2920.01790789567, 1360.6210238894917, 470.9225486161813, 168.02366858530604]","[-2802.2872707416245, 1402.6269410358182, 470.9225486161813, 168.02366858530604]","[-2682.29098015946, 1433.3909076924458, 479.9851623286577, 123.05586662651058]","[-2557.4801760425407, 1440.2657295584634, 499.2432164676775, 27.49928746407022]","[-2432.669371925622, 1447.140551424481, 499.24321646767567, 27.49928746407022]","[-2307.858567808703, 1454.0153732904985, 499.24321646767567, 27.49928746407022]","[-2183.047763691784, 1460.890195156516, 499.24321646767567, 27.49928746407022]","[-2058.236959574865, 1467.7650170225336, 499.2432164676761, 27.499287464070246]","[-1933.4261554579516, 1474.639838888549, 499.24321646765384, 27.499287464062036]","[-1808.615351341038, 1481.5146607545637, 499.24321646765475, 27.499287464058398]","[-1683.804547224125, 1488.3894826205783, 499.243216467652, 27.499287464058398]","[-1558.9937431072117, 1495.2643044865931, 499.2432164676529, 27.499287464059307]","[-1434.1829389902985, 1502.1391263526075, 499.2432164676529, 27.49928746405749]","[-1309.3721348733852, 1509.0139482186223, 499.2432164676529, 27.499287464059307]","[-1184.561330756472, 1515.8887700846371, 499.2432164676529, 27.499287464059307]"
408,Robot,"[-1059.7505266395588, 1522.7635919506515, 0, 0]","[-934.9397225226456, 1529.6384138166663, 499.2432164676525, 27.499287464059307]","[-810.1289184057323, 1536.5132356826812, 499.2432164676534, 27.499287464059307]","[-685.3181142888191, 1543.3880575486958, 499.2432164676529, 27.499287464058398]","[-560.5073101719058, 1550.2628794147106, 499.2432164676529, 27.499287464059307]","[-435.6965060549926, 1557.1377012807252, 499.2432164676529, 27.499287464058398]","[-310.88570193807936, 1564.0125231467398, 499.2432164676529, 27.499287464058398]","[-186.07489782116613, 1570.8873450127546, 499.2432164676529, 27.499287464059307]","[-61.2640937042527, 1577.7621668787692, 499.2432164676542, 27.499287464058423]","[63.54671041266088, 1584.636988744784, 499.2432164676543, 27.499287464059307]","[188.35751452957427, 1591.5118106107986, 499.2432164676536, 27.499287464058398]","[313.16831864648753, 1598.3866324768132, 499.24321646765304, 27.499287464058398]","[437.9791227634008, 1605.261454342828, 499.24321646765316, 27.499287464059307]","[562.789926880314, 1612.136276208843, 499.2432164676529, 27.499287464059307]","[687.6007309972273, 1619.0110980748573, 499.2432164676529, 27.49928746405749]","[812.4115351141405, 1625.885919940872, 499.2432164676529, 27.499287464059307]"
409,Robot,"[937.2223392310538, 1632.7607418068867, 0, 0]","[1044.0236528681537, 1610.3559346714455, 427.2052545483998, -89.61922854176464]","[1151.8128226697377, 1662.496286557408, 431.15667920633587, 208.56140754384978]","[1251.8985557987369, 1721.4169423671678, 400.34293251599684, 235.68262323903946]","[1317.4412763035723, 1827.781386588324, 262.17088201934166, 425.45777688462476]","[1381.6346149616063, 1931.029725931728, 256.77335463213603, 412.99335737361616]","[1477.6438558180068, 1991.296188168659, 384.03696342560215, 241.06584894772368]","[1578.2427419378923, 2031.8202050053144, 402.39554447954197, 162.09606734662157]","[1642.4109774687515, 2138.909607399318, 256.672942123437, 428.357609576014]","[1696.5369578030886, 2249.3757080700875, 216.5039213373484, 441.8644026830789]","[1791.5112786523189, 2261.0375831584383, 379.897283396921, 46.6475003534033]","[1907.020737231948, 2213.2613863797, 462.0378343185166, -191.10478711495307]","[2022.5301958115767, 2165.485189600961, 462.0378343185148, -191.1047871149567]","[2138.0396543912066, 2117.708992822222, 462.03783431851934, -191.1047871149549]","[2253.549112970836, 2069.9327960434834, 462.03783431851843, -191.1047871149549]","[2369.058571550465, 2022.1565992647447, 462.0378343185148, -191.1047871149549]"
410,Robot,"[2484.568030130094, 1974.380402486006, 0, 0]","[2600.077488709723, 1926.6042057072675, 462.0378343185166, -191.10478711495398]","[2715.5869472893523, 1878.8280089285288, 462.0378343185166, -191.1047871149549]","[2836.042979379624, 1875.011728310241, 481.82412836108597, -15.265122473150768]","[2959.281459069632, 1895.922900532208, 492.95391876003305, 83.64468888786723]","[3082.5199387596394, 1916.8340727541747, 492.9539187600294, 83.64468888786723]","[3205.7584184496477, 1937.7452449761415, 492.95391876003305, 83.64468888786723]","[3328.996898139655, 1958.6564171981088, 492.9539187600294, 83.64468888786905]","[3452.235377829663, 1979.5675894200756, 492.9539187600317, 83.6446888878673]","[3575.4738575196707, 2000.4787616420424, 492.95391876003123, 83.64468888786723]","[3698.7123372096794, 2021.389933864009, 492.95391876003487, 83.64468888786632]","[3821.9508168996863, 2042.301106085976, 492.9539187600276, 83.64468888786814]","[3945.189296589694, 2063.21227830794, 492.95391876003123, 83.64468888785541]","[4068.427776279702, 2084.123450529903, 492.95391876003123, 83.64468888785268]","[4191.66625596971, 2105.034622751866, 492.95391876003123, 83.64468888785268]","[4314.9047356597175, 2125.9457949738294, 492.95391876003123, 83.64468888785268]"
411,Robot,"[4438.143215349725, 2146.8569671957925, 0, 0]","[4561.381695039733, 2167.768139417756, 492.95391876003123, 83.6446888878545]","[4684.620174729741, 2188.679311639719, 492.95391876003123, 83.64468888785086]","[4807.858654419749, 2209.590483861682, 492.95391876003123, 83.64468888785268]","[4931.097134109757, 2230.501656083645, 492.95391876003123, 83.64468888785086]","[5054.335613799764, 2251.4128283056125, 492.95391876003123, 83.64468888787087]","[5177.574093489772, 2272.324000527582, 492.95391876003123, 83.64468888787815]","[5300.81257317978, 2293.235172749552, 492.95391876003123, 83.64468888787997]","[5424.051052869788, 2314.1463449715216, 492.9539187600317, 83.64468888787822]","[5547.289532559796, 2335.0575171934915, 492.95391876003123, 83.64468888787997]","[5670.528012249803, 2355.968689415461, 492.95391876003123, 83.64468888787815]","[5793.766491939811, 2376.879861637431, 492.95391876003123, 83.64468888787997]","[5917.004971629819, 2397.7910338594006, 492.95391876003123, 83.64468888787815]","[6040.243451319827, 2418.7022060813706, 492.95391876003123, 83.64468888787997]","[6162.057831223649, 2445.809612145428, 487.2575196152902, 108.42962425623045]","[6282.059720490509, 2480.8031340085054, 480.00755706743803, 139.9740874523086]"
412,Robot,"[6402.061609757368, 2515.796655871583, 0, 0]","[6522.063499024228, 2550.7901777346606, 480.00755706743803, 139.9740874523104]","[6642.065388291087, 2585.783699597739, 480.00755706743803, 139.97408745231405]","[6762.067277557947, 2620.7772214608194, 480.00755706743803, 139.97408745232133]","[6882.069166824806, 2655.7707433239, 480.00755706743803, 139.97408745232315]","[7002.071056091666, 2690.7642651869805, 480.00755706743803, 139.97408745232133]","[7122.072945358525, 2725.757787050061, 480.00755706743803, 139.97408745232133]","[7242.074834625385, 2760.751308913141, 480.00755706743803, 139.97408745232133]","[7362.076723892244, 2795.744830776222, 480.0075570674385, 139.97408745232326]","[7482.078613159104, 2830.7383526393023, 480.00755706743803, 139.97408745232133]","[7602.0805024259635, 2865.7318745023827, 480.00755706743803, 139.97408745232133]","[7722.082391692823, 2900.7253963654634, 480.00755706743803, 139.97408745232315]","[7657.924459621549, 2889.5345954273944, -256.63172828509414, -44.76320375227624]","[7535.610794496129, 2863.759271499489, -489.25466050168325, -103.10129571162179]","[7413.297129370708, 2837.9839475715835, -489.25466050168325, -103.10129571162179]","[7290.983464245287, 2812.208623643678, -489.25466050168325, -103.10129571162179]"
413,Robot,"[7168.669799119866, 2786.4332997157726, 0, 0]","[7046.356133994445, 2760.657975787867, -489.25466050168325, -103.10129571162179]","[6924.042468869025, 2734.8826518599585, -489.25466050168325, -103.10129571163452]","[6801.728803743604, 2709.1073279320453, -489.25466050168325, -103.10129571165271]","[6679.415138618183, 2683.332004004132, -489.25466050168325, -103.10129571165271]","[6557.101473492762, 2657.556680076219, -489.25466050168325, -103.10129571165271]","[6434.787808367341, 2631.781356148306, -489.25466050168325, -103.10129571165271]","[6312.4741432419205, 2606.0060322203926, -489.25466050168325, -103.10129571165271]","[6190.1604781165, 2580.2307082924794, -489.2546605016837, -103.1012957116528]","[6067.846812991079, 2554.4553843645663, -489.25466050168325, -103.10129571165271]","[5945.533147865658, 2528.680060436653, -489.25466050168325, -103.10129571165271]","[5823.219482740237, 2502.90473650874, -489.25466050168325, -103.10129571165271]","[5700.905817614816, 2477.129412580827, -489.25466050168325, -103.10129571165089]","[5578.592152489396, 2451.354088652914, -489.25466050168325, -103.10129571165271]","[5456.278487363975, 2425.578764725001, -489.25466050168325, -103.10129571165271]","[5333.964822238554, 2399.803440797088, -489.25466050168325, -103.10129571165089]"
414,Robot,"[5211.651157113133, 2374.0281168691745, 0, 0]","[5089.337491987712, 2348.2527929412613, -489.25466050168325, -103.10129571165271]","[4967.023826862292, 2322.477469013348, -489.25466050168325, -103.10129571165271]","[4844.710161736871, 2296.702145085435, -489.25466050168325, -103.10129571165271]","[4722.39649661145, 2270.9268211575218, -489.25466050168325, -103.10129571165271]","[4601.799376645399, 2244.492648542572, -482.38847986420296, -105.73669045979841]","[4501.41013900072, 2192.2724888062507, -401.5569505787171, -208.88063894528568]","[4395.714040451596, 2138.34299615887, -422.7843941964966, -215.71797058952325]","[4272.378028160258, 2118.014984154, -493.3440491653532, -81.3120480194794]","[4167.949886418939, 2063.7353597809065, -417.71256696527416, -217.11849749237444]","[4101.748987185326, 1958.6053191164103, -264.8035969344528, -420.52016265798466]","[4045.836547836792, 1852.769343319064, -223.64975739413603, -423.34390318938495]","[3960.166513844507, 1790.7357688361, -342.6801359691399, -248.13429793185605]","[3895.8263426260337, 1705.5441539678543, -257.36068487389275, -340.7664594729831]","[3904.587937276938, 1608.2375534489004, 35.046378603617995, -389.2264020758157]","[4007.733303821336, 1537.6349422129274, 412.5814661775912, -282.4104449438919]"
415,Robot,"[4108.133013957615, 1463.2162551877443, 0, 0]","[4033.7986952121855, 1482.5114807321406, -297.3372749817172, 77.18090217758527]","[3918.388176690081, 1530.5261890459217, -461.64207408841867, 192.05883325512423]","[3802.977658167972, 1578.5408973597025, -461.64207408843504, 192.05883325512332]","[3687.5671396458592, 1626.5556056734831, -461.6420740884514, 192.0588332551224]","[3572.1566211237478, 1674.570313987264, -461.64207408844595, 192.05883325512332]","[3456.746102601636, 1722.5850223010448, -461.64207408844777, 192.05883325512332]","[3341.335584079523, 1770.5997306148256, -461.6420740884514, 192.05883325512332]","[3225.281954335903, 1774.2363496125092, -464.214518974481, 14.54647599073452]","[3108.58138952806, 1729.448201922189, -466.80225923137186, -179.15259076128132]","[2991.880824720217, 1684.660054231868, -466.80225923137186, -179.15259076128405]","[2875.180259912374, 1639.8719065415476, -466.80225923137186, -179.15259076128132]","[2758.479695104531, 1595.083758851227, -466.80225923137186, -179.15259076128223]","[2641.779130296688, 1550.2956111609064, -466.80225923137186, -179.15259076128223]","[2525.078565488845, 1505.507463470586, -466.80225923137186, -179.15259076128223]","[2408.378000681002, 1460.719315780265, -466.80225923137186, -179.15259076128314]"
416,Robot,"[2291.677435873159, 1415.9311680899448, 0, 0]","[2174.976871065316, 1371.1430203996242, -466.80225923137186, -179.15259076128223]","[2058.276306257473, 1326.3548727093043, -466.80225923137186, -179.1525907612795]","[1941.575741449625, 1281.5667250189858, -466.8022592313928, -179.15259076127404]","[1824.8751766417763, 1236.778577328667, -466.8022592313946, -179.15259076127495]","[1708.1746118339277, 1191.9904296383484, -466.8022592313946, -179.15259076127495]","[1591.474047026079, 1147.2022819480298, -466.8022592313946, -179.15259076127404]","[1474.7734822182304, 1102.414134257711, -466.8022592313946, -179.15259076127495]","[1358.0729174103817, 1057.6259865673924, -466.802259231395, -179.15259076127512]","[1241.372352602533, 1012.837838877074, -466.8022592313946, -179.1525907612736]","[1124.6717877946844, 968.0496911867564, -466.8022592313946, -179.1525907612704]","[1007.9712229868362, 923.2615434964384, -466.8022592313928, -179.15259076127177]","[891.2706581789904, 878.4733958061208, -466.80225923138323, -179.1525907612704]","[774.5700933711446, 833.6852481158031, -466.80225923138323, -179.15259076127086]","[657.8695285632988, 788.8971004254854, -466.80225923138323, -179.15259076127086]","[541.168963755453, 744.1089527351677, -466.80225923138323, -179.15259076127086]"
417,Robot,"[424.4683989476072, 699.32080504485, 0, 0]","[307.76783413976136, 654.5326573545323, -466.80225923138346, -179.15259076127086]","[191.06726933191555, 609.7445096642145, -466.80225923138323, -179.15259076127086]","[74.36670452406958, 564.9563619738968, -466.8022592313839, -179.15259076127086]","[-42.33386028377653, 520.1682142835791, -466.8022592313844, -179.15259076127086]","[-159.0344250916226, 475.3800665932614, -466.8022592313843, -179.15259076127086]","[-275.7349898994684, 430.5919189029437, -466.80225923138323, -179.15259076127086]","[-392.4355547073142, 385.803771212626, -466.80225923138323, -179.15259076127086]","[-509.13611951516, 341.01562352230826, -466.8022592313834, -179.15259076127103]","[-625.8366843230059, 296.22747583199055, -466.8022592313837, -179.15259076127086]","[-742.5372491308517, 251.43932814167283, -466.80225923138323, -179.15259076127086]","[-859.2378139386975, 206.65118045135512, -466.80225923138323, -179.15259076127086]","[-975.9383787465432, 161.8630327610374, -466.8022592313828, -179.15259076127086]","[-1092.6389435543908, 117.07488507071967, -466.8022592313905, -179.15259076127091]","[-1209.3395083622397, 72.28673738040162, -466.8022592313955, -179.15259076127222]","[-1326.040073170088, 27.498589690083463, -466.8022592313928, -179.15259076127262]"
418,Robot,"[-1442.7406379779356, -17.28955800023494, 0, 0]","[-1563.6908902895134, -47.978747447138765, -483.80100924631097, -122.7567577876153]","[-1685.703564477024, -75.143197333189, -488.05069675004233, -108.65779954420091]","[-1807.7162386645343, -102.30764721923931, -488.0506967500414, -108.65779954420128]","[-1929.7289128520447, -129.47209710528946, -488.0506967500414, -108.6577995442006]","[-2051.741587039556, -156.6365469913398, -488.050696750046, -108.65779954420134]","[-2173.7542612270663, -183.80099687739013, -488.0506967500405, -108.65779954420134]","[-2295.766935414577, -210.96544676344047, -488.05069675004233, -108.65779954420134]","[-2417.7796096020875, -238.1298966494908, -488.0506967500428, -108.65779954420144]","[-2539.792283789598, -265.2943465355409, -488.05069675004233, -108.65779954420043]","[-2661.8049579771086, -292.45879642159053, -488.05069675004233, -108.6577995441985]","[-2783.925600097378, -319.04291531251204, -488.48256848107667, -106.33647556368601]","[-2906.4758274119563, -342.1353327658274, -490.2009092583139, -92.36966981326145]","[-3018.765350562257, -290.5660793793601, -449.15809260120295, 206.2770135458693]","[-3140.8469023236657, -268.3809081550796, -488.3262070456349, 88.74068489712181]","[-3261.917118855344, -299.3752487653978, -484.2808661267136, -123.97736244127282]"
419,Robot,"[-3334.51695144613, -262.79819559808533, 0, 0]","[-3291.847502711204, -192.69818057706095, 170.67779493970374, 280.4000600840975]","[-3243.409464256278, -178.51652990404128, 193.75215381970338, 56.7266026920787]","[-3297.280259788478, -224.676243737582, -215.48318212879894, -184.63885533416294]","[-3381.340414101355, -287.229811924156, -336.2406172515075, -250.21427274629605]","[-3398.668118829181, -399.2703948953082, -69.31081891130452, -448.16233188460865]","[-3390.402791215517, -523.8872909567384, 33.06131045465554, -498.4675842457209]","[-3408.4899909137675, -633.518492966827, -72.34879879300206, -438.5248080403544]","[-3449.365763490674, -725.5899387479337, -163.50309030762597, -368.2857831244272]","[-3530.7079641149685, -781.4298887040209, -325.36880249717797, -223.35979982434856]","[-3635.685217265682, -814.9848995073262, -419.9090126028532, -134.2200432132213]","[-3652.559660860602, -924.7747262958447, -67.49777437968078, -439.1593071540742]","[-3649.293513040424, -1043.9422280510294, 13.064591280712193, -476.67000702073847]","[-3720.954453835792, -1098.3823843424768, -286.6437631814715, -217.76062516578986]","[-3795.377442181272, -1112.369863487074, -297.69195338192003, -55.94991657838909]","[-3920.294807280531, -1116.914299278223, -499.66946039703726, -18.177743164595995]"
420,Robot,"[-4045.21217237979, -1121.4587350693723, 0, 0]","[-4165.994885406863, -1141.178943726443, -483.13085210829377, -78.88083462828308]","[-4269.252700524667, -1211.3688828884522, -413.0312604712126, -280.7597566480363]","[-4315.251446255058, -1298.6600601955745, -183.99498292156568, -349.1647092284893]","[-4335.013984243883, -1300.0399632714486, -79.05015195529995, -5.519612303496615]","[-4459.955362741871, -1296.2121781385388, -499.7655139919516, 15.311140531639467]","[-4584.896741239859, -1292.384393005629, -499.7655139919516, 15.311140531639467]","[-4709.838119737847, -1288.556607872719, -499.7655139919516, 15.311140531639467]","[-4834.779498235835, -1284.7288227398092, -499.76551399195205, 15.31114053163948]","[-4959.720876733823, -1280.9010376068993, -499.76551399195523, 15.311140531639467]","[-5084.66225523181, -1277.0732524739894, -499.76551399194796, 15.311140531639467]","[-5209.603633729798, -1273.2454673410796, -499.7655139919516, 15.311140531639467]","[-5334.545012227786, -1269.4176822081697, -499.7655139919516, 15.311140531639467]","[-5459.486390725774, -1265.5898970752598, -499.7655139919516, 15.311140531639467]","[-5584.427769223762, -1261.76211194235, -499.7655139919516, 15.311140531639467]","[-5708.851706940335, -1258.2766656016445, -497.69575086629266, 13.941785362821975]"
421,Robot,"[-5833.791978868261, -1254.412930288046, 0, 0]","[-5958.732250796187, -1250.5491949744478, -499.761087711704, 15.454941254392907]","[-6079.602805345722, -1272.3600211539003, -483.4822181981399, -87.24330471781013]","[-6179.445919769727, -1300.2809733374734, -399.3724576960194, -111.68380873429214]","[-6303.610040681473, -1285.8493733494954, -496.65648364698427, 57.726399951911844]","[-6427.774161593219, -1271.4177733615174, -496.65648364698427, 57.726399951911844]","[-6546.222506572703, -1252.619887764332, -473.7933799179373, 75.19154238874216]","[-6462.939804801827, -1173.8632196278147, 333.1308070835039, 315.02667254606877]","[-6383.156628687168, -1077.7230602809136, 319.1327044586363, 384.56063738760474]","[-6376.736569795457, -966.040413709358, 25.680235566844203, 446.73058628622266]","[-6412.961781353506, -846.5202620847457, -144.90084623219445, 478.080606498449]","[-6492.496636335812, -755.0084719692384, -318.13941992922264, 366.0471604620293]","[-6491.893569119959, -711.7188685140419, 2.4122688634124643, 173.15841382078588]","[-6372.948198904221, -673.2871250687836, 475.78148086295187, 153.7269737810334]","[-6254.002828688483, -634.8553816235252, 475.78148086295187, 153.7269737810334]","[-6135.057458472745, -596.4236381782669, 475.78148086295187, 153.7269737810334]"
422,Robot,"[-6016.112088257007, -557.9918947330085, 0, 0]","[-5897.166718041269, -519.5601512877502, 475.78148086295187, 153.7269737810334]","[-5778.221347825531, -481.1284078424918, 475.78148086295187, 153.7269737810334]","[-5659.275977609793, -442.6966643972335, 475.78148086295187, 153.72697378103317]","[-5540.330607394055, -404.2649209519751, 475.78148086295187, 153.72697378103362]","[-5421.385237178317, -365.8331775067168, 475.78148086295187, 153.72697378103317]","[-5302.439866962579, -327.4014340614584, 475.78148086295187, 153.72697378103362]","[-5183.494496746841, -288.96969061620007, 475.78148086295187, 153.7269737810334]","[-5064.549126531103, -250.5379471709417, 475.78148086295226, 153.72697378103365]","[-4945.603756315365, -212.10620372568337, 475.78148086295187, 153.72697378103328]","[-4833.706412139806, -171.3903604576968, 447.5893767022353, 162.86337307194628]","[-4726.9955172374775, -109.58417645158676, 426.8435796093145, 247.22473602444018]","[-4617.49163219665, -49.52399511718282, 438.0155401633092, 240.24072533761574]","[-4590.579299451845, 24.61323337067502, 107.6493309792204, 296.54891395143136]","[-4507.875741542942, 36.289708894711886, 330.8142316356134, 46.70590209614747]","[-4587.164583314483, 117.45596684113596, -317.1553670861649, 324.6650317856963]"
423,Robot,"[-4711.346064892491, 131.4775657836557, 0, 0]","[-4832.822848641929, 160.12976227115075, -485.907134997753, 114.60878594998019]","[-4925.559428531019, 237.9879392828116, -370.9463195563585, 311.43270804664337]","[-5046.800893512146, 264.9221723062126, -484.96585992450855, 107.73693209360397]","[-5171.450482129609, 267.04856899331355, -498.59835446985016, 8.505586748403857]","[-5243.923325584248, 192.25927328968817, -289.89137381855835, -299.15718281450154]","[-5196.877709224808, 83.90437050561162, 188.18246543775967, -433.4196111363062]","[-5072.472837642935, 96.08747055025682, 497.6194863274941, 48.732400178580804]","[-4948.067966061061, 108.27057059490204, 497.61948632749454, 48.7324001785809]","[-4823.663094479188, 120.45367063954748, 497.6194863274941, 48.73240017858177]","[-4699.258222897314, 132.636770684193, 497.6194863274941, 48.73240017858211]","[-4574.853351315441, 144.81987072883857, 497.6194863274941, 48.732400178582225]","[-4450.448479733567, 157.00297077348412, 497.6194863274941, 48.732400178582225]","[-4326.043608151694, 169.18607081812968, 497.6194863274941, 48.732400178582225]","[-4201.63873656982, 181.36917086277523, 497.6194863274941, 48.732400178582225]","[-4077.2338649879466, 193.5522709074208, 497.6194863274941, 48.732400178582225]"
424,Robot,"[-3952.828993406073, 205.73537095206635, 0, 0]","[-3828.4241218242, 217.9184709967119, 497.61948632749227, 48.732400178582225]","[-3705.4388171790624, 240.07235753728853, 491.9412185805504, 88.61554616230649]","[-3582.57695313712, 263.09326899055503, 491.4474561677689, 92.08364581306603]","[-3459.715089095177, 286.114180443822, 491.44745616777254, 92.08364581306796]","[-3336.8532250532344, 309.13509189708844, 491.4474561677707, 92.08364581306569]","[-3213.991361011292, 332.15600335035464, 491.4474561677689, 92.08364581306478]","[-3091.6529220742464, 354.96954729750803, 489.3537557481832, 91.25417578861357]","[-2989.68405549594, 356.8532399538253, 407.8754663132262, 7.534770625269182]","[-2871.906265335387, 332.4122287825266, 471.11116064221096, -97.7640446851949]","[-2753.953760732371, 307.88630781892795, 471.8100184120649, -98.1036838543946]","[-2636.4328134120465, 283.3985003040935, 470.08378928129787, -97.95123005933783]","[-2519.3836238290914, 258.95235658610017, 468.1967583318201, -97.78457487197329]","[-2402.850634842005, 234.55180168425545, 466.1319559483454, -97.60221960737886]","[-2286.882993821743, 210.2011761019925, 463.87056408104763, -97.4025023290518]","[-2171.5350549951363, 185.9052801918756, 461.3917553064275, -97.18358364046765]"
425,Robot,"[-2056.8669205059614, 161.6694219399949, 0, 0]","[-1937.6536464103224, 188.93954320457848, 476.85309638255603, 109.08048505833438]","[-1818.11472112968, 225.4832888082856, 478.15570112256955, 146.1749824148285]","[-1698.575795849038, 262.0270344119928, 478.15570112256773, 146.17498241482883]","[-1579.036870568396, 298.5707800156999, 478.15570112256864, 146.17498241482826]","[-1459.4979452877535, 335.114525619407, 478.15570112256955, 146.1749824148285]","[-1339.9590200071116, 371.6582712231141, 478.15570112256773, 146.1749824148285]","[-1220.4200947264694, 408.2020168268213, 478.15570112256864, 146.17498241482872]","[-1100.8811694458273, 444.7457624305284, 478.15570112256904, 146.1749824148284]","[-981.342244165184, 481.2895080342355, 478.1557011225732, 146.1749824148285]","[-861.8033188845391, 517.8332536379428, 478.15570112257956, 146.17498241482917]","[-742.2643936038941, 554.3769992416513, 478.15570112258, 146.17498241483418]","[-622.7254683232491, 590.9207448453599, 478.15570112258, 146.17498241483418]","[-503.18654304260406, 627.4644904490684, 478.15570112258, 146.17498241483418]","[-383.6476177619591, 664.0082360527766, 478.1557011225798, 146.1749824148328]","[-264.10869248131405, 700.5519816564838, 478.15570112258024, 146.17498241482872]"
426,Robot,"[-144.56976720066973, 737.0957272601909, 0, 0]","[-25.030841920025125, 773.6394728638979, 478.1557011225784, 146.17498241482826]","[94.50808336061952, 810.1832184676051, 478.1557011225786, 146.17498241482872]","[214.04700864126391, 846.7269640713122, 478.15570112257757, 146.17498241482826]","[333.5859339219087, 883.2707096750194, 478.1557011225791, 146.17498241482872]","[453.1248592025537, 919.8144552787264, 478.15570112258, 146.17498241482826]","[572.6637844831987, 956.3582008824338, 478.15570112258, 146.17498241482963]","[692.2027097638437, 992.901946486141, 478.15570112258, 146.17498241482872]","[811.7416350444887, 1029.445692089848, 478.1557011225804, 146.1749824148284]","[931.2805603251336, 1065.9894376935538, 478.15570112257956, 146.1749824148228]","[1051.581881733238, 1099.7154491326994, 481.20528563241805, 134.9040457565825]","[1173.2385740346035, 1128.432155390405, 486.62676920546164, 114.86682503082193]","[1294.8952663359696, 1157.1488616481104, 486.62676920546437, 114.86682503082193]","[1416.5519586373357, 1185.865567905816, 486.62676920546437, 114.86682503082284]","[1538.208650938701, 1214.582274163521, 486.62676920546164, 114.86682503082011]","[1659.8653432400672, 1243.2989804212268, 486.62676920546437, 114.86682503082284]"
427,Robot,"[1781.522035541433, 1272.0156866789323, 0, 0]","[1903.178727842799, 1300.7323929366378, 486.62676920546346, 114.86682503082193]","[2024.8354201441648, 1329.4490991943433, 486.62676920546346, 114.86682503082193]","[2146.492112445526, 1358.1658054520487, 486.62676920544436, 114.86682503082193]","[2268.148804746886, 1386.8825117097542, 486.6267692054407, 114.86682503082193]","[2389.8054970482463, 1415.5992179674597, 486.6267692054407, 114.86682503082193]","[2509.2382411084227, 1443.523668647608, 477.7309762407058, 111.69780272059324]","[2630.758038504127, 1471.5436647399376, 486.079189582817, 112.07998436931848]","[2751.4433212828203, 1457.203328376447, 482.7411311147739, -57.36134545396276]","[2868.878551783943, 1415.0391140992251, 469.74092200449013, -168.65685710888738]","[2987.473475069944, 1412.966118085891, 474.3796931440047, -8.291984053336819]","[3107.807723777355, 1446.7990693024522, 481.336994829644, 135.33180486624497]","[3228.141972484766, 1480.6320205190136, 481.336994829644, 135.33180486624588]","[3348.476221192177, 1514.464971735575, 481.336994829644, 135.33180486624588]","[3468.810469899588, 1548.2979229521386, 481.336994829644, 135.33180486625406]","[3589.144718606999, 1582.1308741687023, 481.336994829644, 135.33180486625497]"
428,Robot,"[3709.47896731441, 1615.963825385266, 0, 0]","[3829.813216021821, 1649.7967766018296, 481.336994829644, 135.33180486625406]","[3950.147464729232, 1683.6297278183931, 481.336994829644, 135.33180486625406]","[4070.481713436643, 1717.462679034957, 481.336994829644, 135.33180486625588]","[4190.815962144063, 1751.295630251523, 481.3369948296786, 135.33180486626406]","[4311.150210851485, 1785.12858146809, 481.3369948296895, 135.3318048662677]","[4431.484459558908, 1818.9615326846567, 481.33699482969314, 135.3318048662668]","[4551.81870826633, 1852.794483901224, 481.33699482968586, 135.33180486626952]","[4672.152956973752, 1886.6274351177904, 481.33699482968996, 135.3318048662651]","[4780.800392753864, 1926.9145435957037, 434.58974312044666, 161.14843391165323]","[4864.240367722283, 1934.760734898446, 333.75989987367575, 31.384765210968908]","[4958.129448882158, 1898.8560141659575, 375.5563246394995, -143.61888292995354]","[5011.850328117782, 1858.6151558832548, 214.8835169424965, -160.9634331308107]","[4957.332165284924, 1862.4928430686011, -218.072651331433, 15.510748741385214]","[4836.631479078704, 1894.4853710398456, -482.8027448248795, 127.970111884978]","[4807.109367976057, 1790.949404013482, -118.08844441058682, -414.1438681054542]"
429,Robot,"[4755.5815183670775, 1679.097712449984, 0, 0]","[4673.931352115928, 1585.9253864852692, -326.6006650045965, -372.6893038588596]","[4597.845916120215, 1567.0636657570794, -304.34174398285177, -75.44688291275907]","[4597.845916120215, 1567.0636657570794, 0.0, 0.0]","[4597.845916120215, 1567.0636657570794, 0.0, 0.0]","[4597.845916120215, 1567.0636657570794, 0.0, 0.0]","[4629.676837436724, 1581.5777591407125, 127.32368526603386, 58.05637353453221]","[4742.758848895411, 1634.8455607140677, 452.3280458347472, 213.0712062934208]","[4855.8408603540975, 1688.113362287423, 452.32804583474757, 213.071206293421]","[4968.922871812784, 1741.381163860778, 452.3280458347472, 213.0712062934208]","[5081.608936737642, 1795.34050684591, 450.7442596994297, 215.8373719405281]","[5151.094637347064, 1897.019245744547, 277.94280243769026, 406.714955594548]","[5214.136439537288, 1993.2820287149557, 252.16720876089676, 385.0511318816343]","[5315.330371449852, 1944.240785770517, 404.7757276502525, -196.16497177775454]","[5395.757322643698, 1848.7509420600493, 321.70780477538574, -381.95937484187107]","[5465.278667716872, 1744.9214398243553, 278.08538029269766, -415.31800894277603]"
430,Robot,"[5539.4721934503, 1666.172714130161, 0, 0]","[5602.560210875313, 1589.1018603003654, 252.35206970004947, -308.2834153191825]","[5674.586353928905, 1568.8637294495231, 288.1045722143681, -80.95252340336901]","[5744.447424224924, 1672.519075944981, 279.44428118407814, 414.62138598183174]","[5814.308494520948, 1776.174422440439, 279.4442811840963, 414.62138598183174]","[5884.16956481698, 1879.829768935897, 279.44428118412543, 414.62138598183174]","[5954.030635113012, 1983.4851154313549, 279.44428118412907, 414.62138598183174]","[6035.335307357722, 2072.470102757233, 325.21868897883905, 355.93994930351164]","[6152.878052439909, 2114.9989527127777, 470.17098032874895, 170.11539982217997]","[6270.420797522096, 2157.5278026683227, 470.17098032874856, 170.11539982217982]","[6387.963542604283, 2200.056652623868, 470.17098032874856, 170.11539982218164]","[6505.50628768647, 2242.5855025794126, 470.17098032874856, 170.115399822178]","[6623.0490327686575, 2285.1143525349576, 470.17098032874856, 170.11539982217982]","[6740.591777850845, 2327.6432024905025, 470.17098032874856, 170.11539982217982]","[6858.134522933032, 2370.1720524460475, 470.17098032874856, 170.11539982217982]","[6975.677268015219, 2412.7009024015924, 470.17098032874856, 170.11539982217982]"
431,Robot,"[7093.220013097406, 2455.2297523571374, 0, 0]","[7210.762758179593, 2497.7586023126823, 470.17098032874856, 170.11539982217982]","[7328.30550326178, 2540.2874522682278, 470.17098032874856, 170.11539982218164]","[7445.848248343967, 2582.8163022237723, 470.1709803287449, 170.115399822178]","[7563.390993426155, 2625.345152179317, 470.1709803287522, 170.11539982217982]","[7680.933738508342, 2667.874002134862, 470.17098032874856, 170.11539982217982]","[7781.275640602557, 2700.7395386945686, 401.36760837686234, 131.46214623882588]","[7683.8078483351, 2622.4769712021325, -389.8711690698292, -313.0502699697445]","[7586.340056067643, 2544.2144037096964, -389.87116906982953, -313.05026996974476]","[7488.8722638001855, 2465.9518362172603, -389.8711690698292, -313.0502699697445]","[7391.404471532728, 2387.689268724824, -389.8711690698292, -313.0502699697445]","[7293.936679265271, 2309.426701232388, -389.8711690698292, -313.0502699697445]","[7196.468886997814, 2231.164133739952, -389.8711690698292, -313.0502699697445]","[7099.001094730356, 2152.901566247516, -389.8711690698292, -313.0502699697445]","[7001.533302462899, 2074.63899875508, -389.8711690698292, -313.05026996974266]","[6904.065510195442, 1996.376431262644, -389.8711690698292, -313.0502699697445]"
432,Robot,"[6806.597717927984, 1918.1138637702063, 0, 0]","[6709.129925660527, 1839.8512962777647, -389.8711690698292, -313.0502699697663]","[6611.66213339307, 1761.588728785323, -389.8711690698292, -313.0502699697672]","[6514.1943411256125, 1683.3261612928811, -389.8711690698292, -313.0502699697672]","[6416.726548858155, 1605.063593800439, -389.8711690698292, -313.0502699697681]","[6319.258756590698, 1526.8010263079975, -389.8711690698292, -313.0502699697663]","[6218.837531192584, 1453.5797401716882, -401.6849015924563, -292.8851445452374]","[6102.910781858522, 1406.8251811550742, -463.7069973362486, -187.01823606645576]","[5986.98403252446, 1360.0706221384603, -463.70699733624537, -187.01823606645593]","[5871.057283190397, 1313.3160631218464, -463.70699733625224, -187.01823606645576]","[5755.130533856335, 1266.5615041052324, -463.7069973362486, -187.01823606645576]","[5639.203784522273, 1219.8069450886185, -463.7069973362486, -187.01823606645576]","[5523.277035188211, 1173.0523860720043, -463.7069973362486, -187.01823606645667]","[5407.350285854149, 1126.2978270553906, -463.7069973362486, -187.01823606645485]","[5291.423536520087, 1079.543268038777, -463.7069973362486, -187.01823606645485]","[5175.496787186024, 1032.7887090221627, -463.7069973362486, -187.01823606645667]"
433,Robot,"[5067.442300909496, 970.306655233884, 0, 0]","[4957.001637159285, 911.9714454433872, -441.7626550008463, -233.34083916198733]","[4863.018931884836, 836.6151600692516, -375.93082109779425, -301.42514149654244]","[4746.372114768793, 791.6872171306463, -466.58726846417267, -179.71177175442108]","[4629.72529765275, 746.7592741920411, -466.58726846417267, -179.71177175442108]","[4513.078480536707, 701.8313312534358, -466.58726846417267, -179.71177175442108]","[4396.431663420663, 656.9033883148305, -466.58726846417267, -179.71177175442108]","[4279.78484630462, 611.9754453762253, -466.58726846417267, -179.71177175442108]","[4163.138029188577, 567.04750243762, -466.58726846417306, -179.71177175442125]","[4046.491212072529, 522.1195594990147, -466.5872684641927, -179.71177175442108]","[3929.8443949564735, 477.19161656040944, -466.5872684642218, -179.71177175442108]","[3813.19757784042, 432.2636736218042, -466.5872684642145, -179.71177175442108]","[3696.550760724365, 387.3357306831989, -466.58726846421996, -179.71177175442108]","[3579.903943608311, 342.40778774459363, -466.5872684642163, -179.71177175442108]","[3463.257126492256, 297.4798448059884, -466.58726846421996, -179.71177175442085]","[3346.6103093762017, 252.5519018673831, -466.5872684642163, -179.7117717544213]"
434,Robot,"[3229.963492260147, 207.62395892877785, 0, 0]","[3113.3166751440926, 162.69601599017255, -466.58726846421814, -179.7117717544212]","[2996.669858028038, 117.7680730515672, -466.58726846421814, -179.71177175442142]","[2880.023040911984, 72.84013011296157, -466.5872684642163, -179.7117717544225]","[2763.376223795929, 27.91218717435594, -466.58726846421996, -179.71177175442256]","[2646.7294066798745, -17.015755764249803, -466.58726846421814, -179.71177175442295]","[2530.08258956382, -61.943698702855606, -466.58726846421814, -179.7117717544232]","[2413.435772447765, -106.87164164146158, -466.58726846421996, -179.7117717544239]","[2296.788955331711, -151.79958458006757, -466.5872684642167, -179.71177175442415]","[2180.1421382156564, -196.72752751867355, -466.58726846421814, -179.71177175442392]","[2063.495321099602, -241.65547045727985, -466.58726846421814, -179.71177175442517]","[1946.8485039835523, -286.5834133958865, -466.58726846419813, -179.71177175442665]","[1830.2016868675037, -331.5113563344932, -466.5872684641945, -179.71177175442676]","[1713.5548697514546, -376.4392992730999, -466.5872684641963, -179.71177175442676]","[1596.9080526354055, -421.3672422117055, -466.5872684641963, -179.71177175442244]","[1480.261235519357, -466.2951851503108, -466.5872684641945, -179.71177175442108]"
435,Robot,"[1363.7507387706553, -511.5585984293442, 0, 0]","[1263.0350406008415, -584.9842997593635, -402.8627926792551, -293.702805320077]","[1149.1718457789952, -628.8125310701528, -455.45277928738506, -175.31292524315722]","[1024.319013777234, -634.8763863734856, -499.4113280070451, -24.255421213331374]","[899.4826639076409, -641.2062957472655, -499.3453994783722, -25.319637495119423]","[782.0567365765024, -682.2815096797125, -469.703709324554, -164.30085572978805]","[659.4885081609206, -700.8796085192573, -490.2729136623275, -74.39239535817933]","[534.5841559886693, -705.7686583686619, -499.61740868900506, -19.556199397618457]","[409.6798038164168, -710.6577082180665, -499.6174086890105, -19.556199397618474]","[284.7754516441641, -715.5467580674712, -499.61740868901074, -19.556199397618457]","[159.87109947191146, -720.4358079168758, -499.6174086890105, -19.556199397618457]","[35.95337331308752, -726.1793468274959, -495.67090463529576, -22.974155642480582]","[-77.13944130033687, -746.1327961398672, -452.3712584536976, -79.8137972494851]","[-192.9901050893704, -783.3363575416289, -463.4026551561341, -148.81424560704681]","[-312.3808900687309, -820.3601440394718, -477.56313991744196, -148.09514599137174]","[-431.61487177405945, -857.8863341850736, -476.9359268213143, -150.10476058240693]"
436,Robot,"[-550.6065601065793, -896.1735666894277, 0, 0]","[-669.2844264671534, -935.4221889048872, -474.71146544229623, -156.9944888618379]","[-787.5339056954165, -975.942016165818, -472.99791691305245, -162.07930904372324]","[-905.145556708812, -1018.2744690838626, -470.4466040535822, -169.3298116721785]","[-1021.6225898789464, -1063.622749261307, -465.9081326805376, -181.39312070977758]","[-1133.6107036557355, -1118.6758050825358, -447.9524551071563, -220.21222328491513]","[-1255.6455473855838, -1133.2993573651563, -488.13937491939305, -58.49420913048198]","[-1380.3200964512914, -1124.285101141699, -498.6981962628306, 36.05702489382929]","[-1504.994645516999, -1115.2708449182414, -498.69819626283106, 36.05702489383024]","[-1629.6691945827067, -1106.256588694784, -498.6981962628306, 36.05702489382929]","[-1754.3437436484144, -1097.2423324713263, -498.6981962628306, 36.05702489383111]","[-1879.018292714122, -1088.2280762478688, -498.6981962628306, 36.0570248938302]","[-2003.6928417798297, -1079.2138200244112, -498.6981962628306, 36.0570248938302]","[-2128.3673908455376, -1070.1995638009537, -498.6981962628315, 36.0570248938302]","[-2253.041939911245, -1061.185307577496, -498.6981962628306, 36.05702489383111]","[-2377.716488976953, -1052.1710513540386, -498.6981962628306, 36.05702489382929]"
437,Robot,"[-2502.3910380426605, -1043.156795130581, 0, 0]","[-2627.065587108368, -1034.1425389071237, -498.6981962628306, 36.05702489382929]","[-2751.740136174076, -1025.128282683666, -498.6981962628306, 36.05702489383111]","[-2876.4146852397835, -1016.1140264602108, -498.6981962628306, 36.05702489382065]","[-3001.089234305491, -1007.0997702367562, -498.6981962628306, 36.05702489381838]","[-3125.7637833711988, -998.0855140133016, -498.6981962628306, 36.05702489381838]","[-3250.4383324369064, -989.0712577898468, -498.6981962628306, 36.05702489381929]","[-3375.112881502614, -980.057001566392, -498.6981962628306, 36.057024893818834]","[-3499.7874305683217, -971.0427453429372, -498.69819626283106, 36.057024893819325]","[-3624.461979634029, -962.0284891194826, -498.6981962628288, 36.05702489381838]","[-3749.136528699737, -953.014232896028, -498.6981962628324, 36.05702489381838]","[-3873.8110777654447, -943.9999766725732, -498.6981962628306, 36.05702489381929]","[-3998.485626831152, -934.9857204491184, -498.6981962628288, 36.05702489381929]","[-4123.16017589686, -925.9714642256638, -498.6981962628324, 36.05702489381838]","[-4248.019121207663, -924.6813781768952, -499.43578124321357, 5.160344195074231]","[-4372.981789406331, -927.7361378513876, -499.85067279466966, -12.219038697969609]"
438,Robot,"[-4497.944457604999, -930.79089752588, 0, 0]","[-4622.907125803667, -933.8456572003724, -499.8506727946733, -12.219038697969609]","[-4747.869794002336, -936.9004168748648, -499.8506727946733, -12.219038697969609]","[-4872.832462201004, -939.9551765493572, -499.8506727946733, -12.219038697969609]","[-4997.795130399672, -943.0099362238508, -499.8506727946733, -12.219038697974156]","[-5122.757798598341, -946.0646958983446, -499.8506727946733, -12.219038697975066]","[-5247.720466797009, -949.1194555728384, -499.8506727946733, -12.21903869797552]","[-5372.683134995677, -952.174215247332, -499.8506727946733, -12.219038697974156]","[-5497.645803194346, -955.228974921826, -499.85067279467376, -12.219038697975986]","[-5622.608471393014, -958.2837345963196, -499.8506727946733, -12.21903869797461]","[-5747.571139591682, -961.3384942708134, -499.8506727946733, -12.219038697975066]","[-5872.533807790351, -964.3932539453072, -499.8506727946733, -12.219038697975066]","[-5997.496475989019, -967.4480136198008, -499.8506727946733, -12.21903869797461]","[-6122.450192153229, -970.4464881508372, -499.81486465684065, -11.993898124145744]","[-6247.4127691073645, -973.5049781347255, -499.8503078165413, -12.23395993555323]","[-6372.092582695034, -974.9482343361389, -498.71925435067897, -5.773024805653222]"
439,Robot,"[-6487.544121128313, -940.7902474494936, 0, 0]","[-6611.876086311539, -953.6727390011544, -497.3278607329048, -51.52996620664317]","[-6728.090837501975, -912.5064524775494, -464.85900476174356, 164.66514609441992]","[-6842.052526126229, -861.1491366290929, -455.84675449701535, 205.42926339382575]","[-6955.435440831101, -809.1475307865988, -453.53165881948735, 208.00642336997635]","[-7022.458959429225, -707.2919102954339, -268.0940743924948, 407.4224819646597]","[-7080.891502930471, -612.0195833395798, -233.7301740049843, 381.0893078234167]","[-7189.677016295771, -650.7698981818351, -435.1420534612007, -155.00125936902123]","[-7303.604237424845, -702.205180681392, -455.7088845162984, -205.7411299982279]","[-7417.53145855392, -753.6404631809511, -455.708884516298, -205.74112999823637]","[-7531.458679682994, -805.0757456805109, -455.708884516298, -205.7411299982391]","[-7636.559604498292, -835.31400615275, -420.4036992611909, -120.9530418889567]","[-7719.004585832042, -830.4950213883749, -329.77992533499855, 19.275939057500636]","[-7723.553154655344, -813.3135164558918, -18.194275293208193, 68.72601972993243]","[-7607.339671894676, -767.2762877747738, 464.8539310426713, 184.14891472447198]","[-7491.126189134008, -721.239059093653, 464.8539310426713, 184.1489147244829]"
440,Robot,"[-7374.91270637334, -675.2018304125323, 0, 0]","[-7258.699223612672, -629.1646017314116, 464.85393104267496, 184.1489147244829]","[-7142.485740852005, -583.1273730502909, 464.8539310426677, 184.1489147244829]","[-7026.272258091337, -537.0901443691702, 464.8539310426713, 184.1489147244829]","[-6910.058775330669, -491.05291568804944, 464.8539310426713, 184.1489147244829]","[-6793.845292570001, -445.0156870069274, 464.8539310426713, 184.14891472448812]","[-6677.454041627992, -399.43076785306255, 465.56500376803524, 182.33967661545944]","[-6560.99365861546, -354.02174684868663, 465.8415320501299, 181.63608401750366]","[-6444.533275602928, -308.6127258443107, 465.84153205012666, 181.63608401750383]","[-6328.072892590397, -263.2037048399348, 465.84153205012626, 181.63608401750366]","[-6211.612509577865, -217.79468383555889, 465.84153205012626, 181.63608401750366]","[-6095.152126565334, -172.38566283118297, 465.84153205012626, 181.63608401750366]","[-5978.691743552802, -126.97664182680704, 465.84153205012626, 181.63608401750372]","[-5862.231360540271, -81.56762082243077, 465.8415320501226, 181.63608401750508]","[-5745.770977527739, -36.158599818054434, 465.8415320501299, 181.63608401750534]","[-5629.310594515207, 9.250421186321958, 465.84153205012626, 181.63608401750557]"
441,Robot,"[-5512.850211502676, 54.6594421906984, 0, 0]","[-5396.389828490144, 100.06846319507498, 465.84153205012626, 181.63608401750633]","[-5279.929445477613, 145.4774841994516, 465.84153205012626, 181.63608401750645]","[-5163.469062465081, 190.88650520382825, 465.84153205012626, 181.63608401750662]","[-5047.00867945255, 236.29552620820485, 465.84153205012626, 181.6360840175064]","[-4930.548296440018, 281.7045472125819, 465.84153205012626, 181.6360840175081]","[-4814.087913427487, 327.1135682169592, 465.8415320501226, 181.63608401750935]","[-4697.627530414955, 372.52258922133655, 465.8415320501299, 181.63608401750935]","[-4581.167147402423, 417.9316102257139, 465.84153205012666, 181.63608401750952]","[-4464.706764389892, 463.3406312300912, 465.84153205012626, 181.63608401750935]","[-4348.24638137736, 508.74965223446856, 465.84153205012626, 181.63608401750935]","[-4231.785998364829, 554.1586732388458, 465.84153205012626, 181.63608401750912]","[-4115.325615352297, 599.5676942432232, 465.84153205012626, 181.63608401750935]","[-3998.865232339775, 644.9767152476005, 465.84153205008806, 181.63608401750935]","[-3882.404849327255, 690.3857362519778, 465.8415320500808, 181.63608401750935]","[-3765.944466314735, 735.7947572563552, 465.84153205007897, 181.63608401750935]"
442,Robot,"[-3649.4840833022154, 781.2037782607325, 0, 0]","[-3533.0237002896943, 826.6127992651099, 465.8415320500844, 181.63608401750935]","[-3416.563317277174, 872.0218202694872, 465.8415320500808, 181.63608401750935]","[-3300.102934264654, 917.4308412738644, 465.8415320500808, 181.6360840175089]","[-3183.6425512521337, 962.839862278242, 465.8415320500808, 181.63608401751026]","[-3067.182168239613, 1008.2488832826192, 465.8415320500826, 181.6360840175089]","[-2950.7217852270933, 1053.6579042869964, 465.84153205007897, 181.6360840175089]","[-2834.261402214573, 1099.0669252913738, 465.8415320500808, 181.63608401750935]","[-2717.801019202053, 1144.475946295751, 465.8415320500812, 181.63608401750952]","[-2601.3406361895327, 1189.8849673001284, 465.8415320500808, 181.63608401750935]","[-2484.880253177008, 1235.2939883045058, 465.841532050099, 181.63608401750935]","[-2368.4198701644764, 1280.703009308883, 465.84153205012626, 181.63608401750935]","[-2251.959487151945, 1326.1120303132604, 465.84153205012626, 181.63608401750935]","[-2135.499104139413, 1371.5210513176378, 465.8415320501281, 181.63608401750935]","[-2019.0387211268835, 1416.9300723220151, 465.84153205011717, 181.63608401750935]","[-1902.5783381143572, 1462.3390933263915, 465.84153205010534, 181.6360840175057]"
443,Robot,"[-1786.1179551018315, 1507.748114330766, 0, 0]","[-1667.3055138346467, 1542.0951503568929, 475.2497650687392, 137.38814410450777]","[-1542.4449227697676, 1547.9970821532404, 499.4423642595166, 23.607727185390104]","[-1417.5843317048884, 1553.899013949588, 499.4423642595166, 23.607727185390104]","[-1292.7237406400093, 1559.8009457459357, 499.4423642595166, 23.607727185391013]","[-1167.86314957513, 1565.702877542283, 499.4423642595175, 23.607727185389194]","[-1043.002558510251, 1571.6048093386305, 499.44236425951567, 23.607727185390104]","[-918.1419674453718, 1577.506741134978, 499.4423642595166, 23.607727185390104]","[-793.2813763804927, 1583.4086729313256, 499.44236425951703, 23.607727185390125]","[-668.4207853156136, 1589.310604727673, 499.4423642595166, 23.607727185390104]","[-543.5601942507344, 1595.2125365240206, 499.4423642595166, 23.607727185390104]","[-418.6996031858542, 1601.114468320368, 499.4423642595209, 23.607727185389194]","[-293.8390121209736, 1607.0164001167157, 499.44236425952226, 23.607727185391013]","[-168.97842105609357, 1612.9183319130632, 499.4423642595202, 23.607727185390104]","[-44.11782999121347, 1618.8202637094107, 499.4423642595204, 23.607727185390104]","[80.74276107366673, 1624.7221955057596, 499.4423642595208, 23.60772718539556]"
444,Robot,"[205.6033521385467, 1630.62412730211, 0, 0]","[330.463943203427, 1636.5260590984603, 499.4423642595211, 23.607727185401018]","[455.3245342683076, 1642.4279908948106, 499.4423642595225, 23.607727185401018]","[580.192970544064, 1645.355213885318, 499.4737451030255, 11.708891962030066]","[705.0480444669363, 1651.3473611538716, 499.4202956914892, 23.968589074213924]","[829.9030245381674, 1657.3668255330874, 499.4199202849245, 24.077857516863332]","[954.7580046093984, 1663.3862899123033, 499.41992028492405, 24.077857516863332]","[1079.6129846806284, 1669.405754291519, 499.41992028491995, 24.077857516863332]","[1204.4679647518567, 1675.425218670735, 499.4199202849136, 24.077857516863354]","[1329.322944823085, 1681.4446830499508, 499.41992028491313, 24.077857516863332]","[1454.1779248943133, 1687.4641474291666, 499.41992028491313, 24.077857516863332]","[1579.0329049655415, 1693.4836118083824, 499.41992028491313, 24.077857516863332]","[1703.8878850367698, 1699.5030761875985, 499.41992028491313, 24.077857516864242]","[1828.742865107998, 1705.522540566814, 499.41992028491313, 24.077857516862423]","[1953.5978451792264, 1711.54200494603, 499.41992028491313, 24.077857516863332]","[2078.452825250456, 1717.5614693252458, 499.4199202849186, 24.077857516863332]"
445,Robot,"[2203.30780532169, 1723.5809337044616, 0, 0]","[2328.162785392924, 1729.6003980836774, 499.41992028493587, 24.077857516863332]","[2453.017765464158, 1735.6198624628933, 499.41992028493587, 24.077857516863332]","[2577.872745535392, 1741.639326842109, 499.41992028493587, 24.077857516863332]","[2702.727725606626, 1747.658791221325, 499.41992028493587, 24.077857516863332]","[2827.58270567786, 1753.6782556005408, 499.41992028493587, 24.077857516863332]","[2952.437685749094, 1759.6977199797566, 499.41992028493587, 24.077857516863332]","[3077.292665820328, 1765.7171843589724, 499.41992028493587, 24.077857516863332]","[3202.1476458915618, 1771.7366487381885, 499.4199202849363, 24.077857516864263]","[3327.002625962796, 1777.7561131174057, 499.4199202849377, 24.07785751686879]","[3451.8576060340297, 1783.7755774966247, 499.41992028493405, 24.077857516876065]","[3574.38039411492, 1807.6303024885112, 490.0911523235609, 95.41889996754617]","[3696.5851560153087, 1833.9171084730344, 488.8190476015552, 105.1472239380928]","[3818.7899179156975, 1860.2039144575576, 488.8190476015552, 105.1472239380928]","[3940.994679816091, 1886.4907204420808, 488.8190476015734, 105.1472239380928]","[4063.199441716491, 1912.777526426604, 488.8190476016007, 105.1472239380928]"
446,Robot,"[4185.404203616883, 1939.0643324111272, 0, 0]","[4307.608965517272, 1965.3511383956504, 488.8190476015552, 105.1472239380928]","[4429.813727417661, 1991.6379443801736, 488.8190476015552, 105.1472239380928]","[4552.018489318049, 2017.9247503646968, 488.8190476015552, 105.1472239380928]","[4667.275124511922, 2051.3398780038515, 461.0265407754887, 133.66051055661865]","[4784.79415092871, 2087.145910138745, 470.0761056671545, 143.22412853957394]","[4907.146115087753, 2112.738816703311, 489.40785663617135, 102.37162625826386]","[5029.498079246796, 2138.331723267877, 489.40785663617135, 102.37162625826386]","[5151.850043405839, 2163.924629832443, 489.4078566361718, 102.37162625826394]","[5274.202007564882, 2189.517536397009, 489.40785663617135, 102.37162625826386]","[5396.553971723924, 2215.110442961575, 489.40785663617135, 102.37162625826386]","[5518.905935882967, 2240.7033495261408, 489.40785663617135, 102.37162625826386]","[5641.25790004201, 2266.2962560907067, 489.40785663617135, 102.37162625826386]","[5763.609864201053, 2291.8891626552727, 489.40785663617135, 102.37162625826386]","[5885.961828360096, 2317.482069219838, 489.40785663617135, 102.37162625826204]","[6008.313792519139, 2343.0749757844046, 489.40785663617135, 102.37162625826568]"
447,Robot,"[6130.665756678181, 2368.6678823489706, 0, 0]","[6253.017720837224, 2394.2607889135347, 489.40785663617135, 102.37162625825658]","[6375.369684996267, 2419.853695478093, 489.40785663617135, 102.37162625823294]","[6497.72164915531, 2445.446602042652, 489.40785663617135, 102.37162625823657]","[6620.073613314353, 2471.0395086072103, 489.40785663617135, 102.37162625823294]","[6742.425577473396, 2496.632415171769, 489.40785663617135, 102.37162625823476]","[6864.777541632438, 2522.2253217363277, 489.40785663617135, 102.37162625823476]","[6987.129505791481, 2547.818228300886, 489.40785663617135, 102.37162625823294]","[7109.481469950524, 2573.4111348654446, 489.4078566361718, 102.37162625823484]","[7231.833434109567, 2599.004041430003, 489.40785663617135, 102.37162625823294]","[7354.18539826861, 2624.5969479945616, 489.40785663617135, 102.37162625823476]","[7476.537362427653, 2650.18985455912, 489.40785663617135, 102.37162625823294]","[7598.889326586695, 2675.782761123679, 489.4078566361677, 102.37162625823657]","[7721.241290745738, 2701.375667688237, 489.407856636175, 102.37162625823294]","[7836.757362926469, 2749.1358714978423, 462.06428872292236, 191.0408152384207]","[7952.273435107199, 2796.8960753074475, 462.0642887229187, 191.0408152384207]"
448,Robot,"[8066.978262834644, 2845.9844638028426, 0, 0]","[8067.367507682235, 2876.421429936469, 1.5569793903632672, 121.74786453450542]","[7947.044023074028, 2842.550217207353, -481.2939384328274, -135.48485091646398]","[7826.720538465821, 2808.679004478237, -481.2939384328274, -135.48485091646398]","[7706.40698173118, 2774.772620359284, -481.2542269385631, -135.62553647581262]","[7585.843119535667, 2742.515495710998, -482.25544878205255, -129.028498593143]","[7464.820746607814, 2711.546418038535, -484.08949171141285, -123.87631068985138]","[7344.596420019923, 2677.324914616117, -480.8973063515623, -136.88601368967284]","[7222.870363829166, 2670.21026722047, -486.9042247630282, -28.458589582587617]","[7103.75451469343, 2703.693813606801, -476.4633965429457, 133.934185545324]","[6986.56159943608, 2732.9157932134626, -468.771661029401, 116.88791842664614]","[6870.578842004551, 2705.778910213153, -463.9310297261145, -108.54753200123923]","[6756.10555844614, 2660.727790802376, -457.89313423364365, -180.20447764310666]","[6641.041650311749, 2680.54730954315, -460.25563253756263, 79.2780749630947]","[6533.952234090263, 2742.8117959510514, -428.35766488594527, 249.05794563160634]","[6451.336455757755, 2802.1382669240943, -330.4631133300318, 237.30588389217155]"
449,Robot,"[6371.580850191923, 2746.9580389905964, 0, 0]","[6288.374287527573, 2653.675307847136, -332.8262506573992, -373.1309245738412]","[6205.167724863223, 2560.3925767036794, -332.8262506573992, -373.13092457382663]","[6105.386482399259, 2500.648133179811, -399.12496985585676, -238.97777409547416]","[5980.743220235873, 2491.2111210853136, -498.5730486535431, -37.74804837798911]","[5856.099958072487, 2481.7741089908163, -498.5730486535431, -37.74804837798911]","[5731.456695909102, 2472.337096896319, -498.5730486535431, -37.74804837798911]","[5606.813433745716, 2462.900084801822, -498.5730486535431, -37.74804837798911]","[5482.17017158233, 2453.4630727073245, -498.57304865354354, -37.74804837798914]","[5357.947377338521, 2444.2804354494792, -496.8911769752376, -36.73054903138109]","[5233.3045671395685, 2434.837455744548, -498.571240795809, -37.771918819724306]","[5108.661756940616, 2425.394476039616, -498.571240795809, -37.771918819727944]","[4984.018946741664, 2415.9514963346846, -498.571240795809, -37.771918819726125]","[4859.376136542712, 2406.508516629753, -498.571240795809, -37.771918819726125]","[4734.73332634376, 2397.0655369248216, -498.57124079580535, -37.771918819726125]","[4610.090516144807, 2387.62255721989, -498.5712407958126, -37.771918819726125]"
450,Robot,"[4485.447705945855, 2378.1795775149585, 0, 0]","[4360.804895746903, 2368.736597810027, -498.571240795809, -37.771918819726125]","[4236.162085547951, 2359.2936181050954, -498.57124079580535, -37.771918819726125]","[4111.519275348998, 2349.850638400164, -498.5712407958126, -37.771918819726125]","[3986.8876785671705, 2340.4269036559936, -498.52638712731095, -37.69493897668144]","[3863.58934116377, 2340.3999660987306, -493.19334961360255, -0.10775022905181686]","[3738.6562633272856, 2344.489715670102, -499.732311345937, 16.35899828548645]","[3613.72355133083, 2348.5906255491973, -499.73084798582204, 16.40363951638028]","[3488.791249979609, 2352.7040261216, -499.7292054048853, 16.453602289610004]","[3363.859420414851, 2356.831730331617, -499.7273182590325, 16.51081684006931]","[3238.9281369131168, 2360.975928253104, -499.72513400693606, 16.576791685947683]","[3113.997491038976, 2365.13930257336, -499.72258349656295, 16.6534972810241]","[2989.0675987620825, 2369.325227262377, -499.719569107574, 16.743698756068625]","[2864.252246101883, 2370.674334987982, -499.2614106407982, 5.3964309024195245]","[2740.294551228756, 2354.565645353498, -495.83077949250765, -64.43475853793643]","[2616.336856355629, 2338.456955719014, -495.83077949250765, -64.43475853793643]"
451,Robot,"[2492.3791614825022, 2322.3482660845298, 0, 0]","[2368.421466609376, 2306.2395764500457, -495.8307794925058, -64.43475853793643]","[2244.4637717362484, 2290.1308868155616, -495.83077949250946, -64.43475853793643]","[2120.506076863121, 2274.022197181077, -495.83077949250946, -64.43475853793825]","[1996.548381989992, 2257.9135075465933, -495.83077949251583, -64.43475853793461]","[1872.5906871168595, 2241.804817912109, -495.8307794925304, -64.43475853793825]","[1748.632992243727, 2225.696128277625, -495.8307794925304, -64.43475853793461]","[1624.6752973705943, 2209.587438643141, -495.8307794925304, -64.43475853793643]","[1500.7176024974617, 2193.478749008657, -495.83077949253084, -64.43475853793649]","[1376.7599076243291, 2177.370059374173, -495.8307794925304, -64.43475853793643]","[1252.8022127511963, 2161.2613697396896, -495.8307794925313, -64.4347585379328]","[1128.844517878064, 2145.152680105211, -495.8307794925295, -64.4347585379146]","[1006.1790810912858, 2123.7343863148085, -490.6617471471127, -85.67317516160983]","[888.6826766499258, 2081.07767590071, -469.98561776543966, -170.6268416563944]","[771.1862722085659, 2038.4209654866115, -469.98561776543966, -170.62684165639348]","[653.689867767206, 1995.7642550725127, -469.98561776543966, -170.6268416563953]"
452,Robot,"[536.1934633258452, 1953.107544658414, 0, 0]","[418.6970588844836, 1910.4508342443155, -469.98561776544625, -170.6268416563944]","[301.20065444312223, 1867.794123830217, -469.98561776544557, -170.6268416563944]","[183.7042500017609, 1825.1374134161183, -469.98561776544534, -170.6268416563944]","[66.20784556039956, 1782.4807030020222, -469.98561776544534, -170.62684165638439]","[-51.288558880961816, 1739.8239925879263, -469.9856177654455, -170.62684165638348]","[-168.78496332232316, 1697.1672821738307, -469.9856177654454, -170.62684165638257]","[-286.2813677636845, 1654.5105717597348, -469.98561776544534, -170.62684165638348]","[-403.7777722050458, 1611.8538613456392, -469.9856177654455, -170.6268416563827]","[-521.2741766464072, 1569.197150931543, -469.9856177654458, -170.62684165638439]","[-638.77058108777, 1526.5404405174472, -469.985617765451, -170.62684165638348]","[-756.2669855291327, 1483.883730103351, -469.985617765451, -170.6268416563853]","[-873.7633899704955, 1441.2270196892546, -469.985617765451, -170.6268416563853]","[-991.2597944118584, 1398.5703092751585, -469.9856177654515, -170.62684165638439]","[-1108.756198853221, 1355.9135988610624, -469.9856177654501, -170.62684165638439]","[-1226.2526032945837, 1313.256888446966, -469.985617765451, -170.6268416563853]"
453,Robot,"[-1328.6959288447486, 1252.7243299537065, 0, 0]","[-1445.940914887177, 1209.583096778549, -468.97994416971414, -172.56493270063038]","[-1562.3561549169908, 1164.618805253606, -465.6609601192549, -179.85716609977135]","[-1675.413921892381, 1111.3925890245134, -452.2310679015609, -212.90486491637057]","[-1777.9516075532426, 1042.334735273804, -410.1507426434464, -276.2314150028378]","[-1896.4990732490637, 1002.6926064573754, -474.1898627832843, -158.56851526571427]","[-2014.9573598642432, 962.8052611536518, -473.8331464607181, -159.5493812148943]","[-2128.709650585862, 911.4570768824586, -455.0091628864757, -205.39273708477276]","[-2210.3477370716587, 817.6772242096616, -326.55234594318637, -375.11941069118836]","[-2326.560513279712, 774.9241391350316, -464.8511048322125, -171.01234029852003]","[-2446.59491806747, 740.042314824255, -480.1376191510335, -139.52729724310666]","[-2566.62932285523, 705.1604905134782, -480.13761915103896, -139.5272972431071]","[-2686.663727642989, 670.2786662027015, -480.13761915103714, -139.52729724310666]","[-2806.6981324307485, 635.3968418919249, -480.13761915103714, -139.52729724310666]","[-2926.732537218508, 600.5150175811482, -480.13761915103714, -139.52729724310666]","[-3046.766942006267, 565.6331932703715, -480.13761915103714, -139.52729724310666]"
454,Robot,"[-3166.8013467940264, 530.7513689595949, 0, 0]","[-3286.8357515817856, 495.869544648818, -480.13761915103714, -139.52729724310734]","[-3406.870156369545, 460.9877203380408, -480.13761915103714, -139.52729724310893]","[-3526.904561157304, 426.1058960272636, -480.13761915103714, -139.5272972431087]","[-3646.938965945064, 391.2240717164864, -480.13761915103896, -139.52729724310893]","[-3766.973370732823, 356.34224740570926, -480.1376191510353, -139.52729724310848]","[-3887.007775520582, 321.4604230949325, -480.13761915103714, -139.5272972431071]","[-4003.944465632509, 278.5643373535659, -467.74676044770786, -171.58434296546625]","[-4116.234583730689, 223.6468594663129, -449.1604723927216, -219.6699115490123]","[-4228.524701828879, 168.72938157905952, -449.1604723927594, -219.66991154901348]","[-4340.814819927069, 113.81190369180618, -449.1604723927594, -219.66991154901336]","[-4453.104938025259, 58.89442580455282, -449.1604723927594, -219.66991154901345]","[-4565.395056123449, 3.976947917299228, -449.1604723927594, -219.66991154901436]","[-4677.685174221639, -50.94052996995452, -449.1604723927594, -219.66991154901498]","[-4789.975292319828, -105.85800785720852, -449.1604723927594, -219.669911549016]","[-4902.265410418018, -160.77548574446257, -449.1604723927594, -219.6699115490162]"
455,Robot,"[-5014.555528516208, -215.69296363171665, 0, 0]","[-5126.845646614398, -270.6104415189709, -449.1604723927594, -219.669911549017]","[-5239.135764712588, -325.5279194062249, -449.1604723927594, -219.66991154901598]","[-5351.425882810776, -380.44539729348014, -449.1604723927521, -219.66991154902098]","[-5463.716000908955, -435.3628751807356, -449.16047239271575, -219.6699115490219]","[-5576.006119007136, -490.2803530679911, -449.160472392723, -219.6699115490219]","[-5688.2962371053145, -545.1978309552466, -449.16047239271575, -219.6699115490219]","[-5800.586355203495, -600.115308842502, -449.160472392723, -219.6699115490219]","[-5912.876473301674, -655.0327867297575, -449.16047239271614, -219.6699115490221]","[-6025.166591399854, -709.950264617013, -449.1604723927194, -219.6699115490219]","[-6137.456709498034, -764.8677425042684, -449.1604723927194, -219.6699115490219]","[-6249.746827596213, -819.7852203915239, -449.16047239271575, -219.6699115490219]","[-6362.036945694394, -874.7026982787794, -449.160472392723, -219.6699115490219]","[-6474.3270637925725, -929.6201761660348, -449.16047239271575, -219.66991154902144]","[-6586.617181890752, -984.5376540532905, -449.1604723927194, -219.6699115490228]","[-6698.907299988932, -1039.4551319405457, -449.1604723927194, -219.66991154902098]"
456,Robot,"[-6811.197418087111, -1094.3726098278012, 0, 0]","[-6923.487536185291, -1149.2900877150566, -449.1604723927194, -219.6699115490219]","[-7035.777654283471, -1204.207565602312, -449.1604723927194, -219.66991154902098]","[-7148.067772381651, -1259.1250434895676, -449.1604723927194, -219.6699115490228]","[-7260.3578904798305, -1314.042521376823, -449.1604723927194, -219.6699115490219]","[-7372.6480085780095, -1368.9599992640783, -449.16047239271575, -219.66991154902098]","[-7484.938126676189, -1423.877477151334, -449.1604723927194, -219.6699115490228]","[-7479.593321962158, -1440.8159844829252, 21.37921885612377, -67.75402932636462]","[-7357.864901992807, -1418.977824572108, 486.9136798774057, 87.35263964326903]","[-7236.651027773917, -1406.77221830083, 484.85549687555977, 48.82242508511172]","[-7115.16143737548, -1377.3565859802204, 485.9583615937481, 117.6625292824383]","[-6994.449520093662, -1348.7930768414467, 482.84766912727355, 114.2540365550949]","[-6889.457147887302, -1322.3917176658522, 419.969488825438, 105.60543670237803]","[-6771.097996365713, -1289.2294779628078, 473.43660608635764, 132.64895881217763]","[-6668.225222661595, -1236.761891360389, 411.49109481647247, 209.87034640967522]","[-6581.688716732136, -1168.3158136823988, 346.1460237178362, 273.78431071196064]"
457,Robot,"[-6476.882171377624, -1131.1718718816164, 0, 0]","[-6352.2806266095085, -1121.4157788532586, 498.4061790724627, 39.02437211343113]","[-6237.336656335774, -1099.4187281369332, 459.7758810949381, 87.9882028653019]","[-6145.943998460306, -1038.3406547336483, 365.5706315018724, 244.31229361313945]","[-6054.354668227807, -974.0191996593898, 366.3573209299939, 257.2858202970342]","[-5958.586726474719, -916.7582751579866, 383.0717670123522, 229.04369800561244]","[-5835.312941207859, -896.0562495087439, 493.09514106744246, 82.80810259697091]","[-5712.039155940998, -875.3542238595012, 493.09514106744246, 82.80810259697091]","[-5588.765370674138, -854.6521982102585, 493.0951410674429, 82.80810259697098]","[-5465.491585407277, -833.9501725610157, 493.09514106744246, 82.80810259697091]","[-5342.217800140416, -813.248146911773, 493.09514106744246, 82.80810259697091]","[-5218.944014873556, -792.5461212625303, 493.09514106744246, 82.80810259697091]","[-5095.670229606695, -771.8440956132875, 493.09514106744246, 82.80810259697091]","[-4972.3964443398345, -751.1420699640448, 493.09514106744246, 82.80810259697091]","[-4849.122659072974, -730.4400443148021, 493.09514106744246, 82.80810259697091]","[-4725.848873806113, -709.7380186655594, 493.09514106744246, 82.80810259697091]"
458,Robot,"[-4602.575088539253, -689.0359930163166, 0, 0]","[-4479.301303272392, -668.3339673670739, 493.09514106744246, 82.80810259697091]","[-4356.027518005531, -647.6319417178312, 493.09514106744246, 82.80810259697091]","[-4232.753732738671, -626.9299160685885, 493.09514106744246, 82.80810259697091]","[-4109.47994747181, -606.2278904193457, 493.09514106744246, 82.80810259697091]","[-3986.20616220496, -585.525864770103, 493.0951410674006, 82.80810259697091]","[-3862.932376938111, -564.8238391208603, 493.095141067397, 82.80810259697091]","[-3739.6585916712615, -544.1218134716175, 493.095141067397, 82.80810259697091]","[-3616.384806404412, -523.4197878223748, 493.09514106739925, 82.80810259697098]","[-3493.111021137563, -502.7177621731314, 493.09514106739516, 82.80810259697364]","[-3369.837235870714, -482.01573652388726, 493.095141067397, 82.8081025969766]","[-3246.563450603865, -461.3137108746431, 493.09514106739516, 82.8081025969766]","[-3123.289665337016, -440.61168522539896, 493.095141067397, 82.8081025969766]","[-3000.015880070166, -419.9096595761548, 493.0951410673988, 82.8081025969766]","[-2876.742094803317, -399.20763392691066, 493.095141067397, 82.8081025969766]","[-2753.468309536468, -378.5056082776665, 493.09514106739516, 82.8081025969766]"
459,Robot,"[-2630.1945242696183, -357.8035826284224, 0, 0]","[-2506.920739002769, -337.1015569791782, 493.095141067397, 82.80810259697682]","[-2383.64695373592, -316.3995313299352, 493.095141067397, 82.80810259697205]","[-2260.3731684690706, -295.6975056806923, 493.095141067397, 82.8081025969716]","[-2137.0993832022214, -274.9954800314494, 493.095141067397, 82.8081025969716]","[-2013.8255979353703, -254.2934543822063, 493.09514106740426, 82.80810259697239]","[-1890.5508437231697, -233.71251367974733, 493.0990168488024, 82.3237628098359]","[-1766.373148405887, -225.09311689597305, 496.7107812691311, 34.47758713509711]","[-1643.447964920296, -244.55079435918904, 491.70073394236397, -77.83070985286402]","[-1521.5820391779853, -217.3006345196633, 487.46370296924306, 109.00063935810294]","[-1398.611264995956, -198.85032274485272, 491.8830967281174, 73.80124709924235]","[-1280.10476130148, -237.36962109653652, 474.0260147779036, -154.0771934067352]","[-1167.3491561183107, -290.69126459031816, 451.02242073267735, -213.28657397512654]","[-1042.648538782708, -294.8841325645369, 498.8024693424104, -16.771471896875028]","[-922.5607704372176, -277.76910341618725, 480.3510733819621, 68.46011659339865]","[-802.5959470736892, -303.8012265094634, 479.8592934541134, -104.12849237310456]"
460,Robot,"[-689.4641587170233, -251.97948139477185, 0, 0]","[-577.4809145819794, -196.43892834575203, 447.9329765401758, 222.16221219607928]","[-465.4976704469354, -140.89837529673224, 447.932976540176, 222.16221219607917]","[-353.5144263118915, -85.35782224771245, 447.93297654017556, 222.16221219607917]","[-241.53118217684744, -29.81726919869264, 447.93297654017624, 222.16221219607922]","[-129.54793804180278, 25.723283850327217, 447.93297654017863, 222.16221219607942]","[-17.564693906758123, 81.26383689934703, 447.93297654017863, 222.16221219607922]","[94.41855022828652, 136.80438994836683, 447.9329765401786, 222.16221219607922]","[206.4017943633312, 192.34494299738665, 447.9329765401791, 222.16221219607948]","[318.3850384983755, 247.8854960464064, 447.93297654017715, 222.16221219607894]","[430.3682826334194, 303.42604909542683, 447.9329765401758, 222.16221219608178]","[542.3515267684635, 358.9666021444472, 447.93297654017624, 222.16221219608155]","[654.3347709035074, 414.5071551934667, 447.9329765401758, 222.16221219607792]","[766.3180150385514, 470.04770824248624, 447.9329765401758, 222.16221219607814]","[878.3012591735953, 525.5882612915057, 447.9329765401758, 222.1622121960777]","[990.2845033086392, 581.1288143405247, 447.93297654017533, 222.16221219607633]"
461,Robot,"[1102.2677474436853, 636.6693673895438, 0, 0]","[1214.250991578732, 692.2099204385629, 447.93297654018716, 222.16221219607633]","[1326.2342357137788, 747.750473487582, 447.93297654018716, 222.16221219607633]","[1438.2174798488256, 803.2910265366011, 447.93297654018716, 222.16221219607633]","[1550.2007239838724, 858.8315795856201, 447.93297654018716, 222.16221219607633]","[1662.1839681189192, 914.3721326346392, 447.93297654018716, 222.16221219607633]","[1774.167212253966, 969.9126856836584, 447.93297654018716, 222.16221219607678]","[1886.1504563890128, 1025.4532387326792, 447.93297654018716, 222.16221219608315]","[1998.13370052406, 1080.9937917816983, 447.9329765401894, 222.16221219607652]","[2110.116944659106, 1136.5343448307174, 447.9329765401844, 222.16221219607633]","[2222.100188794153, 1192.0748978797365, 447.93297654018716, 222.16221219607633]","[2334.0834329292, 1247.6154509287555, 447.932976540189, 222.16221219607633]","[2446.0666770642465, 1303.1560039777746, 447.93297654018534, 222.16221219607633]","[2558.0499211992933, 1358.6965570267955, 447.93297654018716, 222.1622121960836]","[2670.03316533434, 1414.2371100758191, 447.93297654018716, 222.16221219609452]","[2782.016409469387, 1469.7776631248423, 447.93297654018716, 222.1622121960927]"
462,Robot,"[2893.9996536044337, 1525.318216173866, 0, 0]","[3005.9828977394804, 1580.8587692228896, 447.93297654018716, 222.16221219609452]","[3117.9661418745272, 1636.399322271913, 447.93297654018716, 222.1622121960936]","[3232.4977658985317, 1684.458828592016, 458.12649609601795, 192.23802528041233]","[3355.0992595709, 1708.828353603871, 490.4059746894727, 97.4781000474195]","[3473.9547426814506, 1699.9067799856475, 475.4219324422029, -35.68629447289368]","[3586.3061315154955, 1653.813779461715, 449.40555533617953, -184.37200209572984]","[3703.219201422575, 1640.1868784895803, 467.65227962831887, -54.50760388853905]","[3818.916317575274, 1623.8707312273193, 462.7884646107963, -65.26458904904399]","[3914.4288080931055, 1543.5964269441213, 382.04996207132535, -321.09721713279214]","[4004.525850365359, 1462.111726375011, 360.3881690890139, -325.9388022764415]","[4113.314464938753, 1439.4290762811052, 435.1544582935767, -90.730600375623]","[4222.810969666285, 1433.7835467045754, 437.9860189101273, -22.5821183061189]","[4339.212121185477, 1469.2902749022417, 465.6046060767694, 142.02691279066494]","[4455.518876486548, 1515.091352087601, 465.2270212042822, 183.20430874143767]","[4571.8256317876185, 1560.8924292729605, 465.2270212042822, 183.20430874143767]"
463,Robot,"[-5829.534675121677, 2524.11239514228, 0, 0]","[-5704.7916110102005, 2532.1228855193717, 498.97225644590435, 32.04196150836651]","[-5580.048546898724, 2540.133375896463, 498.97225644590435, 32.04196150836469]","[-5455.305482787248, 2548.1438662735545, 498.97225644590435, 32.04196150836651]","[-5330.562418675772, 2556.154356650646, 498.97225644590435, 32.04196150836651]","[-5205.819354564296, 2564.164847027738, 498.97225644590435, 32.04196150836651]","[-5086.066013017279, 2571.8549177897457, 479.0133661880682, 30.76028304803185]","[-4961.322948905803, 2579.8654081668374, 498.97225644590435, 32.04196150836651]","[-4836.579884794327, 2587.875898543929, 498.9722564459048, 32.04196150836654]","[-4711.836820682851, 2595.8863889210206, 498.97225644590435, 32.04196150836651]","[-4587.093756571375, 2603.8968792981123, 498.97225644590435, 32.04196150836651]","[-4462.350692459899, 2611.907369675204, 498.97225644590435, 32.04196150836651]","[-4337.607628348423, 2619.917860052297, 498.97225644590435, 32.04196150837197]","[-4212.8645642369465, 2627.928350429395, 498.97225644590435, 32.04196150839198]","[-4088.1215001254704, 2635.9388408064924, 498.97225644590435, 32.04196150839016]","[-3963.551646178652, 2642.809784970463, 498.27941578727405, 27.483776655883048]"
464,Robot,"[-3839.8671776376814, 2651.329157867645, 0, 0]","[-3739.371280279103, 2624.779928985217, 401.9835894343141, -106.19691552971199]","[-3704.1147260983503, 2524.1036620388736, 141.0262167230103, -402.7050677853731]","[-3696.047234797304, 2433.1284995797564, 32.2699652041847, -363.9006498364688]","[-3669.274953819787, 2400.3616945792314, 107.08912391006925, -131.06722000209993]","[-3678.906975604848, 2331.019935760005, -38.52808714024468, -277.3670352769059]","[-3732.7534304220894, 2218.278873803346, -215.38581926896586, -450.964247826636]","[-3795.640953568841, 2111.565286739262, -251.55009258700557, -426.8543482563364]","[-3839.1941157925216, 2036.7704831228111, -174.21264889472346, -299.1792144658032]","[-3903.536661649106, 1939.323599163068, -257.37018342633746, -389.7875358389729]","[-3993.3728702652247, 1853.5964916162511, -359.34483446447484, -342.9084301872672]","[-4014.67085969909, 1757.7002334049143, -85.19195773546198, -383.5850328453471]","[-3942.1874817338735, 1859.539125380188, 289.93351186086693, 407.3555679010942]","[-3869.7041037686586, 1961.378017355462, 289.93351186085965, 407.35556790109604]","[-3797.2207258034423, 2063.216909330736, 289.9335118608651, 407.35556790109695]","[-3724.737347838227, 2165.055801306009, 289.9335118608615, 407.3555679010915]"
465,Robot,"[-3652.253969873011, 2266.8946932812837, 0, 0]","[-3579.7705919077957, 2368.733585256557, 289.9335118608615, 407.3555679010933]","[-3492.874984816168, 2437.5426964914886, 347.5824283665115, 275.2364449397264]","[-3368.9193599709106, 2421.418085822683, 495.82249938102905, -64.49844267522167]","[-3244.9637351256533, 2405.293475153878, 495.82249938102905, -64.49844267522167]","[-3121.008110280396, 2389.1688644850724, 495.82249938102905, -64.49844267522167]","[-2997.052485435139, 2373.044253816267, 495.82249938102905, -64.49844267522167]","[-2873.096860589881, 2356.9196431474616, 495.82249938103087, -64.49844267522167]","[-2749.1412357446243, 2340.795032478656, 495.8224993810277, -64.49844267522172]","[-2625.185610899367, 2324.6704218098507, 495.82249938102905, -64.49844267522167]","[-2501.2299860541098, 2308.5458111410453, 495.82249938102905, -64.49844267522167]","[-2377.2743612088525, 2292.42120047224, 495.82249938102905, -64.49844267522167]","[-2253.3187363635952, 2276.2965898034345, 495.82249938102905, -64.49844267522167]","[-2129.363111518338, 2260.171979134629, 495.82249938102905, -64.49844267522167]","[-2005.407486673079, 2244.047368465824, 495.8224993810363, -64.49844267521985]","[-1881.451861827816, 2227.922757797018, 495.8224993810518, -64.49844267522349]"
466,Robot,"[-1757.4962369825528, 2211.798147128213, 0, 0]","[-1633.5406121372898, 2195.6735364594074, 495.8224993810518, -64.49844267522167]","[-1509.5849872920269, 2179.548925790602, 495.8224993810518, -64.49844267522167]","[-1385.629362446764, 2163.424315121797, 495.8224993810518, -64.49844267521985]","[-1261.673737601501, 2147.299704452991, 495.8224993810518, -64.49844267522349]","[-1137.718112756238, 2131.1750937841857, 495.8224993810518, -64.49844267522167]","[-1013.7624879109752, 2115.0504831153803, 495.82249938105133, -64.49844267522167]","[-889.8068630657122, 2098.925872446569, 495.82249938105224, -64.49844267524531]","[-765.8512382204492, 2082.8012617777586, 495.82249938105224, -64.49844267524173]","[-641.8956133751863, 2066.676651108947, 495.8224993810518, -64.49844267524531]","[-517.9399885299233, 2050.552040440136, 495.8224993810518, -64.49844267524531]","[-393.9843636846617, 2034.4274297713248, 495.82249938104655, -64.4984426752444]","[-270.0287388394002, 2018.3028191025132, 495.8224993810459, -64.49844267524622]","[-145.82417516599594, 2006.3685359851547, 496.81825469361706, -47.73713246943407]","[-20.831305203472997, 2007.703623447395, 499.9714798500918, 5.340349848961523]","[104.16156475904997, 2009.0387109096357, 499.97147985009184, 5.340349848962433]"
467,Robot,"[229.15443472157293, 2010.373798371876, 0, 0]","[354.1473046840959, 2011.7088858341144, 499.9714798500919, 5.340349848953338]","[479.1401746466189, 2013.043973296352, 499.971479850092, 5.340349848950609]","[597.9457042725513, 2035.5343933703996, 475.2221185037297, 89.96168029619002]","[698.7454170236898, 2109.267798430431, 403.19885100455394, 294.9336202401255]","[799.0054062752647, 2174.578049247673, 401.0399570062996, 261.2410032689677]","[923.8241634902182, 2171.600744528802, 499.27502885981403, -11.90921887548393]","[1048.6684253121116, 2168.531952554843, 499.37704728757353, -12.275167895835693]","[1165.6074943719184, 2210.6563866260017, 467.7562762392276, 168.49773628463495]","[1279.4241270694697, 2259.7806618016893, 455.26653079020525, 196.49710070275069]","[1404.2141352795195, 2252.538158716745, 499.16003284019916, -28.970012339777895]","[1529.0041434895695, 2245.2956556318004, 499.1600328402001, -28.970012339777895]","[1653.7941516996198, 2238.053152546856, 499.160032840201, -28.970012339777895]","[1778.5841599096698, 2230.8106494619115, 499.1600328402001, -28.970012339777895]","[1903.37416811972, 2223.568146376967, 499.160032840201, -28.970012339777895]","[2028.1641763297696, 2216.3256432920225, 499.16003284019826, -28.970012339777895]"
468,Robot,"[2152.95418453982, 2209.083140207078, 0, 0]","[2277.74419274987, 2201.8406371221336, 499.1600328402001, -28.970012339777895]","[2402.53420095992, 2194.598134037189, 499.1600328402001, -28.970012339777895]","[2527.32420916997, 2187.3556309522464, 499.1600328402001, -28.97001233977062]","[2652.11421738002, 2180.113127867308, 499.1600328402001, -28.97001233975425]","[2776.90422559007, 2172.8706247823693, 499.1600328402001, -28.97001233975425]","[2901.69423380012, 2165.6281216974303, 499.1600328402001, -28.970012339756067]","[3026.48424201017, 2158.385618612492, 499.1600328402001, -28.97001233975243]","[3151.27425022022, 2151.143115527553, 499.16003284020053, -28.970012339756092]","[3276.06425843027, 2143.900612442614, 499.1600328402001, -28.970012339756067]","[3400.85426664032, 2136.658109357676, 499.1600328402001, -28.97001233975243]","[3525.64427485037, 2129.415606272737, 499.1600328402001, -28.970012339756067]","[3650.43428306042, 2122.1731031877985, 499.1600328402001, -28.97001233975425]","[3775.22429127047, 2114.9306001028594, 499.1600328402001, -28.970012339756067]","[3900.01429948052, 2107.688097017921, 499.1600328402001, -28.97001233975425]","[4024.80430769057, 2100.4455939329823, 499.1600328402001, -28.97001233975425]"
469,Robot,"[4149.594315900625, 2093.2030908480438, 0, 0]","[4274.384324110686, 2085.960587763104, 499.16003284024555, -28.970012339759705]","[4399.174332320747, 2078.7180846781644, 499.16003284024555, -28.970012339757886]","[4523.493929905765, 2066.381530748572, 497.2783903400705, -49.34621571836942]","[4647.49992040742, 2050.648942922544, 496.0239620066204, -62.930351304112264]","[4771.505910909075, 2034.916355096516, 496.0239620066204, -62.930351304111355]","[4895.51190141073, 2019.183767270488, 496.0239620066204, -62.930351304112264]","[5019.5178919123855, 2003.45117944446, 496.0239620066204, -62.930351304112264]","[5143.523882414041, 1987.718591618432, 496.0239620066209, -62.93035130411232]","[5267.529872915696, 1971.986003792404, 496.0239620066204, -62.930351304111355]","[5391.535863417351, 1956.2534159663755, 496.0239620066204, -62.93035130411408]","[5515.541853919006, 1940.5208281403477, 496.0239620066204, -62.930351304111355]","[5639.547844420661, 1924.7882403143196, 496.0239620066204, -62.930351304112264]","[5763.553834922316, 1909.0556524882916, 496.0239620066204, -62.930351304112264]","[5887.559825423971, 1893.3230646622635, 496.0239620066204, -62.930351304112264]","[6011.565815925626, 1877.5904768362352, 496.0239620066204, -62.930351304113174]"
470,Robot,"[6135.571806427281, 1861.8578890102071, 0, 0]","[6259.577796928937, 1846.125301184179, 496.0239620066204, -62.930351304112264]","[6383.583787430592, 1830.3927133581533, 496.0239620066204, -62.93035130410317]","[6507.589777932247, 1814.660125532128, 496.0239620066204, -62.93035130410135]","[6631.595768433902, 1798.9275377061028, 496.0239620066204, -62.93035130410044]","[6755.601758935557, 1783.1949498800775, 496.0239620066204, -62.93035130410135]","[6879.607749437212, 1767.4623620540522, 496.0239620066204, -62.93035130410135]","[7003.613739938867, 1751.7297742280268, 496.0239620066204, -62.93035130410135]","[7127.619730440522, 1735.9971864020015, 496.0239620066209, -62.93035130410141]","[7251.625720942177, 1720.2645985759762, 496.0239620066204, -62.93035130410135]","[7375.631711443832, 1704.5320107499508, 496.0239620066168, -62.93035130410135]","[7499.637701945488, 1688.7994229239257, 496.02396200662406, -62.93035130410044]","[7623.643692447143, 1673.0668350979004, 496.0239620066204, -62.93035130410135]","[7720.321119933938, 1650.852499759366, 386.70970994717936, -88.85734135413713]","[7616.589085311757, 1581.1053493291006, -414.92813848872174, -278.98860172106197]","[7512.857050689577, 1511.358198898835, -414.92813848872174, -278.98860172106197]"
471,Robot,"[7409.125016067396, 1441.6110484685696, 0, 0]","[7305.392981445216, 1371.863898038304, -414.92813848872174, -278.9886017210629]","[7201.660946823035, 1302.1167476080386, -414.92813848872174, -278.98860172106106]","[7097.928912200855, 1232.3695971777731, -414.92813848872174, -278.98860172106197]","[6994.1968775786745, 1162.6224467475076, -414.92813848872174, -278.98860172106197]","[6890.464842956494, 1092.875296317242, -414.92813848872174, -278.9886017210629]","[6786.732808334314, 1023.1281458869764, -414.92813848872174, -278.98860172106197]","[6683.000773712133, 953.3809954567082, -414.92813848872174, -278.9886017210729]","[6579.268739089953, 883.6338450264399, -414.9281384887221, -278.98860172107356]","[6475.536704467772, 813.8866945961715, -414.92813848872174, -278.98860172107334]","[6371.804669845592, 744.1395441659047, -414.92813848872174, -278.9886017210674]","[6268.072635223411, 674.3923937356392, -414.92813848872174, -278.98860172106197]","[6164.340600601231, 604.6452433053737, -414.92813848872174, -278.98860172106197]","[6087.179119173449, 544.474206767961, -308.64592571112735, -240.6841461496506]","[5994.944844191086, 460.2980545405384, -368.9370999294515, -336.7046089096907]","[5917.5576282715565, 364.8428745360109, -309.54886367811923, -381.8207200181098]"
472,Robot,"[5814.556148685617, 356.7634456451541, 0, 0]","[5740.978833230558, 453.02514563923455, -294.3092618202354, 385.04679997632184]","[5678.696891688239, 558.204791520043, -249.12776616927658, 420.718583523234]","[5595.002669494925, 611.8209500354948, -334.77688877325636, 214.46463406180692]","[5513.511581670713, 665.9578953457142, -325.96435129684687, 216.5477812408776]","[5474.761466096506, 782.022424962913, -155.0004622968263, 464.25811846879515]","[5428.723258811837, 841.4467019017826, -184.1528291386785, 237.69710775547856]","[5321.540561206879, 777.1282027423189, -428.73079041983146, -257.2739966378549]","[5212.447552732292, 716.1451582585613, -436.372033898348, -243.9321779350305]","[5103.066687470132, 655.6526016626751, -437.52346104864046, -241.97022638354474]","[4994.287587999956, 594.0727832311983, -435.11639788070534, -246.31927372590735]","[4885.124686364643, 533.1762800786113, -436.65160654125066, -243.586012610348]","[4775.361252267484, 473.37012276064223, -439.053736388636, -239.2246292718762]","[4664.535072477826, 415.56249649787793, -443.3047191586302, -231.2305050510572]","[4550.140875100728, 366.1351302791411, -457.5767895083918, -197.70946487494734]","[4431.23093087032, 395.30604743661655, -475.6397769216346, 116.68366862990183]"
473,Robot,"[4325.380358843655, 461.43985600108607, 0, 0]","[4213.206290169608, 513.7802052359157, -448.6962746961872, 209.3613969393184]","[4093.415230945612, 549.4854165141985, -479.1642368959838, 142.82084511313133]","[3972.998002970525, 582.9737926779668, -481.6689119003495, 133.95350465507317]","[3850.716590427153, 608.7962726234879, -489.1256501734879, 103.28991978208433]","[3728.4361475576943, 633.9900469800428, -489.12177147783405, 100.77509742621987]","[3613.436393909853, 666.4612724056884, -459.99901459136527, 129.88490170258228]","[3498.214497811236, 680.2322922598769, -460.8875843944679, 55.084079416753866]","[3383.306789466845, 697.0314675813497, -459.63083337756365, 67.19670128589138]","[3258.8876952686264, 709.0658857730346, -497.6763767928751, 48.13767276673934]","[3137.976221118862, 723.405505205868, -483.64589659905687, 57.358477731334006]","[3038.883099487862, 765.2107648425921, -396.3724865240001, 167.22103854689612]","[2966.9622565434747, 685.1748011746754, -287.68337177754984, -320.14385467166676]","[2902.634228561756, 577.9978222287174, -257.3121119268744, -428.70791578383205]","[2838.3062005800366, 470.82084328275937, -257.31211192687806, -428.70791578383205]","[2773.9781725983166, 363.64386433680136, -257.3121119268799, -428.70791578383205]"
474,Robot,"[2709.650144616592, 256.46688539084334, 0, 0]","[2645.322116634867, 149.28990644488462, -257.3121119268999, -428.7079157838349]","[2580.9940886531426, 42.11292749892614, -257.31211192689807, -428.7079157838339]","[2516.6660606714177, -65.0640514470324, -257.3121119268999, -428.70791578383415]","[2452.338032689693, -172.24103039299095, -257.31211192689807, -428.7079157838342]","[2388.010004707968, -279.4180093389495, -257.3121119268999, -428.7079157838342]","[2323.681976726244, -386.5949882849075, -257.31211192689625, -428.70791578383205]","[2259.35394874452, -493.7719672308655, -257.31211192689625, -428.70791578383205]","[2195.025920762795, -600.9489461768236, -257.3121119269001, -428.7079157838327]","[2130.6978927810705, -708.1259251227816, -257.31211192689807, -428.70791578383205]","[2066.369864799346, -815.3029040687396, -257.31211192689807, -428.70791578383205]","[2002.0418368176213, -922.4798830146976, -257.312111926899, -428.70791578383205]","[1937.7138088358968, -1029.6568619606558, -257.31211192689807, -428.7079157838325]","[1869.2675782338545, -1132.7307240185291, -273.7849224081692, -412.29544823149354]","[1766.9993506202843, -1204.527561528655, -409.07291045428065, -287.1873500405036]","[1678.2655097925194, -1289.326868384655, -354.9353633110595, -339.1972274239997]"
475,Robot,"[1614.8437257762423, -1385.3314385580484, 0, 0]","[1492.1785073346116, -1409.3781469537214, -490.66087376652285, -96.18683358269209]","[1369.5132888929809, -1433.4248553493944, -490.66087376652285, -96.18683358269209]","[1246.8480704513497, -1457.4715637450674, -490.6608737665247, -96.18683358269209]","[1124.1828520097188, -1481.5182721407405, -490.66087376652376, -96.18683358269209]","[1001.5176335680871, -1505.5649805364135, -490.6608737665265, -96.18683358269209]","[878.8524151264535, -1529.6116889320865, -490.6608737665347, -96.18683358269209]","[756.1871966848197, -1553.6583973277595, -490.66087376653513, -96.18683358269209]","[633.5219782431859, -1577.7051057234326, -490.6608737665356, -96.18683358269217]","[510.8567598015522, -1601.7518141191056, -490.6608737665349, -96.18683358269209]","[388.1915413599198, -1625.7985225147786, -490.66087376652945, -96.18683358269209]","[265.52632291828746, -1649.8452309104516, -490.66087376652945, -96.18683358269209]","[142.86110447665442, -1673.8919393061246, -490.6608737665322, -96.18683358269209]","[20.195886035021594, -1697.9386477017977, -490.66087376653127, -96.18683358269209]","[-102.46933240661124, -1721.985356097471, -490.6608737665314, -96.186833582693]","[-225.13455084824423, -1746.0320644931437, -490.66087376653195, -96.18683358269118]"
476,Robot,"[-347.7997692898768, -1770.0787728888167, 0, 0]","[-470.4649877315092, -1794.1254812844898, -490.6608737665297, -96.18683358269209]","[-593.1302061731425, -1818.1721896801628, -490.6608737665331, -96.18683358269209]","[-715.7954246147763, -1842.218898075836, -490.66087376653513, -96.186833582693]","[-838.46064305641, -1866.2656064715088, -490.66087376653513, -96.18683358269118]","[-961.1258614980438, -1890.3123148671816, -490.66087376653513, -96.18683358269118]","[-1083.791079939676, -1914.3590232628549, -490.6608737665283, -96.186833582693]","[-1206.456298381307, -1938.405731658528, -490.6608737665247, -96.186833582693]","[-1329.121516822938, -1962.452440054201, -490.6608737665242, -96.18683358269126]","[-1451.786735264569, -1986.499148449874, -490.66087376652376, -96.18683358269209]","[-1574.4519537062, -2010.545856845547, -490.66087376652376, -96.18683358269209]","[-1697.1171721478308, -2034.59256524122, -490.66087376652376, -96.18683358269209]","[-1819.7823905894616, -2058.6392736368903, -490.66087376652285, -96.18683358268117]","[-1942.4476090310927, -2082.6859820325576, -490.6608737665247, -96.18683358266935]","[-2065.1128274727243, -2106.732690428225, -490.6608737665265, -96.18683358266935]","[-2187.778045914361, -2130.7793988238923, -490.6608737665465, -96.18683358266935]"
477,Robot,"[-2310.4432643559976, -2154.82610721956, 0, 0]","[-2433.108482797634, -2178.872815615233, -490.6608737665465, -96.18683358269118]","[-2555.773701239271, -2202.919524010907, -490.6608737665465, -96.18683358269664]","[-2678.4389196809075, -2226.9662324065807, -490.6608737665465, -96.18683358269482]","[-2801.104138122544, -2251.0129408022544, -490.6608737665465, -96.18683358269482]","[-2921.8417540615637, -2275.5579860961348, -482.95046375607853, -98.18018117552128]","[-3043.9123405351747, -2299.6956897695763, -488.282345894444, -96.55081469376637]","[-3166.478013742133, -2323.5928233047057, -490.26269282783323, -95.58853414051737]","[-3289.1744406656617, -2347.4797825125643, -490.785707694115, -95.54783683143441]","[-3411.87086758919, -2371.3667417204265, -490.7857076941127, -95.54783683144888]","[-3534.567294512718, -2395.2537009282883, -490.7857076941127, -95.54783683144706]","[-3648.6013548438, -2412.3927500709783, -456.1362413243278, -68.55619657076022]","[-3733.1839099720223, -2429.4814016863834, -338.33022051288935, -68.35460646162028]","[-3857.5922468787617, -2435.86974860938, -497.6333476269574, -25.553387691987155]","[-3982.4425689896266, -2441.985062895153, -499.40128844345963, -24.461257143091643]","[-4107.292891100491, -2448.100377180927, -499.4012884434578, -24.46125714309528]"
478,Robot,"[-4232.143213211356, -2454.2156914667003, 0, 0]","[-4356.993535322221, -2460.3310057524736, -499.40128844345963, -24.461257143093462]","[-4481.843857433086, -2466.446320038247, -499.40128844345963, -24.461257143093462]","[-4606.694179543951, -2472.5616343240204, -499.40128844345963, -24.461257143093462]","[-4731.544501654816, -2478.6769486097937, -499.40128844345963, -24.461257143093462]","[-4856.3948237656805, -2484.792262895567, -499.40128844345963, -24.461257143093462]","[-4981.245145876545, -2490.9075771813405, -499.40128844345963, -24.461257143093462]","[-5106.09546798741, -2497.022891467114, -499.40128844345963, -24.461257143093462]","[-5230.945790098275, -2503.138205752887, -499.4012884434601, -24.461257143093484]","[-5355.79611220914, -2509.253520038661, -499.40128844345963, -24.46125714309528]","[-5480.646434320005, -2515.368834324434, -499.40128844345963, -24.461257143091643]","[-5605.494950236028, -2521.4577576415977, -499.39406366409094, -24.35569326865516]","[-5730.345178610321, -2527.574985354316, -499.40091349717477, -24.468910850873726]","[-5855.196205471756, -2533.6752888456, -499.4041074457382, -24.401213965134957]","[-5980.026834869651, -2540.1752480390014, -499.3225175915795, -25.999836773606148]","[-6104.84684728874, -2546.880805393727, -499.2800496763557, -26.82222941890177]"
479,Robot,"[-6229.666745417042, -2553.588489845285, 0, 0]","[-6354.486474637515, -2560.299316626696, -499.27891688189266, -26.84330712564406]","[-6479.305937623555, -2567.0150933190275, -499.2778519441599, -26.863106769325896]","[-6604.1249398336, -2573.739427958968, -499.276008840181, -26.89733855976192]","[-6728.943011882596, -2580.481003204693, -499.2722881959817, -26.966300982900066]","[-6851.598373046879, -2582.487527613405, -490.6214446571321, -8.026097634847247]","[-6921.555736489522, -2581.7000707529774, -279.8294537705733, 3.149827441709931]","[-6988.821667440868, -2479.9451842676017, -269.0637238053823, 407.01954594150266]","[-7057.621263331201, -2378.349217717693, -275.1983835613321, 406.38386619963455]","[-7027.681271275868, -2432.8270347380303, 119.75996822132947, -217.91126808134868]","[-6911.340864086937, -2478.5425644310258, 465.361628755727, -182.86211877198184]","[-6795.000456898005, -2524.258094124021, 465.361628755727, -182.86211877198184]","[-6678.660049709073, -2569.9736238170167, 465.361628755727, -182.86211877198184]","[-6562.319642520141, -2615.689153510012, 465.361628755727, -182.86211877198184]","[-6445.97923533121, -2661.404683203008, 465.361628755727, -182.86211877198366]","[-6329.638828142278, -2707.120212896003, 465.361628755727, -182.86211877198002]"
480,Robot,"[-6211.960023788455, -2748.485710639487, 0, 0]","[-6090.042961745811, -2776.07610720952, 487.6682481705757, -110.36158628013254]","[-5968.125899703167, -2803.666503779558, 487.6682481705757, -110.36158628015073]","[-5846.208837660523, -2831.2569003495964, 487.6682481705757, -110.36158628015437]","[-5724.29177561788, -2858.8472969196346, 487.66824817057204, -110.36158628015255]","[-5602.374713575236, -2886.4376934896727, 487.6682481705793, -110.36158628015255]","[-5480.457651532592, -2914.028090059711, 487.6682481705757, -110.36158628015255]","[-5358.540589489948, -2941.618486629749, 487.6682481705757, -110.36158628015255]","[-5236.623527447304, -2969.208883199787, 487.66824817057613, -110.36158628015265]","[-5114.70646540466, -2996.7992797698253, 487.6682481705757, -110.36158628015255]","[-4992.789403362016, -3024.3896763398634, 487.6682481705757, -110.36158628015255]","[-4870.872341319372, -3051.980072909902, 487.6682481705757, -110.36158628015437]","[-4748.955279276728, -3079.57046947994, 487.6682481705757, -110.36158628015255]","[-4627.654921836736, -3084.882895515984, 485.20142975996714, -21.249704144174757]","[-4507.450928134793, -3050.590040602702, 480.8159748077742, 137.17141965312658]","[-4387.246934432849, -3016.297185689422, 480.8159748077742, 137.17141965312112]"
481,Robot,"[-4267.042940730906, -2982.004330776141, 0, 0]","[-4146.838947028962, -2947.7114758628604, 480.8159748077742, 137.17141965312294]","[-4026.6349533270186, -2913.41862094958, 480.8159748077742, 137.17141965312112]","[-3906.430959625075, -2879.125766036299, 480.8159748077742, 137.17141965312476]","[-3786.226965923132, -2844.832911123018, 480.81597480777236, 137.17141965312294]","[-3666.022972221188, -2810.540056209737, 480.815974807776, 137.17141965312476]","[-3545.8189785192444, -2776.2472012964568, 480.8159748077742, 137.17141965312112]","[-3425.614984817301, -2741.954346383176, 480.8159748077742, 137.17141965312294]","[-3305.4109911153573, -2707.6614914698957, 480.81597480777464, 137.17141965312123]","[-3185.206997413414, -2673.3686365566145, 480.8159748077742, 137.17141965312476]","[-3065.0030037114702, -2639.075781643334, 480.8159748077742, 137.17141965312294]","[-2944.7990100095267, -2604.782926730053, 480.8159748077742, 137.17141965312294]","[-2824.595016307583, -2570.4900718167723, 480.8159748077742, 137.17141965312294]","[-2704.39102260564, -2536.197216903492, 480.81597480777236, 137.17141965312112]","[-2584.187028903696, -2501.904361990211, 480.815974807776, 137.17141965312476]","[-2463.9830352017525, -2467.61150707693, 480.8159748077742, 137.17141965312294]"
482,Robot,"[-2343.24375655841, -2442.4038282216206, 0, 0]","[-2234.8888290209384, -2421.06640538201, 433.41971014988667, 85.34969135844221]","[-2135.9726826472665, -2379.987141204146, 395.66458549468734, 164.31705671145573]","[-2088.9951025638065, -2324.1322112765174, 187.91032033384, 223.41971971051498]","[-2084.6936835389483, -2257.4516851825765, 17.20567609943282, 266.7221043757636]","[-2052.322936322067, -2200.8867095519795, 129.4829888675249, 226.25990252238807]","[-1996.3577723125163, -2152.5497817925925, 223.86065603820316, 193.34771103754792]","[-2017.2839511918903, -2083.7415332083274, -83.70471551749597, 275.2329943370605]","[-2061.290863062666, -2011.0890768111403, -176.02764748310364, 290.6098255887485]","[-2037.7394478394765, -1958.4753584347156, 94.20566089275871, 210.45487350569874]","[-1915.251452907269, -1937.4856332771292, 489.95197972883034, 83.95890063034585]","[-1791.9637446717911, -1916.8666857277408, 493.1508329419112, 82.47579019755358]","[-1668.6760364363136, -1896.247738178352, 493.15083294191027, 82.4757901975554]","[-1545.388328200836, -1875.6287906289635, 493.15083294191027, 82.47579019755358]","[-1422.1006199653584, -1855.0098430795751, 493.15083294191027, 82.47579019755358]","[-1298.8129117298809, -1834.390895530189, 493.15083294191027, 82.47579019754448]"
483,Robot,"[-1175.5252034944033, -1813.771947980803, 0, 0]","[-1052.2374952589255, -1793.1530004314166, 493.1508329419112, 82.4757901975454]","[-928.9497870234504, -1772.534052882031, 493.15083294190026, 82.47579019754266]","[-805.6620787879757, -1751.9151053326452, 493.1508329418989, 82.47579019754266]","[-682.374370552501, -1731.2961577832596, 493.1508329418989, 82.47579019754266]","[-559.0866623170263, -1710.677210233874, 493.1508329418989, 82.47579019754266]","[-435.7989540815515, -1690.0582626844882, 493.1508329418989, 82.47579019754266]","[-312.5112458460768, -1669.4393151351026, 493.1508329418989, 82.47579019754266]","[-189.22353761060168, -1648.820367585717, 493.15083294190094, 82.47579019754274]","[-65.93582937512625, -1628.201420036331, 493.15083294190174, 82.47579019754357]","[57.35187886034902, -1607.582472486945, 493.15083294190106, 82.47579019754357]","[180.6395870958244, -1586.9635249375594, 493.1508329419015, 82.47579019754266]","[303.9272953312996, -1566.3445773881735, 493.15083294190083, 82.47579019754357]","[425.55883404983547, -1540.1195704830952, 486.52615487414346, 104.90002762031327]","[513.7982808152813, -1458.449359358921, 352.95778706178316, 326.6808444966973]","[577.1915999030246, -1350.9052479011132, 253.57327635097317, 430.1764458312309]"
484,Robot,"[646.6491218582187, -1256.674825918458, 0, 0]","[731.3338218923363, -1213.082508371401, 338.7388001364707, 174.36927018822826]","[793.9005769929595, -1142.9665998579928, 250.26702040249256, 280.46363405363263]","[816.8112461117113, -1020.1861240073358, 91.64267647500719, 491.12190340262805]","[841.1602318388092, -995.495304817994, 97.39594290839159, 98.7632767573673]","[929.068047274764, -1084.3615863047194, 351.6312617438193, -355.4651259469015]","[1016.9758627107186, -1173.227867791444, 351.6312617438184, -355.4651259468983]","[1127.0518428648188, -1169.891955053471, 440.3039206164008, 13.343650951891505]","[1245.7487759648643, -1130.699633450338, 474.7877324001824, 156.76928641253213]","[1364.4457090649098, -1091.507311847205, 474.787732400182, 156.76928641253198]","[1483.1426421649553, -1052.314990244072, 474.787732400182, 156.76928641253198]","[1601.8395752650008, -1013.1226686409384, 474.787732400182, 156.7692864125347]","[1720.5365083650463, -973.9303470378024, 474.787732400182, 156.7692864125438]","[1836.6816605087856, -931.6216250000948, 464.5806085749573, 169.23488815083056]","[1948.4809109560088, -879.4545205648587, 447.1970017888925, 208.66841774094428]","[2060.2228045743177, -827.2964445110879, 446.9675744732358, 208.63230421508342]"
485,Robot,"[2171.89799354741, -775.1734599995153, 0, 0]","[2276.4622876076232, -711.9401433030787, 418.25717624085337, 252.93326678574658]","[2332.4125595103988, -602.5445073224438, 223.80108761110205, 437.58254392253957]","[2347.7475243600293, -478.6872309120079, 61.339859398522094, 495.4291056417435]","[2334.162428001683, -354.6581878901443, -54.340385433384654, 496.1161720874545]","[2280.469657323541, -245.49825738902445, -214.7710827125684, 436.6397220044794]","[2279.2870245198683, -240.6401322721017, -4.730531214690927, 19.432500467690943]","[2279.2870245198683, -240.6401322721017, 0.0, 0.0]","[2267.7661633182925, -152.626618108983, -46.08344480630335, 352.0540566524752]","[2245.5950529533493, -76.36156298668301, -88.68444145977264, 305.06022048919993]","[2245.5950529533493, -76.36156298668301, 0.0, 0.0]","[2245.5950529533493, -76.36156298668301, 0.0, 0.0]","[2348.743674646623, -58.57570861975866, 412.5944867730941, 71.14341746769742]","[2472.394328063187, -40.258615246205984, 494.60261366625673, 73.26837349421069]","[2596.044981479751, -21.94152187265336, 494.60261366625673, 73.2683734942105]","[2719.695634896316, -3.6244284991008016, 494.60261366625855, 73.26837349421024]"
486,Robot,"[2843.34628831288, 14.692664874451731, 0, 0]","[2966.996941729444, 33.00975824800423, 494.60261366625673, 73.26837349421001]","[3090.647595146008, 51.32685162155673, 494.6026136662549, 73.26837349420998]","[3214.298248562572, 69.64394499510922, 494.60261366625673, 73.26837349420998]","[3337.9489019791363, 87.96103836866172, 494.60261366625673, 73.26837349420998]","[3461.5995553957005, 106.2781317422142, 494.60261366625673, 73.26837349420992]","[3585.287536907588, 124.33170805873095, 494.751926047551, 72.21430526606702]","[3708.936371402836, 142.66107596832995, 494.59533798099073, 73.317471638396]","[3832.5852058980886, 160.99044387792887, 494.5953379810112, 73.31747163839573]","[3954.830575117077, 185.9393440913284, 488.9814768759534, 99.7956008535981]","[4059.579050805284, 249.3148304359108, 418.99390275282894, 253.50194537832965]","[4132.340931187165, 350.77721285466055, 291.0475215275219, 405.84952967499896]","[4189.56539017116, 458.7345063864223, 228.89783593598258, 431.82917412704705]","[4279.091105808258, 460.20891301048846, 358.1028625483923, 5.897626496264593]","[4400.721353284963, 432.0012488826655, 486.5209899068177, -112.83065651129186]","[4484.773037642669, 348.25801519841855, 336.20673743082443, -334.9729347369878]"
487,Robot,"[4551.116040245474, 243.55025698531807, 0, 0]","[4517.952324245557, 125.3060378289251, -132.65486399966903, -472.9768766255719]","[4601.185052317267, 128.674881429336, 332.9309122868399, 13.475374401643649]","[4722.798727357356, 157.57322123015874, 486.4547001603569, 115.5933592032909]","[4844.4124023974455, 186.47156103098143, 486.4547001603569, 115.59335920329079]","[4937.8530460108495, 143.12441730370182, 373.76257445361625, -173.38857490911846]","[5026.619961667723, 98.00381981366402, 355.0676626274944, -180.48238996015118]","[5111.315451540809, 54.38070877947846, 338.78195949234214, -174.49244413674225]","[5191.400584941472, 12.453305175755526, 320.340533602652, -167.7096144148919]","[5266.36933791799, -27.59227337730244, 299.8750119060751, -160.18231421223186]","[5335.794051433846, -65.5987321867018, 277.6988540634229, -152.02583523759742]","[5410.254167514057, -96.88048284274636, 297.84046432084506, -125.12700262417826]","[5504.283601334912, -100.29057809146042, 376.1177352834202, -13.64038099485623]","[5605.528763692529, -58.54072405657556, 404.98064943046484, 166.99941613953942]","[5699.642291054276, 20.672898651307936, 376.4541094469896, 316.854490831534]","[5791.453981621218, 105.499860610579, 367.24676226776864, 339.3078478370843]"
488,Robot,"[5883.26567218816, 190.3268225698497, 0, 0]","[5975.077362755103, 275.1537845291202, 367.2467622677723, 339.3078478370819]","[6080.105472029532, 338.4331185560111, 420.1124370977159, 253.1173361075637]","[6197.333352418564, 381.82233449147526, 468.9115215561251, 173.55686374185666]","[6314.561232807596, 425.2115504269394, 468.9115215561287, 173.55686374185666]","[6431.789113196628, 468.6007663624036, 468.9115215561287, 173.55686374185666]","[6549.01699358566, 511.98998229786775, 468.9115215561287, 173.55686374185666]","[6666.244873974692, 555.3791982333333, 468.9115215561287, 173.55686374186234]","[6783.472754363725, 598.7684141687989, 468.9115215561291, 173.5568637418625]","[6900.700634752757, 642.1576301042645, 468.9115215561287, 173.55686374186234]","[7017.928515141789, 685.5468460397301, 468.9115215561287, 173.55686374186234]","[7135.156395530821, 728.9360619751957, 468.9115215561287, 173.55686374186234]","[7252.384275919853, 772.3252779106613, 468.9115215561287, 173.55686374186234]","[7369.612156308885, 815.7144938461269, 468.9115215561251, 173.55686374186234]","[7486.840036697918, 859.1037097815922, 468.91152155613236, 173.55686374186143]","[7604.06791708695, 902.4929257170558, 468.9115215561287, 173.55686374185416]"
489,Robot,"[7721.295797475982, 945.8821416525192, 0, 0]","[7838.523677865014, 989.2713575879828, 468.9115215561287, 173.5568637418546]","[7955.751558254046, 1032.660573523446, 468.9115215561287, 173.55686374185234]","[8072.9794386430785, 1076.049789458909, 468.9115215561287, 173.55686374185188]","[8190.207319032111, 1119.4390053943716, 468.9115215561287, 173.55686374185098]","[8307.435199421165, 1162.8282213298344, 468.91152155621603, 173.55686374185098]","[8424.66307981022, 1206.2174372653017, 468.91152155621967, 173.55686374186917]","[8541.890960199275, 1249.60665320077, 468.91152155621967, 173.5568637418737]","[8659.11884058833, 1292.9958691362383, 468.91152155622007, 173.55686374187295]","[8776.34672097737, 1336.385085071707, 468.91152155616146, 173.55686374187462]","[8893.574601366401, 1379.7743010071754, 468.9115215561251, 173.5568637418737]","[8837.830540011004, 1345.5855284223449, -222.97624542158883, -136.75509033932212]","[8727.463760209997, 1286.8984436732094, -441.46711920402595, -234.74833899654186]","[8617.096980408991, 1228.211358924074, -441.46711920402595, -234.74833899654186]","[8506.730200607984, 1169.5242741749385, -441.46711920402595, -234.74833899654186]","[8396.363420806978, 1110.837189425803, -441.46711920402595, -234.74833899654186]"
490,Robot,"[8285.996641005971, 1052.1501046766675, 0, 0]","[8175.629861204961, 993.4630199275318, -441.4671192040405, -234.74833899654277]","[8065.263081403932, 934.7759351783948, -441.4671192041169, -234.74833899654823]","[7954.896301602903, 876.0888504292566, -441.4671192041169, -234.74833899655277]","[7844.529521801874, 817.4017656801183, -441.4671192041169, -234.74833899655323]","[7734.162742000844, 758.71468093098, -441.4671192041169, -234.74833899655323]","[7623.795962199815, 700.0275961818417, -441.4671192041169, -234.74833899655323]","[7513.429182398786, 641.3405114327034, -441.4671192041169, -234.74833899655323]","[7403.062402597757, 582.653426683565, -441.4671192041173, -234.74833899655343]","[7292.695622796728, 523.9663419344267, -441.4671192041169, -234.74833899655323]","[7182.328842995698, 465.2792571852896, -441.4671192041169, -234.74833899654845]","[7071.962063194669, 406.5921724361515, -441.4671192041169, -234.74833899655255]","[6961.59528339364, 347.9050876870132, -441.4671192041169, -234.74833899655323]","[6851.228503592611, 289.21800293787487, -441.4671192041169, -234.74833899655323]","[6740.861723791581, 230.53091818873656, -441.4671192041169, -234.74833899655323]","[6630.494943990552, 171.84383343959826, -441.4671192041169, -234.74833899655323]"
491,Robot,"[6520.128164189523, 113.15674869045984, 0, 0]","[6409.761384388494, 54.46966394132103, -441.4671192041169, -234.74833899655522]","[6299.3946045874645, -4.217420807818093, -441.4671192041169, -234.7483389965565]","[6189.027824786435, -62.90450555695757, -441.4671192041169, -234.7483389965579]","[6078.661044985406, -121.59159030609746, -441.4671192041169, -234.74833899655957]","[5968.294265184377, -180.27867505523787, -441.4671192041169, -234.74833899656164]","[5857.927485383348, -238.9657598043788, -441.4671192041169, -234.7483389965637]","[5747.560705582318, -297.6528445535205, -441.4671192041169, -234.74833899656676]","[5637.193925781289, -356.3399293026632, -441.4671192041173, -234.74833899657116]","[5520.823170942131, -401.97815251702144, -465.48301935663403, -182.55289285743288]","[5404.452416102972, -447.61637573137966, -465.48301935663403, -182.55289285743288]","[5288.081661263814, -493.2545989457379, -465.48301935663403, -182.55289285743288]","[5171.710906424655, -538.8928221600954, -465.48301935663403, -182.55289285743015]","[5055.340151585497, -584.5310453744522, -465.48301935663403, -182.5528928574272]","[4938.969396746338, -630.1692685888094, -465.48301935663403, -182.55289285742856]","[4822.59864190718, -675.8074918031662, -465.48301935663403, -182.5528928574272]"
492,Robot,"[4706.227887068021, -721.445715017523, 0, 0]","[4589.857132228863, -767.0839382318798, -465.48301935663403, -182.5528928574272]","[4473.486377389704, -812.7221614462366, -465.48301935663403, -182.5528928574272]","[4357.115622550546, -858.3603846605934, -465.48301935663403, -182.5528928574272]","[4240.744867711387, -903.9986078749502, -465.48301935663403, -182.5528928574272]","[4124.374112872229, -949.636831089307, -465.48301935663403, -182.5528928574272]","[4008.00335803307, -995.2750543036638, -465.48301935663403, -182.5528928574272]","[3891.632603193912, -1040.9132775180217, -465.4830193566322, -182.55289285743174]","[3775.261848354753, -1086.551500732381, -465.48301935663625, -182.55289285743783]","[3658.8910935155945, -1132.189723946741, -465.48301935663403, -182.55289285743947]","[3542.520338676436, -1177.8279471611006, -465.48301935663403, -182.55289285743856]","[3426.149583837277, -1223.4661703754605, -465.48301935663585, -182.55289285743947]","[3309.778828998119, -1269.10439358982, -465.4830193566322, -182.55289285743766]","[3193.4080741589605, -1314.7426168041795, -465.48301935663403, -182.55289285743856]","[3077.037319319802, -1360.3808400185392, -465.48301935663403, -182.55289285743856]","[2960.6665644806435, -1406.0190632328988, -465.48301935663403, -182.55289285743856]"
493,Robot,"[2844.295809641485, -1451.657286447257, 0, 0]","[2727.9250548023265, -1497.2955096616124, -465.48301935663403, -182.55289285742128]","[2611.554299963168, -1542.9337328759675, -465.48301935663403, -182.55289285742037]","[2495.183545124009, -1588.5719560903226, -465.48301935663585, -182.55289285742037]","[2378.812790284851, -1634.2101793046777, -465.4830193566322, -182.55289285742037]","[2262.4420354456925, -1679.8484025190328, -465.48301935663403, -182.55289285742037]","[2146.071280606534, -1725.486625733388, -465.48301935663403, -182.55289285742128]","[2029.7005257673743, -1771.1248489477432, -465.4830193566386, -182.55289285742037]","[1913.3297709282103, -1816.7630721621008, -465.48301935665626, -182.55289285743055]","[1796.959016089046, -1862.401295376458, -465.4830193566577, -182.55289285742856]","[1680.588261249882, -1908.0395185908155, -465.48301935665586, -182.55289285743038]","[1564.2175064107178, -1953.6777418051724, -465.48301935665677, -182.55289285742765]","[1447.8467515715536, -1999.3159650195296, -465.48301935665677, -182.55289285742856]","[1331.4759967323894, -2044.9541882338872, -465.48301935665677, -182.55289285743038]","[1215.1052418932252, -2090.592411448247, -465.48301935665677, -182.55289285743856]","[1099.9021846545438, -2138.6979021734805, -460.81222895472547, -192.4219629009349]"
494,Robot,"[990.8295398183982, -2199.756547330803, 0, 0]","[881.7568949822545, -2260.815192488126, -436.2905793445748, -244.23458062929058]","[772.6842501461108, -2321.8738376454485, -436.2905793445748, -244.23458062929058]","[663.6116053099671, -2382.932482802771, -436.2905793445748, -244.23458062929058]","[554.5389604738234, -2443.991127960095, -436.2905793445748, -244.23458062929603]","[445.4663156376797, -2505.049773117424, -436.2905793445748, -244.23458062931604]","[336.393670801536, -2566.108418274752, -436.2905793445748, -244.23458062931059]","[227.32102596539232, -2627.167063432081, -436.2905793445748, -244.23458062931604]","[118.24838112924871, -2688.2257085894094, -436.29057934457484, -244.23458062931445]","[9.175736293105388, -2749.284353746738, -436.2905793445733, -244.23458062931422]","[-99.89690854303797, -2810.342998904066, -436.2905793445734, -244.2345806293124]","[-208.96955337918155, -2871.4016440613946, -436.2905793445743, -244.23458062931422]","[-317.9203301460884, -2932.6653024096154, -435.8031070676275, -245.05463339288326]","[-427.0035834780483, -2993.7049931240645, -436.3330133278396, -244.15876285779632]","[-536.0868368100082, -3054.744683838513, -436.3330133278396, -244.1587628577945]","[-644.7298052304405, -3116.5348472094056, -434.57187368172936, -247.16065348357006]"
495,Robot,"[-751.2082815883263, -3181.799012562456, 0, 0]","[-860.6969518152953, -3242.1084736107014, -437.9546809078761, -241.23784419298136]","[-969.6271511110078, -3303.3330433661954, -435.7207971828502, -244.89827902197612]","[-1055.9432516933855, -3393.3339597030267, -345.26440232951063, -360.0036653473253]","[-1143.7313012816512, -3481.755226309153, -351.1521983530629, -353.68506642450484]","[-1212.3173800118768, -3518.246659630982, -274.34431492090243, -145.96573328731574]","[-1145.109848768097, -3508.996890675733, 268.83012497511936, 36.99907582099513]","[-1079.275628678177, -3517.2450969144647, 263.3368803596795, -32.99282495492662]","[-1067.6490254635055, -3402.4452246307496, 46.50641285868646, 459.1994891348608]","[-1064.585397498969, -3277.482773535652, 12.254511858145634, 499.8498043803902]","[-1115.656937551262, -3170.296577883219, -204.2861602091716, 428.7447826097323]","[-1192.2038507879452, -3071.475678909688, -306.18765294673267, 395.2835958941232]","[-1268.7507640246283, -2972.6547799361565, -306.18765294673267, 395.28359589412685]","[-1345.2976772613115, -2873.833880962625, -306.18765294673267, 395.28359589412685]","[-1421.812010101003, -2775.072085842167, -306.0573313587656, 395.0471804818317]","[-1498.358713751362, -2676.2510245229105, -306.1868146014367, 395.28424527702555]"
496,Robot,"[-1574.9054174017217, -2577.429963203654, 0, 0]","[-1651.4521210520809, -2478.6089018843977, -306.1868146014367, 395.28424527702555]","[-1727.9988247024403, -2379.7878405651413, -306.1868146014376, 395.28424527702555]","[-1804.5455283528, -2280.966779245885, -306.1868146014385, 395.28424527702555]","[-1881.092232003159, -2182.1457179266285, -306.1868146014367, 395.28424527702555]","[-1957.6389356535185, -2083.324656607372, -306.1868146014376, 395.28424527702555]","[-2034.185639303878, -1984.503595288116, -306.1868146014376, 395.28424527702464]","[-2110.7323429542325, -1885.6825339688596, -306.1868146014185, 395.28424527702555]","[-2187.2790466045863, -1786.861472649603, -306.18681460141516, 395.2842452770268]","[-2263.825750254943, -1688.0404113303466, -306.1868146014276, 395.28424527702555]","[-2340.372453905303, -1589.2193500110902, -306.1868146014385, 395.28424527702555]","[-2416.919157555664, -1490.3982886918338, -306.186814601444, 395.28424527702555]","[-2493.465861206023, -1391.5772273725777, -306.1868146014367, 395.28424527702464]","[-2570.0125648563835, -1292.756166053321, -306.18681460144217, 395.28424527702646]","[-2646.559268506743, -1193.935104734065, -306.1868146014385, 395.28424527702464]","[-2723.105972157104, -1095.1140434148083, -306.186814601444, 395.28424527702646]"
497,Robot,"[-2799.6526758074638, -996.292982095552, 0, 0]","[-2876.199379457824, -897.4719207762955, -306.18681460144035, 395.284245277026]","[-2952.7460831081835, -798.6508594570391, -306.1868146014385, 395.28424527702555]","[-3029.292786758544, -699.8297981377827, -306.18681460144217, 395.28424527702555]","[-3105.839490408904, -601.0087368185264, -306.18681460144035, 395.28424527702555]","[-3182.386194059264, -502.1876754992701, -306.18681460144035, 395.2842452770251]","[-3258.932897709623, -403.3666141800152, -306.1868146014349, 395.28424527701964]","[-3335.4796013599816, -304.5455528607602, -306.1868146014349, 395.28424527701986]","[-3412.0263050103413, -205.72449154150488, -306.1868146014388, 395.2842452770217]","[-3488.5730086607005, -106.9034302222492, -306.1868146014367, 395.2842452770227]","[-3565.11971231106, -8.082368902993629, -306.1868146014385, 395.28424527702225]","[-3641.6664159614193, 90.73869241626193, -306.1868146014367, 395.28424527702225]","[-3718.213119611779, 189.5597537355176, -306.1868146014385, 395.2842452770227]","[-3794.7598232621385, 288.38081505477305, -306.1868146014385, 395.2842452770218]","[-3871.306526912497, 387.201876374028, -306.18681460143307, 395.28424527701986]","[-3947.853230562856, 486.022937693283, -306.1868146014367, 395.28424527701986]"
498,Robot,"[-4024.399934213216, 584.843999012539, 0, 0]","[-4100.946637863576, 683.6650603317954, -306.18681460144035, 395.28424527702555]","[-4177.493341513941, 782.4861216510518, -306.18681460146036, 395.28424527702555]","[-4254.040045164306, 881.3071829703082, -306.18681460146036, 395.28424527702555]","[-4302.958683333072, 996.337469589587, -195.67455267506375, 460.1211464771154]","[-4351.877321501838, 1111.3677562088635, -195.67455267506375, 460.12114647710587]","[-4400.795959670604, 1226.3980428281398, -195.67455267506375, 460.12114647710496]","[-4449.71459783937, 1341.4283294474158, -195.67455267506375, 460.12114647710405]","[-4498.633236008136, 1456.4586160666918, -195.67455267506392, 460.12114647710445]","[-4547.551874176902, 1571.4889026859678, -195.67455267506375, 460.12114647710405]","[-4596.470512345668, 1686.5191893052438, -195.67455267506375, 460.12114647710405]","[-4645.389150514434, 1801.54947592452, -195.67455267506375, 460.12114647710496]","[-4694.3077886832, 1916.579762543796, -195.67455267506375, 460.12114647710405]","[-4743.226426851966, 2031.610049163072, -195.67455267506375, 460.12114647710405]","[-4792.145065020732, 2146.640335782348, -195.67455267506375, 460.12114647710314]","[-4841.063703189498, 2261.670622401624, -195.67455267506375, 460.12114647710405]"
499,Robot,"[-4889.982341358264, 2376.7009090209, 0, 0]","[-4844.626550229953, 2447.979826836446, 181.42316451324587, 285.11567126218506]","[-4725.197993225368, 2484.882669163348, 477.7142280183398, 147.61136930760767]","[-4605.769436220783, 2521.7855114902504, 477.7142280183398, 147.6113693076095]","[-4486.340879216198, 2558.68835381716, 477.7142280183398, 147.6113693076386]","[-4366.912322211613, 2595.59119614407, 477.7142280183398, 147.61136930764042]","[-4247.483765207028, 2632.49403847098, 477.7142280183398, 147.6113693076386]","[-4128.055208202443, 2669.396880797889, 477.7142280183398, 147.61136930763678]","[-4008.626651197867, 2706.2997231247964, 477.7142280183056, 147.61136930762964]","[-3889.198094193293, 2743.202565451703, 477.7142280182961, 147.61136930762586]","[-3769.76953718872, 2780.105407778609, 477.7142280182925, 147.61136930762405]","[-3650.340980184146, 2817.008250105515, 477.7142280182961, 147.61136930762405]","[-3530.9124231795727, 2853.9110924324214, 477.7142280182925, 147.61136930762586]","[-3411.483866174999, 2890.813934759328, 477.7142280182943, 147.61136930762586]","[-3292.055309170425, 2927.7167770862334, 477.7142280182961, 147.61136930762223]","[-3172.626752165852, 2964.61961941314, 477.7142280182925, 147.61136930762586]"
500,Robot,"[-3053.1981951612784, 3001.522461740046, 0, 0]","[-2933.769638156705, 3038.4253040669523, 477.7142280182943, 147.61136930762586]","[-2810.1116763716896, 3034.612532201458, 494.6318471400609, -15.251087461976567]","[-2685.648113676114, 3023.0444052516987, 497.8542507823022, -46.27250779903807]","[-2561.1845509805385, 3011.4762783019387, 497.8542507823022, -46.272507799039886]","[-2436.720988284963, 2999.9081513521787, 497.8542507823022, -46.272507799039886]","[-2312.257425589388, 2988.3400244024187, 497.85425078230037, -46.272507799039886]","[-2187.793862893812, 2976.771897452659, 497.854250782304, -46.272507799039886]","[-2063.3303001982363, 2965.203770502899, 497.85425078230264, -46.27250779903993]","[-1938.8667375026655, 2953.635643553139, 497.8542507822831, -46.272507799039886]","[-1814.403174807096, 2942.067516603379, 497.85425078227763, -46.272507799039886]","[-1689.939612111526, 2930.499389653619, 497.85425078228036, -46.272507799039886]","[-1565.476049415956, 2918.931262703859, 497.85425078228036, -46.272507799039886]","[-1441.0124867203865, 2907.363135754099, 497.85425078227763, -46.272507799039886]","[-1316.5489240248164, 2895.795008804339, 497.85425078228036, -46.272507799039886]","[-1192.0853613292466, 2884.226881854579, 497.85425078227945, -46.272507799039886]"
501,Robot,"[-1067.6217986336767, 2872.658754904819, 0, 0]","[-943.1582359381068, 2861.090627955059, 497.85425078227945, -46.272507799039886]","[-818.694673242537, 2849.522501005299, 497.85425078227945, -46.272507799039886]","[-694.2311105469671, 2837.954374055539, 497.85425078227945, -46.272507799039886]","[-569.7675478513972, 2826.386247105779, 497.85425078227945, -46.272507799039886]","[-445.4733860718883, 2814.8597360313406, 497.1766471180358, -46.106044297754124]","[-338.29049797896096, 2834.7433439137085, 428.7315523717093, 79.53443152947148]","[-231.46917551789835, 2898.1172002790167, 427.2852898442504, 253.49542546123303]","[-133.522428880424, 2975.6937908239165, 391.78698654989773, 310.3063621795994]","[-23.83842386730864, 3034.0677644677357, 438.7360200524614, 233.4958945752769]","[94.7942349346047, 3072.504557198368, 474.5306352076534, 153.7471709225283]","[205.96510136301103, 3127.8004830557456, 444.6834657136253, 221.1837034295113]","[297.3508690481595, 3212.973147101495, 365.54307074059386, 340.6906561829983]","[366.7733094496024, 3316.678577041535, 277.68976160577154, 414.8217197601589]","[430.8947073884097, 3423.051143728554, 256.4855917552293, 425.49026674807646]","[505.9676120032497, 3489.2602501924357, 300.29161845936005, 264.8364258555266]"
502,Robot,"[630.6207929794224, 3491.5981201265117, 0, 0]","[755.4498417011765, 3491.29603378354, 499.31619488701654, -1.2083453718860255]","[879.5722911262241, 3476.5227916282597, 496.48979770019014, -59.092968621122054]","[1003.9908445537964, 3464.5263503877745, 497.6742137102892, -47.98576496194073]","[1128.8107140092573, 3458.4747967271387, 499.27947782184356, -24.206214642543273]","[1253.2101495669976, 3458.3524430300445, 497.59774223096156, -0.48941478837696195]","[1368.436694238669, 3412.4890908671787, 460.90617868668505, -183.45340865146318]","[1477.3128909958689, 3351.080835887184, 435.5047870287999, -245.63301991997832]","[1586.1890877530684, 3289.6725809071904, 435.5047870287985, -245.6330199199749]","[1695.0652845102682, 3228.2643259272018, 435.504787028799, -245.63301991995468]","[1803.941481267468, 3166.856070947213, 435.504787028799, -245.63301991995468]","[1912.817678024668, 3105.4478159672253, 435.5047870288008, -245.63301991995104]","[2021.6938747818676, 3044.0395609872367, 435.5047870287981, -245.63301991995468]","[2130.5700715390717, 2982.631306007246, 435.5047870288163, -245.63301991996195]","[2239.4462682962767, 2921.2230510272548, 435.5047870288199, -245.6330199199656]","[2348.322465053482, 2859.814796047263, 435.50478702882174, -245.6330199199674]"
503,Robot,"[2457.198661810688, 2798.406541067271, 0, 0]","[2566.074858567893, 2736.99828608728, 435.5047870288199, -245.63301991996377]","[2674.9510553250984, 2675.5900311072883, 435.50478702882174, -245.6330199199674]","[2790.864026523716, 2643.7200506557874, 463.6518847944699, -127.4799218060034]","[2915.7328924659487, 2649.4442377860028, 499.47546376893115, 22.896748520861365]","[3040.601758408181, 2655.168424916218, 499.47546376892933, 22.896748520861365]","[3165.4706243504143, 2660.892612046437, 499.47546376893297, 22.896748520875917]","[3290.339490292647, 2666.6167991766583, 499.47546376893115, 22.896748520885012]","[3415.20835623488, 2672.34098630688, 499.4754637689316, 22.896748520886852]","[3540.0772221771126, 2678.065173437101, 499.47546376893115, 22.896748520883193]","[3664.9460881193454, 2683.789360567322, 499.47546376893115, 22.896748520885012]","[3789.814954061578, 2689.513547697544, 499.47546376893115, 22.89674852088683]","[3914.683820003811, 2695.2377348277646, 499.47546376893115, 22.896748520883193]","[4039.552685946044, 2700.961921957986, 499.47546376893297, 22.896748520885012]","[4164.42155188827, 2706.686109088206, 499.47546376890386, 22.896748520881374]","[4289.290417830492, 2712.4102962184274, 499.4754637688857, 22.896748520885012]"
504,Robot,"[4414.159283772713, 2718.134483348648, 0, 0]","[4539.028149714934, 2723.8586704788686, 499.4754637688857, 22.896748520883193]","[4663.897015657156, 2729.5828576090894, 499.4754637688857, 22.896748520883193]","[4788.765881599377, 2735.30704473931, 499.4754637688857, 22.896748520883193]","[4913.614459302211, 2741.161848558333, 499.39431081133444, 23.419215276091563]","[5038.483743262158, 2746.87690965432, 499.4771358397884, 22.860244383948157]","[5163.353027222105, 2752.5919707503067, 499.4771358397884, 22.860244383946338]","[5288.222311182052, 2758.3070318462933, 499.4771358397884, 22.860244383946338]","[5413.091595141999, 2764.02209294228, 499.47713583978884, 22.86024438394636]","[5537.960879101946, 2769.7371540382665, 499.4771358397884, 22.860244383946338]","[5662.8301630618935, 2775.452215134253, 499.4771358397884, 22.860244383946338]","[5787.699447021841, 2781.16727623024, 499.4771358397884, 22.860244383948157]","[5912.568730981788, 2786.882337326226, 499.4771358397884, 22.86024438394452]","[6037.438014941735, 2792.597398422213, 499.4771358397884, 22.860244383946338]","[6162.307298901682, 2798.3124595181994, 499.4771358397884, 22.860244383946338]","[6287.176582861629, 2804.027520614186, 499.4771358397884, 22.860244383946338]"
505,Robot,"[6412.045866821576, 2809.7425817101725, 0, 0]","[6532.841689966439, 2777.5965226864446, 483.1832925794515, -128.58423609491183]","[6653.637513111302, 2745.4504636627166, 483.1832925794515, -128.58423609491183]","[6774.433336256165, 2713.3044046389887, 483.1832925794515, -128.58423609491183]","[6895.229159401028, 2681.1583456152607, 483.1832925794515, -128.58423609491183]","[7017.750136030519, 2660.122733325581, 490.08390651796435, -84.14244915871859]","[7138.350710403364, 2627.5195304563395, 482.40229749138234, -130.41281147696645]","[7258.793837062712, 2594.076246518881, 481.7725066373896, -133.77313574983418]","[7382.20638260357, 2575.99454963079, 493.65018216343424, -72.32678755236346]","[7505.875155447498, 2575.8276439488973, 494.67509137571324, -0.6676227275711426]","[7617.224683269631, 2579.863737842114, 445.39811128853034, 16.14437557286692]","[7722.786777782059, 2583.385072779457, 422.2483780497132, 14.085339749371997]","[7819.122301915676, 2586.083182860803, 385.3420965344667, 10.792440325383723]","[7901.349937173174, 2587.522540847664, 328.9105410299926, 5.7574319474442746]","[7776.517921845741, 2581.0442733871414, -499.32806130973404, -25.913069842090408]","[7651.685906518307, 2574.566005926619, -499.32806130973404, -25.913069842090408]"
506,Robot,"[7526.853891190874, 2568.087738466096, 0, 0]","[7402.02187586344, 2561.6094710055736, -499.32806130973404, -25.913069842090408]","[7277.189860536007, 2555.131203545051, -499.32806130973404, -25.913069842090408]","[7152.357845208573, 2548.6529360845284, -499.32806130973404, -25.913069842090408]","[7027.52582988114, 2542.174668624006, -499.3280613097304, -25.913069842090408]","[6902.693814553706, 2535.696401163483, -499.3280613097377, -25.913069842090408]","[6777.8617992262725, 2529.2181337029606, -499.32806130973404, -25.913069842090408]","[6653.029783898839, 2522.739866242438, -499.32806130973404, -25.913069842090408]","[6528.191102016651, 2516.535981421315, -499.3547275287533, -24.815539284492864]","[6403.560246893621, 2508.9901000223726, -498.523420492118, -30.183525595768515]","[6278.742056068389, 2502.3354524960005, -499.2727633009308, -26.618590105488693]","[6153.907295162874, 2495.9103089438613, -499.33904362205794, -25.700574208556645]","[6029.07253425736, 2489.4851653917226, -499.33904362205794, -25.700574208554826]","[5904.2251310261, 2484.19590759854, -499.3896129250388, -21.157031172730058]","[5780.471038747061, 2466.882342381125, -495.01636911615424, -69.25426086966036]","[5656.709766165954, 2456.8984262459803, -495.04509032443093, -39.93566454057873]"
507,Robot,"[5532.048404515818, 2461.3010452905446, 0, 0]","[5407.203064301153, 2455.084854601491, -499.3813608586606, -24.864762756214986]","[5282.296881704959, 2450.384162408928, -499.62473038477765, -18.802768770250623]","[5158.583066077368, 2464.355147880361, -494.8552625103621, 55.883941885731474]","[5044.1614033801325, 2511.567259912249, -457.68665078894264, 188.84844812755182]","[4920.022659052474, 2497.141181525319, -496.55497731063224, -57.70431354771972]","[4795.919131742121, 2482.197470168171, -496.4141092414138, -59.774845428592016]","[4671.815604431768, 2467.253758811023, -496.4141092414102, -59.774845428592016]","[4547.628251455867, 2453.2835849331614, -496.74941190360596, -55.88069551144695]","[4444.785418933282, 2512.0824642348903, -411.37133009034005, 235.1955172069156]","[4351.676847857575, 2558.7478083754254, -372.434284302828, 186.6613765621405]","[4246.933451362279, 2524.522933723198, -418.97358598118444, -136.8994986089092]","[4124.667036588059, 2544.8260570744687, -489.06565909687924, 81.21249340508257]","[4001.911561414542, 2568.4076879537074, -491.0219006940679, 94.3265235169547]","[3879.156086241025, 2591.989318832946, -491.0219006940679, 94.3265235169547]","[3756.400611067508, 2615.5709497121843, -491.0219006940679, 94.32652351695288]"
508,Robot,"[3633.645135893991, 2639.152580591423, 0, 0]","[3510.8896607204742, 2662.734211470661, -491.0219006940679, 94.32652351695288]","[3388.1341855469573, 2686.3158423499, -491.0219006940679, 94.3265235169547]","[3265.3787103734403, 2709.897473229138, -491.0219006940679, 94.32652351695288]","[3142.623235199924, 2733.4791041083763, -491.02190069406606, 94.32652351695288]","[3019.8677600264064, 2757.060734987615, -491.0219006940697, 94.3265235169547]","[2897.1122848528894, 2780.642365866853, -491.0219006940679, 94.32652351695288]","[2774.3568096793724, 2804.223996746092, -491.0219006940679, 94.3265235169547]","[2651.6013345058554, 2827.80562762533, -491.02190069406834, 94.32652351695296]","[2528.8458593323385, 2851.3872585045688, -491.0219006940679, 94.3265235169547]","[2406.090384158821, 2874.968889383807, -491.0219006940697, 94.32652351695288]","[2283.3349089853045, 2898.5505202630457, -491.02190069406606, 94.3265235169547]","[2160.579433811788, 2922.132151142284, -491.02190069406606, 94.32652351695288]","[2037.8239586382704, 2945.7137820215225, -491.0219006940706, 94.3265235169547]","[1915.0684834647536, 2969.2954129007608, -491.02190069406697, 94.32652351695288]","[1792.3130082912369, 2992.8770437799994, -491.02190069406697, 94.3265235169547]"
509,Robot,"[1669.5575331177197, 3016.4586746592377, 0, 0]","[1546.8020579442027, 3040.0403055384763, -491.0219006940679, 94.3265235169547]","[1424.0465827706855, 3063.6219364177146, -491.0219006940688, 94.32652351695288]","[1301.2911075971688, 3087.203567296953, -491.02190069406697, 94.3265235169547]","[1178.5356324236518, 3110.7851981761914, -491.0219006940679, 94.32652351695288]","[1055.7801572501348, 3134.36682905543, -491.0219006940679, 94.3265235169547]","[933.02468207662, 3157.948459934668, -491.02190069405924, 94.32652351695106]","[810.2692069031059, 3181.5300908139056, -491.0219006940565, 94.32652351695106]","[687.5137317295918, 3205.111721693144, -491.02190069405697, 94.32652351695296]","[564.7582565560776, 3228.6933525723816, -491.0219006940565, 94.32652351695106]","[442.0027813825635, 3252.2749834516194, -491.0219006940565, 94.32652351695106]","[319.2473062090494, 3275.8566143308576, -491.0219006940565, 94.32652351695288]","[325.88128698651445, 3235.1048143160256, 26.535923109860278, -163.00720005932817]","[418.7749050646323, 3151.464060371813, 371.57447231247147, -334.5630157768501]","[511.6685231427502, 3067.823306427601, 371.57447231247147, -334.56301577684826]","[604.5621412208678, 2984.1825524833894, 371.57447231247056, -334.56301577684644]"
510,Robot,"[697.4557592989843, 2900.5417985391773, 0, 0]","[790.3493773771007, 2816.901044594965, 371.5744723124658, -334.5630157768501]","[883.2429954552172, 2733.260290650753, 371.5744723124658, -334.56301577684644]","[976.1366135333336, 2649.619536706541, 371.5744723124658, -334.56301577684826]","[1092.1050001193585, 2604.9185150227745, 463.8735463440994, -178.80408673506645]","[1210.0798883147668, 2563.603557013829, 471.89955278163325, -165.2598320357829]","[1328.054776510175, 2522.288599004884, 471.89955278163325, -165.25983203577925]","[1446.0296647055834, 2480.9736409959387, 471.89955278163325, -165.25983203578107]","[1564.0045529009917, 2439.6586829869934, 471.89955278163364, -165.25983203578122]","[1681.9794410964, 2398.343724978048, 471.89955278163325, -165.25983203578107]","[1799.9543292918083, 2357.028766969103, 471.89955278163325, -165.25983203578107]","[1917.9292174872169, 2315.7138089601576, 471.89955278163416, -165.25983203578107]","[2035.904105682625, 2274.3988509512124, 471.89955278163234, -165.25983203578107]","[2153.8789938780333, 2233.083892942267, 471.89955278163325, -165.25983203578107]","[2271.8538820734416, 2191.768934933322, 471.89955278163325, -165.25983203578107]","[2389.82877026885, 2150.4539769243765, 471.89955278163325, -165.25983203578107]"
511,Robot,"[2507.803658464258, 2109.1390189154317, 0, 0]","[2625.7785466596665, 2067.824060906486, 471.89955278163325, -165.2598320357829]","[2743.753434855075, 2026.5091028975376, 471.89955278163325, -165.2598320357938]","[2861.728323050483, 1985.1941448885864, 471.89955278163325, -165.25983203580472]","[2979.7032112458915, 1943.879186879636, 471.89955278163325, -165.25983203580108]","[3097.6780994413, 1902.5642288706847, 471.89955278163507, -165.25983203580563]","[3215.652987636708, 1861.2492708617335, 471.8995527816314, -165.25983203580472]","[3333.6278758321164, 1819.9343128527828, 471.89955278163325, -165.2598320358029]","[3451.6027640275247, 1778.6193548438318, 471.89955278163364, -165.25983203580395]","[3569.577652222933, 1737.304396834881, 471.89955278163325, -165.2598320358038]","[3687.552540418341, 1695.98943882593, 471.8995527816314, -165.2598320358038]","[3805.5274286137496, 1654.674480816979, 471.89955278163507, -165.2598320358038]","[3923.502316809158, 1613.359522808028, 471.89955278163325, -165.2598320358038]","[4041.4772050045663, 1572.044564799077, 471.89955278163325, -165.2598320358038]","[4159.452093199974, 1530.729606790126, 471.8995527816314, -165.25983203580472]","[4277.426981395382, 1489.4146487811752, 471.89955278163325, -165.2598320358029]"
512,Robot,"[4395.401869590791, 1448.0996907722242, 0, 0]","[4513.376757786199, 1406.7847327632733, 471.89955278163325, -165.2598320358038]","[4631.351645981607, 1365.4697747543223, 471.89955278163325, -165.2598320358038]","[4749.326534177016, 1324.1548167453714, 471.89955278163325, -165.2598320358038]","[4867.301422372424, 1282.8398587364204, 471.89955278163325, -165.2598320358038]","[4985.276310567832, 1241.5249007274697, 471.89955278163325, -165.2598320358029]","[5103.251198763241, 1200.2099427185185, 471.89955278163325, -165.25983203580472]","[5221.226086958649, 1158.8949847095676, 471.89955278163325, -165.2598320358038]","[5339.200975154057, 1117.5800267006166, 471.89955278163364, -165.25983203580395]","[5457.1758633494655, 1076.2650686916656, 471.89955278163325, -165.2598320358038]","[5571.702598240418, 1027.8169968763202, 458.10693956381147, -193.79228726138172]","[5677.362653205629, 961.0266324159631, 422.64021986084117, -267.1614578414283]","[5783.022708170839, 894.2362679556062, 422.64021986084117, -267.1614578414278]","[5888.682763136049, 827.4459034952492, 422.64021986084117, -267.1614578414278]","[5994.34281810126, 760.6555390348923, 422.64021986084117, -267.1614578414278]","[6100.00287306647, 693.8651745745353, 422.64021986084117, -267.1614578414278]"
513,Robot,"[6205.66292803168, 627.0748101141784, 0, 0]","[6311.3229829968905, 560.2844456538214, 422.64021986084117, -267.1614578414278]","[6416.983037962101, 493.49408119346447, 422.64021986084117, -267.1614578414278]","[6522.786487899561, 426.9407859182765, 423.2137997498394, -266.21318110075185]","[6628.541505059681, 360.3087327057266, 423.02006864048235, -266.5282128501997]","[6734.1886558980805, 293.4979587263256, 422.58860335359714, -267.243095917604]","[6839.9857001577575, 227.6461824186051, 423.1881770387081, -263.40710523088194]","[6952.039158448487, 176.15322868629457, 448.2138331629176, -205.9718149292421]","[7068.025969211616, 135.5189703071604, 463.94724305251697, -162.5370335165368]","[7191.343883859458, 122.64063380056383, 493.2716585913695, -51.51334602638627]","[7286.447798498325, 128.51008124942896, 380.4156585554665, 23.477789795460524]","[7376.35478957883, 133.98944638203918, 359.62796432201867, 21.91746053044085]","[7463.0463334722435, 139.16284386363185, 346.76617557365535, 20.69358992637069]","[7546.278746432277, 144.00708584122256, 332.9296518401352, 19.37696791036285]","[7625.823401845653, 148.50041722384438, 318.1786216535038, 17.973325530487273]","[7701.476508678305, 152.62344616371203, 302.6124273306086, 16.492115759470607]"
514,Robot,"[7773.068832034706, 156.36006902138442, 0, 0]","[7837.432031825495, 138.94404464746268, 257.45279916315485, -69.66409749568697]","[7904.184781535441, 54.84226997563434, 267.0109988397853, -336.40709868731335]","[7980.167744096566, -44.412903191483615, 303.9318502444985, -397.02069266847184]","[8056.15070665769, -143.6680763586014, 303.93185024449485, -397.02069266847116]","[8082.667521749246, -249.73403149257783, 106.06726036622422, -424.26382053590567]","[8166.733055759251, -338.1119319424008, 336.2621360400226, -353.51160179929195]","[8246.661526721091, -434.2183288663455, 319.7138838473584, -384.42558769577863]","[8326.589997682931, -530.3247257902905, 319.7138838473623, -384.42558769578034]","[8406.518468644772, -626.4311227142366, 319.713883847362, -384.42558769578454]","[8435.178346278704, -726.9136249878104, 114.63951053572964, -401.9300090942952]","[8372.694057996363, -835.1758701051691, -249.93715312936547, -433.0489804694348]","[8258.112351784937, -861.8327588335754, -458.3268248457025, -106.62755491362532]","[8133.607327872731, -872.9457701545622, -498.0200956488261, -44.45204528394697]","[8009.102303960524, -884.0587814755489, -498.0200956488261, -44.45204528394697]","[7884.597280048318, -895.1717927965357, -498.0200956488261, -44.45204528394697]"
515,Robot,"[7760.092256136111, -906.2848041175224, 0, 0]","[7635.587232223905, -917.3978154385092, -498.0200956488261, -44.45204528394697]","[7511.082208311698, -928.510826759496, -498.0200956488261, -44.45204528394743]","[7386.577184399492, -939.6238380804826, -498.0200956488261, -44.45204528394652]","[7262.072160487285, -950.7368494014694, -498.0200956488261, -44.45204528394697]","[7137.567136575079, -961.849860722456, -498.0200956488261, -44.45204528394652]","[7013.062112662872, -972.9628720434428, -498.0200956488261, -44.45204528394697]","[6888.557088750666, -984.0758833644296, -498.0200956488261, -44.45204528394743]","[6764.052064838459, -995.1888946854164, -498.02009564882655, -44.452045283947015]","[6639.5470409262525, -1006.301906006404, -498.0200956488261, -44.45204528395061]","[6515.042017014046, -1017.414917327392, -498.0200956488261, -44.452045283951975]","[6390.53699310184, -1028.5279286483797, -498.02009564882246, -44.45204528395061]","[6266.031969189633, -1039.6409399693664, -498.02009564882974, -44.45204528394697]","[6141.526945277426, -1050.7539512903531, -498.0200956488261, -44.45204528394697]","[6017.02192136522, -1061.86696261134, -498.0200956488261, -44.45204528394788]","[5892.516897453013, -1072.9799739323266, -498.0200956488261, -44.45204528394606]"
516,Robot,"[5768.011873540807, -1084.0929852533134, 0, 0]","[5643.5068496286, -1095.2059965743, -498.0200956488261, -44.45204528394606]","[5519.001825716394, -1106.3190078952869, -498.0200956488261, -44.45204528394788]","[5394.496801804187, -1117.4320192162736, -498.0200956488261, -44.45204528394697]","[5269.991777891981, -1128.5450305372603, -498.0200956488261, -44.45204528394697]","[5145.486753979774, -1139.6580418582491, -498.0200956488261, -44.45204528395516]","[5020.981730067568, -1150.7710531792388, -498.0200956488261, -44.452045283958796]","[4902.245701852525, -1177.773572089263, -474.944112860172, -108.01007564009706]","[4782.682683512488, -1214.238355349917, -478.2520733601454, -145.85913304261535]","[4663.226711269318, -1251.052021626966, -477.82388897268174, -147.2546651081966]","[4544.054930216422, -1288.773217690077, -476.6871242115849, -150.88478425244375]","[4425.661993812797, -1328.8673434918044, -473.5717456144994, -160.37650320690955]","[4307.550911909079, -1369.7911116524217, -472.4443276148704, -163.6950726424693]","[4189.63162318884, -1411.263949300928, -471.67715488095564, -165.89135059402543]","[4072.070201455188, -1453.738821824479, -470.2456869346097, -169.89949009420343]","[3955.366592906571, -1498.211453083399, -466.81443419446805, -177.89052503568018]"
517,Robot,"[3854.8839475556088, -1565.8165430080967, 0, 0]","[3738.0978527639536, -1608.4031739068346, -467.14437916662064, -170.34652359495158]","[3619.3677901516176, -1647.4949886805107, -474.92025044934417, -156.36725909470442]","[3500.695522414917, -1686.761887683569, -474.68907094680253, -157.06759601223348]","[3382.096521888533, -1726.249497451577, -474.39600210553544, -157.95043907203217]","[3263.5939642101357, -1766.025539875347, -474.0102307135894, -159.1041696950797]","[3145.225936805852, -1806.2000227500307, -473.47210961713427, -160.69793149873476]","[3026.0510576964107, -1843.4902893365704, -476.69951643776585, -149.1610663461588]","[2904.3685316340698, -1872.0973313208003, -486.7301042493641, -114.42816793691973]","[2782.686005571729, -1900.704373305031, -486.73010424936365, -114.42816793692236]","[2661.003479509388, -1929.3114152892613, -486.73010424936365, -114.42816793692145]","[2539.320953447047, -1957.918457273492, -486.73010424936365, -114.42816793692327]","[2417.638427384706, -1986.525499257722, -486.73010424936365, -114.42816793691964]","[2295.955901322365, -2015.1325412419524, -486.73010424936365, -114.42816793692145]","[2174.2733752600243, -2043.7395832261827, -486.73010424936365, -114.42816793692145]","[2052.5908491976834, -2072.346625210413, -486.73010424936365, -114.42816793692145]"
518,Robot,"[1930.9083231353425, -2100.9536671946435, 0, 0]","[1809.2257970730016, -2129.560709178874, -486.73010424936365, -114.42816793692145]","[1687.5432710106606, -2158.167751163104, -486.73010424936365, -114.42816793692145]","[1565.8607449483195, -2186.7747931473345, -486.73010424936456, -114.42816793692145]","[1444.1782188859788, -2215.381835131565, -486.73010424936274, -114.42816793692145]","[1322.495692823638, -2243.9888771157957, -486.73010424936365, -114.42816793692327]","[1200.813166761297, -2272.5959191000256, -486.73010424936365, -114.42816793691964]","[1079.130640698956, -2301.202961084256, -486.73010424936365, -114.42816793692145]","[957.4481146366152, -2329.8100030684864, -486.7301042493641, -114.42816793692155]","[837.4014527272291, -2361.067841325698, -480.1866476375444, -125.03135302884584]","[736.6282471199181, -2433.2067830569217, -403.0928224292438, -288.5557669248956]","[664.0584992338205, -2534.5768970995955, -290.27899154439046, -405.4804561706951]","[590.3246328654424, -2635.418466037008, -294.9354654735125, -403.3662757496495]","[504.5239667610154, -2725.5989281375964, -343.20266441770787, -360.7218484023542]","[410.2298756337804, -2803.429940892, -377.17636450893997, -311.3240510176147]","[347.4812284678994, -2909.5174475966865, -250.99458866352393, -424.3500268187454]"
519,Robot,"[261.24685746178966, -2964.184813104885, 0, 0]","[138.16033193719284, -2942.410125111469, -492.3461020983873, 87.09875197366455]","[15.073072769172242, -2920.626492941774, -492.3490366720824, 87.13452867878004]","[-108.01418639884837, -2898.842860772079, -492.34903667208243, 87.13452867878004]","[-231.1014455668688, -2877.059228602384, -492.3490366720817, 87.13452867878004]","[-354.18870473488965, -2855.275596432689, -492.34903667208346, 87.13452867878004]","[-477.2759639029107, -2833.491964262994, -492.34903667208414, 87.13452867878004]","[-600.4606884633196, -2814.5036343001275, -492.7388982416355, 75.9533198514655]","[-724.7662650361993, -2827.6612797157904, -497.22230629151954, -52.63058166265187]","[-849.0718416090791, -2840.8189251314534, -497.2223062915191, -52.63058166265182]","[-973.3774181819588, -2853.9765705471164, -497.22230629151863, -52.63058166265182]","[-1097.6829947548383, -2867.1342159627798, -497.2223062915182, -52.63058166265364]","[-1221.9885713277183, -2880.2918613784423, -497.22230629152, -52.63058166265]","[-1346.294147900598, -2893.449506794105, -497.2223062915191, -52.63058166265182]","[-1470.599724473478, -2906.607152209768, -497.22230629152, -52.63058166265182]","[-1594.9053010463576, -2919.764797625431, -497.2223062915182, -52.63058166265182]"
520,Robot,"[-1719.2108776192374, -2932.922443041094, 0, 0]","[-1843.5164541921167, -2946.080088456757, -497.22230629151727, -52.63058166265182]","[-1967.822030764997, -2959.23773387242, -497.2223062915209, -52.63058166265182]","[-2092.127607337875, -2972.395379288083, -497.2223062915118, -52.63058166265182]","[-2216.433183910749, -2985.553024703746, -497.22230629149635, -52.63058166265182]","[-2340.738760483623, -2998.7106701194066, -497.22230629149635, -52.630581662642726]","[-2465.044337056497, -3011.868315535064, -497.22230629149635, -52.63058166262999]","[-2589.3499136293717, -3025.02596095072, -497.22230629149817, -52.630581662624536]","[-2713.6554902022453, -3038.183606366377, -497.222306291495, -52.630581662626405]","[-2837.9610667751194, -3051.341251782034, -497.22230629149635, -52.630581662628174]","[-2962.266643347993, -3064.4988971976904, -497.22230629149453, -52.630581662626355]","[-3086.572219920868, -3077.6565426133475, -497.2223062915, -52.630581662628174]","[-3210.8777964937417, -3090.814188029004, -497.22230629149453, -52.630581662626355]","[-3335.183373066616, -3103.971833444661, -497.22230629149635, -52.630581662628174]","[-3459.48894963949, -3117.1294788603177, -497.22230629149635, -52.630581662626355]","[-3583.794526212364, -3130.2871242759743, -497.22230629149635, -52.630581662626355]"
521,Robot,"[8040.823528354198, 2741.1557231006705, 0, 0]","[7933.851363021821, 2676.487679647179, -427.88866132950716, -258.67217381396586]","[7826.879197689444, 2611.8196361936875, -427.8886613295108, -258.67217381396586]","[7719.907032357068, 2547.151592740196, -427.8886613295035, -258.67217381396586]","[7612.934867024691, 2482.4835492867046, -427.88866132950716, -258.67217381396586]","[7505.962701692314, 2417.815505833213, -427.88866132950716, -258.67217381396586]","[7402.514309037776, 2360.069661925135, -413.79357061815244, -230.98337563231325]","[7295.918992676577, 2294.782308403532, -426.38126544479746, -261.1494140864106]","[7189.323676315377, 2229.4949548819286, -426.38126544479786, -261.1494140864145]","[7082.728359954178, 2164.207601360325, -426.38126544479746, -261.14941408641425]","[6963.361261761303, 2155.205949568427, -477.4683927715014, -36.00660716759194]","[6839.027359522775, 2168.093181782525, -497.33560895410847, 51.548928856391285]","[6714.693457284248, 2180.9804139966227, -497.33560895410847, 51.548928856391285]","[6590.359555045721, 2193.8676462107205, -497.33560895410847, 51.548928856391285]","[6466.025652807194, 2206.7548784248183, -497.33560895410847, 51.548928856391285]","[6346.033675419835, 2214.257114630161, -479.9679095494357, 30.008944821371188]"
522,Robot,"[6221.712004109145, 2227.261807726061, 0, 0]","[6097.390332798454, 2240.266500821961, -497.28668524276145, 52.01877238360066]","[5973.068661487764, 2253.2711939178603, -497.28668524276145, 52.018772383597025]","[5861.3724661062615, 2270.777274455153, -446.7847815260102, 70.02432214917098]","[5746.629257495079, 2302.608936316934, -458.9728344447285, 127.32664744712383]","[5622.237230025054, 2314.9224858415173, -497.5681098801033, 49.25419809833329]","[5500.145752322625, 2338.8178550759067, -488.36591080971266, 95.58147693755745]","[5390.726776756357, 2398.165277626532, -437.6759022650731, 237.3896902025008]","[5276.789239946442, 2446.900927844845, -455.750147239662, 194.94260087325182]","[5166.772283194973, 2506.2166425278538, -440.0678270058743, 237.26285873203597]","[5050.647890749107, 2549.235448008528, -464.4975697834634, 172.07522192269607]","[4932.857934546178, 2589.334906860802, -471.15982481171886, 160.39783540909775]","[4808.480390266313, 2598.4167104141075, -497.5101771194568, 36.32721421322094]","[4687.880572538131, 2629.132107673711, -482.3992709127306, 122.86158903841351]","[4568.379821287449, 2665.39594698887, -478.00300500272715, 145.0553572606368]","[4443.626158150781, 2670.99217432282, -499.01465254667346, 22.38490933580033]"
523,Robot,"[4318.667314105599, 2674.199555636543, 0, 0]","[4193.708470060417, 2677.4069369502663, -499.8353761807266, 12.82952525489236]","[4068.7649714352297, 2681.021310181991, -499.77399450075063, 14.45749292689834]","[3943.807488623687, 2684.2681574384515, -499.8299312461713, 12.987389025842276]","[3818.848128199996, 2687.4553572285536, -499.8374416947627, 12.748799160408453]","[3693.8887677763055, 2690.642557018656, -499.8374416947627, 12.748799160410272]","[3568.929407352615, 2693.829756808758, -499.8374416947627, 12.748799160406634]","[3443.970046928924, 2697.01695659886, -499.8374416947627, 12.748799160408453]","[3319.010686505233, 2700.204156388962, -499.83744169476495, 12.748799160408463]","[3194.051326081543, 2703.391356179064, -499.83744169476086, 12.748799160408453]","[3069.091965657852, 2706.5785559691662, -499.8374416947627, 12.748799160408453]","[2944.132605234161, 2709.7657557592684, -499.8374416947645, 12.748799160408453]","[2819.173244810471, 2712.9529555493705, -499.83744169476086, 12.748799160408453]","[2694.21388438678, 2716.1401553394726, -499.8374416947627, 12.748799160408453]","[2569.254523963089, 2719.3273551295747, -499.8374416947645, 12.748799160408453]","[2444.295163539399, 2722.514554919677, -499.83744169476086, 12.748799160408453]"
524,Robot,"[2319.335803115708, 2725.701754709779, 0, 0]","[2194.376442692017, 2728.888954499881, -499.8374416947645, 12.748799160408453]","[2069.417082268327, 2732.076154289983, -499.83744169476086, 12.748799160408453]","[1944.457721844636, 2735.2633540800853, -499.8374416947636, 12.748799160408453]","[1819.4983614209452, 2738.4505538701874, -499.8374416947627, 12.748799160408453]","[1694.5390009972548, 2741.637753660289, -499.83744169476176, 12.748799160406634]","[1569.579640573564, 2744.824953450392, -499.8374416947636, 12.74879916041209]","[1448.6986607617623, 2732.128521440693, -483.5239192472063, -50.78572803879615]","[1340.7325528876086, 2669.13392206498, -431.8644314966154, -251.97839750285152]","[1232.7664450134548, 2606.139322689267, -431.864431496615, -251.9783975028531]","[1124.800337139306, 2543.1447233135536, -431.864431496595, -251.9783975028531]","[1016.8342292651578, 2480.1501239378404, -431.86443149659317, -251.9783975028531]","[908.8681213910068, 2417.155524562127, -431.8644314966041, -251.9783975028531]","[800.902013516856, 2354.160925186414, -431.8644314966032, -251.9783975028531]","[692.935905642705, 2291.166325810698, -431.86443149660363, -251.97839750286403]","[584.9697977685541, 2228.1717264349786, -431.86443149660363, -251.97839750287676]"
525,Robot,"[477.0036898944032, 2165.177127059259, 0, 0]","[369.03758202025233, 2102.18252768354, -431.8644314966034, -251.97839750287676]","[261.0714741461014, 2039.1879283078208, -431.86443149660363, -251.97839750287585]","[153.1053662719512, 1976.1933289321016, -431.8644314966009, -251.97839750287676]","[45.139258397800965, 1913.198729556383, -431.8644314966009, -251.97839750287494]","[-62.8268494763494, 1850.204130180664, -431.86443149660147, -251.97839750287585]","[-170.79295735049962, 1787.2095308049447, -431.8644314966009, -251.97839750287676]","[-278.75906522465, 1724.2149314292258, -431.86443149660147, -251.97839750287585]","[-386.7251730988009, 1661.2203320535068, -431.864431496604, -251.97839750287608]","[-494.6912809729518, 1598.2257326777878, -431.86443149660363, -251.97839750287585]","[-454.5242775905244, 1575.884692032805, 160.6680135297097, -89.36416257993096]","[-344.30732868097124, 1529.0672635448948, 440.86779563821256, -187.26971395164128]","[-247.4027381485033, 1526.024478244474, 387.6183621298718, -12.171141201682985]","[-153.44443836901783, 1530.1911716344114, 375.83319911794183, 16.666773559749345]","[-46.095350499448784, 1487.7588594141482, 429.3963514782762, -169.72924888105263]","[65.4159956461468, 1431.276829698518, 446.0453845823823, -225.92811886252093]"
526,Robot,"[176.92734179174232, 1374.7947999828878, 0, 0]","[288.43868793733805, 1318.3127702672575, 446.0453845823829, -225.92811886252093]","[399.9500340829343, 1261.8307405516273, 446.04538458238494, -225.92811886252093]","[511.4613802285305, 1205.348710835997, 446.04538458238494, -225.92811886252093]","[622.9727263741268, 1148.8666811203668, 446.04538458238494, -225.92811886252093]","[734.484072519723, 1092.3846514047366, 446.04538458238494, -225.92811886252093]","[845.9954186653192, 1035.9026216891064, 446.04538458238494, -225.92811886252093]","[957.5067648109156, 979.4205919734784, 446.0453845823854, -225.92811886251184]","[1069.0181109565117, 922.938562257851, 446.0453845823849, -225.92811886250976]","[1180.529457102108, 866.4565325422236, 446.04538458238494, -225.92811886250956]","[1292.0408032477042, 809.9745028265962, 446.04538458238494, -225.92811886250956]","[1403.5521493933004, 753.4924731109688, 446.04538458238494, -225.92811886250956]","[1515.0634955388966, 697.0104433953414, 446.04538458238494, -225.92811886250956]","[1626.5748416844929, 640.528413679714, 446.04538458238494, -225.92811886250956]","[1738.086187830089, 584.0463839640867, 446.04538458238494, -225.92811886250956]","[1849.597533975685, 527.5643542484579, 446.04538458238403, -225.92811886251502]"
527,Robot,"[1961.1088801212816, 471.082324532829, 0, 0]","[2072.6202262668776, 414.60029481720017, 446.04538458238403, -225.92811886251525]","[2184.131572412474, 358.1182651015713, 446.04538458238494, -225.92811886251548]","[2295.64291855807, 301.63623538594254, 446.04538458238494, -225.92811886251502]","[2407.1542647036663, 245.15420567031373, 446.04538458238494, -225.92811886251525]","[2518.6656108492625, 188.6721759546849, 446.04538458238494, -225.92811886251536]","[2630.1769569948588, 132.1901462390561, 446.04538458238494, -225.92811886251513]","[2741.688303140455, 75.7081165234273, 446.04538458238494, -225.92811886251525]","[2853.199649286051, 19.22608680779846, 446.04538458238534, -225.92811886251553]","[2960.7918397945546, -31.186072140026464, 430.36876203401334, -201.64863579129968]","[3067.870473801051, -69.53452024552189, 428.31453602598594, -153.3937924219817]","[3177.4963787090583, -105.5797352583264, 438.50361963202886, -144.18086005121802]","[3286.2601553913632, -141.65916683577169, 435.0551067292199, -144.31772630978116]","[3394.010958003104, -177.77905284683405, 431.00321044696284, -144.47954404424945]","[3500.5578593300834, -213.9470182175073, 426.1876053079177, -144.67186148269298]","[3604.922167440185, -240.22633801539612, 417.4572324404071, -105.11727919155533]"
528,Robot,"[3709.598716508668, -304.8276842243596, 0, 0]","[3814.345609297623, -373.0412345722187, 418.98757115581975, -272.8542013914364]","[3919.0925020865775, -441.2547849200778, 418.98757115581793, -272.8542013914364]","[4023.839394875534, -509.4683352679369, 418.9875711558252, -272.8542013914364]","[4128.586287664486, -577.6818856157973, 418.98757115580884, -272.85420139144185]","[4236.164062124519, -630.9542548134663, 430.31109784013097, -213.0894767906757]","[4358.603965357767, -605.7854229726393, 489.75961293299406, 100.67532736330804]","[4481.043868591016, -580.6165911318122, 489.75961293299406, 100.67532736330804]","[4603.483771824264, -555.4477592909852, 489.7596129329945, 100.67532736330813]","[4725.923675057513, -530.2789274501582, 489.75961293299406, 100.67532736330804]","[4848.363578290761, -505.1100956093308, 489.75961293299406, 100.67532736330963]","[4970.80348152401, -479.9412637685024, 489.75961293299406, 100.67532736331373]","[5093.243384757258, -454.772431927674, 489.75961293299406, 100.6753273633135]","[5215.683287990507, -429.6036000868455, 489.75961293299406, 100.67532736331395]","[5338.123191223755, -404.4347682460171, 489.75961293299406, 100.67532736331373]","[5460.563094457004, -379.2659364051887, 489.75961293299406, 100.6753273633135]"
529,Robot,"[5583.002997690252, -354.0971045643602, 0, 0]","[5705.442900923501, -328.9282727235318, 489.75961293299406, 100.67532736331373]","[5827.882804156749, -303.7594408827041, 489.75961293299406, 100.67532736331077]","[5950.322707389998, -278.59060904187714, 489.75961293299406, 100.67532736330782]","[6072.762610623247, -253.42177720105005, 489.7596129329977, 100.67532736330838]","[6195.202513856495, -228.25294536022236, 489.7596129329904, 100.67532736331077]","[6317.642417089744, -203.0841135193946, 489.7596129329977, 100.675327363311]","[6440.082320322992, -177.91528167856688, 489.7596129329904, 100.67532736331088]","[6562.5222235562405, -152.74644983773916, 489.7596129329945, 100.67532736331097]","[6684.962126789489, -127.57761799691146, 489.75961293299406, 100.67532736331083]","[6807.402030022738, -102.40878615608408, 489.75961293299406, 100.67532736330952]","[6929.841933255986, -77.23995431525672, 489.75961293299406, 100.6753273633094]","[7052.281836489235, -52.07112247442943, 489.75961293299406, 100.67532736330918]","[7174.721739722483, -26.90229063360224, 489.75961293299406, 100.67532736330875]","[7297.161642955732, -1.7334587927750886, 489.75961293299406, 100.67532736330861]","[7419.60154618898, 23.43537304805197, 489.75961293299406, 100.67532736330824]"
530,Robot,"[7542.041449422229, 48.60420488887896, 0, 0]","[7664.481352655477, 73.77303672970572, 489.75961293299406, 100.67532736330705]","[7786.921255888726, 98.94186857053238, 489.75961293299406, 100.67532736330662]","[7909.361159121974, 124.1107004113589, 489.75961293299406, 100.67532736330611]","[7978.799498340012, 177.527486240613, 277.7533568721519, 213.66714331701638]","[7923.841315813523, 289.5788143673406, -219.83273010595803, 448.20531250691045]","[7843.780232128061, 383.507159011298, -320.24433474184843, 375.71337857582944]","[7741.778642761775, 424.7100187566938, -408.0063574651431, 164.81143898158325]","[7625.7582481502095, 395.2250727441631, -464.0815784462615, -117.93978405012273]","[7507.443348145598, 354.89413626980814, -473.2596000184458, -161.32374589741994]","[7389.128448140987, 314.5631997954532, -473.2596000184458, -161.3237458974197]","[7270.813548136375, 274.2322633210983, -473.2596000184458, -161.3237458974197]","[7152.498648131764, 233.90132684674336, -473.2596000184458, -161.3237458974197]","[7034.183748127152, 193.57039037238843, -473.2596000184458, -161.3237458974197]","[6915.868848122541, 153.2394538980335, -473.2596000184458, -161.3237458974197]","[6797.553948117929, 112.90851742367856, -473.2596000184458, -161.32374589741977]"
531,Robot,"[6679.239048113318, 72.57758094932365, 0, 0]","[6560.9241481087065, 32.24664447496886, -473.2596000184458, -161.32374589741914]","[6442.609248104095, -8.084291999385787, -473.2596000184458, -161.32374589741858]","[6324.294348099484, -48.41522847374031, -473.2596000184458, -161.32374589741806]","[6205.877058999276, -88.4393095642989, -473.6691564008288, -160.09632436223436]","[6087.050213516686, -127.23596911967428, -475.30738193036086, -155.18663822150154]","[5968.223368034096, -166.0326286750499, -475.30738193036086, -155.18663822150245]","[5873.025563568205, -209.09318556808572, -380.79121786356336, -172.2422275721433]","[5760.772221298168, -256.6747444514091, -449.01336908014895, -190.32623553329364]","[5642.114779946546, -295.6491587867416, -474.6297654064874, -155.89765734133016]","[5543.05693546133, -371.13135866524624, -396.23137794086506, -301.92879951401846]","[5452.01552790169, -456.65519799463806, -364.16563023855997, -342.0953573175673]","[5336.452142586822, -500.34849923444176, -462.2535412594698, -174.7732049592148]","[5215.845180300308, -532.6709837015825, -482.42784914605727, -129.2899378685629]","[5107.174182188243, -592.0211476548584, -434.68399244825923, -237.40065581310364]","[5008.127712613702, -666.8567056241752, -396.18587829816533, -299.3422318772673]"
532,Robot,"[4887.647006192819, -696.9266352521553, 0, 0]","[4770.4776345818, -725.9381358439616, -468.67748644407766, -116.04600236722536]","[4662.657331016457, -764.6992440761179, -431.28121426137295, -155.04443292862516]","[4558.606880331527, -814.0962934697411, -416.20180273972073, -197.58819757449282]","[4449.915743015703, -872.770394574498, -434.7645492632946, -234.69640441902766]","[4338.225635442224, -928.8636651882764, -446.7604302939144, -224.3730824551135]","[4226.16113820309, -984.238532113948, -448.2579889565386, -221.49946770268662]","[4114.915371624258, -1041.2380962011991, -444.98306631532614, -227.99825634900435]","[4005.065005939175, -1100.8758419874157, -439.40146274033253, -238.55098314486642]","[3897.848929113008, -1165.1062913623557, -428.8643073046678, -256.92179749976003]","[3799.588100562868, -1233.2303829015596, -393.0433142005604, -272.4963661568154]","[3718.270778898144, -1268.168671389707, -325.2692866588968, -139.75315395258986]","[3620.821319365113, -1207.756538628552, -389.7978381321227, 241.64853104461963]","[3496.0070336124927, -1214.5678580355698, -499.25714301048174, -27.245277628070653]","[3371.1927478598723, -1221.3791774425877, -499.25714301048174, -27.245277628071563]","[3246.378462107252, -1228.1904968496056, -499.25714301048174, -27.245277628071563]"
533,Robot,"[3121.5641763546314, -1235.0018162566234, 0, 0]","[2996.749890602011, -1241.813135663641, -499.25714301048174, -27.245277628070653]","[2871.9356048493905, -1248.6244550706592, -499.25714301048174, -27.245277628072472]","[2747.12131909677, -1255.4357744776771, -499.25714301048174, -27.245277628071563]","[2622.3070333441497, -1262.247093884695, -499.25714301048174, -27.245277628071563]","[2497.492747591529, -1269.058413291713, -499.25714301048174, -27.245277628071563]","[2372.678461838909, -1275.8697326987308, -499.25714301048174, -27.245277628071563]","[2247.8641760862884, -1282.681052105749, -499.25714301048174, -27.245277628072472]","[2123.049890333668, -1289.4923715127666, -499.2571430104822, -27.245277628070678]","[1998.2356045810495, -1296.3036909197845, -499.25714301047356, -27.245277628071563]","[1873.421318828435, -1303.1150103268023, -499.2571430104581, -27.245277628071563]","[1748.6070330758205, -1309.9263297338202, -499.2571430104581, -27.245277628071563]","[1623.7927473232055, -1316.737649140838, -499.2571430104599, -27.245277628070653]","[1498.9784615705908, -1323.548968547856, -499.257143010459, -27.245277628072472]","[1374.164175817976, -1330.360287954874, -499.257143010459, -27.245277628071563]","[1249.3498900653613, -1337.1716073618918, -499.257143010459, -27.245277628071563]"
534,Robot,"[1124.5356043127465, -1343.9829267689097, 0, 0]","[1004.0041547665708, -1368.104228069592, -482.12579818470294, -96.48520520272905]","[895.1860481597885, -1427.3060331991985, -435.2724264271292, -236.80722051842622]","[788.050803712498, -1479.7687922494592, -428.54097778916184, -209.85103620104292]","[663.0723935089787, -1482.0919330115887, -499.9136408140771, -9.292563048517877]","[538.13806255039, -1484.5429898505097, -499.7373238343548, -9.804227355683906]","[417.7022806076791, -1499.7772518820143, -481.7431277708438, -60.93704812601845]","[295.63753477312184, -1509.8298472466158, -488.258983338229, -40.21038145840612]","[170.64515539947809, -1511.2101003085943, -499.9695174945755, -5.521012247913864]","[45.65277602583432, -1512.5903533705728, -499.96951749457503, -5.521012247913859]","[-79.33960334780949, -1513.9706064325512, -499.96951749457526, -5.521012247913859]","[-204.3319827214532, -1515.3508594945297, -499.9695174945748, -5.521012247913859]","[-329.3243620950972, -1516.7311125565082, -499.96951749457594, -5.521012247913859]","[-454.31674146874144, -1518.1113656184866, -499.9695174945771, -5.521012247913859]","[-579.3091208423849, -1519.491618680465, -499.9695174945739, -5.521012247913859]","[-704.3015002160278, -1520.8718717424435, -499.9695174945714, -5.521012247913859]"
535,Robot,"[-829.2938795896706, -1522.252124804422, 0, 0]","[-954.2862589633136, -1523.6323778664005, -499.96951749457185, -5.521012247913859]","[-1079.2786383369576, -1525.012630928379, -499.96951749457594, -5.521012247913859]","[-1204.2710177106032, -1526.3928839903574, -499.96951749458276, -5.521012247913859]","[-1329.263397084249, -1527.773137052336, -499.96951749458276, -5.5210122479147685]","[-1454.2557764578946, -1529.1533901143143, -499.96951749458276, -5.5210122479129495]","[-1579.2481558315403, -1530.5336431762928, -499.96951749458276, -5.521012247913859]","[-1704.240535205186, -1531.9138962382713, -499.96951749458276, -5.521012247913859]","[-1829.232914578832, -1533.29414930025, -499.9695174945841, -5.521012247914774]","[-1954.2252939524772, -1534.6744023622311, -499.96951749458094, -5.521012247924773]","[-2079.217673326123, -1536.0546554242126, -499.96951749458367, -5.5210122479256825]","[-2203.5935272752185, -1531.6343223960337, -497.5034157963819, 17.68133211271561]","[-2325.503279526113, -1504.011645007214, -487.6390090035784, 110.49070955527895]","[-2447.413031777008, -1476.3889676183942, -487.6390090035802, 110.49070955527895]","[-2569.3227840279023, -1448.7662902295745, -487.6390090035766, 110.49070955527895]","[-2691.232536278797, -1421.1436128407547, -487.6390090035784, 110.49070955527895]"
536,Robot,"[-2813.1422885296915, -1393.520935451935, 0, 0]","[-2932.131807590735, -1389.2104588200762, -475.95807624417466, 17.241906527435276]","[-3039.023618866041, -1453.96585205352, -427.5672451012233, -259.02157293377513]","[-3139.8589098872008, -1527.7286139016735, -403.3411640846389, -295.05104739261424]","[-3226.7146503291783, -1617.1591363993423, -347.42296176791024, -357.72208999067516]","[-3252.729792722977, -1685.776804355436, -104.06056957519468, -274.47067182437513]","[-3252.729792722977, -1685.776804355436, 0.0, 0.0]","[-3342.896053464293, -1656.40512380813, -360.66504296526364, 117.48672218922457]","[-3461.1950188854767, -1616.0274718175026, -473.19586168473546, 161.51060796250945]","[-3579.4939843066604, -1575.6498198268753, -473.19586168473506, 161.5106079625093]","[-3697.792949727849, -1535.272167836248, -473.1958616847551, 161.5106079625093]","[-3816.091915149038, -1494.8945158456206, -473.1958616847551, 161.5106079625093]","[-3934.3908805702263, -1454.5168638549933, -473.19586168475325, 161.5106079625093]","[-4052.689845991416, -1414.139211864366, -473.1958616847587, 161.5106079625093]","[-4170.988811412609, -1373.7615598737386, -473.19586168477144, 161.5106079625093]","[-4289.287776833804, -1333.3839078831113, -473.19586168478054, 161.5106079625093]"
537,Robot,"[-4407.586742254999, -1293.006255892484, 0, 0]","[-4525.885707676194, -1252.6286039018566, -473.19586168478054, 161.5106079625093]","[-4635.768134016912, -1207.5319685598804, -439.529705362871, 180.386541367905]","[-4731.51378232942, -1141.00604176264, -382.98259325003164, 266.1037071889614]","[-4850.564896028026, -1102.9031241956009, -476.20445479442424, 152.41167026815674]","[-4969.616009726632, -1064.8002066285617, -476.20445479442424, 152.41167026815674]","[-5088.667123425238, -1026.6972890615225, -476.20445479442424, 152.41167026815674]","[-5177.251689266208, -1004.4647856066808, -354.3382633638794, 88.93001381936665]","[-5268.449737848694, -940.472411149078, -364.79219432994466, 255.96949783041168]","[-5310.371217560509, -974.2889736849336, -167.68591884725902, -135.26625014342244]","[-5345.996201938285, -1001.75721376786, -142.49993751110378, -109.8729603317056]","[-5279.672966828295, -923.5213742032456, 265.29294043995833, 312.94335825845747]","[-5233.247483748216, -894.1171826781449, 185.7019323203167, 117.61676610040286]","[-5247.02732440379, -908.6108757456692, -55.11936262229574, -57.97477227009722]","[-5340.43270203143, -945.9024095583256, -373.6215105105621, -149.16613525062576]","[-5459.48938710213, -907.8169039167532, -476.22674028280017, 152.34202256628987]"
538,Robot,"[-5578.546072172831, -869.7313982751808, 0, 0]","[-5697.6027572435305, -831.6458926336111, -476.2267402827965, 152.34202256627896]","[-5816.659442314231, -793.5603869920413, -476.22674028280017, 152.34202256627896]","[-5935.716127384931, -755.4748813504716, -476.22674028280017, 152.34202256627896]","[-6054.772812455631, -717.3893757089019, -476.22674028280017, 152.34202256627896]","[-6173.829497526331, -679.3038700673321, -476.22674028280017, 152.34202256627896]","[-6292.886182597031, -641.2183644257624, -476.22674028280017, 152.34202256627896]","[-6411.084428255163, -601.018878844533, -472.79298263253077, 160.79794232491759]","[-6522.987451554469, -545.3168737057919, -447.61209319722224, 222.8080205549647]","[-6634.890474853774, -489.61486856705073, -447.61209319722184, 222.80802055496451]","[-6746.79349815308, -433.9128634283096, -447.61209319722184, 222.80802055496451]","[-6858.696521452385, -378.210858289567, -447.61209319722184, 222.80802055497043]","[-6970.599544751691, -322.50885315082445, -447.61209319722184, 222.8080205549702]","[-7082.502568050996, -266.8068480120819, -447.61209319722184, 222.8080205549702]","[-7194.405591350302, -211.10484287333904, -447.61209319722184, 222.80802055497145]","[-7306.308614649607, -155.40283773459572, -447.61209319722184, 222.80802055497327]"
539,Robot,"[-7418.211637948912, -99.7008325958517, 0, 0]","[-7530.114661248218, -43.99882745710697, -447.6120931972255, 222.8080205549789]","[-7453.808408584415, -37.15084100588179, 305.2250106552128, 27.39194580490073]","[-7328.886214929467, -41.56054988922303, 499.6887746197899, -17.638835533364983]","[-7203.96402127452, -45.97025877256428, 499.6887746197899, -17.638835533364983]","[-7079.041827619572, -50.37996765590552, 499.6887746197899, -17.638835533364954]","[-6954.119633964625, -54.78967653924677, 499.6887746197899, -17.63883553336501]","[-6829.197440309677, -59.199385422588016, 499.6887746197899, -17.638835533364983]","[-6704.27524665473, -63.60909430592926, 499.68877461979037, -17.638835533364997]","[-6579.353052999782, -68.01880318927034, 499.6887746197899, -17.63883553336433]","[-6454.430859344835, -72.42851207261141, 499.6887746197899, -17.638835533364272]","[-6329.508665689888, -76.8382209559526, 499.6887746197863, -17.638835533364727]","[-6204.58647203494, -81.24792983929385, 499.68877461979355, -17.63883553336501]","[-6079.6642783799925, -85.65763872263508, 499.6887746197899, -17.638835533364954]","[-5954.742084725045, -90.06734760597632, 499.6887746197899, -17.638835533364954]","[-5829.819891070098, -94.47705648931756, 499.6887746197899, -17.638835533364954]"
540,Robot,"[-5717.46438424711, -51.32273959050089, 0, 0]","[-5611.022612403867, 14.214648264625415, 425.7670873729694, 262.1495514205052]","[-5504.580840560625, 79.7520361197518, 425.7670873729694, 262.1495514205056]","[-5398.139068717383, 145.28942397487836, 425.76708737296576, 262.1495514205062]","[-5291.69729687414, 210.826811830005, 425.76708737297304, 262.14955142050655]","[-5185.255525030898, 276.36419968513184, 425.7670873729694, 262.14955142050735]","[-5078.813753187656, 341.9015875402592, 425.76708737296576, 262.1495514205094]","[-4972.371981344413, 407.43897539538654, 425.76708737297304, 262.1495514205094]","[-4865.930209501171, 472.9763632505139, 425.7670873729698, 262.1495514205096]","[-4759.488437657928, 538.5137511056412, 425.7670873729694, 262.14955142050917]","[-4653.046665814686, 604.0511389607685, 425.7670873729694, 262.1495514205094]","[-4548.235336048217, 665.0405376394372, 419.245319065878, 243.95759471467454]","[-4454.748412295545, 710.039648025163, 373.9476950106873, 179.99644154290354]","[-4359.015466833367, 788.2570130734605, 382.93178184871067, 312.86946019318975]","[-4260.9841890351045, 865.8124082046569, 392.12511119305054, 310.2215805247856]","[-4163.37294423251, 943.8956720808492, 390.4449792103769, 312.33305550476916]"
541,Robot,"[-4066.319462462099, 1022.6708813713628, 0, 0]","[-3970.045656986965, 1102.3965109548212, 385.0952219005376, 318.90251833383354]","[-3874.951570645306, 1183.5240701625155, 380.37634536663427, 324.5102368307771]","[-3781.9135890184903, 1266.995278577236, 372.15192650726385, 333.8848336588817]","[-3694.0103601538144, 1355.7880577054018, 351.61291545870336, 355.1711165126635]","[-3617.33082982633, 1448.8659886540177, 306.7181213099375, 372.31172379446343]","[-3507.2272354207776, 1508.0453642757448, 440.41437762220994, 236.71750248690842]","[-3397.123641015225, 1567.224739897472, 440.41437762220994, 236.71750248690932]","[-3287.0200466096726, 1626.404115519199, 440.41437762221034, 236.7175024869077]","[-3176.91645220412, 1685.583491140926, 440.41437762220994, 236.71750248690842]","[-3066.812857798568, 1744.7628667626557, 440.4143776222081, 236.71750248691842]","[-2956.709263393015, 1803.9422423843864, 440.41437762221176, 236.71750248692297]","[-2846.605668987462, 1863.1216180061167, 440.41437762221176, 236.71750248692115]","[-2736.50207458191, 1922.3009936278472, 440.4143776222081, 236.71750248692206]","[-2626.3984801763577, 1981.4803692495775, 440.41437762220994, 236.71750248692115]","[-2516.294885770805, 2040.659744871308, 440.41437762220994, 236.71750248692206]"
542,Robot,"[-2406.1912913652527, 2099.839120493036, 0, 0]","[-2296.0876969597, 2159.018496114763, 440.41437762220994, 236.71750248690842]","[-2185.984102554148, 2218.19787173649, 440.4143776222081, 236.71750248690842]","[-2075.8805081485957, 2277.377247358217, 440.41437762220994, 236.71750248690842]","[-1965.7769137430428, 2336.556622979944, 440.41437762221176, 236.71750248690842]","[-1855.6733193374905, 2395.735998601672, 440.41437762220903, 236.71750248691023]","[-1745.5697249319378, 2454.9153742233984, 440.41437762221085, 236.7175024869066]","[-1635.466130526385, 2514.0947498451296, 440.41437762221085, 236.7175024869248]","[-1525.3625361208328, 2573.274125466864, 440.41437762220943, 236.71750248693772]","[-1415.2589417152803, 2632.453501088598, 440.41437762220994, 236.7175024869357]","[-1305.155347309728, 2691.6328767103323, 440.41437762220903, 236.71750248693752]","[-1204.3984376606168, 2762.3689647834767, 403.0276385964453, 282.9443522925776]","[-1123.5032331189436, 2857.6630668158687, 323.58081816669255, 381.1764081295678]","[-1042.6080285772705, 2952.9571688482606, 323.58081816669255, 381.1764081295678]","[-961.7128240355952, 3048.251270880653, 323.5808181667012, 381.1764081295696]","[-880.8176194939219, 3143.5453729130445, 323.580818166693, 381.17640812956597]"
543,Robot,"[-799.9224149522488, 3238.8394749454365, 0, 0]","[-789.5925081690255, 3263.763670353332, 41.3196271328934, 99.69678163158278]","[-885.1105480234768, 3183.1330058244835, -382.0721594178053, -322.52265811539473]","[-980.628587877928, 3102.502341295635, -382.07215941780487, -322.52265811539473]","[-1076.146627732378, 3021.871676766786, -382.07215941779987, -322.52265811539473]","[-1171.6646675868265, 2941.2410122379374, -382.07215941779396, -322.52265811539473]","[-1271.5744692450444, 2871.7926278744667, -399.6392066328717, -277.7935374538829]","[-1388.480933815236, 2843.608312470995, -467.6258582807668, -112.73726161388731]","[-1484.9726252639207, 2770.8720017985274, -385.96676579473876, -290.94524268987]","[-1575.3879397756484, 2684.5582085685623, -361.6612580469109, -345.25517291986034]","[-1681.4725708563, 2635.2306321044152, -424.33852432260665, -197.31030585658846]","[-1780.5785310064718, 2575.825644407935, -396.4238406006871, -237.61995078592008]","[-1864.1887120289764, 2482.904507795304, -334.4407240900182, -371.68454645052407]","[-1947.798893051481, 2389.983371182673, -334.4407240900182, -371.68454645052407]","[-2031.4090740739853, 2297.062234570042, -334.4407240900173, -371.68454645052407]","[-2115.0192550964903, 2204.141097957411, -334.44072409002, -371.68454645052407]"
544,Robot,"[-2197.3938610604755, 2110.1285066530963, 0, 0]","[-2279.2879656128143, 2015.691460746462, -327.5764182093553, -377.74818362653696]","[-2361.182070165153, 1921.2544148398315, -327.5764182093553, -377.7481836265224]","[-2443.076174717492, 1826.817368933201, -327.5764182093553, -377.7481836265224]","[-2524.970279269831, 1732.3803230265703, -327.5764182093553, -377.7481836265224]","[-2606.8643838221697, 1637.9432771199397, -327.5764182093553, -377.7481836265224]","[-2688.7584883745085, 1543.506231213309, -327.5764182093553, -377.7481836265224]","[-2770.652592926848, 1449.0691853066785, -327.57641820935714, -377.7481836265224]","[-2852.546697479186, 1354.632139400048, -327.5764182093538, -377.74818362652275]","[-2934.440802031525, 1260.1950934934173, -327.5764182093553, -377.7481836265224]","[-3016.334906583864, 1165.7580475867867, -327.5764182093553, -377.7481836265224]","[-3098.748681515958, 1071.7881380771903, -329.65509972837754, -375.87963803838556]","[-3180.628658561552, 977.33884290241, -327.51990818237573, -377.7971806991213]","[-3261.0398018520154, 881.7002844695573, -321.64457316185326, -382.5542337314105]","[-3329.9060601707656, 777.5163514808349, -275.4650332750007, -416.7357319548896]","[-3432.0068465688933, 722.3020427038209, -408.40314559251055, -220.8572351080561]"
545,Robot,"[-3513.369618088089, 627.4068404504122, 0, 0]","[-3594.575988472717, 532.3806122574425, -324.8254815385135, -380.10491277187884]","[-3662.4266119298095, 427.58269920190577, -271.4024938283692, -419.191652222147]","[-3716.8915299565897, 315.1484893421928, -217.8596721071208, -449.7368394388518]","[-3782.748320122262, 209.0232991036608, -263.42716066268986, -424.50076095412805]","[-3803.079308012941, 87.62212962244087, -81.32395156271559, -485.60467792487975]","[-3752.057435084808, -25.45109287848129, 204.08749171253294, -452.2928900036886]","[-3765.623331051464, -117.1119917434538, -54.263583866624685, -366.64359545989004]","[-3854.9844830875754, -204.51670847418623, -357.4446081444461, -349.61886692293]","[-3944.345635123685, -291.9214252049187, -357.44460814443846, -349.6188669229299]","[-4033.706787159796, -379.3261419356512, -357.4446081444439, -349.61886692293]","[-4123.067939195903, -466.7308586663836, -357.44460814442755, -349.61886692292956]","[-4212.429091232002, -554.1355753971154, -357.4446081443966, -349.6188669229273]","[-4301.790243268101, -641.5402921278464, -357.4446081443966, -349.6188669229241]","[-4391.1513953042, -728.9450088585775, -357.4446081443966, -349.6188669229241]","[-4480.5125473403, -816.3497255893085, -357.44460814440026, -349.6188669229241]"
546,Robot,"[-4569.873699376399, -903.7544423200396, 0, 0]","[-4659.234851412498, -991.1591590507704, -357.4446081443966, -349.6188669229232]","[-4748.596003448597, -1078.5638757815016, -357.4446081443966, -349.61886692292455]","[-4837.957155484696, -1165.9685925122326, -357.4446081443966, -349.6188669229241]","[-4927.318307520795, -1253.3733092429636, -357.4446081443966, -349.6188669229241]","[-5016.679459556901, -1340.7780259736946, -357.4446081444221, -349.6188669229241]","[-5106.040611593012, -1428.1827427044257, -357.4446081444439, -349.6188669229241]","[-5195.401763629124, -1515.5874594351567, -357.44460814444756, -349.6188669229241]","[-5284.762915665235, -1602.9921761658877, -357.44460814444426, -349.6188669229244]","[-5374.124067701347, -1690.3968928966187, -357.44460814444756, -349.6188669229241]","[-5463.4852197374585, -1777.8016096273498, -357.44460814444756, -349.6188669229241]","[-5552.84637177357, -1865.2063263580808, -357.44460814444756, -349.6188669229241]","[-5642.207523809682, -1952.611043088812, -357.44460814444756, -349.618866922925]","[-5731.568675845794, -2040.0157598195428, -357.44460814444756, -349.6188669229232]","[-5820.929827881901, -2127.4204765502686, -357.44460814442573, -349.6188669229032]","[-5910.290979918006, -2214.825193280994, -357.4446081444221, -349.61886692290136]"
547,Robot,"[-5993.349078399292, -2307.9800322160663, 0, 0]","[-6072.205141177365, -2404.9682859540367, -315.4242511122902, -387.9530149518814]","[-6151.061203955437, -2501.956539692007, -315.4242511122902, -387.9530149518814]","[-6229.91726673351, -2598.9447934299883, -315.4242511122902, -387.95301495192507]","[-6308.773329511582, -2695.93304716797, -315.4242511122902, -387.9530149519269]","[-6387.629392289655, -2792.921300905952, -315.4242511122902, -387.9530149519287]","[-6466.485455067727, -2889.909554643933, -315.4242511122902, -387.95301495192325]","[-6545.341517845796, -2986.897808381915, -315.42425111227567, -387.9530149519287]","[-6616.963404675616, -3077.116178506068, -286.4875473192808, -360.87348049661193]","[-6514.96506874756, -3004.8573418983174, 407.9933437122272, 289.03534643100284]","[-6412.966732819504, -2932.598505290567, 407.9933437122236, 289.035346431001]","[-6310.968396891448, -2860.339668682817, 407.9933437122236, 289.035346431001]","[-6208.970060963392, -2788.0808320750666, 407.9933437122236, 289.035346431001]","[-6106.971725035336, -2715.8219954673164, 407.9933437122236, 289.035346431001]","[-6004.97338910728, -2643.563158859566, 407.9933437122236, 289.035346431001]","[-5902.975053179224, -2571.304322251816, 407.9933437122236, 289.035346431001]"
548,Robot,"[-5800.976717251168, -2499.0454856440656, 0, 0]","[-5698.978381323112, -2426.786649036316, 407.9933437122236, 289.0353464309992]","[-5596.980045395057, -2354.527812428565, 407.9933437122236, 289.03534643100284]","[-5494.981709467001, -2282.268975820815, 407.9933437122236, 289.035346431001]","[-5392.983373538945, -2210.0101392130646, 407.9933437122236, 289.035346431001]","[-5290.985037610889, -2137.7513026053143, 407.9933437122236, 289.035346431001]","[-5188.986701682833, -2065.492465997564, 407.9933437122236, 289.035346431001]","[-5086.988365754777, -1993.2336293898136, 407.9933437122236, 289.0353464310019]","[-4984.990029826719, -1920.974792782064, 407.9933437122312, 289.0353464309986]","[-4882.991693898647, -1848.7159561743133, 407.99334371228906, 289.03534643100284]","[-4780.993357970576, -1776.457119566563, 407.9933437122854, 289.035346431001]","[-4678.995022042504, -1704.1982829588128, 407.9933437122854, 289.035346431001]","[-4576.996686114436, -1631.939446351064, 407.9933437122745, 289.03534643099556]","[-4474.998350186368, -1559.6806097433166, 407.99334371227087, 289.0353464309892]","[-4373.000014258301, -1487.421773135569, 407.99334371226723, 289.0353464309901]","[-4254.470532410717, -1453.7206038906445, 474.11792739033626, 134.80467697969834]"
549,Robot,"[-4131.808264083255, -1429.658851486425, 0, 0]","[-4009.145995755792, -1405.5970990822057, 490.64907330985443, 96.24700961687722]","[-3886.483727428329, -1381.5353466779864, 490.6490733098508, 96.24700961687722]","[-3763.8214591008655, -1357.473594273767, 490.64907330985443, 96.24700961687722]","[-3641.159190773404, -1333.4118418695475, 490.64907330984533, 96.24700961687813]","[-3518.496922445941, -1309.3500894653284, 490.6490733098526, 96.24700961687631]","[-3395.8346541184783, -1285.2883370611091, 490.6490733098508, 96.24700961687722]","[-3273.172385791016, -1261.2265846568898, 490.649073309849, 96.24700961687722]","[-3150.510117463553, -1237.1648322526703, 490.64907330985307, 96.24700961687822]","[-3027.84784913609, -1213.1030798484512, 490.6490733098508, 96.24700961687631]","[-2905.1855808086275, -1189.041327444232, 490.6490733098508, 96.24700961687722]","[-2782.523312481165, -1164.9795750400126, 490.6490733098508, 96.24700961687722]","[-2659.861044153702, -1140.9178226357933, 490.6490733098508, 96.24700961687722]","[-2537.1987758262394, -1116.856070231574, 490.6490733098508, 96.24700961687722]","[-2414.5365074987767, -1092.7943178273547, 490.6490733098508, 96.24700961687722]","[-2291.874239171314, -1068.7325654231354, 490.6490733098508, 96.24700961687722]"
550,Robot,"[-2169.2119708438518, -1044.670813018916, 0, 0]","[-2046.5497025163888, -1020.6090606146972, 490.6490733098517, 96.2470096168754]","[-1923.887434188926, -996.5473082104808, 490.6490733098517, 96.24700961686585]","[-1801.2251658614632, -972.4855558062644, 490.6490733098508, 96.2470096168654]","[-1678.5628975340005, -948.4238034020478, 490.6490733098508, 96.24700961686631]","[-1555.9006292065378, -924.3620509978314, 490.6490733098508, 96.24700961686585]","[-1433.2383608790751, -900.3002985936149, 490.6490733098508, 96.24700961686585]","[-1310.5760925516124, -876.2385461893984, 490.6490733098508, 96.24700961686585]","[-1187.9138242241495, -852.1767937851816, 490.64907330985216, 96.2470096168673]","[-1065.251555896687, -828.1150413809636, 490.6490733098499, 96.24700961687222]","[-942.5892875692244, -804.0532889767454, 490.64907330985034, 96.24700961687267]","[-819.9270192417616, -779.9915365725273, 490.64907330985125, 96.24700961687267]","[-697.2647509142989, -755.9297841683091, 490.6490733098508, 96.24700961687267]","[-574.6024825868362, -731.8680317640909, 490.6490733098508, 96.24700961687267]","[-451.9402142593743, -707.8062793598727, 490.64907330984784, 96.24700961687267]","[-329.277945931913, -683.7445269556549, 490.6490733098451, 96.24700961687131]"
551,Robot,"[-206.56684370088365, -669.6501252365681, 0, 0]","[-95.71423029491088, -725.5859043151985, 443.4104536238911, -223.74311631452156]","[21.6710049074443, -750.9185177718858, 469.5409408094207, -101.33045382674936]","[142.55914165471694, -722.5808946763384, 483.55254698909056, 113.35049238218971]","[263.27092558895407, -694.3832129299144, 482.84713573694853, 112.79072698569598]","[382.17240776713, -724.3834495123265, 475.60592871270364, -120.00094632964829]","[500.7108448774276, -718.1069795986633, 474.1537484411904, 25.105879654652654]","[619.5366439538888, -679.3071152452851, 475.3031963058447, 155.19945741351285]","[738.3624430303499, -640.5072508919075, 475.3031963058451, 155.19945741351071]","[857.1882421068111, -601.7073865385297, 475.3031963058447, 155.19945741351103]","[976.0140411832724, -562.9075221851521, 475.3031963058452, 155.19945741351057]","[1094.8398402597334, -524.1076578317743, 475.3031963058438, 155.19945741351103]","[1213.6656393361943, -485.3077934783967, 475.3031963058438, 155.19945741351034]","[1332.4914384126555, -446.50792912501896, 475.3031963058447, 155.19945741351103]","[1451.317237489117, -407.70806477164126, 475.30319630584563, 155.1994574135108]","[1570.143036565578, -368.9082004182636, 475.3031963058447, 155.19945741351057]"
552,Robot,"[1688.9688356420393, -330.10833606488586, 0, 0]","[1793.7703558269666, -319.6602710107015, 419.20608073970925, 41.79226021673753]","[1861.03073283884, -351.9539807038305, 269.04150804749406, -129.17483877251607]","[1897.023696625282, -405.03241031830737, 143.97185514576722, -212.3137184579075]","[1890.679741450004, -453.5111998594578, -25.37582070111148, -193.91515816460173]","[1847.0188725242251, -497.92227915787504, -174.64347570311566, -177.64431719366894]","[1770.4692749143046, -538.736414260161, -306.19839043968204, -163.256540409144]","[1798.8295775448364, -475.0106533936697, 113.44121052212722, 254.9030434659653]","[1852.2996314615095, -362.3599919222794, 213.8802156666927, 450.6026458855617]","[1875.970024946591, -239.90994903332032, 94.6815739403255, 489.8001715558363]","[1871.0463465332127, -115.72702467152784, -19.694713653512736, 496.7316974471699]","[1804.0668229765977, -10.982335871607509, -267.9180942264602, 418.97875519968136]","[1916.9483029108708, -9.824600399049144, 451.5259197370924, 4.6309418902334585]","[2041.516643131607, -20.20383999795928, 498.27336088294487, -41.51695839564055]","[2166.084983352338, -30.58307959686942, 498.27336088292395, -41.51695839564056]","[2290.6533235730685, -40.96231919577956, 498.27336088292213, -41.51695839564054]"
553,Robot,"[2415.221663793799, -51.341558794689696, 0, 0]","[2539.7900040145296, -61.72079839359984, 498.27336088292213, -41.516958395640586]","[2664.35834423526, -72.10003799250984, 498.27336088292213, -41.51695839563999]","[2788.9266844559907, -82.4792775914198, 498.27336088292213, -41.51695839563985]","[2913.495024676721, -92.85851719032976, 498.27336088292213, -41.51695839563985]","[3028.4020793770624, -90.17055104116965, 459.6282188013647, 10.751864596640473]","[3149.6411302659594, -65.47860828669181, 484.9562035555882, 98.76777101791134]","[3272.09401980016, -40.37307054651024, 489.811558136802, 100.42215096072627]","[3394.515119753975, -15.112984902701449, 489.68439981526035, 101.04034257523526]","[3516.899454384117, 10.324614506320602, 489.5373385205676, 101.7503976360882]","[3639.2402203755314, 35.970909643733364, 489.3630639656585, 102.58518054965106]","[3759.6145830240953, 62.111174847941406, 481.4974505942555, 104.56106081683217]","[3872.447067321432, 52.70342153025219, 451.3299371893463, -37.63101327075685]","[3987.790401330344, 31.82563972488772, 461.3733360356491, -83.5111272214579]","[4110.881776984063, 10.065281459874033, 492.3655026148772, -87.04143306005474]","[4233.968854145741, -11.719377210143657, 492.3483086467095, -87.13863468007077]"
554,Robot,"[4357.049771933909, -33.53880768280765, 0, 0]","[4480.122791404681, -55.4027427619483, 492.2920778830885, -87.45574031656261]","[4603.185215578727, -77.32623104754491, 492.2496966961844, -87.69395314238642]","[4726.23237152678, -99.33523991486068, 492.18862379221173, -88.03603546926308]","[4849.254329503798, -121.48461477312829, 492.08783190806935, -88.59749943307042]","[4972.2117478472965, -143.98862674310067, 491.8296733739953, -90.01604787988953]","[5096.086076490336, -160.48073087087926, 495.49731457215967, -65.96841651111436]","[5220.150311708833, -175.74721506491213, 496.25694087398733, -61.06593677613148]","[5344.214546927331, -191.013699258945, 496.2569408739914, -61.06593677613154]","[5468.278782145829, -206.28018345297787, 496.25694087399097, -61.06593677613148]","[5592.343017364326, -221.54666764701076, 496.25694087399097, -61.06593677613159]","[5716.407252582824, -236.8131518410436, 496.25694087399097, -61.065936776131366]","[5840.471487801322, -252.07963603507648, 496.25694087399097, -61.06593677613148]","[5964.53572301982, -267.34612022910875, 496.25694087399097, -61.06593677612909]","[6088.599958238317, -282.6126044231409, 496.25694087399097, -61.06593677612864]","[6212.664193456815, -297.87908861717307, 496.25694087399097, -61.06593677612864]"
555,Robot,"[6336.728428675313, -313.1455728112052, 0, 0]","[6460.792663893811, -328.4120570052374, 496.25694087399097, -61.06593677612864]","[6584.856899112308, -343.67854119926955, 496.25694087399097, -61.06593677612864]","[6708.921134330806, -358.9450253933017, 496.25694087399097, -61.06593677612864]","[6832.985369549304, -374.21150958733386, 496.25694087399097, -61.06593677612864]","[6957.049604767802, -389.477993781366, 496.25694087399097, -61.06593677612864]","[7081.113839986299, -404.7444779753968, 496.25694087399097, -61.06593677612318]","[7205.178075204797, -420.0109621694276, 496.25694087399097, -61.06593677612318]","[7329.242310423295, -435.2774463634583, 496.2569408739914, -61.06593677612278]","[7453.306545641793, -450.543930557489, 496.25694087399097, -61.065936776122726]","[7577.37078086029, -465.8104147515198, 496.25694087399097, -61.06593677612318]","[7692.022855951275, -458.3304854791104, 458.60830036393963, 29.919717089637516]","[7769.026290532209, -359.8649023409402, 308.0137383237343, 393.86233255268075]","[7846.029725113142, -261.3993192027701, 308.0137383237343, 393.8623325526805]","[7923.033159694076, -162.93373606459994, 308.0137383237343, 393.8623325526805]","[8000.0365942750095, -64.46815292642981, 308.0137383237343, 393.8623325526805]"
556,Robot,"[8077.040028855943, 33.997430211740294, 0, 0]","[8066.237969065733, 150.0511267303611, -43.20823916084191, 464.2147860744832]","[8033.120600068141, 270.584275161308, -132.46947599036503, 482.13259372378775]","[8000.271787916798, 390.9916969631776, -131.39524860537495, 481.62968720747836]","[7983.101550751001, 498.4592481726027, -68.68094866318643, 429.8702048377004]","[7958.306087499907, 576.5982342435173, -99.18185300437472, 312.55594428365816]","[7926.343598678184, 649.862518151803, -127.84995528689251, 293.05713563314293]","[7831.065146056112, 647.3887175992153, -381.11381048828844, -9.895202210350817]","[7710.222724172813, 615.4182769801074, -483.3696875331957, -127.88176247643162]","[7589.380302289514, 583.4478363609995, -483.3696875331989, -127.8817624764315]","[7468.537880406216, 551.4773957418917, -483.3696875331916, -127.8817624764315]","[7347.695458522917, 519.5069551227838, -483.36968753319525, -127.8817624764315]","[7226.853036639618, 487.536514503677, -483.36968753319525, -127.88176247642718]","[7106.010614756319, 455.5660738845706, -483.36968753319525, -127.88176247642559]","[6987.148419231554, 423.6821913697493, -475.44878209906165, -127.53553005928507]","[6879.272876731961, 380.8669560173488, -431.50216999836994, -171.26094140960208]"
557,Robot,"[6798.11681308191, 293.09115844763335, 0, 0]","[6713.484543676387, 226.2296702760686, -338.52907762208997, -267.44595268625903]","[6589.6892008934, 216.5211459743157, -495.18137113194825, -38.83409720701161]","[6468.366638256223, 243.956261916885, -485.29025054870726, 109.7404637702773]","[6345.826327919244, 251.7437545766885, -490.1612413479161, 31.14997063921396]","[6224.926855781394, 220.0500453056596, -483.5978885514014, -126.77483708411557]","[6103.902359418143, 188.9425445250307, -484.0979854530051, -124.43000312251559]","[5982.323834393179, 160.66819496474264, -486.31410009985484, -113.09739824115229]","[5860.764429553337, 132.40022628610004, -486.2376193593668, -113.07187471457051]","[5739.265966041514, 103.95304899742057, -485.993854047294, -113.78870915471788]","[5618.662793992305, 71.09159906491197, -482.4126881968368, -131.44579973003437]","[5498.484468794532, 37.19876093833636, -480.71330079108884, -135.57135250630245]","[5377.612277939183, 5.514424777284432, -483.4887634213992, -126.73734464420772]","[5257.012619410069, -27.359917233821463, -482.39863411645274, -131.49736804442358]","[5136.412960880956, -60.234259244927685, -482.39863411645274, -131.4973680444249]","[5015.813302351843, -93.10860125603426, -482.39863411645274, -131.4973680444263]"
558,Robot,"[4895.17503481082, -125.8318411877426, 0, 0]","[4780.967427209541, -158.07864177284026, -456.8304304051162, -128.98720234039064]","[4683.559922964625, -156.31953617475045, -389.6300169796632, 7.0364223923592135]","[4573.059314432354, -124.01013830231328, -442.0024341290846, 129.2375914897487]","[4454.700503803164, -87.93117983688607, -473.4352425167599, 144.31583386170882]","[4336.56262510983, -51.87814963674391, -472.55151477333493, 144.21212080056864]","[4218.661067377654, -15.852855249325447, -471.60623092870446, 144.10117754967388]","[4101.012380791759, 20.142760912673747, -470.5947463435805, 143.98246464799678]","[3983.634369432528, 56.106609273124455, -469.5120454369248, 143.85539344180296]","[3866.546191143637, 92.03644137145088, -468.35271315556383, 143.7193283933057]","[3749.76846465244, 127.92983729044536, -467.1109059647879, 143.57358367597794]","[3630.7856803266914, 150.27413508062, -475.9311373029941, 89.37719116069854]","[3507.666648647425, 128.72789510721896, -492.4761267170652, -86.18495989360417]","[3384.566861021181, 107.01517334386708, -492.3991505049762, -86.85088705340752]","[3261.467073394936, 85.30245158051528, -492.39915050497984, -86.85088705340718]","[3138.36728576869, 63.58972981716348, -492.3991505049835, -86.8508870534072]"
559,Robot,"[3015.289113605723, 41.76230324205035, 0, 0]","[2893.110984463676, 16.080538961502985, -488.7125165681882, -102.72705712218946]","[2769.992533250212, -5.52610285989452, -492.47380485385474, -86.42656728559001]","[2646.874082036749, -27.132744681292028, -492.4738048538529, -86.42656728559004]","[2523.7556308232856, -48.739386502689534, -492.4738048538529, -86.42656728559002]","[2400.6371796098224, -70.34602832408699, -492.4738048538529, -86.42656728558981]","[2277.518728396359, -91.95267014548432, -492.4738048538529, -86.42656728558933]","[2154.400277182896, -113.5593119668818, -492.4738048538529, -86.4265672855899]","[2031.2818259694327, -135.16595378827944, -492.4738048538534, -86.42656728559065]","[1908.1633747559692, -156.77259560967713, -492.47380485385384, -86.42656728559075]","[1785.0449235425062, -178.3792374310748, -492.473804853852, -86.42656728559075]","[1661.926472329043, -199.9858792524725, -492.4738048538529, -86.42656728559075]","[1538.8080211155798, -221.5925210738702, -492.4738048538529, -86.42656728559075]","[1415.6895699021163, -243.19916289526788, -492.47380485385384, -86.42656728559075]","[1292.571118688653, -264.80580471666525, -492.4738048538529, -86.4265672855895]","[1169.45266747519, -286.4124465380622, -492.473804853852, -86.42656728558791]"
560,Robot,"[1046.3342162617269, -308.0190883594592, 0, 0]","[923.2157650482636, -329.6257301808562, -492.4738048538529, -86.42656728558791]","[800.0973138348004, -351.2323720022532, -492.4738048538529, -86.42656728558813]","[676.9788626213372, -372.8390138236501, -492.4738048538529, -86.42656728558745]","[553.8604114078739, -394.4456556450471, -492.4738048538529, -86.42656728558813]","[430.7419601944107, -416.0522974664449, -492.4738048538529, -86.42656728559109]","[307.62350898094746, -437.65893928784266, -492.4738048538529, -86.42656728559109]","[184.50505776748463, -459.2655811092403, -492.47380485385133, -86.42656728559064]","[61.38660655402194, -480.872222930638, -492.4738048538512, -86.4265672855907]","[-61.73184465944093, -502.4788647520357, -492.47380485385145, -86.42656728559086]","[-184.85029587290364, -524.0855065734338, -492.4738048538509, -86.42656728559245]","[-307.9687470863665, -545.6921483948322, -492.47380485385133, -86.42656728559359]","[-431.0871982998297, -567.2987902162306, -492.4738048538529, -86.42656728559359]","[-554.2056495132929, -588.905432037629, -492.4738048538527, -86.42656728559359]","[-677.3241007267561, -610.5120738590274, -492.4738048538529, -86.42656728559359]","[-800.4425519402193, -632.1187156804258, -492.4738048538529, -86.42656728559359]"
561,Robot,"[-923.5610031536826, -653.7253575018242, 0, 0]","[-1046.6794543671458, -675.3319993232226, -492.4738048538529, -86.42656728559359]","[-1169.797905580609, -696.9386411446196, -492.4738048538529, -86.42656728558813]","[-1292.9163567940725, -718.5452829660167, -492.47380485385384, -86.42656728558813]","[-1416.0348080075355, -740.1519247874137, -492.473804853852, -86.42656728558813]","[-1539.1532592209987, -761.7585666088107, -492.4738048538529, -86.42656728558813]","[-1662.670286598842, -763.4670995073334, -494.0681095113732, -6.83413159409065]","[-1786.555230436113, -746.8081472462798, -495.53977534908427, 66.63580904421451]","[-1910.440174273384, -730.1491949852261, -495.5397753490838, 66.63580904421457]","[-2034.3251181106552, -713.4902427241725, -495.5397753490852, 66.63580904421451]","[-2158.2100619479315, -696.8312904631189, -495.5397753491052, 66.63580904421451]","[-2282.0950057852083, -680.1723382020652, -495.539775349107, 66.63580904421451]","[-2405.970475093161, -663.4460972339862, -495.5018772318108, 66.90496387231633]","[-2530.0178829973443, -648.614389825933, -496.1896316167331, 59.32682963221259]","[-2654.909199069536, -645.557665872486, -499.56526428876714, 12.226895813787905]","[-2778.850033914027, -629.4384228182871, -495.76333937796335, 64.47697221679573]"
562,Robot,"[-2902.1633318513723, -611.7142119216788, 0, 0]","[-3026.744535671218, -607.2551001106584, -498.32481527938216, 17.836447244081683]","[-3151.221865355461, -600.7855434102264, -497.90931873697264, 25.878226801728033]","[-3271.036130153516, -565.6164809612868, -479.25705919221946, 140.6762497957584]","[-3392.8631137025504, -539.9088148549711, -487.3079341961384, 102.83066442526297]","[-3515.832518834867, -522.5497739010359, -491.877620529267, 69.43616381574066]","[-3639.865844519862, -507.2744018359072, -496.1333027399796, 61.10148826051477]","[-3694.588259845199, -501.7830665904979, -218.8896613013476, 21.965340981637155]","[-3722.0646847956814, -493.0013506665538, -109.90569980192969, 35.12686369577662]","[-3845.9120118328337, -476.0650114589971, -495.3893081486094, 67.74535683022668]","[-3969.759338869985, -459.1286722514404, -495.3893081486058, 67.74535683022691]","[-4093.6066659071366, -442.1923330438837, -495.3893081486058, 67.74535683022668]","[-4217.453992944288, -425.2559938363269, -495.3893081486058, 67.74535683022714]","[-4341.30131998144, -408.3196546287702, -495.3893081486094, 67.74535683022691]","[-4465.148647018591, -391.3833154212135, -495.38930814860214, 67.74535683022668]","[-4588.995974055742, -374.4469762136568, -495.3893081486058, 67.74535683022691]"
563,Robot,"[-4712.843301092894, -357.5106370061, 0, 0]","[-4836.690628130045, -340.5742977985433, -495.3893081486058, 67.74535683022691]","[-4960.537955167197, -323.63795859098656, -495.3893081486058, 67.74535683022691]","[-5084.385282204348, -306.70161938342983, -495.3893081486058, 67.74535683022691]","[-5208.2326092415, -289.7652801758731, -495.3893081486058, 67.74535683022691]","[-5332.079936278651, -272.8289409683164, -495.3893081486058, 67.74535683022691]","[-5455.9272633158025, -255.8926017607596, -495.3893081486058, 67.74535683022714]","[-5579.774590352954, -238.95626255320215, -495.3893081486058, 67.74535683022975]","[-5703.621917390105, -222.01992334564477, -495.38930814860623, 67.74535683022958]","[-5827.469244427257, -205.0835841380873, -495.3893081486058, 67.74535683022987]","[-5951.316571464408, -188.1472449305299, -495.3893081486058, 67.74535683022964]","[-6075.16389850156, -171.21090572297243, -495.3893081486058, 67.74535683022987]","[-6199.011225538711, -154.274566515415, -495.3893081486058, 67.74535683022975]","[-6212.646387466159, -119.92370291568388, -54.54064770978948, 137.40345439892445]","[-6102.578854757055, -60.67728324892328, 440.2701308364158, 236.98567866704238]","[-5992.511322047951, -1.4308635821628224, 440.2701308364158, 236.98567866704184]"
564,Robot,"[-5882.443789338847, 57.81555608459756, 0, 0]","[-5772.376256629743, 117.06197575135783, 440.2701308364158, 236.9856786670411]","[-5662.319239150079, 176.2211796001515, 440.2280699186558, 236.6368153951746]","[-5551.966695452889, 231.86512044302145, 441.410174788758, 222.57576337147987]","[-5441.754187249241, 287.3425026975264, 440.85003281459285, 221.90952901801984]","[-5331.786969109283, 342.79321259448744, 439.8688725598331, 221.80283958784412]","[-5221.587179258553, 398.19546371503606, 440.79915940291903, 221.60900448219445]","[-5107.7311180743445, 449.7362671308277, 455.4242447368342, 206.16321366316652]","[-4989.228193718618, 489.20085421816674, 474.01169742290625, 157.85834834935636]","[-4866.140634638462, 510.4038939390319, 492.3502363206244, 84.8121588834606]","[-4747.10235273473, 519.5870543487079, 476.15312761492896, 36.73264163870385]","[-4633.957933747231, 526.8857801312694, 452.57767594999314, 29.194903130246075]","[-4520.94968318342, 534.1795406002445, 452.03300225524436, 29.17504187590066]","[-4409.109381083203, 541.3377616773195, 447.36120840087096, 28.632884308299708]","[-4297.986943504209, 548.4193594630583, 444.48975031597365, 28.326391142955345]","[-4187.630970844299, 555.4193230166424, 441.4238906396422, 27.99985421433621]"
565,Robot,"[-4078.0934111018646, 562.3321194886859, 0, 0]","[-3957.009922497668, 561.097262445276, 484.3339544167866, -4.939428173639499]","[-3874.9271592566215, 575.2813563106661, 328.3310529641858, 56.73637546156033]","[-3790.032015368225, 641.7135069682819, 339.58057555358573, 265.72860263046323]","[-3689.9000706611296, 716.5372575370303, 400.527778828382, 299.29500227499375]","[-3589.768125954034, 791.3610081057788, 400.527778828382, 299.29500227499375]","[-3499.333556121518, 862.9009291708038, 361.73827933006396, 286.1596842601002]","[-3510.4471524152545, 890.518415875292, -44.454385174945855, 110.46994681795286]","[-3511.373334127008, 886.486022917963, -3.7047268470141748, -16.12957182931588]","[-3473.634657489542, 810.7430522655009, 150.95470654986457, -302.97188260984876]","[-3393.308087764325, 722.1267668265654, 321.30627890086726, -354.465141755742]","[-3372.94868663123, 647.354018774347, 81.43760453238065, -299.09099220887356]","[-3331.72496283943, 560.1371744987703, 164.89489516719914, -348.8673771023068]","[-3251.645378004233, 474.7858586285501, 320.31833934078895, -341.40526348088065]","[-3251.645378004233, 474.7858586285501, 0.0, 0.0]","[-3251.645378004233, 474.7858586285501, 0.0, 0.0]"
566,Robot,"[-3251.645378004233, 474.7858586285501, 0, 0]","[-3251.645378004233, 474.7858586285501, 0.0, 0.0]","[-3251.645378004233, 474.7858586285501, 0.0, 0.0]","[-3251.645378004233, 474.7858586285501, 0.0, 0.0]","[-3251.645378004233, 474.7858586285501, 0.0, 0.0]","[-3229.1623208024125, 520.1321659308635, 89.93222880728172, 181.38522920925357]","[-3139.6068727149773, 607.3377948653418, 358.221792349741, 348.82251573791336]","[-3050.051424627542, 694.5434237998202, 358.221792349741, 348.82251573791336]","[-2960.4959765401068, 781.7490527342985, 358.22179234974135, 348.82251573791365]","[-2870.9405284526715, 868.9546816687769, 358.221792349741, 348.82251573791336]","[-2781.3850803652363, 956.1603106032552, 358.221792349741, 348.82251573791336]","[-2691.829632277801, 1043.3659395377342, 358.221792349741, 348.8225157379161]","[-2602.2741841903658, 1130.5715684722154, 358.221792349741, 348.82251573792473]","[-2512.7187361029305, 1217.7771974066966, 358.221792349741, 348.82251573792473]","[-2423.1632880154957, 1304.9828263411778, 358.2217923497392, 348.82251573792473]","[-2333.60783992806, 1392.188455275659, 358.2217923497428, 348.82251573792473]"
567,Robot,"[-2244.0523918406248, 1479.39408421014, 0, 0]","[-2154.496943753189, 1566.599713144621, 358.2217923497428, 348.82251573792473]","[-2064.9414956657542, 1653.8053420791002, 358.2217923497392, 348.82251573791655]","[-1975.3860475783144, 1741.0109710135782, 358.2217923497592, 348.822515737912]","[-1885.8305994908733, 1828.216599948058, 358.22179234976466, 348.8225157379193]","[-1796.2751514034323, 1915.4222288825376, 358.22179234976375, 348.82251573791837]","[-1706.7197033159914, 2002.6278578170168, 358.22179234976375, 348.82251573791655]","[-1617.1642552285505, 2089.833486751495, 358.22179234976375, 348.8225157379129]","[-1527.6088071411095, 2177.0391156859705, 358.2217923497641, 348.8225157379023]","[-1438.0533590536686, 2264.244744620446, 358.22179234976375, 348.822515737902]","[-1348.4979109662277, 2351.450373554921, 358.22179234976375, 348.8225157379002]","[-1258.9424628787915, 2438.656002489397, 358.22179234974465, 348.8225157379038]","[-1169.3870147913565, 2525.8616314238725, 358.2217923497401, 348.822515737902]","[-1079.8315667039212, 2613.067260358348, 358.221792349741, 348.822515737902]","[-982.1094580984068, 2584.357875715636, 390.8884344220578, -114.83753857084776]","[-906.2895060557378, 2627.3646031306066, 303.279808170676, 172.02690965988222]"
568,Robot,"[-844.575974068, 2736.0680527980344, 0, 0]","[-782.8624420802623, 2844.771502465462, 246.8541279509509, 434.8137986697111]","[-721.1489100925246, 2953.47495213289, 246.8541279509509, 434.8137986697111]","[-659.4353781047869, 3062.1784018003177, 246.8541279509509, 434.8137986697111]","[-703.0335421498106, 2966.618599595582, -174.39265618009495, -382.23920881894264]","[-755.7892449802919, 2853.296775488919, -211.02281132192502, -453.28729642665166]","[-808.5449478107731, 2739.974951382256, -211.02281132192502, -453.28729642665166]","[-861.3006506412544, 2626.6531272755933, -211.02281132192502, -453.28729642665166]","[-914.0563534717356, 2513.3313031689304, -211.02281132192522, -453.28729642665206]","[-966.8120563022168, 2400.0094790622675, -211.02281132192456, -453.28729642665166]","[-1019.567759132698, 2286.687654955605, -211.02281132192502, -453.28729642664985]","[-1072.323461963177, 2173.3658308489416, -211.02281132191547, -453.2872964266535]","[-1125.0791647936553, 2060.0440067422787, -211.02281132191365, -453.28729642665166]","[-1177.8348676241342, 1946.722182635616, -211.02281132191547, -453.28729642665076]","[-1230.5905704546144, 1833.400358528953, -211.02281132192093, -453.2872964266526]","[-1333.0449059559082, 1782.5991777036038, -409.8173420051753, -203.20472330139637]"
569,Robot,"[-1452.7419953117849, 1774.4745497048823, 0, 0]","[-1560.0434967065885, 1756.6697883701236, -429.20600557921443, -71.21904533903489]","[-1658.439397449224, 1691.719528264657, -393.5836029705424, -259.8010404218667]","[-1720.017739926938, 1582.9889289721436, -246.31336991085573, -434.92239717005305]","[-1769.5790637128266, 1468.756061812166, -198.24529514355436, -456.93146863991024]","[-1857.8575162119205, 1388.374361151571, -353.1138099963755, -321.52680264238006]","[-1937.0794648894455, 1296.504867256963, -316.8877947101, -367.47797557843205]","[-1975.790525429111, 1177.905494986967, -154.84424215866238, -474.39748907998455]","[-1957.276945438318, 1057.1405693483275, 74.05431996317209, -483.05970255455804]","[-1945.5593578957687, 1048.2174633131765, 46.870350170197526, -35.69242414060409]","[-1988.8830465933477, 1036.5692346315209, -173.2947547903159, -46.59291472662244]","[-2108.1455506797097, 1009.9113713352672, -477.05001634544806, -106.63145318501483]","[-2232.805697232099, 1000.7000814398376, -498.640586209558, -36.845159581718235]","[-2357.4658437844887, 991.4887915444076, -498.640586209558, -36.845159581720054]","[-2482.125990336878, 982.277501648978, -498.640586209558, -36.845159581718235]","[-2606.786136889268, 973.066211753548, -498.64058620955984, -36.845159581720054]"
570,Robot,"[-2731.446283441657, 963.8549218581184, 0, 0]","[-2856.1064299940467, 954.6436319626886, -498.640586209558, -36.845159581719145]","[-2980.766576546436, 945.4323420672588, -498.640586209558, -36.845159581719145]","[-3105.4267230988257, 936.221052171829, -498.640586209558, -36.845159581719145]","[-3230.0868696512152, 927.0097622763992, -498.640586209558, -36.845159581719145]","[-3354.7470162036047, 917.7984723809694, -498.640586209558, -36.845159581719145]","[-3479.4071627559942, 908.5871824855404, -498.640586209558, -36.84515958171596]","[-3604.067309308384, 899.3758925901118, -498.64058620955984, -36.8451595817146]","[-3728.727455860773, 890.1646026946831, -498.64058620955484, -36.84515958171463]","[-3853.3876024131623, 880.9533127992545, -498.640586209558, -36.8451595817146]","[-3978.047748965552, 871.742022903826, -498.640586209558, -36.84515958171414]","[-4102.707895517941, 862.5307330083973, -498.640586209558, -36.8451595817146]","[-4227.36804207032, 853.3194431129696, -498.6405862095162, -36.84515958171096]","[-4352.028188622698, 844.1081532175417, -498.6405862095089, -36.845159581711414]","[-4476.688335175076, 834.896863322114, -498.64058620951255, -36.84515958171096]","[-4601.348481727454, 825.6855734266862, -498.64058620951255, -36.84515958171096]"
571,Robot,"[-4726.008628279832, 816.4742835312584, 0, 0]","[-4850.66877483221, 807.2629936358306, -498.64058620951255, -36.84515958171096]","[-4975.328921384588, 798.0517037404029, -498.64058620951255, -36.84515958171096]","[-5099.989067936966, 788.840413844975, -498.64058620951255, -36.845159581711414]","[-5224.649214489345, 779.6291239495473, -498.64058620951255, -36.84515958171096]","[-5349.309361041723, 770.4178340541196, -498.64058620951255, -36.84515958171096]","[-5473.969507594101, 761.2065441586918, -498.64058620951255, -36.84515958171096]","[-5598.629654146479, 751.995254263264, -498.64058620951255, -36.845159581711414]","[-5723.289800698857, 742.7839643678362, -498.640586209513, -36.845159581710995]","[-5847.949947251235, 733.5726744724085, -498.64058620951255, -36.84515958171096]","[-5972.610093803613, 724.3613845769806, -498.64058620951255, -36.845159581711414]","[-6097.3693765450325, 723.8801294579457, -499.0371309656766, -1.9250204761397072]","[-6222.2065520064125, 730.2581873775051, -499.3487018455198, 25.51223167823764]","[-6347.043727467792, 736.6362452970645, -499.3487018455198, 25.51223167823764]","[-6471.880902929172, 743.014303216624, -499.3487018455198, 25.51223167823764]","[-6596.718078390552, 749.3923611361829, -499.3487018455198, 25.51223167823582]"
572,Robot,"[-6721.555253851932, 755.7704190557411, 0, 0]","[-6842.30250139829, 765.6546956663896, -482.98899018542943, 39.537106442593995]","[-6738.547345451581, 834.6463647584325, 415.0206237868333, 275.96667636817165]","[-6633.238254723448, 901.988739308282, 421.23636291253206, 269.3694981993981]","[-6527.929163995315, 969.3311138581316, 421.23636291253206, 269.36949819939855]","[-6422.609022828088, 1036.656169218302, 421.2805646689085, 269.3002214406815]","[-6316.455840007255, 1102.6579742930403, 424.61273128333414, 264.00722029895314]","[-6210.461749094019, 1168.9119673825032, 423.9763636529424, 265.01597235785175]","[-6105.343192572196, 1236.5513714229785, 420.47422608729215, 270.55761616190125]","[-5992.476940874824, 1290.0646704771946, 451.46500678948723, 214.0531962168643]","[-5878.850038696704, 1342.1599723234556, 454.50760871247985, 208.38120738504404]","[-5765.059307888727, 1393.896280707782, 455.1629232319101, 206.94523353730528]","[-5650.936219261695, 1444.894371989833, 456.4923545081256, 203.99236512820426]","[-5535.975885354978, 1493.9664829270312, 459.8413356268684, 196.28844374879282]","[-5415.494138741191, 1522.659977564576, 481.92698645514974, 114.77397855017898]","[-5370.523541142416, 1524.2003161343528, 179.8823903950979, 6.1613542791074]"
573,Robot,"[-5367.46659597788, 1599.0629237386647, 0, 0]","[-5348.063708612905, 1722.4790320896288, 77.61154945989983, 493.6644334038565]","[-5350.477879622203, 1846.5900086374093, -9.656684037188825, 496.44390619112164]","[-5291.647253827244, 1923.10701565587, 235.32250317983562, 306.0680280738434]","[-5171.617972852567, 1958.0064670656327, 480.1171238987081, 139.59780563905042]","[-5051.58869187789, 1992.9059184753955, 480.1171238987081, 139.59780563905133]","[-4931.559410903213, 2027.805369885158, 480.1171238987081, 139.5978056390495]","[-4811.588094553272, 2062.700086316243, 479.88526539976374, 139.57886572434018]","[-4691.558542823796, 2097.598606508648, 480.1182069179017, 139.59408076962075]","[-4571.528991094319, 2132.4971267010533, 480.11820691790854, 139.59408076962063]","[-4451.499439364843, 2167.3956468934584, 480.1182069179049, 139.59408076962063]","[-4331.469887635367, 2202.294167085864, 480.1182069179049, 139.59408076962245]","[-4211.440335905891, 2237.1926872782687, 480.1182069179049, 139.5940807696188]","[-4091.4107841764144, 2272.091207470674, 480.1182069179049, 139.59408076962063]","[-3971.381232446938, 2306.989727663079, 480.1182069179049, 139.59408076962063]","[-3851.351680717462, 2341.888247855484, 480.1182069179049, 139.59408076962063]"
574,Robot,"[-3731.3221289879857, 2376.7867680478894, 0, 0]","[-3609.3389348911705, 2395.867789399472, 487.9327763872607, 76.32408540632969]","[-3484.425277243347, 2391.222562489816, 499.65463059129434, -18.580907638623103]","[-3359.511619595524, 2386.57733558016, 499.6546305912925, -18.58090763862492]","[-3234.5979619477, 2381.932108670503, 499.65463059129615, -18.58090763862674]","[-3109.684304299876, 2377.286881760847, 499.65463059129434, -18.58090763862492]","[-2984.7706466520526, 2372.6416548511907, 499.65463059129434, -18.58090763862492]","[-2859.856989004229, 2367.9964279415344, 499.65463059129434, -18.58090763862492]","[-2734.943331356405, 2363.351201031878, 499.6546305912966, -18.58090763862494]","[-2610.029673708582, 2358.705974122222, 499.6546305912925, -18.58090763862492]","[-2485.1160160607583, 2354.0607472125657, 499.65463059129434, -18.58090763862492]","[-2360.2023584129347, 2349.415520302909, 499.65463059129434, -18.58090763862674]","[-2235.288700765111, 2344.7702933932533, 499.65463059129434, -18.580907638623103]","[-2110.3750431172875, 2340.125066483597, 499.65463059129434, -18.58090763862492]","[-1985.461385469464, 2335.479839573941, 499.65463059129434, -18.58090763862492]","[-1860.5477278216404, 2330.8346126642846, 499.65463059129434, -18.58090763862492]"
575,Robot,"[-1735.6340701738168, 2326.1893857546283, 0, 0]","[-1610.7204125259932, 2321.544158844972, 499.65463059129434, -18.58090763862492]","[-1490.5427535725692, 2319.0092063022, 480.7106358136962, -10.139810171089266]","[-1365.632163715847, 2314.282204964564, 499.642359426889, -18.908005350544045]","[-1240.9957942834008, 2311.806290470715, 498.5454777297846, -9.903657975395618]","[-1116.0891633550928, 2306.9758091137733, 499.626523713232, -19.321925427766473]","[-991.1825324267847, 2302.145327756832, 499.626523713232, -19.321925427764654]","[-866.2759014984767, 2297.31484639989, 499.626523713232, -19.321925427768292]","[-741.3692705701687, 2292.4843650429484, 499.6265237132325, -19.32192542776649]","[-616.4626396418607, 2287.653883686007, 499.626523713232, -19.321925427766473]","[-491.556008713553, 2282.823402329065, 499.6265237132309, -19.321925427766473]","[-366.6493777852464, 2277.992920972124, 499.62652371322656, -19.321925427764654]","[-241.74274685693976, 2273.162439615182, 499.62652371322645, -19.321925427768292]","[-116.83309905773912, 2268.456417850086, 499.63859119680257, -18.824087060384045]","[8.073150368464999, 2263.6160816759225, 499.62499770481645, -19.36134469665376]","[132.97828174240618, 2258.7489523032696, 499.62052549576475, -19.468517490611703]"
576,Robot,"[257.3961337205289, 2248.998900196939, 0, 0]","[381.8509637783437, 2239.237730219808, 497.8193202312593, -39.044679908523904]","[506.7963390904966, 2235.542708148811, 499.78150124861145, -14.780088283987425]","[631.7417144026508, 2231.847686077814, 499.7815012486169, -14.780088283987425]","[756.6870897148051, 2228.1526640068173, 499.78150124861713, -14.780088283987425]","[881.6324650269594, 2224.4576419358204, 499.78150124861713, -14.780088283987425]","[1006.5778403391135, 2220.7626198648218, 499.7815012486167, -14.7800882839947]","[1131.523215651268, 2217.0675977938195, 499.7815012486176, -14.780088284009253]","[1247.7537068710344, 2176.3431060482867, 464.92196487906625, -162.89796698213118]","[1361.2321294300468, 2123.9250975634286, 453.91369023604966, -209.67203393943237]","[1474.7105519890592, 2071.5070890785705, 453.91369023604966, -209.67203393943237]","[1588.1889745480717, 2019.089080593717, 453.91369023604966, -209.67203393941418]","[1701.667397107084, 1966.6710721088648, 453.91369023604966, -209.67203393940872]","[1815.1458196660965, 1914.253063624012, 453.91369023604966, -209.67203393941145]","[1928.624242225109, 1861.83505513916, 453.91369023604966, -209.6720339394078]","[2042.102664784121, 1809.4170466543076, 453.91369023604875, -209.67203393940963]"
577,Robot,"[2155.5810873431337, 1756.999038169455, 0, 0]","[2269.059509902146, 1704.5810296846023, 453.91369023604966, -209.67203393941054]","[2382.5379324611586, 1652.16302119975, 453.91369023604966, -209.67203393940963]","[2496.016355020171, 1599.7450127148977, 453.91369023604966, -209.67203393940872]","[2609.4947775791834, 1547.3270042300453, 453.91369023604966, -209.67203393940963]","[2722.973200138196, 1494.908995745193, 453.91369023604966, -209.67203393940963]","[2836.451622697208, 1442.4909872603405, 453.91369023604966, -209.67203393940963]","[2949.9300452562206, 1390.072978775488, 453.91369023604966, -209.67203393940963]","[3063.408467815233, 1337.6549702906357, 453.91369023605006, -209.67203393940983]","[3176.886890374245, 1285.2369618057833, 453.91369023604784, -209.67203393940963]","[3291.830896421768, 1236.4457842204436, 459.77602419009236, -195.16471034135884]","[3408.3341064027904, 1192.3722477421466, 466.01283992408935, -176.294145913188]","[3521.232531128604, 1138.7164400934823, 451.59369890325434, -214.6232305946569]","[3634.1309558544167, 1085.060632444818, 451.5936989032507, -214.6232305946569]","[3737.1401900582646, 1040.9282098624408, 412.0369368153915, -176.52969032950932]","[3816.823804274556, 1017.8029317038174, 318.73445686516607, -92.50111263449344]"
578,Robot,"[3913.3018790997153, 975.3042949373032, 0, 0]","[4021.627930422817, 920.3412995833548, 433.30420529240655, -219.8519814157935]","[4114.088332032622, 879.7072840836731, 369.8416064392204, -162.53606199872684]","[4177.3349282553045, 862.2752574189517, 252.98638489072982, -69.72810665888574]","[4263.626931145655, 865.1968410466009, 345.16801156140355, 11.68633451059668]","[4384.45217348683, 897.2321467762794, 483.3009693647, 128.141222918714]","[4505.277415828005, 929.267452505958, 483.3009693647, 128.14122291871445]","[4626.10265816918, 961.3027582356364, 483.3009693647, 128.14122291871354]","[4746.927900510355, 993.3380639653147, 483.30096936470045, 128.14122291871365]","[4867.75314285153, 1025.3733696949937, 483.3009693647, 128.1412229187158]","[4988.578385192705, 1057.4086754246748, 483.3009693647, 128.14122291872445]","[5109.40362753388, 1089.4439811543562, 483.3009693647, 128.14122291872536]","[5230.228869875055, 1121.4792868840375, 483.3009693647, 128.14122291872536]","[5351.05411221623, 1153.514592613715, 483.3009693647, 128.1412229187099]","[5471.879354557405, 1185.5498983433909, 483.3009693647, 128.14122291870353]","[5592.70459689858, 1217.5852040730667, 483.3009693647, 128.14122291870353]"
579,Robot,"[3285.8339722642063, 2141.973799372685, 0, 0]","[3247.6725217752232, 2023.0051916085852, -152.64580195593226, -475.87443105639886]","[3226.1307417068074, 1899.9696983649608, -86.16712027366339, -492.14197297449755]","[3195.0289501544635, 1781.9671304051587, -124.40716620937565, -472.01027183920814]","[3186.1327626208176, 1658.327585409286, -35.58475013458337, -494.55817998349085]","[3221.954244437552, 1539.7768112050746, 143.2859272669375, -474.2030968168456]","[3329.273864006, 1480.1402964452875, 429.27847827379264, -238.54605903914853]","[3443.95144868446, 1432.299023262044, 458.7103387138395, -191.3650927329736]","[3565.950915282828, 1407.011745461561, 487.99786639347303, -101.14911120193219]","[3620.668757342143, 1401.6305100304028, 218.87136823725996, -21.52494172463321]","[3565.897782283232, 1393.1935841227787, -219.08390023564425, -33.74770363049629]","[3454.836955391528, 1350.1287254797735, -444.24330756681593, -172.25943457202084]","[3343.561732292457, 1314.7692247484051, -445.1008923962854, -141.43800292547348]","[3227.121877811737, 1355.1591125901316, -465.75941792287995, 161.5595513669059]","[3110.764098145307, 1400.8304067594158, -465.4311186657196, 182.68517667713695]","[2993.2357566302767, 1412.5423101756453, -470.1133660601208, 46.847613664917844]"
580,Robot,"[2880.283401778141, 1440.144220011675, 0, 0]","[2796.740892317817, 1530.546954537209, -334.170037841297, 361.61093810213606]","[2736.7596184305025, 1640.1329127136798, -239.9250955492571, 438.34383270588296]","[2644.293446385779, 1717.18442697132, -369.86468817889363, 308.20605703056026]","[2525.802431768977, 1756.9949714926076, -473.9640584672088, 159.24217808515095]","[2407.3114171521747, 1796.8055160138954, -473.9640584672088, 159.24217808515095]","[2288.8204025353725, 1836.6160605351831, -473.9640584672088, 159.24217808515095]","[2170.3293879185703, 1876.4266050564709, -473.9640584672088, 159.24217808515095]","[2051.838373301768, 1916.2371495777584, -473.9640584672092, 159.2421780851502]","[1933.347358684966, 1956.0476940990463, -473.9640584672088, 159.24217808515186]","[1814.856344068164, 1995.858238620334, -473.9640584672079, 159.24217808515095]","[1696.3653294513615, 2035.6687831416216, -473.9640584672097, 159.24217808515004]","[1577.8743148345593, 2075.4793276629093, -473.9640584672088, 159.24217808515095]","[1459.383300217757, 2115.289872184197, -473.9640584672088, 159.24217808515095]","[1340.892285600955, 2155.100416705485, -473.9640584672088, 159.24217808515095]","[1222.4012709841531, 2194.9109612267725, -473.964058467207, 159.24217808515095]"
581,Robot,"[1103.910256367354, 2234.7215057480603, 0, 0]","[985.419241750555, 2274.532050269348, -473.9640584671956, 159.24217808515095]","[866.9282271337556, 2314.342594790636, -473.96405846719745, 159.24217808515277]","[748.4372125169563, 2354.1531393119235, -473.96405846719745, 159.24217808514913]","[629.9461979001569, 2393.9636838332112, -473.96405846719745, 159.24217808515095]","[619.269091660616, 2382.9587385421178, -42.708424958163505, -44.01978116437385]","[725.3903861631052, 2316.903679287612, 424.4851780099566, -264.2202370180239]","[831.5116806655943, 2250.848620033105, 424.4851780099566, -264.22023701802755]","[937.6329751680836, 2184.7935607785985, 424.48517800995745, -264.22023701802595]","[1043.754269670572, 2118.738501524092, 424.48517800995387, -264.2202370180257]","[1149.8755641730584, 2052.6834422695856, 424.48517800994523, -264.2202370180257]","[1255.996858675545, 1986.6283830150792, 424.48517800994614, -264.2202370180257]","[1362.118153178031, 1920.5733237605727, 424.4851780099443, -264.2202370180257]","[1468.2394476805173, 1854.5182645060663, 424.48517800994523, -264.2202370180257]","[1574.3607421830036, 1788.4632052515606, 424.48517800994523, -264.220237018023]","[1680.48203668549, 1722.4081459970585, 424.48517800994523, -264.22023701800845]"
582,Robot,"[1786.6033311879762, 1656.3530867425566, 0, 0]","[1889.3801622359365, 1585.648261078615, 411.10732419184114, -282.8193026557665]","[1987.867287720072, 1508.7149715020323, 393.948501936542, -307.73315830633055]","[2085.5002009326868, 1431.7756021818918, 390.53165285045907, -307.75747728056194]","[2192.7747490646525, 1367.6104144000244, 429.0981925278629, -256.66075112746967]","[2300.049297196618, 1303.445226618157, 429.0981925278629, -256.66075112746967]","[2403.6961831739663, 1239.5253481201742, 414.5875439093925, -255.67951399193134]","[2490.2846293055745, 1169.869061108732, 346.3537845264327, -278.6251480457686]","[2598.122025359483, 1107.6095618783884, 431.3495842156339, -249.03799692137477]","[2701.014939320164, 1059.087813423945, 411.5716558427248, -194.08699381777387]","[2793.8013887513507, 1033.5558214147932, 371.14579772474644, -102.12796803660694]","[2894.9647866970863, 979.0794378888296, 404.6535917829424, -217.90553410385428]","[3000.309557415575, 911.7928918170622, 421.37908287395476, -269.14618428706945]","[3099.402339508464, 862.1642752944596, 396.37112837155655, -198.51446609041068]","[3185.0038197666854, 841.7685683600349, 342.4059210328851, -81.58282773769861]","[3270.231931890271, 806.9248907391064, 340.91244849434224, -139.3747104837139]"
583,Robot,"[3365.012347412465, 734.1945719183598, 0, 0]","[3458.790599961821, 663.0698848804886, 375.11301019742496, -284.4987481514845]","[3516.260715461582, 702.1552302525845, 229.8804619990442, 156.34138148838338]","[3593.324992014987, 792.3525944163273, 308.2571062136194, 360.7894566549712]","[3669.4596394332034, 881.860973859688, 304.5385896728658, 358.0335177734428]","[3744.552045709506, 970.6001814215822, 300.3696251052097, 354.9568302475768]","[3818.479546097716, 1058.479690764392, 295.7100015528413, 351.5180373712392]","[3891.107784015593, 1145.4003469987372, 290.51295167150784, 347.68262493738075]","[3962.290863653747, 1231.2544793086422, 284.73231855261497, 343.4165292396204]","[4031.872028520796, 1315.9264017165124, 278.32465946819684, 338.6876896314807]","[4103.721776493296, 1397.611779550694, 287.3989918899988, 326.74151133672694]","[4212.3349336287, 1441.6013529466586, 434.45262854161774, 175.958293583858]","[4336.971448637606, 1445.48683614799, 498.54606003562367, 15.541932805325814]","[4461.960774292898, 1447.120382056426, 499.9573026211692, 6.534183633743851]","[4586.950099948191, 1448.753927964862, 499.9573026211692, 6.534183633743851]","[4711.939425603483, 1450.3874738732975, 499.9573026211692, 6.534183633742032]"
584,Robot,"[4836.928751258775, 1452.0210197817305, 0, 0]","[4961.918076914068, 1453.6545656901635, 499.9573026211692, 6.534183633732027]","[5086.90740256936, 1455.2881115985967, 499.9573026211692, 6.534183633732937]","[5211.896728224652, 1456.92165750703, 499.9573026211692, 6.534183633732937]","[5336.8860538799445, 1458.555203415463, 499.9573026211692, 6.534183633732027]","[5461.875379535237, 1460.188749323896, 499.9573026211692, 6.534183633732027]","[5586.864705190529, 1461.8222952323292, 499.9573026211692, 6.534183633732937]","[5711.854030845821, 1463.4558411407622, 499.9573026211692, 6.534183633732027]","[5836.843356501114, 1465.0893870491957, 499.9573026211697, 6.534183633733853]","[5961.832682156406, 1466.7229329576285, 499.9573026211692, 6.534183633731118]","[6086.822007811698, 1468.3564788660617, 499.9573026211692, 6.534183633732937]","[6124.819942921037, 1453.3448560332615, 151.99174043735547, -60.04649133120074]","[6008.074795968484, 1408.6730454249462, -466.98058781021246, -178.68724243326142]","[5891.329649015931, 1364.0012348166308, -466.98058781021246, -178.68724243326142]","[5774.584502063378, 1319.3294242083157, -466.98058781021246, -178.6872424332605]","[5657.839355110825, 1274.6576136, -466.98058781021246, -178.68724243326233]"
585,Robot,"[5540.765933720245, 1230.9384064218125, 0, 0]","[5421.2851664508025, 1194.2049577312205, -477.92306907776947, -146.93379476236805]","[5301.80439918136, 1157.4715090406287, -477.92306907776947, -146.93379476236714]","[5182.323631911918, 1120.738060350037, -477.92306907776947, -146.93379476236714]","[5062.842864642475, 1084.0046116594451, -477.92306907776947, -146.93379476236714]","[4943.362097373033, 1047.271162968853, -477.92306907776947, -146.93379476236805]","[4823.881330103591, 1010.5377142782615, -477.92306907776947, -146.93379476236623]","[4704.400562834148, 973.8042655876698, -477.92306907776947, -146.93379476236714]","[4584.919795564706, 937.070816897078, -477.92306907776987, -146.93379476236728]","[4465.439028295264, 900.3373682064862, -477.92306907776947, -146.93379476236714]","[4345.86429763197, 863.9168127235658, -478.2989226531754, -145.6822219316814]","[4225.91371339327, 828.7478300713312, -479.8023369547991, -140.67593060893842]","[4105.96312915457, 793.5788474190966, -479.8023369547991, -140.67593060893842]","[3986.012544915866, 758.409864766862, -479.8023369548173, -140.67593060893842]","[3866.061960677163, 723.2408821146274, -479.80233695481184, -140.67593060893842]","[3746.11137643846, 688.0718994623928, -479.80233695481184, -140.67593060893842]"
586,Robot,"[3626.160792199757, 652.9029168101582, 0, 0]","[3506.210207961053, 617.7339341579236, -479.8023369548155, -140.67593060893842]","[3386.2596237223497, 582.564951505689, -479.80233695481365, -140.67593060893842]","[3266.3090394836468, 547.3959688534544, -479.80233695481184, -140.67593060893842]","[3145.3626577639907, 517.1388497620333, -483.7855268786243, -121.02847636568458]","[3032.263937616506, 478.5415268732795, -452.3948805899381, -154.389291555015]","[2908.7092717769456, 459.5877792418922, -494.21866335824234, -75.81499052554932]","[2790.354083127705, 424.5767232684554, -473.42075459696207, -140.04422389374713]","[2689.542087377828, 351.0137517261331, -403.2479829995085, -294.25188616928955]","[2584.0919583633686, 285.6484560220504, -421.80051605783774, -261.4611828163306]","[2468.0329448051743, 239.4284730393295, -464.23605423277695, -184.87993193088369]","[2364.683851889684, 171.17845340082948, -413.3963716619619, -273.0000785540001]","[2280.749220627912, 79.11233453750071, -335.738525047087, -368.2644754533151]","[2231.869726739502, -34.068157185877915, -195.517975553641, -452.7219668935145]","[2129.5460491276367, -16.471670635911938, -409.2947104474606, 70.38594619986391]","[2038.0246377595995, 64.00962677144031, -366.0856454721488, 321.925189629409]"
587,Robot,"[1925.430836715798, 78.29793258033742, 0, 0]","[1800.7512582825248, 69.35350852391298, -498.71831373309305, -35.77769622569775]","[1676.0716798492515, 60.40908446748854, -498.71831373309305, -35.77769622569775]","[1551.3921014159782, 51.4646604110641, -498.71831373309305, -35.77769622569775]","[1426.712522982705, 42.520236354639664, -498.71831373309305, -35.77769622569775]","[1302.0329445494317, 33.575812298215226, -498.71831373309305, -35.77769622569775]","[1177.3533661161584, 24.631388241790717, -498.71831373309305, -35.77769622569804]","[1052.6737876828852, 15.686964185366188, -498.71831373309305, -35.777696225698115]","[927.994209249612, 6.742540128941702, -498.71831373309305, -35.77769622569797]","[803.3146308163386, -2.201883927482801, -498.7183137330935, -35.77769622569801]","[678.6350523830654, -11.146307983907274, -498.71831373309305, -35.777696225697895]","[553.9554739497921, -20.090732040331712, -498.71831373309305, -35.77769622569775]","[429.27589551651886, -29.03515609675615, -498.71831373309305, -35.77769622569775]","[304.5963170832456, -37.97958015318059, -498.71831373309305, -35.77769622569777]","[179.9152853625016, -46.90309785674851, -498.72412688297595, -35.69407081427167]","[55.23588064564291, -55.84994308005184, -498.7176188674348, -35.78738089321331]"
588,Robot,"[-69.44352407121579, -64.7967883033552, 0, 0]","[-194.1229287880745, -73.74363352665871, -498.7176188674348, -35.78738089321405]","[-318.8023335049333, -82.69047874996222, -498.71761886743525, -35.78738089321405]","[-443.4817382217925, -91.63732397326574, -498.71761886743684, -35.78738089321405]","[-568.1611429386511, -100.58416919656912, -498.71761886743434, -35.78738089321354]","[-692.7544751324336, -94.82325046005629, -498.3733287751302, 23.04367494605134]","[-817.3206265294556, -84.41777468360152, -498.26460558808776, 41.62190310581906]","[-941.8867779264776, -74.01229890714676, -498.2646055880882, 41.62190310581906]","[-1066.4529293234991, -63.60682313069199, -498.2646055880864, 41.621903105819094]","[-1191.0190807205213, -53.20134735423704, -498.26460558808867, 41.6219031058198]","[-1315.5852321175432, -42.7958715777821, -498.26460558808776, 41.62190310581977]","[-1440.1513835145652, -32.39039580132716, -498.26460558808776, 41.62190310581977]","[-1564.717534911587, -21.984920024872217, -498.26460558808776, 41.62190310581977]","[-1689.283686308609, -11.579444248417277, -498.26460558808776, 41.62190310581976]","[-1813.849837705631, -1.1739684719623449, -498.26460558808776, 41.621903105819726]","[-1938.415989102653, 9.231507304492585, -498.26460558808776, 41.62190310581972]"
589,Robot,"[-2062.982140499674, 19.636983080947523, 0, 0]","[-2187.5482918966904, 30.042458857402465, -498.264605588065, 41.62190310581977]","[-2312.042294542331, 40.84427249050261, -497.9760105825626, 43.20725453240058]","[-2435.092414366761, 58.50442065216959, -492.20047929772045, 70.64059264666793]","[-2525.28394597368, 143.11076125241283, -360.7661264276758, 338.425362400973]","[-2606.6287329169545, 187.8179055462278, -325.37914777309743, 178.82857717525985]","[-2704.8661426416, 142.00276910094072, -392.94963889858263, -183.26054578114827]","[-2816.175863854413, 123.4338865103445, -445.238884851251, -74.27553036238493]","[-2940.78769613434, 131.1062800634516, -498.4473291197087, 30.689574212428482]","[-3065.5354402121484, 139.04355588698184, -498.9909763112337, 31.749103294120914]","[-3190.283184289957, 146.98083171051263, -498.9909763112337, 31.749103294123188]","[-3315.030928367765, 154.91810753404343, -498.99097631123186, 31.749103294123188]","[-3439.7786724455736, 162.85538335757423, -498.9909763112355, 31.749103294123188]","[-3564.526416523382, 170.79265918110502, -498.9909763112337, 31.749103294123188]","[-3689.2741606011914, 178.72993500463582, -498.9909763112373, 31.749103294123188]","[-3814.021904678999, 186.66721082816665, -498.99097631123004, 31.7491032941233]"
590,Robot,"[-3938.7696487568073, 194.60448665169744, 0, 0]","[-4063.517392834616, 202.54176247522824, -498.9909763112355, 31.749103294123188]","[-4188.265136912424, 210.47903829875904, -498.99097631123186, 31.749103294123188]","[-4313.012880990233, 218.41631412228983, -498.9909763112337, 31.749103294123188]","[-4437.760625068041, 226.35358994582063, -498.9909763112337, 31.749103294123188]","[-4554.792661203517, 237.6041229563992, -468.1281445419045, 45.002132042314315]","[-4452.519954130396, 309.47409852293185, 409.0908282924829, 287.4799022661306]","[-4350.354637837651, 381.4935134927277, 408.6612651709802, 288.07765987918333]","[-4250.523116999248, 456.5506877602307, 399.32608335361545, 300.2286970700123]","[-4147.868100718742, 527.873528649026, 410.6200651220206, 285.2913635551811]","[-4045.213084438237, 599.1963695378203, 410.6200651220224, 285.2913635551772]","[-3943.5549620813576, 671.8778562774864, 406.6324894275167, 290.72594695866474]","[-3842.340822359869, 744.8101368523047, 404.85655888595466, 291.72912229927306]","[-3732.6009411715286, 804.6612728212231, 438.9595247533616, 239.40454387567343]","[-3622.8610599831927, 864.5124087901414, 438.95952475334343, 239.40454387567343]","[-3513.12117879486, 924.3635447590598, 438.9595247533307, 239.40454387567343]"
591,Robot,"[-3403.3812976065265, 984.214680727978, 0, 0]","[-3293.6414164181915, 1044.0658166968974, 438.9595247533398, 239.40454387567752]","[-3183.901535229853, 1103.9169526658186, 438.95952475335434, 239.4045438756848]","[-3074.1616540415143, 1163.7680886347398, 438.95952475335434, 239.4045438756848]","[-2964.421772853176, 1223.619224603661, 438.9595247533525, 239.4045438756848]","[-2854.6818916648376, 1283.4703605725822, 438.95952475335434, 239.4045438756848]","[-2744.942010476499, 1343.3214965415034, 438.95952475335434, 239.4045438756848]","[-2635.2021292881604, 1403.1726325104246, 438.95952475335434, 239.4045438756848]","[-2524.7158254573783, 1461.6290355741903, 441.94521532312905, 233.82561225506308]","[-2414.042915965985, 1519.7367554116677, 442.69163796557405, 232.43087934990945]","[-2303.370006474592, 1577.8444752491448, 442.6916379655704, 232.43087934990854]","[-2192.697096983199, 1635.952195086622, 442.6916379655722, 232.43087934990854]","[-2117.1938530054194, 1630.483132108614, 302.0129759111187, -21.876251912031876]","[-2083.231775516394, 1526.2739408604075, 135.84830995610173, -416.8367649928259]","[-2024.099984820624, 1503.4308872863637, 236.5271627830798, -91.37221429617512]","[-2002.3491292117276, 1515.7532322320965, 87.00342243558589, 49.289379782931064]"
592,Robot,"[-1924.3527410377253, 1437.3586903454911, 0, 0]","[-1849.844999496772, 1370.596129852943, 298.030966163813, -267.0502419701925]","[-1794.1878588250706, 1260.2664392256725, 222.6285626868057, -441.31876250908226]","[-1781.6266527295118, 1137.7181256346753, 50.24482438223549, -490.1932543639887]","[-1786.587358720242, 1039.4532218248355, -19.842823962921102, -393.0596152393591]","[-1765.1772622321787, 1039.111068262784, 85.64038595225338, -1.3686142482056312]","[-1703.5292980092252, 1147.851716169467, 246.59185689181413, 434.9625916267314]","[-1641.8813337862698, 1256.5923640761498, 246.5918568918214, 434.9625916267314]","[-1580.233369563313, 1365.3330119828329, 246.5918568918271, 434.9625916267327]","[-1518.5854053403564, 1474.0736598895155, 246.59185689182686, 434.9625916267305]","[-1456.9374411174, 1582.8143077961984, 246.59185689182505, 434.9625916267314]","[-1395.2894768944434, 1691.5549557028812, 246.59185689182686, 434.9625916267314]","[-1333.641512671487, 1800.295603609564, 246.59185689182596, 434.9625916267314]","[-1271.9935484485304, 1909.036251516247, 246.59185689182596, 434.9625916267314]","[-1180.1487395826848, 1987.5359371533305, 367.37923546338243, 313.9987425483341]","[-1071.3182056052142, 2049.025081513764, 435.3221359098825, 245.95657744173332]"
593,Robot,"[-962.487671627742, 2110.514225874192, 0, 0]","[-853.6571376502684, 2172.0033702346195, 435.3221359098943, 245.95657744170967]","[-744.8266036727949, 2233.492514595052, 435.32213590989386, 245.95657744172968]","[-635.9960696953215, 2294.981658955486, 435.32213590989386, 245.95657744173695]","[-527.165535717848, 2356.4708033159204, 435.32213590989386, 245.95657744173695]","[-418.3350017403758, 2417.9599476763537, 435.32213590988886, 245.95657744173332]","[-309.98239772501233, 2480.260286166215, 433.4104160614538, 249.20135395944453]","[-203.2924223736348, 2545.1837025336545, 426.75990140551016, 259.69366546975834]","[-94.05604952697756, 2605.948946277965, 436.9454913866293, 243.06097497724318]","[15.180323319679252, 2666.71419002228, 436.9454913866272, 243.06097497725932]","[124.41669616633602, 2727.479433766596, 436.9454913866271, 243.06097497726296]","[185.4198518648548, 2723.4799895467418, 244.01262279407507, -15.997776879416051]","[161.82337214904297, 2600.7273678027573, -94.3859188632473, -491.01048697593797]","[138.22689243323114, 2477.974746058773, -94.3859188632473, -491.01048697593797]","[112.53734325037485, 2356.160193895136, -102.75819673142519, -487.25820865454625]","[36.61412685845406, 2256.85931165985, -303.69286556768316, -397.2035289411451]"
594,Robot,"[-39.30908953346675, 2157.558429424564, 0, 0]","[-115.23230592538754, 2058.2575471892774, -303.69286556768316, -397.20352894114694]","[-191.15552231730837, 1958.9566649539963, -303.6928655676833, -397.2035289411242]","[-267.0787387092291, 1859.655782718716, -303.69286556768304, -397.2035289411215]","[-343.0019551011499, 1760.3549004834351, -303.69286556768316, -397.2035289411233]","[-418.9251714930707, 1661.0540182481543, -303.69286556768316, -397.2035289411233]","[-494.8483878849915, 1561.753136012874, -303.69286556768316, -397.2035289411215]","[-570.7716042769111, 1462.4522537775931, -303.6928655676786, -397.2035289411233]","[-646.6948206688305, 1363.1513715423127, -303.69286556767776, -397.2035289411218]","[-722.6180370607499, 1263.850489307032, -303.6928655676775, -397.2035289411233]","[-798.5412534526693, 1164.5496070717516, -303.6928655676775, -397.2035289411215]","[-874.4644698445886, 1065.248724836471, -303.6928655676775, -397.2035289411224]","[-950.387686236508, 965.9478426011888, -303.6928655676775, -397.20352894112875]","[-1026.3109026284274, 866.6469603659052, -303.6928655676775, -397.2035289411342]","[-1102.2341190203467, 767.3460781306218, -303.6928655676775, -397.20352894113375]","[-1160.578240072868, 666.5775154910953, -233.37648421008544, -403.0742505581061]"
595,Robot,"[-1195.1343277462836, 553.9498894499054, 0, 0]","[-1283.1455903408732, 490.607157250344, -352.0450503783586, -253.3709287982456]","[-1364.59496058194, 402.8269717825881, -325.7974809642674, -351.1207418710237]","[-1462.1736127559495, 357.92515278242087, -390.3146086960378, -179.6072760006689]","[-1557.418080535244, 314.02305239941825, -380.97787111717753, -175.60840153201048]","[-1629.0788105498125, 216.75370470628096, -286.6429200582743, -389.07739077254917]","[-1695.7037675095053, 112.59168099092136, -266.4998278387711, -416.6480948614384]","[-1764.674764626143, 11.4731350849413, -275.8839884665513, -404.4741836239202]","[-1833.438692124245, -83.21117551595262, -275.0557099924083, -378.73724240357603]","[-1865.1994874694888, -171.4328992303376, -127.0431813809746, -352.8868948575399]","[-1902.015789540608, -257.77840586053014, -147.265208284477, -345.3820265207702]","[-1975.9279280798332, -358.58513071834307, -295.6485541569009, -403.2268994312517]","[-2049.8400666190587, -459.391855576156, -295.6485541569018, -403.2268994312517]","[-2063.958410184041, -546.1727797850723, -56.47337425992919, -347.1236968356652]","[-1953.070987626736, -603.8700892422521, 443.5496902292198, -230.78923782871925]","[-1842.1835650694293, -661.5673986994319, 443.54969022922705, -230.78923782871925]"
596,Robot,"[-1731.2961425121234, -719.2647081566117, 0, 0]","[-1620.4087199548171, -776.9620176137915, 443.54969022922523, -230.78923782871925]","[-1509.5212973975113, -834.6593270709714, 443.5496902292234, -230.78923782871925]","[-1398.6338748402052, -892.3566365281512, 443.5496902292243, -230.78923782871925]","[-1287.746452282899, -950.053945985331, 443.5496902292243, -230.78923782871925]","[-1176.859029725593, -1007.7512554425108, 443.5496902292243, -230.78923782871925]","[-1065.971607168287, -1065.4485648996915, 443.5496902292243, -230.7892378287229]","[-955.0841846109809, -1123.1458743568714, 443.5496902292243, -230.7892378287197]","[-844.1967620536748, -1180.8431838140514, 443.5496902292247, -230.7892378287199]","[-733.3093394963687, -1238.5404932712318, 443.5496902292243, -230.78923782872153]","[-622.4219169390626, -1296.2378027284117, 443.5496902292243, -230.7892378287197]","[-511.5344943817565, -1353.9351121855916, 443.54969022922455, -230.7892378287197]","[-492.8690619522645, -1403.0016219784095, 74.661729717968, -196.2660391712716]","[-612.5366147144935, -1439.1219322746845, -478.6702110489159, -144.48124118509986]","[-732.2041674767224, -1475.2422425709592, -478.6702110489159, -144.48124118509895]","[-851.8717202389514, -1511.362552867234, -478.6702110489159, -144.48124118509895]"
597,Robot,"[-971.6713460924752, -1547.0288433711105, 0, 0]","[-1091.646212766214, -1582.078790278301, -479.89946669495475, -140.19978762876235]","[-1211.2765113295875, -1618.3222954293954, -478.5211942534943, -144.97402060437707]","[-1331.030153428238, -1654.1437680419228, -479.01456839460207, -143.28589045010995]","[-1451.4820200142026, -1687.5482778513383, -481.8074663438583, -133.61803923766183]","[-1571.1577940497832, -1723.616923238298, -478.70309614232247, -144.27458154783926]","[-1690.6628695358122, -1760.2712126609351, -478.020301944116, -146.61715769054808]","[-1811.099958154661, -1793.640790336591, -481.748354475395, -133.47831070262328]","[-1932.8818986832975, -1820.8191024364196, -487.12776211454684, -108.71324839931468]","[-2054.4451276674085, -1840.6039947454924, -486.25291593644397, -79.13956923629121]","[-2171.762310854196, -1883.751167643805, -469.26873274715035, -172.5886915932506]","[-2289.079494040984, -1926.8983405421195, -469.26873274715217, -172.58869159325786]","[-2166.3142206292964, -1903.3677722499208, 491.06109364675103, 94.12227316879489]","[-2043.548947217609, -1879.8372039577216, 491.0610936467492, 94.12227316879671]","[-1920.7836738059216, -1856.306635665523, 491.0610936467501, 94.12227316879489]","[-1798.0184003942345, -1832.776067373324, 491.0610936467483, 94.1222731687958]"
598,Robot,"[-1675.2531269825472, -1809.2454990811248, 0, 0]","[-1552.48785357086, -1785.7149307889258, 491.0610936467492, 94.1222731687958]","[-1429.7225801591726, -1762.1843624967269, 491.0610936467492, 94.1222731687958]","[-1306.9573067474853, -1738.653794204528, 491.0610936467492, 94.1222731687958]","[-1184.192033335798, -1715.123225912329, 491.0610936467492, 94.1222731687958]","[-1061.426759924111, -1691.59265762013, 491.0610936467483, 94.1222731687958]","[-938.6614865124234, -1668.062089327931, 491.0610936467501, 94.1222731687958]","[-815.8962131007361, -1644.531521035732, 491.0610936467492, 94.1222731687958]","[-693.1309396890488, -1621.0009527435332, 491.06109364674967, 94.12227316879589]","[-570.3656662773615, -1597.4703844513342, 491.0610936467492, 94.1222731687958]","[-447.60039286567496, -1573.9398161591353, 491.06109364674603, 94.1222731687958]","[-324.8351194539891, -1550.4092478669363, 491.06109364674353, 94.1222731687958]","[-202.06698618700125, -1526.8936402661182, 491.0725330679513, 94.06243040327263]","[-83.14006453347876, -1493.928893643444, 475.70768661408994, 131.85898649069622]","[20.696593566556004, -1445.1284025425346, 415.3466324001391, 195.20196440363816]","[98.38069919481208, -1365.2036811652931, 310.7364225130243, 319.69888550896576]"
599,Robot,"[191.3255185209161, -1317.2871163759858, 0, 0]","[314.42737990287145, -1315.71378043225, 492.40744552782144, 6.293343774943423]","[421.3627732035367, -1293.119158740446, 427.7415732026609, 90.37848676721569]","[495.4425570131132, -1250.5231855291086, 296.319135238306, 170.3838928453497]","[617.6863758353346, -1259.624318413492, 488.97527528888577, -36.40453153753333]","[741.2589884284341, -1240.7879329609698, 494.290450372398, 75.34554181008843]","[864.8316010215336, -1221.9515475084477, 494.290450372398, 75.34554181008843]","[988.4042136146332, -1203.1151620559256, 494.2904503723985, 75.34554181008843]","[1111.9768262077307, -1184.2787766034037, 494.2904503723903, 75.3455418100876]","[1235.5494388008274, -1165.4423911508811, 494.29045037238666, 75.34554181009025]","[1359.122051393924, -1146.6060056983592, 494.29045037238666, 75.34554181008752]","[1482.6946639870207, -1127.7696202458371, 494.29045037238666, 75.34554181008843]","[1606.2672765801174, -1108.933234793315, 494.29045037238666, 75.34554181008843]","[1722.185283840113, -1088.7760119984623, 463.6720290399826, 80.62889117941086]","[1818.0013060743977, -1038.9171633257715, 383.2640889371387, 199.43539469076313]","[1918.3957254048944, -980.5946942014344, 401.5776773219868, 233.28987649734836]"
600,Robot,"[2017.9248701597132, -922.7514691605433, 0, 0]","[2109.456483325137, -853.6085760231302, 366.1264526616951, 276.57157254965205]","[2152.34336811318, -738.8088342717443, 171.54753915217225, 459.19896700554364]","[2155.6722958566584, -614.0377955218996, 13.315710973913156, 499.0841549993788]","[2134.1505099147544, -491.0152821610784, -86.087143767616, 492.0900534432849]","[2089.6128755302666, -374.94887213568586, -178.1505375379511, 464.26564010157017]","[2055.219974388985, -340.1370801713955, -137.5716045651261, 139.24716785716146]","[2055.219974388985, -340.1370801713955, 0.0, 0.0]","[2055.80340423817, -350.07107415540577, 2.333719396739982, -39.73597593604112]","[2017.878181587964, -467.3644055006821, -151.7008906008241, -469.1733253811053]","[1992.6443983518427, -584.3476504355193, -100.9351329444853, -467.93297973934887]","[1992.405932760792, -707.4933112566968, -0.9538623642029052, -492.5826432847098]","[2083.38036346265, -778.5849102400495, 363.89772280743273, -284.3663959334108]","[2208.337475005815, -775.310727168095, 499.8284461726598, 13.096732287817758]","[2333.29458654898, -772.0365440961406, 499.8284461726598, 13.096732287817758]","[2458.251698092145, -768.7623610241861, 499.8284461726598, 13.096732287817758]"
601,Robot,"[2583.20880963531, -765.4881779522317, 0, 0]","[2708.165921178475, -762.2139948802773, 499.8284461726598, 13.096732287817758]","[2833.12303272164, -758.9398118083228, 499.8284461726598, 13.096732287817758]","[2958.080144264805, -755.6656287363684, 499.8284461726598, 13.096732287817758]","[3083.03725580797, -752.3914456644139, 499.8284461726598, 13.096732287817758]","[3207.9943673511348, -749.1172625924595, 499.8284461726598, 13.096732287817758]","[3332.9514788943, -745.8430795205051, 499.82844617266164, 13.096732287817758]","[3457.9085904374647, -742.5688964485506, 499.828446172658, 13.096732287817758]","[3582.82277723743, -742.1627720027577, 499.656747199861, 1.6244977831715928]","[3706.2320851525055, -750.7861387332765, 493.63723166030286, -34.493466922075186]","[3822.361990653468, -740.0059760212096, 464.5196220038506, 43.120650848267815]","[3731.2528771938432, -654.4248481681515, -364.4364538384998, 342.32451141223237]","[3640.14376373422, -568.8437203150934, -364.4364538384925, 342.32451141223237]","[3549.034650274596, -483.2625924620353, -364.43645383849616, 342.32451141223237]","[3457.925536814973, -397.6814646089772, -364.4364538384925, 342.32451141223237]","[3366.81642335535, -312.1003367559191, -364.4364538384925, 342.32451141223237]"
602,Robot,"[3275.729108761229, -226.6285364055704, 0, 0]","[3184.624571816309, -141.04253668569174, -364.4181477796792, 342.34399887951463]","[3093.5200348713893, -55.45653696581326, -364.4181477796792, 342.34399887951395]","[3002.415497926469, 30.129462754065063, -364.418147779681, 342.34399887951326]","[2911.3109609815497, 115.71546247394306, -364.4181477796774, 342.343998879512]","[2820.20642403663, 201.3014621938208, -364.4181477796792, 342.343998879511]","[2729.10188709171, 286.8874619136976, -364.4181477796792, 342.34399887950724]","[2637.997350146786, 372.4734616335739, -364.4181477796956, 342.3439988795051]","[2542.016998389256, 452.3887403487476, -383.9214070301208, 319.66111486069514]","[2443.74214554344, 529.6354444734732, -393.09941138326394, 308.9868164989023]","[2345.566513961752, 606.5719732145188, -392.70252632675147, 307.74611496418265]","[2247.298245246124, 683.8270530710096, -393.07307486251193, 309.02031942596295]","[2149.029976530496, 761.0821329275003, -393.07307486251375, 309.02031942596295]","[2050.761707814867, 838.337212783991, -393.07307486251557, 309.02031942596295]","[1952.4934390992385, 915.5922926404818, -393.07307486251375, 309.02031942596295]","[1854.22517038361, 992.8473724969724, -393.07307486251375, 309.0203194259625]"
603,Robot,"[1755.9569016679816, 1070.1024523534631, 0, 0]","[1657.6886329523531, 1147.357532209954, -393.07307486251375, 309.02031942596295]","[1559.4203642367247, 1224.6126120664446, -393.07307486251375, 309.02031942596295]","[1461.1520955210922, 1301.8676919229354, -393.0730748625301, 309.02031942596295]","[1362.8838268054585, 1379.122771779426, -393.07307486253467, 309.02031942596295]","[1264.6155580898248, 1456.3778516359168, -393.07307486253467, 309.02031942596295]","[1166.4550249586755, 1533.665227529146, -392.6421325245974, 309.14950357291673]","[1069.1323071098848, 1610.547976012909, -389.29087139516287, 307.5309939350518]","[974.9932073902536, 1681.6735229286664, -376.5563988785251, 284.5021876630301]","[871.2920357187772, 1722.0649997086996, -414.8046866859054, 161.56590712013258]","[942.9339766116292, 1752.534321415876, 286.5677635714078, 121.87728682870602]","[1025.620996597942, 1754.2338197918978, 330.748079945251, 6.797993504086662]","[1088.400322434873, 1794.8538918540848, 251.11730334772437, 162.48028824874837]","[1153.618408212615, 1825.2131866465847, 260.87234311096745, 121.43717916999958]","[1259.8713833293834, 1759.3701514884465, 425.01190046707416, -263.37214063255306]","[1366.124358446152, 1693.5271163303078, 425.01190046707416, -263.3721406325549]"
604,Robot,"[1472.3773335629176, 1627.684081172169, 0, 0]","[1578.6303086796834, 1561.8410460140303, 425.01190046706324, -263.3721406325549]","[1684.8832837964487, 1495.9980108558916, 425.0119004670614, -263.3721406325549]","[1791.1362589132143, 1430.154975697753, 425.01190046706233, -263.3721406325549]","[1897.705803791487, 1366.4657902062715, 426.27817951309044, -254.75674196592536]","[2010.8764643381728, 1352.766536416493, 452.6826421867436, -54.79701515911438]","[2116.926865319421, 1300.156096982109, 424.201603924992, -210.44175773753614]","[2220.295565399853, 1229.8715905551508, 413.47480032172825, -281.13802570783264]","[2323.664265480285, 1159.5870841281926, 413.4748003217286, -281.13802570783287]","[2427.032965560717, 1089.3025777012344, 413.47480032172825, -281.13802570783264]","[2530.401665641149, 1019.0180712742764, 413.47480032172825, -281.1380257078322]","[2633.770365721581, 948.7335648473212, 413.47480032172825, -281.1380257078208]","[2737.139065802013, 878.4490584203659, 413.47480032172825, -281.13802570782127]","[2840.5077658824453, 808.1645519934106, 413.47480032172825, -281.13802570782127]","[2943.8764659628773, 737.8800455664552, 413.47480032172825, -281.13802570782127]","[3047.245166043313, 667.5955391395025, 413.4748003217428, -281.1380257078108]"
605,Robot,"[2967.2844275673574, 615.0364637212912, 0, 0]","[2852.306312770121, 565.9953267272082, -459.9124591889449, -196.16454797633196]","[2737.328197972885, 516.9541897331252, -459.9124591889449, -196.16454797633196]","[2622.3500831756487, 467.9130527390435, -459.9124591889449, -196.16454797632673]","[2507.3719683784125, 418.87191574496194, -459.9124591889449, -196.16454797632628]","[2392.393853581176, 369.8307787508804, -459.91245918894674, -196.16454797632605]","[2299.6908133938937, 300.9278835535938, -370.81216074912845, -275.6115807891465]","[2184.0600954553083, 253.45120915247952, -462.5228717543414, -189.90669760445712]","[2068.372643866596, 206.10763994916496, -462.7498063548505, -189.3742768132584]","[1952.6851922778835, 158.76407074585074, -462.74980635484917, -189.37427681325687]","[1836.9977406891708, 111.4205015425364, -462.749806354851, -189.37427681325738]","[1721.3102891004582, 64.07693233922183, -462.7498063548501, -189.3742768132583]","[1605.6228375117455, 16.73336313590738, -462.749806354851, -189.37427681325778]","[1489.9353859230332, -30.610206067407034, -462.74980635484917, -189.37427681325767]","[1374.2479343343207, -77.95377527072138, -462.7498063548501, -189.37427681325738]","[1258.5604827456082, -125.2973444740356, -462.7498063548501, -189.37427681325687]"
606,Robot,"[1142.8730311568956, -172.64091367734983, 0, 0]","[1027.1855795681831, -219.98448288066405, -462.7498063548501, -189.37427681325687]","[911.4981279794706, -267.3280520839781, -462.7498063548501, -189.3742768132562]","[791.7534358036773, -267.0274050097096, -478.97876870317305, 1.202588297074044]","[669.7265457976512, -239.9268862793008, -488.1075600241047, 108.40207492163518]","[547.699655791625, -212.82636754889165, -488.1075600241047, 108.40207492163654]","[427.9066258370427, -186.4799450371154, -479.17211981832907, 105.38569004710496]","[307.3864807655863, -161.38344936639572, -482.0805802858256, 100.38598268287876]","[185.3689498675409, -134.24082323065522, -488.0701235921822, 108.5705045429621]","[63.3514189694958, -107.09819709491472, -488.0701235921804, 108.570504542962]","[-58.66611192854937, -79.95557095917422, -488.0701235921807, 108.570504542962]","[-180.6836428265945, -52.812944823433725, -488.07012359218055, 108.570504542962]","[-302.7011737246399, -25.670318687693204, -488.0701235921815, 108.57050454296208]","[-424.7187046226857, 1.4723074480473803, -488.07012359218334, 108.57050454296234]","[-546.7362355207315, 28.61493358378797, -488.0701235921831, 108.57050454296235]","[-668.7537664187773, 55.75755971952861, -488.07012359218334, 108.57050454296255]"
607,Robot,"[-790.7712973168232, 82.90018585526916, 0, 0]","[-912.788828214869, 110.04281199100966, -488.07012359218334, 108.570504542962]","[-1034.8063591129148, 137.18543812675017, -488.07012359218334, 108.57050454296206]","[-1156.823890010961, 164.32806426249067, -488.07012359218425, 108.570504542962]","[-1278.8414209090065, 191.4706903982312, -488.0701235921824, 108.57050454296211]","[-1400.8589518070523, 218.61331653397167, -488.07012359218334, 108.57050454296188]","[-1522.8764827050982, 245.75594266971217, -488.07012359218334, 108.570504542962]","[-1644.894013603144, 272.89856880545267, -488.07012359218334, 108.570504542962]","[-1766.8932062924905, 300.12237348138564, -487.99677075738646, 108.89521870373197]","[-1880.3578404118457, 326.4457005918012, -453.8585364774208, 105.29330844166225]","[-1968.3210418132444, 355.7824185961363, -351.85280560559477, 117.3468720173405]","[-2048.855327526723, 411.7851579239294, -322.13714285391507, 224.0109573111722]","[-2144.0821084894123, 485.9991044041728, -380.90712385075676, 296.85578592097363]","[-2234.726662239651, 558.3714199842515, -362.5782150009545, 289.48926232031477]","[-2324.544449303557, 630.2131819751418, -359.2711482556242, 287.36704796356116]","[-2413.437934577222, 701.4617759866792, -355.57394109466077, 284.9943760461497]"
608,Robot,"[-2501.297702335916, 772.0469847964855, 0, 0]","[-2588.001445931675, 841.8903184697815, -346.8149743830363, 279.373334693184]","[-2673.413092201912, 910.9044524511584, -341.6465850809491, 276.05653592550743]","[-2758.826742695152, 977.3580094501654, -341.6546019729594, 265.81422799602797]","[-2873.671139893634, 1002.122346893214, -459.3775887939282, 99.05734977219436]","[-2998.665439886918, 1003.3160676264322, -499.9771999731365, 4.77488293287297]","[-3123.6597398802023, 1004.5097883596504, -499.9771999731365, 4.77488293287297]","[-3248.6540398734865, 1005.7035090928684, -499.9771999731365, 4.77488293287206]","[-3373.6483398667706, 1006.8972298260866, -499.977199973137, 4.7748829328725195]","[-3498.6426398600547, 1008.0909505593036, -499.9771999731365, 4.774882932867968]","[-3623.636939853339, 1009.2846712925204, -499.9771999731365, 4.774882932867513]","[-3748.631239846623, 1010.4783920257372, -499.9771999731365, 4.774882932867058]","[-3873.625539839907, 1011.6721127589536, -499.9771999731365, 4.774882932865694]","[-3998.6198398331912, 1012.8658334921704, -499.9771999731365, 4.774882932867058]","[-4123.614139826473, 1014.0595542253872, -499.9771999731256, 4.774882932867058]","[-4248.608439819745, 1015.2532749586036, -499.97719997309105, 4.774882932865694]"
609,Robot,"[-4373.602739813018, 1016.4469956918202, 0, 0]","[-4498.597039806291, 1017.6407164250368, -499.97719997309105, 4.774882932866149]","[-4623.591339799564, 1018.8344371582534, -499.97719997309105, 4.774882932866603]","[-4704.371728787968, 1046.1599510591489, -323.12155595361764, 109.30205560358172]","[-4645.141399594289, 1156.23614332436, 236.9213167747148, 440.3047690608446]","[-4585.911070400611, 1266.3123355895711, 236.9213167747148, 440.3047690608446]","[-4526.680741206932, 1376.3885278547823, 236.9213167747148, 440.3047690608446]","[-4438.871768947838, 1457.7952310783078, 351.23588903637574, 325.62681289410193]","[-4328.608148565918, 1516.6759071976517, 441.05448152768116, 235.52270447737575]","[-4218.344528183998, 1575.5565833169956, 441.05448152768076, 235.52270447737556]","[-4108.0809078020775, 1634.4372594363394, 441.05448152768076, 235.52270447737556]","[-3997.817287420157, 1693.317935555683, 441.0544815276826, 235.52270447737465]","[-3887.553667038237, 1752.1986116750272, 441.05448152767894, 235.52270447737646]","[-3777.290046656317, 1811.079287794371, 441.05448152768076, 235.52270447737556]","[-3667.0264262743967, 1869.959963913712, 441.05448152768076, 235.52270447736373]","[-3556.7628058924765, 1928.84064003305, 441.05448152768076, 235.5227044773519]"
610,Robot,"[-3446.4991855105563, 1987.7213161523885, 0, 0]","[-3336.235565128636, 2046.6019922717269, 441.05448152768076, 235.52270447735373]","[-3225.971944746716, 2105.482668391065, 441.05448152768076, 235.52270447735282]","[-3109.4840498334106, 2149.954872929877, 465.9515796532214, 177.88881815524837]","[-2991.030594541773, 2189.877033811681, 473.81382116655004, 159.6886435272154]","[-2872.577139250136, 2229.799194693485, 473.8138211665482, 159.6886435272154]","[-2754.123683958498, 2269.7213555752887, 473.81382116655186, 159.6886435272154]","[-2635.670228666861, 2309.6435164570926, 473.8138211665482, 159.6886435272154]","[-2517.216773375223, 2349.5656773388964, 473.81382116655226, 159.68864352721553]","[-2398.763318083585, 2389.4878382207003, 473.81382116655186, 159.6886435272154]","[-2280.309862791948, 2429.409999102504, 473.8138211665482, 159.6886435272154]","[-2161.8564075003105, 2469.332159984308, 473.81382116655004, 159.6886435272154]","[-2043.402952208673, 2509.254320866112, 473.81382116655004, 159.6886435272154]","[-1924.9494969170355, 2549.176481747916, 473.81382116655004, 159.6886435272172]","[-1806.496041625398, 2589.0986426297195, 473.81382116655004, 159.68864352721357]","[-1688.0425863337605, 2629.0208035115197, 473.81382116655004, 159.68864352720084]"
611,Robot,"[-1569.589131042123, 2668.942964393318, 0, 0]","[-1446.9461668498386, 2670.7109903772607, 490.5718567691374, 7.0721039357704285]","[-1322.7058990738572, 2656.95435014531, 496.96107110392586, -55.026560927803075]","[-1198.6080346324172, 2644.00792462811, 496.3914577657597, -51.785702068800674]","[-1074.5342989709725, 2643.72752957117, 496.294942645779, -1.1215802277583862]","[-980.6637908612574, 2630.5519517533403, 375.4820324388602, -52.70231127131956]","[-951.399867759004, 2632.894100990355, 117.05569240901377, 9.368596948059349]","[-842.2267238843633, 2676.293576150312, 436.69257549856275, 173.59790063982837]","[-833.1072583022592, 2688.2030366242616, 36.477862328416485, 47.63784189579751]","[-852.3020711146927, 2704.131807140238, -76.77925124973399, 63.715082063905356]","[-905.0799114382124, 2731.017163588243, -211.11136129407896, 107.54142579202016]","[-781.6183605684496, 2711.466064978882, 493.8462034790514, -78.20439443744363]","[-658.1568096986866, 2691.914966369521, 493.84620347905184, -78.20439443744363]","[-534.6952588289237, 2672.36386776016, 493.84620347905184, -78.20439443744544]","[-411.2337079591607, 2652.8127691508, 493.84620347905184, -78.20439443743999]","[-287.7721570893977, 2633.2616705414384, 493.84620347905206, -78.20439443744544]"
612,Robot,"[-164.31060621963425, 2613.710571932077, 0, 0]","[-40.8490553498706, 2594.1594733227166, 493.84620347905457, -78.2043944374418]","[82.61249551989302, 2574.608374713356, 493.84620347905445, -78.2043944374418]","[206.07404638965667, 2555.057276103995, 493.8462034790546, -78.20439443744544]","[329.53559725942074, 2535.506177494634, 493.84620347905627, -78.20439443744363]","[452.9971481291851, 2515.955078885277, 493.8462034790575, -78.20439443742725]","[576.4586989989488, 2496.403980275922, 493.84620347905457, -78.20439443741998]","[699.9202498687117, 2476.852881666567, 493.84620347905184, -78.20439443741998]","[823.3818007384747, 2457.301783057212, 493.8462034790523, -78.20439443742005]","[946.8433516082376, 2437.7506844478567, 493.84620347905184, -78.2043944374218]","[1070.3049024780007, 2418.1995858385017, 493.8462034790523, -78.20439443741998]","[1193.7664533477637, 2398.6484872291467, 493.84620347905184, -78.20439443741998]","[1317.2280042175266, 2379.097388619792, 493.84620347905184, -78.20439443741816]","[1312.6916894974083, 2357.269663568936, -18.145258880473193, -87.31090020342526]","[1190.0034988481689, 2333.340437187464, -490.75276259695784, -95.71690552588734]","[1067.3153081989294, 2309.411210805992, -490.75276259695784, -95.71690552588734]"
613,Robot,"[944.62711754969, 2285.4819844245203, 0, 0]","[821.9389269004505, 2261.5527580430485, -490.75276259695784, -95.71690552588734]","[699.250736251211, 2237.6235316615766, -490.75276259695784, -95.71690552588734]","[576.5625456019716, 2213.694305280105, -490.75276259695784, -95.71690552588734]","[453.8743549527314, 2189.765078898633, -490.7527625969608, -95.71690552588734]","[331.18616430349056, 2165.835852517161, -490.7527625969633, -95.71690552588734]","[208.49797365424968, 2141.9066261356893, -490.7527625969635, -95.71690552588734]","[85.8097830050088, 2117.977399754217, -490.7527625969635, -95.71690552588916]","[-36.87840764423214, 2094.0481733727456, -490.7527625969642, -95.71690552588561]","[-159.56659829347308, 2070.118946991274, -490.75276259696375, -95.71690552588734]","[-282.254788942714, 2046.1897206098024, -490.75276259696375, -95.71690552588552]","[-404.9429795919549, 2022.2604942283365, -490.7527625969635, -95.7169055258637]","[-527.631170241196, 1998.33126784687, -490.7527625969642, -95.71690552586551]","[-650.3193608904382, 1974.402041465404, -490.7527625969692, -95.7169055258646]","[-773.0075515396805, 1950.4728150839376, -490.7527625969692, -95.71690552586551]","[-895.6957421889228, 1926.543588702472, -490.7527625969692, -95.71690552586188]"
614,Robot,"[-1018.3839328381652, 1902.6143623210053, 0, 0]","[-1141.0721234874047, 1878.6851359395396, -490.7527625969583, -95.71690552586278]","[-1263.7603141366442, 1854.7559095580727, -490.75276259695784, -95.71690552586733]","[-1386.4485047858836, 1830.826683176607, -490.75276259695784, -95.71690552586278]","[-1509.136695435123, 1806.897456795141, -490.75276259695784, -95.7169055258646]","[-1631.8248860843626, 1782.9682304136747, -490.75276259695784, -95.7169055258646]","[-1754.513076733602, 1759.0390040322086, -490.75276259695784, -95.7169055258646]","[-1877.2012673828413, 1735.1097776507424, -490.7527625969569, -95.7169055258646]","[-1992.667999464783, 1692.7546775159524, -461.8669283277672, -169.4204005391604]","[-2098.9437842792568, 1626.948465331477, -425.10313925789524, -263.2248487379011]","[-2205.2195690937338, 1561.1422531470023, -425.10313925790797, -263.22484873789926]","[-2311.4953539082107, 1495.3360409625272, -425.10313925790797, -263.2248487379002]","[-2417.771138722688, 1429.5298287780522, -425.1031392579098, -263.2248487379002]","[-2524.0469235371647, 1363.7236165935776, -425.10313925790615, -263.22484873789836]","[-2630.3227083516417, 1297.917404409103, -425.10313925790797, -263.22484873789836]","[-2736.5984931661187, 1232.1111922246284, -425.10313925790797, -263.22484873789836]"
615,Robot,"[-2842.874277980596, 1166.304980040154, 0, 0]","[-2949.1500627950727, 1100.4987678556795, -425.10313925790615, -263.22484873789836]","[-3055.4258476095497, 1034.692555671205, -425.10313925790797, -263.22484873789836]","[-3161.7016324240267, 968.8863434867324, -425.10313925790797, -263.22484873789017]","[-3267.977417238504, 903.0801313022604, -425.1031392579098, -263.2248487378879]","[-3257.934384538755, 833.8313027768028, 40.17213079899739, -276.99531410183044]","[-3155.740203862792, 761.84971182489, 408.7767227038512, -287.9263638076509]","[-3053.546023186829, 689.8681208729773, 408.7767227038512, -287.9263638076509]","[-2951.3518425108664, 617.8865299210646, 408.77672270385153, -287.9263638076511]","[-2849.157661834904, 545.9049389691519, 408.7767227038494, -287.9263638076509]","[-2746.963481158941, 473.9233480172392, 408.776722703853, -287.92636380765066]","[-2644.769300482978, 401.9417570653264, 408.7767227038512, -287.92636380765134]","[-2542.575119807015, 329.9601661134137, 408.7767227038512, -287.92636380765066]","[-2440.3809391310524, 257.978575161501, 408.7767227038512, -287.9263638076509]","[-2338.1867584550896, 185.996984209589, 408.7767227038512, -287.92636380764804]","[-2235.992577779127, 114.01539325767698, 408.7767227038512, -287.92636380764804]"
616,Robot,"[-2133.798397103164, 42.0338023057651, 0, 0]","[-2025.7652394852712, -20.460814852434808, 432.13263047157125, -249.97846863279963]","[-1915.4613686121836, -79.26605331308009, 441.21548349235036, -235.22095384258114]","[-1805.157497739096, -138.07129177372542, 441.21548349235036, -235.2209538425813]","[-1694.8536268660075, -196.87653023437105, 441.215483492354, -235.2209538425825]","[-1584.54975599292, -255.68176869501667, 441.21548349235036, -235.2209538425825]","[-1474.245885119832, -314.4870071556623, 441.21548349235127, -235.2209538425825]","[-1363.9420142467443, -373.2922456163079, 441.21548349235127, -235.2209538425825]","[-1253.6381433736565, -432.0974840769536, 441.21548349235167, -235.22095384258293]","[-1143.3342725005689, -490.9027225375992, 441.21548349235036, -235.22095384258228]","[-1033.0304016274808, -549.7079609982442, 441.2154834923522, -235.22095384258]","[-922.726530754393, -608.5131994588903, 441.21548349235127, -235.22095384258455]","[-812.4226598813052, -667.3184379195364, 441.21548349235127, -235.22095384258455]","[-702.1187890082174, -726.1236763801827, 441.21548349235127, -235.220953842585]","[-591.8149181351296, -784.9289148408288, 441.21548349235127, -235.22095384258455]","[-481.51104726204215, -843.7341533014747, 441.2154834923497, -235.22095384258364]"
617,Robot,"[-462.2370340784696, -861.7080354220427, 0, 0]","[-579.5078074291687, -818.4348830324943, -469.0830934027963, 173.09260955819354]","[-696.7785807798683, -775.1617306429459, -469.08309340279857, 173.09260955819354]","[-814.049354130568, -731.8885782533976, -469.08309340279857, 173.09260955819354]","[-931.3201274812676, -688.6154258638492, -469.08309340279857, 173.09260955819354]","[-1048.5909008319666, -645.3422734743008, -469.08309340279584, 173.09260955819354]","[-1165.8616741826634, -602.0691210847524, -469.0830934027872, 173.09260955819354]","[-1283.1324475333602, -558.795968695204, -469.0830934027872, 173.09260955819354]","[-1400.403220884057, -515.5228163056556, -469.0830934027876, 173.0926095581937]","[-1517.6739942347538, -472.2496639161072, -469.0830934027872, 173.09260955819377]","[-1634.9447675854506, -428.97651152655885, -469.0830934027872, 173.09260955819332]","[-1752.2155409361474, -385.70335913701047, -469.0830934027872, 173.09260955819354]","[-1869.486314286844, -342.4302067474621, -469.0830934027863, 173.09260955819354]","[-1986.757087637541, -299.1570543579137, -469.0830934027881, 173.09260955819354]","[-2104.027860988238, -255.8839019683653, -469.0830934027881, 173.09260955819354]","[-2221.298634338935, -212.6107495788169, -469.0830934027872, 173.09260955819366]"
618,Robot,"[-2338.569407689632, -169.33759718926854, 0, 0]","[-2455.8401810403284, -126.06444479972012, -469.0830934027854, 173.09260955819366]","[-2573.110954391025, -82.79129241017138, -469.0830934027872, 173.09260955819497]","[-2690.381727741722, -39.518140020622745, -469.0830934027872, 173.09260955819454]","[-2807.652501092419, 3.755012368925796, -469.0830934027872, 173.09260955819417]","[-2924.923274443116, 47.02816475847425, -469.083093402789, 173.0926095581938]","[-3042.1940477938124, 90.30131714802263, -469.0830934027854, 173.09260955819354]","[-3159.464821144509, 133.57446953757102, -469.0830934027872, 173.09260955819354]","[-3276.735594495206, 176.8476219271194, -469.0830934027876, 173.0926095581937]","[-3394.006367845903, 220.1207743166678, -469.0830934027872, 173.09260955819354]","[-3511.2771411966, 263.393926706216, -469.083093402789, 173.09260955819286]","[-3628.547914547296, 306.6670790957644, -469.08309340278356, 173.09260955819354]","[-3745.818687897993, 349.94023148531164, -469.083093402789, 173.092609558189]","[-3811.08439816733, 394.41920987326, -261.0628410773479, 177.91591355179344]","[-3689.565124859408, 423.7119771497504, 486.0770932316882, 117.17106910596158]","[-3568.082623148883, 453.1526154102831, 485.93000684209983, 117.76255304213078]"
619,Robot,"[-3446.562174819497, 482.4405077520676, 0, 0]","[-3325.041726490111, 511.72840009385214, 486.081793317544, 117.15156936713811]","[-3203.2974043132804, 539.9847213671718, 486.97728870732317, 113.02528509327863]","[-3096.040876533086, 558.9214469825055, 429.0261111207783, 75.74690246133468]","[-2975.4589021882307, 589.2024517046237, 482.3278973794204, 121.12401888847307]","[-2853.999221187152, 618.7413394818477, 485.8387240043139, 118.1555511088959]","[-2732.539540186073, 648.2802272590717, 485.83872400431756, 118.1555511088959]","[-2611.079859184994, 677.8191150362957, 485.83872400431574, 118.1555511088959]","[-2489.620178183915, 707.3580028135196, 485.8387240043162, 118.155551108896]","[-2368.160497182836, 736.8968905907436, 485.83872400431574, 118.1555511088959]","[-2246.700816181757, 766.4357783679676, 485.83872400431574, 118.1555511088959]","[-2125.241135180678, 795.9746661451916, 485.83872400431574, 118.1555511088959]","[-2003.7814541795992, 825.5135539224156, 485.83872400431574, 118.1555511088959]","[-1882.3217731785203, 855.0524416996395, 485.83872400431574, 118.1555511088959]","[-1760.8620921774414, 884.5913294768635, 485.83872400431574, 118.1555511088959]","[-1639.4024111763624, 914.1302172540876, 485.83872400431574, 118.15555110889636]"
620,Robot,"[-1517.9427301752835, 943.6691050313116, 0, 0]","[-1396.4830491742046, 973.2079928085354, 485.83872400431574, 118.15555110889545]","[-1275.0233681731256, 1002.7468805857594, 485.83872400431574, 118.1555511088959]","[-1153.5636871720446, 1032.2857683629843, 485.8387240043239, 118.15555110889954]","[-1032.10400617096, 1061.8246561402111, 485.8387240043385, 118.15555110890728]","[-910.644325169878, 1091.363543917436, 485.838724004328, 118.15555110889909]","[-789.1846441687964, 1120.9024316946602, 485.83872400432665, 118.15555110889727]","[-667.7249631677146, 1150.441319471884, 485.8387240043271, 118.15555110889545]","[-546.2652821666328, 1179.980207249108, 485.83872400432756, 118.15555110889555]","[-424.805601165551, 1209.519095026332, 485.8387240043271, 118.15555110889636]","[-346.80215968872835, 1238.8604726785877, 312.0137659072907, 117.36551060902275]","[-264.63191349134667, 1317.5522172764138, 328.68098478952675, 314.7669783913043]","[-172.23743382435913, 1401.7207009200322, 369.57791866795014, 336.6739345744736]","[-93.29705997418904, 1498.5894055667825, 315.76149540068036, 387.4748185870012]","[-17.022798154540663, 1597.617697862568, 305.0970472785935, 396.1131691831424]","[56.951608065893545, 1698.3750125821111, 295.8976248817368, 403.0292588781722]"
621,Robot,"[128.34117903276666, 1800.9790046305732, 0, 0]","[196.62037989839325, 1905.6759402096088, 273.11680346250637, 418.7877423161426]","[259.4006781965994, 2013.715388403792, 251.12119319282465, 432.157792776733]","[350.2499944252417, 1988.752809902943, 363.3972649145692, -99.8503140033963]","[450.8779158081236, 1914.597422788044, 402.5116855315275, -296.62154845959594]","[551.505837191006, 1840.442035673144, 402.51168553152957, -296.6215484596005]","[652.1337585738893, 1766.286648558245, 402.5116855315332, -296.62154845959594]","[752.7616799567726, 1692.1312614433452, 402.5116855315332, -296.62154845959867]","[853.3896013396559, 1617.9758743284458, 402.51168553153354, -296.62154845959805]","[954.0175227225392, 1543.8204872135464, 402.5116855315332, -296.62154845959776]","[1054.6454441054216, 1469.665100098647, 402.51168553152957, -296.62154845959776]","[1155.273365488302, 1395.5097129837477, 402.51168553152183, -296.62154845959685]","[1255.9012868711825, 1321.354325868848, 402.51168553152183, -296.62154845959867]","[1356.529208254063, 1247.1989387539486, 402.51168553152183, -296.62154845959776]","[1457.1571296369434, 1173.0435516390492, 402.51168553152183, -296.62154845959776]","[1557.785051019824, 1098.8881645241495, 402.51168553152274, -296.62154845959867]"
622,Robot,"[1658.4129724027043, 1024.7327774092505, 0, 0]","[1759.0408937855848, 950.5773902943508, 402.51168553152183, -296.62154845959867]","[1859.6688151684648, 876.4220031794514, 402.51168553152, -296.62154845959776]","[1960.2967365513457, 802.266616064552, 402.51168553152365, -296.62154845959776]","[2060.924657934227, 728.1112289496525, 402.5116855315255, -296.62154845959776]","[2161.552579317113, 653.9558418347531, 402.5116855315446, -296.62154845959776]","[2262.1805007, 579.8004547198536, 402.5116855315464, -296.62154845959776]","[2362.808422082885, 505.6450676049542, 402.51168553154093, -296.62154845959776]","[2463.436343465772, 431.4896804900548, 402.51168553154855, -296.6215484595978]","[2564.064264848658, 357.3342933751553, 402.51168553154275, -296.621548459598]","[2664.692186231544, 283.17890626025587, 402.5116855315446, -296.62154845959776]","[2765.32010761443, 209.02351914535643, 402.5116855315446, -296.62154845959776]","[2865.948028997316, 134.868132030457, 402.5116855315446, -296.62154845959776]","[2966.5759503802024, 60.71274491555752, 402.5116855315446, -296.6215484595979]","[3067.2038717630885, -13.442642199342195, 402.5116855315446, -296.6215484595989]","[3167.831793145974, -87.5980293142422, 402.51168553154275, -296.62154845960004]"
623,Robot,"[3268.459714528861, -161.75341642914236, 0, 0]","[3369.087635911747, -235.90880354404285, 402.5116855315446, -296.62154845960197]","[3469.715557294633, -310.0641906589437, 402.5116855315446, -296.62154845960333]","[3570.3434786775138, -384.21957777384455, 402.51168553152274, -296.62154845960345]","[3670.971400060394, -458.3749648887454, 402.5116855315209, -296.62154845960345]","[3771.599321443274, -532.5303520036466, 402.5116855315209, -296.6215484596048]","[3872.2272428261567, -606.6857391185489, 402.51168553153, -296.62154845960913]","[3842.5970351328497, -692.7954150629209, -118.52083077322823, -344.4387037774882]","[3764.6254214046135, -790.2582708479225, -311.8864549129451, -389.85142314000666]","[3695.670809443247, -894.4542441258125, -275.8184478454659, -416.7838931115598]","[3625.344660939088, -997.7379419239948, -281.30459401663575, -413.13479119272915]","[3578.303621989671, -1112.736575553056, -188.16415579766908, -459.9945345162446]","[3602.3482276647337, -1231.5292488496957, 96.17842270025176, -475.1706931865592]","[3624.1055801478974, -1353.1008619343922, 87.02940993265474, -486.28645233878615]","[3560.663179370389, -1383.038085040624, -253.76960311003313, -119.74889242492736]","[3481.6865043530734, -1286.1480194858414, -315.906700069263, 387.5602622191309]"
624,Robot,"[3400.2032078496813, -1227.5515429733225, 0, 0]","[3318.588183441353, -1237.5201486856183, -326.4600976333131, -39.87442284918325]","[3249.387890105188, -1199.0336471242688, -276.8011733446601, 153.94600624539817]","[3188.367678201441, -1091.6880977221688, -244.08084761498867, 429.3821976084]","[3124.494495581356, -1036.9657086156512, -255.49273048033865, 218.88955642607016]","[3066.7167935332795, -950.721356480576, -231.11080819230665, 344.977408540301]","[3013.923966128971, -838.1862062226263, -211.17130961723342, 450.1406010317987]","[2911.335527752772, -766.7676350276467, -410.35375350479626, 285.67428477991825]","[2808.747089376573, -695.3490638326672, -410.3537535047966, 285.6742847799185]","[2706.158651000374, -623.9304926376876, -410.35375350479626, 285.67428477991825]","[2603.570212624175, -552.5119214427081, -410.35375350479626, 285.67428477991825]","[2500.981774247976, -481.0933502477279, -410.35375350479626, 285.6742847799205]","[2398.393335871777, -409.6747790527479, -410.35375350479626, 285.6742847799201]","[2295.8048974955777, -338.25620785776835, -410.35375350479626, 285.67428477991825]","[2193.2164591193787, -266.8376366627888, -410.35375350479626, 285.67428477991825]","[2132.462391973397, -160.23203447707118, -243.01626858392592, 426.4224087428704]"
625,Robot,"[2079.6767764903143, -46.92414067406981, 0, 0]","[2026.8911610072316, 66.38375312893164, -211.14246193233066, 453.23157521200585]","[1974.1055455241485, 179.6916469319332, -211.14246193233248, 453.23157521200625]","[1921.3199300410656, 292.9995407349347, -211.14246193233157, 453.2315752120061]","[1868.5343145579827, 406.30743453793576, -211.14246193233157, 453.23157521200415]","[1815.7486990749, 519.6153283409379, -211.14246193233066, 453.2315752120087]","[1762.963083591817, 632.9232221439404, -211.14246193233248, 453.23157521200983]","[1710.1774681087345, 746.2311159469429, -211.14246193232975, 453.23157521200983]","[1657.391852625654, 859.5390097499453, -211.14246193232177, 453.2315752120102]","[1610.98022956306, 975.4670022580618, -185.64649225037647, 463.71197003246607]","[1568.8179347807911, 1093.1417272362528, -168.6491791290755, 470.69889991276386]","[1526.6556399985254, 1210.8164522144425, -168.64917912906276, 470.69889991275886]","[1484.4933452162595, 1328.4911771926322, -168.64917912906367, 470.69889991275886]","[1442.3310504339936, 1446.165902170822, -168.64917912906367, 470.69889991275886]","[1400.1687556517277, 1563.8406271490117, -168.64917912906367, 470.69889991275886]","[1358.0064608694615, 1681.5153521272014, -168.64917912906458, 470.69889991275886]"
626,Robot,"[1315.8441660871956, 1799.190077105391, 0, 0]","[1273.6818713049297, 1916.8648020835808, -168.64917912906367, 470.69889991275886]","[1231.5195765226638, 2034.5395270617705, -168.64917912906367, 470.69889991275886]","[1189.357281740398, 2152.21425203996, -168.64917912906276, 470.69889991275704]","[1139.2113313678565, 2266.7148357119804, -200.58380149016648, 458.00233468808256]","[1089.065380995315, 2381.2154193840006, -200.58380149016557, 458.00233468808074]","[1038.9194306227737, 2495.716003056021, -200.58380149016557, 458.00233468808074]","[988.7734802502304, 2610.216586728041, -200.5838014901733, 458.00233468808074]","[938.6275298776884, 2724.717170400061, -200.583801490168, 458.00233468808113]","[888.4815795051471, 2839.2177540720813, -200.58380149016511, 458.00233468808074]","[872.4781737480208, 2927.195225979922, -64.01362302850521, 351.9098876313619]","[993.3390965505106, 2895.294797466642, 483.44369120995907, -127.60171405311849]","[1114.2000193530005, 2863.3943689533635, 483.4436912099595, -127.60171405311485]","[1235.0609421554902, 2831.4939404400843, 483.44369120995907, -127.60171405311667]","[1355.92186495798, 2799.593511926805, 483.44369120995907, -127.60171405311667]","[1476.7827877604698, 2767.693083413526, 483.44369120995907, -127.60171405311667]"
627,Robot,"[1597.6437105629595, 2735.792654900247, 0, 0]","[1718.8281696286776, 2728.393392182792, 484.7378362628724, -29.597050869819213]","[1820.486938051279, 2766.2522279487875, 406.6350736904051, 151.43534306398215]","[1933.622248481849, 2750.220412804125, 452.5412417222806, -64.12726057865075]","[2051.776438933354, 2713.364866339703, 472.616761806019, -147.4221858576875]","[2167.9890936827696, 2682.233389099013, 464.85061899766333, -124.52590896275979]","[2269.576765386516, 2694.9359475677597, 406.35068681498524, 50.81023387498681]","[2373.7527281525545, 2689.518510894811, 416.70385106415415, -21.669746691795808]","[2489.8195027118263, 2643.1126508833127, 464.26709823708774, -185.6234400459927]","[2605.886277271098, 2596.7067908718145, 464.26709823708734, -185.62344004599254]","[2721.95305183037, 2550.3009308603164, 464.26709823708734, -185.62344004599254]","[2838.019826389642, 2503.8950708488182, 464.26709823708734, -185.62344004599254]","[2954.0866009489137, 2457.489210837327, 464.26709823708734, -185.62344004596525]","[3070.153375508185, 2411.083350825836, 464.2670982370855, -185.62344004596343]","[3186.2201500674573, 2364.677490814345, 464.26709823708916, -185.62344004596343]","[3253.019211435939, 2298.2183136869376, 267.19624547392596, -265.8367085096306]"
628,Robot,"[3207.3617394812154, 2181.85510964587, 0, 0]","[3161.704267526492, 2065.4919056048025, -182.62988781889362, -465.4528161642702]","[3116.046795571766, 1949.128701563735, -182.62988781890454, -465.4528161642702]","[3070.389323617037, 1832.7654975226676, -182.62988781891545, -465.4528161642693]","[2948.825516190653, 1820.178186326642, -486.2552297055354, -50.349244784102666]","[2824.098944786284, 1811.9148706658264, -498.9062856174769, -33.053262643262315]","[2699.3723733819147, 1803.6515550050112, -498.9062856174769, -33.053262643260496]","[2574.645801977545, 1795.388239344196, -498.9062856174787, -33.053262643260496]","[2449.9192305731763, 1787.1249236833803, -498.90628561747553, -33.05326264326325]","[2325.192659168807, 1778.8616080225652, -498.9062856174769, -33.053262643260496]","[2200.466087764438, 1770.5982923617498, -498.9062856174769, -33.053262643261405]","[2075.7395163600686, 1762.3349767009345, -498.9062856174769, -33.053262643261405]","[1951.0129449556996, 1754.0716610401191, -498.906285617476, -33.053262643261405]","[1826.28637355133, 1745.8083453793038, -498.9062856174787, -33.053262643261405]","[1701.559802146961, 1737.5450297184884, -498.906285617476, -33.053262643261405]","[1576.8332307425917, 1729.281714057673, -498.9062856174769, -33.053262643261405]"
629,Robot,"[1452.1066593382225, 1721.0183983968575, 0, 0]","[1327.3800879338532, 1712.7550827360424, -498.9062856174769, -33.053262643260496]","[1202.653516529484, 1704.491767075227, -498.9062856174769, -33.053262643261405]","[1077.9269451251148, 1696.2284514144117, -498.9062856174769, -33.053262643261405]","[953.200373720744, 1687.9651357535963, -498.90628561748326, -33.053262643261405]","[828.4738023163718, 1679.701820092781, -498.9062856174887, -33.053262643261405]","[703.7472309119997, 1671.4385044319656, -498.90628561748827, -33.053262643261405]","[579.0206595076277, 1663.1751887711505, -498.90628561748827, -33.053262643260496]","[454.2940881032563, 1654.911873110335, -498.906285617486, -33.05326264326234]","[329.56751669888564, 1646.6485574495196, -498.9062856174826, -33.053262643261405]","[204.84094529451468, 1638.3852417887042, -498.90628561748383, -33.053262643261405]","[80.11437389014347, 1630.1219261278889, -498.90628561748485, -33.053262643261405]","[-44.61219751422768, 1621.8586104670735, -498.9062856174846, -33.053262643261405]","[-169.33876891859882, 1613.5952948062582, -498.9062856174845, -33.053262643261405]","[-294.06534032297, 1605.3319791454428, -498.9062856174846, -33.053262643261405]","[-418.7919117273406, 1597.0686634846277, -498.9062856174826, -33.053262643260496]"
630,Robot,"[-543.5184831317116, 1588.805347823812, 0, 0]","[-668.2450545360837, 1580.5420321629967, -498.90628561748827, -33.053262643261405]","[-792.9716259404557, 1572.2787165021814, -498.90628561748827, -33.053262643261405]","[-917.6981973448278, 1564.015400841366, -498.90628561748827, -33.053262643261405]","[-1042.4247687491995, 1555.7520851805507, -498.9062856174869, -33.053262643261405]","[-1161.998838110889, 1555.4465692906292, -478.2962774467578, -1.222063559685921]","[-1256.5158130311845, 1551.6288998313414, -378.0678996811821, -15.270677837151197]","[-1372.5170909109272, 1536.333321562996, -464.0051115189708, -61.18231307338192]","[-1478.129988987023, 1554.4914648250897, -422.45159230438315, 72.63257304837505]","[-1546.4053328237046, 1658.0138383868614, -273.10137534672685, 414.0894942470868]","[-1597.8833700486086, 1771.8489284670702, -205.9121488996161, 455.3403603208353]","[-1638.7591019071049, 1889.849951797435, -163.50292743398495, 472.00409332145955]","[-1670.7283559389246, 2010.6153482131008, -127.8770161272787, 483.06158566266276]","[-1642.5479091936093, 2124.9566278055704, 112.72178698126118, 457.3651183698785]","[-1594.768816683015, 2239.149913049787, 191.11637004237673, 456.77314097686576]","[-1610.3631524152293, 2360.020531785677, -62.377342928856706, 483.4824749435611]"
631,Robot,"[-1723.225863074786, 2351.2369114399844, 0, 0]","[-1843.479470432241, 2317.118442577525, -481.01442942981976, -136.47387544983758]","[-1963.733077789696, 2282.9999737150656, -481.01442942981976, -136.47387544983758]","[-2083.9866851471525, 2248.881504852606, -481.0144294298261, -136.47387544983758]","[-2204.240292504613, 2214.763035990147, -481.0144294298425, -136.47387544983758]","[-2322.6223970481583, 2179.64506187342, -473.52841817418084, -140.4718964669064]","[-2433.75164694654, 2137.253331734934, -444.51699959352663, -169.56692055394524]","[-2545.3617219673265, 2089.871855676507, -446.4403000831462, -189.52590423370748]","[-2656.9550757703623, 2042.4477440023388, -446.3734152121437, -189.69644669667304]","[-2768.380051418223, 1995.1274881708007, -445.6999025914429, -189.28102332615254]","[-2879.619657153212, 1947.9215687212356, -444.9584229399552, -188.82367779826018]","[-2990.6543708833947, 1900.8420269030864, -444.1388549207313, -188.31816727259684]","[-3101.4616411140064, 1853.902772505054, -443.2290809224469, -187.75701759213007]","[-3212.015265145229, 1807.119967383445, -442.2144961248905, -187.13122048643527]","[-3322.2846084156204, 1760.512506972064, -441.0773730815654, -186.429841645524]","[-3427.827396930181, 1725.5441170101333, -422.1711540582419, -139.8735598477233]"
632,Robot,"[-3523.529390365926, 1691.0925837478349, 0, 0]","[-3618.125492243797, 1645.58257118538, -378.3844075114848, -182.04005024981961]","[-3714.6627705190976, 1596.0725755842254, -386.1491131012026, -198.03998240461806]","[-3810.3792077410353, 1547.3883681849356, -382.86574888775067, -194.73682959715916]","[-3904.336266185341, 1497.4692805732968, -375.82823377722343, -199.67635044655526]","[-3897.560933993231, 1421.4797424364042, 27.10132876844, -303.95815254757053]","[-3851.587095299294, 1375.938507749575, 183.89535477574827, -182.16493874731714]","[-3886.7886506228, 1340.729433535388, -140.806221294024, -140.83629685674805]","[-3981.039977584776, 1273.9575016203548, -377.0053078479035, -267.0877276601325]","[-4106.03088282284, 1272.4496528983354, -499.96362095225595, -6.031394888077557]","[-4231.021788060904, 1270.941804176316, -499.96362095225777, -6.031394888077557]","[-4356.012693298969, 1269.433955454297, -499.96362095225777, -6.0313948880766475]","[-4481.003598537033, 1267.926106732278, -499.96362095225777, -6.031394888075738]","[-4605.994503775098, 1266.4182580102615, -499.96362095225777, -6.0313948880657335]","[-4730.985409013162, 1264.9104092882449, -499.96362095225777, -6.031394888066643]","[-4855.9763142512265, 1263.4025605662284, -499.96362095225777, -6.0313948880657335]"
633,Robot,"[-4980.967219489291, 1261.894711844212, 0, 0]","[-5105.958124727355, 1260.386863122195, -499.96362095225777, -6.0313948880675525]","[-5230.94902996542, 1258.879014400179, -499.96362095225777, -6.031394888064824]","[-5227.535529233217, 1248.471678329469, 13.654002928811678, -41.629344282840066]","[-5104.2251023757335, 1227.989036209255, 493.24170742993374, -81.93056848085598]","[-4980.91467551825, 1207.5063940890404, 493.24170742993374, -81.9305684808578]","[-4857.604248660767, 1187.0237519688262, 493.24170742993374, -81.93056848085689]","[-4734.293821803283, 1166.541109848612, 493.24170742993374, -81.93056848085689]","[-4610.9833949458, 1146.0584677283978, 493.2417074299342, -81.93056848085696]","[-4487.672968088316, 1125.5758256081835, 493.24170742993374, -81.93056848085689]","[-4364.362541230833, 1105.0931834879702, 493.24170742993374, -81.93056848085325]","[-4241.0521143733495, 1084.6105413677592, 493.24170742993374, -81.93056848084416]","[-4117.741687515866, 1064.1278992475482, 493.24170742993374, -81.93056848084416]","[-3994.431260658383, 1043.6452571273371, 493.2417074299319, -81.93056848084416]","[-3871.120833800899, 1023.1626150071264, 493.24170742993556, -81.9305684808428]","[-3747.810406943416, 1002.6799728869148, 493.2417074299319, -81.93056848084643]"
634,Robot,"[-3624.499980085932, 982.1973307667035, 0, 0]","[-3501.189553228449, 961.7146886464922, 493.2417074299319, -81.93056848084552]","[-3377.8791263709654, 941.2320465262808, 493.24170742993374, -81.93056848084552]","[-3254.568699513482, 920.7494044060694, 493.24170742993374, -81.93056848084552]","[-3155.402293361316, 867.4530861883136, 396.6656246086641, -213.18527287102324]","[-3099.158590685265, 755.8213437971455, 224.97481070420326, -446.5269695646725]","[-3042.9148880092143, 644.1896014059773, 224.97481070420326, -446.5269695646725]","[-2986.6711853331635, 532.5578590148092, 224.97481070420326, -446.5269695646725]","[-2930.4274826571127, 420.92611662364106, 224.97481070420346, -446.5269695646729]","[-2874.183779981062, 309.29437423247293, 224.97481070420326, -446.5269695646725]","[-2817.940077305011, 197.6626318413052, 224.97481070420326, -446.52696956467094]","[-2761.6963746289607, 86.03088945013764, 224.97481070420145, -446.52696956467025]","[-2705.45267195291, -25.600852941030027, 224.97481070420326, -446.52696956467065]","[-2649.2089692768595, -137.23259533219772, 224.97481070420145, -446.52696956467076]","[-2592.9652666008087, -248.86433772336517, 224.97481070420326, -446.5269695646698]","[-2542.238365226133, -362.82923201685895, 202.90760549870356, -455.85957717397514]"
635,Robot,"[-2501.3191106094564, -480.9419519144874, 0, 0]","[-2460.39985599278, -599.0546718121147, 163.6770184667057, -472.45087959050943]","[-2419.480601376104, -717.1673917097418, 163.67701846670388, -472.45087959050807]","[-2378.561346759427, -835.2801116073688, 163.67701846670752, -472.45087959050807]","[-2337.6420921427507, -953.3928315049958, 163.6770184667057, -472.45087959050807]","[-2296.7228375260743, -1071.505551402624, 163.6770184667057, -472.4508795905126]","[-2255.803582909398, -1189.6182713002538, 163.6770184667057, -472.45087959051943]","[-2214.8843282927214, -1307.7309911978837, 163.6770184667057, -472.45087959051943]","[-2173.965073676045, -1425.8437110955135, 163.67701846670585, -472.45087959051983]","[-2133.045819059369, -1543.9564309931434, 163.67701846670388, -472.45087959051943]","[-2092.126564442692, -1662.0691508907732, 163.67701846670752, -472.45087959051943]","[-2051.6557889988894, -1780.3332908764046, 161.8831017752109, -473.0565599425254]","[-2012.605197602525, -1899.076927807374, 156.2023655854573, -474.97454772387755]","[-1973.5546062061617, -2017.8205647383436, 156.20236558545366, -474.97454772387846]","[-1934.504014809798, -2136.5642016693128, 156.20236558545457, -474.97454772387664]","[-1895.4534234134344, -2255.307838600282, 156.20236558545457, -474.97454772387755]"
636,Robot,"[-3845.4708210947247, 762.4875803164203, 0, 0]","[-3732.001965548452, 710.0488654101641, 453.87542218509043, -209.7548596250249]","[-3618.5331100021785, 657.6101505039079, 453.87542218509407, -209.7548596250249]","[-3505.064254455905, 605.1714355976517, 453.87542218509407, -209.7548596250249]","[-3391.5953989096324, 552.7327206913955, 453.87542218509043, -209.7548596250249]","[-3278.12654336336, 500.2940057851396, 453.87542218509043, -209.75485962502353]","[-3164.6576878170863, 447.8552908788848, 453.87542218509407, -209.7548596250192]","[-3051.188832270813, 395.41657597263, 453.87542218509407, -209.75485962501898]","[-2937.71997672454, 342.9778610663752, 453.8754221850908, -209.7548596250194]","[-2824.251121178267, 290.5391461601204, 453.87542218509225, -209.7548596250192]","[-2710.782265631994, 238.1004312538653, 453.87542218509225, -209.75485962502046]","[-2597.313410085721, 185.6617163476098, 453.87542218509225, -209.75485962502205]","[-2483.844554539448, 133.22300144135428, 453.87542218509225, -209.75485962502205]","[-2370.375698993175, 80.78428653509877, 453.87542218509225, -209.75485962502205]","[-2256.906843446902, 28.345571628843267, 453.87542218509225, -209.75485962502202]","[-2143.4379879006287, -24.093143277412192, 453.87542218509225, -209.75485962502182]"
637,Robot,"[-2029.969132354356, -76.53185818366771, 0, 0]","[-1916.5002768080824, -128.97057308992322, 453.87542218509407, -209.75485962502205]","[-1803.0314212618096, -181.40928799617876, 453.87542218509134, -209.75485962502216]","[-1689.5625657155365, -233.84800290243425, 453.87542218509225, -209.75485962502194]","[-1576.0937101692634, -286.2867178086902, 453.87542218509225, -209.75485962502376]","[-1462.6248546229904, -338.7254327149464, 453.87542218509225, -209.7548596250249]","[-1349.1559990767173, -391.1641476212026, 453.87542218509225, -209.75485962502466]","[-1235.6871435304442, -443.60286252745885, 453.87542218509225, -209.75485962502512]","[-1122.2182879841712, -496.0415774337151, 453.87542218509265, -209.7548596250251]","[-1008.7494324378986, -548.4802923399712, 453.87542218509043, -209.75485962502466]","[-895.2805768916284, -600.9190072462275, 453.8754221850809, -209.7548596250249]","[-781.8117213453581, -653.3577221524837, 453.8754221850809, -209.7548596250249]","[-668.3428657990879, -705.7964370587399, 453.8754221850809, -209.7548596250249]","[-554.8740102528177, -758.2351519649961, 453.8754221850809, -209.7548596250249]","[-441.4051547065475, -810.6738668712524, 453.8754221850809, -209.7548596250249]","[-327.93629916027726, -863.1125817775086, 453.8754221850809, -209.7548596250249]"
638,Robot,"[-214.46744361400675, -915.5512966837648, 0, 0]","[-100.99858806773582, -967.990011590021, 453.8754221850837, -209.7548596250249]","[12.470267478535131, -1020.4287264962772, 453.87542218508383, -209.7548596250249]","[136.05075000813622, -1013.9435181929682, 494.32193011840434, 25.940833213236147]","[260.51050444933145, -1002.3344904801318, 497.8390177647809, 46.4361108513458]","[384.970258890526, -990.7254627672952, 497.8390177647782, 46.43611085134626]","[509.43001333172055, -979.1164350544584, 497.8390177647782, 46.436110851347166]","[633.8897677729165, -967.5074073416204, 497.83901776478365, 46.43611085135217]","[758.3495222141124, -955.8983796287824, 497.83901776478433, 46.436110851351756]","[882.8092766553084, -944.2893519159444, 497.8390177647839, 46.43611085135217]","[1007.2690310965044, -932.6803242031064, 497.8390177647839, 46.43611085135217]","[1131.7287855376978, -921.0712964902688, 497.83901776477387, 46.43611085135035]","[1256.188539978891, -909.462268777431, 497.8390177647725, 46.43611085135126]","[1380.648294420084, -897.8532410645932, 497.8390177647725, 46.436110851350804]","[1505.1080488612772, -886.2442133517554, 497.8390177647725, 46.43611085135126]","[1629.5678033024703, -874.6351856389178, 497.8390177647725, 46.43611085135035]"
639,Robot,"[1754.0275577436637, -863.02615792608, 0, 0]","[1878.4873121848568, -851.4171302132422, 497.8390177647725, 46.43611085135126]","[2002.9470666260495, -839.8081025004046, 497.8390177647707, 46.43611085135035]","[2125.9588939547307, -835.6167522038829, 492.04730931472477, 16.76540118608682]","[2246.9581006827125, -840.5606933453485, 483.9968269119272, -19.77576456586212]","[2358.743040891169, -875.3938195120742, 447.1397608338266, -139.33250466690288]","[2435.0257145963333, -973.6755769887988, 305.1306948206566, -393.1270299068983]","[2509.864343108976, -1071.6478748398283, 299.3545140505703, -391.88919140411826]","[2613.539581755276, -1071.32761206265, 414.70095458520007, 1.2810511087136558]","[2691.995442741241, -1056.83496832567, 313.8234439438602, 57.970574947919886]","[2746.745712518009, -1014.3761502356294, 219.00107910707266, 169.83527236016198]","[2774.4842883483416, -1007.588119501208, 110.95430332133037, 27.152122937685817]","[2869.1430417885263, -1066.5190086504335, 378.63501376073873, -235.7235565969022]","[2978.8353280507067, -1126.4494187100754, 438.76914504872184, -239.7216402385675]","[3085.553742408952, -1191.3469909077871, 426.8736574329814, -259.5902887908469]","[3176.574633634076, -1276.0813667626603, 364.0835649004948, -338.9375034194927]"
640,Robot,"[3232.4347952356657, -1385.0491287748507, 0, 0]","[3233.3091409918784, -1508.5900639689594, 3.497383024850933, -494.1637407764347]","[3321.880108673633, -1527.7576310611782, 354.28387072701844, -76.67026836887544]","[3428.9047899494217, -1463.176537869629, 428.0987251031547, 258.3243727661966]","[3535.9294712252104, -1398.59544467808, 428.0987251031547, 258.3243727661966]","[3642.954152500999, -1334.0143514865308, 428.0987251031547, 258.3243727661966]","[3749.978833776788, -1269.4332582949817, 428.09872510315654, 258.3243727661966]","[3857.003515052576, -1204.8521651034323, 428.0987251031511, 258.3243727661975]","[3964.028196328365, -1140.2710719118834, 428.09872510315694, 258.3243727661959]","[4071.0528776041538, -1075.6899787203342, 428.0987251031547, 258.3243727661966]","[4178.077558879942, -1011.1088855287852, 428.0987251031547, 258.3243727661961]","[4284.809782802569, -946.6106961882924, 426.9288956905075, 257.99275736197114]","[4373.9209044540985, -886.1501585224144, 356.4444866061167, 241.84215066351226]","[4437.291512121449, -825.5408392791394, 253.48243066940267, 242.43727697309987]","[4494.583943748728, -736.1822830883395, 229.16972650911703, 357.4342247631994]","[4558.078587366663, -632.6893684682423, 253.97857447173737, 413.9716584803891]"
641,Robot,"[4609.964866283704, -538.7803695204987, 0, 0]","[4508.278608541139, -523.8649319182986, -406.7450309702617, 59.661750408800344]","[4383.375894421454, -518.9342113285636, -499.61085647873915, 19.72288235893984]","[4258.473180301769, -514.0034907388286, -499.61085647873915, 19.72288235893984]","[4133.570466182085, -509.0727701490928, -499.61085647873915, 19.72288235894348]","[4008.667752062392, -504.1420495593565, -499.6108564787701, 19.72288235894507]","[3883.765037942696, -499.21132896962007, -499.6108564787846, 19.722882358945753]","[3758.8623238229993, -494.2806083798837, -499.61085647878645, 19.722882358945526]","[3633.896773491204, -494.0391641678048, -499.862201327182, 0.9657768483155005]","[3508.906786854702, -495.6213274359257, -499.9599465460069, -6.328653072483576]","[3383.916800218201, -497.20349070404666, -499.9599465460051, -6.328653072483803]","[3258.9268135817, -498.7856539721676, -499.95994654600327, -6.328653072483803]","[3133.9368269451984, -500.36781724028856, -499.9599465460069, -6.328653072483803]","[3008.946840308697, -501.9499805084095, -499.9599465460051, -6.328653072483803]","[2883.956853672196, -503.53214377653046, -499.9599465460051, -6.328653072483803]","[2760.220775279907, -492.7655326409606, -494.9443135691563, 43.06644454227944]"
642,Robot,"[2635.255761605143, -494.0982745260708, 0, 0]","[2510.2697984868573, -495.9715132709515, -499.9438524731431, -7.492954979522892]","[2385.2838353685715, -497.8447520158322, -499.9438524731431, -7.492954979522892]","[2260.2978722502858, -499.71799076071295, -499.9438524731431, -7.492954979522892]","[2135.311909132, -501.5912295055937, -499.9438524731431, -7.492954979522892]","[2010.325946013716, -503.4644682504744, -499.94385247313585, -7.492954979522892]","[1885.339982895436, -505.3377069953551, -499.9438524731204, -7.492954979522892]","[1760.3540197771558, -507.21094574023584, -499.9438524731204, -7.492954979522892]","[1635.3680566588755, -509.08418448511657, -499.94385247312175, -7.4929549795228985]","[1510.3820935405956, -510.9574232299973, -499.9438524731195, -7.492954979522892]","[1385.3961304223155, -512.830661974878, -499.9438524731204, -7.492954979522892]","[1260.4101673040354, -514.7039007197587, -499.9438524731204, -7.492954979522892]","[1135.4242041857551, -516.5771394646395, -499.9438524731213, -7.492954979522892]","[1010.5808421619126, -518.7268804077015, -499.3734480953699, -8.598963772248226]","[885.5947412211247, -520.5909006917445, -499.94440376315197, -7.456081136172088]","[760.6086402803367, -522.4549209757876, -499.94440376315197, -7.456081136172088]"
643,Robot,"[635.6225393395487, -524.3189412598306, 0, 0]","[510.6364383987607, -526.1829615438736, -499.94440376315197, -7.456081136172088]","[385.6503374579727, -528.0469818279166, -499.94440376315197, -7.456081136172088]","[260.6642365171847, -529.9110021119596, -499.94440376315197, -7.456081136172088]","[135.6781355763974, -531.7750223960027, -499.9444037631491, -7.456081136172088]","[10.692034635610128, -533.6390426800457, -499.9444037631491, -7.456081136172088]","[-113.8296520978125, -535.9938560804013, -498.0867469336905, -9.419253601422497]","[-228.14826821725808, -542.3087389303333, -457.2744644777823, -25.259531399728075]","[-353.13786636505984, -543.9213005109025, -499.9583925912075, -6.4502463222766035]","[-476.9572516873807, -552.8941436224527, -495.27754128928336, -35.891372446200876]","[-590.4355676093107, -604.9285310874926, -453.91326368772025, -208.13754986015965]","[-698.9749915819639, -663.1041487916092, -434.15769589061256, -232.7024708164663]","[-823.8834297216199, -658.9501567103104, -499.6337525586241, 16.615968325195354]","[-948.7670208629352, -653.5567659726984, -499.53436456526106, 21.573562950447922]","[-1073.6506120042504, -648.1633752350864, -499.53436456526106, 21.573562950447922]","[-1198.5342031455657, -642.7699844974744, -499.53436456526106, 21.573562950447922]"
644,Robot,"[-1323.417794286881, -637.3765937598624, 0, 0]","[-1448.3013854281962, -631.9832030222504, -499.53436456526106, 21.573562950447922]","[-1573.1849765695115, -626.5898122846385, -499.53436456526106, 21.573562950447922]","[-1698.0685677108268, -621.1964215470265, -499.53436456526106, 21.573562950447922]","[-1822.952158852142, -615.8030308094145, -499.53436456526106, 21.573562950447922]","[-1947.8357499934573, -610.4096400718014, -499.53436456526106, 21.57356295045247]","[-2072.7193411347725, -605.016249334188, -499.53436456526106, 21.57356295045338]","[-2197.602932276088, -599.6228585965747, -499.53436456526106, 21.57356295045338]","[-2322.486523417403, -594.2294678589614, -499.5343645652615, 21.573562950453397]","[-2447.3701145587183, -588.836077121348, -499.53436456526106, 21.57356295045338]","[-2562.91867917898, -544.4770176696649, -462.19425848104584, 177.4362378067326]","[-2676.6891435095167, -492.6959260819684, -455.0818573221477, 207.12436635078575]","[-2790.4596078400536, -440.914834494272, -455.0818573221477, 207.12436635078575]","[-2904.2300721705906, -389.1337429065756, -455.0818573221477, 207.12436635078552]","[-3018.0005365011275, -337.3526513188804, -455.0818573221477, 207.12436635078075]","[-3131.7710008316644, -285.5715597311854, -455.0818573221477, 207.12436635078006]"
645,Robot,"[-3245.5414651622013, -233.79046814349007, 0, 0]","[-3359.3119294927383, -182.00937655579435, -455.0818573221477, 207.1243663507829]","[-3473.082393823275, -130.22828496809862, -455.0818573221477, 207.1243663507829]","[-3586.852858153812, -78.44719338040304, -455.0818573221477, 207.12436635078234]","[-3700.623322484349, -26.66610179270754, -455.0818573221477, 207.124366350782]","[-3814.393786814886, 25.11498979498792, -455.0818573221477, 207.12436635078183]","[-3928.164251145423, 76.8960813826833, -455.0818573221477, 207.12436635078154]","[-4041.93471547596, 128.67717297037868, -455.0818573221477, 207.1243663507815]","[-4155.705179806497, 180.4582645580737, -455.0818573221481, 207.12436635078024]","[-4269.475644137034, 232.2393561457687, -455.0818573221477, 207.12436635078006]","[-4383.246108467571, 284.0204477334637, -455.0818573221477, 207.12436635077995]","[-4497.016572798108, 335.8015393211588, -455.08185732215134, 207.12436635078052]","[-4610.787037128644, 387.5826309088538, -455.08185732214406, 207.12436635077984]","[-4724.557501459181, 439.3637224965488, -455.0818573221477, 207.12436635078006]","[-4838.327965789718, 491.1448140842438, -455.0818573221477, 207.12436635078006]","[-4952.098430120255, 542.925905671938, -455.0818573221477, 207.12436635077688]"
646,Robot,"[-5065.868894450792, 594.7069972596316, 0, 0]","[-5179.639358781329, 646.4880888473252, -455.0818573221477, 207.12436635077438]","[-5293.409823111866, 698.2691804350188, -455.0818573221477, 207.12436635077438]","[-5407.180287442403, 750.0502720227124, -455.0818573221477, 207.12436635077438]","[-5520.95075177294, 801.831363610406, -455.0818573221477, 207.12436635077438]","[-5634.721216103477, 853.6124551980996, -455.0818573221477, 207.12436635077438]","[-5748.491680434014, 905.3935467857932, -455.0818573221477, 207.12436635077438]","[-5862.262144764551, 957.1746383734868, -455.0818573221477, 207.12436635077438]","[-5976.032609095088, 1008.9557299611804, -455.08185732215173, 207.12436635077455]","[-6089.8030734256245, 1060.736821548876, -455.08185732214406, 207.1243663507821]","[-6203.573537756161, 1112.5179131365694, -455.0818573221477, 207.12436635077393]","[-6317.344002086698, 1164.2990047242613, -455.0818573221477, 207.12436635076756]","[-6214.799457636228, 1165.0943118399773, 410.17817780188125, 3.1812284628640555]","[-6089.848355628065, 1161.5982988328262, 499.8044080326508, -13.98405202860431]","[-5964.897253619903, 1158.1022858256752, 499.8044080326508, -13.98405202860431]","[-5839.94615161174, 1154.606272818524, 499.8044080326508, -13.98405202860431]"
647,Robot,"[-5714.995049603577, 1151.110259811373, 0, 0]","[-5590.043947595415, 1147.614246804222, 499.8044080326472, -13.98405202860431]","[-5465.092845587252, 1144.1182337970708, 499.80440803265446, -13.98405202860431]","[-5340.141743579089, 1140.6222207899198, 499.8044080326508, -13.98405202860431]","[-5215.190641570926, 1137.1262077827687, 499.8044080326508, -13.98405202860431]","[-5090.239539562764, 1133.6301947756176, 499.8044080326508, -13.98405202860431]","[-4965.36214888472, 1134.9075227053213, 499.50956271217365, 5.109311718814752]","[-4840.578572626829, 1142.2600118273856, 499.1343050315663, 29.409956488257194]","[-4715.865259128643, 1150.3591229745575, 498.85325399274416, 32.39644458868773]","[-4591.08025518635, 1157.6873417979666, 499.14001576917144, 29.312875293636353]","[-4466.295251244057, 1165.0155606213757, 499.14001576917144, 29.312875293636353]","[-4341.522942869755, 1172.5338238551317, 499.0892334972086, 30.073052935023952]","[-4216.989724115597, 1182.240011335736, 498.13287501663217, 38.82474992241714]","[-4092.199120991795, 1189.4722566301111, 499.1624124952068, 28.928981177500646]","[-3967.4085178679934, 1196.7045019244863, 499.1624124952068, 28.928981177500646]","[-3842.617914744192, 1203.9367472188617, 499.162412495205, 28.928981177501555]"
648,Robot,"[-3717.82731162039, 1211.1689925132366, 0, 0]","[-3593.0367084965883, 1218.4012378076118, 499.1624124952068, 28.928981177500646]","[-3468.2461053727866, 1225.633483101987, 499.1624124952068, 28.928981177500646]","[-3343.455502248985, 1232.865728396362, 499.1624124952068, 28.928981177500646]","[-3218.664899125183, 1240.0979736907373, 499.1624124952068, 28.928981177500646]","[-3093.874296001381, 1247.3302189851124, 499.1624124952086, 28.928981177500646]","[-2969.08369287758, 1254.5624642794876, 499.162412495205, 28.928981177500646]","[-2844.293089753778, 1261.7947095738627, 499.1624124952068, 28.928981177500646]","[-2719.5024866299764, 1269.026954868238, 499.16241249520726, 28.92898117750067]","[-2594.7118835061747, 1276.259200162613, 499.1624124952068, 28.928981177500646]","[-2469.921280382373, 1283.4914454569882, 499.1624124952068, 28.928981177500646]","[-2345.1306772585717, 1290.7236907513634, 499.162412495205, 28.928981177500646]","[-2250.729192439965, 1285.5975278399058, 377.6059392744264, -20.504651645830563]","[-2205.1196447016646, 1228.8561399917735, 182.43819095320214, -226.96555139252905]","[-2138.8907112372044, 1236.3796227845596, 264.9157338578407, 30.093931171144504]","[-2067.4931561928693, 1260.0499661394497, 285.5902201773406, 94.68137341956026]"
649,Robot,"[-1945.394095875966, 1237.1678229675974, 0, 0]","[-1821.7662736950465, 1233.3355648565675, 494.51128872367826, -15.329032444119548]","[-1709.8024927024385, 1179.040887772882, 447.85512397043203, -217.17870833474262]","[-1632.172250188769, 1084.4396311005926, 310.5209700546775, -378.40502668915724]","[-1572.3531481905604, 1013.6473821636288, 239.27640799283472, -283.1689957478552]","[-1461.2553545222022, 1070.9385703344367, 444.39117467343294, 229.16475268323165]","[-1350.157560853844, 1128.2297585052447, 444.39117467343294, 229.1647526832321]","[-1239.0597671854855, 1185.5209466760527, 444.39117467343385, 229.1647526832321]","[-1127.4650963796978, 1239.753281218566, 446.3786832231512, 216.9293381700529]","[-1003.9453742755971, 1220.5731286820026, 494.0788884164026, -76.72061014625342]","[-880.4256521714967, 1201.3929761454392, 494.0788884164017, -76.72061014625342]","[-756.9059300673962, 1182.212823608876, 494.07888841640215, -76.72061014625251]","[-633.3862079632956, 1163.0326710723125, 494.07888841640215, -76.72061014625433]","[-509.8664858591951, 1143.8525185357491, 494.07888841640215, -76.72061014625342]","[-386.34676375509457, 1124.6723659991858, 494.07888841640215, -76.72061014625342]","[-262.82704165099403, 1105.4922134626224, 494.07888841640215, -76.72061014625342]"
650,Robot,"[-139.3073195468935, 1086.312060926059, 0, 0]","[-15.7875974427932, 1067.1319083894955, 494.0788884164012, -76.72061014625433]","[107.7321246613072, 1047.9517558529324, 494.0788884164016, -76.72061014625251]","[231.25184676540772, 1028.771603316369, 494.0788884164021, -76.72061014625342]","[354.77156886950826, 1009.5914507798057, 494.07888841640215, -76.72061014625342]","[478.2912909736088, 990.4112982432424, 494.07888841640215, -76.72061014625297]","[601.8110130777093, 971.231145706679, 494.0788884164019, -76.72061014625388]","[725.3307351818098, 952.0509931701156, 494.07888841640215, -76.72061014625342]","[848.8504572859104, 932.8708406335522, 494.0788884164026, -76.72061014625349]","[972.3701793900108, 913.6906880969888, 494.0788884164017, -76.72061014625388]","[1095.8899014941114, 894.5105355604255, 494.0788884164026, -76.72061014625297]","[1219.3908082889543, 875.2112354678596, 494.0036271793715, -77.19720037026354]","[1342.9110930216605, 856.0347065965561, 494.08113893082464, -76.70611548521401]","[1467.001350858137, 842.2454586042292, 496.36103134590576, -55.15699196930791]","[1591.7696033572413, 849.1485631931748, 499.07300999641757, 27.612418355782665]","[1715.538981041009, 833.5938004043734, 495.077510735071, -62.21905115520576]"
651,Robot,"[1838.8678769806168, 813.2226584060114, 0, 0]","[1962.1967729202245, 792.8515164076495, 493.3155837584309, -81.48456799344785]","[2085.525668859832, 772.4803744092875, 493.31558375842997, -81.48456799344785]","[2208.85456479944, 752.1092324109255, 493.3155837584327, -81.48456799344785]","[2332.1834607390474, 731.7380904125636, 493.31558375842906, -81.48456799344785]","[2455.512356678655, 711.3669484142016, 493.3155837584309, -81.48456799344785]","[2578.841252618263, 690.9958064158396, 493.3155837584309, -81.48456799344785]","[2702.1701485578706, 670.6246644174772, 493.3155837584309, -81.48456799344967]","[2825.4990444974783, 650.2535224191138, 493.31558375843133, -81.48456799345384]","[2948.827940437086, 629.8823804207503, 493.3155837584309, -81.48456799345377]","[3072.1568363766937, 609.5112384223869, 493.3155837584309, -81.48456799345377]","[3195.485732316301, 589.1400964240236, 493.31558375842906, -81.48456799345331]","[3318.814628255909, 568.7689544256601, 493.3155837584327, -81.48456799345377]","[3442.143524195517, 548.3978124272967, 493.3155837584309, -81.48456799345377]","[3565.4724201351246, 528.0266704289332, 493.3155837584309, -81.48456799345377]","[3688.801316074732, 507.6555284305698, 493.31558375842906, -81.48456799345377]"
652,Robot,"[3812.13021201434, 487.2843864322064, 0, 0]","[3935.459107953948, 466.91324443384303, 493.3155837584327, -81.48456799345354]","[4058.788003893556, 446.5421024354797, 493.3155837584309, -81.48456799345331]","[4182.116899833163, 426.17096043711626, 493.31558375842906, -81.48456799345377]","[4305.445795772771, 405.7998184387529, 493.3155837584309, -81.48456799345354]","[4428.774691712379, 385.4286764403895, 493.3155837584309, -81.48456799345354]","[4552.103587651986, 365.0575344420261, 493.3155837584309, -81.48456799345354]","[4675.432483591594, 344.6863924436627, 493.3155837584309, -81.48456799345354]","[4798.761379531202, 324.31525044529934, 493.31558375843133, -81.48456799345361]","[4922.0902754708095, 303.944108446936, 493.3155837584309, -81.48456799345331]","[4938.661801345998, 286.06487928889675, 66.28610350075542, -71.51691663215706]","[4814.5714831473615, 271.0118752910149, -496.3612727945474, -60.21201599152732]","[4691.481119068355, 255.61033763363056, -492.3614563160263, -61.60615062953741]","[4596.388110524824, 211.0082410402785, -380.37203417412456, -178.40838637340823]","[4474.588768645908, 221.2264620787159, -487.19736751566234, 40.872884153749624]","[4359.628824380139, 218.0358437068169, -459.8397770630763, -12.762473487596026]"
653,Robot,"[4259.619226620319, 255.5142837404486, 0, 0]","[4167.418195913354, 314.6860046016802, -368.8041228278598, 236.68688344492648]","[4081.008907647484, 329.0089231579827, -345.63715306347876, 57.29167422520982]","[3998.213021269868, 306.2821683629644, -331.1835455104647, -90.90701918007312]","[3921.63063476788, 306.7281876056787, -306.32954600795165, 1.7840769708573134]","[3855.654046038373, 348.19001943234207, -263.9063549180282, 165.84732730665337]","[3789.5593828062624, 282.0892645333272, -264.37865292844253, -264.4030195960595]","[3725.0001657919847, 175.05138573099384, -258.23686805711077, -428.1515152093334]","[3660.440948777707, 68.01350692866086, -258.236868057111, -428.15151520933233]","[3595.8817317634293, -39.024371873671605, -258.23686805711077, -428.1515152093299]","[3515.258619499121, -123.5876475928833, -322.4924490572339, -338.2531028768468]","[3392.6318473412657, -147.82965143218186, -490.50708863142063, -96.96801535719425]","[3270.0050751834106, -172.07165527148044, -490.50708863142063, -96.9680153571943]","[3147.3783030255554, -196.313659110779, -490.50708863142063, -96.9680153571943]","[3024.7515308677, -220.5556629500776, -490.50708863142245, -96.9680153571943]","[2902.64017851504, -246.9244897462671, -488.4454094106386, -105.4753071847581]"
654,Robot,"[2779.997197714582, -271.08435854511964, 0, 0]","[2657.354216914124, -295.24422734397245, -490.57192320183094, -96.63947519541125]","[2534.7112361136656, -319.40409614282527, -490.5719232018346, -96.63947519541125]","[2412.0682553132074, -343.5639649416781, -490.57192320183276, -96.63947519541125]","[2289.425274512749, -367.7238337405309, -490.57192320183276, -96.63947519541125]","[2166.782293712291, -391.8837025393837, -490.57192320183276, -96.63947519541125]","[2044.1393129118328, -416.04357133823527, -490.57192320183276, -96.63947519540625]","[1921.4963321113744, -440.2034401370868, -490.57192320183367, -96.63947519540602]","[1798.8533513109164, -464.3633089359385, -490.5719232018323, -96.63947519540702]","[1676.2103705104582, -488.52317773479, -490.57192320183276, -96.63947519540602]","[1553.56738971, -512.6830465336416, -490.57192320183276, -96.63947519540625]","[1430.9244089095398, -536.8429153324944, -490.57192320184095, -96.63947519541125]","[1308.281428109076, -561.0027841313472, -490.5719232018555, -96.63947519541125]","[1185.638447308612, -585.1626529302, -490.5719232018555, -96.63947519541125]","[1062.9954665081482, -609.3225217290528, -490.5719232018555, -96.63947519541125]","[940.3524857076864, -633.4823905279056, -490.5719232018473, -96.63947519541125]"
655,Robot,"[817.7095049072253, -657.6422593267584, 0, 0]","[695.0665241067643, -681.8021281256113, -490.57192320184413, -96.63947519541125]","[572.4235433063033, -705.9619969244641, -490.57192320184413, -96.63947519541125]","[449.7805625058422, -730.1218657233169, -490.57192320184413, -96.63947519541125]","[327.1375817053812, -754.2817345221682, -490.57192320184413, -96.63947519540534]","[204.49460090492016, -778.4416033210198, -490.57192320184413, -96.63947519540625]","[81.85162010445913, -802.6014721198711, -490.57192320184413, -96.63947519540534]","[-39.73448975597173, -809.1692504143308, -486.34443944172347, -26.271113177838743]","[-158.6029314848962, -770.5002245546408, -475.47376691569826, 154.67610343876018]","[-277.4713732138206, -731.8311986949508, -475.4737669156975, 154.67610343876004]","[-396.3398149427444, -693.1621728352608, -475.47376691569525, 154.67610343876004]","[-515.2082566716682, -654.4931469755708, -475.47376691569525, 154.67610343876004]","[-634.076698400592, -615.8241211158808, -475.47376691569525, 154.67610343876004]","[-752.9451401295158, -577.1550952561907, -475.47376691569525, 154.67610343876004]","[-871.8135818584396, -538.4860693965007, -475.47376691569525, 154.67610343876004]","[-990.6820235873636, -499.8170435368112, -475.4737669156957, 154.67610343875822]"
656,Robot,"[-1109.550465316289, -461.1480176771226, 0, 0]","[-1228.418907045216, -422.478991817434, -475.47376691570753, 154.67610343875435]","[-1347.2873487741426, -383.8099659577454, -475.4737669157066, 154.67610343875435]","[-1466.1557905030693, -345.14094009805683, -475.4737669157066, 154.67610343875435]","[-1585.024232231996, -306.47191423836824, -475.4737669157066, 154.67610343875435]","[-1703.8926739609226, -267.80288837867965, -475.4737669157066, 154.67610343875435]","[-1822.7611156898488, -229.1338625189904, -475.4737669157048, 154.67610343875697]","[-1941.629557418776, -190.46483665930108, -475.47376691570844, 154.6761034387573]","[-2060.497999147702, -151.7958107996118, -475.4737669157052, 154.67610343875734]","[-2179.366440876623, -113.12678493992247, -475.4737669156839, 154.67610343875725]","[-2298.234882605544, -74.45775908023319, -475.4737669156839, 154.67610343875714]","[-2417.103324334465, -35.78873322054389, -475.4737669156839, 154.6761034387572]","[-2535.971766063386, 2.8802926391453525, -475.4737669156839, 154.67610343875697]","[-2654.840207792307, 41.54931849883454, -475.4737669156839, 154.67610343875674]","[-2773.708649521228, 80.21834435852372, -475.4737669156839, 154.67610343875674]","[-2892.567695913802, 118.878129710667, -475.4361855702955, 154.6391414085731]"
657,Robot,"[-3004.8054950524734, 148.8551960388433, 0, 0]","[-3114.373160740017, 161.88694881816932, -438.27066275017387, 52.12701111730405]","[-3235.0613993130723, 167.38045263961286, -482.75295429222206, 21.974015285774158]","[-3356.6424988341228, 172.74094857586783, -486.3243980842017, 21.44198374501991]","[-3477.718960957655, 178.0465331375903, -484.30584849412844, 21.222338246889876]","[-3598.1982366009856, 183.2871357585533, -481.91710257332306, 20.962410483851954]","[-3716.104738175983, 206.10385513742204, -471.62600629998997, 91.26687751547502]","[-3830.984343039182, 255.37531124006736, -459.51841945279557, 197.08582441058127]","[-3945.863947902381, 304.64676734271336, -459.51841945279597, 197.08582441058417]","[-4060.7435527655807, 353.9182234453594, -459.5184194527992, 197.0858244105841]","[-4175.62315762878, 403.1896795480054, -459.5184194527974, 197.0858244105841]","[-4290.502762491979, 452.4611356506512, -459.5184194527974, 197.0858244105832]","[-4405.382367355179, 501.732591753296, -459.5184194527974, 197.0858244105791]","[-4520.261972218378, 551.0040478559407, -459.5184194527974, 197.08582441057888]","[-4635.141577081577, 600.2755039585853, -459.5184194527974, 197.08582441057843]","[-4750.021181944777, 649.5469600612299, -459.5184194527974, 197.08582441057843]"
658,Robot,"[-4864.900786807976, 698.8184161638745, 0, 0]","[-4979.780391671176, 748.0898722665191, -459.518419452801, 197.08582441057843]","[-5094.659996534375, 797.3613283691637, -459.51841945279375, 197.08582441057843]","[-5203.463395998711, 855.2012947083157, -435.21359785734603, 231.35986535660777]","[-5287.9619738675965, 947.315301993497, -337.9943114755406, 368.45602914072515]","[-5372.460551736482, 1039.4293092786763, -337.9943114755406, 368.4560291407174]","[-5456.987502462133, 1131.517070600076, -338.10780290260664, 368.35104528559896]","[-5541.612064801763, 1223.5097702881724, -338.4982493585194, 367.97079875238524]","[-5626.085325584751, 1315.6469951904348, -337.89304313195345, 368.5488996090502]","[-5710.55858636774, 1407.7842200926973, -337.89304313195316, 368.54889960904984]","[-5794.927040716063, 1500.0166217426406, -337.47381739329285, 368.92960659977325]","[-5845.817505483775, 1589.0309309437127, -203.56185907084728, 356.05723680428855]","[-5725.5042419277015, 1621.77329188863, 481.253054224293, 130.96944377966884]","[-5603.76058263964, 1650.1186519735677, 486.9746371522451, 113.38144033975095]","[-5482.177981829194, 1679.1461560461994, 486.33040324178364, 116.1100162905268]","[-5360.995303674348, 1709.790047782263, 484.7307126193846, 122.5755669442542]"
659,Robot,"[-5238.991889632068, 1735.5328087507794, 0, 0]","[-5115.362569006895, 1753.9933364182368, 494.5172825006921, 73.84211066982971]","[-4991.733248381722, 1772.4538640856942, 494.5172825006921, 73.84211066982971]","[-4868.103927756549, 1790.9143917531517, 494.5172825006921, 73.84211066982971]","[-4744.474607131376, 1809.374919420609, 494.5172825006921, 73.84211066982971]","[-4620.845286506203, 1827.8354470880663, 494.5172825006921, 73.8421106698288]","[-4497.21596588103, 1846.295974755524, 494.5172825006921, 73.84211066983062]","[-4373.586645255857, 1864.7565024229812, 494.5172825006921, 73.8421106698288]","[-4249.957324630684, 1883.2170300904388, 494.51728250069254, 73.84211066983069]","[-4126.328004005511, 1901.677557757896, 494.5172825006921, 73.8421106698288]","[-4002.698683380346, 1920.1380854253537, 494.51728250065753, 73.84211066983062]","[-3879.069362755185, 1938.598613092811, 494.5172825006448, 73.84211066982971]","[-3755.440042130023, 1957.0591407602683, 494.51728250064843, 73.8421106698288]","[-3631.810721504861, 1975.519668427726, 494.51728250064843, 73.84211066983062]","[-3508.1814008797, 1993.980196095182, 494.517282500643, 73.84211066982425]","[-3384.9973142812723, 2003.59514777048, 492.73634639371085, 38.459806701192065]"
660,Robot,"[-3264.328964808952, 1972.9654530536063, 0, 0]","[-3149.9206101432897, 1941.504732136551, 457.63341866265, -125.84288366822148]","[-3042.093939868904, 1917.2086238485088, 431.30668109754333, -97.18443315216882]","[-2951.4636600610274, 1933.9004478390689, 362.5211192315055, 66.7672959622405]","[-2860.6583847759857, 1947.937648251616, 363.22110114016687, 56.14880165018894]","[-2753.308384915324, 1919.883746911656, 429.39999944264673, -112.21560535984008]","[-2646.0245563748017, 1891.3285355184776, 429.13531416208934, -114.2208455727141]","[-2570.069723597588, 1938.84312280286, 303.8193311088544, 190.05834913753006]","[-2510.075728906974, 2027.8812631342084, 239.9759787624573, 356.1525613253938]","[-2419.585229542884, 1992.3442419869848, 361.9619974563593, -142.14808458889456]","[-2306.0853321171294, 1939.9727489364525, 453.9995897030185, -209.48597220212923]","[-2192.585434691375, 1887.6012558859204, 453.9995897030167, -209.48597220212832]","[-2079.085537265621, 1835.2297628353883, 453.9995897030167, -209.48597220212832]","[-1965.5856398398623, 1782.8582697848562, 453.99958970303487, -209.48597220212832]","[-1852.0857424141027, 1730.4867767343242, 453.9995897030385, -209.48597220212832]","[-1738.5858449883428, 1678.115283683792, 453.9995897030394, -209.48597220212832]"
661,Robot,"[-1625.085947562583, 1625.7437906332598, 0, 0]","[-1511.5860501368231, 1573.3722975827245, 453.9995897030394, -209.48597220214106]","[-1398.0861527110633, 1521.0008045321888, 453.9995897030394, -209.48597220214288]","[-1284.5862552853034, 1468.6293114816535, 453.9995897030394, -209.48597220214106]","[-1171.0863578595436, 1416.2578184311185, 453.9995897030394, -209.48597220214015]","[-1069.1075351696309, 1352.563679263838, 407.9152907596508, -254.77655666912233]","[-979.6120417740588, 1286.5596144132255, 357.98197358228845, -264.0162594024496]","[-865.5596272565879, 1235.4025353064674, 456.2096580698835, -204.6283164270326]","[-750.6070196843808, 1232.541975532814, 459.8104302888286, -11.442239094613807]","[-676.5144775273588, 1308.9961418622677, 296.37016862808787, 305.816665317815]","[-669.2403197411621, 1371.1220537969837, 29.096631144786897, 248.50364773886395]","[-556.9197705216847, 1402.994489328035, 449.2821968779099, 127.4897421242049]","[-509.09228715693047, 1437.4345804336858, 191.30993345901675, 137.76036442260374]","[-509.09228715693047, 1437.4345804336858, 0.0, 0.0]","[-509.09228715693047, 1437.4345804336858, 0.0, 0.0]","[-509.09228715693047, 1437.4345804336858, 0.0, 0.0]"
662,Robot,"[-509.09228715693047, 1437.4345804336858, 0, 0]","[-439.91026579336943, 1397.2618543617368, 276.72808545424414, -160.690904287796]","[-331.8133574128053, 1334.4919698743165, 432.38763352225646, -251.07953794968125]","[-218.61325088743467, 1282.2374634488158, 452.80042610148257, -209.0180257020029]","[-110.06717654629011, 1228.3120886531724, 434.18429736457824, -215.70149918257357]","[-1.1948908216036536, 1172.391860325471, 435.48914289874585, -223.6809133108054]","[104.98659871061746, 1113.5689486125164, 424.72595812888443, -235.29164685181877]","[164.91441694898973, 1146.9155282464371, 239.71127295348907, 133.38631853568313]","[196.53510439845664, 1233.2336882467405, 126.48274979786777, 345.2726400012137]","[258.83504395552296, 1245.9882784612057, 249.1997582282653, 51.0183608578609]","[335.43075536181505, 1224.4943575265788, 306.38284562516833, -85.97568373850754]","[375.4225858917027, 1278.796365529276, 159.96732211955054, 217.20803201078888]","[334.4758074559308, 1354.9800190927058, -163.7871137430875, 304.734614253719]","[360.8096567777521, 1330.685340866495, 105.3353972872851, -97.17871290484345]","[457.0422464567017, 1254.4212956628105, 384.93035871579855, -305.0561808147377]","[554.9410014706831, 1176.698494846626, 391.5950200559255, -310.89120326473767]"
663,Robot,"[652.8397564846637, 1098.975694030442, 0, 0]","[750.7385114986442, 1021.2528932142576, 391.5950200559223, -310.8912032647372]","[848.6372665126248, 943.5300923980736, 391.5950200559223, -310.89120326473585]","[946.5360215266054, 865.8072915818893, 391.5950200559223, -310.8912032647372]","[1044.4347765405869, 788.0844907657051, 391.59502005592594, -310.89120326473676]","[1142.33353155457, 710.3616899495183, 391.59502005593276, -310.8912032647472]","[1240.2322865685535, 632.6388891333313, 391.5950200559337, -310.8912032647481]","[1338.131041582537, 554.9160883171443, 391.5950200559337, -310.8912032647481]","[1436.0297965965203, 477.1932875009579, 391.595020055934, -310.8912032647457]","[1533.9285516105035, 399.4704866847723, 391.59502005593276, -310.89120326474244]","[1631.8273066244872, 321.7476858685867, 391.5950200559346, -310.89120326474244]","[1729.7260616384706, 244.02488505240075, 391.5950200559337, -310.8912032647438]","[1827.6248166524529, 166.30208423621443, 391.5950200559291, -310.8912032647453]","[1925.523571666433, 88.57928342002792, 391.59502005592094, -310.891203264746]","[2030.9682658868896, 30.896409658344663, 421.77877688182616, -230.73149504673302]","[2155.816803781141, 24.74477689395576, 499.3941515770057, -24.606531057555614]"
664,Robot,"[2280.6653416753934, 18.593144129566856, 0, 0]","[2405.5138795696453, 12.44151136517798, 499.3941515770075, -24.6065310575555]","[2530.362417463897, 6.289878600789113, 499.3941515770075, -24.60653105755547]","[2655.210955358149, 0.1382458364002391, 499.3941515770075, -24.606531057555497]","[2780.059493252401, -6.013386927988635, 499.3941515770075, -24.606531057555497]","[2904.908031146653, -12.165019692377502, 499.3941515770075, -24.60653105755547]","[3029.7565690409047, -18.316652456766377, 499.3941515770075, -24.6065310575555]","[3154.6051069351565, -24.46828522115528, 499.3941515770075, -24.606531057555614]","[3279.446674357543, -30.74950683705632, 499.3662696895467, -25.124886463604177]","[3404.2953849769465, -36.89763311040805, 499.39484247761357, -24.592505093406928]","[3529.167264570986, -42.155523500983016, 499.4875183761578, -21.031561562299856]","[3653.66791899239, -31.52333515911658, 498.0026176856154, 42.52875336746574]","[3777.299202660856, -13.422983912392327, 494.52513467386416, 72.401404986897]","[3901.241273483866, 2.57571142959656, 495.76828329204, 63.994781367955554]","[4020.023627360744, -8.024008545517523, 475.129415507512, -42.398879900456336]","[4141.822009267579, -34.118268252804945, 487.1935276273416, -104.37703882914968]"
665,Robot,"[4263.81175837041, -57.387523475754655, 0, 0]","[4378.515251028877, -106.95989999758636, 458.81397063386976, -198.28950608732683]","[4495.208947549684, -137.87138067374764, 466.7747860832278, -123.6459227046451]","[4620.130945808221, -142.28662144766383, 499.68799303414926, -17.660963095664783]","[4745.052944066759, -146.70186222158003, 499.68799303414926, -17.660963095664783]","[4869.974942325296, -151.11710299549625, 499.68799303414926, -17.660963095664897]","[4994.896940583833, -155.53234376941242, 499.68799303414926, -17.66096309566467]","[5119.760837333553, -159.949539489874, 499.4555869988799, -17.66878288184637]","[5230.170589782405, -165.6294238359912, 441.6390097954067, -22.71953738446873]","[5317.771116931489, -178.9914344833863, 350.4021085963359, -53.448042589580496]","[5398.457086960384, -215.0339273255192, 322.7438801155804, -144.1699713685315]","[5500.468110000796, -272.75512525461806, 408.0440921616464, -230.8847917163955]","[5581.225176288304, -320.0803815246383, 323.0282651500347, -189.301025080081]","[5586.116746155215, -319.41494692016335, 19.566279467642744, 2.661738417899869]","[5588.887791365236, -327.9845320648117, 11.084180840083718, -34.278340578593316]","[5483.996556406839, -332.76154142759447, -419.56493983358814, -19.108037451131167]"
666,Robot,"[5359.102565348896, -337.90410529311777, 0, 0]","[5329.162481769448, -337.8673834154664, -119.7603343177907, 0.14688751060543837]","[5329.162481769448, -337.8673834154664, 0.0, 0.0]","[5329.162481769448, -337.8673834154664, 0.0, 0.0]","[5364.147075395104, -336.84052953009603, 139.93837450262436, 4.107415541481487]","[5489.086466776953, -332.9484245553289, 499.75756552739404, 15.56841989906843]","[5614.025858158802, -329.0563195805618, 499.7575655273977, 15.56841989906843]","[5738.965249540652, -325.1642146057947, 499.7575655273977, 15.56841989906843]","[5863.904640922501, -321.2721096310276, 499.7575655273981, 15.568419899068445]","[5988.844032304351, -317.3800046562605, 499.7575655273977, 15.56841989906843]","[6113.7834236862, -313.48789968149254, 499.7575655273977, 15.568419899071841]","[6238.722815068049, -309.5957947067245, 499.7575655273977, 15.568419899072069]","[6363.662206449899, -305.7036897319565, 499.7575655273977, 15.568419899072069]","[6488.601597831748, -301.8115847571885, 499.7575655273977, 15.568419899072069]","[6612.144059182869, -286.4966530069082, 494.16984540448175, 61.259727001121064]","[6734.039674274421, -258.8117508177169, 487.58246036620767, 110.73960875676516]"
667,Robot,"[6855.868424458802, -230.83417116323892, 0, 0]","[6977.597185888291, -202.42494700758817, 486.9150457179567, 113.63689662260299]","[7099.162833862257, -173.32643131293844, 486.262591895862, 116.39406277859894]","[7220.39318938384, -142.86682495137535, 484.9214220863323, 121.83842544625236]","[7343.118747915023, -153.69096917154758, 490.9022341247328, -43.29657688068892]","[7465.939571247472, -176.9298451327681, 491.2832933297941, -92.95550384488206]","[7588.760394579922, -200.1687210939887, 491.2832933298014, -92.9555038448824]","[7514.014559182736, -146.24936893895978, -298.9833415887442, 215.67740862011567]","[7407.821479714424, -80.30977633303756, -424.77231787324894, 263.7583704236891]","[7301.628400246112, -14.370183727115917, -424.77231787324854, 263.7583704236866]","[7195.4353207778, 51.56940887880508, -424.7723178732449, 263.75837042368397]","[7089.242241309487, 117.50900148472527, -424.7723178732522, 263.7583704236808]","[6983.049161841175, 183.44859409064443, -424.77231787324854, 263.75837042367664]","[6874.814892426956, 242.51968466245847, -432.9370776568758, 236.28436228725616]","[6750.086832560645, 250.76050270361756, -498.91223946524406, 32.96327216463635]","[6625.358772694334, 259.0013207447766, -498.91223946524406, 32.96327216463612]"
668,Robot,"[6500.630712828023, 267.24213878593565, 0, 0]","[6375.902652961712, 275.4829568270947, -498.91223946524406, 32.96327216463624]","[6251.174593095401, 283.72377486825377, -498.91223946524406, 32.96327216463624]","[6126.44653322909, 291.96459290941283, -498.91223946524406, 32.96327216463624]","[6001.718473362779, 300.2054109505719, -498.91223946524406, 32.96327216463624]","[5876.990413496468, 308.44622899173095, -498.91223946524406, 32.96327216463624]","[5752.262353630157, 316.68704703289, -498.91223946524406, 32.96327216463624]","[5627.534293763846, 324.92786507404907, -498.91223946524406, 32.96327216463624]","[5502.806233897535, 333.1686831152081, -498.9122394652445, 32.963272164636265]","[5378.078174031224, 341.4095011563672, -498.91223946524406, 32.96327216463624]","[5253.938150967359, 349.891190313237, -496.5600922554586, 33.926756627479335]","[5131.009376439073, 358.9694493360197, -491.71509811314536, 36.3130360911307]","[5008.841946143105, 368.57242512185456, -488.66972118387275, 38.41190314333949]","[4887.032873901413, 378.569467796169, -487.23628896676746, 39.98817069725783]","[4765.283323373503, 388.75464902784177, -486.99820211164115, 40.74072492669097]","[4643.572558955155, 398.8943230642036, -486.84305767339174, 40.55869614544736]"
669,Robot,"[4521.910180653296, 408.9681654880838, 0, 0]","[4401.670695343795, 417.1060942816395, -480.9579412380044, 32.55171517422286]","[4308.360482856688, 431.10225439759887, -373.24084994842997, 55.98464046383742]","[4193.897026227594, 449.5742730817307, -457.8538265163734, 73.88807473652741]","[4092.929157414936, 482.2953003263841, -403.871475250633, 130.88410897861354]","[3999.994992837771, 522.3139430139607, -371.7366583086605, 160.07457075030652]","[3919.7835188508743, 573.8455288493599, -320.84589594758654, 206.12634334159657]","[3840.827382854879, 623.9335680802059, -315.82454398398113, 200.35215692338397]","[3735.380225013283, 641.9738539562362, -421.7886313663843, 72.16114350412143]","[3641.5747602623865, 672.1954234434075, -375.22185900358636, 120.88627794868535]","[3616.7711656870897, 772.9392615627431, -99.21437830118703, 402.9753524773423]","[3599.462291927072, 874.047097877884, -69.23549504007133, 404.4313452605634]","[3614.917688552647, 992.5131985670772, 61.821586502301216, 473.86440275677296]","[3532.689504677864, 1052.4242086211038, -328.9127354991324, 239.64404021610653]","[3411.645573999109, 1026.953114744414, -484.17572271502104, -101.88437550675917]","[3291.1265052058147, 993.7845444225516, -482.0762751731763, -132.67428128744996]"
670,Robot,"[3170.6074364125207, 960.6159741006892, 0, 0]","[3050.0883676192266, 927.4474037788266, -482.0762751731763, -132.6742812874504]","[2929.5692988259325, 894.2788334569641, -482.0762751731763, -132.67428128744996]","[2809.0502300326384, 861.1102631351016, -482.0762751731763, -132.67428128744996]","[2688.5311612393443, 827.9416928132391, -482.0762751731763, -132.67428128744996]","[2568.0120924460502, 794.7731224913766, -482.0762751731763, -132.67428128744996]","[2447.493023652756, 761.6045521695158, -482.0762751731763, -132.67428128744314]","[2326.973954859462, 728.4359818476559, -482.0762751731763, -132.67428128743995]","[2206.454886066168, 695.267411525796, -482.0762751731768, -132.6742812874396]","[2085.935817272874, 662.0988412039361, -482.0762751731763, -132.6742812874395]","[1961.5275488150287, 661.5655588452888, -497.6330738313809, -2.1331294345891365]","[1836.588934948382, 665.4825430270797, -499.7544554665865, 15.667936727163578]","[1711.6503210817357, 669.3995272088706, -499.75445546658557, 15.667936727163578]","[1586.7117072150888, 673.3165113906615, -499.7544554665874, 15.667936727163578]","[1461.7730933484422, 677.2334955724524, -499.7544554665865, 15.667936727163578]","[1336.8344794817956, 681.1504797542433, -499.7544554665865, 15.667936727163578]"
671,Robot,"[1211.895865615149, 685.0674639360342, 0, 0]","[1086.9572517485024, 688.9844481178251, -499.7544554665865, 15.667936727163578]","[962.0186378818544, 692.901432299616, -499.75445546659193, 15.667936727163578]","[837.0800240152048, 696.8184164814069, -499.7544554665983, 15.667936727163578]","[712.1414101485553, 700.7354006631978, -499.75445546659785, 15.667936727163578]","[587.2027962819059, 704.6523848449887, -499.75445546659785, 15.667936727163578]","[462.2641824152564, 708.5693690267796, -499.75445546659785, 15.667936727163578]","[337.3255685486069, 712.4863532085704, -499.7544554665981, 15.667936727163578]","[212.38695468195772, 716.4033373903613, -499.75445546659716, 15.667936727163593]","[87.44834081530887, 720.3203215721522, -499.7544554665954, 15.667936727163578]","[-37.4902730513401, 724.2373057539431, -499.75445546659586, 15.667936727163578]","[-162.42888691798908, 728.154289935734, -499.7544554665959, 15.667936727163578]","[-287.367500784638, 732.0712741175246, -499.7544554665958, 15.667936727162214]","[-412.3061146512875, 735.9882582993141, -499.75445546659785, 15.667936727158121]","[-514.3712287131435, 750.0016310354756, -408.26045624742414, 56.053490944646]","[-639.3223038492052, 753.4986043470827, -499.80430054424687, 13.987893246428484]"
672,Robot,"[-764.273378985267, 756.9955776586899, 0, 0]","[-889.0437627981609, 763.7164674597337, -499.0815352515756, 26.883559204175526]","[-1007.0160615928544, 802.0506638631467, -471.8891951787741, 153.33678561365195]","[-1130.6716357997295, 811.3711938133389, -494.6222968275006, 37.28211980076867]","[-1255.664071527503, 812.7463341108194, -499.9697429110938, 5.500561189921882]","[-1380.6565072552764, 814.1214744082998, -499.9697429110938, 5.500561189921882]","[-1505.64894298305, 815.4966147057803, -499.9697429110938, 5.500561189921882]","[-1630.6413787108231, 816.8717550032608, -499.9697429110929, 5.500561189921882]","[-1755.6338144385968, 818.2468953007412, -499.9697429110952, 5.500561189921887]","[-1880.6262501663705, 819.6220355982217, -499.9697429110947, 5.500561189921882]","[-2005.618685894144, 820.9971758957022, -499.9697429110938, 5.500561189921882]","[-2130.611121621921, 822.3723161931827, -499.96974291110837, 5.500561189921882]","[-2255.6035573497, 823.7474564906631, -499.96974291111655, 5.500561189921882]","[-2380.5959930774798, 825.122596788144, -499.9697429111184, 5.500561189923701]","[-2505.5884288052584, 826.497737085626, -499.96974291111474, 5.500561189927794]","[-2630.5808645330376, 827.8728773831078, -499.96974291111655, 5.500561189927339]"
673,Robot,"[-2755.5733002608167, 829.2480176805898, 0, 0]","[-2880.565735988596, 830.6231579780717, -499.96974291111655, 5.500561189927794]","[-3005.558171716375, 831.9982982755537, -499.96974291111655, 5.500561189927794]","[-3130.550607444154, 833.3734385730356, -499.96974291111655, 5.500561189927794]","[-3255.5430431719333, 834.7485788705175, -499.96974291111655, 5.500561189927339]","[-3380.5354788997124, 836.1237191679994, -499.96974291111655, 5.500561189927794]","[-3504.879040231888, 846.5522870850897, -497.3742453287032, 41.71427166836111]","[-3628.790018633661, 863.0164734152522, -495.64391360709124, 65.85674532065013]","[-3752.7009970354334, 879.4806597454148, -495.64391360708987, 65.85674532065019]","[-3876.611975437206, 895.9448460755773, -495.64391360709124, 65.85674532065013]","[-4000.522953838979, 912.4090324057398, -495.64391360709124, 65.85674532065013]","[-4124.433932240752, 928.8732187359024, -495.64391360709305, 65.85674532065013]","[-4248.344910642525, 945.3374050660648, -495.64391360709124, 65.85674532064968]","[-4372.255889044298, 961.8015913962274, -495.64391360709124, 65.85674532065059]","[-4496.166867446071, 978.26577772639, -495.64391360709124, 65.85674532065013]","[-4620.077845847844, 994.7299640565524, -495.6439136070949, 65.85674532064968]"
674,Robot,"[-4743.988824249616, 1011.194150386715, 0, 0]","[-4867.899802651389, 1027.6583367168782, -495.64391360709124, 65.85674532065286]","[-4991.810781053162, 1044.1225230470427, -495.64391360709124, 65.85674532065786]","[-5115.721759454935, 1060.586709377205, -495.64391360709124, 65.85674532064877]","[-5239.632737856708, 1077.0508957073666, -495.6439136070949, 65.85674532064695]","[-5363.54371625848, 1093.5150820375286, -495.6439136070876, 65.85674532064786]","[-5487.454694660253, 1109.9792683676906, -495.64391360709124, 65.85674532064786]","[-5414.533715723699, 1091.962725779326, 291.68391574621637, -72.06617035345789]","[-5292.404747452563, 1065.32600096133, 488.5158730845437, -106.54689927198443]","[-5170.275779181427, 1038.689276143334, 488.5158730845433, -106.54689927198433]","[-5048.146810910292, 1012.0525513253378, 488.5158730845433, -106.54689927198433]","[-4926.017842639156, 985.4158265073418, 488.5158730845433, -106.54689927198433]","[-4803.88887436802, 958.7791016893456, 488.5158730845433, -106.54689927198478]","[-4680.959933848429, 940.1242523659748, 491.7157620783655, -74.61939729348296]","[-4555.973921832809, 941.994225743068, 499.94404806247985, 7.479893508372697]","[-4430.987909817189, 943.864199120161, 499.94404806247985, 7.479893508371788]"
675,Robot,"[-4306.001897801569, 945.734172497254, 0, 0]","[-4181.015885785949, 947.604145874347, 499.94404806247985, 7.479893508371788]","[-4056.029873770329, 949.47411925144, 499.94404806247985, 7.479893508372243]","[-3931.043861754709, 951.344092628533, 499.94404806247985, 7.479893508371788]","[-3806.057849739089, 953.214066005626, 499.94404806247985, 7.479893508372243]","[-3681.071837723469, 955.084039382719, 499.94404806247985, 7.479893508371788]","[-3556.085825707849, 956.954012759812, 499.94404806247985, 7.479893508372243]","[-3431.099813692229, 958.823986136905, 499.94404806247985, 7.479893508371788]","[-3306.113801676609, 960.693959513998, 499.9440480624803, 7.479893508372249]","[-3181.127789660989, 962.563932891091, 499.94404806247985, 7.479893508371788]","[-3056.141777645369, 964.433906268184, 499.94404806247985, 7.479893508372243]","[-2931.155765629749, 966.303879645277, 499.94404806247985, 7.479893508371788]","[-2806.169753614129, 968.17385302237, 499.94404806247985, 7.479893508372243]","[-2681.183741598509, 970.043826399463, 499.94404806247985, 7.479893508371788]","[-2556.197729582889, 971.913799776556, 499.94404806247985, 7.479893508371788]","[-2431.2117175672693, 973.783773153649, 499.94404806247985, 7.479893508372243]"
676,Robot,"[-2306.2257055516493, 975.653746530742, 0, 0]","[-2181.2396935360293, 977.523719907835, 499.94404806247985, 7.479893508372243]","[-2056.307081955116, 978.2539769205524, 499.7304463236542, 2.9210280508696087]","[-1932.283116959118, 969.5194204457256, 496.09585998399143, -34.93822589930733]","[-1831.9236822678365, 949.1744560350884, 401.4377387651257, -81.37985764254881]","[-1766.4238046796252, 970.9135804245354, 261.9995103528454, 86.95649755778823]","[-1701.3847253569402, 991.6909805996391, 260.15631729073993, 83.10960070041483]","[-1625.5193238498507, 1008.3104719094498, 303.4616060283579, 66.47796523924262]","[-1506.0460401127234, 1010.6713934795886, 477.8931349485096, 9.443686280555093]","[-1381.04743104894, 1011.261081634205, 499.9944362551332, 2.358752618465587]","[-1256.0488219851568, 1011.8507697888214, 499.9944362551332, 2.358752618465587]","[-1131.0502129213737, 1012.4404579434378, 499.9944362551323, 2.358752618465587]","[-1006.0516038575902, 1013.0301460980542, 499.99443625513413, 2.358752618465587]","[-881.0529947938069, 1013.6198342526706, 499.9944362551332, 2.358752618465587]","[-756.0543857300236, 1014.209522407287, 499.9944362551332, 2.358752618465587]","[-631.0557766662403, 1014.7992105619034, 499.9944362551332, 2.358752618465587]"
677,Robot,"[-506.057167602457, 1015.3888987165196, 0, 0]","[-381.0585585386752, 1015.978586871136, 499.9944362551273, 2.358752618465587]","[-256.0599494748933, 1016.5682750257524, 499.99443625512754, 2.358752618465587]","[-131.0613404111107, 1017.1579631803688, 499.9944362551304, 2.358752618465587]","[-6.062731347328196, 1017.7476513349852, 499.99443625513004, 2.358752618465587]","[118.93587771645414, 1018.337339489603, 499.99443625512936, 2.358752618471044]","[243.9344867802367, 1018.9270276442207, 499.99443625513027, 2.358752618471044]","[368.9330958440187, 1019.5167157988386, 499.9944362551279, 2.358752618471499]","[493.6439532248358, 1014.5088419971815, 498.8434295232689, -20.031495206628296]","[617.8338271457725, 1000.3128830537372, 496.75949568374676, -56.783835773777355]","[741.973675870156, 985.6739638177528, 496.5593948975338, -58.55567694393767]","[866.1128425547292, 971.0292619980324, 496.5566667382932, -58.57880727888141]","[990.251155410466, 956.3773243882684, 496.55325142294714, -58.60775043905596]","[1114.38835686377, 941.7159736524882, 496.54880581321595, -58.6454029431211]","[1238.524022237557, 927.0416231803306, 496.5426614951475, -58.69740188863034]","[1362.6573258001456, 912.3473082553508, 496.53321425035483, -58.77725969991934]"
678,Robot,"[1486.7858983925485, 897.6130919522444, 0, 0]","[1611.018995781027, 883.8138877112553, 496.9323895539137, -55.19681696395628]","[1735.329446838083, 870.7023752892693, 497.2418042282243, -52.446049687944196]","[1859.639897895139, 857.5908628672832, 497.2418042282243, -52.446049687944196]","[1983.950348952195, 844.4793504452972, 497.2418042282243, -52.446049687944196]","[2108.260800009251, 831.3678380233112, 497.2418042282234, -52.446049687944196]","[2232.571251066307, 818.2563256013251, 497.2418042282243, -52.446049687944196]","[2356.881702123363, 805.144813179339, 497.2418042282243, -52.446049687944196]","[2481.192153180419, 792.033300757353, 497.24180422822474, -52.446049687944246]","[2605.502604237475, 778.921788335367, 497.2418042282243, -52.446049687944196]","[2729.8130552945318, 765.8102759133809, 497.2418042282261, -52.446049687944196]","[2854.123506351588, 752.6987634913949, 497.2418042282243, -52.446049687944196]","[2978.4339574086434, 739.5872510694088, 497.24180422822246, -52.446049687944196]","[3102.7444084656995, 726.4757386474228, 497.2418042282243, -52.446049687944196]","[3227.054859522756, 713.3642262254367, 497.2418042282261, -52.446049687944196]","[3351.365310579812, 700.2527138034507, 497.2418042282243, -52.446049687944196]"
679,Robot,"[3475.675761636868, 687.1412013814646, 0, 0]","[3599.9807202881234, 673.978639540594, 497.2198346050209, -52.65024736348232]","[3724.291464283589, 660.8699047697297, 497.2429759818624, -52.434939083457266]","[3848.602208279055, 647.7611699988654, 497.2429759818642, -52.434939083457266]","[3972.91295227452, 634.6524352280011, 497.2429759818606, -52.434939083457266]","[4097.223696269986, 621.5437004571368, 497.2429759818642, -52.434939083457266]","[4221.534440265452, 608.4349656862724, 497.2429759818624, -52.434939083457266]","[4345.845184260917, 595.3262309154081, 497.2429759818624, -52.434939083457266]","[4470.155928256383, 582.2174961445438, 497.24297598186286, -52.434939083457316]","[4594.466672251849, 569.1087613736795, 497.2429759818624, -52.434939083457266]","[4718.777416247314, 556.0000266028152, 497.2429759818624, -52.434939083457266]","[4843.08816024278, 542.8912918319509, 497.2429759818624, -52.434939083457266]","[4967.398904238245, 529.7825570610865, 497.2429759818624, -52.434939083457266]","[5091.709648233711, 516.6738222902222, 497.2429759818624, -52.434939083457266]","[5216.020392229177, 503.5650875193589, 497.2429759818624, -52.4349390834534]","[5340.331136224642, 490.456352748496, 497.2429759818624, -52.43493908345158]"
680,Robot,"[5464.641880220108, 477.3476179776331, 0, 0]","[5588.952624215573, 464.2388832067702, 497.2429759818624, -52.43493908345158]","[5466.895789621241, 486.8500119367925, -488.2273383773281, 90.4445149200892]","[5343.935080186008, 509.33698450276944, -491.84283774093274, 89.94789026390777]","[5220.974370750775, 531.8239570687465, -491.84283774093274, 89.94789026390822]","[5096.062567977594, 536.5187976363158, -499.6472110927243, 18.779362270277034]","[4971.150765204413, 541.213638203885, -499.6472110927243, 18.779362270277034]","[4846.238962431232, 545.9084787714555, -499.6472110927243, 18.779362270282036]","[4721.327159658051, 550.6033193390264, -499.6472110927248, 18.779362270283418]","[4596.41535688487, 555.2981599065971, -499.6472110927243, 18.779362270282945]","[4471.503554111689, 559.993000474168, -499.6472110927243, 18.7793622702834]","[4346.591751338508, 564.6878410417388, -499.6472110927207, 18.7793622702834]","[4221.679948565326, 569.3826816093095, -499.64721109272796, 18.779362270282945]","[4096.768145792145, 574.0775221768804, -499.6472110927243, 18.7793622702834]","[3971.856343018964, 578.7723627444512, -499.64721109272614, 18.7793622702834]","[3846.9459024213934, 583.5016085680109, -499.64176239028166, 18.916983294238435]"
681,Robot,"[3722.033930152405, 588.191937327427, 0, 0]","[3597.121957883415, 592.8822660868433, -499.64788907596085, 18.7613150376651]","[3472.209985614425, 597.5725948462596, -499.64788907595903, 18.7613150376651]","[3347.2980133454357, 602.2629236056758, -499.6478890759572, 18.7613150376651]","[3222.386041076445, 606.9532523650921, -499.64788907596267, 18.7613150376651]","[3098.3609874908952, 621.5071099256413, -496.10021434219925, 58.21543024219682]","[2974.616013489589, 639.1757660549694, -494.9798960052249, 70.67462451731217]","[2850.871039488283, 656.8444221842974, -494.9798960052249, 70.67462451731217]","[2727.1260654869766, 674.5130783136254, -494.9798960052253, 70.67462451731222]","[2603.3810914856704, 692.1817344429535, -494.9798960052249, 70.67462451731217]","[2479.636117484364, 709.8503905722815, -494.9798960052249, 70.67462451731217]","[2355.891143483058, 727.5190467016096, -494.9798960052249, 70.67462451731217]","[2232.146169481752, 745.1877028309376, -494.97989600522305, 70.67462451731217]","[2108.401195480445, 762.8563589602657, -494.9798960052285, 70.67462451731217]","[1984.6562214791395, 780.5250150895937, -494.97989600522214, 70.67462451731217]","[1860.911247477833, 798.1936712189217, -494.9798960052258, 70.67462451731217]"
682,Robot,"[1737.1662734765268, 815.8623273482498, 0, 0]","[1613.4212994752206, 833.5309834775778, -494.9798960052249, 70.67462451731217]","[1489.6763254739144, 851.1996396069059, -494.9798960052249, 70.67462451731217]","[1365.9313514726082, 868.8682957362339, -494.9798960052249, 70.67462451731217]","[1242.186377471302, 886.536951865562, -494.9798960052249, 70.67462451731217]","[1118.4414034699955, 904.20560799489, -494.9798960052258, 70.67462451731217]","[994.6964294686902, 921.874264124218, -494.97989600522124, 70.67462451731217]","[870.9514554673868, 939.542920253546, -494.9798960052135, 70.67462451731171]","[747.2064814660835, 957.211576382874, -494.97989600521396, 70.67462451731222]","[623.4615074647801, 974.8802325122022, -494.9798960052135, 70.67462451731262]","[499.7165334634765, 992.5488886415302, -494.9798960052144, 70.67462451731217]","[375.9715594621717, 1010.2175447708582, -494.9798960052192, 70.67462451731217]","[252.22658546086691, 1027.8862009001857, -494.9798960052191, 70.6746245173099]","[128.48161145956217, 1045.554857029511, -494.97989600521896, 70.6746245173008]","[4.73663745825737, 1063.223513158836, -494.9798960052192, 70.6746245173008]","[-119.0083365430474, 1080.8921692881613, -494.9798960052191, 70.6746245173008]"
683,Robot,"[-242.7533105443522, 1098.5608254174865, 0, 0]","[-366.498284545657, 1116.2294815468117, -494.9798960052192, 70.6746245173008]","[-486.9064312094896, 1131.451564387316, -481.63258665533044, 60.8883313620172]","[-602.5957027763349, 1126.8971931015951, -462.75708626738106, -18.21748514288356]","[-712.8211221416045, 1102.359929887892, -440.90167746107863, -98.14905285481291]","[-835.6965074987735, 1122.385664848821, -491.50154142867586, 80.10293984371674]","[-958.4163908054298, 1141.6702918810631, -490.8795332266254, 77.13850812896817]","[-1069.9383388053195, 1111.7864461649983, -446.0877919995587, -119.53538286425919]","[-1163.6132583362946, 1034.2262749001245, -374.69967812390075, -310.24068505949555]","[-1273.0196786742283, 1016.4090310261952, -437.6256813517348, -71.26897549571731]","[-1388.7889515130105, 1032.9987902432829, -463.0770913551287, 66.35903686835081]","[-1482.7257113355902, 966.6142828692128, -375.74703929031875, -265.53802949628016]","[-1597.476734402577, 984.9264040475364, -459.00409226794727, 73.24848471329415]","[-1713.8064015005716, 1030.6692565260396, -465.31866839197846, 182.97140991401284]","[-1830.1360685985665, 1076.4121090045426, -465.3186683919794, 182.97140991401193]","[-1946.4657356965608, 1122.1549614830456, -465.31866839197755, 182.97140991401193]"
684,Robot,"[-2062.795402794555, 1167.8978139615483, 0, 0]","[-2179.125069892544, 1213.6406664400515, -465.31866839195754, 182.97140991401284]","[-2295.4547369905326, 1259.3835189185545, -465.3186683919539, 182.97140991401193]","[-2411.7844040885216, 1305.1263713970577, -465.3186683919557, 182.97140991401284]","[-2528.1140711865105, 1350.8692238755605, -465.3186683919557, 182.97140991401102]","[-2651.6339339153005, 1353.772537949032, -494.0794509151601, 11.61325629388648]","[-2776.523357716624, 1348.5159399453544, -499.5576952052943, -21.026392014710837]","[-2901.412781517948, 1343.259341941677, -499.5576952052961, -21.026392014709927]","[-3026.3022053192717, 1338.0027439379994, -499.55769520529475, -21.026392014709945]","[-3151.191629120595, 1332.746145934322, -499.5576952052925, -21.026392014709927]","[-3276.0810529219184, 1327.4895479306444, -499.5576952052943, -21.026392014709927]","[-3400.970476723242, 1322.232949926967, -499.5576952052943, -21.026392014709927]","[-3525.859900524565, 1316.9763519232897, -499.5576952052925, -21.026392014709018]","[-3650.749324325889, 1311.719753919612, -499.5576952052961, -21.026392014710837]","[-3775.6387481272127, 1306.4631559159343, -499.5576952052943, -21.026392014710837]","[-3900.555512874945, 1302.0445664065403, -499.66705899092995, -17.674358037575985]"
685,Robot,"[-4025.3818475032376, 1306.755016399694, 0, 0]","[-4144.988580395667, 1341.2625893637717, -478.42693156971654, 138.03029185631112]","[-4259.77080702056, 1390.760191181255, -459.1289064995726, 197.9904072699337]","[-4374.304989139327, 1440.828970687096, -458.1367284750668, 200.27511802336358]","[-4488.535541912219, 1491.5864645325105, -456.9222110915689, 203.029975381658]","[-4602.383857406815, 1543.19528310467, -455.39326197838454, 206.43527428863763]","[-4715.732863919648, 1595.8910779276985, -453.3960260513304, 210.78317929211426]","[-4828.383745896263, 1650.0617468103717, -450.60352790645993, 216.6826755306929]","[-4939.868920111641, 1706.585744605788, -445.9406968615153, 226.09599118166554]","[-5042.562185949492, 1772.6691670995176, -410.77306335140383, 264.33368997491834]","[-5153.011335850613, 1762.129481351154, -441.7965996044841, -42.158742993454325]","[-5271.270766233795, 1721.6361840607804, -473.037721532728, -161.9731891614947]","[-5389.530196616977, 1681.142886770407, -473.037721532728, -161.9731891614938]","[-5507.789627000159, 1640.649589480033, -473.037721532728, -161.9731891614956]","[-5626.049057383341, 1600.156292189659, -473.037721532728, -161.9731891614956]","[-5744.308487766523, 1559.6629948992856, -473.037721532728, -161.9731891614938]"
686,Robot,"[-5862.567918149705, 1519.169697608911, 0, 0]","[-5980.827348532887, 1478.6764003185324, -473.037721532728, -161.9731891615147]","[-6099.086778916069, 1438.1831030281537, -473.037721532728, -161.9731891615147]","[-6217.346209299251, 1397.689805737775, -473.037721532728, -161.9731891615147]","[-6335.605639682433, 1357.1965084473964, -473.037721532728, -161.9731891615147]","[-6453.865070065615, 1316.7032111570177, -473.037721532728, -161.9731891615147]","[-6572.124500448797, 1276.209913866639, -473.037721532728, -161.9731891615147]","[-6612.479650053559, 1239.341615144148, -161.42059841904847, -147.47319488996436]","[-6635.932255529459, 1206.2122274364335, -93.81042190359958, -132.51755083085766]","[-6532.804360169572, 1158.846670235103, 412.51158143955035, -189.4622288053224]","[-6414.16867669427, 1130.0531782837677, 474.5427339012058, -115.17396780534091]","[-6291.735170767121, 1104.955076210385, 489.7340237085955, -100.39240829353093]","[-6190.39613369495, 1052.5907926155949, 405.3561482886871, -209.45713437916038]","[-6141.729380982672, 989.596359537991, 194.66701084910892, -251.97773231041538]","[-6097.951414830113, 941.3370665930632, 175.1118646102368, -193.03717177971112]","[-6107.862675422257, 960.275892771385, -39.64504236857465, 75.75530471328693]"
687,Robot,"[-6052.934693841356, 913.3968870416072, 0, 0]","[-5996.306453521538, 824.7587498105262, 226.51296127927344, -354.5525489243241]","[-5944.346956434215, 731.8739892257834, 207.83798834929257, -371.5390423389713]","[-5879.095908457491, 709.0125112025996, 261.0041919068972, -91.44591209273494]","[-5814.381714501255, 695.1465520737587, 258.856775824941, -55.46383651536371]","[-5748.072954653349, 695.7664173293789, 265.235039391624, 2.479461022480791]","[-5678.732255215908, 707.3223049966266, 277.3627977497672, 46.22355066899081]","[-5608.23139541444, 726.4236473554122, 282.00343920586965, 76.40536943514235]","[-5537.073784650794, 751.0211828269635, 284.6304430545863, 98.39014188620521]","[-5465.383574011425, 779.4830488339713, 286.7608425574763, 113.84746402803148]","[-5392.79595192504, 810.3365069182868, 290.3504883455389, 123.41383233726174]","[-5319.105196458641, 842.1083361815677, 294.76302186559406, 127.08731705312357]","[-5243.329100521094, 873.253718099901, 303.1043837501893, 124.58152767333331]","[-5164.956974876301, 903.5993943113816, 313.48850257917366, 121.38270484592249]","[-5082.43533589329, 932.6733836371656, 330.08655593204094, 116.29595730313576]","[-4995.8321418186, 960.4965130042764, 346.41277629876276, 111.2925174684433]"
688,Robot,"[-4902.550148092235, 985.3748922413848, 0, 0]","[-4798.97819360359, 1007.5268809023722, 414.28781795458053, 88.6079546439496]","[-4689.465384625051, 1026.4212410519522, 438.05123591415395, 75.57744059831975]","[-4565.506038722567, 1013.51800907241, 495.8373836099381, -51.61292791816868]","[-4444.697650980423, 981.4192143650324, 483.2335509685763, -128.39517882951031]","[-4323.89077159837, 949.3147303484642, 483.22751752821205, -128.4179360662729]","[-4203.083892216317, 917.210246331896, 483.22751752821205, -128.4179360662729]","[-4082.277012834264, 885.1057623153275, 483.2275175282102, -128.4179360662738]","[-3961.4701334522106, 853.0012782987592, 483.2275175282143, -128.41793606627346]","[-3840.6632540701576, 820.8967942821909, 483.22751752821205, -128.41793606627334]","[-3719.856374688105, 788.7923102656225, 483.2275175282102, -128.41793606627334]","[-3599.0494953060515, 756.6878262490542, 483.22751752821387, -128.41793606627334]","[-3478.2426159239985, 724.5833422324858, 483.22751752821205, -128.41793606627334]","[-3357.435736541945, 692.4788582159175, 483.22751752821387, -128.41793606627334]","[-3236.6288571598925, 660.3743741993492, 483.2275175282102, -128.41793606627334]","[-3115.8219777778395, 628.2698901827808, 483.22751752821205, -128.41793606627334]"
689,Robot,"[-2995.0150983957865, 596.1654061662125, 0, 0]","[-2874.208219013733, 564.0609221496442, 483.22751752821387, -128.41793606627334]","[-2753.4013396316805, 531.9564381330758, 483.2275175282102, -128.41793606627334]","[-2632.5944602496274, 499.8519541165069, 483.22751752821205, -128.41793606627584]","[-2511.7875808675744, 467.7474700999372, 483.22751752821205, -128.4179360662788]","[-2390.9807014855214, 435.6429860833674, 483.22751752821205, -128.41793606627903]","[-2272.42697809672, 400.247477129714, 474.214893555205, -141.58203581461362]","[-2176.785703246873, 353.3208499537046, 382.5650993993895, -187.70650870403756]","[-2078.3913969750743, 352.0680751630324, 393.5772250871945, -5.0110991626888834]","[-2026.8430634035471, 416.1213779300603, 206.19333428610844, 256.2132110681116]","[-1975.222783349944, 472.75055660917184, 206.48112021441284, 226.51671471644613]","[-1867.3522780463643, 444.56324211037895, 431.4820212143186, -112.74925799517155]","[-1754.7831805531357, 409.4888899063757, 450.27638997291433, -140.2974088160131]","[-1710.4513461855204, 469.0260377240511, 177.32733747046132, 238.14859127070167]","[-1689.3093957072167, 552.1054932580113, 84.56780191321468, 332.31782213584074]","[-1636.5724739230425, 582.2301055624938, 210.9476871366969, 120.4984492179301]"
690,Robot,"[-1553.642757417037, 565.8070832889968, 0, 0]","[-1444.149033789832, 506.16732867736914, 437.9748945088204, -238.55901844651044]","[-1334.5922760050446, 445.98164247470834, 438.2270311391494, -240.74274481064322]","[-1225.0355182202572, 385.79595627204753, 438.2270311391494, -240.74274481064322]","[-1115.47876043547, 325.6102700693868, 438.2270311391494, -240.742744810643]","[-1005.922002650682, 265.4245838667273, 438.2270311391517, -240.742744810638]","[-896.3652448658918, 205.2388976640671, 438.2270311391608, -240.74274481064072]","[-786.8084870811016, 145.05321146140702, 438.2270311391608, -240.74274481064037]","[-677.2517292963114, 84.86752525874667, 438.22703113916117, -240.74274481064163]","[-567.6949715115222, 24.681839056086147, 438.2270311391567, -240.74274481064208]","[-443.573177177632, 39.473058455969365, 496.487177335561, 59.16487759953287]","[-319.45138284374246, 54.26427785585254, 496.48717733555804, 59.1648775995327]","[-195.32958850985253, 69.05549725573567, 496.48717733555975, 59.16487759953253]","[-71.20779417596225, 83.84671665561878, 496.4871773355611, 59.16487759953242]","[52.91400015792787, 98.63793605550188, 496.4871773355605, 59.16487759953242]","[177.03579449181814, 113.429155455385, 496.48717733556106, 59.164877599532474]"
691,Robot,"[301.15758882570816, 128.2203748552681, 0, 0]","[425.2793831595977, 143.01159425515155, 496.4871773355583, 59.16487759953384]","[549.4011774934877, 157.802813655035, 496.48717733555986, 59.16487759953384]","[673.5229718273787, 172.59403305491847, 496.48717733556396, 59.16487759953384]","[797.6447661612697, 187.38525245480196, 496.48717733556396, 59.16487759953395]","[921.7665604951608, 202.1764718546854, 496.4871773355644, 59.164877599533725]","[1045.8883548290512, 216.96769125456885, 496.4871773355617, 59.16487759953384]","[1170.0101491629391, 231.7589106544523, 496.4871773355517, 59.16487759953384]","[1294.1319434968275, 246.55013005433537, 496.48717733555395, 59.164877599532296]","[1418.2537378307156, 261.34134945421846, 496.4871773355526, 59.16487759953236]","[1542.3755321646038, 276.1325688541019, 496.4871773355526, 59.16487759953384]","[1666.497326498492, 290.9237882539854, 496.4871773355526, 59.16487759953384]","[1790.61912083238, 305.71500765386884, 496.4871773355526, 59.16487759953384]","[1914.740915166268, 320.5062270537523, 496.4871773355517, 59.16487759953384]","[2038.8627095001564, 335.29744645363576, 496.4871773355535, 59.16487759953384]","[2162.98450383405, 350.0886658535192, 496.4871773355744, 59.16487759953384]"
692,Robot,"[2287.106298167944, 364.8798852534027, 0, 0]","[2411.2280925018376, 379.6711046532861, 496.4871773355753, 59.16487759953361]","[2535.3498868357315, 394.4623240531696, 496.4871773355753, 59.164877599534066]","[2659.4716811696253, 409.25354345305306, 496.4871773355753, 59.16487759953384]","[2783.593475503519, 424.0447628529365, 496.4871773355753, 59.16487759953384]","[2907.715269837413, 438.83598225282, 496.4871773355753, 59.16487759953384]","[3031.837064171307, 453.6272016527034, 496.4871773355753, 59.16487759953361]","[3155.9588585052006, 468.4184210525869, 496.4871773355753, 59.164877599534066]","[3280.0806528390945, 483.2096404524704, 496.4871773355758, 59.164877599534115]","[3404.2024471729883, 498.0008598523538, 496.4871773355753, 59.16487759953361]","[3528.324241506882, 512.7920792522372, 496.4871773355753, 59.16487759953338]","[3652.446035840776, 527.5832986521192, 496.4871773355753, 59.164877599528154]","[3776.56783017467, 542.3745180520012, 496.4871773355753, 59.164877599528154]","[3900.689624508564, 557.1657374518833, 496.48717733557714, 59.164877599528154]","[4024.8114188424574, 571.9569568517669, 496.4871773355735, 59.16487759953452]","[4148.933213176347, 586.7481762516503, 496.48717733555713, 59.16487759953361]"
693,Robot,"[-6515.9326, 2524.31139, 0, 0]","[-6535.525781240192, 2401.5566047102698, -78.37272496076912, -491.0191411589203]","[-6574.251003832236, 2282.735564675781, -154.90089036817517, -475.28416013795504]","[-6624.626562837709, 2168.375945649315, -201.50223602188998, -457.43847610586454]","[-6572.76070803035, 2102.7567963736665, 207.4634192294361, -262.4765971025936]","[-6487.675900187488, 2066.820845752225, 340.33923137144666, -143.74380248576563]","[-6481.964940870554, 1958.6481322224329, 22.8438372677374, -432.69085411916876]","[-6482.039357455574, 1898.6494182988213, -0.2976663400804682, -239.99485569444641]","[-6482.039357455574, 1898.6494182988213, 0.0, 0.0]","[-6564.442495957224, 1805.4338253088515, -329.6125540066023, -372.86237195987906]","[-6644.6595418275465, 1743.270471590414, -320.8681834812887, -248.65341487375008]","[-6525.347102944521, 1780.5470316219205, 477.2497555321024, 149.10624012602602]","[-6406.034664061495, 1817.8235916534263, 477.2497555321024, 149.1062401260233]","[-6286.72222517847, 1855.1001516849328, 477.2497555321024, 149.10624012602602]","[-6167.409786295444, 1892.376711716439, 477.2497555321024, 149.1062401260251]","[-6048.0973474124185, 1929.6532717479452, 477.2497555321024, 149.1062401260242]"
694,Robot,"[-5928.784908529393, 1966.929831779452, 0, 0]","[-5809.472469646367, 2004.206391810958, 477.2497555321024, 149.1062401260242]","[-5690.160030763342, 2041.482951842464, 477.2497555321024, 149.1062401260242]","[-5570.847591880316, 2078.759511873966, 477.2497555321024, 149.10624012600783]","[-5451.53515299729, 2116.0360719054665, 477.2497555321024, 149.10624012600238]","[-5332.222714114265, 2153.312631936967, 477.2497555321024, 149.10624012600238]","[-5217.68277278656, 2189.098129567208, 458.15976531081833, 143.1419905209641]","[-5098.370333903535, 2226.3746895987083, 477.2497555321024, 149.10624012600056]","[-4979.057895020509, 2263.651249630209, 477.2497555321028, 149.10624012600252]","[-4859.745456137483, 2300.927809661709, 477.2497555321024, 149.10624012600056]","[-4740.433017254458, 2338.20436969321, 477.2497555321024, 149.1062401260042]","[-4621.120578371432, 2375.4809297247107, 477.2497555321024, 149.10624012600238]","[-4501.808139488407, 2412.7574897562117, 477.2497555321024, 149.1062401260042]","[-4382.495700605381, 2450.034049787712, 477.2497555321024, 149.10624012600056]","[-4263.183261722355, 2487.3106098192125, 477.2497555321024, 149.10624012600238]","[-4143.727681942738, 2522.992001132176, 477.82231911846975, 142.72556525185428]"
695,Robot,"[-4024.5113078591257, 2560.5746587066037, 0, 0]","[-3931.7206984507616, 2595.8794093878414, 371.16243763345665, 141.21900272495077]","[-3814.576014736972, 2628.706105384509, 468.5787348551585, 131.30678398667078]","[-3697.266346040744, 2656.82024846728, 469.2386747849123, 112.45657233108432]","[-3601.5808160393303, 2735.462509788441, 382.7421200056542, 314.5690452846429]","[-3483.5776909928218, 2770.2769447561577, 472.01250018603423, 139.25773987086723]","[-3360.400720616561, 2749.1563621797955, 492.7078815050427, -84.48233030544907]","[-3236.677213621809, 2734.9115144458065, 494.89402797900766, -56.97939093595596]","[-3151.4400992908063, 2779.0687678440227, 340.9484573240118, 176.62901359286496]","[-3120.096259539686, 2811.822956841007, 125.37535900448165, 131.01675598793736]","[-3036.376178458293, 2851.5685304196986, 334.88032432557156, 158.98229431476648]","[-2932.805903144456, 2854.435230414, 414.2811012553484, 11.466799977206392]","[-2814.2851672044803, 2830.1667985602376, 474.08294375990226, -97.0737274150506]","[-2692.81369941856, 2800.6764185367, 485.88587114368056, -117.96152009414982]","[-2571.342231632639, 2771.1860385131627, 485.8858711436842, -117.96152009414982]","[-2449.8707638467185, 2741.695658489625, 485.8858711436824, -117.96152009414982]"
696,Robot,"[-2328.399296060798, 2712.205278466088, 0, 0]","[-2206.9278282748774, 2682.7148984425503, 485.8858711436824, -117.96152009415164]","[-2085.4563604889568, 2653.224518419013, 485.8858711436824, -117.96152009414982]","[-1963.984892703032, 2623.7341383954754, 485.88587114369875, -117.96152009414982]","[-1842.5134249171056, 2594.243758371938, 485.885871143706, -117.96152009414982]","[-1721.0419571311795, 2564.7533783484005, 485.8858711437042, -117.96152009414982]","[-1599.5704893452532, 2535.262998324863, 485.8858711437051, -117.96152009414982]","[-1478.099021559327, 2505.7726183013256, 485.8858711437051, -117.96152009414982]","[-1356.627553773401, 2476.282238277788, 485.88587114370466, -117.96152009414992]","[-1235.1560859874744, 2446.7918582542507, 485.885871143706, -117.96152009414982]","[-1113.684618201548, 2417.301478230713, 485.885871143706, -117.96152009414982]","[-992.2131504156218, 2387.811098207176, 485.8858711437042, -117.961520094148]","[-870.7416826296956, 2358.3207181836383, 485.8858711437051, -117.96152009415164]","[-749.2702148437693, 2328.830338160098, 485.8858711437051, -117.96152009416073]","[-627.798747057843, 2299.3399581365547, 485.8858711437051, -117.96152009417347]","[-506.3272792719168, 2269.8495781130114, 485.8858711437049, -117.96152009417347]"
697,Robot,"[-384.855811485992, 2240.359198089468, 0, 0]","[-263.3843437000671, 2210.868818065925, 485.88587114369943, -117.96152009417165]","[-138.5981884188567, 2203.560230641964, 499.1446211248417, -29.234349695843775]","[-13.81203313764628, 2196.251643218003, 499.14462112484165, -29.234349695843775]","[110.97412214356416, 2188.9430557940423, 499.14462112484176, -29.234349695843775]","[235.76027742477456, 2181.6344683700813, 499.1446211248416, -29.234349695843775]","[360.5464327059856, 2174.3258809461204, 499.1446211248441, -29.234349695843775]","[485.3325879871967, 2167.0172935221594, 499.14462112484443, -29.234349695843775]","[610.1187432684078, 2159.7087060981985, 499.1446211248449, -29.2343496958438]","[734.9048985496189, 2152.400118674237, 499.14462112484443, -29.234349695845594]","[859.69105383083, 2145.0915312502766, 499.14462112484443, -29.234349695841956]","[984.4772091120412, 2137.782943826316, 499.1446211248449, -29.234349695841956]","[1109.2633643932502, 2130.4743564023547, 499.1446211248358, -29.234349695845594]","[1234.0495196744585, 2123.1657689783938, 499.14462112483307, -29.234349695843775]","[1358.8356749556667, 2115.857181554433, 499.14462112483307, -29.234349695843775]","[1478.7159400052635, 2107.7457415881763, 479.5210601983872, -32.44575986502605]"
698,Robot,"[1582.3544075127606, 2071.806422141186, 0, 0]","[1682.5372996722024, 2002.851163097396, 400.73156863776694, -275.82103617515986]","[1764.227149355874, 1908.2607028772732, 326.75939873468633, -378.3618408804914]","[1846.7902776530389, 1816.7291470552727, 330.2525131886596, -366.1262232880017]","[1954.9351215032875, 1754.3801318568744, 432.57937540099465, -249.39606079359328]","[2060.0380030538254, 1697.6564263571313, 420.41152620215144, -226.89482199897247]","[2126.7659950716725, 1592.4734462626643, 266.9119680713884, -420.73192037786794]","[2159.96379536368, 1473.432046849705, 132.79120116803097, -476.16559765183683]","[2166.762750187868, 1374.9273664621476, 27.19581929675044, -394.01872155023045]","[2166.762750187868, 1374.9273664621476, 0.0, 0.0]","[2166.762750187868, 1374.9273664621476, 0.0, 0.0]","[2166.762750187868, 1374.9273664621476, 0.0, 0.0]","[2259.536969273219, 1395.371051871195, 371.0968763414039, 81.7747416361899]","[2381.6083101749964, 1422.2706379357312, 488.2853636071104, 107.5983442581446]","[2503.679651076774, 1449.1702240002674, 488.2853636071104, 107.5983442581446]","[2625.750991978552, 1476.0698100648035, 488.28536360711223, 107.5983442581446]"
699,Robot,"[2747.822332880324, 1502.9693961293397, 0, 0]","[2869.893673782096, 1529.8689821938758, 488.28536360708677, 107.5983442581446]","[2991.9650146838685, 1556.768568258412, 488.2853636070904, 107.5983442581446]","[3114.0363555856406, 1583.668154322948, 488.2853636070886, 107.5983442581446]","[3236.107696487413, 1610.5677403874845, 488.2853636070886, 107.59834425814552]","[3358.1790373891854, 1637.4673264520204, 488.2853636070904, 107.5983442581437]","[3480.250378290957, 1664.3669125165566, 488.28536360708677, 107.5983442581446]","[3602.3217191927297, 1691.2664985810927, 488.2853636070904, 107.5983442581446]","[3724.393060094502, 1718.1660846456289, 488.28536360708904, 107.5983442581447]","[3846.464400996274, 1745.065670710165, 488.2853636070886, 107.5983442581446]","[3968.535741898047, 1771.9652567747012, 488.2853636070922, 107.5983442581446]","[4090.6070827998183, 1798.864842839237, 488.28536360708495, 107.5983442581437]","[4212.678423701585, 1825.7644289037733, 488.2853636070686, 107.5983442581446]","[4334.749764603352, 1852.6640149683096, 488.28536360706494, 107.59834425814552]","[4458.387957196678, 1870.2896230804968, 494.552770373306, 70.50243244874855]","[4582.520945061024, 1884.9866065761537, 496.5319514573821, 58.78793398262769]"
700,Robot,"[4706.653932925369, 1899.6835900718104, 0, 0]","[4830.786920789715, 1914.3805735674664, 496.5319514573821, 58.787933982624054]","[4954.91990865406, 1929.077557063123, 496.5319514573821, 58.78793398262678]","[5079.052896518406, 1943.77454055878, 496.5319514573821, 58.78793398262769]","[5203.185884382751, 1958.471524054436, 496.5319514573821, 58.787933982624054]","[5327.318872247097, 1973.1685075500925, 496.5319514573821, 58.78793398262587]","[5451.451860111442, 1987.865491045749, 496.5319514573821, 58.78793398262587]","[5575.584847975788, 2002.5624745414052, 496.5319514573821, 58.78793398262496]","[5699.717835840133, 2017.259458037062, 496.53195145738255, 58.78793398262683]","[5823.850823704479, 2031.9564415327184, 496.5319514573821, 58.78793398262587]","[5947.983811568824, 2046.6534250283748, 496.5319514573821, 58.78793398262587]","[6072.11679943317, 2061.350408524036, 496.5319514573821, 58.78793398264497]","[6196.249787297516, 2076.047392019693, 496.53195145738573, 58.78793398262678]","[6320.382775161861, 2090.74437551535, 496.53195145737845, 58.7879339826286]","[6444.515763026207, 2105.441359011007, 496.53195145738573, 58.7879339826286]","[6568.648750890552, 2120.138342506664, 496.53195145737845, 58.78793398262678]"
701,Robot,"[6692.781738754898, 2134.835326002321, 0, 0]","[6816.914726619243, 2149.532309497978, 496.5319514573821, 58.7879339826286]","[6941.047714483589, 2164.229292993635, 496.5319514573821, 58.7879339826286]","[7065.180702347934, 2178.9262764892924, 496.5319514573821, 58.7879339826286]","[7189.31369021228, 2193.623259984949, 496.5319514573821, 58.78793398262678]","[7313.446678076625, 2208.3202434806067, 496.5319514573821, 58.78793398263042]","[7437.579665940971, 2223.017226976264, 496.5319514573821, 58.7879339826286]","[7561.712653805316, 2237.714210471921, 496.5319514573821, 58.7879339826286]","[7685.845641669662, 2252.411193967578, 496.53195145738255, 58.78793398262865]","[7809.978629534007, 2267.1081774632357, 496.5319514573821, 58.78793398263042]","[7934.111617398353, 2281.805160958892, 496.5319514573821, 58.78793398262496]","[8058.244605262698, 2296.502144454549, 496.5319514573821, 58.7879339826286]","[8182.377593127044, 2311.1991279502063, 496.5319514573821, 58.7879339826286]","[8306.510580991368, 2325.896111445861, 496.5319514572948, 58.787933982619506]","[8430.64356885569, 2340.593094941516, 496.53195145729114, 58.787933982619506]","[8554.776556720013, 2355.29007843717, 496.53195145729114, 58.78793398261587]"
702,Robot,"[8678.909544584336, 2369.9870619328244, 0, 0]","[8643.78036173829, 2369.87083478288, -140.51673138418118, -0.46490859977711807]","[8519.066207867663, 2361.422176644781, -498.85661548250937, -33.79463255239716]","[8394.352053997036, 2352.973518506682, -498.85661548250937, -33.79463255239534]","[8274.87770930426, 2323.7542310045164, -477.8973787711002, -116.87715000866228]","[8161.079824554165, 2272.033428357945, -455.1915390003851, -206.8832105862857]","[8047.2819398040865, 2220.3126257113745, -455.19153900031233, -206.88321058628208]","[7933.484055054007, 2168.5918230648035, -455.1915390003196, -206.8832105862839]","[7819.686170303928, 2116.8710204182325, -455.19153900031637, -206.88321058628406]","[7705.8882855538495, 2065.1502177716616, -455.19153900031233, -206.8832105862839]","[7592.09040080377, 2013.4294151250904, -455.1915390003196, -206.8832105862848]","[7478.2925160536915, 1961.70861247852, -455.19153900031233, -206.88321058628117]","[7364.494631303613, 1909.9878098319489, -455.19153900031597, -206.8832105862848]","[7250.696746553534, 1858.2670071853777, -455.19153900031597, -206.8832105862848]","[7136.898861803455, 1806.5462045388067, -455.19153900031597, -206.8832105862839]","[7023.100977053376, 1754.8254018922355, -455.19153900031597, -206.8832105862848]"
703,Robot,"[6909.303092303297, 1703.1045992456648, 0, 0]","[6795.505207553218, 1651.3837965990938, -455.19153900031597, -206.8832105862839]","[6681.707322803139, 1599.6629939525228, -455.19153900031597, -206.8832105862839]","[6567.90943805306, 1547.9421913059518, -455.19153900031597, -206.8832105862839]","[6454.111553302981, 1496.2213886593809, -455.19153900031597, -206.8832105862839]","[6340.313668552902, 1444.50058601281, -455.19153900031597, -206.8832105862839]","[6226.515783802823, 1392.779783366239, -455.19153900031597, -206.8832105862839]","[6112.717899052744, 1341.058980719668, -455.19153900031597, -206.8832105862839]","[5998.920014302665, 1289.338178073097, -455.19153900031637, -206.88321058628406]","[5885.122129552586, 1237.617375426526, -455.19153900031597, -206.8832105862839]","[5771.324244802507, 1185.896572779955, -455.19153900031597, -206.8832105862839]","[5657.526360052428, 1134.175770133384, -455.19153900031597, -206.8832105862839]","[5543.728475302349, 1082.454967486813, -455.19153900031597, -206.8832105862839]","[5430.325199744571, 1031.1820996118097, -453.6131022311092, -205.09147150001354]","[5318.563240993067, 981.411913022908, -447.04783500601843, -199.0807463556066]","[5208.175247487345, 932.3111119389844, -441.5519740228883, -196.40320433569468]"
704,Robot,"[5098.558159013512, 883.1423790015292, 0, 0]","[4989.080713612926, 833.8404102986711, -437.90978160234226, -197.20787481143225]","[4881.860830359531, 781.6903648296966, -428.87953301357993, -208.60018187589822]","[4772.212717971897, 732.5248531249844, -438.5924495505351, -196.66204681884892]","[4666.18697951396, 681.2784758662914, -424.1029538317489, -204.9855090347719]","[4589.17655768403, 663.3962708765068, -308.04168731972095, -71.52881995913822]","[4579.518011399319, 600.788412026194, -38.63418513884244, -250.4314354012513]","[4490.052899444644, 626.354542584317, -357.8604478187008, 102.2645222324918]","[4373.74092509206, 669.186874634395, -465.2478974103364, 171.32932820031252]","[4259.624595230115, 693.7585631516956, -456.4653194477796, 98.28675406920229]","[4153.512440968858, 746.1105654897549, -424.4486170450291, 209.40800935223706]","[4064.897938876928, 834.0995674975404, -354.45800836771923, 351.9560080311421]","[3981.439946848885, 907.750235362182, -333.83196811217204, 294.6026714585664]","[3906.2022974343154, 959.3373808404984, -300.95059765827864, 206.34858191326566]","[3834.7579675238862, 958.0097311690978, -285.77731964171653, -5.310598685602599]","[3780.575832628813, 861.9312793851266, -216.72853958029373, -384.3138071358849]"
705,Robot,"[3724.8751405736434, 769.1499821499276, 0, 0]","[3667.621255801576, 678.0533115938317, -229.0155390882701, -364.38668222438355]","[3609.9837349914737, 587.5475191385021, -230.55008324040864, -362.02316982131833]","[3555.5422966309043, 498.57658326866186, -217.76575344227786, -355.8837434793611]","[3503.220746919206, 414.0294584893769, -209.28619884679392, -338.1884991171398]","[3383.0582461405384, 379.5914938773708, -480.65000311466974, -137.75185844802445]","[3262.895745361871, 345.15352926536474, -480.65000311466974, -137.75185844802422]","[3142.7332445832035, 310.7155646533587, -480.65000311466974, -137.75185844802422]","[3022.570743804536, 276.2776000413526, -480.6500031146702, -137.75185844802434]","[2902.4082430258686, 241.83963542934657, -480.65000311466974, -137.75185844802422]","[2782.245742247201, 207.4016708173405, -480.65000311466974, -137.75185844802434]","[2662.0832414685337, 172.96370620533446, -480.65000311466974, -137.7518584480241]","[2542.170403626801, 139.22582664264812, -479.6513513669306, -134.95151825074538]","[2422.011994768229, 104.77358751982094, -480.6336354342875, -137.80895649130872]","[2301.8535859096573, 70.32134839699387, -480.6336354342875, -137.80895649130827]","[2181.695177051085, 35.869109274166654, -480.6336354342893, -137.80895649130886]"
706,Robot,"[2061.5367681925136, 1.4168701513394106, 0, 0]","[1941.3783593339415, -33.03536897148783, -480.6336354342884, -137.80895649130895]","[1821.2199504753696, -67.48760809431505, -480.6336354342875, -137.8089564913089]","[1701.061541616798, -101.9398472171424, -480.6336354342866, -137.8089564913094]","[1580.903132758226, -136.3920863399698, -480.6336354342875, -137.80895649130963]","[1460.7447238996542, -170.84432546279723, -480.6336354342875, -137.8089564913097]","[1340.5863150410823, -205.29656458562465, -480.6336354342875, -137.8089564913097]","[1220.4279061825105, -239.74880370845207, -480.6336354342875, -137.8089564913097]","[1100.2694973239386, -274.2010428312791, -480.63363543428795, -137.8089564913082]","[980.1110884653668, -308.6532819541058, -480.63363543428704, -137.80895649130684]","[859.9526796067948, -343.1055210769325, -480.63363543428795, -137.80895649130684]","[739.794270748223, -377.5577601997592, -480.6336354342875, -137.80895649130662]","[619.6358618896511, -412.00999932258594, -480.6336354342875, -137.80895649130707]","[499.4774530310794, -446.4622384454128, -480.6336354342868, -137.80895649130753]","[379.31904417250894, -480.9144775682401, -480.6336354342818, -137.80895649130912]","[259.1606353139385, -515.3667166910674, -480.6336354342818, -137.80895649130912]"
707,Robot,"[139.00222645536732, -549.8189558138955, 0, 0]","[18.843817596796228, -584.2711949367236, -480.6336354342844, -137.80895649131253]","[-101.31459126177484, -618.7234340595518, -480.63363543428426, -137.80895649131253]","[-221.473000120346, -653.1756731823799, -480.63363543428466, -137.80895649131253]","[-341.6314089789167, -687.627912305208, -480.6336354342827, -137.80895649131253]","[-457.7896921628342, -731.0637120969363, -464.6331327356702, -173.7431991669132]","[-571.3013844605274, -767.0590905694967, -454.0467691907727, -143.98151389024133]","[-695.3219618944453, -757.5228261310041, -496.0823097356715, 38.14505775397038]","[-812.1574353131637, -770.2342824969435, -467.3418936748739, -50.845825463757635]","[-929.0497168501344, -813.8016400931388, -467.5691261478828, -174.26943038478112]","[-1035.4119947465847, -879.4204920444325, -425.44911158580135, -262.4754078051751]","[-1143.7197538075256, -941.644425095705, -433.2310362437638, -248.89573220508964]","[-1249.4753048615316, -1006.371781757486, -423.02220421602397, -258.9094266471243]","[-1307.670472463173, -1113.8786265818649, -232.78067040656515, -430.0273792975154]","[-1346.9484845050492, -1203.2766148260052, -157.11204816750524, -357.5919529765615]","[-1471.7290972949916, -1210.6792273220024, -499.1224511597693, -29.610449983988474]"
708,Robot,"[-1596.509710084934, -1218.0818398180006, 0, 0]","[-1721.2903228748762, -1225.4844523140005, -499.1224511597684, -29.610449983999388]","[-1846.0709356648183, -1232.8870648100003, -499.1224511597684, -29.610449983999388]","[-1970.8515484547609, -1240.2896773060002, -499.1224511597702, -29.610449983999388]","[-2094.8203143499045, -1253.9369393421575, -495.87506358057453, -54.58904814462949]","[-2217.3457968765165, -1278.6858005608176, -490.101930106448, -98.99544487464027]","[-2339.8712794031285, -1303.4346617794777, -490.101930106448, -98.99544487464027]","[-2462.3967619297405, -1328.1835229981375, -490.101930106448, -98.99544487463936]","[-2584.810774079124, -1352.959353378565, -489.65604859753375, -99.1033215217104]","[-2706.4022365789733, -1378.222731143644, -486.36584999939805, -101.05351106031594]","[-2828.933855755989, -1402.941191893849, -490.1264767080629, -98.87384300081976]","[-2951.4654749330057, -1427.659652644054, -490.12647670806655, -98.87384300081976]","[-3073.997094110022, -1452.378113394259, -490.12647670806473, -98.87384300081976]","[-3196.528713287038, -1477.0965741444638, -490.12647670806473, -98.87384300081976]","[-3319.060332464054, -1501.8150348946688, -490.12647670806473, -98.87384300081976]","[-3441.5919516410704, -1526.5334956448737, -490.12647670806473, -98.87384300081976]"
709,Robot,"[-3564.1235708180866, -1551.2519563950789, 0, 0]","[-3686.655189995103, -1575.9704171452836, -490.12647670806473, -98.87384300081885]","[-3809.186809172119, -1600.6888778954883, -490.12647670806473, -98.87384300081885]","[-3931.718428349135, -1625.4073386456937, -490.12647670806473, -98.87384300082158]","[-4054.2500475261513, -1650.1257993958984, -490.12647670806473, -98.87384300081885]","[-4176.781666703168, -1674.8442601461034, -490.12647670806837, -98.87384300081976]","[-4299.313285880184, -1699.5627208963083, -490.1264767080611, -98.87384300081976]","[-4421.8449050572, -1724.2811816465132, -490.12647670806473, -98.87384300081976]","[-4544.376524234216, -1748.9996423967182, -490.1264767080652, -98.87384300081985]","[-4666.908143411232, -1773.718103146923, -490.12647670806473, -98.87384300081976]","[-4789.439762588248, -1798.436563897128, -490.12647670806473, -98.87384300081976]","[-4912.50517338486, -1820.121062804634, -492.26164318644805, -86.73799563002376]","[-5034.339135210988, -1801.3226237674517, -487.33584730451184, 75.19375614872934]","[-5151.596993493483, -1758.4397211259188, -469.0314331299778, 171.53161056613135]","[-5261.817177353558, -1714.2871732325966, -440.88073544029976, 176.61019157328883]","[-5356.796157167039, -1669.9809211707009, -379.9159192539264, 177.225008247583]"
710,Robot,"[-5430.783511044177, -1625.4633518464957, 0, 0]","[-5483.796286873783, -1580.7346368766723, -212.05110331842297, 178.91485987929354]","[-5496.971227277117, -1535.6048847340362, -52.699761613333976, 180.51900857054443]","[-5446.021095478677, -1509.0164384376408, 203.80052719375817, 106.35378518558173]","[-5490.229114452572, -1624.2481218975656, -176.83207589557787, -460.9267338396994]","[-5566.478395319385, -1707.5322239143595, -304.9971234672521, -333.1364080671756]","[-5676.543565072963, -1745.7341740613126, -440.2606790143145, -152.80780058781238]","[-5719.6380946155705, -1798.5167656628516, -172.37811817042893, -211.1303664061561]","[-5668.785416413335, -1899.8213690798048, 203.41071280894192, -405.2184136678128]","[-5574.629621625868, -1981.528415321484, 376.6231791498685, -326.82818496671734]","[-5468.14750347693, -2046.8122991688813, 425.9284725957514, -261.13553538958877]","[-5360.7769170560005, -2098.675998604934, 429.48234568371845, -207.45479774421165]","[-5360.7769170560005, -2098.675998604934, 0.0, 0.0]","[-5363.044422331428, -2178.4104803503164, -9.070021101710154, -318.937926981529]","[-5425.974768386969, -2272.754419424252, -251.7213842221645, -377.37575629574167]","[-5550.966453485977, -2271.312664898682, -499.9667403960302, 5.767018102278598]"
711,Robot,"[-5675.958138584984, -2269.870910373113, 0, 0]","[-5800.949823683992, -2268.429155847543, -499.9667403960302, 5.767018102280417]","[-5925.941508782999, -2266.9874013219733, -499.9667403960302, 5.767018102278598]","[-6050.933193882007, -2265.545646796404, -499.9667403960302, 5.767018102276779]","[-6175.924878981014, -2264.10389227084, -499.9667403960302, 5.76701810225677]","[-6300.916564080022, -2262.662137745276, -499.9667403960302, 5.767018102254951]","[-6425.90824917903, -2261.2203832197115, -499.9667403960302, 5.767018102258589]","[-6550.899934278037, -2259.778628694148, -499.9667403960302, 5.767018102253132]","[-6675.891619377045, -2258.336874168584, -499.9667403960307, 5.767018102256776]","[-6800.883304476052, -2256.89511964302, -499.9667403960302, 5.76701810225677]","[-6738.904876221846, -2270.133587212031, 247.91371301682375, -52.95387027604556]","[-6615.036303733069, -2286.9138360061884, 495.47428995510927, -67.12099517662864]","[-6491.167731244292, -2303.694084800345, 495.47428995510927, -67.12099517662682]","[-6367.299158755514, -2320.4743335945027, 495.47428995510927, -67.12099517663046]","[-6243.430586266737, -2337.25458238866, 495.47428995510927, -67.12099517662864]","[-6119.56201377796, -2354.034831182817, 495.47428995510927, -67.12099517662864]"
712,Robot,"[-5995.693441289182, -2370.815079976974, 0, 0]","[-5871.824868800405, -2387.595328771132, 495.47428995510927, -67.12099517663046]","[-5747.956296311628, -2404.3755775652885, 495.47428995510927, -67.12099517662682]","[-5624.08772382285, -2421.1558263594475, 495.47428995510927, -67.12099517663592]","[-5502.478982703178, -2396.6061531821983, 486.4349644786889, 98.19869270899653]","[-5381.178400406566, -2366.420581554302, 485.2023291864498, 120.74228651158592]","[-5259.877818109953, -2336.2350099264054, 485.2023291864498, 120.74228651158592]","[-5138.577235813341, -2306.049438298509, 485.2023291864498, 120.74228651158592]","[-5017.276653516728, -2275.8638666706124, 485.20232918645024, 120.74228651158603]","[-4895.976071220116, -2245.678295042716, 485.2023291864498, 120.74228651158592]","[-4774.675488923504, -2215.4927234148195, 485.20232918644615, 120.74228651158592]","[-4653.374906626891, -2185.307151786923, 485.2023291864534, 120.74228651158592]","[-4532.074324330279, -2155.1215801590265, 485.2023291864498, 120.74228651158592]","[-4410.773742033666, -2124.93600853113, 485.2023291864498, 120.74228651158592]","[-4289.473159737054, -2094.750436903233, 485.2023291864498, 120.74228651158774]","[-4168.172577440441, -2064.564865275337, 485.2023291864498, 120.7422865115841]"
713,Robot,"[-4046.871995143829, -2034.3792936474408, 0, 0]","[-3925.571412847216, -2004.193722019544, 485.2023291864516, 120.74228651158683]","[-3804.270830550604, -1974.008150391648, 485.20232918644797, 120.7422865115841]","[-3682.970248253992, -1943.8225787637512, 485.20232918644797, 120.74228651158774]","[-3561.669665957379, -1913.637007135855, 485.2023291864516, 120.74228651158501]","[-3440.3690836607666, -1883.4514355079584, 485.2023291864498, 120.74228651158592]","[-3319.068501364154, -1853.2658638800624, 485.2023291864498, 120.7422865115841]","[-3197.7679190675417, -1823.0802922521689, 485.2023291864498, 120.7422865115741]","[-3076.4673367709293, -1792.8947206242754, 485.20232918645024, 120.7422865115742]","[-2955.166754474317, -1762.7091489963818, 485.2023291864498, 120.7422865115741]","[-2833.8661721777044, -1732.5235773684883, 485.2023291864498, 120.7422865115741]","[-2712.565589881092, -1702.3380057405948, 485.2023291864498, 120.7422865115741]","[-2591.2650075844795, -1672.152434112701, 485.2023291864498, 120.742286511575]","[-2469.964425287867, -1641.9668624848075, 485.2023291864498, 120.7422865115741]","[-2348.6638429912546, -1611.781290856914, 485.2023291864498, 120.7422865115741]","[-2227.363260694642, -1581.5957192290205, 485.2023291864498, 120.7422865115741]"
714,Robot,"[-2106.0626783980297, -1551.4101476011267, 0, 0]","[-1984.7620961014168, -1521.2245759732332, 485.2023291864516, 120.7422865115741]","[-1863.4615138048048, -1491.0390043453397, 485.20232918644797, 120.7422865115741]","[-1742.1609315081923, -1460.853432717446, 485.2023291864498, 120.742286511575]","[-1620.86034921158, -1430.6678610895526, 485.2023291864498, 120.74228651157318]","[-1499.5597669149674, -1400.4822894616589, 485.2023291864498, 120.742286511575]","[-1378.259184618355, -1370.2967178337651, 485.2023291864498, 120.742286511575]","[-1256.9586023217423, -1340.1111462058718, 485.2023291864507, 120.74228651157318]","[-1136.5718259828411, -1306.7545398284428, 481.54710535560525, 133.42642550971607]","[-1017.8095935687596, -1267.7605383407288, 475.048929656326, 155.97600595085623]","[-899.0473611546805, -1228.7665368530147, 475.04892965631643, 155.97600595085623]","[-780.2851287406015, -1189.7725353653009, 475.048929656316, 155.97600595085532]","[-661.5881422065966, -1150.58447947892, 474.78794613601985, 156.75222354552352]","[-542.846754123858, -1111.5278692386607, 474.9655523309543, 156.22644096103704]","[-424.0826482321272, -1072.5395741779903, 475.05642356692306, 155.9531802426818]","[-305.31854234039645, -1033.5512791173198, 475.05642356692306, 155.9531802426818]"
715,Robot,"[-186.5544364486661, -994.5629840566494, 0, 0]","[-67.79033055693587, -955.5746889959788, 475.05642356692096, 155.95318024268227]","[50.97377533479453, -916.5863939353084, 475.0564235669216, 155.9531802426818]","[169.73788122652482, -877.598098874638, 475.0564235669211, 155.95318024268136]","[288.5019871182552, -838.6098038139676, 475.0564235669216, 155.9531802426818]","[407.266093009986, -799.6215087532971, 475.05642356692306, 155.9531802426818]","[526.0301989017167, -760.6332136926267, 475.05642356692306, 155.9531802426818]","[644.7943047934475, -721.6449186319562, 475.05642356692306, 155.9531802426818]","[763.5584106851783, -682.6566235712858, 475.05642356692346, 155.95318024268195]","[882.322516576909, -643.6683285106153, 475.05642356692306, 155.9531802426818]","[1001.0866224686398, -604.6800334499449, 475.05642356692306, 155.9531802426818]","[1119.8507283603683, -565.6917383892744, 475.05642356691396, 155.9531802426818]","[1238.6148342520962, -526.703443328604, 475.0564235669117, 155.9531802426818]","[1357.378940143824, -487.7151482679344, 475.0564235669108, 155.95318024267817]","[1476.143046035552, -448.7268532072654, 475.0564235669126, 155.95318024267613]","[1594.90715192728, -409.7385581465964, 475.0564235669117, 155.9531802426759]"
716,Robot,"[1713.671257819008, -370.7502630859273, 0, 0]","[1832.435363710736, -331.7619680252583, 475.0564235669126, 155.95318024267613]","[1945.555942475692, -281.1534120346428, 452.48231505982403, 202.43422396246183]","[2033.6856722454968, -192.58575225999056, 352.5189190792189, 354.2706390986091]","[2120.3325363590698, -103.31385376781236, 346.5874564542919, 357.0875939687128]","[2223.37165168101, -33.774199419747994, 412.156461287761, 278.1586173922575]","[2342.007176000283, 4.62722497754217, 474.54209727709167, 153.60569758916066]","[2459.4846420361805, 46.31963094411749, 469.9098641435903, 166.7696238663013]","[2522.6827621369, 132.91438725774776, 252.79248040287735, 346.37902525452137]","[2523.622811262401, 215.1156706986106, 3.7601965020039643, 328.8051337634513]","[2586.842552349404, 228.9058119114225, 252.87896434801223, 55.160564851247614]","[2709.7015778385667, 251.9418674733431, 491.4361019566513, 92.14422224768248]","[2832.560603327729, 274.9779230352631, 491.4361019566495, 92.14422224767986]","[2955.4196288168923, 298.01397859718304, 491.43610195665315, 92.14422224767986]","[3078.278654306055, 321.050034159103, 491.4361019566513, 92.14422224767986]","[3201.137679795218, 344.086089721023, 491.4361019566513, 92.14422224767986]"
717,Robot,"[3323.996705284381, 367.1221452829429, 0, 0]","[3446.855730773544, 390.1582008448629, 491.43610195665315, 92.14422224768009]","[3569.7147562627065, 413.19425640678287, 491.4361019566495, 92.14422224767986]","[3692.573781751869, 436.2303119687029, 491.4361019566495, 92.14422224768009]","[3815.432807241032, 459.2663675306228, 491.43610195665315, 92.14422224767964]","[3938.291832730198, 482.3024230925428, 491.43610195666406, 92.14422224768009]","[4061.150858219369, 505.33847865446273, 491.43610195668407, 92.14422224767964]","[4184.009883708543, 528.3745342163827, 491.4361019566968, 92.14422224767986]","[4306.868909197717, 551.4105897783027, 491.4361019566936, 92.14422224767995]","[4429.727934686891, 574.4466453402226, 491.4361019566968, 92.14422224767986]","[4535.772180892209, 616.8518148264599, 424.1769848212716, 169.62067794494897]","[4562.937447636017, 662.8762210030285, 108.66106697523355, 184.09762470627447]","[4558.719127610239, 681.4109134077387, -16.87328010311103, 74.1387696188408]","[4501.834069127135, 764.4102097176537, -227.54023393241732, 331.9971852396602]","[4592.1801802643895, 808.6804313429919, 361.38444454901764, 177.08088650135278]","[4708.971694619889, 852.7355949568135, 467.1660574219968, 176.22065445528642]"
718,Robot,"[4763.434127069687, 859.4865047995063, 0, 0]","[4763.434127069687, 859.4865047995063, 0.0, 0.0]","[4763.434127069687, 859.4865047995063, 0.0, 0.0]","[4791.271167769899, 741.7423912765055, 111.34816280084851, -470.9764540920032]","[4745.444201230863, 626.5608634808611, -183.30786615614488, -460.72611118257737]","[4696.345775699922, 511.6072005971457, -196.3937021237616, -459.8146515348617]","[4647.247350168982, 396.6535377134303, -196.3937021237616, -459.8146515348617]","[4576.441730448826, 294.22337873902046, -283.2224788806234, -409.72063589763934]","[4501.5014070735815, 194.1786490806693, -299.76129350097864, -400.17891863340503]","[4426.561083698337, 94.133919422319, -299.76129350097835, -400.17891863340117]","[4351.620760323088, -5.9108102360299775, -299.76129350099654, -400.1789186333959]","[4238.077765122624, -58.1888002596194, -454.17198080185335, -209.1119600943577]","[4124.534769922159, -110.46679028320868, -454.1719808018606, -209.11196009435713]","[4010.991774721695, -162.74478030679774, -454.171980801857, -209.11196009435622]","[3897.448779521231, -215.02277033038663, -454.171980801857, -209.1119600943556]","[3783.905784320767, -267.3007603539756, -454.17198080185517, -209.11196009435582]"
719,Robot,"[3670.3627891203023, -319.5787503775645, 0, 0]","[3556.819793919838, -371.85674040115344, -454.171980801857, -209.1119600943557]","[3443.276798719374, -424.1347304247424, -454.171980801857, -209.1119600943557]","[3329.7338035189096, -476.4127204483313, -454.171980801857, -209.1119600943557]","[3216.1908083184453, -528.6907104719202, -454.171980801857, -209.11196009435548]","[3102.647813117981, -580.9687004955091, -454.171980801857, -209.1119600943557]","[2989.104817917517, -633.246690519098, -454.171980801857, -209.1119600943557]","[2875.561822717053, -685.5246805426868, -454.17198080185517, -209.11196009435525]","[2762.0188275165883, -737.8026705662729, -454.1719808018592, -209.11196009434454]","[2648.475832316124, -790.080660589859, -454.171980801857, -209.11196009434434]","[2534.93283711566, -842.3586506134451, -454.171980801857, -209.11196009434434]","[2421.389841915196, -894.6366406370312, -454.17198080185517, -209.11196009434434]","[2309.91772721328, -951.0230592118804, -445.8884588076635, -225.54567429939698]","[2200.357194510024, -1011.201873372511, -438.24213081302514, -240.7152566425225]","[2090.796661806768, -1071.3806875331395, -438.2421308130233, -240.71525664251385]","[1981.236129103516, -1131.5595016937673, -438.24213081300786, -240.71525664251112]"
720,Robot,"[1871.6755964002657, -1191.738315854395, 0, 0]","[1762.1150636970156, -1251.9171300150228, -438.2421308130006, -240.71525664251112]","[1652.5545309937654, -1312.0959441756506, -438.2421308130006, -240.71525664251112]","[1542.9939982905153, -1372.2747583362784, -438.2421308130006, -240.71525664251112]","[1433.4334655872651, -1432.4535724969062, -438.2421308130006, -240.71525664251112]","[1323.872932884015, -1492.632386657534, -438.2421308130006, -240.71525664251112]","[1214.3124001807648, -1552.8112008181618, -438.2421308130006, -240.71525664251112]","[1104.751867477515, -1612.9900149787895, -438.2421308129997, -240.71525664251112]","[995.1913347742636, -1673.1688291394173, -438.24213081300553, -240.71525664251135]","[885.6308020710107, -1733.347643300045, -438.2421308130115, -240.71525664251112]","[776.0702693677578, -1793.5264574606729, -438.24213081301195, -240.71525664251112]","[666.5097366645048, -1853.7052716213009, -438.24213081301195, -240.71525664251203]","[556.9492039612518, -1913.8840857819284, -438.24213081301195, -240.7152566425102]","[447.3886712579997, -1974.062899942556, -438.2421308130083, -240.7152566425102]","[337.8281385547481, -2034.241714103184, -438.2421308130065, -240.71525664251203]","[228.2676058514965, -2094.4205282638163, -438.24213081300627, -240.7152566425293]"
721,Robot,"[118.7070731482449, -2154.59934242445, 0, 0]","[9.14654044499298, -2214.7781565850837, -438.2421308130077, -240.71525664253568]","[-100.41399225825896, -2274.9569707457167, -438.24213081300775, -240.71525664253204]","[-209.97452496151115, -2335.13578490635, -438.24213081300877, -240.71525664253386]","[-319.53505766476303, -2395.314599066984, -438.2421308130075, -240.71525664253568]","[-429.0955903680156, -2455.493413227617, -438.24213081301036, -240.71525664253204]","[-538.6561230712686, -2515.6722273882506, -438.2421308130117, -240.71525664253386]","[-648.2166557745215, -2575.851041548884, -438.24213081301195, -240.71525664253386]","[-757.7771884777745, -2636.029855709517, -438.24213081301235, -240.71525664253227]","[-867.3377211810275, -2696.208669870151, -438.24213081301195, -240.71525664253568]","[-976.8982538842804, -2756.3874840307826, -438.2421308130115, -240.71525664252658]","[-1086.458786587535, -2816.566298191411, -438.2421308130188, -240.71525664251385]","[-1196.019319290791, -2876.7451123520405, -438.2421308130233, -240.7152566425175]","[-1305.5798519940467, -2936.9239265126694, -438.2421308130233, -240.71525664251567]","[-1415.1403846973026, -2997.1027406732987, -438.2421308130233, -240.7152566425175]","[-1524.7009174005584, -3057.281554833928, -438.2421308130233, -240.7152566425175]"
722,Robot,"[-1630.4885802354866, -3123.647442369825, 0, 0]","[-1734.1540037694804, -3193.493558679312, -414.66169413597527, -279.38446523794846]","[-1822.8522439300457, -3116.8618161844074, -354.7929606422613, 306.526969979619]","[-1910.248989884226, -3027.492868576078, -349.58698381672093, 357.47579043331825]","[-1997.6457358384064, -2938.1239209677483, -349.58698381672184, 357.47579043331825]","[-2085.0424817925887, -2848.7549733594187, -349.5869838167291, 357.47579043331825]","[-2172.4392277467746, -2759.386025751089, -349.58698381674367, 357.47579043331825]","[-2259.8359737009564, -2670.01707814276, -349.5869838167273, 357.47579043331643]","[-2347.232719655136, -2580.64813053443, -349.5869838167185, 357.4757904333204]","[-2434.6294656093155, -2491.2791829261005, -349.5869838167182, 357.47579043331825]","[-2522.026211563495, -2401.910235317771, -349.5869838167182, 357.47579043331825]","[-2609.4229575176746, -2312.5412877094413, -349.5869838167182, 357.47579043331825]","[-2696.819703471854, -2223.172340101112, -349.5869838167182, 357.47579043331825]","[-2784.2164494260337, -2133.803392492782, -349.5869838167182, 357.47579043331825]","[-2871.6131953802133, -2044.434444884453, -349.5869838167182, 357.47579043331734]","[-2959.009941334393, -1955.065497276123, -349.5869838167182, 357.47579043331916]"
723,Robot,"[-3046.4066872885724, -1865.6965496677933, 0, 0]","[-3133.8034332427524, -1776.327602059464, -349.58698381672, 357.47579043331734]","[-3221.2001791969315, -1686.9586544511344, -349.5869838167164, 357.47579043331825]","[-3308.596925151111, -1597.5897068428048, -349.5869838167182, 357.47579043331825]","[-3395.960375248675, -1510.223658448694, -349.4538003902562, 349.464193576443]","[-3504.988685373379, -1460.8485594735912, -436.1132404988166, 197.5003959004116]","[-3622.444518044713, -1436.6361850218482, -469.82333068533444, 96.84949780697207]","[-3698.624089896317, -1338.8628729215827, -304.7182874064165, 391.0932484010618]","[-3773.440294523221, -1238.7252899408384, -299.2648185076162, 400.55033192297776]","[-3848.256499150126, -1138.587706960094, -299.26481850761957, 400.5503319229774]","[-3923.0727037770303, -1038.4501239793497, -299.26481850761775, 400.5503319229774]","[-4003.550098695729, -943.174112174078, -321.90957967479517, 381.1040472210866]","[-4091.232644894893, -854.0855545921385, -350.7301847966555, 356.35423032775816]","[-4178.915191094068, -764.9969970101988, -350.730184796701, 356.3542303277586]","[-4266.597737293244, -675.9084394282592, -350.7301847967028, 356.3542303277586]","[-4353.258399394247, -586.3127189247226, -346.642648404013, 358.38288201414616]"
724,Robot,"[-4440.967877870788, -497.2506765869583, 0, 0]","[-4528.677356347328, -408.1886342491928, -350.8379139061617, 356.2481693510622]","[-4616.386834823868, -319.1265919114273, -350.8379139061617, 356.24816935106196]","[-4704.096313300409, -230.0645495736618, -350.8379139061617, 356.24816935106196]","[-4791.805791776949, -141.0025072358963, -350.8379139061617, 356.24816935106196]","[-4879.51527025349, -51.94046489813084, -350.8379139061617, 356.24816935106185]","[-4967.22474873003, 37.12157743963456, -350.8379139061617, 356.2481693510616]","[-5054.9342272065705, 126.18361977740004, -350.8379139061617, 356.24816935106196]","[-5142.643705683111, 215.24566211516557, -350.837913906162, 356.2481693510625]","[-5230.353184159651, 304.30770445293103, -350.8379139061617, 356.24816935106185]","[-5318.062662636192, 393.3697467906965, -350.8379139061617, 356.24816935106196]","[-5405.772141112732, 482.431789128462, -350.8379139061617, 356.24816935106196]","[-5493.481619589273, 571.4938314662285, -350.8379139061617, 356.2481693510658]","[-5581.191098065813, 660.5558738039954, -350.8379139061617, 356.24816935106765]","[-5668.747307296527, 749.7674777884083, -350.2248369228546, 356.8464159376517]","[-5753.822737465145, 841.3458792003893, -340.3017206744735, 366.31360564792385]"
725,Robot,"[-5838.613618916437, 933.19088665787, 0, 0]","[-5923.328470377548, 1025.106023867159, -338.85940584444324, 367.6605488371556]","[-6007.924013186325, 1117.1309714572997, -338.3821712351091, 368.099790360563]","[-6092.340265563296, 1209.3203894897497, -337.66500950788395, 368.7576721298001]","[-6176.465815120441, 1301.7750835128425, -336.5021982285798, 369.8187760923711]","[-6260.059969265682, 1394.7101988068337, -334.37661658096476, 371.7404611759648]","[-6342.422320053412, 1488.736043107158, -329.4494031509166, 376.103377201297]","[-6417.370907489523, 1588.5419971265355, -299.79434974444666, 399.2238160775105]","[-6509.182944349933, 1672.862694977022, -367.2481474416385, 337.28279140194655]","[-6605.799215771545, 1752.174081905912, -386.46508568645004, 317.24554771555995]","[-6569.905703520431, 1804.9620493309485, 143.57404900445545, 211.15186970014565]","[-6447.662790255319, 1831.070675971524, 488.97165306044917, 104.43450656230198]","[-6325.5046018096, 1857.572724329876, 488.63275378287653, 106.00819343340845]","[-6203.468314719382, 1884.6301765861704, 488.14514836087255, 108.22980902517702]","[-6081.623050369831, 1912.5341461315447, 487.3810573982046, 111.61587818149746]","[-5960.140314664478, 1941.9707078949737, 485.930942821411, 117.7462470537157]"
726,Robot,"[-5840.1106477743215, 1976.793995105896, 0, 0]","[-5719.8245897332245, 2010.787739014171, 481.1442321643881, 135.97497563309935]","[-5598.758145972227, 2041.8860196584203, 484.2657750439903, 124.39312257699748]","[-5476.918940217946, 2069.800629004415, 487.3568230171222, 111.65843738397871]","[-5354.322094830773, 2094.168481146491, 490.387381548695, 97.47140856830447]","[-5230.997092366557, 2114.524667023012, 493.30000985686274, 81.42474350608427]","[-5106.999932786391, 2130.260067773604, 495.9886383206649, 62.94160300236763]","[-4982.435922878698, 2140.5475904026675, 498.25603963077083, 41.15009051625384]","[-4857.614151021028, 2146.262454863379, 499.28708743067955, 22.859457842845607]","[-4732.636911976428, 2144.388292362555, 499.90895617840215, -7.496650003295144]","[-4607.676944988256, 2141.2249633697115, 499.8398679526872, -12.653315971374468]","[-4482.716978000084, 2138.061634376868, 499.8398679526872, -12.653315971374468]","[-4359.224632098516, 2146.5771657388404, 493.96938360627246, 34.06212544789014]","[-4285.60979064832, 2244.4543467707463, 294.4593658007834, 391.5087241276233]","[-4245.867474023844, 2361.1067461194884, 158.96926649790475, 466.60959739496866]","[-4320.641325967512, 2454.9093266617606, -299.0954077746719, 375.2103221690886]"
727,Robot,"[-4285.176329415429, 2465.831517373312, 0, 0]","[-4160.667251271155, 2454.764021736918, 498.0363125770964, -44.26998254557657]","[-4036.1581731268807, 2443.6965261005244, 498.0363125770964, -44.26998254557475]","[-3911.649094982607, 2432.6290304641307, 498.0363125770946, -44.26998254557475]","[-3787.140016838333, 2421.561534827737, 498.0363125770964, -44.26998254557475]","[-3662.6309386940575, 2410.4940391913437, 498.03631257710185, -44.26998254557293]","[-3538.1218605497843, 2399.4265435549496, 498.03631257709276, -44.26998254557657]","[-3413.61278240551, 2388.359047918556, 498.0363125770964, -44.26998254557475]","[-3289.103704261236, 2377.2915522821622, 498.03631257709685, -44.26998254557479]","[-3164.594626116962, 2366.2240566457685, 498.0363125770964, -44.26998254557475]","[-3040.085547972688, 2355.156561009375, 498.0363125770964, -44.26998254557475]","[-2915.576469828414, 2344.089065372981, 498.0363125770964, -44.26998254557475]","[-2791.06739168414, 2333.0215697365875, 498.0363125770946, -44.26998254557475]","[-2666.5583135398656, 2321.954074100194, 498.0363125770982, -44.26998254557475]","[-2542.0492353955915, 2310.8865784638, 498.0363125770964, -44.26998254557475]","[-2417.5401572513174, 2299.8190828274064, 498.0363125770964, -44.26998254557475]"
728,Robot,"[-2293.0310791070438, 2288.7515871910127, 0, 0]","[-2168.522000962769, 2277.684091554619, 498.0363125770982, -44.26998254557475]","[-2044.0129228184949, 2266.6165959182254, 498.0363125770973, -44.26998254557475]","[-1919.503844674215, 2255.549100281832, 498.03631257711913, -44.26998254557293]","[-1794.9947665299353, 2244.481604645438, 498.03631257711913, -44.26998254557657]","[-1670.4856883856555, 2233.4141090090443, 498.03631257711913, -44.26998254557475]","[-1545.9766102413755, 2222.3466133726506, 498.03631257712004, -44.26998254557475]","[-1421.467532097096, 2211.279117736257, 498.0363125771182, -44.26998254557475]","[-1296.9584539528162, 2200.2116220998582, 498.0363125771196, -44.2699825455948]","[-1172.4493758085364, 2189.144126463458, 498.03631257711913, -44.269982545600215]","[-1047.9402976642566, 2178.0766308270595, 498.03631257711913, -44.26998254559476]","[-923.4312195199768, 2167.00913519066, 498.03631257711913, -44.269982545598396]","[-798.922141375697, 2155.9416395542607, 498.03631257711913, -44.26998254559658]","[-674.4130632314173, 2144.874143917861, 498.03631257711913, -44.269982545598396]","[-549.9039850871375, 2133.806648281462, 498.03631257711913, -44.26998254559658]","[-425.3949069428577, 2122.7391526450624, 498.03631257711913, -44.269982545598396]"
729,Robot,"[-300.8858287985779, 2111.6716570086637, 0, 0]","[-176.37675065429812, 2100.604161372264, 498.03631257711913, -44.269982545598396]","[-51.867672510018565, 2089.5366657358645, 498.0363125771182, -44.269982545598396]","[72.64140563426086, 2078.469170099465, 498.0363125771177, -44.269982545598396]","[197.1504837785405, 2067.401674463066, 498.0363125771185, -44.26998254559658]","[321.6595619228203, 2056.334178826666, 498.03631257711913, -44.269982545598396]","[446.16864006710006, 2045.2666831902668, 498.03631257711913, -44.269982545597486]","[570.6777182113798, 2034.1991875538677, 498.0363125771189, -44.26998254559658]","[695.243840986765, 2023.8361235365996, 498.26449110154135, -41.4522560690721]","[819.911376439671, 2014.7253823977871, 498.67014181162403, -36.44296455525]","[944.578911892577, 2005.6146412589749, 498.67014181162403, -36.44296455524909]","[1069.246447345482, 1996.5039001201624, 498.67014181161994, -36.44296455525]","[1193.9139827983852, 1987.3931589813503, 498.67014181161267, -36.44296455524818]","[1318.5815182512883, 1978.282417842538, 498.67014181161267, -36.44296455524909]","[1443.2490537041915, 1969.1716767037256, 498.67014181161267, -36.44296455525]","[1567.916589157095, 1960.0609355649133, 498.6701418116136, -36.44296455524909]"
730,Robot,"[1692.5841246099978, 1950.9501944261008, 0, 0]","[1817.251660062901, 1941.839453287289, 498.67014181161267, -36.44296455524727]","[1941.919195515804, 1932.7287121484767, 498.67014181161176, -36.44296455524909]","[2066.5867309687083, 1923.6179710096644, 498.6701418116172, -36.44296455524909]","[2191.254266421617, 1914.507229870852, 498.6701418116354, -36.44296455525]","[2315.921801874526, 1905.39648873204, 498.6701418116354, -36.44296455524727]","[2440.589337327435, 1896.285747593228, 498.6701418116354, -36.44296455524818]","[2565.256872780344, 1887.1750064544156, 498.6701418116372, -36.44296455525]","[2689.9244082332525, 1878.064265315603, 498.67014181163404, -36.442964555250036]","[2814.5919436861614, 1868.9535241767908, 498.6701418116354, -36.44296455524909]","[2939.25947913907, 1859.8427830379785, 498.6701418116354, -36.44296455524909]","[3063.927014591979, 1850.7320418991665, 498.6701418116354, -36.44296455524818]","[3188.594550044888, 1841.621300760354, 498.6701418116354, -36.44296455525]","[3313.2620854977968, 1832.5105596215417, 498.6701418116354, -36.44296455524909]","[3437.9296209507056, 1823.3998184827292, 498.6701418116354, -36.44296455525]","[3562.5971564036145, 1814.2890773439167, 498.6701418116354, -36.44296455525]"
731,Robot,"[3687.2646918565233, 1805.1783362051049, 0, 0]","[3811.932227309432, 1796.0675950662926, 498.6701418116354, -36.44296455524909]","[3936.599762762341, 1786.9568539274803, 498.6701418116354, -36.44296455524909]","[4061.26729821525, 1777.846112788668, 498.6701418116354, -36.44296455524909]","[4185.934833668159, 1768.7353716498558, 498.6701418116354, -36.44296455524909]","[4310.602369121068, 1759.6246305110435, 498.6701418116354, -36.44296455524909]","[4435.269904573976, 1750.5138893722312, 498.6701418116354, -36.44296455524909]","[4559.937440026885, 1741.403148233419, 498.6701418116354, -36.44296455524909]","[4684.604975479794, 1732.2924070946067, 498.67014181163586, -36.44296455524913]","[4809.272510932703, 1723.1816659557944, 498.6701418116354, -36.44296455524909]","[4933.940046385612, 1714.070924816982, 498.6701418116354, -36.44296455525]","[5058.607581838521, 1704.96018367817, 498.6701418116354, -36.44296455524727]","[5183.255408170388, 1695.8358884996048, 498.59130532747076, -36.49718071426105]","[5301.865083304658, 1681.3748093833806, 474.43870053707724, -57.84431646489702]","[5397.650096869973, 1606.8160824729118, 383.14005426126096, -298.234907641875]","[5508.832643748893, 1555.4341332493834, 444.7301875156809, -205.52779689411364]"
732,Robot,"[5607.177698963332, 1508.892537293362, 0, 0]","[5693.088565960983, 1515.1300340589614, 343.64346799060513, 24.949987062397668]","[5816.281997799291, 1536.3049803848014, 492.77372735323297, 84.69978530335993]","[5939.4754296376, 1557.4799267106432, 492.7737273532366, 84.69978530336721]","[6063.7608580443375, 1568.3074364113018, 497.14171362694833, 43.31003880263415]","[6188.660534520817, 1573.3145130102932, 499.5987059059189, 20.028306395965956]","[6313.560210997297, 1578.3215896092847, 499.5987059059189, 20.028306395965956]","[6438.459887473777, 1583.3286662082762, 499.5987059059189, 20.028306395965956]","[6563.359563950256, 1588.3357428072677, 499.59870590591936, 20.028306395965974]","[6688.259240426736, 1593.3428194062592, 499.5987059059189, 20.028306395965956]","[6813.158916903216, 1598.349896005251, 499.5987059059189, 20.028306395966865]","[6938.058593379696, 1603.3569726042422, 499.5987059059189, 20.028306395965046]","[7062.958269856175, 1608.3640492032337, 499.5987059059189, 20.028306395965956]","[7187.857946332655, 1613.3711258022252, 499.5987059059189, 20.028306395965956]","[7312.757622809135, 1618.3782024012166, 499.5987059059189, 20.028306395965956]","[7437.6572992856145, 1623.385279000208, 499.5987059059189, 20.028306395965046]"
733,Robot,"[7562.556975762094, 1628.3923555991996, 0, 0]","[7687.456652238574, 1633.399432198191, 499.5987059059189, 20.028306395965956]","[7812.356328715054, 1638.4065087971826, 499.5987059059189, 20.028306395965956]","[7937.256005191533, 1643.4135853961716, 499.5987059059189, 20.02830639595595]","[8062.155681668013, 1648.42066199516, 499.5987059059189, 20.028306395953223]","[8082.313888179305, 1645.0732025470566, 80.63282604516644, -13.389837792413346]","[7957.536703206596, 1637.613034299214, -499.10873989083484, -29.84067299137041]","[7832.759518233887, 1630.1528660513736, -499.10873989083484, -29.840672991361316]","[7707.982333261179, 1622.6926978035335, -499.1087398908353, -29.84067299136043]","[7583.20514828847, 1615.2325295556934, -499.10873989083484, -29.840672991360407]","[7458.427963315761, 1607.772361307853, -499.10873989083484, -29.840672991361316]","[7333.6507783430525, 1600.3121930600132, -499.10873989083484, -29.840672991359497]","[7208.873593370344, 1592.8520248121729, -499.10873989083484, -29.840672991361316]","[7084.096408397635, 1585.3918565643328, -499.10873989083484, -29.840672991360407]","[6959.319223424926, 1577.931688316493, -499.10873989083484, -29.840672991359497]","[6834.542038452218, 1570.4715200686526, -499.10873989083484, -29.840672991361316]"
734,Robot,"[6709.764853479509, 1563.0113518208125, 0, 0]","[6584.9876685068, 1555.551183572972, -499.10873989083484, -29.840672991362226]","[6460.210483534092, 1548.091015325132, -499.1087398908312, -29.840672991359497]","[6335.433298561383, 1540.630847077292, -499.1087398908385, -29.840672991360407]","[6210.656113588674, 1533.1706788294516, -499.10873989083484, -29.840672991361316]","[6085.878928615965, 1525.7105105816115, -499.10873989083484, -29.840672991360407]","[5961.731110222171, 1540.2816872006233, -496.5912735751772, 58.28470647604718]","[5837.583291828377, 1554.852863819635, -496.5912735751772, 58.28470647604718]","[5713.435473434583, 1569.424040438647, -496.591273575174, 58.284706476047226]","[5589.287655040788, 1583.9952170576587, -496.5912735751808, 58.28470647604718]","[5465.139836646994, 1598.5663936766705, -496.5912735751772, 58.28470647604718]","[5340.9920182532, 1613.1375702956825, -496.5912735751772, 58.284706476048086]","[5216.844199859405, 1627.708746914694, -496.5912735751772, 58.28470647604627]","[5092.696381465611, 1642.279923533706, -496.5912735751772, 58.284706476048086]","[4968.548563071817, 1656.8511001527177, -496.5912735751772, 58.28470647604627]","[4844.400744678022, 1671.4222767717297, -496.5912735751772, 58.284706476048086]"
735,Robot,"[4720.252926284228, 1685.9934533907413, 0, 0]","[4596.105107890434, 1700.564630009753, -496.5912735751772, 58.28470647604718]","[4471.95728949664, 1715.1358066287648, -496.59127357517355, 58.28470647604718]","[4347.809471102845, 1729.7069832477766, -496.5912735751808, 58.28470647604718]","[4223.661652709051, 1744.2781598667884, -496.5912735751772, 58.28470647604718]","[4099.513834315257, 1758.8493364858002, -496.5912735751772, 58.28470647604718]","[3975.6207233457394, 1773.248849347815, -495.57244387806895, 57.59805144805887]","[3865.698917741736, 1777.0515374841625, -439.68722241601427, 15.210752545390278]","[3759.6533113349465, 1790.0259390182152, -424.1824256271579, 51.89760613621097]","[3700.466596430429, 1886.082278123124, -236.74685961806972, 384.2253564196353]","[3692.623099730602, 2010.7921209595129, -31.373986799308113, 498.83937134555526]","[3698.268011147676, 2135.580301081497, 22.579645668296507, 499.1527204879367]","[3723.644670283685, 2257.762987565546, 101.50663654403616, 488.7307459361964]","[3783.710112637119, 2366.1151151754098, 240.26176941373524, 433.4085104394544]","[3898.636345750321, 2411.753273832045, 459.70493245280886, 182.55263462654148]","[3992.051333278661, 2491.444308989804, 373.6599501133587, 318.76414063103584]"
736,Robot,"[3996.977855121191, 2612.2856706436883, 0, 0]","[3891.99426006573, 2644.833028042576, -419.93438022184455, 130.1894295955517]","[3769.479965015609, 2620.0288447588896, -490.05718020048334, -99.21673313474639]","[3646.965669965488, 2595.2246614752034, -490.05718020048516, -99.21673313474457]","[3524.4513749153675, 2570.4204781915173, -490.0571802004815, -99.21673313474457]","[3401.9370798652467, 2545.616294907831, -490.05718020048334, -99.21673313474457]","[3279.422784815126, 2520.812111624145, -490.05718020048334, -99.21673313474457]","[3156.908489765005, 2496.007928340459, -490.05718020048334, -99.21673313474457]","[3034.394194714884, 2471.2037450567727, -490.0571802004838, -99.21673313474466]","[2911.879899664764, 2446.3995617730866, -490.0571802004815, -99.21673313474457]","[2789.3656046146425, 2421.5953784894004, -490.05718020048516, -99.21673313474457]","[2666.8513095645217, 2396.7911952057143, -490.05718020048334, -99.21673313474457]","[2544.337014514401, 2371.987011922028, -490.05718020048334, -99.21673313474457]","[2421.82271946428, 2347.182828638342, -490.05718020048334, -99.21673313474457]","[2299.308424414159, 2322.378645354656, -490.05718020048334, -99.21673313474457]","[2176.7941293640383, 2297.5744620709697, -490.05718020048334, -99.21673313474457]"
737,Robot,"[2054.279834313917, 2272.770278787284, 0, 0]","[1931.7655392637912, 2247.966095503597, -490.05718020050335, -99.21673313474821]","[1809.251244213665, 2223.1619122199118, -490.0571802005052, -99.21673313474093]","[1686.7369491635382, 2198.357728936225, -490.057180200507, -99.21673313474639]","[1564.2226541134116, 2173.553545652538, -490.0571802005061, -99.21673313474821]","[1455.0272029917287, 2193.691701260945, -436.78180448673174, 80.55262243362813]","[1365.8100177627111, 2281.243365207501, -356.86874091607024, 350.20665578622356]","[1276.5928325336936, 2368.795029154057, -356.86874091607024, 350.20665578622356]","[1187.375647304676, 2456.346693100613, -356.8687409160706, 350.20665578622385]","[1098.1584620756585, 2543.8983570471687, -356.86874091607024, 350.20665578622356]","[1008.9412768466404, 2631.4500209937246, -356.86874091607206, 350.20665578622356]","[919.72409161762, 2719.0016849402805, -356.8687409160816, 350.20665578622356]","[830.5069063885995, 2806.5533488868364, -356.86874091608206, 350.20665578622356]","[741.2897211595791, 2894.1050128333923, -356.8687409160816, 350.20665578622356]","[652.0725359305587, 2981.656676779948, -356.8687409160816, 350.20665578622356]","[720.9580997380116, 2973.1508191585385, 275.5422552298114, -34.02343048563853]"
738,Robot,"[839.7708474517189, 2934.311007357772, 0, 0]","[960.9612119372756, 2903.685926854066, 484.761457942227, -122.50032201482281]","[1082.1515764228322, 2873.060846350361, 484.76145794222657, -122.500322014821]","[1203.341940908389, 2842.435765846656, 484.761457942227, -122.50032201481918]","[1324.5323053939458, 2811.8106853429504, 484.761457942227, -122.50032201482281]","[1445.7226698795023, 2781.185604839245, 484.7614579422261, -122.500322014821]","[1566.9130343650593, 2750.56052433554, 484.76145794222793, -122.500322014821]","[1688.103398850616, 2719.9354438318346, 484.761457942227, -122.500322014821]","[1809.2937633361728, 2689.3103633281294, 484.7614579422275, -122.50032201482111]","[1921.4437108391207, 2647.3401816583155, 448.5997900117918, -167.88072667925553]","[2006.4850104556676, 2558.7891322300256, 340.1651984661876, -354.2041977131594]","[2070.42693278007, 2462.2536411259757, 255.76768929760874, -386.1419644161997]","[2192.25854477695, 2458.4944988157977, 487.32644798752153, -15.036569240712197]","[2293.478015219849, 2529.110341239186, 404.87788177159564, 282.4633696935525]","[2374.27751442002, 2624.122708467108, 323.19799680068354, 380.0494689116895]","[2480.723738923631, 2681.245036328723, 425.7848980144445, 228.4893114464594]"
739,Robot,"[2597.8700065449434, 2668.443935423007, 0, 0]","[2712.594469263087, 2674.8633968993786, 458.89785087257405, 25.67784590548581]","[2831.4223746593543, 2636.069983809854, 475.3116215850696, -155.17365235809848]","[2950.2502800556217, 2597.2765707203293, 475.3116215850696, -155.17365235809848]","[3069.078185451889, 2558.4831576308047, 475.3116215850696, -155.17365235809848]","[3187.9060908481565, 2519.68974454128, 475.3116215850696, -155.17365235809848]","[3306.733996244424, 2480.8963314517555, 475.3116215850696, -155.17365235809848]","[3425.5619016406918, 2442.102918362231, 475.3116215850714, -155.17365235809848]","[3544.3898070369587, 2403.3095052727062, 475.31162158506817, -155.17365235809862]","[3663.217712433226, 2364.5160921831816, 475.3116215850696, -155.17365235809848]","[3782.218216244466, 2326.2636506284457, 476.0020152449597, -153.0097662189437]","[3902.55109347412, 2292.461660956594, 481.33150891861624, -135.20795868740606]","[4024.380964970538, 2264.5749594683925, 487.31948598567215, -111.54680595280661]","[4148.548039637612, 2254.928717581351, 496.6682986682972, -38.58496754816588]","[4270.339139626326, 2282.159561387623, 487.16439995485416, 108.92337522508751]","[4390.60217010393, 2316.242174219988, 481.05212191041574, 136.33045132946063]"
740,Robot,"[4510.381780368384, 2351.9843716971886, 0, 0]","[4628.985194289625, 2389.742811724596, 474.4136556849626, 151.03376010962893]","[4743.301720481692, 2428.333522191679, 457.26610476827045, 154.3628418683329]","[4851.724665444475, 2467.635155556761, 433.6917798511313, 157.2065334603285]","[4952.964443116277, 2507.803269500655, 404.9591106872067, 160.67245577557514]","[5045.927845355444, 2548.9697339332447, 371.85360895666963, 164.66585773035877]","[5107.995377198666, 2564.545669797929, 248.27012737288533, 62.30374345873679]","[5154.803418275608, 2505.297751192545, 187.2321643077703, -236.9916744215352]","[5217.609286035211, 2398.320794661112, 251.22347103841116, -427.90782612573315]","[5280.945816633514, 2290.554919302673, 253.3461223932136, -431.06350143375494]","[5344.282347231818, 2182.7890439442344, 253.3461223932136, -431.06350143375494]","[5407.618877830121, 2075.023168585796, 253.3461223932136, -431.0635014337531]","[5477.155750966008, 1972.9588488859065, 278.14749254354683, -408.25727879955866]","[5579.244422424235, 1900.827696393424, 408.35468583291004, -288.52460996992977]","[5681.333093882463, 1828.6965439009407, 408.35468583291004, -288.5246099699334]","[5783.42176534069, 1756.5653914084578, 408.35468583291004, -288.5246099699316]"
741,Robot,"[5885.510436798918, 1684.434238915975, 0, 0]","[5987.599108257145, 1612.303086423492, 408.35468583291004, -288.5246099699316]","[6089.687779715373, 1540.171933931009, 408.35468583291004, -288.5246099699316]","[6191.7764511736, 1468.0407814385262, 408.35468583291004, -288.5246099699316]","[6293.865122631828, 1395.9096289460433, 408.35468583291004, -288.5246099699316]","[6395.953794090055, 1323.7784764535604, 408.35468583291004, -288.5246099699316]","[6498.042465548283, 1251.6473239610775, 408.35468583291004, -288.5246099699316]","[6600.131137006511, 1179.5161714685944, 408.3546858329137, -288.5246099699325]","[6702.219808464738, 1107.385018976108, 408.35468583290674, -288.5246099699455]","[6804.3084799229655, 1035.2538664836218, 408.35468583291004, -288.52460996994523]","[6906.397151381193, 963.1227139911362, 408.35468583291004, -288.5246099699425]","[7008.4858228394205, 890.9915614986504, 408.35468583291004, -288.52460996994296]","[7110.574494297648, 818.8604090061647, 408.35468583291004, -288.52460996994296]","[7212.6631657558755, 746.7292565136789, 408.35468583291004, -288.52460996994296]","[7314.751837214103, 674.5981040211932, 408.35468583291004, -288.52460996994296]","[7416.84050867233, 602.4669515287075, 408.3546858329064, -288.52460996994296]"
742,Robot,"[7518.929180130558, 530.3357990362217, 0, 0]","[7621.017851588786, 458.204646543736, 408.35468583291004, -288.52460996994296]","[7723.106523047013, 386.07349405125024, 408.35468583291004, -288.52460996994296]","[7825.195194505241, 313.9423415587645, 408.35468583291004, -288.52460996994296]","[7927.283865963468, 241.81118906627864, 408.35468583291004, -288.5246099699434]","[8029.372537421696, 169.68003657379217, 408.35468583291004, -288.5246099699459]","[8131.461208879923, 97.54888408130572, 408.35468583291004, -288.5246099699458]","[8233.549880338142, 25.41773158881933, 408.35468583287366, -288.5246099699456]","[8324.452821162688, -50.47643966105551, 363.6117632981844, -303.5766849994996]","[8286.719859699953, -169.64532662091506, -150.93184585093695, -476.6755478394382]","[8210.7493728767, -236.7096148610407, -303.88194729301176, -268.2571529605026]","[8085.749939405861, -237.08595509435136, -499.997733883356, -1.5053609332426277]","[7960.750505935022, -237.462295327662, -499.997733883356, -1.505360933242514]","[7835.751072464183, -237.83863556097268, -499.997733883356, -1.5053609332427413]","[7710.762007401498, -237.42077409857347, -499.95626025074307, 1.6714458495968074]","[7585.764243318672, -237.56699989462783, -499.9910563313024, -0.5849031842174099]"
743,Robot,"[7460.765078037402, -238.0238138485708, 0, 0]","[7335.765912756133, -238.48062780251377, -499.9966611250784, -1.8272558157718777]","[7210.80750356012, -237.44420072036, -499.83363678405294, 4.145708328615115]","[7085.910236894115, -233.42802723108923, -499.5890666640189, 16.064693957083023]","[6976.016636329058, -229.217945301864, -439.57440226022663, 16.8403277169009]","[6992.215362628156, -182.10977610798588, 64.79490519639148, 188.4326767755125]","[7031.294205221516, -63.40939407045284, 156.31537037343878, 474.8015281501322]","[6939.471603226619, -51.19388674297063, -367.29040797958805, 48.86202930992883]","[6816.980677947302, -76.11322108832765, -489.96370111726765, -99.67733738142815]","[6694.489752667985, -101.0325554336846, -489.9637011172672, -99.67733738142783]","[6571.998827388668, -125.95188977904124, -489.9637011172672, -99.67733738142653]","[6449.507902109352, -150.87122412439757, -489.9637011172672, -99.67733738142533]","[6327.016976830035, -175.79055846975382, -489.9637011172672, -99.67733738142499]","[6203.755571359893, -196.34218114228503, -493.0456218805666, -82.20649069012484]","[6080.131586976422, -214.838410086428, -494.495937533884, -73.98491577657194]","[5956.507602592951, -233.3346390305704, -494.495937533884, -73.98491577656955]"
744,Robot,"[5832.839646255438, -249.8551826761662, 0, 0]","[5710.831545241163, -229.32342358720416, -488.0324040570995, 82.12703635584819]","[5597.046670363744, -177.75552041573712, -455.139499509678, 206.27161268586815]","[5481.102384382837, -134.1215883306083, -463.7771439236276, 174.53572834051533]","[5359.044879881619, -111.74588904099905, -488.2300180048733, 89.50279715843698]","[5236.299635803617, -114.8469306941859, -490.98097631200653, -12.404166612747417]","[5114.02716420744, -94.3446048163356, -489.0898863847069, 82.00930351140119]","[4996.819367693503, -51.44514816299022, -468.8311860557478, 171.59782661338153]","[4874.9509317304655, -72.83474226082069, -487.473743852152, -85.55837639132194]","[4752.987036068127, -100.21736731510428, -487.8555826493539, -109.53050021713437]","[4631.023140405789, -127.59999236938788, -487.8555826493539, -109.53050021713437]","[4509.05924474345, -154.98261742367112, -487.8555826493539, -109.53050021713295]","[4387.095349081112, -182.36524247795435, -487.8555826493539, -109.53050021713295]","[4265.131453418773, -209.7478675322376, -487.8555826493539, -109.53050021713295]","[4143.167557756435, -237.13049258652083, -487.8555826493539, -109.53050021713295]","[4021.203662094089, -264.51311764080384, -487.855582649383, -109.53050021713204]"
745,Robot,"[3899.239766431739, -291.8957426950866, 0, 0]","[3777.275870769389, -319.2783677493698, -487.8555826494012, -109.53050021713284]","[3655.31197510704, -346.6609928036531, -487.8555826493957, -109.53050021713307]","[3533.3480794446896, -374.04361785793634, -487.8555826494012, -109.53050021713307]","[3411.38418378234, -401.4262429122196, -487.85558264939755, -109.53050021713307]","[3295.843379951232, -444.8631277821231, -462.1632153244336, -173.74753947961403]","[3190.475404743454, -512.1066239491913, -421.47190083111127, -268.9739846682728]","[3087.505253024397, -582.9549102083075, -411.88060687622783, -283.39314503646483]","[2989.718750778665, -660.7271491328322, -391.1460089829292, -311.088955698099]","[2917.556822447177, -751.399019848649, -288.64771332595046, -362.6874828632672]","[2793.4857698037786, -766.6099993029158, -496.28421057359446, -60.843917817066995]","[2669.41471716038, -781.8209787571825, -496.28421057359446, -60.843917817066995]","[2545.3436645169813, -797.0319582114493, -496.28421057359446, -60.843917817066995]","[2421.2726118735827, -812.242937665716, -496.28421057359446, -60.843917817066995]","[2297.201559230184, -827.4539171199827, -496.28421057359446, -60.843917817066995]","[2173.130506586785, -842.6648965742495, -496.2842105735963, -60.843917817066995]"
746,Robot,"[2049.059453943387, -857.8758760285162, 0, 0]","[1924.9884012999823, -873.086855482783, -496.2842105736181, -60.843917817066995]","[1800.9173486565785, -888.2978349370497, -496.2842105736154, -60.843917817066995]","[1676.846296013174, -903.5088143913164, -496.2842105736181, -60.84391781706654]","[1552.7752433697697, -918.7197938455832, -496.2842105736172, -60.84391781706745]","[1428.7041907263654, -933.93077329985, -496.2842105736172, -60.843917817066995]","[1304.633138082961, -949.1417527541169, -496.2842105736172, -60.84391781706745]","[1180.5620854395568, -964.3527322083836, -496.2842105736172, -60.843917817066995]","[1056.4910327961525, -979.5637116626502, -496.28421057361766, -60.8439178170666]","[932.4199801527504, -994.7746911169176, -496.2842105736081, -60.84391781706927]","[810.3323040181272, -1019.5844356412744, -488.3507045384931, -99.2389780974272]","[690.3932857680138, -1054.7928423248943, -479.7560730004534, -140.83362673447982]","[570.4542675179005, -1090.0012490085142, -479.7560730004534, -140.83362673447937]","[450.5152492677879, -1125.209655692134, -479.7560730004502, -140.83362673447937]","[330.5762310176759, -1160.4180623757538, -479.75607300044794, -140.83362673447937]","[210.6372127675637, -1195.6264690593737, -479.75607300044885, -140.83362673447937]"
747,Robot,"[90.69819451745118, -1230.8348757429935, 0, 0]","[-29.240823732661116, -1266.0432824266134, -479.7560730004492, -140.83362673447937]","[-149.17984198277347, -1301.2516891102332, -479.7560730004494, -140.83362673447937]","[-269.11886023288605, -1336.460095793853, -479.75607300045033, -140.83362673447937]","[-389.057878482998, -1371.6685024774729, -479.7560730004477, -140.83362673447937]","[-508.9968967331099, -1406.8769091610927, -479.7560730004477, -140.83362673447937]","[-628.9359149832233, -1442.0853158447126, -479.7560730004534, -140.83362673447937]","[-748.8749332333366, -1477.2937225283324, -479.7560730004534, -140.83362673447937]","[-868.81395148345, -1512.5021292119525, -479.7560730004538, -140.8336267344804]","[-988.7529697335632, -1547.710535895572, -479.75607300045294, -140.83362673447846]","[-1108.6919879836769, -1582.918942579192, -479.75607300045476, -140.83362673447937]","[-1228.63100623379, -1618.1273492628118, -479.7560730004525, -140.83362673447937]","[-1348.5700244839034, -1653.3357559464316, -479.7560730004534, -140.83362673447937]","[-1468.5090427340167, -1688.5441626300517, -479.7560730004534, -140.83362673448028]","[-1588.44806098413, -1723.7525693136713, -479.7560730004534, -140.83362673447846]","[-1708.3870792342434, -1758.9609759972911, -479.7560730004534, -140.83362673447937]"
748,Robot,"[-1828.3260974843568, -1794.169382680911, 0, 0]","[-1948.26511573447, -1829.3777893645308, -479.7560730004534, -140.83362673447937]","[-2068.204133984583, -1864.586196048151, -479.7560730004525, -140.83362673448028]","[-2188.143152234697, -1899.7946027317705, -479.7560730004552, -140.83362673447846]","[-2308.08217048481, -1935.0030094153904, -479.7560730004516, -140.83362673447937]","[-2428.0211887349237, -1970.2114160990104, -479.7560730004552, -140.83362673448028]","[-2547.9602069850366, -2005.41982278263, -479.7560730004516, -140.83362673447846]","[-2667.89922523515, -2040.6282294662496, -479.7560730004534, -140.83362673447846]","[-2787.838243485264, -2075.8366361498743, -479.7560730004556, -140.83362673449858]","[-2907.7772617353767, -2111.0450428335, -479.7560730004516, -140.8336267345021]","[-3027.71627998549, -2146.2534495171253, -479.7560730004534, -140.8336267345021]","[-3147.7302346107144, -2181.201302624312, -480.05581850089766, -139.7914124287472]","[-3268.67561752484, -2212.6690912105314, -483.7815316565029, -125.87115434487714]","[-3391.932896140615, -2214.2308291238937, -493.0291144630992, -6.246951653449287]","[-3510.460747410279, -2253.9315655578403, -474.1114050786564, -158.80294573578612]","[-3628.988598679943, -2293.632301991788, -474.1114050786564, -158.80294573579158]"
749,Robot,"[-3747.5164499496072, -2333.333038425736, 0, 0]","[-3866.0443012192713, -2373.033774859683, -474.1114050786564, -158.80294573578794]","[-3984.572152488936, -2412.734511293631, -474.1114050786582, -158.80294573579158]","[-4001.327851574399, -2420.341127335563, -67.02279634185288, -30.426464167729137]","[-3881.546688360776, -2384.5993738923985, 479.1246528544925, 142.9670137726589]","[-3761.765525147154, -2348.857620449239, 479.12465285448707, 142.96701377263707]","[-3642.8365479255776, -2311.398247547864, 475.71590888630635, 149.83749160550178]","[-3523.522601021092, -2278.1921288947133, 477.2557876179417, 132.824474612602]","[-3402.141725419473, -2248.805798152081, 485.5235024064773, 117.54532297052911]","[-3285.8698541119297, -2203.040323615681, 465.0874852301731, 183.06189814560094]","[-3187.606177140045, -2175.1246798294515, 393.0547078875388, 111.66257514491735]","[-3065.252132772393, -2151.571413700088, 489.4161774706081, 94.21306451745295]","[-2942.787844384666, -2128.066333334326, 489.85715355090724, 94.02032146304919]","[-2820.012515326162, -2104.5882888123424, 491.10131623401685, 93.91217808793408]","[-2697.2371862676578, -2081.110244290354, 491.10131623401685, 93.91217808795409]","[-2574.461857209153, -2057.6321997683654, 491.10131623401867, 93.91217808795409]"
750,Robot,"[-2451.6865281506493, -2034.1541552463768, 0, 0]","[-2328.911199092145, -2010.6761107243883, 491.10131623401685, 93.91217808795409]","[-2206.135870033641, -1987.1980662024, 491.10131623401685, 93.91217808795318]","[-2083.3605409751367, -1963.720021680412, 491.10131623401685, 93.91217808795227]","[-1960.5852119166325, -1940.2419771584237, 491.10131623401685, 93.91217808795318]","[-1837.8936902789835, -1916.332111447793, 490.7660865505959, 95.63946284252233]","[-1715.249310315565, -1892.179346318552, 490.57751985367395, 96.61106051696424]","[-1592.6049303521468, -1868.02658118931, 490.57751985367304, 96.61106051696788]","[-1469.9605503887285, -1843.8738160600683, 490.5775198536735, 96.61106051696706]","[-1347.3161704253102, -1819.7210509308263, 490.57751985367304, 96.61106051696788]","[-1224.671790461892, -1795.5682858015823, 490.57751985367304, 96.61106051697607]","[-1102.0274104984735, -1771.4155206723383, 490.57751985367395, 96.61106051697607]","[-979.3830305350556, -1747.262755543094, 490.5775198536717, 96.61106051697698]","[-856.7386505716372, -1723.10999041385, 490.5775198536735, 96.61106051697607]","[-734.094270608219, -1698.9572252846058, 490.57751985367304, 96.61106051697698]","[-611.4498906448007, -1674.8044601553618, 490.57751985367304, 96.61106051697607]"
751,Robot,"[-488.80551068138215, -1650.6516950261175, 0, 0]","[-366.16113071796246, -1626.498929896873, 490.5775198536787, 96.61106051697789]","[-243.5207946986078, -1602.3256753295293, 490.56134407741865, 96.69301826937499]","[-120.8966344555132, -1578.070463009787, 490.49664097237843, 97.02084927896885]","[1.7275257875813803, -1553.8152506900428, 490.4966409723783, 97.02084927897704]","[117.40551459347084, -1540.698799241023, 462.7119552235578, 52.46580579607962]","[238.2352842001404, -1547.0659763470428, 483.31907842667823, -25.468708424079523]","[362.98797913418014, -1554.9248567854377, 499.01077973615895, -31.43552175357945]","[487.72672284671927, -1563.0020320422009, 498.954974850157, -32.30870102705288]","[612.4182759354384, -1571.354403067902, 498.7662123548764, -33.40948410280453]","[736.297861887706, -1579.9036550593237, 495.5183438090703, -34.19700796568668]","[858.586601184235, -1588.6442500050491, 489.154957186116, -34.962379782901735]","[978.4230360042504, -1597.679784208226, 479.34573928006193, -36.14213681270758]","[1094.4536954218613, -1607.173039947189, 464.1226376704435, -37.973022955851775]","[1205.739008118106, -1608.2797645420428, 445.1412507849791, -4.426898379415434]","[1302.650507404264, -1531.37415944974, 387.645997144632, 307.6224203692109]"
752,Robot,"[9047.5522, -806.49676, 0, 0]","[9172.437081114203, -805.7512498874761, 499.5395244568135, 2.98204045009561]","[9297.411966452404, -805.86520566047, 499.89954135280277, -0.455823091975617]","[9421.8990847789, -794.9671525505512, 497.94847330597986, 43.59221243967522]","[9545.770904740377, -778.2619451565423, 495.48727984591096, 66.82082957603552]","[9528.798416265923, -756.6096580364512, -67.88995389781485, 86.60914848036464]","[9413.234750006615, -739.1305343794471, -462.25466503723146, 69.91649462801615]","[9289.59866103882, -720.8331244810377, -494.5443558711777, 73.18963959363782]","[9165.88304926444, -702.9600328826002, -494.8624470975269, 71.49236639374982]","[9042.167437490063, -685.0869412841628, -494.8624470975046, 71.49236639374976]","[8918.451825715685, -667.2138496857253, -494.8624470975119, 71.49236639374976]","[8794.736213941307, -649.3407580872879, -494.8624470975119, 71.49236639374976]","[8671.02060216693, -631.4676664888505, -494.8624470975119, 71.49236639374976]","[8547.304990392551, -613.594574890413, -494.8624470975119, 71.49236639374976]","[8423.589378618173, -595.7214832919756, -494.8624470975119, 71.49236639374976]","[8299.873766843795, -577.8483916935381, -494.8624470975119, 71.49236639374976]"
753,Robot,"[8176.158155069414, -559.9753000951007, 0, 0]","[8052.442543295013, -542.1022084966633, -494.86244709760285, 71.49236639374976]","[7928.726931520612, -524.2291168982258, -494.86244709760285, 71.49236639374976]","[7805.0113197462115, -506.3560252997888, -494.86244709760285, 71.49236639374794]","[7681.295707971811, -488.4829337013528, -494.86244709760285, 71.49236639374408]","[7557.58009619741, -470.6098421029168, -494.86244709760285, 71.49236639374408]","[7438.813108893985, -453.4516741684182, -475.06794921369874, 68.63267173799431]","[7315.097497119585, -435.5785825699822, -494.86244709760285, 71.49236639374408]","[7191.381885345184, -417.70549097154617, -494.8624470976033, 71.49236639374413]","[7067.666273570783, -399.83239937311015, -494.86244709760285, 71.49236639374408]","[6943.950661796383, -381.9593077746741, -494.8624470975992, 71.4923663937443]","[6820.235050021982, -364.0862161762381, -494.8624470976065, 71.49236639374385]","[6696.519438247581, -346.2131245778021, -494.86244709760285, 71.49236639374408]","[6572.80382647318, -328.340032979366, -494.86244709760285, 71.4923663937443]","[6449.08821469878, -310.46694138092903, -494.86244709760285, 71.49236639374794]","[6325.855705740351, -291.6870524988459, -492.9300358337132, 75.11955552833251]"
754,Robot,"[6203.151281365736, -267.8412092783594, 0, 0]","[6080.4468569911205, -243.99536605787247, -490.81769749846353, 95.3833728819476]","[5957.7424326165055, -220.14952283738523, -490.8176974984599, 95.38337288194896]","[5835.038008241891, -196.303679616898, -490.8176974984599, 95.38337288194896]","[5712.333583867276, -172.45783639641076, -490.8176974984599, 95.38337288194896]","[5589.629159492661, -148.61199317592352, -490.8176974984599, 95.38337288194896]","[5466.924735118046, -124.76614995543628, -490.8176974984599, 95.38337288194896]","[5344.220310743431, -100.92030673494904, -490.8176974984599, 95.38337288194896]","[5221.515886368816, -77.0744635144618, -490.81769749846035, 95.38337288194904]","[5098.811461994201, -53.22862029397456, -490.8176974984599, 95.38337288194896]","[4978.346896292846, -21.53718918177172, -481.8582628054173, 126.76572444881135]","[4859.410873294949, 13.887697377884647, -475.7440919915898, 141.69954623862546]","[4736.608149199172, 37.2220273373424, -491.2108963831088, 93.33731983783102]","[4613.805425103395, 60.55635729680021, -491.2108963831088, 93.33731983783122]","[4491.002701007617, 83.89068725625786, -491.2108963831088, 93.33731983783062]","[4368.206922291819, 107.26082322130463, -491.1831148631936, 93.48054386018708]"
755,Robot,"[4245.404002596632, 130.59412376657642, 0, 0]","[4122.601082901446, 153.9274243118485, -491.2116787807463, 93.33320218108838]","[3999.79816320625, 177.2607248571206, -491.2116787807827, 93.33320218108838]","[3876.995243511052, 200.5940254023927, -491.2116787807918, 93.33320218108838]","[3755.5499185201656, 224.37943765166224, -485.7812999635462, 95.14164899707816]","[3663.160803843643, 278.8154483230596, -369.5564587060908, 217.74404268558953]","[3617.586367774905, 378.7958634588415, -182.2977442749525, 399.9216605431275]","[3617.373297113372, 503.6581786207142, -0.8522826461321529, 499.44926064749075]","[3593.6717720845054, 615.7857960796784, -94.80610011546568, 448.51046983585746]","[3544.83828276066, 701.2272663173701, -195.33395729538097, 341.7658809507666]","[3528.566316859716, 815.0065297218979, -65.08786360377599, 455.1170536181112]","[3522.466123548368, 934.699916141688, -24.400773245391974, 478.77354567916063]","[3529.441833115019, 1057.7006916663447, 27.902838266603794, 492.00310209862664]","[3472.9556555711665, 1137.9830546086462, -225.94471017541036, 321.12945176920584]","[3348.7403003866307, 1132.3023214087232, -496.86142073814335, -22.72293279969199]","[3224.0066933394546, 1124.1458961500018, -498.93442818870426, -32.625701034885424]"
756,Robot,"[3099.2730862922785, 1115.9894708912805, 0, 0]","[2974.5394792451025, 1107.833045632559, -498.93442818870426, -32.625701034885424]","[2849.8058721979264, 1099.6766203738375, -498.93442818870426, -32.62570103488633]","[2725.0722651507504, 1091.5201951151164, -498.93442818870426, -32.625701034884514]","[2600.3386581035743, 1083.363769856395, -498.93442818870426, -32.625701034885424]","[2475.605051056398, 1075.2073445976737, -498.93442818870426, -32.625701034885424]","[2350.871444009222, 1067.0509193389523, -498.93442818870426, -32.625701034885424]","[2226.137836962046, 1058.894494080231, -498.93442818870426, -32.625701034885424]","[2101.40422991487, 1050.7380688215096, -498.9344281887047, -32.62570103488545]","[1976.670622867694, 1042.5816435627885, -498.93442818870426, -32.625701034884514]","[1851.937015820518, 1034.425218304067, -498.93442818870426, -32.62570103488633]","[1727.2034087733418, 1026.2687930453455, -498.93442818870426, -32.625701034885424]","[1602.4698017261658, 1018.112367786622, -498.93442818870426, -32.625701034894064]","[1477.7361946789897, 1009.9559425278978, -498.93442818870426, -32.62570103489679]","[1353.0025876318136, 1001.7995172691736, -498.93442818870426, -32.62570103489679]","[1228.2689805846376, 993.6430920104494, -498.93442818870426, -32.62570103489679]"
757,Robot,"[1103.5353735374615, 985.4866667517252, 0, 0]","[978.8017664902866, 977.3302414930016, -498.9344281886997, -32.62570103489452]","[854.0681594431134, 969.1738162342788, -498.9344281886929, -32.625701034891335]","[729.3345523959401, 961.0173909755562, -498.9344281886929, -32.625701034890426]","[604.6009453487669, 952.8609657168334, -498.9344281886929, -32.62570103489088]","[479.8673383015933, 944.7045404581108, -498.9344281886945, -32.625701034890426]","[356.46961790277527, 948.6677631324626, -493.5908815952721, 15.85289069740702]","[236.50703459973127, 983.7957947775778, -479.850333212176, 140.51212658046097]","[116.5444512966867, 1018.9238264226932, -479.85033321217867, 140.51212658046154]","[-3.4181320063577845, 1054.0518580678083, -479.85033321217793, 140.51212658046052]","[-123.38071530940232, 1089.1798897129236, -479.85033321217816, 140.51212658046097]","[-243.3432986124469, 1124.3079213580388, -479.85033321217827, 140.51212658046097]","[-363.3058819154908, 1159.435953003154, -479.85033321217554, 140.51212658046097]","[-483.2684652185347, 1194.5639846482693, -479.85033321217566, 140.51212658046097]","[-603.2310485215786, 1229.6920162933843, -479.85033321217566, 140.51212658046006]","[-723.1936318246225, 1264.8200479384998, -479.8503332121754, 140.51212658046188]"
758,Robot,"[-843.1562151276663, 1299.948079583615, 0, 0]","[-963.1187984307102, 1335.0761112287305, -479.8503332121754, 140.51212658046188]","[-1083.081381733754, 1370.2041428738455, -479.850333212175, 140.51212658046006]","[-1203.043965036798, 1405.3321745189608, -479.85033321217634, 140.51212658046097]","[-1323.006548339842, 1440.460206164076, -479.85033321217634, 140.51212658046097]","[-1442.9691316428857, 1475.5882378091912, -479.8503332121745, 140.51212658046097]","[-1562.9317149459296, 1510.7162694543065, -479.8503332121754, 140.51212658046097]","[-1682.8942982489734, 1545.8443010994215, -479.8503332121754, 140.51212658046006]","[-1802.8568815520173, 1580.972332744537, -479.8503332121758, 140.512126580462]","[-1922.8194648550607, 1616.1003643896522, -479.8503332121736, 140.51212658046097]","[-2042.782048158105, 1651.2283960347677, -479.85033321217725, 140.51212658046188]","[-2162.7446314611543, 1686.3564276798827, -479.85033321219726, 140.51212658046006]","[-2282.707214764204, 1721.484459324998, -479.85033321219817, 140.51212658046097]","[-2402.6697980672534, 1756.6124909701132, -479.85033321219817, 140.51212658046097]","[-2522.632381370303, 1791.7405226152284, -479.85033321219817, 140.51212658046097]","[-2642.5949646733525, 1826.868554260344, -479.85033321219817, 140.51212658046188]"
759,Robot,"[-2762.557547976402, 1861.996585905459, 0, 0]","[-2882.520131279452, 1897.1246175505744, -479.8503332122, 140.51212658046188]","[-3002.482714582501, 1932.2526491956892, -479.85033321219635, 140.51212658045915]","[-3122.44529788555, 1967.3806808408049, -479.85033321219635, 140.5121265804628]","[-3242.4078811886, 2002.50871248592, -479.8503332122, 140.51212658046006]","[-3362.3704644916497, 2037.6367441310351, -479.85033321219817, 140.51212658046097]","[-3482.3330477946997, 2072.76477577615, -479.8503332122, 140.51212658046006]","[-3602.295631097749, 2107.8928074212654, -479.85033321219635, 140.51212658046097]","[-3722.2582144007984, 2143.0208390663806, -479.85033321219856, 140.51212658046109]","[-3842.220797703848, 2178.148870711496, -479.85033321219817, 140.51212658046097]","[-3962.1833810068974, 2213.276902356611, -479.85033321219817, 140.51212658046097]","[-4082.145964309947, 2248.4049340017264, -479.85033321219817, 140.51212658046097]","[-4202.1085476129965, 2283.5329656468416, -479.85033321219817, 140.51212658046097]","[-4322.071130916046, 2318.660997291957, -479.85033321219817, 140.51212658046097]","[-4442.033714219096, 2353.789028937072, -479.85033321219817, 140.51212658046097]","[-4561.996297522145, 2388.917060582188, -479.85033321219817, 140.5121265804628]"
760,Robot,"[-4681.958880825195, 2424.0450922273026, 0, 0]","[-4801.921464128244, 2459.173123872418, -479.85033321219817, 140.51212658046097]","[-4921.884047431294, 2494.301155517533, -479.85033321219817, 140.51212658046097]","[-5041.846630734343, 2529.4291871626483, -479.85033321219817, 140.51212658046097]","[-5161.809214037393, 2564.5572188077617, -479.85033321219817, 140.5121265804537]","[-5281.771797340442, 2599.6852504528724, -479.85033321219817, 140.51212658044278]","[-5401.734380643492, 2634.813282097983, -479.85033321219817, 140.51212658044278]","[-5523.348054332651, 2646.619143622398, -486.45469475663776, 47.22344609765969]","[-5647.063115785951, 2628.7422431750188, -494.8602458131977, -71.5076017895172]","[-5770.77817723925, 2610.8653427276395, -494.86024581319725, -71.50760178951714]","[-5894.493238692549, 2592.98844228026, -494.86024581319725, -71.50760178951714]","[-6018.208300145849, 2575.111541832881, -494.86024581319725, -71.50760178951714]","[-6141.923361599148, 2557.2346413855016, -494.86024581319725, -71.50760178951714]","[-6265.638423052447, 2539.3577409381223, -494.86024581319725, -71.50760178951714]","[-6322.519657443751, 2499.630000595875, -227.52493756521653, -158.91096136898886]","[-6234.166918570814, 2411.206058512011, 353.4109554917486, -353.6957683354558]"
761,Robot,"[-6145.814179697878, 2322.782116428147, 0, 0]","[-6057.461440824942, 2234.3581743442837, 353.41095549174497, -353.695768335454]","[-5969.1087019520055, 2145.93423226042, 353.41095549174497, -353.6957683354558]","[-5880.755963079069, 2057.510290176556, 353.41095549174497, -353.6957683354558]","[-5792.403224206133, 1969.0863480926864, 353.41095549174497, -353.6957683354776]","[-5704.050485333197, 1880.6624060088168, 353.41095549174497, -353.69576833547853]","[-5615.6977464602605, 1792.238463924947, 353.41095549174497, -353.69576833547944]","[-5527.345007587324, 1703.8145218410773, 353.41095549174497, -353.69576833547853]","[-5438.992268714388, 1615.3905797572077, 353.4109554917453, -353.6957683354789]","[-5356.129641600196, 1530.15191632106, 331.45050845676815, -340.95465374459036]","[-5273.272120138635, 1455.0108315353607, 331.43008584624476, -300.5643391427975]","[-5195.740050848003, 1405.0376499643198, 310.1282771625265, -199.89272628416347]","[-5145.044295607435, 1450.4903266538142, 202.78302096227344, 181.81070675797764]","[-5107.129702563996, 1532.210301408404, 151.6583721737552, 326.8798990183586]","[-5058.564659799257, 1565.117884496036, 194.26017105895517, 131.63033235052808]","[-5002.975348133277, 1565.310656836296, 222.3572466639198, 0.7710893610401399]"
762,Robot,"[-4957.67094773518, 1596.8102462245715, 0, 0]","[-4932.775782192572, 1690.935332396366, 99.58066217043233, 376.50034468717786]","[-4908.19985170835, 1773.5626432449358, 98.30372193688527, 330.5092433942791]","[-4863.803186918308, 1798.7167876232545, 177.5866591601698, 100.61657751327493]","[-4778.955112344141, 1772.2501786526443, 339.39229829666874, -105.86643588244078]","[-4680.740394645222, 1753.3136066485292, 392.8588707956733, -75.74628801646031]","[-4585.1553736384085, 1720.9434235921633, 382.3400840272552, -129.48073222546373]","[-4507.726788185992, 1685.464696520816, 309.71434180966753, -141.91490828538917]","[-4441.902629829274, 1648.8698651292784, 263.2966334268715, -146.37932556615047]","[-4383.976673308917, 1610.250687724838, 231.7038260814261, -154.47670961776203]","[-4330.9614887789885, 1566.5674525870745, 212.0607381197151, -174.73294055105362]","[-4281.000301902031, 1508.8937617467443, 199.8447475078283, -230.69476336132084]","[-4234.078434396991, 1432.052914820908, 187.68747002016244, -307.3633877033453]","[-4193.796300972925, 1330.2672273411995, 161.12853369626464, -407.14274991883394]","[-4153.994894494737, 1226.6755956444597, 159.20562591274938, -414.3665267869592]","[-4114.042553968568, 1123.6509770378586, 159.80936210467553, -412.0984744264042]"
763,Robot,"[-4063.6748509529857, 1017.9674346397708, 0, 0]","[-4001.258172471454, 909.666196201177, 249.66671392612625, -433.2049537543753]","[-3938.8414939899226, 801.3649577625831, 249.66671392612625, -433.2049537543753]","[-3876.424815508391, 693.0637193239893, 249.66671392612625, -433.2049537543753]","[-3814.00813702686, 584.7624808853955, 249.66671392612443, -433.2049537543753]","[-3751.591458545328, 476.46124244680215, 249.66671392612807, -433.20495375437326]","[-3689.174780063796, 368.16000400820974, 249.66671392612807, -433.2049537543696]","[-3626.7581015822648, 259.85876556961733, 249.66671392612443, -433.2049537543696]","[-3564.341423100733, 151.55752713102493, 249.66671392612648, -433.20495375437]","[-3501.9247446192016, 43.25628869243252, 249.66671392612625, -433.2049537543696]","[-3439.50806613767, -65.04494974615976, 249.66671392612625, -433.2049537543691]","[-3377.0913876561385, -173.3461881847519, 249.66671392612625, -433.20495375436855]","[-3314.674709174607, -281.64742662334373, 249.66671392612625, -433.20495375436735]","[-3252.2580306930754, -389.9486650619351, 249.66671392612625, -433.20495375436553]","[-3189.841352211544, -498.2499035005261, 249.66671392612625, -433.20495375436394]","[-3128.664470008336, -607.2424108694987, 244.7075288128308, -435.97002947589044]"
764,Robot,"[-3069.3472822226126, -717.271821634044, 0, 0]","[-3010.0300944368896, -827.3012323985894, 237.26875114289214, -440.11764305818133]","[-2950.7129066511666, -937.3306431631348, 237.26875114289214, -440.1176430581818]","[-2891.3957188654435, -1047.3600539276806, 237.26875114289214, -440.11764305818315]","[-2832.0785310797205, -1157.3894646922288, 237.26875114289214, -440.1176430581927]","[-2772.761343293997, -1267.418875456777, 237.26875114289396, -440.1176430581927]","[-2713.4441555082744, -1377.4482862213251, 237.26875114289032, -440.1176430581927]","[-2654.1269677225514, -1487.4776969858733, 237.26875114289214, -440.1176430581927]","[-2594.8097799368284, -1597.5071077504217, 237.26875114289234, -440.117643058194]","[-2535.4925921511053, -1707.5365185149697, 237.26875114289214, -440.1176430581918]","[-2476.1754043653823, -1817.5659292795176, 237.26875114289214, -440.1176430581918]","[-2416.8582165796597, -1927.595340044066, 237.26875114289032, -440.1176430581936]","[-2357.541028793936, -2037.6247508086144, 237.26875114289396, -440.1176430581936]","[-2298.223841008213, -2147.654161573162, 237.26875114289214, -440.1176430581909]","[-2238.90665322249, -2257.6835723377103, 237.26875114289214, -440.1176430581927]","[-2179.589465436767, -2367.7129831022585, 237.26875114289214, -440.1176430581927]"
765,Robot,"[-2120.272277651044, -2477.7423938668067, 0, 0]","[-2060.955089865321, -2587.771804631355, 237.26875114289214, -440.1176430581927]","[-2001.637902079598, -2697.801215395903, 237.26875114289214, -440.1176430581927]","[-1942.320714293875, -2807.830626160451, 237.26875114289214, -440.1176430581927]","[-1883.003526508152, -2917.860036925, 237.26875114289214, -440.1176430581945]","[-1823.686338722429, -3027.8894476895475, 237.26875114289214, -440.1176430581909]","[-1764.369150936706, -3137.918858454096, 237.26875114289123, -440.1176430581945]","[-1705.0519631509828, -3247.948269218644, 237.26875114289305, -440.1176430581909]","[-1645.7347753652598, -3357.977679983192, 237.26875114289234, -440.1176430581931]","[-1586.4175875795368, -3468.00709074774, 237.26875114289214, -440.1176430581927]","[-1518.3698541229874, -3398.4563049975127, 272.1909338261976, 278.20314300091013]","[-1448.6591595862806, -3294.699767530186, 278.8427781468272, 415.0261498693071]","[-1378.9484650495738, -3190.943230062859, 278.8427781468272, 415.0261498693071]","[-1309.237770512867, -3087.1866925955323, 278.8427781468272, 415.0261498693071]","[-1239.5270759761602, -2983.4301551282056, 278.8427781468272, 415.0261498693071]","[-1169.8163814394534, -2879.6736176608792, 278.8427781468272, 415.0261498693053]"
766,Robot,"[-1100.1056869027466, -2775.9170801935525, 0, 0]","[-1030.3949923660398, -2672.1605427262257, 278.8427781468272, 415.0261498693071]","[-981.79139771217, -2559.8950945940105, 194.4143786154791, 449.0617925288607]","[-962.7443176195218, -2437.010375568856, 76.18832037059292, 491.5388761006179]","[-940.9474369213732, -2313.925461822977, 87.18752279259434, 492.3396549835161]","[-917.0876267101838, -2195.698268454347, 95.43924084475748, 472.9087734745208]","[-873.6422416231284, -2124.5171566150734, 173.78154034822182, 284.7244473570936]","[-836.3435492919397, -2040.2633066151, 149.19476932475482, 337.0153999998938]","[-815.8443215223858, -1916.9556358851253, 81.99691107821543, 493.2306829198992]","[-795.345093752832, -1793.6479651551508, 81.99691107821536, 493.23068291989784]","[-774.8458659832781, -1670.3402944251764, 81.99691107821536, 493.23068291989784]","[-754.3466382137243, -1547.032623695202, 81.99691107821536, 493.23068291989784]","[-733.8474104441705, -1423.7249529652274, 81.99691107821536, 493.23068291989784]","[-713.3481826746166, -1300.417282235253, 81.99691107821536, 493.23068291989784]","[-692.8489549050628, -1177.1096115052785, 81.99691107821536, 493.23068291989784]","[-672.3497271355089, -1053.801940775304, 81.99691107821536, 493.23068291989784]"
767,Robot,"[-651.850499365955, -930.4942700453296, 0, 0]","[-631.3512715963998, -807.1865993153551, 81.99691107822082, 493.23068291989784]","[-610.8520438268446, -683.8789285853807, 81.99691107822082, 493.23068291989784]","[-590.3528160572894, -560.5712578554062, 81.99691107822082, 493.23068291989784]","[-569.853588287734, -437.2635871254317, 81.99691107822127, 493.2306829198981]","[-549.3543605181789, -313.9559163954573, 81.99691107822082, 493.2306829198976]","[-528.8551327486236, -190.6482456654824, 81.99691107822082, 493.23068291989955]","[-508.3559049790682, -67.34057493550743, 81.99691107822173, 493.23068291989983]","[-487.856677209513, 55.96709579446739, 81.99691107822089, 493.2306829198998]","[-467.35744943995775, 179.27476652444236, 81.99691107822105, 493.2306829198999]","[-446.8582216704025, 302.58243725441724, 81.99691107822105, 493.23068291989955]","[-426.3589939008472, 425.8901079843917, 81.99691107822105, 493.23068291989784]","[-405.859766131292, 549.1977787143662, 81.99691107822082, 493.2306829198981]","[-385.3605383617367, 672.5054494443407, 81.99691107822127, 493.23068291989784]","[-364.86131059218144, 795.8131201743151, 81.99691107822105, 493.23068291989784]","[-344.3620828226262, 919.1207909042896, 81.99691107822105, 493.23068291989784]"
768,Robot,"[-323.8628550530709, 1042.428461634264, 0, 0]","[-303.36362728351565, 1165.7361323642383, 81.99691107822105, 493.23068291989694]","[-282.8643995139604, 1289.043803094213, 81.99691107822105, 493.23068291989875]","[-261.80518152071187, 1412.220929025665, 84.2368719729941, 492.70850372580844]","[-241.346422059566, 1535.5353205674137, 81.83503784458344, 493.25756616699437]","[-220.88766259841995, 1658.8497121091605, 81.83503784458424, 493.2575661669871]","[-198.0600882738428, 1781.7364236316653, 91.31029729830857, 491.54684609001924]","[-173.70778796258912, 1904.3313868470696, 97.40920124501474, 490.3798528616171]","[-153.86512425384996, 2027.746392703656, 79.37065483495674, 493.66002342634647]","[-134.0367457306272, 2151.1637148474256, 79.31351409289107, 493.6692885750781]","[-112.92056832519364, 2274.3629847914226, 84.46470962173419, 492.7970797759881]","[-92.8082246403208, 2397.7301419884743, 80.44937473949136, 493.46862878820684]","[-73.24274531602671, 2521.189414701429, 78.26191729717635, 493.8370908518191]","[-53.67726599173261, 2644.6486874143848, 78.26191729717641, 493.8370908518227]","[-34.111786667438295, 2768.10796012734, 78.26191729717726, 493.8370908518209]","[-68.65450612393052, 2823.2632747259704, -138.1708778259689, 220.62125839452165]"
769,Robot,"[-184.35952375160295, 2775.9626521531136, 0, 0]","[-300.0645413792756, 2728.662029580257, -462.8200705106907, -189.20249029142724]","[-415.7695590069482, 2681.3614070074, -462.82007051069036, -189.20249029142724]","[-531.4745766346209, 2634.060784434543, -462.8200705106908, -189.20249029142724]","[-647.1795942622936, 2586.7601618616864, -462.8200705106906, -189.20249029142724]","[-762.8846118899662, 2539.459539288829, -462.8200705106906, -189.20249029142906]","[-878.5896295176389, 2492.1589167159727, -462.8200705106906, -189.20249029142542]","[-994.2946471453116, 2444.858294143116, -462.82007051069104, -189.20249029142724]","[-1109.999664772982, 2397.557671570259, -462.8200705106819, -189.2024902914274]","[-1225.7046824006518, 2350.2570489974023, -462.8200705106792, -189.20249029142724]","[-1341.2867038910665, 2304.683161788841, -462.32808596165887, -182.29554883424498]","[-1445.422240576912, 2273.8612397137063, -416.54214674338164, -123.28768830053923]","[-1548.9412145214642, 2216.272805292717, -414.0758957782091, -230.35373768395766]","[-1629.0221336671011, 2128.5177326046687, -320.3236765825477, -351.0202907521925]","[-1671.9562115567355, 2015.565501141731, -171.73631155853764, -451.80892585175116]","[-1781.850600115477, 2032.648425833046, -439.57755423496565, 68.33169876526063]"
770,Robot,"[-1894.0178394550296, 2086.957397059678, 0, 0]","[-1981.9118115455476, 2124.983233845883, -351.57588836207196, 152.10334714482087]","[-2052.4870795987413, 2123.038156696671, -282.30107221277467, -7.7803085968480445]","[-1986.4684755905805, 2154.3750799380523, 264.07441603264306, 125.3476929655244]","[-2082.609626842848, 2203.947268669433, -384.56460500906906, 198.28875492552288]","[-2180.9100780474687, 2280.246227440433, -393.20180481848365, 305.19583508399955]","[-2268.447994561182, 2369.37299672626, -350.1516660548532, 356.5070771433093]","[-2336.5002744391827, 2473.747190417349, -272.20911951200287, 417.496774764355]","[-2337.776955054429, 2596.529274121797, -5.106722460985115, 491.1283348177917]","[-2395.686160390457, 2703.350974909191, -231.63682134411283, 427.2868031495764]","[-2491.7539046991947, 2654.2969078639635, -384.2709772349499, -196.21626818090954]","[-2580.2296432251323, 2565.996037583476, -353.90295410375074, -353.20348112194915]","[-2668.70538175107, 2477.695167302989, -353.90295410375074, -353.20348112194915]","[-2757.181120277008, 2389.394297022501, -353.90295410375256, -353.203481121951]","[-2845.6243535365106, 2301.1244876300625, -353.7729330380098, -353.0792375697547]","[-2934.100150738681, 2212.823676142059, -353.9031888086811, -353.2032459520142]"
771,Robot,"[-3022.575947940851, 2124.5228646540545, 0, 0]","[-3111.051745143021, 2036.2220531660496, -353.90318880867926, -353.20324595201964]","[-3199.527542345192, 1947.921241678044, -353.9031888086847, -353.20324595202237]","[-3288.003339547362, 1859.6204301900384, -353.90318880867926, -353.20324595202237]","[-3376.479136749532, 1771.3196187020328, -353.90318880867926, -353.20324595202237]","[-3464.9549339517025, 1683.0188072140272, -353.9031888086829, -353.20324595202237]","[-3553.430731153873, 1594.7179957260216, -353.9031888086811, -353.20324595202237]","[-3641.906528356043, 1506.417184238016, -353.9031888086811, -353.20324595202237]","[-3751.6112073661775, 1460.9787630541628, -438.81871604053816, -181.7536847354133]","[-3875.4684742482905, 1444.1152687397444, -495.4290675284519, -67.45397725767361]","[-3999.3257411304025, 1427.251774425326, -495.4290675284483, -67.45397725767361]","[-4123.183008012517, 1410.3882801109075, -495.4290675284592, -67.45397725767361]","[-4247.040274894641, 1393.5247857964891, -495.42906752849376, -67.45397725767361]","[-4370.897541776764, 1376.6612914820707, -495.42906752849376, -67.45397725767361]","[-4432.710534022833, 1393.1622008492932, -247.25196898427384, 66.00363746888979]","[-4330.752563799792, 1455.97006178325, 407.8318808921613, 251.23144373582727]"
772,Robot,"[-4212.750718959223, 1497.2079644241826, 0, 0]","[-4094.7488741186535, 1538.4458670651136, 472.0073793622796, 164.951610563724]","[-3976.747029278085, 1579.683769706044, 472.00737936227415, 164.95161056372126]","[-3858.745184437516, 1620.921672346975, 472.00737936227597, 164.951610563724]","[-3740.7433395969465, 1662.1595749879052, 472.0073793622778, 164.95161056372126]","[-3622.7414947563775, 1703.3974776288358, 472.00737936227597, 164.95161056372217]","[-3504.7396499158085, 1744.6353802697663, 472.00737936227597, 164.95161056372217]","[-3386.7378050752395, 1785.8732829106968, 472.00737936227597, 164.95161056372217]","[-3268.7359602346705, 1827.1111855516276, 472.00737936227637, 164.95161056372322]","[-3150.734115394101, 1868.349088192558, 472.0073793622778, 164.95161056372126]","[-3032.7322705535325, 1909.5869908334885, 472.00737936227415, 164.95161056372217]","[-2914.730425712964, 1950.824893474419, 472.00737936227415, 164.95161056372217]","[-2796.7285808723946, 1992.0627961153496, 472.0073793622778, 164.95161056372217]","[-2678.7267360318256, 2033.30069875628, 472.00737936227597, 164.95161056372217]","[-2560.7248911912566, 2074.538601397212, 472.00737936227597, 164.95161056372763]","[-2442.723046350688, 2115.7765040381446, 472.00737936227415, 164.95161056373036]"
773,Robot,"[-2324.7212015101186, 2157.014406679077, 0, 0]","[-2204.369299187441, 2189.845149665241, 481.40760929071075, 131.32297194465536]","[-2088.876142667128, 2237.5387227047463, 461.9726260812513, 190.77429215802113]","[-1985.036331612852, 2286.898243882542, 415.3592442171039, 197.43808471118246]","[-1985.036331612852, 2286.898243882542, 0.0, 0.0]","[-1963.5466690759208, 2284.850105504679, 85.95865014772517, -8.192553511451479]","[-1862.4819275168104, 2321.4954379355872, 404.25896623644167, 146.58132972363273]","[-1749.431131142684, 2374.4734726333945, 452.2031854965053, 211.91213879122915]","[-1746.5809506413248, 2395.503782538038, 11.400722005437284, 84.12123961857476]","[-1756.9750702766328, 2488.813827294603, -41.57647854123206, 373.2401790262593]","[-1663.4297059965315, 2538.2689567058283, 374.18145712040496, 197.82051764490097]","[-1542.2924180909145, 2569.10331220213, 484.54915162246834, 123.33742198520667]","[-1421.1551301852974, 2599.93766769843, 484.54915162246834, 123.3374219851994]","[-1303.474555501124, 2635.045808039723, 470.7222987366931, 140.43256136517266]","[-1192.0974858873926, 2687.1143445053663, 445.50827845492586, 208.27414586257328]","[-1077.79337810347, 2736.0722350446795, 457.2164311356901, 195.83156215725285]"
774,Robot,"[-955.354823369785, 2761.247626098765, 0, 0]","[-832.9162686360999, 2786.423017152855, 489.7542189347405, 100.70156421636057]","[-710.4777139024147, 2811.5984082069463, 489.7542189347405, 100.7015642163642]","[-588.0391591687296, 2836.7737992610378, 489.7542189347405, 100.70156421636602]","[-465.6006044350445, 2861.949190315129, 489.7542189347405, 100.7015642163642]","[-397.89445033948607, 2865.0349919636697, 270.82461638223367, 12.343206594163348]","[-503.5075649313289, 2798.1704271613, -422.45245836737126, -267.45825920947937]","[-609.120679523173, 2731.30586235893, -422.45245836737627, -267.45825920947937]","[-714.7337941150172, 2664.44129755656, -422.45245836737735, -267.4582592094796]","[-820.3469087068614, 2597.5767327541903, -422.45245836737695, -267.45825920947937]","[-925.9600232987056, 2530.7121679518204, -422.4524583673765, -267.45825920947937]","[-1031.5731378905498, 2463.8476031494506, -422.45245836737695, -267.45825920947937]","[-1137.1862524823912, 2396.9830383470808, -422.4524583673656, -267.45825920947937]","[-1242.7993670742326, 2330.118473544711, -422.4524583673656, -267.45825920947937]","[-1348.412481666074, 2263.253908742341, -422.4524583673656, -267.45825920947937]","[-1454.0255962579154, 2196.3893439399712, -422.4524583673656, -267.45825920947937]"
775,Robot,"[-1559.6387108497568, 2129.5247791376014, 0, 0]","[-1665.2518254415982, 2062.660214335232, -422.4524583673656, -267.45825920947755]","[-1770.8649400334396, 1995.7956495328615, -422.4524583673656, -267.4582592094821]","[-1876.478054625281, 1928.931084730492, -422.4524583673656, -267.45825920947755]","[-1982.0911692171223, 1862.066519928122, -422.4524583673656, -267.4582592094803]","[-2087.704283808966, 1795.2019551257522, -422.4524583673747, -267.45825920947937]","[-2173.568206228409, 1710.4948725746376, -343.45568967777217, -338.8283302044583]","[-2236.991144857627, 1603.3102621071068, -253.6917545168726, -428.7384418701231]","[-2261.1302267554474, 1483.5885212464996, -96.55632759128102, -478.8869634424295]","[-2269.702449915336, 1359.142842575225, -34.288892639553524, -497.78271468509865]","[-2287.589081141275, 1235.5809983861795, -71.54652490375702, -494.24737675618144]","[-2272.026632985341, 1166.941156125693, 62.24979262373563, -274.5593690419464]","[-2272.026632985341, 1166.941156125693, 0.0, 0.0]","[-2321.4274926004687, 1165.8011533594708, -197.60343846051, -4.560011064888386]","[-2435.5578507565137, 1115.3488849641356, -456.5214326241803, -201.80907358134118]","[-2549.1512180554178, 1063.1804375490929, -454.37346919561605, -208.67378966017077]"
776,Robot,"[-2662.7445853543218, 1011.0119901340514, 0, 0]","[-2776.394609961521, 958.967716840122, -454.6000984287966, -208.1770931757178]","[-2889.683034237635, 906.1725591123786, -453.153697104457, -211.18063091097338]","[-3003.138992000029, 855.029576938202, -453.82383104957444, -204.57192869670644]","[-3116.230762530806, 835.4387041155542, -452.36708212310805, -78.36349129059136]","[-3217.27161098156, 858.2937187171751, -404.16339380301724, 91.4200584064838]","[-3302.9879859490093, 947.605024520242, -342.8654998697966, 357.2452232122673]","[-3387.5069816956934, 1019.29131339298, -338.07598298673656, 286.74515549095213]","[-3476.1494840876853, 1053.5731820342917, -354.570009567968, 137.12747456524687]","[-3560.8191623215826, 1094.2502973234025, -338.6787129355889, 162.70846115644326]","[-3635.112819913218, 1191.7982684902634, -297.17463036654226, 390.19188466744345]","[-3704.250913570005, 1259.378796727966, -276.5523746271483, 270.32211295081015]","[-3786.289577342643, 1184.191610189294, -328.1546550905514, -300.748746154688]","[-3875.711797101672, 1096.867825222368, -357.6888790361154, -349.29513986770326]","[-3969.7735223834015, 1014.7863162633262, -376.2469011269186, -328.32603583616765]","[-4063.013737127027, 933.3365616665428, -372.9608589745021, -325.7990183871334]"
777,Robot,"[-4150.715689127593, 844.2671077820005, 0, 0]","[-4236.1198317196095, 753.1618340688799, -341.6165703680672, -364.4210948524824]","[-4320.819719844875, 665.0513849612042, -338.79955250106286, -352.44179643070265]","[-4419.296555781568, 590.0930505050592, -393.9073437467705, -299.8333378245802]","[-4542.790963296097, 572.6106495625594, -493.97763005811794, -69.92960376999918]","[-4666.611100875348, 557.9317594246975, -495.28055031700205, -58.71556055144765]","[-4772.805391987966, 493.6711519991144, -424.7771644504719, -257.04242970233236]","[-4854.544011622435, 438.75473927702575, -326.95447853787846, -219.66565088835455]","[-4949.263766149496, 453.6135772780036, -378.8790181082444, 59.435352003911525]","[-4954.486190752013, 389.8846320068326, -20.88969841006474, -254.9157810846841]","[-4985.422354060424, 268.7733038836736, -123.74465323364711, -484.44531249263605]","[-4988.272515802171, 149.5759412947899, -11.400646966987551, -476.78945035553465]","[-4941.192008092074, 33.78118410017464, 188.32203084039065, -463.1790287784611]","[-4894.111500381976, -82.01357309444064, 188.32203084039065, -463.17902877846115]","[-4847.030992671878, -197.80833028905596, 188.32203084039065, -463.17902877846126]","[-4799.950484961781, -313.60308748367123, 188.32203084039065, -463.1790287784611]"
778,Robot,"[-4752.869977251683, -429.3978446782865, 0, 0]","[-4705.789469541585, -545.1926018729018, 188.32203084039065, -463.1790287784613]","[-4658.708961831488, -660.9873590675171, 188.32203084039065, -463.1790287784611]","[-4611.62845412139, -776.7821162621324, 188.32203084039065, -463.1790287784611]","[-4564.547946411292, -892.5768734567476, 188.32203084039065, -463.1790287784611]","[-4517.467438701195, -1008.3716306513634, 188.32203084039065, -463.1790287784629]","[-4470.386930991097, -1124.1663878459815, 188.32203084039065, -463.17902877847246]","[-4423.306423280999, -1239.9611450405996, 188.32203084039065, -463.17902877847246]","[-4376.225915570902, -1355.7559022352175, 188.32203084039082, -463.17902877847195]","[-4329.145407860816, -1471.5506594298358, 188.32203084034336, -463.17902877847337]","[-4282.064900150729, -1587.345416624454, 188.322030840347, -463.17902877847246]","[-4234.984392440643, -1703.140173819072, 188.32203084034336, -463.17902877847246]","[-4187.9038847305565, -1818.9349310136904, 188.322030840347, -463.17902877847337]","[-4140.82337702047, -1934.7296882083083, 188.322030840347, -463.17902877847155]","[-4173.733824542666, -1825.746551979892, -131.64179008878637, 435.93254491366497]","[-4211.181075873589, -1706.487575932976, -149.78900532369153, 477.0359041876645]"
779,Robot,"[-4248.628327204512, -1587.2285998860598, 0, 0]","[-4286.075578535435, -1467.9696238391437, -149.78900532369153, 477.0359041876645]","[-4323.522829866358, -1348.7106477922275, -149.78900532369153, 477.0359041876645]","[-4357.849693516578, -1230.8526342550929, -137.30745460087928, 471.43205414853855]","[-4376.708494152763, -1124.190376783416, -75.4352025447406, 426.64902988670747]","[-4423.789317885496, -1009.2535631849825, -188.3232949309313, 459.74725439373424]","[-4510.366172781377, -920.5285727942032, -346.3074195835252, 354.8999615631169]","[-4464.420244234916, -966.3263825278608, 183.78371418584356, -183.1912389346303]","[-4376.315365417407, -1050.138003189071, 352.419515270038, -335.24648264484114]","[-4292.502939356834, -1136.6242429550357, 335.24970424229105, -345.94495906385873]","[-4212.047007523607, -1225.2018981150584, 321.82372733290686, -354.31062064009075]","[-4135.559137419048, -1313.711243784015, 305.9514804182363, -354.03738267582685]","[-4104.265910367561, -1374.1336314812158, 125.17290820594644, -241.689550788803]","[-4149.049240793515, -1339.7100939855927, -179.13332170381545, 137.6941499824925]","[-4198.559379206931, -1224.9331529465276, -198.04055365366366, 459.1077641562606]","[-4248.069517620347, -1110.1562119074624, -198.04055365366366, 459.1077641562606]"
780,Robot,"[-4297.579656033763, -995.3792708683972, 0, 0]","[-4347.089794447179, -880.6023298293304, -198.04055365366366, 459.10776415626697]","[-4396.599932860595, -765.8253887902624, -198.04055365366366, 459.10776415627197]","[-4446.678588789494, -651.970513232285, -200.3146237155961, 455.4195022319095]","[-4496.075037805779, -537.1445979318532, -197.58579606514104, 459.3036612017272]","[-4545.471486822064, -422.31868263142144, -197.58579606514104, 459.3036612017272]","[-4592.900876931055, -310.5443780459147, -189.7175604359618, 447.09721834202696]","[-4629.964587838506, -215.2369356852153, -148.2548436298057, 381.22976944279765]","[-4677.73054163044, -105.09967111867476, -191.06381516773416, 440.5490582661625]","[-4582.280501958785, -30.54535511185992, 381.8001586866194, 298.2172640272594]","[-4481.185838534366, 42.97245924018088, 404.3786536976768, 294.0712574081632]","[-4380.091175109947, 116.4902735922216, 404.3786536976768, 294.07125740816286]","[-4278.996511685523, 190.00808794426237, 404.378653697695, 294.0712574081631]","[-4177.901848261092, 263.525902296303, 404.3786536977241, 294.0712574081625]","[-4076.807184836661, 337.04371664834304, 404.3786536977241, 294.07125740816014]","[-3975.712521412231, 410.5615310003831, 404.3786536977186, 294.07125740816036]"
781,Robot,"[-3874.6178579878, 484.0793453524231, 0, 0]","[-3773.5231945633695, 557.597159704464, 404.37865369772226, 294.0712574081638]","[-3672.428531138939, 631.1149740565055, 404.37865369772226, 294.0712574081658]","[-3571.3338677145084, 704.632788408547, 404.37865369772226, 294.0712574081658]","[-3470.239204290078, 778.1506027605884, 404.37865369772226, 294.0712574081658]","[-3369.1445408656477, 851.6684171126299, 404.37865369772044, 294.0712574081658]","[-3267.649910017118, 924.1073501160506, 405.9785233941184, 289.755732013683]","[-3164.099320450323, 981.285503385594, 414.2023582671809, 228.7126130781735]","[-3072.457187019469, 1027.8309513221668, 366.5685337234157, 186.18179174629148]","[-3036.23293941642, 1099.5334232895889, 144.89699041219683, 286.8098878696883]","[-2971.307430914648, 1170.9090084089703, 259.7020340070867, 285.50234047752565]","[-2922.2928718531725, 1285.750721705323, 196.05823624590266, 459.36685318541095]","[-2908.1378270979785, 1409.2909270483524, 56.62017902077605, 494.1608213721174]","[-2918.645022586316, 1533.7786964095765, -42.02878195334961, 497.9510774448963]","[-2935.4284249003053, 1657.5218372875397, -67.13360925595771, 494.97256351185297]","[-2993.732398424079, 1762.7522774425793, -233.21589409509397, 420.92176062015824]"
782,Robot,"[-3082.769283444932, 1849.7476820197023, 0, 0]","[-3159.306896583256, 1947.6741394409337, -306.1504525532946, 391.70582968492545]","[-3109.2957874027657, 2032.562558497722, 200.04443672196066, 339.5536762271531]","[-2993.8157347417014, 2080.4097886933905, 461.92021064425717, 191.38892078267418]","[-2878.335682080637, 2128.257018889059, 461.92021064425717, 191.38892078267418]","[-2762.855629419573, 2176.104249084728, 461.92021064425717, 191.388920782676]","[-2647.3755767585085, 2223.951479280396, 461.92021064425717, 191.38892078267236]","[-2531.895524097444, 2271.7987094760647, 461.92021064425717, 191.38892078267418]","[-2416.41547143638, 2319.645939671733, 461.92021064425757, 191.38892078267253]","[-2300.935418775316, 2367.493169867402, 461.92021064425535, 191.388920782676]","[-2185.455366114252, 2415.3404000630703, 461.92021064425717, 191.38892078267418]","[-2069.975313453187, 2463.187630258739, 461.920210644259, 191.38892078267418]","[-1954.4952607921227, 2511.0348604544074, 461.92021064425717, 191.38892078267418]","[-1839.0152081310584, 2558.882090650076, 461.92021064425717, 191.38892078267418]","[-1723.5351554699942, 2606.7293208457445, 461.92021064425717, 191.38892078267418]","[-1608.05510280893, 2654.576551041413, 461.92021064425626, 191.38892078267418]"
783,Robot,"[-1492.5750501478656, 2702.4237812370816, 0, 0]","[-1377.0949974868013, 2750.27101143275, 461.92021064425717, 191.38892078267418]","[-1261.614944825737, 2798.1182416284187, 461.92021064425717, 191.38892078267418]","[-1146.1348921646727, 2845.965471824087, 461.92021064425717, 191.38892078267418]","[-1030.6548395036084, 2893.812702019756, 461.92021064425717, 191.388920782676]","[-915.1747868425414, 2941.6599322154243, 461.9202106442681, 191.38892078267236]","[-799.6947341814742, 2989.507162411093, 461.92021064426854, 191.38892078267418]","[-684.2146815204071, 3037.3543926067614, 461.92021064426854, 191.38892078267418]","[-568.73462885934, 3085.20162280243, 461.92021064426893, 191.38892078267435]","[-453.2545761982728, 3133.0488529980985, 461.92021064426876, 191.38892078267418]","[-337.77452353720565, 3180.896083193767, 461.92021064426854, 191.38892078267418]","[-222.2944708761372, 3228.743313389436, 461.92021064427377, 191.388920782676]","[-231.37587350493664, 3119.0396658592995, -36.325610515197695, -438.8145901205462]","[-251.28870702850725, 2995.6359420051804, -79.65133409428245, -493.61489541647643]","[-271.2015405520784, 2872.2322181510613, -79.65133409428472, -493.61489541647643]","[-291.11437407564966, 2748.828494296942, -79.65133409428495, -493.61489541647643]"
784,Robot,"[-311.02720759922096, 2625.424770442823, 0, 0]","[-330.94004112279225, 2502.021046588704, -79.65133409428518, -493.61489541647643]","[-350.85287464636355, 2378.617322734585, -79.65133409428518, -493.61489541647643]","[-370.7657081699349, 2255.2135988804657, -79.6513340942854, -493.61489541647643]","[-390.6785416935061, 2131.8098750263466, -79.65133409428472, -493.61489541647643]","[-410.5913752170774, 2008.4061511722296, -79.6513340942854, -493.61489541646824]","[-430.5042087406487, 1885.002427318116, -79.65133409428518, -493.6148954164546]","[-450.41704226422, 1761.5987034640027, -79.65133409428518, -493.6148954164528]","[-470.3298757877913, 1638.1949796098893, -79.65133409428525, -493.61489541645415]","[-493.32497464969737, 1515.329941909715, -91.98039544762423, -491.4601508006972]","[-516.448501234034, 1392.4873494659548, -92.49410633734647, -491.3703697750407]","[-539.5720278183707, 1269.6447570221949, -92.4941063373467, -491.37036977503976]","[-562.6955544027073, 1146.8021645784345, -92.4941063373467, -491.3703697750416]","[-585.819080987044, 1023.9595721346744, -92.4941063373467, -491.3703697750402]","[-608.9426075713807, 901.116979690914, -92.4941063373467, -491.3703697750416]","[-632.0661341557174, 778.274387247154, -92.4941063373467, -491.3703697750402]"
785,Robot,"[-655.189660740054, 655.4317948033938, 0, 0]","[-678.3131873243907, 532.5892023596336, -92.4941063373467, -491.3703697750407]","[-701.4367139087274, 409.7466099158746, -92.4941063373467, -491.3703697750361]","[-724.560240493064, 286.9040174721159, -92.4941063373467, -491.37036977503476]","[-747.6837670774007, 164.06142502835718, -92.4941063373467, -491.370369775035]","[-770.8072936617374, 41.218832584598175, -92.4941063373467, -491.370369775036]","[-793.9308202460741, -81.62375985916091, -92.4941063373467, -491.37036977503635]","[-817.0089420494376, -204.4747857521472, -92.312487213454, -491.40410357194514]","[-839.3389061281886, -327.4528344605436, -89.3198563150041, -491.9121948335861]","[-854.0147410045448, -451.5533825269491, -58.70333950542499, -496.40219226562203]","[-877.4762093943791, -574.3318802412991, -93.84587355933718, -491.11399085740004]","[-900.9376777842134, -697.1103779556491, -93.84587355933718, -491.11399085740004]","[-924.3991461740476, -819.8888756699992, -93.84587355933672, -491.11399085740004]","[-947.860614563882, -942.6673733843492, -93.84587355933763, -491.11399085740004]","[-971.3220829537164, -1065.4458710987, -93.84587355933763, -491.1139908574037]","[-994.7835513435506, -1188.224368813053, -93.84587355933672, -491.1139908574114]"
786,Robot,"[-1018.2450197333848, -1311.0028665274058, 0, 0]","[-1041.7194267816385, -1433.7788741474074, -93.89762819301495, -491.10403048000626]","[-1078.7072452987004, -1553.008066543147, -147.95127406824759, -476.9167695829583]","[-1120.143513898282, -1668.5188255886374, -165.74507439832632, -462.0430361819617]","[-1155.8219817843908, -1785.5306507561263, -142.71387154443528, -468.0473006699558]","[-1175.9229925128425, -1908.903477090528, -80.40404291380673, -493.4913053376067]","[-1215.55660379559, -1989.7802165598291, -158.5344451309902, -323.5069578772045]","[-1241.0292857165828, -2098.924397665374, -101.89072768397091, -436.5767244221788]","[-1290.3123199552715, -2154.0537175403038, -197.13213695475514, -220.51727949971993]","[-1343.5077234187538, -2194.0828198523345, -212.78161385392923, -160.1164092481231]","[-1366.007121855806, -2293.679489704519, -89.9975937482086, -398.3866794087371]","[-1376.663708775664, -2418.065931997716, -42.626347679432, -497.5457691727879]","[-1389.9741905482272, -2534.701940486566, -53.24192709025283, -466.54403395540066]","[-1400.9566014684544, -2656.475150431407, -43.92964368090907, -487.092839779365]","[-1411.0999168929432, -2781.06292331542, -40.57326169795488, -498.3510915360512]","[-1421.243232317432, -2905.650696199433, -40.573261697955786, -498.3510915360512]"
787,Robot,"[-1431.3865477419206, -3030.2384690834456, 0, 0]","[-1423.8726529936, -3150.9738725247976, 30.055578993282325, -482.94161376540796]","[-1408.2464494468838, -3268.4316179033835, 62.50481418686468, -469.8309815143439]","[-1389.509792785748, -3382.230526281043, 74.94662664454336, -455.195633510637]","[-1365.5197433832634, -3488.5321091417795, 95.9601976099384, -425.206331442947]","[-1311.5672820412317, -3498.5755776596216, 215.80984536812684, -40.17387407136812]","[-1223.131822168283, -3410.2343673608084, 353.74183949179496, 353.36484119525267]","[-1134.6963622953342, -3321.893157061995, 353.74183949179496, 353.36484119525267]","[-1046.2609024223857, -3233.551946763182, 353.7418394917944, 353.364841195253]","[-958.2803614957728, -3144.8089915276137, 351.92216370645156, 354.97182094227355]","[-869.8056148743493, -3056.507127389445, 353.89898648569397, 353.20745655267456]","[-781.3308682529257, -2968.2052632512773, 353.8989864856944, 353.2074565526709]","[-692.8561216315021, -2879.903399113109, 353.8989864856944, 353.20745655267274]","[-604.3813750100785, -2791.601534974941, 353.8989864856944, 353.20745655267274]","[-512.8425603256762, -2706.953139869832, 366.1552587376091, 338.5935804204364]","[-410.26508259523325, -2643.072360738099, 410.3099109217719, 255.5231165269306]"
788,Robot,"[-326.4633815291467, -2550.3239111638345, 0, 0]","[-242.6616804630603, -2457.57546158957, 335.2068042643457, 370.9937982970587]","[-150.1414809022751, -2375.1709855863032, 370.08079824314075, 329.61790401306644]","[-44.54353359944209, -2308.2824699395337, 422.391789211332, 267.5540625870781]","[71.08139911191078, -2263.191147366657, 462.4997308454115, 180.36529029150734]","[192.46107379557, -2233.48589043737, 485.51869873463687, 118.82102771714744]","[311.01647921594827, -2228.26852087726, 474.22162168151306, 20.869478240440003]","[402.3670803730216, -2313.408443484828, 365.4024046282934, -340.5596904302711]","[460.43577753532105, -2419.5319251156707, 232.27478864919792, -424.49392652337195]","[522.5298161971284, -2427.813132039849, 248.37615464722944, -33.1248276967126]","[622.693398681763, -2353.031739007602, 400.65432993853847, 299.1255721289872]","[722.8569811663976, -2278.250345975355, 400.65432993853847, 299.125572128989]","[823.0205636510323, -2203.468952943108, 400.65432993853847, 299.1255721289872]","[923.1841461356668, -2128.687559910861, 400.654329938538, 299.1255721289872]","[1023.3477286203016, -2053.906166878614, 400.6543299385394, 299.125572128989]","[1123.511311104936, -1979.1247738463655, 400.654329938538, 299.12557212899355]"
789,Robot,"[1223.6748935895707, -1904.3433808141176, 0, 0]","[1326.6447672747604, -1833.5937252196384, 411.8794947407587, 282.99862237791694]","[1425.0688196307512, -1756.572600041823, 393.6962094239634, 308.08450071126117]","[1520.0233379142214, -1675.3234299964774, 379.8180731338807, 324.99668018138254]","[1616.829003982819, -1598.0124220195423, 387.2226642743899, 309.24403190774046]","[1741.6898282914626, -1599.078098124594, 499.44329723457486, -4.262704420206319]","[1865.309426053997, -1617.4230873387978, 494.47839105013736, -73.37995685681562]","[1988.103151299974, -1640.6151398145273, 491.1749009839077, -92.76820990291799]","[2112.6692654584144, -1649.526274846294, 498.2644566337626, -35.644540127066676]","[2237.3122580364698, -1658.530056011639, 498.5719703122213, -36.01512466138047]","[2328.5899217502465, -1739.7356244449963, 365.110654855107, -324.82227373342903]","[2358.8804012087494, -1859.652047083216, 121.16191783401155, -479.6656905528789]","[2443.2778096784546, -1778.711889321302, 337.5896338788207, 323.7606310476567]","[2527.931419103618, -1686.7403371364517, 338.61443770065307, 367.8862087394009]","[2615.0370035930305, -1597.6351246917832, 348.4223379576506, 356.420849778674]","[2709.98051751796, -1517.3478798240587, 379.7740556997178, 321.14897947089776]"
790,Robot,"[2811.9099043487427, -1445.076153722856, 0, 0]","[2918.819172371443, -1380.3490629084167, 427.63707209080167, 258.9083632577567]","[3029.57443004024, -1322.4373079049706, 443.0210306751869, 231.64702001378464]","[3143.412325879384, -1270.8414110583826, 455.35158335657616, 206.3835873863518]","[3259.8218012025814, -1225.3409735828593, 465.63790129279005, 182.00174990209325]","[3378.4593456854523, -1186.0160272539542, 474.55017793148363, 157.29978531562028]","[3499.073219720477, -1153.2579852650972, 482.45549614009906, 131.03216795542812]","[3590.033593088695, -1132.6451511243563, 363.84149347287166, 82.45133656296366]","[3644.049401920971, -1116.0482593145707, 216.06323532910412, 66.38756723914236]","[3696.123580882325, -1099.2077335862166, 208.29671584541575, 67.36210291341649]","[3746.263121593645, -1082.1245587264127, 200.5581628452801, 68.3326994392155]","[3795.794330447341, -1064.9650847461503, 198.12483541478468, 68.63789592104968]","[3850.6710346231935, -1048.4760615837836, 219.50681670340964, 65.95609264946688]","[3911.0143173406254, -1032.6726759224175, 241.3731308697279, 63.21354264546426]","[3979.683468602523, -1012.99270558803, 274.6766050475908, 78.71988133754985]","[4054.096389200342, -983.3064766585236, 297.65168239127524, 118.74491571802582]"
791,Robot,"[4134.70791576536, -946.7454496227986, 0, 0]","[4200.528589818523, -888.3538078110695, 263.2826962126528, 233.5665672469163]","[4239.130351556882, -779.4686074412824, 154.40704695343447, 435.5408014791483]","[4280.144037787694, -661.4407792193867, 164.05474492325084, 472.1113128875827]","[4320.339296240981, -543.0797163740687, 160.78103381314577, 473.44425138127235]","[4360.534554694267, -424.7186535287517, 160.78103381314577, 473.4442513812678]","[4428.508282811483, -337.8082908722357, 271.89491246886246, 347.64145062606394]","[4490.589495849485, -267.94465546795914, 248.32485215200722, 279.4545416171063]","[4533.983743368628, -174.11233332131667, 173.5769900765737, 375.3292885865702]","[4572.237453139128, -55.25164968390076, 153.01483908199953, 475.44273454966367]","[4607.190360030861, 11.256000871895884, 139.81162756693084, 266.0306022231866]","[4638.351415127993, 30.477802700705737, 124.64422038853081, 76.88720731523941]","[4651.026603528585, 66.19895859126773, 50.7007536023666, 142.88462356224795]","[4671.706572371145, 63.43610108897867, 82.7198753702396, -11.051430009156235]","[4690.998973442257, 107.70103921491813, 77.16960428444872, 177.05975250375784]","[4703.351778273978, 232.0891745526152, 49.41121932688475, 497.55254135078826]"
792,Robot,"[4715.704583105699, 356.4773098903128, 0, 0]","[4757.65325418938, 465.51499774529697, 167.79468433472357, 436.15075141993657]","[4852.216798609878, 547.263001186569, 378.2541776819926, 326.99201376508813]","[4946.780343030377, 629.0110046278428, 378.2541776819926, 326.9920137650952]","[5041.343887450875, 710.7590080691167, 378.2541776819926, 326.99201376509563]","[5135.907431871373, 792.5070115103906, 378.2541776819926, 326.99201376509563]","[5230.470976291871, 874.2550149516645, 378.2541776819926, 326.99201376509563]","[5325.034520712369, 956.0030183929384, 378.2541776819926, 326.99201376509563]","[5419.598065132867, 1037.7510218342118, 378.2541776819929, 326.99201376509365]","[5514.161609553365, 1119.499025275485, 378.2541776819926, 326.99201376509336]","[5608.725153973864, 1201.247028716762, 378.2541776819926, 326.9920137651079]","[5703.288698394361, 1282.9950321580386, 378.25417768198895, 326.9920137651061]","[5797.852242814851, 1364.7430355993154, 378.25417768195985, 326.992013765107]","[5892.41578723534, 1446.491039040592, 378.2541776819562, 326.992013765107]","[5986.97933165583, 1528.2390424818689, 378.25417768195985, 326.992013765107]","[6081.542876076319, 1609.9870459231456, 378.2541776819562, 326.992013765107]"
793,Robot,"[6176.106420496808, 1691.7350493644224, 0, 0]","[6270.669964917298, 1773.4830528056991, 378.25417768195985, 326.992013765107]","[6365.233509337787, 1855.231056246976, 378.2541776819562, 326.9920137651079]","[6459.797053758276, 1936.9790596882528, 378.2541776819562, 326.992013765107]","[6554.360598178766, 2018.7270631295291, 378.25417768195985, 326.9920137651052]","[6648.924142599251, 2100.4750665708025, 378.25417768194166, 326.99201376509336]","[6743.487687019734, 2182.223070012073, 378.25417768193074, 326.99201376508245]","[6838.051231440217, 2263.9710734533446, 378.25417768193074, 326.9920137650861]","[6932.614775860699, 2345.719076894616, 378.2541776819311, 326.99201376508637]","[7027.178320281183, 2427.4670803358867, 378.2541776819344, 326.99201376508245]","[7125.987896503331, 2434.0512064425006, 395.2383048885931, 26.336504426455576]","[7239.831826460507, 2398.3985421136035, 455.37571982870213, -142.61065731558847]","[7358.558129888278, 2360.6083244320903, 474.9052137110848, -151.16087072605296]","[7476.792452607995, 2322.8964070099228, 472.9372908788682, -150.84766968867007]","[7594.394552803982, 2285.285337539008, 470.4084007839483, -150.4442778836583]","[7711.178471356516, 2247.804778986959, 467.1356742101343, -149.92223420819755]"
794,Robot,"[7826.895683149169, 2210.4943744349493, 0, 0]","[7941.256488003816, 2173.658571198708, 457.44321941859016, -147.34321294496476]","[8029.060380619696, 2090.6706361546194, 351.2155704635188, -331.9517401763551]","[8067.999387179753, 1972.113522476192, 155.7560262402294, -474.22845471370965]","[8165.761539983323, 1943.2831913372247, 391.04861121427894, -115.32132455586907]","[8279.757468022593, 1994.5660187794324, 455.98371215708175, 205.13130976883076]","[8393.75339606187, 2045.84884622164, 455.9837121571036, 205.13130976883076]","[8507.749324101145, 2097.131673663848, 455.9837121571036, 205.13130976883076]","[8621.745252140421, 2148.4145011060555, 455.983712157104, 205.13130976883093]","[8735.741180179697, 2199.697328548269, 455.9837121571036, 205.1313097688544]","[8849.737108218973, 2250.980155990488, 455.9837121571036, 205.13130976887624]","[8858.593579530949, 2278.262459459478, 35.42588524790335, 109.12921387595998]","[8733.63619682636, 2274.9986415079948, -499.8295308183515, -13.055271805933444]","[8608.678814121773, 2271.7348235565114, -499.8295308183515, -13.055271805933444]","[8483.721431417185, 2268.471005605028, -499.8295308183515, -13.055271805933444]","[8358.764048712597, 2265.2071876535447, -499.8295308183515, -13.055271805933444]"
795,Robot,"[8233.80666600801, 2261.9433697020613, 0, 0]","[8109.329460197102, 2260.8806314438007, -497.90882324362974, -4.250953033042606]","[7985.056501826041, 2263.1082257651046, -497.09183348424267, 8.910377285215873]","[7860.82198559428, 2265.5009702701464, -496.93806492704607, 9.570978020166876]","[7737.772967384064, 2279.7732351448094, -492.19607284086305, 57.089059498652205]","[7619.146337551968, 2317.3238097223416, -474.50651932838446, 150.20229831012875]","[7495.191490948353, 2315.3397640812336, -495.8193864144596, -7.936182564431874]","[7371.324041383402, 2315.3902296318734, -495.4697982598045, 0.20186220255891385]","[7251.981543926641, 2347.779504445308, -477.36998982704284, 129.55709925373787]","[7134.383757549132, 2390.154482303921, -470.39114551003877, 169.49991143445368]","[7017.266396002262, 2433.838771128665, -468.46944618747875, 174.73715529897527]","[6902.095929386642, 2478.2732515674907, -460.6818664624807, 177.73792175530252]","[6787.561507324741, 2484.602518233964, -458.13768824760336, 25.317066665893435]","[6672.196199564106, 2436.4792830425126, -461.46123104254, -192.49294076580554]","[6556.830891803471, 2388.356047851061, -461.46123104254, -192.49294076580736]","[6441.465584042836, 2340.23281265961, -461.46123104254, -192.49294076580372]"
796,Robot,"[6322.957486409769, 2301.266910297358, 0, 0]","[6202.354195528415, 2268.4058964879064, -482.41316352541617, -131.44405523780733]","[6081.750904647061, 2235.5448826784545, -482.41316352541617, -131.44405523780733]","[5961.147613765707, 2202.6838688690027, -482.41316352541617, -131.44405523780733]","[5840.544322884353, 2169.822855059551, -482.41316352541617, -131.44405523780733]","[5719.941032002999, 2136.961841250099, -482.41316352541617, -131.44405523780733]","[5599.337741121645, 2104.100827440647, -482.41316352541617, -131.44405523780733]","[5478.734450240291, 2071.2398136311954, -482.41316352541617, -131.44405523780733]","[5358.131159358937, 2038.3787998217435, -482.4131635254166, -131.44405523780745]","[5237.527868477583, 2005.517786012292, -482.41316352541617, -131.44405523780642]","[5116.924577596229, 1972.65677220284, -482.41316352541617, -131.44405523780733]","[4996.321286714875, 1939.795758393388, -482.41316352541617, -131.44405523780824]","[4875.717995833521, 1906.934744583936, -482.41316352541617, -131.44405523780824]","[4755.114704952167, 1874.0737307744844, -482.41316352541617, -131.44405523780642]","[4634.511414070813, 1841.2127169650323, -482.41316352541617, -131.44405523780824]","[4513.908123189459, 1808.3517031555807, -482.41316352541617, -131.44405523780642]"
797,Robot,"[4393.304832308105, 1775.4906893461289, 0, 0]","[4272.701541426751, 1742.629675536677, -482.41316352541617, -131.44405523780733]","[4152.098250545397, 1709.7686617272252, -482.41316352541617, -131.44405523780733]","[4031.494959664036, 1676.9076479177734, -482.41316352544345, -131.44405523780733]","[3910.891668782671, 1644.0466341083215, -482.4131635254598, -131.44405523780733]","[3790.2883779013055, 1611.1856202988697, -482.41316352546164, -131.44405523780733]","[3669.68508701994, 1578.324606489418, -482.41316352546164, -131.44405523780642]","[3549.081796138574, 1545.463592679966, -482.41316352546346, -131.44405523780824]","[3428.478505257209, 1512.6025788705142, -482.4131635254621, -131.44405523780745]","[3307.875214375844, 1479.7415650610624, -482.4131635254598, -131.44405523780733]","[3187.2719234944784, 1446.8805512516103, -482.41316352546164, -131.44405523780824]","[3068.9598541254877, 1408.1186019371337, -473.2482774759628, -155.0477972579065]","[2951.60500258792, 1366.7423995388483, -469.41940615027124, -165.50480959314154]","[2830.8175123303645, 1334.565044189465, -483.1499610302217, -128.70942139753333]","[2710.030022072809, 1302.3876888400814, -483.1499610302217, -128.70942139753424]","[2589.2425318152536, 1270.2103334906974, -483.1499610302217, -128.70942139753606]"
798,Robot,"[2468.455041557698, 1238.0329781413138, 0, 0]","[2347.667551300143, 1205.8556227919305, -483.1499610302217, -128.70942139753333]","[2226.8800610425874, 1173.6782674425465, -483.1499610302217, -128.70942139753606]","[2106.092570785032, 1141.5009120931627, -483.1499610302217, -128.70942139753515]","[1985.3050805274763, 1109.3235567437791, -483.1499610302226, -128.70942139753424]","[1864.517590269921, 1077.1462013943956, -483.1499610302217, -128.70942139753424]","[1743.7301000123657, 1044.9688460450118, -483.14996103022077, -128.70942139753515]","[1622.9426097548103, 1012.791490695628, -483.1499610302217, -128.70942139753515]","[1502.1551194972549, 980.6141353462438, -483.14996103022213, -128.70942139753708]","[1381.3676292396997, 948.4367799968596, -483.14996103022077, -128.70942139753652]","[1260.580138982144, 916.2594246474756, -483.1499610302226, -128.70942139753606]","[1139.7926487245886, 884.0820692980914, -483.1499610302217, -128.70942139753697]","[1019.005158467033, 851.9047139487072, -483.1499610302226, -128.70942139753652]","[898.2176682094747, 819.7273585993231, -483.14996103023304, -128.70942139753652]","[777.4301779519164, 787.550003249939, -483.14996103023304, -128.70942139753652]","[656.6426876943582, 755.3726479005549, -483.14996103023304, -128.70942139753652]"
799,Robot,"[534.6804469766266, 761.9401543889678, 0, 0]","[412.16538251293, 786.7405370363441, -490.0602578547864, 99.20153058950518]","[289.6503180492331, 811.5409196837204, -490.0602578547878, 99.20153058950518]","[167.1352535855362, 836.3413023310967, -490.06025785478755, 99.20153058950518]","[44.62018912183956, 861.141684978473, -490.0602578547865, 99.20153058950518]","[-77.89487534185699, 885.9420676258493, -490.0602578547862, 99.20153058950518]","[-200.40993980555373, 910.7424502732256, -490.060257854787, 99.20153058950518]","[-322.9250042692506, 935.542832920602, -490.06025785478755, 99.20153058950564]","[-445.4400687329475, 960.3432155679782, -490.060257854788, 99.20153058950481]","[-567.9551331966437, 985.1435982153544, -490.0602578547848, 99.20153058950473]","[-690.4701976603392, 1009.9439808627308, -490.06025785478187, 99.20153058950564]","[-812.9852621240346, 1034.7443635101058, -490.06025785478187, 99.20153058950018]","[-935.50032658773, 1059.5447461574793, -490.0602578547814, 99.20153058949381]","[-1058.0153910514264, 1084.3451288048543, -490.0602578547855, 99.20153058950018]","[-1180.530455515125, 1109.1455114522305, -490.06025785479414, 99.20153058950473]","[-1303.045519978823, 1133.945894099607, -490.0602578547923, 99.20153058950564]"
800,Robot,"[-1425.5605844425213, 1158.7462767469838, 0, 0]","[-1548.0756489062196, 1183.5466593943602, -490.06025785479324, 99.20153058950564]","[-1670.590713369918, 1208.347042041737, -490.06025785479324, 99.20153058950746]","[-1793.1057778336162, 1233.1474246891134, -490.06025785479324, 99.20153058950564]","[-1915.6208422973143, 1257.9478073364903, -490.0602578547923, 99.20153058950746]","[-2038.1359067610128, 1282.748189983867, -490.06025785479414, 99.20153058950655]","[-2160.650971224711, 1307.5485726312436, -490.06025785479324, 99.20153058950655]","[-2283.166035688409, 1332.3489552786202, -490.0602578547914, 99.20153058950655]","[-2405.681100152108, 1357.1493379259969, -490.0602578547955, 99.20153058950663]","[-2528.196164615806, 1381.9497205733735, -490.06025785479324, 99.20153058950655]","[-2650.7112290795044, 1406.75010322075, -490.06025785479324, 99.20153058950564]","[-2773.2262935432027, 1431.5504858681268, -490.06025785479324, 99.20153058950746]","[-2895.741358006901, 1456.3508685155034, -490.06025785479324, 99.20153058950655]","[-3015.790368259231, 1490.7612062958983, -480.19604100931974, 137.64135112157965]","[-3131.166743171264, 1538.2009407410203, -461.5054996481322, 189.75893778048794]","[-3254.0828304715324, 1560.9305576052031, -491.6643492010735, 90.91846745673138]"
801,Robot,"[-3376.9989177718007, 1583.660174469386, 0, 0]","[-3495.9906718298057, 1620.2936258133152, -475.9670162320199, 146.53380537571684]","[-3613.8199874095662, 1660.115104246216, -471.31726231904213, 159.2859137316036]","[-3737.197527111367, 1680.1895331828173, -493.51015880720297, 80.29771574640472]","[-3860.575066813168, 1700.2639621194187, -493.5101588072048, 80.29771574640563]","[-3983.952606514969, 1720.3383910560228, -493.51015880720297, 80.29771574641654]","[-4107.330146216769, 1740.4128199926272, -493.51015880720115, 80.29771574641745]","[-4230.70768591857, 1760.4872489292316, -493.51015880720297, 80.29771574641745]","[-4354.085225620371, 1780.561677865836, -493.5101588072034, 80.29771574641752]","[-4477.462765322171, 1800.6361068024405, -493.51015880720297, 80.29771574641836]","[-4600.840305023972, 1820.7105357390449, -493.51015880720297, 80.29771574641745]","[-4724.217844725773, 1840.784964675649, -493.51015880720297, 80.29771574641654]","[-4842.479423555373, 1877.1586062568435, -473.04631531839914, 145.49456632477813]","[-4955.198711440088, 1931.1897282030104, -450.87715153886165, 216.1244877846675]","[-5067.917999324804, 1985.2208501491775, -450.8771515388653, 216.12448778466842]","[-5180.637287209519, 2039.2519720953449, -450.877151538858, 216.12448778466933]"
802,Robot,"[-5293.356575094234, 2093.2830940415074, 0, 0]","[-5406.07586297895, 2147.314215987669, -450.87715153886165, 216.12448778464568]","[-5518.795150863665, 2201.3453379338303, -450.87715153886165, 216.12448778464568]","[-5631.514438748381, 2255.376459879992, -450.87715153886165, 216.1244877846475]","[-5744.233726633096, 2309.407581826156, -450.87715153886165, 216.12448778465478]","[-5856.953014517811, 2363.43870377232, -450.87715153886165, 216.1244877846566]","[-5969.672302402527, 2417.469825718485, -450.87715153886165, 216.12448778466023]","[-6082.391590287242, 2471.5009476646496, -450.87715153886165, 216.1244877846584]","[-6185.602475773628, 2523.4315786162924, -412.84354194554214, 207.72252380657136]","[-6060.611703700094, 2524.9504256993973, 499.96308829413465, 6.075388332419607]","[-5935.62093162656, 2526.4692727825022, 499.96308829413465, 6.075388332419607]","[-5810.630159553027, 2527.988119865607, 499.96308829413465, 6.075388332419607]","[-5685.639387479493, 2529.506966948712, 499.96308829413465, 6.075388332419607]","[-5560.648615405959, 2531.025814031817, 499.96308829413465, 6.075388332419607]","[-5435.657843332426, 2532.544661114922, 499.96308829413465, 6.075388332419607]","[-5310.667071258892, 2534.0635081980267, 499.96308829413465, 6.075388332419607]"
803,Robot,"[-5185.676299185358, 2535.582355281132, 0, 0]","[-5060.685527111825, 2537.1012023642365, 499.96308829413465, 6.075388332417788]","[-4935.694755038291, 2538.620049447341, 499.96308829413465, 6.075388332417788]","[-4810.703982964757, 2540.1388965304463, 499.96308829413465, 6.075388332421426]","[-4685.713210891224, 2541.6577436135512, 499.96308829413465, 6.075388332419607]","[-4560.72243881769, 2543.176590696656, 499.96308829413465, 6.075388332419607]","[-4435.731666744156, 2544.695437779761, 499.96308829413465, 6.075388332419607]","[-4310.740894670623, 2546.214284862866, 499.96308829413465, 6.075388332419607]","[-4185.750122597089, 2547.733131945971, 499.9630882941351, 6.075388332419612]","[-4060.759350523555, 2549.251979029076, 499.96308829413647, 6.075388332421426]","[-3935.768578450022, 2550.7708261121807, 499.96308829413283, 6.075388332417788]","[-3810.777806376488, 2552.2896731952856, 499.96308829413465, 6.075388332419607]","[-3685.7870343029545, 2553.8085202783905, 499.96308829413465, 6.075388332419607]","[-3560.796262229421, 2555.327367361496, 499.96308829413465, 6.075388332421426]","[-3435.805490155887, 2556.8462144446003, 499.96308829413465, 6.075388332417788]","[-3310.814718082353, 2558.365061527705, 499.96308829413647, 6.075388332419607]"
804,Robot,"[-3185.82394600882, 2559.88390861081, 0, 0]","[-3060.833173935286, 2561.402755693915, 499.96308829413465, 6.075388332419607]","[-2939.6622897486573, 2572.815018125828, 484.68353674651553, 45.6490497276518]","[-2815.7425972639357, 2576.299852148952, 495.67876993888603, 13.939336092496887]","[-2690.742910704561, 2576.579780813881, 499.9987462374993, 1.1197146597151004]","[-2565.7432241451866, 2576.85970947881, 499.99874623749747, 1.1197146597169194]","[-2440.743537585812, 2577.1396381437394, 499.99874623749747, 1.1197146597169194]","[-2315.743851026438, 2577.4195668086686, 499.99874623749747, 1.1197146597169194]","[-2190.7441644670635, 2577.699495473598, 499.9987462374979, 1.1197146597169203]","[-2065.744477907689, 2577.979424138527, 499.99874623749747, 1.1197146597169194]","[-1940.7447913483095, 2578.2593528034563, 499.9987462375184, 1.1197146597169194]","[-1821.7122356800107, 2545.1875761929778, 476.130222673195, -132.28710644191415]","[-1704.564037135211, 2501.5836821271077, 468.5927941791988, -174.41557626348003]","[-1587.415838590411, 2457.979788061237, 468.5927941791997, -174.41557626348367]","[-1470.2676400456116, 2414.3758939953664, 468.5927941791979, -174.41557626348185]","[-1353.119441500812, 2370.771999929496, 468.5927941791988, -174.41557626348185]"
805,Robot,"[-1235.9712429560122, 2327.168105863625, 0, 0]","[-1118.8230444112123, 2283.564211797755, 468.5927941791997, -174.41557626348003]","[-1001.6748458664129, 2239.9603177318845, 468.5927941791979, -174.41557626348185]","[-884.5266473216132, 2196.356423666014, 468.5927941791988, -174.41557626348185]","[-767.3784487768135, 2152.752529600144, 468.5927941791988, -174.41557626348003]","[-650.2302502320138, 2109.148635534273, 468.5927941791988, -174.41557626348367]","[-533.0820516872141, 2065.5447414684027, 468.5927941791988, -174.41557626348185]","[-415.9338531424144, 2021.9408474025288, 468.59279417919856, -174.4155762634955]","[-298.78565459761467, 1978.3369533366529, 468.5927941791994, -174.41557626350382]","[-181.6374560528145, 1934.7330592707765, 468.5927941792006, -174.4155762635055]","[-64.4892575080141, 1891.1291652049003, 468.59279417920163, -174.4155762635046]","[52.65894103678629, 1847.525271139024, 468.5927941792016, -174.4155762635055]","[169.80713958158668, 1803.921377073148, 468.5927941792016, -174.41557626350368]","[286.9553381263869, 1760.317483007272, 468.59279417920084, -174.4155762635046]","[404.10353667118767, 1716.7135889413958, 468.5927941792031, -174.4155762635046]","[521.2289534872989, 1673.0488445769872, 468.5016672644449, -174.65897745763414]"
806,Robot,"[642.0810377123701, 1643.3912503287872, 0, 0]","[765.7212313529294, 1646.8663164271888, 494.5607745622374, 13.900264393606449]","[888.6385083168665, 1669.4026269073877, 491.6691078557483, 90.14524192079534]","[1010.362875301724, 1649.3027498076942, 486.89746793943004, -80.39950839877383]","[1125.4571402998558, 1600.5611874257895, 460.3770599925274, -194.96624952761886]","[1245.0615634449152, 1569.7474288077194, 478.4176925802376, -123.25503447228039]","[1368.8179220023246, 1584.8462561995348, 495.02543422963754, 60.39530956726139]","[1492.252330396932, 1601.639308932029, 493.73763357842927, 67.17221092997715]","[1615.461833288792, 1583.1228820737435, 492.8380115674404, -74.06570743314212]","[1733.1888512536498, 1541.732207151106, 470.9080718594314, -165.5626996905503]","[1843.77054002314, 1483.4548211899744, 442.326755077961, -233.10954384452634]","[1954.2370330283927, 1424.9556423656545, 441.86597202101075, -233.99671529727948]","[2064.703526033647, 1366.4564635413342, 441.8659720210171, -233.9967152972813]","[2175.1700190389006, 1307.957284717014, 441.8659720210144, -233.9967152972804]","[2285.636512044154, 1249.458105892694, 441.8659720210144, -233.9967152972804]","[2396.103005049408, 1190.958927068374, 441.8659720210144, -233.9967152972804]"
807,Robot,"[2506.5694980546614, 1132.4597482440538, 0, 0]","[2617.035991059915, 1073.9605694197337, 441.8659720210144, -233.9967152972804]","[2727.5024840651686, 1015.4613905954131, 441.8659720210144, -233.9967152972822]","[2837.968977070422, 956.9622117710902, 441.8659720210144, -233.99671529729176]","[2948.435470075676, 898.4630329467686, 441.8659720210162, -233.9967152972863]","[3058.9019630809294, 839.963854122448, 441.86597202101257, -233.99671529728266]","[3169.368456086183, 781.4646752981272, 441.8659720210144, -233.99671529728312]","[3279.834949091437, 722.9654964738064, 441.8659720210162, -233.99671529728312]","[3390.30144209669, 664.4663176494856, 441.86597202101296, -233.99671529728332]","[3500.767935101944, 605.967138825165, 441.8659720210162, -233.99671529728266]","[3623.058059402695, 581.1256642196157, 489.1604972030036, -99.365898422197]","[3745.8408350074255, 557.6865939565154, 491.1311024189217, -93.75628105240139]","[3868.623610612156, 534.247523693415, 491.1311024189217, -93.75628105240139]","[3991.4063862168864, 510.80845343031535, 491.1311024189217, -93.75628105239866]","[4114.189161821615, 487.3693831672164, 491.13110241891445, -93.7562810523957]","[4236.971937426334, 463.9303129041175, 491.13110241887625, -93.7562810523957]"
808,Robot,"[4359.754713031053, 440.4912426410186, 0, 0]","[4482.537488635772, 417.0521723779197, 491.13110241887625, -93.75628105239548]","[4605.320264240491, 393.6131021148207, 491.13110241887625, -93.75628105239593]","[4728.10303984521, 370.1740318517218, 491.13110241887625, -93.7562810523957]","[4850.885815449929, 346.73496158862287, 491.13110241887625, -93.7562810523957]","[4973.6685910546485, 323.29589132552394, 491.13110241887625, -93.7562810523957]","[5096.451366659368, 299.856821062425, 491.1311024188799, -93.7562810523957]","[5219.234142264087, 276.4177507993261, 491.1311024188726, -93.7562810523957]","[5342.016917868806, 252.97868053622727, 491.1311024188767, -93.75628105239534]","[5464.799693473525, 229.53961027312903, 491.13110241887625, -93.75628105239298]","[5587.582469078244, 206.10054001003084, 491.13110241887625, -93.75628105239275]","[5710.365244682963, 182.66146974693265, 491.13110241887625, -93.75628105239275]","[5833.148020287682, 159.2223994838344, 491.13110241887625, -93.75628105239298]","[5955.930795892401, 135.78332922073648, 491.13110241887625, -93.75628105239173]","[6078.71357149712, 112.34425895763871, 491.13110241887625, -93.75628105239105]","[6201.496347101839, 88.90518869454105, 491.13110241887625, -93.75628105239065]"
809,Robot,"[6324.279122706558, 65.46611843144355, 0, 0]","[6447.061898311277, 42.02704816834604, 491.13110241887625, -93.75628105239002]","[6569.844673915997, 18.58797790524863, 491.1311024188799, -93.75628105238965]","[6692.627449520724, -4.851092357848694, 491.131102418909, -93.75628105238928]","[6815.410225125455, -28.290162620946013, 491.13110241892355, -93.75628105238928]","[6938.193000730185, -51.72923288404334, 491.1311024189199, -93.75628105238931]","[7060.975776334915, -75.16830314714072, 491.1311024189199, -93.75628105238951]","[7183.758551939647, -98.60737341023813, 491.1311024189272, -93.75628105238962]","[7306.541327544377, -122.0464436733355, 491.13110241892036, -93.7562810523896]","[7429.324103149109, -145.48551393643297, 491.1311024189272, -93.75628105238985]","[7552.106878753841, -168.92458419953047, 491.1311024189272, -93.75628105239002]","[7674.889654358572, -192.363654462628, 491.1311024189272, -93.75628105239014]","[7797.672429963303, -215.80272472572548, 491.13110241892355, -93.75628105238991]","[7920.455205568034, -239.241794988823, 491.13110241892355, -93.75628105239002]","[8043.237981172766, -262.68086525192047, 491.1311024189272, -93.75628105238991]","[8166.020756777498, -286.119935515018, 491.1311024189272, -93.75628105239025]"
810,Robot,"[8288.803532382219, -309.5590057781155, 0, 0]","[8411.586307986938, -332.99807604121185, 491.13110241887625, -93.75628105238548]","[8534.369083591657, -356.437146304308, 491.13110241887625, -93.75628105238457]","[8538.8324646558, -426.07388694784646, 17.85352425657038, -278.5469625741539]","[8464.416249359558, -526.5090745116797, -297.66486118496687, -401.74075025533307]","[8367.84020757487, -586.0184876495172, -386.3041671387473, -238.03765255134977]","[8243.060750259436, -593.4405515179069, -499.11782926174055, -29.68825547355891]","[8118.281292944001, -600.8626153862966, -499.11782926174055, -29.68825547355891]","[7993.501835628565, -608.2846792546864, -499.11782926174465, -29.688255473558936]","[7868.72237831313, -615.7067431230761, -499.1178292617369, -29.68825547355891]","[7743.942920997695, -623.1288069914658, -499.11782926174055, -29.68825547355891]","[7619.16346368226, -630.5508708598555, -499.11782926174055, -29.68825547355891]","[7494.384006366825, -637.9729347282453, -499.11782926174055, -29.68825547355891]","[7369.60454905139, -645.394998596635, -499.11782926174055, -29.68825547355891]","[7244.825091735955, -652.8170624650247, -499.11782926174055, -29.68825547355891]","[7120.04563442052, -660.2391263334135, -499.1178292617369, -29.688255473555273]"
