,Type,Point_1,Point_2,Point_3,Point_4,Point_5,Point_6,Point_7,Point_8,Point_9,Point_10,Point_11,Point_12,Point_13,Point_14,Point_15,Point_16
0,People,"[952.44651, -724.04176, 0, 0]","[872.35961, -440.99489, -320.34760000000006, 1132.1874799999998]","[841.28353, -142.73028, -124.30431999999973, 1193.05844]","[815.45095, 157.6216, -103.33032000000003, 1201.40752]","[736.87141, 447.04951, -314.31816000000026, 1157.71164]","[670.40871, 735.04785, -265.8507999999997, 1151.9933600000002]","[666.94887, 1024.42989, -13.839359999999942, 1157.5281599999994]","[660.97257, 1326.97192, -23.90520000000015, 1210.1681200000003]","[598.64715, 1611.21728, -249.30168000000026, 1136.9814400000014]","[531.3639, 1868.23222, -269.13300000000027, 1028.05976]","[512.26847, 2140.46161, -76.38171999999986, 1088.917559999999]","[492.59259, 2414.44218, -78.70352000000003, 1095.9222800000007]","[409.52189, 2652.44286, -332.28279999999995, 952.0027200000004]","[289.918, 2874.20793, -478.4155599999999, 887.0602799999997]","[220.18891, 3070.38241, -278.91636000000005, 784.6979200000005]","[204.85575, 3250.39204, -61.33263999999997, 720.0385200000001]"
1,People,"[204.97331397260277, 3300.4664252054795, 0, 0]","[207.94535392694064, 3293.6803338812783, 11.888159817351493, -27.144365296804608]","[210.9173938812785, 3286.8942425570776, 11.888159817351493, -27.14436529680279]","[213.88943383561644, 3280.1081512328765, 11.88815981735172, -27.144365296804608]","[216.86147378995437, 3273.322059908676, 11.88815981735172, -27.14436529680279]","[219.83351374429225, 3266.535968584474, 11.888159817351493, -27.144365296806427]","[222.80555369863012, 3259.749877260274, 11.888159817351493, -27.14436529680097]","[225.77759365296805, 3252.963785936073, 11.88815981735172, -27.144365296804608]","[228.74963360730595, 3246.177694611872, 11.888159817351617, -27.144365296802814]","[231.72167356164385, 3239.391603287671, 11.888159817351607, -27.144365296804608]","[234.69371351598173, 3232.6055119634702, 11.888159817351493, -27.14436529680279]","[237.66575347031963, 3225.819420639269, 11.888159817351607, -27.144365296804608]","[240.63779342465756, 3219.0333293150684, 11.88815981735172, -27.14436529680279]","[243.60983337899543, 3212.2472379908672, 11.888159817351493, -27.144365296804608]","[246.58187333333333, 3205.4611466666665, 11.888159817351607, -27.14436529680279]","[249.55391328767124, 3198.675055342466, 11.888159817351607, -27.14436529680279]"
2,People,"[252.52595324200917, 3191.8889640182647, 0, 0]","[254.31885, 3183.9602, 7.171587031963327, -31.715056073058804]","[257.27973, 3156.79489, 11.843519999999899, -108.66123999999945]","[279.02741, 3109.18972, 86.99072000000001, -190.42068000000108]","[333.50049, 3047.44906, 217.89232000000015, -246.96263999999974]","[399.66464, 2982.32799, 264.6566, -260.48427999999876]","[494.35334, 2885.1148, 378.75479999999993, -388.8527600000016]","[620.47496, 2704.94719, 504.48648000000003, -720.6704399999999]","[774.49045, 2512.63243, 616.0619600000006, -769.2590399999997]","[972.70515, 2358.54108, 792.8588, -616.3654000000006]","[1208.62293, 2211.71028, 943.67112, -587.3232000000007]","[1394.95757, 2005.73329, 745.3385600000001, -823.9079599999995]","[1582.93118, 1785.82913, 751.89444, -879.6166399999993]","[1796.99661, 1594.67576, 856.2617199999995, -764.61348]","[2014.99496, 1419.16395, 871.9934000000003, -702.0472399999999]","[2194.49217, 1209.97353, 717.98884, -836.7616800000005]"
3,People,"[2358.84609, 989.8986, 0, 0]","[2549.77164, 810.20795, 763.7021999999997, -718.7626]","[2762.73078, 666.16213, 851.8365599999997, -576.1832799999997]","[2982.53282, 509.30757, 879.2081600000001, -627.4182400000002]","[3195.38828, 321.25252, 851.4218400000009, -752.2202]","[3423.78138, 143.27998, 913.5723999999991, -711.89016]","[3666.57477, -9.57267, 971.1735600000011, -611.4105999999999]","[3891.79536, -171.32652, 900.8823599999996, -647.0154]","[4085.82859, -368.49348, 776.1329200000007, -788.6678400000006]","[4280.49038, -567.59081, 778.6471600000004, -796.3893200000002]","[4508.19617, -723.6609, 910.8231599999999, -624.2803599999997]","[4748.77239, -868.58164, 962.3048799999997, -579.6829600000001]","[4955.13521, -1060.47451, 825.4512800000011, -767.5714800000001]","[5148.52478, -1278.41789, 773.5582799999975, -871.7735199999997]","[5371.67861, -1433.66829, 892.6153200000008, -621.0016000000005]","[5599.67932, -1557.8682, 912.002840000001, -496.7996399999993]"
4,People,"[5771.964050861111, -1704.1905225833334, 0, 0]","[5787.640686625, -1715.502679875, 62.70654305555581, -45.24862916666643]","[5803.317322388889, -1726.8148371666666, 62.70654305555581, -45.24862916666643]","[5818.993958152778, -1738.1269944583337, 62.70654305555581, -45.24862916666825]","[5834.670593916667, -1749.43915175, 62.70654305555581, -45.24862916666552]","[5850.347229680556, -1760.751309041667, 62.70654305555581, -45.24862916666734]","[5866.023865444445, -1772.0634663333333, 62.70654305555581, -45.24862916666552]","[5881.700501208334, -1783.375623625, 62.70654305555581, -45.24862916666643]","[5897.377136972223, -1794.6877809166667, 62.70654305555587, -45.248629166667385]","[5913.053772736112, -1805.999938208333, 62.70654305555581, -45.24862916666552]","[5928.7304085000005, -1817.3120955, 62.70654305555581, -45.24862916666734]","[5944.4070442638895, -1828.6242527916668, 62.70654305555581, -45.24862916666734]","[5960.083680027778, -1839.9364100833332, 62.70654305555581, -45.24862916666552]","[5975.760315791667, -1851.248567375, 62.70654305555581, -45.24862916666734]","[5991.436951555555, -1862.5607246666664, 62.706543055552174, -45.24862916666552]","[6007.113587319444, -1873.8728819583332, 62.70654305555581, -45.24862916666734]"
5,People,"[6022.790223083333, -1885.18503925, 0, 0]","[6038.466858847222, -1896.4971965416669, 62.70654305555581, -45.24862916666734]","[6054.143494611111, -1907.8093538333333, 62.70654305555581, -45.24862916666552]","[6069.820130375, -1919.121511125, 62.70654305555581, -45.24862916666734]","[6085.496766138889, -1930.4336684166667, 62.70654305555581, -45.24862916666643]","[6101.173401902778, -1941.745825708333, 62.70654305555581, -45.24862916666552]","[6116.850037666667, -1953.057983, 62.70654305555581, -45.24862916666734]","[6132.526673430556, -1964.3701402916668, 62.70654305555581, -45.24862916666734]","[6148.203309194445, -1975.6822975833331, 62.70654305555587, -45.248629166665566]","[6163.879944958334, -1986.994454875, 62.70654305555581, -45.24862916666734]","[6179.556580722223, -1998.3066121666664, 62.70654305555581, -45.24862916666552]","[6195.233216486112, -2009.6187694583327, 62.70654305555581, -45.24862916666552]","[6210.909852250001, -2020.93092675, 62.70654305555581, -45.24862916666916]","[6185.57545, -2021.9193, -101.33760900000198, -3.9534929999999804]","[6049.40907, -2005.55657, -544.6655200000023, 65.45092000000022]","[5902.37154, -1997.89718, -588.1501199999984, 30.63756000000012]"
6,People,"[5783.37064, -1927.7113, 0, 0]","[5650.71045, -1784.89366, -530.640760000002, 571.2705599999999]","[5496.75992, -1612.63776, -615.8021199999966, 689.0235999999995]","[5303.37988, -1450.99171, -773.52016, 646.5842000000002]","[5095.9946, -1293.22622, -829.5411200000017, 631.06196]","[4912.62313, -1107.93998, -733.4858800000002, 741.1449599999996]","[4745.26738, -914.05622, -669.4229999999989, 775.5350400000002]","[4543.36016, -726.02243, -807.6288800000002, 752.1351600000003]","[4308.09104, -578.79707, -941.0764800000005, 588.9014400000007]","[4054.82894, -451.90054, -1013.0484000000015, 507.58611999999994]","[3830.66673, -278.02138, -896.6488399999998, 695.5166399999998]","[3623.17351, -75.13142, -829.9728799999993, 811.5598400000001]","[3432.37706, 82.65645, -763.1858000000011, 631.15148]","[3230.67116, 246.89874, -806.8235999999997, 656.96916]","[3048.88286, 449.34438, -727.1531999999988, 809.78256]","[2861.76738, 674.93772, -748.4619200000016, 902.37336]"
7,People,"[2662.9767, 862.30875, 0, 0]","[2448.57176, 1051.3743, -857.6197600000014, 756.2621999999997]","[2258.14268, 1277.84269, -761.7163199999995, 905.87356]","[2086.35349, 1518.32617, -687.1567599999998, 961.9339200000004]","[1903.60611, 1722.84933, -730.9895200000001, 818.0926399999998]","[1691.79231, 1872.54544, -847.2551999999996, 598.7844400000004]","[1498.11591, 2056.38242, -774.7056000000002, 735.3479199999992]","[1331.14031, 2265.57955, -667.9024, 836.7885200000001]","[1142.66729, 2459.07993, -753.8920800000003, 774.0015200000005]","[919.64379, 2615.44608, -892.0940000000005, 625.4646000000012]","[707.46853, 2776.33894, -848.7010399999999, 643.5714399999997]","[538.85132, 2968.31253, -674.46884, 767.8943600000002]","[372.41086, 3197.38144, -665.7618399999999, 916.2756399999998]","[346.3270848319328, 3219.659997941176, -104.33510067226894, 89.11423176470271]","[340.2287607773109, 3216.9414501470587, -24.39329621848742, -10.87419117646823]","[334.13043672268907, 3214.2229023529408, -24.39329621848742, -10.874191176471868]"
8,People,"[328.0321126680672, 3211.5043545588237, 0, 0]","[321.93378861344536, 3208.7858067647057, -24.39329621848742, -10.874191176471868]","[315.8354645588235, 3206.067258970588, -24.39329621848742, -10.874191176471868]","[309.73714050420165, 3203.3487111764703, -24.39329621848742, -10.874191176470049]","[303.63881644957985, 3200.6301633823527, -24.393296218487194, -10.874191176470049]","[297.540492394958, 3197.9116155882352, -24.39329621848742, -10.874191176470049]","[291.44216834033614, 3195.1930677941177, -24.39329621848742, -10.874191176470049]","[285.3438442857143, 3192.47452, -24.39329621848742, -10.874191176470049]","[279.2455202310924, 3189.7559722058822, -24.393296218487443, -10.874191176471877]","[273.1471961764706, 3187.0374244117647, -24.39329621848742, -10.874191176470049]","[267.0488721218487, 3184.3188766176468, -24.39329621848742, -10.874191176471868]","[260.9505480672269, 3181.6003288235293, -24.393296218487194, -10.874191176470049]","[254.85222401260503, 3178.881781029412, -24.393296218487535, -10.87419117646823]","[248.7538999579832, 3176.1632332352942, -24.393296218487308, -10.874191176471868]","[242.65557590336132, 3173.4446854411763, -24.393296218487535, -10.874191176471868]","[236.5572518487395, 3170.7261376470587, -24.393296218487308, -10.874191176470049]"
9,People,"[242.81197, 3100.40203, 0, 0]","[218.36177, 2991.77241, -97.80079999999998, -434.51848000000064]","[153.02845, 2856.12673, -261.33328000000006, -542.5827200000003]","[31.30878, 2707.32404, -486.87868, -595.2107599999999]","[-69.85575, 2533.40736, -404.65812, -695.6667199999993]","[-138.94455, 2335.73186, -276.35519999999997, -790.7020000000011]","[-230.37946, 2130.49111, -365.73964, -820.9629999999997]","[-370.12926, 1921.99746, -558.9992, -833.9745999999996]","[-516.2506, 1722.07118, -584.4853600000005, -799.7051200000012]","[-627.65231, 1509.74809, -445.6068400000004, -849.2923599999995]","[-707.56638, 1293.73553, -319.6562799999997, -864.0502400000005]","[-860.75836, 1086.84689, -612.7679200000002, -827.5545599999996]","[-1038.89471, 892.53292, -712.5454, -777.2558800000002]","[-1189.45804, 686.09858, -602.2533199999998, -825.7373600000001]","[-1307.39405, 463.44048, -471.7440400000005, -890.6324]","[-1437.66502, 249.20354, -521.0838799999992, -856.9477599999999]"
10,People,"[-1597.01986, 51.98498, 0, 0]","[-1748.8688, -151.32966, -607.3957599999994, -813.25856]","[-1866.48538, -378.92048, -470.46632000000045, -910.36328]","[-1953.21432, -612.91335, -346.91575999999986, -935.9714800000002]","[-2072.33673, -838.36508, -476.4896399999998, -901.80692]","[-2203.64576, -1063.45482, -525.2361199999996, -900.3589599999996]","[-2294.97673, -1303.55461, -365.3238799999999, -960.3991599999999]","[-2348.74884, -1546.74343, -215.08844000000136, -972.7552800000003]","[-2423.47788, -1773.07307, -298.91615999999914, -905.3185600000005]","[-2479.847660958175, -1884.3518707680607, -225.47912383269977, -445.1152030722433]","[-2476.5927879543724, -1889.4316432015207, 13.019492015209835, -20.319089733839974]","[-2473.3379149505704, -1894.511415634981, 13.019492015208016, -20.319089733840883]","[-2470.083041946768, -1899.591188068441, 13.019492015209835, -20.319089733839974]","[-2466.828168942965, -1904.6709605019007, 13.019492015211654, -20.319089733839064]","[-2463.5732959391635, -1909.7507329353607, 13.019492015206197, -20.319089733839974]","[-2460.318422935361, -1914.8305053688207, 13.019492015209835, -20.319089733839974]"
11,People,"[-2457.063549931559, -1919.9102778022811, 0, 0]","[-2453.808676927757, -1924.9900502357411, 13.019492015208016, -20.319089733839974]","[-2450.553803923954, -1930.0698226692011, 13.019492015211654, -20.319089733839974]","[-2447.298930920152, -1935.1495951026616, 13.019492015208016, -20.319089733841793]","[-2444.0440579163496, -1940.2293675361216, 13.019492015209835, -20.319089733839974]","[-2440.789184912548, -1945.3091399695816, 13.019492015206197, -20.319089733839974]","[-2437.534311908745, -1950.3889124030416, 13.019492015211654, -20.319089733839974]","[-2434.2794389049427, -1955.4686848365016, 13.019492015209835, -20.319089733839974]","[-2431.0245659011407, -1960.548457269962, 13.019492015208028, -20.31908973384181]","[-2427.7696928973382, -1965.628229703422, 13.019492015209835, -20.319089733839974]","[-2424.514819893536, -1970.708002136882, 13.019492015209835, -20.319089733839974]","[-2421.259946889734, -1975.7877745703424, 13.019492015208016, -20.319089733841793]","[-2418.005073885932, -1980.8675470038024, 13.019492015208016, -20.319089733839974]","[-2414.7502008821293, -1985.9473194372624, 13.019492015209835, -20.319089733839974]","[-2411.495327878327, -1991.0270918707224, 13.019492015209835, -20.319089733839974]","[-2408.240454874525, -1996.1068643041824, 13.019492015208016, -20.319089733839974]"
12,People,"[-2404.9855818707224, -2001.1866367376424, 0, 0]","[-2401.73070886692, -2006.2664091711024, 13.019492015209835, -20.319089733839974]","[-2398.475835863118, -2011.3461816045624, 13.019492015208016, -20.319089733839974]","[-2395.2209628593155, -2016.4259540380228, 13.019492015209835, -20.319089733841793]","[-2391.966089855513, -2021.5057264714828, 13.019492015209835, -20.319089733839974]","[-2388.711216851711, -2026.5854989049428, 13.019492015208016, -20.319089733839974]","[-2385.456343847909, -2031.665271338403, 13.019492015208016, -20.319089733840883]","[-2382.2014708441066, -2036.745043771863, 13.019492015209835, -20.319089733839974]","[-2378.946597840304, -2041.8248162053235, 13.019492015209847, -20.31908973384181]","[-2375.691724836502, -2046.9045886387837, 13.019492015208016, -20.319089733840883]","[-2372.4368518327, -2051.9843610722432, 13.019492015208016, -20.319089733838155]","[-2369.181978828897, -2057.0641335057035, 13.019492015211654, -20.319089733840883]","[-2365.927105825095, -2062.1439059391632, 13.019492015208016, -20.319089733839064]","[-2362.6722328212927, -2067.2236783726235, 13.019492015209835, -20.319089733840883]","[-2359.4173598174907, -2072.303450806084, 13.019492015208016, -20.319089733842702]","[-2356.162486813688, -2077.383223239544, 13.019492015211654, -20.319089733839064]"
13,People,"[-2352.907613809886, -2082.462995673004, 0, 0]","[-2349.652740806084, -2087.542768106464, 13.019492015208016, -20.319089733839064]","[-2346.3978678022813, -2092.622540539924, 13.019492015209835, -20.319089733840883]","[-2343.14299479848, -2097.702312973384, 13.019492015206197, -20.319089733839064]","[-2339.888121794677, -2102.782085406844, 13.019492015211654, -20.319089733840883]","[-2336.6332487908744, -2107.8618578403043, 13.019492015209835, -20.319089733840883]","[-2333.3783757870724, -2112.941630273764, 13.019492015208016, -20.319089733839064]","[-2330.12350278327, -2118.0214027072243, 13.019492015209835, -20.319089733840883]","[-2326.868629779468, -2123.1011751406845, 13.019492015208028, -20.3190897338409]","[-2323.613756775665, -2128.1809475741443, 13.019492015211654, -20.319089733839064]","[-2320.358883771863, -2133.2607200076045, 13.019492015208016, -20.319089733840883]","[-2317.104010768061, -2138.3404924410647, 13.019492015208016, -20.319089733840883]","[-2313.8491377642586, -2143.420264874525, 13.019492015209835, -20.319089733840883]","[-2310.594264760457, -2148.5000373079847, 13.019492015206197, -20.319089733839064]","[-2144.36897, -1976.58253, 664.9011790418281, 687.6700292319392]","[-1914.56896, -1822.48423, 919.2000399999997, 616.3931999999995]"
14,People,"[-1681.3278, -1681.0429, 0, 0]","[-1508.70848, -1523.61236, 690.4772800000001, 629.7221599999993]","[-1329.16458, -1350.778, 718.1756000000005, 691.3374400000002]","[-1106.40719, -1212.69032, 891.02956, 552.3507200000004]","[-859.36941, -1095.40209, 988.1511199999995, 469.15291999999954]","[-624.8733, -944.82797, 937.9844400000002, 602.29648]","[-407.43534, -765.38009, 869.7518399999999, 717.7915200000002]","[-153.43595, -624.15859, 1015.99756, 564.886]","[128.90505, -517.03706, 1129.364000000001, 428.4861200000004]","[391.47683, -362.93899, 1050.28712, 616.39228]","[638.72557, -184.85004, 988.9949599999998, 712.3557999999999]","[902.45838, -41.43643, 1054.9312400000003, 573.65444]","[1198.68081, 81.11902, 1184.8897200000001, 490.22180000000003]","[1487.25853, 240.83377, 1154.31088, 638.8589999999999]","[1753.24604, 406.00563, 1063.9500399999997, 660.68744]","[2019.12252, 522.03202, 1063.5059199999996, 464.10555999999997]"
15,People,"[2292.7758, 599.66627, 0, 0]","[2560.62063, 719.02572, 1071.37932, 477.4377999999997]","[2813.33157, 858.51245, 1010.8437599999997, 557.9469199999999]","[3081.95009, 956.66109, 1074.47408, 392.59456]","[3357.27553, 1021.25644, 1101.3017600000003, 258.3814000000002]","[3629.05347, 1118.61448, 1087.1117599999998, 389.43215999999984]","[3885.90315, 1243.56669, 1027.398720000001, 499.8088400000006]","[4149.00786, 1332.41009, 1052.4188399999985, 355.3735999999999]","[4412.6022, 1378.69327, 1054.3773600000031, 185.13271999999978]","[4682.23577, 1448.93727, 1078.5342799999999, 280.97599999999966]","[4948.31482, 1550.44087, 1064.3161999999975, 406.0144]","[5193.68788, 1608.72204, 981.4922400000032, 233.1246800000008]","[5457.84175, 1595.93771, 1056.6154799999968, -51.13732000000073]","[5669.13257, 1577.79256, 845.1632800000007, -72.58059999999932]","[5771.7718, 1586.14253, 410.5569200000027, 33.39987999999994]","[5825.94009, 1603.41554, 216.67315999999846, 69.09203999999954]"
16,People,"[5855.28401, 1622.47125, 0, 0]","[5861.75638, 1626.18166, 25.889479999998002, 14.841639999999643]","[5853.90506, 1626.63365, -31.40527999999904, 1.8079600000000937]","[5828.35468, 1639.11668, -102.20151999999871, 49.932120000000396]","[5846.70161, 1665.16025, 73.38771999999881, 104.17427999999927]","[5836.55619, 1644.03467, -40.581679999999324, -84.5023199999996]","[5821.24619, 1594.56988, -61.2400000000016, -197.85915999999997]","[5847.95616, 1543.42215, 106.83987999999954, -204.59091999999964]","[5897.06702, 1549.68034, 196.4434400000029, 25.032759999999165]","[5929.23804, 1559.09148, 128.68407999999908, 37.64456000000064]","[5965.44365, 1545.40997, 144.82243999999992, -54.72604000000047]","[5997.3412, 1530.11469, 127.59019999999873, -61.18111999999928]","[6021.85699, 1526.15514, 98.06316000000152, -15.838200000000143]","[6016.34228, 1511.09795, -22.05884000000151, -60.228759999999966]","[5960.34394, 1528.51314, -223.9933600000004, 69.66075999999975]","[5872.98363, 1584.26392, -349.4412400000001, 223.0031200000003]"
17,People,"[5777.09328, 1613.9259, 0, 0]","[5749.58315, 1658.99101, -110.04051999999865, 180.26044000000002]","[5729.65119, 1692.46722, -79.7278400000032, 133.90484000000015]","[5721.89685, 1706.84317, -31.017359999998007, 57.50380000000041]","[5722.52593, 1691.21809, 2.5163199999988137, -62.5003200000001]","[5671.50438, 1680.87225, -204.08619999999792, -41.38336000000072]","[5592.2857, 1682.88567, -316.8747199999998, 8.053679999999986]","[5530.42039, 1636.35891, -247.46124000000054, -186.10703999999987]","[5508.54273, 1557.81323, -87.51064000000049, -314.1827200000001]","[5501.6983, 1472.92579, -27.37772000000041, -339.5497599999999]","[5407.79324, 1421.00116, -375.6202400000002, -207.69851999999992]","[5391.99345, 1393.80829, -63.19916000000012, -108.77148000000034]","[5436.47464, 1313.32823, 177.9247600000017, -321.92023999999947]","[5410.59534, 1310.22293, -103.51720000000205, -12.421200000000681]","[5380.91141, 1339.67767, -118.73572000000058, 117.81896000000052]","[5384.36511, 1338.95822, 13.814800000000105, -2.8778000000002066]"
18,People,"[5373.1114, 1378.11152, 0, 0]","[5299.55683, 1344.6343, -294.2182799999973, -133.90887999999995]","[5210.88008, 1298.55133, -354.70700000000215, -184.33187999999973]","[5052.82793, 1249.65567, -632.2085999999981, -195.58263999999963]","[4888.86864, 1149.30401, -655.8371600000028, -401.40664000000015]","[4739.0209, 990.18187, -599.390959999997, -636.4885600000002]","[4576.24427, 815.86026, -651.1065200000012, -697.2864399999999]","[4347.67488, 648.7994, -914.2775600000023, -668.2434400000002]","[4043.6032, 430.51761, -1216.2867199999994, -873.1271600000008]","[3871.49023, 197.31928, -688.4518800000005, -932.79332]","[3718.71816, -27.01829, -611.0882799999999, -897.35028]","[3534.99997, -245.18212, -734.8727600000002, -872.65532]","[3335.32788, -414.73734, -798.6883600000001, -678.2208800000001]","[3233.85359, -594.48129, -405.8971599999986, -718.9757999999997]","[3113.99087, -836.72743, -479.4508800000003, -968.9845600000003]","[2954.66396, -1042.85938, -637.3076400000009, -824.5278000000003]"
19,People,"[2761.94059, -1205.87984, 0, 0]","[2565.84057, -1401.83727, -784.4000800000013, -783.8297199999997]","[2381.08971, -1636.19519, -739.0034399999986, -937.4316799999997]","[2195.60073, -1851.49966, -741.9559200000003, -861.2178800000002]","[1986.26059, -2035.72931, -837.3605600000001, -736.9186]","[1776.66202, -2232.78395, -838.3942800000004, -788.2185600000003]","[1599.61326, -2449.22162, -708.1950399999996, -865.7506799999992]","[1412.04693, -2650.13603, -750.2653200000004, -803.6576400000013]","[1178.50054, -2822.34588, -934.1855600000007, -688.8393999999995]","[969.68058, -3020.34878, -835.2798400000001, -792.0115999999998]","[826.7165150259067, -3227.7715321761657, -571.8562598963731, -829.6910087046635]","[826.5928069084629, -3236.3357169775472, -0.49483246977524686, -34.25673920552617]","[826.469098791019, -3244.899901778929, -0.4948324697757016, -34.25673920552617]","[826.3453906735751, -3253.464086580311, -0.49483246977524686, -34.25673920552799]","[826.2216825561312, -3262.0282713816923, -0.4948324697757016, -34.25673920552617]","[826.0979744386874, -3270.5924561830743, -0.49483246977524686, -34.25673920552799]"
20,People,"[825.9742663212435, -3279.156640984456, 0, 0]","[825.8505582037997, -3287.7208257858374, -0.49483246977524686, -34.25673920552617]","[825.7268500863557, -3296.2850105872194, -0.4948324697757016, -34.25673920552799]","[825.6031419689119, -3304.849195388601, -0.49483246977524686, -34.25673920552617]","[825.479433851468, -3313.4133801899825, -0.4948324697757016, -34.25673920552617]","[825.3557257340242, -3321.9775649913645, -0.49483246977524686, -34.25673920552799]","[825.2320176165803, -3330.541749792746, -0.4948324697757016, -34.25673920552617]","[825.1083094991365, -3339.105934594128, -0.49483246977524686, -34.25673920552799]","[824.9846013816925, -3347.6701193955096, -0.49483246977570206, -34.2567392055262]","[824.8608932642487, -3356.234304196891, -0.49483246977524686, -34.25673920552617]","[824.7371851468048, -3364.7984889982727, -0.4948324697757016, -34.25673920552617]","[824.613477029361, -3373.3626737996547, -0.49483246977524686, -34.25673920552799]","[824.489768911917, -3381.926858601036, -0.4948324697757016, -34.25673920552617]","[824.3660607944732, -3390.4910434024177, -0.49483246977524686, -34.25673920552617]","[824.2423526770293, -3399.0552282038, -0.4948324697757016, -34.25673920552981]","[824.1186445595855, -3407.6194130051813, -0.49483246977524686, -34.256739205524354]"
21,People,"[823.9949364421416, -3416.183597806563, 0, 0]","[823.8712283246978, -3424.747782607945, -0.49483246977524686, -34.25673920552799]","[832.71423, -3362.54618, 35.3720067012091, 248.80641043178002]","[834.25425, -3309.86627, 6.1600799999996525, 210.71963999999934]","[840.46182, -3284.1772, 24.83028000000013, 102.7562799999996]","[831.55496, -3254.53027, -35.62743999999975, 118.58771999999954]","[813.53472, -3230.86787, -72.08096000000023, 94.64960000000065]","[791.3098, -3219.81032, -88.89967999999999, 44.23019999999997]","[764.80729, -3228.74684, -106.01004000000022, -35.74607999999901]","[745.08128, -3248.24058, -78.9040399999999, -77.97496000000137]","[743.83878, -3262.25483, -4.9699999999998, -56.05699999999888]","[739.6917, -3268.60185, -16.588320000000294, -25.388080000000627]","[736.70835, -3270.10781, -11.933399999999892, -6.023839999999836]","[737.65183, -3268.95869, 3.773920000000089, 4.596480000000156]","[735.29584, -3260.79204, -9.42396000000008, 32.66660000000047]","[729.20293, -3243.2821, -24.371639999999843, 70.03975999999966]"
22,People,"[719.446, -3215.674, 0, 0]","[714.26572, -3200.08327, -20.721120000000155, 62.362919999999576]","[723.80931, -3199.02351, 38.17435999999998, 4.2390400000003865]","[731.60133, -3198.73369, 31.168079999999918, 1.1592799999998533]","[741.29535, -3207.10406, 38.77608000000009, -33.481480000000374]","[749.61226, -3206.89576, 33.26764000000003, 0.833200000000943]","[758.73127, -3196.14585, 36.47604000000001, 42.99964]","[751.31476, -3181.26081, -29.666040000000066, 59.54015999999865]","[719.92991, -3171.52372, -125.53940000000023, 38.948360000000356]","[625.44778, -3168.48363, -377.92851999999993, 12.160359999999855]","[474.5759, -3191.05316, -603.4875199999999, -90.27811999999903]","[282.88479, -3196.16731, -766.7644399999999, -20.456599999999526]","[105.37799, -3115.23596, -710.0272, 323.72539999999935]","[-75.70576, -2952.57487, -724.335, 650.6443600000002]","[-260.89638, -2788.45609, -740.7624800000001, 656.4751199999992]","[-470.57187, -2625.04559, -838.7019599999999, 653.6419999999998]"
23,People,"[-678.20444, -2438.58367, 0, 0]","[-820.34087, -2195.09189, -568.5457200000001, 973.9671199999993]","[-951.70277, -1940.31683, -525.4476, 1019.1002400000007]","[-1143.29264, -1709.34935, -766.3594799999996, 923.8699200000001]","[-1342.90118, -1484.94754, -798.4341600000007, 897.6072400000003]","[-1486.44157, -1225.39316, -574.1615599999996, 1038.2175199999992]","[-1600.20235, -952.10638, -455.0431200000003, 1093.1471200000005]","[-1763.9082, -697.57953, -654.8234000000002, 1018.1073999999999]","[-1943.8777, -455.59278, -719.8780000000004, 967.9470000000008]","[-2086.02362, -186.3207, -568.5836799999997, 1077.08832]","[-2190.3287, 107.73693, -417.22032000000036, 1176.23052]","[-2336.92483, 386.54506, -586.3845199999996, 1115.23252]","[-2511.35469, 642.38646, -697.7194400000008, 1023.3656000000003]","[-2615.31002, 924.96618, -415.8213199999991, 1130.3188799999998]","[-2679.21411, 1223.04837, -255.61636, 1192.3287599999999]","[-2792.76178, 1508.17067, -454.1906799999997, 1140.4892]"
24,People,"[-2939.73592, 1761.13309, 0, 0]","[-3056.89778, 2035.21598, -468.6474399999988, 1096.3315599999996]","[-3139.35518, 2340.38282, -329.82960000000094, 1220.6673599999995]","[-3234.67769, 2590.28196, -381.29003999999986, 999.59656]","[-3338.75024, 2768.25428, -416.29019999999946, 711.8892800000012]","[-3441.44495, 2960.01352, -410.77884000000086, 767.0369599999995]","[-3510.04024, 3155.34484, -274.381159999999, 781.3252800000009]","[-3538.330589532164, 3203.5859136842105, -113.16139812865731, 192.9642947368411]","[-3543.900456491228, 3198.725242631579, -22.27946783625523, -19.442684210525858]","[-3549.470323450292, 3193.864571578947, -22.279467836257027, -19.44268421052766]","[-3555.0401904093565, 3189.003900526316, -22.279467836257027, -19.44268421052402]","[-3560.610057368421, 3184.143229473684, -22.279467836258846, -19.44268421052766]","[-3566.1799243274854, 3179.2825584210527, -22.279467836257027, -19.44268421052584]","[-3571.7497912865497, 3174.4218873684213, -22.279467836257027, -19.44268421052584]","[-3577.319658245614, 3169.5612163157894, -22.279467836257027, -19.44268421052766]","[-3582.889525204678, 3164.700545263158, -22.279467836257027, -19.44268421052584]"
25,People,"[-3588.4593921637425, 3159.8398742105264, 0, 0]","[-3594.029259122807, 3154.979203157895, -22.279467836258846, -19.44268421052584]","[-3599.5991260818714, 3150.118532105263, -22.279467836257027, -19.44268421052766]","[-3605.168993040936, 3145.257861052632, -22.279467836258846, -19.44268421052402]","[-3610.73886, 3140.39719, -22.279467836255208, -19.44268421052766]","[-3551.77932, 3036.33153, 235.83815999999933, -416.26264000000083]","[-3505.193, 2935.06956, 186.34527999999955, -405.0478800000001]","[-3422.85237, 2852.27954, 329.3625200000006, -331.16007999999965]","[-3378.38479, 2790.83632, 177.87032000000016, -245.77288000000067]","[-3385.87401, 2710.60841, -29.956879999999728, -320.91164000000026]","[-3395.2835, 2611.06801, -37.63796000000002, -398.16159999999945]","[-3399.43245, 2540.71061, -16.595799999999144, -281.4295999999995]","[-3388.73063, 2529.28145, 42.80727999999908, -45.71664000000055]","[-3366.61932, 2571.08122, 88.44524000000092, 167.19908000000032]","[-3300.65503, 2619.45787, 263.85715999999957, 193.50660000000062]","[-3168.11968, 2679.51989, 530.1414000000004, 240.2480799999994]"
26,People,"[-2998.12869, 2743.60073, 0, 0]","[-2801.84662, 2755.51384, 785.1282800000008, 47.65243999999984]","[-2579.67894, 2702.61271, 888.6707200000001, -211.60452000000078]","[-2334.19254, 2663.81518, 981.9455999999991, -155.1901199999993]","[-2069.71658, 2670.46984, 1057.9038400000009, 26.618640000000596]","[-1797.60396, 2651.73199, 1088.4504799999995, -74.95139999999992]","[-1517.57557, 2581.98651, 1120.1135599999998, -278.9819200000002]","[-1235.47901, 2505.60375, 1128.3862399999998, -305.53103999999985]","[-948.45887, 2464.02521, 1148.0805600000008, -166.31416000000186]","[-657.40486, 2419.49612, 1164.2160400000002, -178.11636]","[-377.5547, 2317.37558, 1119.4006399999998, -408.48215999999957]","[-82.51654, 2200.34656, 1180.15264, -468.1160799999998]","[209.18332, 2108.82861, 1166.79944, -366.0717999999997]","[495.56014, 2027.4864, 1145.5072799999998, -325.3688400000001]","[774.63148, 1886.77926, 1116.28536, -562.8285599999999]","[1047.6585, 1735.78012, 1092.10808, -603.9965600000005]"
27,People,"[1322.17161, 1635.78971, 0, 0]","[1584.17508, 1540.20148, 1048.0138799999995, -382.35292000000027]","[1826.81236, 1411.82736, 970.5491199999997, -513.4964799999998]","[2078.49588, 1268.19043, 1006.7340800000002, -574.5477199999996]","[2363.37131, 1160.56198, 1139.5017200000002, -430.51380000000063]","[2651.47846, 1069.56198, 1152.4285999999993, -364.0]","[2901.30712, 913.34391, 999.3146400000005, -624.8722799999996]","[3128.76867, 744.90726, 909.8462, -673.7466000000004]","[3372.28367, 609.65757, 974.0600000000004, -540.9987600000004]","[3616.50997, 493.82635, 976.9052000000011, -463.3248799999999]","[3831.76232, 332.07565, 861.009399999999, -647.0028]","[4017.72155, 133.24687, 743.8369200000016, -795.31512]","[4219.57998, -49.1101, 807.4337200000009, -729.42788]","[4432.41732, -206.5166, 851.3493599999965, -629.626]","[4606.94009, -390.09542, 698.091080000002, -734.3152799999999]","[4768.65503, -594.79798, 646.8597599999994, -818.8102400000002]"
28,People,"[4953.37543, -782.17318, 0, 0]","[5145.00158, -951.9931, 766.5046000000002, -679.2796800000001]","[5358.00127, -1125.57162, 851.9987599999986, -694.3140799999996]","[5527.89953, -1310.92137, 679.5930399999997, -741.3990000000003]","[5683.955, -1508.74922, 624.221880000001, -791.3113999999996]","[5870.10753, -1666.10365, 744.6101200000012, -629.4177200000004]","[5956.557600368932, -1725.565969475728, 345.8002814757274, -237.84927790291204]","[5971.146835320388, -1736.2931092815534, 58.35693980582437, -42.90855922330138]","[5985.736070271844, -1747.0202490873785, 58.35693980582442, -42.90855922330051]","[6000.3253052233, -1757.7473888932038, 58.35693980582437, -42.90855922330138]","[6014.914540174757, -1768.474528699029, 58.356939805828006, -42.90855922330047]","[6029.503775126213, -1779.2016685048543, 58.35693980582437, -42.90855922330138]","[6044.0930100776695, -1789.9288083106794, 58.35693980582437, -42.90855922330047]","[6058.682245029126, -1800.6559481165048, 58.35693980582437, -42.90855922330138]","[6073.271479980582, -1811.38308792233, 58.35693980582437, -42.90855922330138]","[6087.860714932039, -1822.1102277281552, 58.356939805828006, -42.90855922330047]"
29,People,"[6102.449949883495, -1832.8373675339808, 0, 0]","[6117.039184834951, -1843.5645073398057, 58.35693980582437, -42.90855922329956]","[6131.628419786407, -1854.291647145631, 58.35693980582437, -42.90855922330138]","[6146.217654737864, -1865.018786951456, 58.356939805828006, -42.90855922329956]","[6160.80688968932, -1875.7459267572813, 58.35693980582437, -42.90855922330138]","[6175.396124640776, -1886.4730665631068, 58.35693980582437, -42.90855922330229]","[6189.985359592232, -1897.200206368932, 58.35693980582437, -42.90855922330047]","[6204.574594543689, -1907.9273461747573, 58.356939805828006, -42.90855922330138]","[6219.163829495145, -1918.6544859805824, 58.35693980582442, -42.90855922330051]","[6233.7530644466015, -1929.381625786408, 58.35693980582437, -42.90855922330229]","[6248.65246, -1934.44897, 59.59758221359516, -20.269376854367692]","[6278.30155, -1833.8533, 118.59635999999955, 402.3826799999997]","[6274.99018, -1794.09014, -13.245480000001407, 159.05263999999988]","[6252.52242, -1789.09211, -89.87103999999817, 19.992119999999886]","[6241.26956, -1760.35741, -45.01144000000204, 114.9387999999999]","[6247.26514, -1667.33074, 23.9823200000028, 372.10667999999987]"
30,People,"[6218.80394, -1570.22825, 0, 0]","[6154.75554, -1477.28522, -256.1935999999987, 371.77211999999963]","[6031.26834, -1384.77451, -493.94880000000194, 370.04284000000007]","[5852.80945, -1284.29433, -713.8355599999995, 401.9207200000001]","[5672.99321, -1146.01845, -719.2649600000004, 553.1035199999997]","[5476.11791, -980.37563, -787.5011999999988, 662.5712800000001]","[5248.47512, -853.57076, -910.5711599999995, 507.2194800000002]","[5014.10311, -792.90189, -937.4880400000002, 242.67547999999988]","[4763.91783, -731.88102, -1000.7411199999997, 244.08348]","[4490.12177, -635.39936, -1095.1842400000023, 385.92664000000013]","[4199.58365, -550.26843, -1162.1524800000007, 340.52372000000014]","[3908.37981, -535.01771, -1164.8153599999987, 61.002880000000005]","[3613.89002, -525.83068, -1177.9591600000003, 36.748119999999744]","[3316.35912, -483.51258, -1190.123599999999, 169.27240000000006]","[3006.85478, -464.4948, -1238.0173599999998, 76.07112000000006]","[2700.32207, -508.11775, -1226.1308399999998, -174.4918]"
31,People,"[2398.46758, -566.2544, 0, 0]","[2073.71885, -596.19082, -1298.9949199999992, -119.74568]","[1751.89904, -638.72558, -1287.2792400000008, -170.13904000000002]","[1465.4785, -743.92839, -1145.6821600000003, -420.81124]","[1182.47166, -859.43524, -1132.02736, -462.02739999999994]","[886.02321, -937.77197, -1185.7938, -313.34691999999995]","[587.64791, -1026.72365, -1193.5011999999997, -355.8067199999996]","[315.38599, -1156.45765, -1089.0476800000001, -518.9360000000006]","[56.33911, -1306.30684, -1036.1875200000009, -599.3967600000002]","[-233.8761, -1417.66952, -1160.86084, -445.4507199999998]","[-503.5131, -1534.72438, -1078.548, -468.21944000000076]","[-742.30027, -1700.08263, -955.1486799999998, -661.433]","[-973.74833, -1888.87114, -925.7922400000002, -755.1540399999994]","[-1220.39522, -2037.00831, -986.5875600000004, -592.5486799999999]","[-1466.57024, -2183.11946, -984.7000799999996, -584.4445999999998]","[-1685.08133, -2360.60455, -874.0443599999999, -709.9403600000005]"
32,People,"[-1875.73382, -2548.26048, 0, 0]","[-1902.3571846835443, -2554.240201529536, -106.4934587341777, -23.918886118144655]","[-1912.749374556962, -2545.9906379746835, -41.56875949367077, 32.99825421941023]","[-1923.14156443038, -2537.7410744198314, -41.56875949367168, 32.99825421940841]","[-1933.5337543037972, -2529.491510864979, -41.56875949366895, 32.99825421941023]","[-1943.9259441772151, -2521.2419473101268, -41.56875949367168, 32.99825421940841]","[-1954.318134050633, -2512.992383755274, -41.56875949367168, 32.99825421941023]","[-1964.7103239240507, -2504.742820200422, -41.56875949367077, 32.99825421940841]","[-1975.1025137974684, -2496.493256645569, -41.568759493670804, 32.998254219412075]","[-1985.494703670886, -2488.243693090717, -41.56875949367077, 32.99825421940841]","[-1995.886893544304, -2479.994129535865, -41.56875949367168, 32.99825421940841]","[-2006.2790834177213, -2471.744565981013, -41.56875949366895, 32.99825421940841]","[-2016.6712732911392, -2463.49500242616, -41.56875949367168, 32.99825421941023]","[-2027.063463164557, -2455.245438871308, -41.56875949367168, 32.99825421940841]","[-2037.4556530379748, -2446.995875316456, -41.56875949367077, 32.99825421940841]","[-2047.8478429113925, -2438.7463117616035, -41.56875949367077, 32.99825421941023]"
33,People,"[-2058.24003278481, -2430.496748206751, 0, 0]","[-2068.632222658228, -2422.247184651899, -41.56875949367168, 32.99825421940841]","[-2079.024412531646, -2413.9976210970462, -41.56875949367168, 32.99825421941023]","[-2089.4166024050637, -2405.748057542194, -41.56875949367168, 32.99825421940841]","[-2099.808792278481, -2397.498493987342, -41.56875949366986, 32.99825421940841]","[-2110.200982151898, -2389.248930432489, -41.56875949366804, 32.99825421941205]","[-2120.593172025317, -2380.9993668776374, -41.568759493675316, 32.99825421940659]","[-2130.985361898734, -2372.749803322785, -41.56875949366804, 32.99825421941023]","[-2141.377551772152, -2364.5002397679327, -41.56875949367171, 32.99825421940844]","[-2151.76974164557, -2356.25067621308, -41.56875949367168, 32.99825421941023]","[-2162.161931518988, -2348.001112658228, -41.56875949367168, 32.99825421940841]","[-2172.554121392405, -2339.7515491033755, -41.56875949366804, 32.99825421941023]","[-2182.9463112658227, -2331.5019855485234, -41.56875949367168, 32.99825421940841]","[-2193.3385011392406, -2323.252421993671, -41.56875949367168, 32.99825421941023]","[-2203.730691012658, -2315.0028584388187, -41.56875949366986, 32.99825421940841]","[-2214.122880886076, -2306.753294883966, -41.56875949367168, 32.99825421941023]"
34,People,"[-2224.515070759494, -2298.503731329114, 0, 0]","[-2234.9072606329114, -2290.254167774261, -41.56875949366986, 32.99825421941205]","[-2245.2994505063293, -2282.004604219409, -41.56875949367168, 32.99825421940841]","[-2255.691640379747, -2273.755040664557, -41.56875949366986, 32.99825421940841]","[-2266.0838302531647, -2265.5054771097048, -41.56875949367168, 32.99825421940841]","[-2276.476020126582, -2257.2559135548527, -41.56875949366986, 32.99825421940841]","[-2286.86821, -2249.00635, -41.56875949367168, 32.99825421941023]","[-2174.80273, -2029.80021, 448.2619200000008, 876.82456]","[-2088.49197, -1787.48828, 345.24303999999967, 969.2477200000012]","[-1985.29482, -1530.96804, 412.78859999999986, 1026.0809600000002]","[-1822.08808, -1330.06168, 652.8269600000003, 803.6254399999998]","[-1616.95872, -1180.97291, 820.5174399999996, 596.3550800000003]","[-1425.49383, -1005.58489, 765.8595600000008, 701.5520799999999]","[-1234.14806, -821.4913, 765.3830799999996, 736.3743599999998]","[-1005.28173, -669.7822, 915.4653199999998, 606.8364000000001]","[-734.15458, -549.70898, 1084.5086000000001, 480.29287999999997]"
35,People,"[-478.02039, -412.05178, 0, 0]","[-230.07674, -249.82884, 991.7746000000001, 648.89176]","[52.43628, -118.39683, 1130.05208, 525.7280400000001]","[326.92406, -18.07839, 1097.95112, 401.27376]","[583.53793, 91.58522, 1026.4554799999999, 438.65444]","[835.3623, 233.10618, 1007.2974800000002, 566.08384]","[1099.25723, 370.12144, 1055.5797199999997, 548.06104]","[1391.63094, 451.79777, 1169.4948400000003, 326.70532000000003]","[1680.3679, 553.98265, 1154.947840000001, 408.7395200000004]","[1960.08741, 678.09954, 1118.8780400000005, 496.46756000000005]","[2249.45473, 761.98505, 1157.4692799999993, 335.5420399999998]","[2545.56998, 808.80683, 1184.4610000000011, 187.28711999999996]","[2835.70435, 883.74086, 1160.537479999999, 299.73612]","[3116.75519, 984.85378, 1124.2033599999995, 404.4516800000001]","[3403.86924, 1058.49042, 1148.4562000000005, 294.5465600000002]","[3702.0579, 1088.23211, 1192.7546399999992, 118.96675999999934]"
36,People,"[3993.38663, 1146.94776, 0, 0]","[4275.57567, 1240.46325, 1128.7561600000008, 374.06196]","[4556.30703, 1311.30469, 1122.925439999999, 283.3657599999997]","[4834.03548, 1339.26223, 1110.9137999999984, 111.83016000000043]","[5104.69983, 1384.53912, 1082.6574, 181.10755999999947]","[5370.56062, 1472.28207, 1063.4431600000025, 350.97180000000026]","[5644.91545, 1533.85856, 1097.4193200000009, 246.3059599999997]","[5839.29643, 1539.82629, 777.5239199999996, 23.870920000000297]","[5951.76729, 1543.48499, 449.8834399999982, 14.634799999999826]","[6011.47435, 1541.43985, 238.82824000000255, -8.180559999999787]","[6043.14025, 1547.76412, 126.66359999999986, 25.29708000000028]","[6057.03045, 1559.93174, 55.56079999999929, 48.67047999999977]","[6066.75181, 1566.19858, 38.8854399999982, 25.067360000000008]","[6062.72617, 1560.17648, -16.102559999999357, -24.088399999999638]","[6043.34783, 1539.65603, -77.51336000000083, -82.08179999999993]","[6027.9993, 1513.20684, -61.3941199999972, -105.79676000000018]"
37,People,"[6030.21943, 1490.74329, 0, 0]","[6036.83208, 1472.12495, 26.450600000000122, -74.47335999999996]","[6023.90147, 1471.42055, -51.72244000000137, -2.817599999999402]","[5966.7553, 1550.99362, -228.58467999999993, 318.29227999999966]","[5933.45685, 1605.02481, -133.19380000000092, 216.1247599999997]","[5917.34338, 1670.69563, -64.4538799999973, 262.6832800000002]","[5878.28536, 1719.73567, -156.2320800000016, 196.16016000000036]","[5855.21146, 1716.71872, -92.29559999999765, -12.067799999999806]","[5803.35163, 1712.30825, -207.4393200000015, -17.641880000000143]","[5740.29452, 1718.34455, -252.22843999999895, 24.14519999999993]","[5658.79779, 1710.61503, -325.986920000003, -30.918080000000373]","[5539.35965, 1672.27044, -477.7525599999972, -153.3783599999997]","[5392.10547, 1612.05368, -589.0167199999996, -240.8670400000001]","[5238.40309, 1587.47648, -614.8095200000025, -98.30879999999979]","[5075.39704, 1588.69553, -652.0241999999998, 4.876199999999699]","[4904.35617, 1548.67865, -684.1634799999993, -160.0675199999996]"
38,People,"[4729.66634, 1436.65258, 0, 0]","[4540.28093, 1319.76753, -757.5416399999995, -467.54019999999946]","[4328.69055, 1250.51715, -846.3615199999986, -277.0015200000007]","[4083.83145, 1220.09231, -979.4364000000005, -121.69935999999961]","[3825.67133, 1154.14337, -1032.64048, -263.79576]","[3555.25286, 1100.47277, -1081.6738800000003, -214.6823999999997]","[3280.03845, 1112.22381, -1100.8576400000002, 47.0041599999995]","[3009.01009, 1153.19408, -1084.1134399999992, 163.8810800000001]","[2727.60968, 1178.93865, -1125.6016400000017, 102.97828000000035]","[2433.65508, 1193.71744, -1175.8184, 59.11515999999938]","[2138.67003, 1278.30467, -1179.940199999999, 338.34892000000036]","[1850.75687, 1405.00273, -1151.6526400000012, 506.79223999999977]","[1552.89429, 1482.79909, -1191.45032, 311.1854400000002]","[1250.7342, 1542.39666, -1208.6403599999994, 238.39028000000053]","[971.59527, 1654.99614, -1116.5557200000003, 450.39791999999943]","[706.98135, 1795.09489, -1058.45568, 560.3950000000004]"
39,People,"[426.07155, 1889.5499, 0, 0]","[139.4314, 1960.71335, -1146.5606, 284.65380000000005]","[-141.55677, 2087.44864, -1123.9526799999999, 506.9411600000003]","[-418.9534, 2236.75111, -1109.5865199999998, 597.2098800000003]","[-704.01867, 2331.48156, -1140.2610800000002, 378.9218000000001]","[-988.91664, 2402.90238, -1139.59188, 285.6832799999993]","[-1251.93064, 2511.00235, -1052.056, 432.39988000000085]","[-1508.33651, 2640.23378, -1025.6234800000002, 516.9257199999993]","[-1789.47997, 2717.7756, -1124.573840000001, 310.16727999999995]","[-2071.54775, 2764.14078, -1128.2711200000003, 185.46072000000095]","[-2335.58151, 2853.90776, -1056.1350399999992, 359.0679199999995]","[-2608.49396, 2985.30874, -1091.6497999999992, 525.6039199999996]","[-2859.46894, 3065.89837, -1003.8999200000017, 322.35851999999977]","[-3095.97665, 3097.51618, -946.0308399999994, 126.47124000000076]","[-3330.99607, 3140.39826, -940.0776800000003, 171.52831999999944]","[-3492.40914, 3199.28149, -645.6522800000002, 235.53291999999965]"
40,People,"[-3516.985061395349, 3200.425989534884, 0, 0]","[-3524.917241627907, 3193.805846124031, -31.728720930232157, -26.480573643411844]","[-3532.849421860465, 3187.185702713178, -31.728720930232157, -26.480573643411844]","[-3540.781602093023, 3180.5655593023257, -31.728720930232157, -26.480573643410025]","[-3548.713782325581, 3173.9454158914727, -31.728720930232157, -26.480573643411844]","[-3556.64596255814, 3167.32527248062, -31.728720930235795, -26.480573643411844]","[-3564.5781427906977, 3160.7051290697677, -31.728720930230338, -26.480573643408206]","[-3572.510323023256, 3154.084985658915, -31.728720930233976, -26.480573643411844]","[-3580.4425032558142, 3147.4648422480623, -31.728720930232186, -26.48057364341005]","[-3588.3746834883723, 3140.8446988372093, -31.728720930232157, -26.480573643411844]","[-3548.87217, 3114.501, 158.01005395348875, -105.37479534883641]","[-3501.23405, 3073.94239, 190.5524800000003, -162.23444000000018]","[-3499.93094, 3006.11333, 5.212439999999333, -271.3162400000001]","[-3422.51237, 2970.79558, 309.6742800000011, -141.27100000000064]","[-3307.18687, 2953.52472, 461.3019999999997, -69.08344000000034]","[-3173.85515, 2945.02883, 533.3268800000005, -33.98355999999876]"
41,People,"[-3022.4092, 2917.20669, 0, 0]","[-2851.2645, 2815.65667, 684.5787999999993, -406.2000800000005]","[-2641.9149, 2712.3104, 837.3984, -413.38508]","[-2394.34291, 2656.7714, 990.2879600000015, -222.15599999999904]","[-2125.10044, 2619.77736, 1076.9698799999987, -147.97616000000016]","[-1846.47588, 2532.24354, 1114.4982400000008, -350.1352800000004]","[-1575.26256, 2429.41388, 1084.8532800000003, -411.3186399999995]","[-1288.18709, 2363.70605, 1148.30188, -262.83132000000114]","[-989.40292, 2328.49769, 1195.1366800000008, -140.83343999999863]","[-700.25472, 2240.48842, 1156.5928, -352.03708000000006]","[-415.70695, 2117.97352, 1138.19108, -490.0596000000005]","[-114.86749, 2040.17405, 1203.3578400000001, -311.1978799999997]","[188.21714, 1993.5089, 1212.33852, -186.66060000000016]","[468.48578, 1906.98542, 1121.07456, -346.09392000000025]","[733.99018, 1791.43692, 1062.0176000000001, -462.1939999999995]","[1011.49155, 1709.81911, 1110.0054799999998, -326.47124000000076]"
42,People,"[1280.69931, 1665.74634, 0, 0]","[1532.64479, 1588.15302, 1007.7819200000004, -310.3732799999998]","[1758.84637, 1454.22239, 904.8063199999997, -535.7225200000003]","[1986.51938, 1321.41094, 910.6920399999999, -531.2457999999997]","[2234.14717, 1210.58534, 990.5111600000009, -443.3023999999996]","[2482.51201, 1099.24568, 993.4593599999989, -445.3586400000004]","[2704.94177, 947.28045, 889.71904, -607.8609200000001]","[2916.75195, 752.95774, 847.2407199999998, -777.2908400000001]","[3150.94831, 588.69481, 936.7854400000023, -657.0517200000005]","[3379.99027, 461.57951, 916.1678399999983, -508.46119999999974]","[3590.34592, 304.1807, 841.4226000000017, -629.5952400000001]","[3788.17223, 148.2777, 791.3052399999997, -623.612]","[4005.14293, 25.57722, 867.8827999999994, -490.80192000000005]","[4227.15185, -88.59686, 888.0356800000009, -456.69632]","[4428.05704, -204.79955, 803.620759999998, -464.81076]","[4619.16379, -340.60729, 764.4269999999997, -543.2309599999999]"
43,People,"[4789.18501, -466.81216, 0, 0]","[4945.35154, -550.17638, 624.666119999998, -333.45687999999996]","[5121.392, -614.78384, 704.1618400000007, -258.42984000000024]","[5271.2888, -688.1199, 599.5872000000018, -293.3442399999999]","[5399.65492, -765.35452, 513.4644799999987, -308.9384799999998]","[5517.24634, -838.06269, 470.365679999999, -290.83268]","[5642.76446, -880.22948, 502.07248000000254, -168.66715999999997]","[5775.39656, -867.0933, 530.5283999999992, 52.54471999999987]","[5865.30381, -839.22036, 359.62900000000116, 111.49175999999999]","[5906.13362, -837.94369, 163.31923999999708, 5.106680000000324]","[5905.895, -841.29172, -0.9544799999966926, -13.392120000000432]","[5916.51206, -856.41622, 42.46823999999833, -60.49799999999959]","[5952.40967, -888.94028, 143.59043999999994, -130.0962400000003]","[5992.55294, -964.69521, 160.5730799999983, -303.0197199999998]","[6007.09389, -1104.50412, 58.163800000002084, -559.2356400000003]","[5994.63535, -1298.75785, -49.83416000000216, -777.0149199999996]"
44,People,"[6034.15298, -1500.86478, 0, 0]","[6115.0536, -1700.71703, 323.6024800000014, -799.4089999999997]","[6127.984387694235, -1733.7777416290726, 51.72315077693929, -132.24284651629023]","[6137.55638518797, -1752.1413738345864, 38.28798997493868, -73.45452882205518]","[6147.128382681704, -1770.5050060401002, 38.28798997493868, -73.45452882205518]","[6156.700380175438, -1788.868638245614, 38.287989974935044, -73.45452882205518]","[6166.272377669173, -1807.232270451128, 38.28798997493868, -73.45452882205609]","[6175.844375162907, -1825.5959026566416, 38.28798997493868, -73.45452882205427]","[6185.416372656641, -1843.9595348621556, 38.28798997493508, -73.45452882205616]","[6194.988370150376, -1862.3231670676687, 38.28798997493868, -73.45452882205245]","[6204.56036764411, -1880.686799273183, 38.287989974935044, -73.454528822057]","[6214.132365137844, -1899.0504314786967, 38.28798997493868, -73.45452882205518]","[6223.704362631579, -1917.4140636842103, 38.28798997493868, -73.45452882205427]","[6233.276360125313, -1935.7776958897243, 38.287989974935044, -73.45452882205609]","[6242.848357619047, -1954.141328095238, 38.28798997493868, -73.45452882205427]","[6252.420355112782, -1972.504960300752, 38.28798997493868, -73.45452882205609]"
45,People,"[6261.992352606516, -1990.8685925062657, 0, 0]","[6271.5643501002505, -2009.2322247117795, 38.28798997493868, -73.45452882205518]","[6196.8833, -1980.58205, -298.7242004010004, 114.60069884711811]","[6094.68589, -1939.16385, -408.7896400000027, 165.67280000000028]","[5991.42193, -1890.62361, -413.05583999999726, 194.16095999999925]","[5917.47376, -1862.85126, -295.7926800000023, 111.08940000000075]","[5899.3792, -1860.67466, -72.37823999999819, 8.70640000000003]","[5864.98784, -1840.29207, -137.56544000000213, 81.53035999999975]","[5781.45421, -1844.80794, -334.1345199999999, -18.063479999999817]","[5644.34767, -1849.05838, -548.4261599999991, -17.001760000000104]","[5434.78963, -1810.964, -838.2321599999996, 152.37752]","[5214.0824, -1800.29611, -882.8289199999999, 42.67155999999977]","[4987.73866, -1835.80269, -905.374960000001, -142.02631999999994]","[4749.32388, -1880.65711, -953.6591200000003, -179.41768000000047]","[4491.69067, -1876.54289, -1030.5328399999999, 16.456880000000638]","[4235.20525, -1849.93148, -1025.94168, 106.44563999999991]"
46,People,"[3965.09193, -1858.12682, 0, 0]","[3688.1208, -1889.10961, -1107.8845199999996, -123.93116000000009]","[3385.33208, -1890.92322, -1211.15488, -7.254439999999704]","[3074.03485, -1872.41393, -1245.1889200000005, 74.03715999999986]","[2765.23912, -1910.31701, -1235.1829199999993, -151.61232000000018]","[2470.06727, -1984.4668, -1180.6874000000007, -296.59915999999976]","[2183.82203, -2006.40518, -1144.9809600000008, -87.75352000000021]","[1906.66011, -1996.58914, -1108.6476799999991, 39.26415999999972]","[1627.36594, -2025.62499, -1117.1766800000014, -116.14340000000003]","[1374.14615, -2103.45247, -1012.8791599999995, -311.3099200000006]","[1107.55168, -2164.82332, -1066.37788, -245.48339999999916]","[830.38632, -2201.95859, -1108.6614400000003, -148.54108000000087]","[554.08553, -2273.2467, -1105.20316, -285.15243999999984]","[290.6088, -2398.61856, -1053.90692, -501.48743999999897]","[31.98946, -2520.25959, -1034.4773599999999, -486.5641200000009]","[-240.64962, -2599.56908, -1090.55632, -317.2379600000004]"
47,People,"[-514.75265, -2695.28863, 0, 0]","[-775.30778, -2828.66822, -1042.2205199999999, -533.51836]","[-1022.07618, -2970.76528, -987.0736000000002, -568.3882400000002]","[-1141.50710746594, -3008.836436757493, -477.7237098637597, -152.2846270299724]","[-1161.8970032425068, -3008.2887146866487, -81.55958310626738, 2.190888283377717]","[-1182.2868990190734, -3007.740992615804, -81.55958310626647, 2.190888283379536]","[-1202.6767947956405, -3007.193270544959, -81.55958310626829, 2.190888283379536]","[-1223.066690572207, -3006.6455484741145, -81.55958310626647, 2.190888283377717]","[-1243.4565863487735, -3006.0978264032697, -81.55958310626563, 2.190888283379538]","[-1263.8464821253406, -3005.550104332425, -81.55958310626829, 2.190888283379536]","[-1284.2363779019074, -3005.0023822615804, -81.55958310626738, 2.190888283377717]","[-1304.626273678474, -3004.454660190736, -81.55958310626647, 2.190888283377717]","[-1325.0161694550409, -3003.906938119891, -81.55958310626738, 2.190888283379536]","[-1345.4060652316075, -3003.3592160490466, -81.55958310626647, 2.190888283377717]","[-1365.7959610081743, -3002.8114939782017, -81.55958310626738, 2.190888283379536]","[-1386.1858567847412, -3002.263771907357, -81.55958310626738, 2.190888283379536]"
48,People,"[-1406.5757525613078, -3001.7160498365124, 0, 0]","[-1426.9656483378749, -3001.1683277656675, -81.55958310626829, 2.190888283379536]","[-1447.3555441144413, -3000.620605694823, -81.55958310626556, 2.190888283377717]","[-1467.745439891008, -3000.072883623978, -81.55958310626647, 2.190888283379536]","[-1488.135335667575, -2999.525161553134, -81.55958310626829, 2.190888283377717]","[-1508.5252314441416, -2998.977439482289, -81.55958310626647, 2.190888283379536]","[-1528.9151272207084, -2998.4297174114445, -81.55958310626738, 2.190888283377717]","[-1549.305022997275, -2997.8819953406, -81.55958310626647, 2.190888283377717]","[-1569.694918773842, -2997.3342732697547, -81.55958310626745, 2.1908882833813568]","[-1590.0848145504087, -2996.7865511989103, -81.55958310626738, 2.190888283377717]","[-1610.4747103269754, -2996.2388291280654, -81.55958310626647, 2.190888283379536]","[-1630.8646061035422, -2995.691107057221, -81.55958310626738, 2.190888283377717]","[-1651.2545018801088, -2995.143384986376, -81.55958310626647, 2.190888283379536]","[-1671.6443976566757, -2994.595662915532, -81.55958310626738, 2.190888283375898]","[-1692.0342934332425, -2994.0479408446868, -81.55958310626738, 2.190888283381355]","[-1712.4241892098094, -2993.5002187738423, -81.55958310626738, 2.190888283377717]"
49,People,"[-1680.74661, -2963.37975, 0, 0]","[-1500.77684, -2808.17771, 719.8790799999997, 620.8081600000005]","[-1331.5347, -2616.79516, 676.9685600000003, 765.5301999999992]","[-1151.16836, -2422.49757, 721.4653600000001, 777.1903600000005]","[-921.99898, -2275.11712, 916.6775199999997, 589.5218000000004]","[-673.7703, -2166.95457, 992.9147199999998, 432.65020000000004]","[-429.09764, -2021.69489, 978.69064, 581.0387199999996]","[-196.34492, -1867.51436, 931.01088, 616.7221200000004]","[55.88313, -1750.71092, 1008.9122000000009, 467.21376000000004]","[322.88051, -1651.16898, 1067.98952, 398.16776000000027]","[579.35857, -1518.41399, 1025.9122399999999, 531.0199599999996]","[820.22122, -1355.65712, 963.4506000000001, 651.0274799999997]","[1078.17885, -1231.76834, 1031.83052, 495.55512]","[1352.67353, -1155.67658, 1097.97872, 304.3670400000001]","[1618.38054, -1058.58725, 1062.8280400000003, 388.3573200000001]","[1852.57336, -923.40922, 936.7712799999999, 540.7121200000001]"
50,People,"[2091.76338, -804.60314, 0, 0]","[2361.15597, -732.34222, 1077.5703599999997, 289.0436800000002]","[2608.01101, -627.93398, 987.4201600000015, 417.6329599999999]","[2820.95496, -478.39397, 851.7757999999994, 598.16004]","[3028.4865, -318.50124, 830.1261599999998, 639.5709200000001]","[3262.17913, -199.18703, 934.77052, 477.25684]","[3507.78953, -97.66636, 982.4416000000001, 406.08268]","[3745.12754, 47.73189, 949.3520399999998, 581.593]","[3951.30318, 198.80749, 824.7025600000004, 604.3024000000006]","[4174.54725, 300.43331, 892.976279999999, 406.50328]","[4401.39229, 344.99555, 907.3801600000006, 178.2489599999999]","[4587.10032, 409.89279, 742.8321199999991, 259.58896000000004]","[4721.09291, 495.50022, 535.970360000003, 342.4297200000001]","[4850.0556, 567.6356, 515.8507599999975, 288.54151999999976]","[5023.78797, 649.89817, 694.9294800000025, 329.0502800000004]","[5228.98431, 739.27984, 820.785359999998, 357.52667999999994]"
51,People,"[5397.56549, 882.16201, 0, 0]","[5532.4945, 1066.77064, 539.7160399999993, 738.4345199999998]","[5674.43846, 1227.41678, 567.7758400000021, 642.5845600000002]","[5827.19502, 1335.51617, 611.0262399999992, 432.39756000000034]","[5952.35306, 1435.15768, 500.632160000001, 398.5660399999997]","[6021.08205, 1530.54069, 274.91595999999845, 381.53204000000005]","[6041.82204, 1604.24526, 82.95996000000014, 294.8182799999995]","[6042.85836, 1604.12001, 4.145280000000639, -0.5009999999992942]","[6029.84722, 1575.9081, -52.04456000000214, -112.84764000000006]","[6000.46929, 1537.03312, -117.5117199999986, -155.4999200000002]","[5989.43062, 1495.26471, -44.154679999999644, -167.07364000000052]","[6003.63918, 1470.90176, 56.834240000000136, -97.45179999999982]","[6038.19917, 1472.04914, 138.23995999999897, 4.589520000000448]","[6080.08784, 1481.64269, 167.5546800000011, 38.37419999999929]","[6113.94176, 1485.42752, 135.41567999999825, 15.139320000000225]","[6131.04435, 1473.96469, 68.41036000000167, -45.85131999999976]"
52,People,"[6120.61039, 1446.38487, 0, 0]","[6026.55023, 1448.71316, -376.24064, 9.313159999999698]","[5903.4052, 1574.69553, -492.5801199999987, 503.9294799999998]","[5852.12114, 1641.642, -205.13623999999982, 267.78588000000036]","[5849.27981, 1637.63911, -11.365320000000793, -16.011559999999918]","[5808.34102, 1639.86899, -163.75516000000061, 8.919519999999466]","[5776.97546, 1660.19583, -125.46224000000075, 81.30735999999979]","[5751.35125, 1674.5676, -102.49683999999979, 57.48708000000079]","[5690.0007, 1655.58372, -245.40220000000068, -75.93552000000007]","[5593.90348, 1579.43236, -384.3888799999986, -304.60544000000027]","[5497.99975, 1436.60685, -383.61492, -571.3020400000005]","[5401.55441, 1218.10343, -385.78136000000086, -874.01368]","[5291.02327, 1005.36847, -442.1245600000002, -850.9398399999995]","[5137.38525, 823.58591, -614.5520799999977, -727.13024]","[4972.69473, 616.49916, -658.7620800000004, -828.3470000000002]","[4840.36269, 378.55445, -529.3281600000009, -951.77884]"
53,People,"[4698.05278, 135.26516, 0, 0]","[4511.38889, -79.1537, -746.6555599999992, -857.67544]","[4317.92735, -302.07146, -773.846160000001, -891.67104]","[4162.57457, -552.58536, -621.4111200000007, -1002.0556000000001]","[4010.81889, -802.70645, -607.022719999999, -1000.4843599999999]","[3819.9737, -990.48771, -763.38076, -751.1250399999999]","[3606.54159, -1168.0649, -853.7284400000008, -710.3087600000003]","[3416.97276, -1371.8809, -758.2753199999988, -815.2640000000001]","[3240.29571, -1583.42001, -706.7082000000016, -846.1564400000005]","[3022.37495, -1769.84053, -871.6830399999999, -745.6820799999996]","[2790.44447, -1940.1473, -927.72192, -681.2270800000006]","[2576.73845, -2132.61744, -854.8240800000003, -769.8805599999996]","[2386.18759, -2343.37434, -762.2034399999993, -843.0275999999994]","[2154.36367, -2513.60799, -927.2956799999993, -680.9346000000005]","[1924.08637, -2649.55848, -921.1092000000008, -543.8019600000007]","[1704.14705, -2820.99664, -879.7572799999998, -685.7526399999988]"
54,People,"[1525.868250429448, -3007.3598811656443, 0, 0]","[1447.017380797546, -3052.7176457361966, -315.40347852760806, -181.43105828220905]","[1368.166511165644, -3098.0754103067484, -315.40347852760806, -181.43105828220723]","[1289.3156415337423, -3143.4331748773006, -315.40347852760624, -181.43105828220905]","[1210.4647719018403, -3188.790939447853, -315.40347852760806, -181.43105828220905]","[1131.6139022699383, -3234.148704018405, -315.40347852760806, -181.43105828220905]","[1052.7630326380367, -3279.506468588957, -315.40347852760624, -181.43105828220723]","[973.912163006135, -3324.864233159509, -315.40347852760715, -181.43105828220723]","[895.0612933742332, -3370.221997730061, -315.40347852760743, -181.43105828220922]","[816.2104237423313, -3415.5797623006138, -315.4034785276076, -181.43105828221087]","[737.3595541104295, -3460.9375268711656, -315.40347852760715, -181.43105828220723]","[658.5086844785276, -3506.295291441718, -315.4034785276076, -181.43105828220905]","[579.6578148466258, -3551.65305601227, -315.40347852760715, -181.43105828220905]","[503.50675, -3597.04721, -304.60425938650314, -181.5766159509203]","[479.85163, -3602.84411, -94.62048000000004, -23.187599999999293]","[474.244, -3590.51161, -22.430519999999888, 49.32999999999993]"
55,People,"[494.2134, -3556.53988, 0, 0]","[532.4207, -3536.38134, 152.82920000000013, 80.63415999999961]","[594.3370102272728, -3512.0817340909093, 247.66524090909115, 97.19842363636235]","[636.1754065340909, -3492.0990551136365, 167.35358522727256, 79.9307159090913]","[678.0138028409091, -3472.116376136364, 167.35358522727256, 79.93071590908949]","[719.8521991477273, -3452.133697159091, 167.35358522727302, 79.93071590909312]","[761.6905954545455, -3432.151018181818, 167.35358522727256, 79.9307159090913]","[803.5289917613636, -3412.168339204545, 167.35358522727256, 79.9307159090913]","[845.3673880681818, -3392.185660227273, 167.3535852272727, 79.93071590908956]","[871.92876, -3310.73811, 106.24548772727303, 325.79020090909216]","[918.89203, -3083.85997, 187.85307999999986, 907.5125599999992]","[936.65728, -2856.72365, 71.06100000000015, 908.5452800000003]","[906.76889, -2620.68614, -119.55355999999983, 944.1500400000004]","[861.7816, -2365.3377, -179.94916000000012, 1021.393759999999]","[876.4743, -2113.39354, 58.77079999999978, 1007.77664]","[906.50045, -1857.53557, 120.10460000000012, 1023.4318800000001]"
56,People,"[897.33621, -1599.17556, 0, 0]","[866.78671, -1346.06043, -122.19800000000032, 1012.4605199999996]","[898.23885, -1117.81694, 125.80855999999994, 912.9739600000003]","[948.11621, -909.53095, 199.50944000000027, 833.1439599999999]","[974.42306, -680.25982, 105.22739999999976, 917.0845199999999]","[969.16483, -430.45295, -21.03291999999965, 999.22748]","[970.62421, -152.84027, 5.837519999999586, 1110.4507199999998]","[990.01465, 122.67182, 77.56176000000005, 1102.04836]","[981.73495, 402.77283, -33.118799999999766, 1120.4040400000008]","[907.33017, 671.40602, -297.6191200000003, 1074.53276]","[829.40536, 932.50141, -311.6992399999999, 1044.3815599999998]","[800.89538, 1192.93447, -114.03991999999971, 1041.7322399999998]","[764.14877, 1451.63231, -146.98644000000013, 1034.7913600000002]","[671.6418, 1708.42427, -370.0278800000001, 1027.16784]","[537.46241, 1939.72708, -536.71756, 925.2112399999996]","[442.1687, 2192.91809, -381.1748399999999, 1012.7640400000009]"
57,People,"[361.45436, 2458.60858, 0, 0]","[238.30135, 2691.48508, -492.61204, 931.5059999999994]","[89.38304, 2918.20573, -595.6732400000001, 906.8826000000008]","[26.87337, 3046.64568, -250.03867999999997, 513.7597999999998]","[26.87337, 3046.64568, 0.0, 0.0]","[26.87337, 3046.64568, 0.0, 0.0]","[26.87337, 3046.64568, 0.0, 0.0]","[26.87337, 3046.64568, 0.0, 0.0]","[26.87337, 3046.64568, 0.0, 0.0]","[26.87337, 3046.64568, 0.0, 0.0]","[26.87337, 3046.64568, 0.0, 0.0]","[26.87337, 3046.64568, 0.0, 0.0]","[26.87337, 3046.64568, 0.0, 0.0]","[26.87337, 3046.64568, 0.0, 0.0]","[26.87337, 3046.64568, 0.0, 0.0]","[26.87337, 3046.64568, 0.0, 0.0]"
58,People,"[148.8071, 3285.41637, 0, 0]","[119.49247, 3205.4529, -117.25851999999998, -319.85387999999875]","[73.35643, 3172.6484, -184.54415999999998, -131.21800000000076]","[70.9694, 3164.91209, -9.54812000000004, -30.945240000000922]","[100.19095, 3191.53561, 116.88620000000003, 106.4940800000004]","[135.34256, 3256.11344, 140.60643999999996, 258.3113200000007]","[146.22689, 3323.15233, 43.53732000000002, 268.15555999999924]","[161.10972, 3370.3956, 59.53132000000005, 188.97307999999975]","[158.04105, 3391.6366, -12.27468, 84.96400000000001]","[142.03829, 3350.9219, -64.0110400000001, -162.85879999999997]","[149.86079, 3311.16794, 31.290000000000077, -159.01584000000003]","[145.44743, 3285.29131, -17.653440000000046, -103.506519999999]","[131.43899, 3303.51903, -56.03376000000003, 72.91087999999945]","[134.41295, 3330.89469, 11.895840000000021, 109.50264000000061]","[112.93068, 3298.63278, -85.92908, -129.04764000000068]","[70.52444, 3207.34632, -169.62496, -365.1458399999992]"
59,People,"[59.37596, 3072.80884, 0, 0]","[27.2412, 2903.51318, -128.53904, -677.1826400000009]","[-42.13381, 2736.64251, -277.50004, -667.4826799999992]","[-109.37953, 2636.73154, -268.98288, -399.6438799999996]","[-110.07747, 2608.69537, -2.7917600000000107, -112.14468000000124]","[-67.41113, 2562.7539, 170.66536000000002, -183.76587999999902]","[-39.99437, 2512.56466, 109.66703999999999, -200.75696000000062]","[-44.0751, 2433.65563, -16.322919999999982, -315.6361199999992]","[-120.52376, 2323.15678, -305.79464000000024, -441.995400000002]","[-291.77669, 2253.84387, -685.01172, -277.2516399999986]","[-474.55948, 2231.93357, -731.1311600000001, -87.64120000000003]","[-584.51038, 2247.79964, -439.8036000000002, 63.464280000000144]","[-649.63586, 2178.28085, -260.5019199999997, -278.0751600000003]","[-696.58886, 1995.89644, -187.8119999999999, -729.5376400000005]","[-817.95549, 1818.41625, -485.4665200000004, -709.92076]","[-966.52431, 1704.92583, -594.2752799999998, -453.96168000000034]"
60,People,"[-1201.30166, 1657.64238, 0, 0]","[-1280.15064, 1469.43872, -315.39591999999993, -752.8146399999996]","[-1376.54823, 1264.5218, -385.59036000000015, -819.6676800000005]","[-1522.88808, 1071.68766, -585.3593999999994, -771.3365599999997]","[-1710.48012, 916.81583, -750.36816, -619.4873200000002]","[-1940.55467, 781.09152, -920.2982000000002, -542.8972400000002]","[-2099.32818, 613.03244, -635.09404, -672.23632]","[-2266.89819, 438.15648, -670.2800399999996, -699.5038399999999]","[-2444.5008, 254.7948, -710.4104400000003, -733.4467200000006]","[-2680.4055, 123.44478, -943.6188000000002, -525.4000800000001]","[-2920.29494, 34.92352, -959.5577600000015, -354.08503999999994]","[-3119.14421, -63.54835, -795.3970799999988, -393.88748]","[-3275.42061, -199.52909, -625.1056000000008, -543.92296]","[-3419.22892, -386.1532, -575.2332399999996, -746.4964400000001]","[-3594.41286, -495.38022, -700.7357599999996, -436.9080799999999]","[-3777.32311, -574.40183, -731.6409999999996, -316.08644000000004]"
61,People,"[-3996.72609, -657.64714, 0, 0]","[-4153.37705, -751.50205, -626.6038399999998, -375.4196400000001]","[-4187.79873, -806.28415, -137.68672000000151, -219.1283999999996]","[-4280.33754, -923.13593, -370.15524000000005, -467.4071200000003]","[-4341.505142949641, -1005.2905635251798, -244.67041179856096, -328.618534100719]","[-4341.72578323741, -998.289493381295, -0.8825611510765157, 28.00428057553927]","[-4341.94642352518, -991.28842323741, -0.8825611510801536, 28.004280575539724]","[-4342.16706381295, -984.2873530935252, -0.8825611510801536, 28.00428057553927]","[-4342.38770410072, -977.2862829496404, -0.8825611510801544, 28.004280575539294]","[-4342.60834438849, -970.2852128057556, -0.8825611510801536, 28.00428057553927]","[-4271.9987, -880.78699, 282.4385775539595, 357.9928912230225]","[-4245.2705, -842.78403, 106.91280000000188, 152.01183999999967]","[-4261.04715, -839.40104, -63.1066000000028, 13.531960000000254]","[-4339.71923, -942.91518, -314.6883199999975, -414.05656]","[-4291.359438432432, -949.5853368648648, 193.4391662702692, -26.680627459459174]","[-4222.399334378378, -935.5908787567568, 275.8404162162187, 55.977832432432024]"
62,People,"[-4153.439230324324, -921.5964206486486, 0, 0]","[-4084.47912627027, -907.6019625405404, 275.8404162162151, 55.97783243243293]","[-4015.519022216216, -893.6075044324324, 275.8404162162169, 55.977832432432024]","[-3946.5589181621617, -879.6130463243243, 275.8404162162169, 55.97783243243248]","[-3877.598814108108, -865.6185882162162, 275.8404162162151, 55.97783243243248]","[-3808.6387100540537, -851.624130108108, 275.8404162162169, 55.97783243243248]","[-3739.678606, -837.6296719999999, 275.8404162162151, 55.97783243243248]","[-3670.7185019459457, -823.6352138918919, 275.8404162162169, 55.977832432432024]","[-3601.7583978918915, -809.6407557837838, 275.84041621621714, 55.97783243243253]","[-3532.7982938378377, -795.6462976756757, 275.8404162162151, 55.97783243243248]","[-3463.8381897837835, -781.6518395675675, 275.8404162162169, 55.97783243243248]","[-3394.8780857297297, -767.6573814594594, 275.8404162162151, 55.97783243243248]","[-3312.09286, -746.80837, 331.1409029189181, 83.39604583783785]","[-3099.22177, -690.72543, 851.4843600000004, 224.33176000000003]","[-2895.98366, -652.57445, 812.9524400000009, 152.60392000000002]","[-2670.58524, -621.5181, 901.59368, 124.22539999999981]"
63,People,"[-2471.03494, -577.99244, 0, 0]","[-2273.55286, -526.18197, 789.9283200000009, 207.24188000000004]","[-2085.28731, -390.1417, 753.0621999999985, 544.1610799999999]","[-1857.4426, -306.28953, 911.3788400000003, 335.40868]","[-1620.55221, -270.99121, 947.5615600000001, 141.19327999999996]","[-1387.93275, -197.82203, 930.4778400000005, 292.67672000000005]","[-1136.07256, -29.70893, 1007.4407599999995, 672.4524]","[-888.60654, 126.66594, 989.8640800000003, 625.4994800000001]","[-559.96335, 208.47668, 1314.5727600000012, 327.2429600000002]","[-243.42695, 277.14792, 1266.1455999999998, 274.68496000000005]","[-29.21655, 373.75149, 856.8416, 386.41427999999996]","[174.89546, 491.48895, 816.4480400000001, 470.94984]","[434.78857, 604.27837, 1039.57244, 451.15768]","[735.64836, 706.49677, 1203.4391600000001, 408.8735999999999]","[1015.14797, 781.295, 1117.9984399999998, 299.19291999999996]","[1290.53858, 893.36675, 1101.5624399999997, 448.28700000000026]"
64,People,"[1558.94785, 993.85915, 0, 0]","[1834.01046, 1040.81733, 1100.2504399999998, 187.83272000000034]","[2104.03686, 1070.4437, 1080.1056000000008, 118.5054799999998]","[2356.82207, 1135.07178, 1011.14084, 258.5123199999998]","[2616.54295, 1236.26184, 1038.8835199999994, 404.7602399999996]","[2859.4446, 1276.43859, 971.6065999999992, 160.70700000000033]","[3097.60436, 1287.03263, 952.63904, 42.3761599999998]","[3350.91734, 1285.5394, 1013.2519200000006, -5.972920000000158]","[3639.50238, 1355.88577, 1154.3401600000009, 281.38548000000105]","[3939.46324, 1441.35847, 1199.8434400000006, 341.8907999999992]","[4194.34408, 1485.3809, 1019.5233599999992, 176.08972000000085]","[4449.17855, 1480.74425, 1019.3378799999991, -18.54660000000058]","[4695.59074, 1478.93189, 985.64876, -7.249439999999595]","[4918.24347, 1537.36848, 890.6109200000028, 233.7463600000001]","[5125.27762, 1619.40274, 828.136599999998, 328.1370399999996]","[5374.91355, 1623.40155, 998.5437200000015, 15.995240000000194]"
65,People,"[5653.17062, 1554.77778, 0, 0]","[5903.90169, 1488.57366, 1002.9242799999993, -264.8164799999995]","[6009.70821, 1491.9106, 423.22608000000037, 13.347759999999653]","[6000.02416, 1522.15313, -38.73619999999937, 120.97011999999995]","[5943.85431, 1545.76857, -224.6794000000009, 94.46176000000014]","[5882.37965, 1618.93793, -245.89863999999943, 292.6774400000004]","[5812.93306, 1665.47411, -277.78635999999824, 186.14472000000023]","[5773.76065, 1683.16697, -156.6896400000005, 70.77143999999953]","[5768.00938, 1680.89217, -23.00507999999902, -9.099199999999664]","[5810.441, 1655.34495, 169.72647999999754, -102.18888000000061]","[5870.36363, 1605.89107, 239.6905200000001, -197.8155200000001]","[5950.5324, 1539.66259, 320.6750800000009, -264.91391999999996]","[5990.25828, 1497.37812, 158.90351999999984, -169.1378799999993]","[5913.04873, 1504.26694, -308.8381999999983, 27.555279999999584]","[5843.76164, 1557.61649, -277.14836000000287, 213.39820000000054]","[5861.07626, 1723.92899, 69.25848000000042, 665.25]"
66,People,"[5924.38233, 1780.05072, 0, 0]","[5894.0992, 1734.84506, -121.13252000000284, -180.8226399999994]","[5726.46939, 1691.22013, -670.5192399999978, -174.4997200000007]","[5486.72042, 1688.323, -958.9958800000022, -11.588519999999335]","[5333.89929, 1652.14672, -611.2845199999974, -144.70512000000053]","[5213.52341, 1570.20499, -481.503520000002, -327.76692]","[5113.59717, 1397.61665, -399.7049599999991, -690.3533600000001]","[4952.95415, 1234.50116, -642.5720800000017, -652.4619599999996]","[4713.44408, 1077.73483, -958.0402799999982, -627.0653200000003]","[4514.61457, 967.24322, -795.3180400000019, -441.9664400000006]","[4371.441, 793.67858, -572.6942799999997, -694.2585599999998]","[4250.37745, 528.20559, -484.2541999999994, -1061.89196]","[4106.22197, 280.68284, -576.6219200000014, -990.0910000000001]","[3957.26898, 116.06881, -595.8119599999991, -658.45612]","[3836.51949, 22.69993, -482.9979599999988, -373.47552]","[3830.52749, -26.49386, -23.968000000000757, -196.77516]"
67,People,"[3758.01358, -210.13808, 0, 0]","[3603.51754, -453.06977, -617.98416, -971.72676]","[3391.6243, -660.36339, -847.5729599999995, -829.1744799999999]","[3190.30419, -885.95059, -805.2804400000005, -902.3488000000002]","[3057.70598, -1105.92905, -530.3928399999986, -879.9138399999997]","[2958.9128, -1326.86754, -395.1727200000005, -883.75396]","[2826.37961, -1563.74248, -530.1327600000004, -947.4997599999997]","[2649.15829, -1758.98369, -708.8852800000004, -780.9648400000005]","[2500.82567, -1920.42253, -593.3304799999993, -645.7553600000007]","[2407.18797, -2090.81172, -374.5508000000009, -681.5567600000004]","[2293.37935, -2252.25198, -455.23447999999917, -645.7610399999994]","[2132.55847, -2375.37339, -643.2835200000009, -492.4856400000008]","[1889.84977, -2431.28672, -970.8347999999996, -223.65331999999944]","[1613.54931, -2486.67038, -1105.2018399999997, -221.53463999999985]","[1403.22679, -2581.52955, -841.2900800000007, -379.4366800000007]","[1219.8845, -2722.60642, -733.3691600000002, -564.3074799999995]"
68,People,"[1048.85835, -2827.66303, 0, 0]","[861.18042, -2870.36543, -750.7117199999998, -170.80959999999868]","[641.90798, -2911.81226, -877.0897600000003, -165.78732000000127]","[497.49177, -2988.89057, -577.6648399999999, -308.3132399999995]","[476.20279, -3071.11542, -85.15591999999992, -328.89940000000024]","[504.02346, -3145.22602, 111.28268000000003, -296.4423999999999]","[473.21694, -3228.36647, -123.22607999999991, -332.5617999999995]","[382.43147, -3291.85452, -363.1418800000001, -253.95219999999972]","[264.36508, -3373.47781, -472.26556000000045, -326.4931600000003]","[238.78241, -3424.41811, -102.33067999999992, -203.76120000000083]","[268.26687, -3384.44516, 117.93783999999994, 159.89179999999942]","[298.30665, -3310.67368, 120.15912000000003, 295.08592000000135]","[323.85735, -3246.89716, 102.20280000000002, 255.10607999999957]","[388.185, -3205.65493, 257.3106, 164.96891999999934]","[406.56557, -3221.44549, 73.52227999999991, -63.162239999999656]","[415.26202, -3316.61083, 34.78580000000011, -380.66136000000006]"
69,People,"[383.3485, -3401.33816, 0, 0]","[298.8178, -3452.99899, -338.1228000000001, -206.64332000000104]","[260.54835, -3474.90135, -153.0777999999998, -87.60944000000018]","[247.27754, -3479.2994, -53.08324000000016, -17.59219999999914]","[246.73747, -3447.53007, -2.1602799999999434, 127.07732000000033]","[189.82003, -3278.69034, -227.66976, 675.3589199999988]","[107.52237, -3042.40552, -329.19064000000003, 945.1392800000012]","[64.04065, -2924.77535, -173.92687999999998, 470.52067999999963]","[98.26579, -2804.30257, 136.9005600000001, 481.8911200000007]","[181.94045, -2630.30162, 334.69864, 696.0037999999986]","[210.17275, -2440.54308, 112.92920000000004, 759.0341600000011]","[117.86409, -2242.67243, -369.23464, 791.4825999999994]","[-22.53193, -2053.62975, -561.58408, 756.1707200000001]","[-95.41662, -1848.77, -291.53875999999997, 819.4390000000003]","[-133.24591, -1594.46974, -151.31716000000006, 1017.2010399999999]","[-207.93927, -1340.01265, -298.77343999999994, 1017.8283600000004]"
70,People,"[-354.99455, -1122.25189, 0, 0]","[-488.66831, -938.60319, -534.6950400000001, 734.5947999999999]","[-604.71929, -713.45992, -464.2039199999999, 900.5730800000001]","[-715.78363, -463.17614, -444.25736000000006, 1001.1351200000001]","[-901.90627, -240.69503, -744.4905599999997, 889.9244399999999]","[-1129.05598, -64.90354, -908.5988400000006, 703.16596]","[-1334.04515, 117.06487, -819.9566799999993, 727.87364]","[-1486.50283, 330.4827, -609.8307199999999, 853.6713200000002]","[-1615.02078, 576.90958, -514.0718000000011, 985.7075200000008]","[-1828.82094, 776.45017, -855.20064, 798.1623599999998]","[-2064.91055, 922.08191, -944.35844, 582.5269600000001]","[-2245.45457, 1083.1603, -722.1760799999993, 644.31356]","[-2398.13817, 1273.42544, -610.7344000000012, 761.0605599999999]","[-2537.29157, 1478.24136, -556.6135999999988, 819.26368]","[-2739.78223, 1596.76487, -809.9626399999997, 474.09403999999995]","[-2959.831385, 1732.690007, -880.1966200000006, 543.7005479999998]"
71,People,"[-3132.48784, 1889.60216, 0, 0]","[-3160.70693, 2076.88133, -112.8763600000002, 749.116680000001]","[-3201.85867, 2295.55169, -164.60696000000098, 874.6814399999985]","[-3315.37695, 2474.97269, -454.0731199999991, 717.6840000000011]","[-3469.68464, 2629.36661, -617.2307600000004, 617.5756799999999]","[-3600.08784, 2807.79883, -521.6128000000008, 713.7288800000006]","[-3665.94859, 2895.77835, -263.4429999999993, 351.91807999999946]","[-3717.02675, 2966.9125, -204.3126400000001, 284.53659999999945]","[-3746.95206, 3113.08564, -119.70124000000042, 584.6925600000001]","[-3745.49104, 3173.13301, 5.8440800000007584, 240.1894800000009]","[-3734.52261, 3144.34429, 43.873719999999594, -115.15488000000005]","[-3725.56299, 3013.28369, 35.838480000000345, -524.2423999999992]","[-3728.55204, 2904.72131, -11.956200000000536, -434.2495200000012]","[-3742.01047, 2880.44451, -53.83372000000054, -97.10720000000038]","[-3741.99426, 2943.76541, 0.06484000000091328, 253.28360000000066]","[-3745.6832, 3074.47034, -14.75576000000001, 522.8197199999995]"
72,People,"[-3723.49728, 3171.06885, 0, 0]","[-3725.448795, 3190.39921, -7.806059999998979, 77.32143999999971]","[-3719.89409, 3177.78837, 22.21882000000005, -50.4433599999993]","[-3716.03564, 3177.3415, 15.433799999998882, -1.787480000000869]","[-3726.22046, 3134.09593, -40.73927999999978, -172.98228000000017]","[-3726.01693, 3111.9718, 0.8141200000009121, -88.4965200000006]","[-3714.91314, 3007.04266, 44.41515999999865, -419.71655999999894]","[-3742.14669, 2884.11774, -108.93419999999969, -491.6996799999997]","[-3673.57858, 2692.72823, 274.27244000000087, -765.5580400000006]","[-3600.74508, 2465.74229, 291.3339999999989, -907.9437600000001]","[-3545.8196733333334, 2325.2254033333334, 219.70162666666693, -562.0675466666671]","[-3452.91883, 2219.83344, 371.60337333333337, -421.5678533333339]","[-3273.8321, 2119.13551, 716.34692, -402.79171999999926]","[-3057.12073, 1977.12341, 866.84548, -568.0484000000006]","[-2943.14697, 1779.88263, 455.89504000000125, -788.9631199999994]","[-2840.74273, 1563.9306, 409.6169599999994, -863.8081200000006]"
73,People,"[-2691.89144, 1400.77913, 0, 0]","[-2477.21644, 1332.09156, 858.6999999999989, -274.7502799999993]","[-2225.93217, 1276.69599, 1005.1370800000004, -221.58228000000054]","[-1987.6287373333332, 1133.1049766666667, 953.2137306666673, -574.3640533333328]","[-1778.70656, 1009.44033, 835.6887093333326, -494.6585866666669]","[-1569.64247, 966.22232, 836.2563600000003, -172.8720400000002]","[-1304.28051, 944.15669, 1061.4478399999998, -88.26251999999977]","[-1017.92229, 909.23911, 1145.4328800000003, -139.67032000000017]","[-757.87682, 823.78139, 1040.181880000001, -341.83088000000026]","[-493.28838, 702.55022, 1058.3537599999997, -484.9246800000001]","[-250.18544, 598.67707, 972.4117600000001, -415.49260000000004]","[6.30283, 519.34392, 1025.95308, -317.33259999999973]","[211.6085, 454.71945, 821.22268, -258.4978800000001]","[445.15728, 301.6099, 934.1951200000001, -612.4382]","[605.14852, 198.36038, 639.9649599999998, -412.99807999999996]","[782.68869, 102.32734, 710.16068, -384.13215999999994]"
74,People,"[986.45943, 63.55108, 0, 0]","[1174.77996, -73.47722, 753.2821200000003, -548.1132]","[1443.91853, -250.17269, 1076.5542799999994, -706.78188]","[1703.31319, -389.09561, 1037.5786400000006, -555.6916800000001]","[1974.25504, -475.47001, 1083.7673999999997, -345.4975999999999]","[2231.21083, -512.40361, 1027.82316, -147.73439999999982]","[2425.37652, -639.10895, 776.6627599999993, -506.82136000000037]","[2621.87303, -773.67245, 785.9860400000016, -538.2539999999999]","[2860.32327, -908.25571, 953.8009599999995, -538.3330400000004]","[3143.46673, -996.02588, 1132.573840000001, -351.08068000000003]","[3408.0342, -1056.41814, 1058.2698799999998, -241.56903999999986]","[3656.15586, -1193.0996, 992.4866399999992, -546.7258400000001]","[3888.45433, -1351.86678, 929.1938800000007, -635.0687200000002]","[4123.66416, -1474.77025, 940.839320000001, -491.6138799999999]","[4366.30848, -1546.88362, 970.5772799999977, -288.4534800000001]","[4590.60338, -1596.96661, 897.1795999999995, -200.33195999999953]"
75,People,"[4803.1357, -1699.06079, 0, 0]","[4993.5214, -1815.10156, 761.5427999999993, -464.16308000000026]","[5194.73455, -1892.70879, 804.852600000002, -310.4289199999994]","[5406.59863, -1911.02849, 847.4563200000011, -73.27880000000005]","[5569.37514, -1915.24502, 651.1060399999988, -16.866120000000592]","[5692.94319, -1991.58183, 494.27219999999943, -305.34724000000006]","[5838.65333, -2107.5151, 582.8405600000006, -463.73308]","[5978.17133, -2196.59296, 558.0720000000001, -356.3114399999995]","[6085.07633, -2240.97514, 427.6199999999994, -177.52872000000042]","[6106.07489, -2256.80025, 83.99423999999999, -63.30043999999907]","[6113.85669, -2274.45272, 31.127199999998993, -70.6098800000018]","[6125.84412, -2284.25181, 47.949720000000525, -39.19635999999991]","[6129.19819, -2289.56807, 13.41628000000128, -21.265039999998407]","[6134.08924, -2284.96127, 19.56420000000071, 18.427200000000084]","[6155.51704, -2276.00328, 85.71119999999792, 35.831959999999526]","[6198.84254, -2258.7443, 173.30199999999968, 69.03592000000026]"
76,People,"[6238.61382, -2261.9653, 0, 0]","[6289.44755, -2246.102, 203.33492000000115, 63.453199999999924]","[6300.92842, -2289.60376, 45.92348000000129, -174.00704000000042]","[6285.19294, -2361.40168, -62.94192000000112, -287.1916799999999]","[6301.96745, -2334.11687, 67.09804000000076, 109.13924000000043]","[6267.60053, -2304.70367, -137.46768000000156, 117.65279999999984]","[6224.82543, -2293.29281, -171.10039999999935, 45.64343999999983]","[6157.61527, -2263.33396, -268.84063999999853, 119.83539999999994]","[6018.8106, -2225.65812, -555.2186800000022, 150.70335999999966]","[5858.57249, -2134.00681, -640.9524400000009, 366.6052400000008]","[5617.94623, -2139.63015, -962.50504, -22.493360000000393]","[5481.74931, -2130.31697, -544.7876799999976, 37.25272000000041]","[5346.13235, -2042.24187, -542.4678400000012, 352.3003999999992]","[5184.58582, -1897.40019, -646.1861199999985, 579.36672]","[4979.0724, -1799.00648, -822.0536800000009, 393.5748400000002]","[4731.30068, -1770.9587, -991.0868799999989, 112.19112000000041]"
77,People,"[4446.25216, -1735.16919, 0, 0]","[4199.2505, -1624.99598, -988.0066399999996, 440.6928400000006]","[3958.08895, -1495.00873, -964.646200000001, 519.9489999999996]","[3704.19015, -1402.20814, -1015.5951999999997, 371.2023600000002]","[3427.9748, -1381.2381, -1104.8613999999998, 83.8801599999997]","[3167.40487, -1372.71734, -1042.2797200000005, 34.08304000000044]","[2940.99563, -1323.57599, -905.6369599999998, 196.5653999999995]","[2702.70447, -1230.66306, -953.164639999999, 371.65171999999984]","[2440.062, -1193.40412, -1050.5698800000018, 149.0357600000008]","[2181.10221, -1200.19405, -1035.8391599999995, -27.15972000000056]","[1930.06593, -1189.15906, -1004.1451200000001, 44.13996000000043]","[1685.57877, -1096.47598, -977.9486399999996, 370.7323200000001]","[1426.35691, -988.57194, -1036.8874400000004, 431.6161599999996]","[1152.4588, -942.35382, -1095.5924399999994, 184.87248]","[866.98962, -922.36423, -1141.8767200000007, 79.95836000000008]","[582.71005, -863.2389, -1137.1182799999997, 236.5013200000003]"
78,People,"[327.45608, -750.01607, 0, 0]","[64.53503, -614.15984, -1051.6842, 543.4249199999999]","[-189.58197, -580.04769, -1016.4680000000001, 136.44860000000017]","[-443.82646, -595.04612, -1016.9779599999999, -59.99371999999994]","[-675.75071, -569.9791, -927.6970000000001, 100.26807999999983]","[-908.86841, -515.41263, -932.4708, 218.26587999999992]","[-1114.34889, -471.78108, -821.9219199999998, 174.52620000000024]","[-1349.11212, -514.0958, -939.0529200000001, -169.25888000000032]","[-1591.0277, -579.05166, -967.6623200000013, -259.8234399999999]","[-1851.84766, -582.92324, -1043.2798399999992, -15.486319999999978]","[-2120.53821, -561.90411, -1074.762200000001, 84.07652000000007]","[-2387.10809, -566.46328, -1066.27952, -18.236680000000433]","[-2636.96, -642.61699, -999.4076399999994, -304.61483999999973]","[-2874.22157, -740.98646, -949.0462800000005, -393.4778799999999]","[-3134.38671, -754.73721, -1040.6605600000003, -55.003000000000156]","[-3381.23643, -718.43345, -987.3988799999988, 145.21504000000004]"
79,People,"[-3591.1869, -724.95018, 0, 0]","[-3821.32937, -793.84602, -920.5698799999991, -275.58335999999963]","[-4076.06415, -857.56606, -1018.9391200000009, -254.88016000000016]","[-4323.18656, -885.7275, -988.4896399999998, -112.64575999999988]","[-4435.29583, -890.80722, -448.4370799999997, -20.318880000000263]","[-4467.111604745167, -903.2491203163444, -127.26309898066756, -49.76760126537738]","[-4457.22147337434, -913.555378224956, 39.560525483306265, -41.22503163444662]","[-4447.331342003515, -923.8616361335676, 39.56052548330263, -41.22503163444617]","[-4437.441210632689, -934.1678940421792, 39.56052548330266, -41.22503163444666]","[-4427.551079261863, -944.4741519507908, 39.56052548330263, -41.22503163444617]","[-4417.660947891037, -954.7804098594024, 39.560525483306265, -41.22503163444662]","[-4407.770816520211, -965.086667768014, 39.56052548330263, -41.22503163444617]","[-4397.880685149385, -975.3929256766256, 39.560525483306265, -41.22503163444662]","[-4387.990553778559, -985.6991835852372, 39.56052548330263, -41.22503163444617]","[-4378.100422407733, -996.0054414938488, 39.56052548330263, -41.22503163444662]","[-4368.210291036907, -1006.3116994024604, 39.560525483306265, -41.22503163444617]"
80,People,"[-4358.320159666081, -1016.617957311072, 0, 0]","[-4348.430028295255, -1026.9242152196837, 39.56052548330263, -41.22503163444662]","[-4338.539896924429, -1037.2304731282952, 39.560525483306265, -41.22503163444617]","[-4328.649765553603, -1047.536731036907, 39.56052548330263, -41.22503163444708]","[-4318.759634182777, -1057.8429889455183, 39.560525483306265, -41.22503163444526]","[-4308.869502811951, -1068.14924685413, 39.56052548330263, -41.22503163444708]","[-4298.979371441125, -1078.4555047627416, 39.56052548330263, -41.22503163444617]","[-4289.089240070299, -1088.7617626713534, 39.560525483306265, -41.22503163444708]","[-4279.199108699473, -1099.068020579965, 39.56052548330266, -41.225031634446204]","[-4269.308977328647, -1109.3742784885765, 39.56052548330263, -41.22503163444617]","[-4259.418845957821, -1119.680536397188, 39.560525483306265, -41.22503163444617]","[-4249.528714586995, -1129.9867943057998, 39.56052548330263, -41.22503163444708]","[-4207.96304, -1130.99924, 166.26269834798222, -4.049782776801294]","[-4047.44723, -1109.93538, 642.0632399999977, 84.25544000000082]","[-3871.60489, -1080.33868, 703.3693600000006, 118.38679999999931]","[-3681.05712, -1043.58315, 762.1910800000005, 147.02212000000054]"
81,People,"[-3554.59061, -1064.35016, 0, 0]","[-3388.434097821229, -1002.076814972067, 664.6260487150848, 249.09338011173168]","[-3214.741660670391, -932.9846138547488, 694.7697486033521, 276.3688044692731]","[-3041.049223519553, -863.8924127374302, 694.7697486033521, 276.36880446927444]","[-2867.356786368715, -794.8002116201117, 694.7697486033521, 276.368804469274]","[-2693.664349217877, -725.7080105027933, 694.7697486033521, 276.3688044692735]","[-2519.971912067039, -656.6158093854748, 694.7697486033521, 276.368804469274]","[-2346.2794749162013, -587.5236082681563, 694.7697486033503, 276.368804469274]","[-2143.69057, -493.46839, 810.3556196648049, 376.2208730726255]","[-1887.4761, -495.65943, 1024.8578800000005, -8.764159999999947]","[-1605.62107, -516.23297, 1127.4201200000007, -82.29416000000015]","[-1360.29345, -505.59481, 981.3104800000001, 42.55264000000011]","[-1123.76784, -435.64015, 946.1024399999997, 279.81863999999996]","[-847.99273, -353.19241, 1103.1004399999997, 329.79096000000004]","[-565.45878, -346.40391, 1130.1358, 27.153999999999996]","[-312.47141, -363.06065, 1011.9494800000002, -66.62696000000005]"
82,People,"[-23.30309, -349.43295, 0, 0]","[282.27916, -348.76774, 1222.329, 2.6608400000000074]","[534.81792, -364.78068, 1010.1550399999999, -64.05176000000006]","[779.12214, -411.31742, 977.21688, -186.14696000000004]","[1075.04088, -480.40361, 1183.6749600000003, -276.34475999999995]","[1328.42087, -460.1872, 1013.5199599999996, 80.86563999999998]","[1586.78914, -407.36509, 1033.4730800000007, 211.28844000000004]","[1860.87473, -452.66272, 1096.3423599999996, -181.19051999999988]","[2104.30745, -552.73918, 973.7308800000001, -400.30584000000056]","[2343.80796, -610.24398, 958.0020400000012, -230.01919999999973]","[2593.72302, -613.62615, 999.6602399999992, -13.52868000000035]","[2869.17596, -630.89489, 1101.8117600000005, -69.07495999999992]","[3115.74973, -744.82322, 986.2950799999999, -455.71331999999984]","[3349.3219, -877.03386, 934.2886799999997, -528.84256]","[3613.71016, -973.41417, 1057.5530400000007, -385.52124000000003]","[3892.73609, -1052.14121, 1116.1037199999992, -314.90815999999995]"
83,People,"[4159.93836, -1158.42634, 0, 0]","[4388.96852, -1331.12441, 916.120640000001, -690.7922799999997]","[4603.70741, -1516.96657, 858.9555599999985, -743.3686400000006]","[4841.33813, -1646.3898, 950.5228800000004, -517.6929199999995]","[5111.08275, -1719.73528, 1078.978479999998, -293.3819200000007]","[5371.52664, -1807.80283, 1041.7755600000019, -352.27019999999993]","[5624.98624, -1934.38951, 1013.8384000000005, -506.34671999999955]","[5959.46715, -2043.92429, 1337.923640000001, -438.1391199999998]","[6190.60069, -2080.23442, 924.53416, -145.24051999999952]","[6292.27455, -2071.31906, 406.6954399999995, 35.66143999999986]","[6301.02101, -2092.37811, 34.98584000000119, -84.23620000000119]","[6204.73833, -2147.04108, -385.130720000001, -218.65187999999944]","[6094.01248, -2190.12522, -442.90339999999924, -172.33655999999974]","[6052.01474, -2212.40059, -167.99096000000281, -89.10148000000117]","[6039.94304, -2225.27842, -48.28679999999804, -51.511319999999614]","[6034.1913, -2230.91476, -23.0069599999988, -22.545360000000073]"
84,People,"[6056.47053, -2234.3782, 0, 0]","[6170.23591, -2258.19558, 455.06152000000293, -95.26951999999983]","[6330.05839, -2211.63303, 639.2899199999993, 186.2502000000004]","[6397.03496, -2177.2524, 267.90627999999924, 137.52252000000044]","[6402.21636, -2179.51575, 20.725600000001577, -9.053400000000693]","[6377.35394, -2199.8565, -99.44968000000154, -81.36299999999937]","[6343.11794, -2224.54508, -136.9439999999995, -98.75432]","[6237.37723, -2271.82408, -422.96284000000014, -189.11599999999999]","[6149.17162, -2271.01759, -352.82244000000026, 3.2259599999997617]","[6101.91044, -2237.03946, -189.0447200000017, 135.91251999999986]","[6082.32628, -2189.34434, -78.33663999999771, 190.78047999999944]","[6084.82622, -2147.1849, 9.999759999998787, 168.63775999999962]","[6013.50512, -2099.6541, -285.28440000000046, 190.1232]","[5803.74125, -2052.53359, -839.0554799999991, 188.48204000000078]","[5572.84732, -2032.89658, -923.5757200000007, 78.54803999999967]","[5429.52424, -1981.29383, -573.2923200000005, 206.41100000000006]"
85,People,"[5346.64711, -1862.10061, 0, 0]","[5279.0603, -1676.13935, -270.34723999999915, 743.8450400000002]","[5163.06706, -1514.31336, -463.97295999999915, 647.3039599999993]","[4938.70278, -1427.68356, -897.4571200000028, 346.51920000000064]","[4677.90031, -1325.832, -1043.2098799999985, 407.40623999999934]","[4513.41674, -1207.52192, -657.9342800000013, 473.2403200000008]","[4350.26483, -1023.12527, -652.6076399999984, 737.5865999999996]","[4141.19005, -872.21853, -836.2991199999997, 603.62696]","[3914.18659, -810.51698, -908.0138400000022, 246.80620000000022]","[3654.56429, -795.91216, -1038.4892, 58.41928000000007]","[3415.52932, -699.42596, -956.1398799999988, 385.94479999999976]","[3176.736, -555.6482, -955.1732800000009, 575.1110400000002]","[2941.71, -454.64712, -940.1039999999994, 404.00432]","[2680.83256, -415.5045, -1043.5097600000008, 156.57047999999986]","[2428.90428, -403.60765, -1007.7131199999985, 47.587400000000116]","[2187.26608, -295.2602, -966.5528000000013, 433.3897999999999]"
86,People,"[1978.26278, -152.79723, 0, 0]","[1754.54025, -57.63389, -894.89012, 380.65336]","[1520.80489, 12.66568, -934.9414400000005, 281.19828]","[1297.76199, 72.66618, -892.1715999999997, 240.00199999999998]","[1074.21169, 170.70008, -894.2011999999995, 392.13560000000007]","[846.25412, 286.60899, -911.8302800000006, 463.63563999999997]","[562.36769, 348.57095, -1135.5457199999996, 247.8478399999999]","[281.78636, 394.7563, -1122.3253200000001, 184.7414000000001]","[25.95639, 468.7475, -1023.3198800000009, 295.96480000000025]","[-180.49046, 597.84451, -825.7874, 516.38804]","[-392.1715, 746.73386, -846.7241599999999, 595.5574000000001]","[-662.20606, 824.5478, -1080.13824, 311.25576]","[-922.19101, 871.56917, -1039.9398, 188.08547999999973]","[-1148.45657, 960.78773, -905.0622400000002, 356.8742400000001]","[-1331.33077, 1108.77012, -731.4967999999999, 591.9295599999996]","[-1519.55394, 1276.61382, -752.8926799999999, 671.3748000000005]"
87,People,"[-1780.81616, 1395.05595, 0, 0]","[-2028.21432, 1473.4568, -989.5926399999998, 313.60339999999997]","[-2225.59705, 1583.21661, -789.5309199999992, 439.03924000000006]","[-2369.08138, 1758.3323, -573.9373200000009, 700.4627600000003]","[-2531.46363, 1962.82487, -649.5290000000005, 817.9702799999995]","[-2748.25266, 2105.743, -867.1561199999996, 571.6725200000001]","[-2947.29187, 2202.30322, -796.1568399999996, 386.2408799999994]","[-3095.79084, 2320.58035, -593.9958800000004, 473.1085200000016]","[-3162.52733, 2469.29204, -266.94595999999933, 594.8467599999991]","[-3201.89319, 2597.297, -157.46343999999954, 512.0198400000008]","[-3319.17022, 2732.32034, -469.1081200000008, 540.0933600000008]","[-3447.30216, 2947.74618, -512.5277600000009, 861.7033599999995]","[-3554.01377, 3148.66277, -426.84643999999935, 803.6663599999993]","[-3602.93228, 3242.12211, -195.67403999999988, 373.83735999999953]","[-3628.41557, 3254.36511, -101.9331600000005, 48.97200000000157]","[-3650.83213, 3247.27067, -89.66623999999865, -28.377760000001217]"
88,People,"[-3664.68426, 3163.67722, 0, 0]","[-3660.67225, 3026.45234, 16.048039999999673, -548.8995200000008]","[-3650.9321, 2917.86915, 38.96060000000034, -434.3327599999993]","[-3651.3238, 2885.62947, -1.5668000000005122, -128.95872000000054]","[-3660.13705, 2951.56016, -35.25299999999879, 263.72276000000056]","[-3659.11285, 3074.60924, 4.096799999999348, 492.1963200000009]","[-3679.37505, 3185.97585, -81.04880000000048, 445.46643999999833]","[-3688.13748, 3234.87401, -35.04971999999907, 195.59264000000076]","[-3700.33665, 3245.56377, -48.79668000000133, 42.75904000000086]","[-3699.93278, 3247.82342, 1.6154800000003888, 9.03859999999986]","[-3687.87673, 3227.47502, 48.224200000000565, -81.39360000000124]","[-3700.31264, 3193.44717, -49.743640000000596, -136.11139999999978]","[-3719.77558, 3164.25285, -77.85175999999956, -116.77728000000025]","[-3714.52204, 3133.31233, 21.01416000000063, -123.7620799999986]","[-3686.67926, 2999.89576, 111.37111999999979, -533.6662800000013]","[-3646.18944, 2794.07475, 161.95927999999913, -823.2840399999986]"
89,People,"[-3624.70846, 2584.21461, 0, 0]","[-3624.94451, 2421.7798, -0.9441999999999098, -649.7392400000008]","[-3587.2490786274507, 2349.179368627451, 150.78172549019655, -290.40172549019553]","[-3549.553647254902, 2276.578937254902, 150.78172549019473, -290.40172549019553]","[-3403.14143, 2243.92774, 585.6488690196074, -130.60478901960778]","[-3242.65475, 2193.92195, 641.9467199999999, -200.02316000000064]","[-3152.87499, 2083.65709, 359.1190400000014, -441.0594399999991]","[-3079.00822, 1913.47326, 295.46707999999853, -680.7353200000007]","[-2987.01642, 1722.74914, 367.9672000000013, -762.896480000001]","[-2870.72256, 1603.86579, 465.17543999999907, -475.53339999999935]","[-2725.08605, 1580.70349, 582.5460400000011, -92.64919999999984]","[-2549.09261, 1610.52879, 703.973759999999, 119.30119999999988]","[-2381.61617, 1565.68163, 669.9057600000015, -179.38864000000012]","[-2183.23584, 1424.89332, 793.5213199999998, -563.1532400000006]","[-1961.46182, 1252.75073, 887.0960799999993, -688.5703599999997]","[-1768.84982, 1122.6063, 770.4480000000003, -520.5777200000002]"
90,People,"[-1580.82892, 1016.73984, 0, 0]","[-1402.37961, 900.50084, 713.7972399999999, -464.9559999999997]","[-1344.2203, 717.65017, 232.63724000000002, -731.4026800000001]","[-1343.86219, 516.18395, 1.4324399999995876, -805.8648800000001]","[-1270.98294, 287.06933, 291.5169999999998, -916.45848]","[-1136.99606, 86.94022, 535.9475200000006, -800.5164399999999]","[-992.13144, -63.30371, 579.4584799999998, -600.97572]","[-940.84779, -269.99613, 205.13459999999986, -826.76968]","[-888.98187, -518.57491, 207.46368000000047, -994.3151200000011]","[-811.55255, -727.52942, 309.71727999999985, -835.8180399999997]","[-717.6061, -931.26325, 375.7858000000001, -814.93532]","[-588.79559, -1149.87567, 515.2420400000001, -874.4496799999997]","[-561.22397, -1394.78534, 110.28647999999976, -979.63868]","[-567.04105, -1637.5816, -23.26832000000013, -971.1850400000003]","[-559.44865, -1847.05238, 30.36959999999999, -837.8831200000004]","[-462.46841, -2025.85087, 387.92096000000015, -715.1939599999996]"
91,People,"[-307.62464, -2186.31308, 0, 0]","[-225.33679, -2427.84757, 329.15139999999997, -966.13796]","[-190.1473, -2655.71386, 140.75796000000003, -911.4651599999997]","[-141.25609, -2831.49747, 195.56484, -703.1344399999998]","[-45.39166, -2949.59724, 383.45772, -472.39908000000105]","[75.43104, -3049.16988, 483.2908, -398.29055999999946]","[162.95375, -3148.32634, 350.09084000000007, -396.6258400000006]","[229.31981, -3249.99222, 265.4642399999999, -406.66352000000006]","[307.77784, -3384.40165, 313.83212000000043, -537.6377199999993]","[368.1922, -3462.46053, 241.65743999999995, -312.2355200000002]","[371.301, -3512.46947, 12.435199999999895, -200.03576000000066]","[357.00239, -3556.46112, -57.194439999999986, -175.96659999999974]","[353.58654, -3593.17685, -13.66339999999991, -146.86291999999958]","[395.29994, -3654.73623, 166.85359999999991, -246.2375200000006]","[462.0163, -3698.51815, 266.86544000000004, -175.1276799999996]","[453.2360276190476, -3657.98502047619, -35.12108952380959, 162.132518095239]"
92,People,"[441.03653555555553, -3611.807052222222, 0, 0]","[413.58696, -3562.55483, -109.79830222222222, 197.00888888888767]","[385.17657, -3540.23729, -113.6415599999998, 89.27016000000003]","[377.41487, -3533.65796, -31.046800000000076, 26.31732000000011]","[372.4034, -3496.96198, -20.045880000000125, 146.78391999999985]","[366.44032, -3421.09583, -23.852319999999963, 303.46459999999934]","[278.90603, -3301.12664, -350.13716, 479.876760000001]","[180.015, -3170.00706, -395.56412, 524.4783200000002]","[74.12422, -3050.67693, -423.56312000000037, 477.3205199999997]","[29.52522, -2941.35051, -178.39599999999996, 437.3056799999995]","[32.70933, -2791.03826, 12.736440000000002, 601.2490000000016]","[63.23722, -2621.45443, 122.11156, 678.3353200000001]","[34.42503, -2425.57271, -115.24876, 783.5268799999994]","[-41.71327, -2206.07329, -304.5532, 877.9976800000004]","[-122.74103, -1997.27079, -324.11104, 835.2099999999991]","[-149.14019, -1778.26426, -105.59663999999998, 876.0261200000004]"
93,People,"[-134.54372, -1574.4051, 0, 0]","[-162.37967, -1323.82212, -111.34379999999999, 1002.3319199999996]","[-239.90776, -1075.45989, -310.11235999999997, 993.4489199999998]","[-319.3873, -864.27728, -317.91815999999994, 844.7304400000003]","[-298.58007, -662.67478, 83.22892000000002, 806.4099999999999]","[-233.63773, -476.74357, 259.7693599999999, 743.7248400000003]","[-251.36124, -279.53206, -70.89404000000002, 788.8460399999999]","[-305.14887, 7.11985, -215.15051999999991, 1146.60764]","[-367.47116, 248.45888, -249.28916000000027, 965.3561200000008]","[-343.25184, 473.01427, 96.87727999999993, 898.2215600000001]","[-298.98469, 696.66564, 177.06860000000006, 894.6054800000002]","[-280.75442, 918.1196, 72.92108000000007, 885.8158399999998]","[-321.784, 1143.21517, -164.11832000000004, 900.3822799999998]","[-364.51126, 1336.15737, -170.90904, 771.7687999999998]","[-348.97383, 1514.48283, 62.14971999999989, 713.3018400000001]","[-283.77524, 1689.30663, 260.7943600000001, 699.2952000000005]"
94,People,"[-222.68796, 1871.01648, 0, 0]","[-204.99694, 2021.18083, 70.76408000000004, 600.6574]","[-295.39384, 2151.59307, -361.58760000000007, 521.6489599999995]","[-402.42583, 2278.43771, -428.12796000000003, 507.378560000001]","[-428.96276, 2331.63968, -106.14771999999994, 212.8078800000003]","[-431.26254, 2298.80268, -9.199119999999994, -131.34800000000178]","[-470.06668, 2276.63088, -155.21656000000007, -88.68719999999848]","[-475.46967, 2312.74195, -21.611959999999954, 144.4442799999997]","[-484.71292, 2371.3331, -36.97299999999999, 234.36459999999917]","[-503.88552, 2408.67009, -76.69039999999995, 149.34796000000097]","[-417.76799, 2501.85164, 344.47011999999995, 372.72619999999915]","[-269.11133, 2617.36785, 594.62664, 462.0648400000009]","[-182.71354, 2682.04931, 345.59116000000006, 258.72583999999915]","[-123.73059, 2754.06684, 235.93179999999995, 288.0701200000003]","[-82.56039, 2861.50897, 164.68080000000003, 429.7685199999996]","[-61.78852, 3062.62738, 83.08748, 804.4736400000002]"
95,People,"[3.07568, 3308.25228, 0, 0]","[37.82481, 3421.28212, 138.99652, 452.1193599999988]","[35.85545, 3478.74111, -7.877440000000007, 229.83596000000034]","[-40.4386, 3480.36449, -305.1762, 6.4935199999999895]","[-167.65502, 3466.66199, -508.86568, -54.80999999999949]","[-260.84885, 3427.62304, -372.7753200000001, -156.15580000000045]","[-311.36441, 3423.58126, -202.06223999999997, -16.167120000000068]","[-328.55959, 3417.23764, -68.78071999999997, -25.374480000000403]","[-313.06872, 3404.0604, 61.963480000000175, -52.70895999999998]","[-246.82824, 3412.32976, 264.96191999999996, 33.077440000000934]","[-192.18619, 3432.01817, 218.56819999999993, 78.753639999999]","[-160.6401, 3443.03681, 126.18436000000008, 44.07456000000093]","[-66.37036, 3466.33564, 377.07895999999994, 93.1953199999989]","[4.358408333333333, 3508.2784816666663, 282.91507333333334, 167.77136666666593]","[11.741616666666667, 3509.848487619048, 29.532833333333336, 6.280023809526028]","[19.124825, 3511.4184935714284, 29.532833333333336, 6.28002380952239]"
96,People,"[26.508033333333334, 3512.9884995238094, 0, 0]","[-10.49025, 3458.48986, -147.99313333333333, -217.99455809523715]","[-6.11541, 3438.09503, 17.49936, -81.57932000000073]","[-13.58138, 3406.21762, -29.863879999999998, -127.50964000000022]","[-47.63366, 3356.70976, -136.20911999999998, -198.03143999999884]","[-81.24122, 3311.32613, -134.43024, -181.53452000000107]","[-157.32558, 3203.85882, -304.33744, -429.86924]","[-257.26421, 3041.45244, -399.75451999999996, -649.6255199999996]","[-316.31073, 2855.06034, -236.18608000000015, -745.5684000000008]","[-320.89479, 2749.93227, -18.33624000000009, -420.5122800000008]","[-286.37111, 2733.55545, 138.09472000000005, -65.50727999999981]","[-209.99436, 2748.2963, 305.50699999999995, 58.96340000000055]","[-56.20815, 2708.54244, 615.1448399999999, -159.01543999999922]","[117.20787, 2616.91464, 693.66408, -366.5112000000008]","[212.7204, 2459.96915, 382.05012000000005, -627.7819600000003]","[293.84119, 2249.2866, 324.4831599999999, -842.7302]"
97,People,"[376.63108, 2084.68441, 0, 0]","[460.34347, 1990.02241, 334.8495600000001, -378.64799999999923]","[593.69788, 1912.3253, 533.4176400000001, -310.78844000000026]","[724.71633, 1776.0611, 524.0737999999997, -545.0568000000003]","[837.7804, 1570.76596, 452.25628000000006, -821.1805599999998]","[962.34227, 1360.08781, 498.24748, -842.7125999999998]","[1122.863, 1149.02481, 642.0829200000003, -844.2520000000004]","[1331.452, 989.70884, 834.3559999999998, -637.2638799999995]","[1493.1657, 880.04396, 646.8548000000006, -438.65952000000055]","[1595.31259, 768.38013, 408.58755999999994, -446.65531999999985]","[1661.54193, 600.48874, 264.9173600000004, -671.56556]","[1835.26065, 410.26392, 694.8748799999994, -760.8992800000001]","[1998.14623, 272.19944, 651.5423200000005, -552.25792]","[2202.41174, 180.79083, 817.0620399999998, -365.6344399999999]","[2414.35132, 148.94822, 847.7583200000008, -127.37044000000003]","[2584.30684, 44.97292, 679.8220799999999, -415.90119999999996]"
98,People,"[2725.47959, -72.19806, 0, 0]","[2872.75355, -195.34737, 589.09584, -492.59724000000006]","[3107.92779, -319.54288, 940.6969600000011, -496.78204000000005]","[3331.17864, -362.11852, 893.0033999999996, -170.30255999999986]","[3544.37366, -521.25076, 852.7800800000005, -636.5289600000001]","[3713.59147, -659.85106, 676.8712399999986, -554.4011999999998]","[3876.34515, -821.78058, 651.014720000001, -647.7180800000001]","[4109.30698, -959.68754, 931.8473200000008, -551.6278400000001]","[4339.8208, -1067.21469, 922.0552800000013, -430.1086000000004]","[4516.23341, -1147.1762, 705.6504399999976, -319.84604000000036]","[4687.23911, -1301.36816, 684.0228000000025, -616.7678399999995]","[4875.763, -1483.26427, 754.0955599999979, -727.5844399999996]","[5072.36305, -1627.98634, 786.4002, -578.8882800000001]","[5267.85486, -1725.84255, 781.9672400000018, -391.4248400000006]","[5477.19065, -1773.94189, 837.3431599999967, -192.39735999999994]","[5623.00185, -1885.9206, 583.2448000000004, -447.91483999999946]"
99,People,"[5739.68579, -2015.53822, 0, 0]","[5852.34736, -2151.83576, 450.6462799999972, -545.1901600000001]","[5944.28171, -2236.30417, 367.7374000000018, -337.8736399999998]","[5909.75091, -2259.79785, -138.12320000000182, -93.97472000000016]","[5839.19494, -2234.39414, -282.22387999999773, 101.61484000000019]","[5817.84255, -2221.73187, -85.40956000000006, 50.64907999999923]","[5918.71678, -2245.32706, 403.4969199999978, -94.38076000000001]","[6078.87334, -2205.55907, 640.6262400000014, 159.07196000000113]","[6129.99249, -2156.91274, 204.4765999999983, 194.5853199999985]","[6166.93596, -2183.16234, 147.77388000000064, -104.99839999999858]","[6174.11255, -2189.46854, 28.70636000000013, -25.22479999999996]","[6205.39514, -2159.8361, 125.1303599999992, 118.52975999999944]","[6232.9769, -2138.7266, 110.32704000000012, 84.4380000000001]","[6219.64017, -2148.97413, -53.346919999999955, -40.99012000000039]","[6181.93027, -2162.40897, -150.83959999999934, -53.73935999999958]","[6165.45927, -2157.32367, -65.8839999999982, 20.341199999998935]"
100,People,"[6167.64208, -2149.34867, 0, 0]","[6142.24361, -2187.51684, -101.59387999999672, -152.67267999999967]","[6092.69236, -2184.39795, -198.20500000000175, 12.47555999999895]","[5914.71141, -2108.49872, -711.9238000000005, 303.59691999999995]","[5661.78794, -2052.05195, -1011.6938799999989, 225.78708000000006]","[5465.18865, -2018.78816, -786.3971600000004, 133.0551599999999]","[5316.40304, -1941.51866, -595.1424399999996, 309.07800000000043]","[5145.66442, -1848.42332, -682.9544800000003, 372.3813599999994]","[4962.29304, -1740.51089, -733.4855200000027, 431.64972000000074]","[4735.03775, -1675.31241, -909.0211599999966, 260.79392000000007]","[4490.47179, -1618.66091, -978.2638400000033, 226.60599999999977]","[4288.93659, -1552.68719, -806.1407999999974, 263.89487999999983]","[4109.45492, -1427.59042, -717.9266800000005, 500.3870800000004]","[3922.7502, -1265.93907, -746.8188800000007, 646.6054000000004]","[3682.62083, -1186.16622, -960.5174800000004, 319.09139999999934]","[3448.48051, -1137.62042, -936.5612799999999, 194.1832000000004]"
101,People,"[3250.87327, -1063.74643, 0, 0]","[3044.00557, -962.35694, -827.470800000001, 405.55795999999964]","[2834.57331, -834.64591, -837.7290399999983, 510.8441200000002]","[2589.79873, -779.77119, -979.098320000001, 219.49887999999964]","[2338.55701, -754.23197, -1004.96688, 102.15688]","[2103.81649, -687.97981, -938.9620799999993, 265.00864]","[1902.50785, -571.7257, -805.2345600000008, 465.01644000000033]","[1689.29559, -423.86008, -852.8490400000001, 591.4624799999999]","[1415.94933, -367.53025, -1093.385040000001, 225.31932000000003]","[1162.60895, -336.05841, -1013.3615199999995, 125.88736000000017]","[932.15255, -263.52302, -921.8256000000001, 290.14156]","[701.41742, -143.40208, -922.9405200000001, 480.48375999999985]","[449.90179, -38.94626, -1006.06252, 417.82328000000007]","[253.80512, -28.61619, -784.3866800000001, 41.32028000000001]","[128.18253, -136.41183, -502.4903599999999, -431.18256]","[-67.4823, -214.8402, -782.65932, -313.71348]"
102,People,"[-316.34522, -178.77404, 0, 0]","[-568.37616, -122.05586, -1008.1237600000002, 226.87272000000007]","[-818.66206, -149.68624, -1001.1435999999999, -110.52152000000001]","[-983.88846, -219.82413, -660.9056, -280.55156]","[-1116.82739, -287.29691, -531.7557199999997, -269.8911200000001]","[-1304.60351, -296.15363, -751.10448, -35.42687999999998]","[-1516.92862, -279.25367, -849.30044, 67.59984000000009]","[-1747.10722, -310.64735, -920.7144000000008, -125.57472000000007]","[-1958.26661, -403.54142, -844.63756, -371.57628000000034]","[-2166.29387, -516.79781, -832.1090400000003, -453.02556000000004]","[-2394.43568, -549.36624, -912.5672400000003, -130.27371999999968]","[-2616.76385, -550.17365, -889.3126799999991, -3.2296400000000176]","[-2854.33694, -584.8668, -950.2923600000013, -138.77260000000024]","[-3092.78389, -682.26985, -953.7878000000001, -389.61220000000003]","[-3288.00135, -812.34307, -780.8698399999994, -520.29288]","[-3514.19944, -853.20478, -904.7923599999995, -163.44684000000007]"
103,People,"[-3810.01484, -830.36874, 0, 0]","[-4180.02459, -822.92798, -1480.0390000000007, 29.76303999999982]","[-4397.13894, -852.70802, -868.4573999999993, -119.12015999999994]","[-4456.96116, -866.0056, -239.28888000000006, -53.1903199999997]","[-4426.77673, -870.68426, 120.73772000000099, -18.714640000000145]","[-4343.68596, -901.42124, 332.3630799999992, -122.94792000000007]","[-4297.38001, -965.27688, 185.22379999999976, -255.42255999999998]","[-4270.56188, -981.44042, 107.27251999999862, -64.65416000000005]","[-4233.88072, -985.28586, 146.7246400000005, -15.381759999999773]","[-4203.28919, -988.49911, 122.36611999999877, -12.853000000000065]","[-4113.52274, -1076.80625, 359.0658000000003, -353.22856000000047]","[-4039.93274, -1151.46877, 294.3600000000006, -298.65007999999943]","[-3998.49327, -1203.77776, 165.75788000000102, -209.23595999999998]","[-3981.99193, -1226.16774, 66.0053599999992, -89.5599200000006]","[-3998.58436, -1222.93031, -66.36971999999878, 12.949720000000525]","[-4124.86001, -1174.87686, -505.102600000002, 192.21379999999954]"
104,People,"[-4148.977921562499, -1163.6305912500002, 0, 0]","[-4152.540525610795, -1157.8059563068182, -14.2504161931829, 23.298539772727963]","[-4156.103129659091, -1151.9813213636364, -14.2504161931829, 23.298539772727054]","[-4159.665733707386, -1146.156686420455, -14.250416193179262, 23.298539772726144]","[-4163.228337755681, -1140.332051477273, -14.2504161931829, 23.298539772727963]","[-4166.790941803977, -1134.507416534091, -14.2504161931829, 23.298539772727963]","[-4170.353545852272, -1128.6827815909091, -14.250416193179262, 23.298539772727054]","[-4173.916149900568, -1122.8581466477274, -14.2504161931829, 23.298539772727054]","[-4177.478753948863, -1117.0335117045456, -14.250416193182913, 23.298539772727075]","[-4181.041357997159, -1111.2088767613636, -14.2504161931829, 23.298539772727963]","[-4184.603962045454, -1105.384241818182, -14.250416193179262, 23.298539772726144]","[-4188.16656609375, -1099.559606875, -14.2504161931829, 23.298539772727963]","[-4191.729170142045, -1093.7349719318183, -14.2504161931829, 23.298539772727054]","[-4195.29177419034, -1087.9103369886363, -14.250416193179262, 23.298539772727963]","[-4198.854378238636, -1082.0857020454546, -14.2504161931829, 23.298539772727054]","[-4202.416982286932, -1076.2610671022728, -14.2504161931829, 23.298539772727054]"
105,People,"[-4205.979586335227, -1070.436432159091, 0, 0]","[-4209.542190383522, -1064.611797215909, -14.250416193179262, 23.298539772727963]","[-4213.104794431818, -1058.7871622727273, -14.2504161931829, 23.298539772727054]","[-4216.667398480114, -1052.9625273295455, -14.2504161931829, 23.298539772727054]","[-4220.2300025284085, -1047.1378923863635, -14.250416193179262, 23.298539772727963]","[-4223.792606576704, -1041.3132574431818, -14.2504161931829, 23.298539772727054]","[-4227.355210625, -1035.4886225, -14.2504161931829, 23.298539772727054]","[-4230.917814673296, -1029.6639875568185, -14.2504161931829, 23.298539772726144]","[-4234.480418721591, -1023.8393526136364, -14.250416193182913, 23.29853977272844]","[-4238.043022769886, -1018.0147176704544, -14.250416193179262, 23.298539772727963]","[-4241.605626818182, -1012.1900827272729, -14.2504161931829, 23.298539772726144]","[-4245.168230866477, -1006.365447784091, -14.250416193179262, 23.29853977272751]","[-4083.11862, -1093.566, 648.1984434659062, -348.8022088636362]","[-3882.96819, -1120.78427, 800.6017200000006, -108.8730800000003]","[-3640.39446, -1100.89611, 970.2949200000003, 79.55264000000079]","[-3466.50893, -1123.8988, 695.5421200000001, -92.01076000000012]"
106,People,"[-3276.52944, -1090.14618, 0, 0]","[-3041.1889066666668, -986.57554, 941.3621333333322, 414.28255999999965]","[-2810.8154622222223, -926.4752066666668, 921.4937777777777, 240.4013333333328]","[-2536.89426, -894.73392, 1095.6848088888892, 126.96514666666735]","[-2320.10929, -828.60571, 867.1398800000006, 264.51283999999987]","[-2121.38701, -720.23573, 794.8891199999998, 433.4799200000002]","[-1895.66221, -583.15918, 902.8991999999998, 548.3062]","[-1612.17969, -525.74903, 1133.93008, 229.64060000000018]","[-1322.80629, -504.27527, 1157.493600000001, 85.89503999999995]","[-1076.11099, -451.24058, 986.7812000000004, 212.13875999999982]","[-837.09794, -365.90175, 956.0521999999996, 341.3553200000001]","[-585.80003, -290.48053, 1005.19164, 301.68488]","[-298.21796, -296.46109, 1150.32828, -23.9222400000001]","[-12.23329, -287.47643, 1143.93868, 35.93864000000008]","[249.81294, -230.97029, 1048.18492, 226.02455999999995]","[488.54319, -148.43034, 954.9209999999999, 330.1598]"
107,People,"[768.02131, -79.18477, 0, 0]","[1052.1112, -66.72095, 1136.3595600000003, 49.85527999999999]","[1299.41563, -48.97416, 989.2177199999996, 70.98716000000002]","[1537.70772, 34.44023, 953.1683600000006, 333.65756]","[1780.16652, 174.34681, 969.8351999999995, 559.6263200000001]","[2061.84361, 220.13222, 1126.7083599999996, 183.14163999999994]","[2323.25951, 230.76991, 1045.6635999999999, 42.55076000000008]","[2569.88718, 263.50309, 986.5106800000012, 130.9327199999999]","[2829.84194, 318.87899, 1039.8190399999994, 221.5036000000002]","[3094.74924, 394.89445, 1059.6292000000012, 304.0618400000001]","[3371.12451, 403.0362, 1105.50108, 32.56700000000001]","[3635.4346, 402.82091, 1057.2403599999998, -0.8611599999999271]","[3873.00328, 467.80826, 950.2747199999994, 259.94939999999997]","[4119.02964, 580.55754, 984.1054399999994, 450.99712]","[4369.13738, 669.74962, 1000.4309600000015, 356.76832000000013]","[4610.05002, 704.72368, 963.6505599999982, 139.89623999999958]"
108,People,"[4838.07346, 719.50901, 0, 0]","[5041.25506, 814.34341, 812.7264000000032, 379.33759999999984]","[5196.12074, 969.78995, 619.4627199999995, 621.7861600000001]","[5347.31517, 1111.24494, 604.7777199999982, 565.8199600000003]","[5481.4612, 1174.53535, 536.5841199999995, 253.16164000000026]","[5655.07673, 1200.02906, 694.4621200000001, 101.97483999999986]","[5833.41718, 1239.07424, 713.3618000000024, 156.18071999999938]","[5909.83791, 1286.0139, 305.6829199999993, 187.75864]","[5870.69235, 1254.07256, -156.58223999999987, -127.76535999999953]","[5841.13395, 1229.71362, -118.23359999999957, -97.4357600000003]","[5850.53604, 1233.77177, 37.608359999998356, 16.232600000000275]","[5870.18276, 1240.24048, 78.58687999999893, 25.874839999999494]","[5895.78487, 1251.76573, 102.40844000000288, 46.10100000000057]","[5940.02086, 1279.80251, 176.94395999999688, 112.14711999999963]","[5992.33438, 1314.12691, 209.25408000000243, 137.29759999999987]","[6022.39081, 1344.38644, 120.22571999999855, 121.03812000000016]"
109,People,"[6030.50178, 1354.07848, 0, 0]","[5985.28599, 1367.29099, -180.86315999999715, 52.85004000000026]","[5867.42407, 1330.66497, -471.4476800000011, -146.5040799999997]","[5757.45834, 1222.99102, -439.8629199999996, -430.6958000000004]","[5661.92223, 1092.65972, -382.14444000000003, -521.3251999999993]","[5587.66724, 1005.73932, -297.01996000000145, -347.68160000000034]","[5468.71116, 1003.31313, -475.8243199999997, -9.704760000000078]","[5300.72085, 1068.37807, -671.9612400000005, 260.2597599999999]","[5124.32548, 1098.3417, -705.5814799999978, 119.85451999999997]","[4967.66369, 1039.43761, -626.6471600000004, -235.61636]","[4784.76736, 929.26395, -731.585320000002, -440.6946399999997]","[4569.22952, 901.15369, -862.1513599999998, -112.44104000000016]","[4340.2672, 963.56528, -915.8492799999985, 249.6463600000002]","[4092.49497, 1040.95643, -991.0889200000001, 309.5645999999997]","[3834.27072, 1035.42791, -1032.8970000000008, -22.114079999999376]","[3569.68986, 1013.04606, -1058.3234400000001, -89.5274000000004]"
110,People,"[3318.60554, 1024.3643, 0, 0]","[3070.75645, 1073.77035, -991.3963600000006, 197.6242000000002]","[2812.92011, 1134.15977, -1031.3453599999993, 241.5576799999999]","[2542.86622, 1105.34735, -1080.2155600000006, -115.2496799999999]","[2281.03073, 1050.61467, -1047.3419599999997, -218.9307200000003]","[2034.02618, 1036.2298, -988.0181999999995, -57.53947999999946]","[1799.97639, 1070.43227, -936.1991600000001, 136.8098799999998]","[1554.4791, 1114.44584, -981.9891600000001, 176.0542800000003]","[1294.8814, 1080.59686, -1038.390800000001, -135.39592000000005]","[1028.52668, 1030.60649, -1065.4188800000002, -199.96148000000085]","[803.65645, 1031.95499, -899.48092, 5.394000000000233]","[584.23885, 1086.29571, -877.6704, 217.3628800000006]","[344.91661, 1154.81417, -957.2889599999999, 274.07384]","[84.18242, 1169.25702, -1042.93676, 57.77139999999963]","[-156.84723, 1173.18666, -964.1186, 15.718560000000252]","[-362.39566, 1214.6062, -822.1937200000001, 165.67815999999948]"
111,People,"[-559.88854, 1301.11789, 0, 0]","[-779.04942, 1407.05711, -876.6435200000001, 423.7568799999999]","[-1018.96314, 1462.33785, -959.6548799999996, 221.1229599999997]","[-1265.46191, 1492.18594, -985.9950800000001, 119.39236000000074]","[-1468.59944, 1546.31308, -812.5501199999999, 216.5085599999993]","[-1660.01688, 1639.37103, -765.6697599999998, 372.2318000000005]","[-1874.89917, 1794.1099, -859.52916, 618.9554799999996]","[-2108.78352, 1887.31848, -935.5374000000002, 372.83431999999993]","[-2353.79693, 1959.73068, -980.053640000001, 289.6488000000002]","[-2547.5602, 2067.12473, -775.0530799999997, 429.5762000000004]","[-2702.64938, 2216.83736, -620.3567199999998, 598.85052]","[-2839.68535, 2375.76215, -548.1438800000014, 635.6991600000001]","[-2989.06205, 2460.76712, -597.5067999999992, 340.01987999999983]","[-3130.99615, 2500.15919, -567.7363999999998, 157.5682799999995]","[-3272.90797, 2552.51624, -567.647280000001, 209.4282000000003]","[-3362.75003, 2661.37907, -359.3682399999998, 435.4513200000001]"
112,People,"[-3431.25071, 2856.34771, 0, 0]","[-3508.45493, 3071.05252, -308.8168800000003, 858.8192400000007]","[-3547.86281, 3176.99221, -157.63152000000082, 423.7587599999988]","[-3545.4104, 3182.00866, 9.80963999999949, 20.06580000000031]","[-3545.35033, 3073.74994, 0.24027999999998428, -433.03487999999925]","[-3643.47741, 2927.01731, -392.508319999999, -586.9305199999999]","[-3735.85817, 2851.45113, -369.52304000000004, -302.26472000000103]","[-3770.64916, 2788.06768, -139.16395999999986, -253.53379999999925]","[-3779.16463, 2794.62314, -34.06188000000114, 26.22184000000018]","[-3759.65841, 2872.53229, 78.02488000000085, 311.6365999999998]","[-3717.12495, 3004.14812, 170.13384000000042, 526.4633199999989]","[-3675.59077, 3089.98013, 166.13672000000042, 343.3280400000003]","[-3617.04611, 3022.42361, 234.17863999999827, -270.22608000000037]","[-3553.60653, 2917.90231, 253.75832000000082, -418.08519999999953]","[-3579.84041, 2827.4701, -104.93551999999909, -361.72883999999976]","[-3536.25867, 2908.87223, 174.3269599999985, 325.60851999999977]"
113,People,"[-3537.42845, 2918.9922, 0, 0]","[-3633.66321, 2902.13142, -384.9390400000011, -67.44311999999991]","[-3735.39043, 2866.94247, -406.90887999999904, -140.75580000000082]","[-3822.85348, 2901.17851, -349.8522000000012, 136.94416000000092]","[-3827.01113, 2891.67196, -16.630599999998594, -38.026200000000244]","[-3826.38305, 2857.68825, 2.512319999999818, -135.9348399999999]","[-3842.55676, 2746.57842, -64.69484000000011, -444.4393200000013]","[-3824.56977, 2584.31474, 71.94795999999951, -649.0547200000001]","[-3744.90202, 2417.35588, 318.67100000000056, -667.8354399999995]","[-3668.3829216, 2336.1896144, 306.0763936000003, -324.66506239999944]","[-3594.0848616, 2291.0218244, 297.1922400000003, -180.6711600000017]","[-3455.18581, 2245.65465, 555.5962063999996, -181.46869759999936]","[-3239.55458, 2190.86931, 862.5249199999998, -219.14135999999962]","[-3054.15404, 2035.4255, 741.6021600000004, -621.7752399999999]","[-2881.83728, 1843.11128, 689.2670399999988, -769.2568799999999]","[-2670.92924, 1698.20946, 843.632160000001, -579.6072800000002]"
114,People,"[-2438.44243, 1661.0659, 0, 0]","[-2190.63979, 1647.27542, 991.2105599999995, -55.161920000000464]","[-1963.31843, 1503.30957, 909.2854400000006, -575.8634000000002]","[-1755.84828, 1345.15689, 829.8806000000004, -632.6107199999997]","[-1527.74906, 1225.12104, 912.3968799999993, -480.14339999999993]","[-1250.69509, 1175.27734, 1108.2158800000007, -199.3747999999996]","[-990.99961, 1097.27544, 1038.78192, -312.0076000000008]","[-751.39775, 939.13558, 958.40744, -632.5594399999995]","[-516.73424, 777.52368, 938.6540400000007, -646.4476000000005]","[-304.53284, 679.89766, 848.8055999999999, -390.50408000000016]","[-88.6318, 615.74835, 863.6041600000001, -256.59724000000006]","[161.14512, 554.06154, 999.10768, -246.7472399999997]","[402.16858, 388.6014, 964.0938400000001, -661.8405600000001]","[623.80503, 230.91244, 886.5457999999999, -630.75584]","[875.88501, 125.17457, 1008.3199199999999, -422.95148]","[1138.89814, 30.20265, 1052.0525200000002, -379.88768000000005]"
115,People,"[1361.95214, -74.32874, 0, 0]","[1563.41179, -215.32392, 805.8386, -563.98072]","[1758.19252, -355.57651, 779.1229199999998, -561.01036]","[2000.06568, -454.12347, 967.4926399999995, -394.18784000000005]","[2250.11381, -522.42195, 1000.1925199999996, -273.19392000000016]","[2467.30088, -643.55238, 868.7482799999998, -484.52171999999973]","[2655.74679, -809.57809, 753.7836400000015, -664.10284]","[2843.53453, -953.44296, 751.150959999999, -575.45948]","[3086.09463, -1035.76784, 970.2404000000015, -329.2995200000003]","[3352.18774, -1067.46678, 1064.3724399999992, -126.79575999999997]","[3598.06028, -1186.93758, 983.4901600000012, -477.8832000000002]","[3816.14997, -1358.38674, 872.3587599999992, -685.7966399999996]","[4027.58546, -1503.40618, 845.7419599999994, -580.0777600000001]","[4277.08771, -1598.54772, 998.009, -380.5661600000003]","[4554.77148, -1673.1689, 1110.7350800000022, -298.48471999999947]","[4783.09648, -1818.08398, 913.2999999999993, -579.6603200000009]"
116,People,"[4998.1344, -1985.96886, 0, 0]","[5193.17553, -2083.25976, 780.1645200000021, -389.16359999999986]","[5381.98126, -2087.34277, 755.2229199999965, -16.332040000001143]","[5582.68859, -2076.80859, 802.8293200000007, 42.13672000000042]","[5805.0939, -2144.47202, 889.6212400000004, -270.65372000000025]","[6055.1203, -2194.78131, 1000.105599999999, -201.23715999999877]","[6238.484, -2199.99988, 733.4548000000032, -20.87428]","[6303.67965, -2204.44744, 260.78259999999864, -17.790240000000267]","[6309.74727, -2222.08137, 24.270479999999246, -70.53571999999991]","[6244.94675, -2242.06414, -259.2020799999991, -79.93108000000029]","[6151.12062, -2289.29387, -375.3045200000015, -188.91892000000007]","[6106.25548, -2336.24868, -179.46055999999953, -187.81924000000072]","[6103.64659, -2348.18765, -10.435559999998077, -47.7558799999988]","[6136.85621, -2317.79888, 132.83847999999853, 121.55508000000009]","[6205.44718, -2267.70808, 274.3638800000008, 200.36319999999978]","[6295.28619, -2230.23279, 359.35603999999876, 149.90115999999944]"
117,People,"[6343.86767, -2224.26763, 0, 0]","[6350.23821, -2226.48251, 25.482160000003205, -8.859519999999975]","[6346.20862, -2228.93298, -16.118360000000393, -9.801880000000892]","[6349.12643, -2204.66669, 11.67123999999967, 97.0651600000001]","[6312.30963, -2219.77708, -147.26720000000205, -60.4415599999993]","[6218.45563, -2267.76353, -375.41599999999744, -191.94580000000133]","[6168.53336, -2274.64108, -199.6890800000001, -27.510199999998804]","[6176.25036, -2272.21088, 30.867999999998574, 9.720799999999144]","[6211.98988, -2266.97287, 142.95808000000045, 20.952040000000142]","[6263.25449, -2263.90245, 205.0584400000007, 12.281680000000051]","[6276.3017, -2271.39474, 52.18883999999889, -29.969160000000556]","[6219.6913, -2282.76822, -226.4415999999983, -45.49391999999898]","[6140.79936, -2304.28568, -315.5677600000017, -86.06984000000011]","[6106.97833, -2302.18322, -135.28412000000026, 8.409840000000258]","[6083.41688, -2279.9601, -94.2458000000006, 88.89248000000043]","[6069.75621, -2277.90853, -54.64268000000084, 8.206279999998515]"
118,People,"[372.53853, 3135.56233, 0, 0]","[372.61788, 3133.00276, 0.31740000000013424, -10.238280000001396]","[378.12364, 3139.29233, 22.023040000000037, 25.15828000000147]","[385.23869, 3120.05393, 28.460199999999986, -76.95360000000073]","[364.90835, 3123.83873, -81.32136000000014, 15.139199999999619]","[339.03118, 3125.74653, -103.50867999999991, 7.631199999999808]","[335.70231, 3133.34526, -13.31547999999998, 30.39492000000064]","[345.17096, 3142.37177, 37.87459999999987, 36.106040000000576]","[363.22321, 3152.07007, 72.20900000000013, 38.793200000000105]","[382.94054, 3154.95905, 78.86932000000002, 11.555919999998878]","[395.58459, 3143.38654, 50.57619999999997, -46.29003999999986]","[403.49018, 3120.34905, 31.62236000000007, -92.14996000000065]","[389.6272, 3100.49894, -55.45191999999997, -79.40043999999943]","[435.15691, 3088.68845, 182.11883999999986, -47.24195999999938]","[468.88276, 3115.75235, 134.90340000000015, 108.25560000000041]","[467.04049, 3103.41213, -7.369080000000167, -49.36088000000018]"
119,People,"[484.72057, 3041.09778, 0, 0]","[543.92517, 2930.74826, 236.81839999999988, -441.39808000000085]","[596.10477, 2812.67702, 208.7184000000002, -472.28495999999905]","[592.43823, 2678.25147, -14.666160000000218, -537.7021999999997]","[490.04515, 2522.29507, -409.57232, -623.8256000000001]","[377.67294, 2364.97671, -449.48884, -629.2734400000008]","[330.14967, 2250.99069, -190.09307999999987, -455.9440799999993]","[280.09662, 2182.60715, -200.21220000000017, -273.53416000000107]","[176.36066, 2105.60315, -414.94384000000025, -308.0159999999999]","[61.98176, 2010.96638, -457.51559999999995, -378.54707999999937]","[-49.36946, 1935.65535, -445.40488, -301.2441200000003]","[-155.35645, 1829.95345, -423.94795999999997, -422.8076000000001]","[-281.53444, 1706.63496, -504.7119600000001, -493.27395999999953]","[-425.43056, 1580.39223, -575.58448, -504.97092000000066]","[-599.27055, 1466.41888, -695.3599599999998, -455.89339999999993]","[-819.5657, 1356.14553, -881.1806000000001, -441.09339999999975]"
120,People,"[-1009.78144, 1199.71004, 0, 0]","[-1188.09895, 1025.5789, -713.2700400000003, -696.5245599999998]","[-1356.18529, 866.66765, -672.3453599999993, -635.645]","[-1525.89526, 715.63087, -678.8398800000004, -604.1471200000001]","[-1696.26809, 556.89766, -681.4913200000001, -634.9328399999999]","[-1846.76155, 367.92235, -601.9738399999997, -755.9012399999999]","[-2009.29359, 183.41707, -650.1281600000002, -738.02112]","[-2193.02213, 25.43519, -734.9141599999994, -631.92752]","[-2363.0803, -103.29168, -680.2326800000016, -514.9074800000004]","[-2562.04531, -232.44075, -795.8600399999996, -516.59628]","[-2765.47049, -399.26562, -813.7007200000007, -667.29948]","[-2951.35455, -575.16027, -743.5362399999995, -703.5785999999998]","[-3142.48723, -706.82794, -764.5307200000007, -526.6706800000002]","[-3338.54751, -839.47878, -784.2411199999988, -530.6033600000001]","[-3569.01409, -935.23896, -921.866320000001, -383.04071999999996]","[-3742.77747, -1025.58198, -695.0535199999995, -361.37207999999964]"
121,People,"[-3889.59728, -1077.11577, 0, 0]","[-3981.59076, -1107.68625, -367.97392000000036, -122.28191999999945]","[-3976.30059, -1205.28363, 21.160680000000866, -390.3895199999997]","[-4056.58261, -1242.664, -321.1280800000004, -149.52148000000034]","[-4139.81107, -1185.20659, -332.91383999999925, 229.82963999999993]","[-4171.214327155964, -1169.4834055045872, -125.61302862385855, 62.89273798165141]","[-4161.054781284404, -1169.5668894495411, 40.63818348624045, -0.3339357798158744]","[-4150.895235412844, -1169.650373394495, 40.63818348624045, -0.3339357798158744]","[-4140.735689541285, -1169.7338573394495, 40.63818348623685, -0.3339357798176937]","[-4130.576143669725, -1169.8173412844037, 40.63818348624045, -0.3339357798167839]","[-4089.17464, -1150.56963, 165.60601467889865, 76.990845137615]","[-4018.84907, -1141.07523, 281.3022799999999, 37.977600000000166]","[-3984.81603, -1124.44714, 136.13216000000102, 66.51235999999972]","[-3941.21463, -1116.14694, 174.40560000000005, 33.20079999999962]","[-3945.18069, -1107.00515, -15.864240000000791, 36.56716000000051]","[-3962.92766, -1104.83576, -70.98787999999877, 8.677560000000085]"
122,People,"[-3973.15572, -1109.00858, 0, 0]","[-3982.59443, -1119.10809, -37.754839999999604, -40.39804000000004]","[-3993.10105, -1135.12158, -42.02648000000045, -64.05396000000019]","[-4025.05613, -1134.04595, -127.8203199999989, 4.302520000000186]","[-4043.10575, -1137.41044, -72.19848000000093, -13.45796000000064]","[-4037.84887, -1141.96988, 21.02752000000146, -18.23775999999998]","[-4019.32032, -1126.67916, 74.11419999999998, 61.16288000000077]","[-3956.89496, -1096.14691, 249.7014399999989, 122.1289999999999]","[-3787.47847, -1150.08114, 677.6659600000008, -215.73692000000048]","[-3629.31894, -1147.09384, 632.6381199999996, 11.949200000000019]","[-3489.2019, -1119.38986, 560.4681600000004, 110.81592]","[-3375.81827, -1056.11265, 453.53451999999925, 253.10883999999987]","[-3237.81589, -1030.72169, 552.0095200000014, 101.5638399999998]","[-3022.48002, -1029.6503, 861.3434799999995, 4.28556000000026]","[-2773.7907, -1042.37582, 994.7572799999998, -50.90207999999984]","[-2567.49926, -1030.29703, 825.1657599999999, 48.315160000000105]"
123,People,"[-2351.6404, -966.85602, 0, 0]","[-2151.65022, -913.70935, 799.960720000001, 212.5866799999999]","[-1936.22186, -865.74174, 861.7134399999995, 191.8704399999997]","[-1686.56814, -839.65708, 998.6148800000001, 104.3386400000004]","[-1459.71727, -757.76795, 907.40348, 327.55651999999964]","[-1218.1038, -659.20805, 966.45388, 394.23960000000034]","[-954.23838, -536.61773, 1055.4616800000003, 490.3612799999996]","[-702.28435, -357.30201, 1007.81612, 717.2628800000002]","[-356.67724, -202.98165, 1382.4284400000013, 617.2814400000005]","[-64.15763, -109.07982, 1170.07844, 375.60732]","[211.1159, -58.3959, 1101.09412, 202.73568]","[459.52924, -43.34681, 993.65336, 60.19636]","[716.72842, 4.83351, 1028.79672, 192.72127999999998]","[970.73826, 58.16724, 1016.0393599999998, 213.33492]","[1178.29614, 123.16194, 830.2315199999998, 259.9788]","[1409.23019, 237.54871, 923.7362000000003, 457.54708]"
124,People,"[1619.94151, 328.14852, 0, 0]","[1825.95991, 376.83593, 824.0735999999997, 194.74964]","[2100.12392, 410.55231, 1096.6560399999998, 134.86551999999983]","[2356.00381, 488.02125, 1023.5195600000006, 309.8757600000001]","[2608.90388, 556.70599, 1011.6002799999987, 274.73896000000013]","[2865.50543, 598.32165, 1026.4062000000013, 166.46263999999974]","[3065.61734, 604.89738, 800.4476399999985, 26.302920000000086]","[3344.26346, 661.19684, 1114.5844800000013, 225.19783999999981]","[3616.47084, 757.01801, 1088.8295200000002, 383.28468000000055]","[3877.8698, 847.47034, 1045.59584, 361.80931999999984]","[4144.28636, 916.24781, 1065.6662400000005, 275.10988]","[4392.40129, 995.79864, 992.4597199999989, 318.2033200000001]","[4646.67227, 1069.34431, 1017.083920000001, 294.1826799999999]","[4871.59151, 1131.93218, 899.6769600000007, 250.35148000000027]","[5101.69578, 1213.77234, 920.4170799999993, 327.3606399999999]","[5317.22371, 1254.58529, 862.1117200000008, 163.2518]"
125,People,"[5533.34249, 1260.58818, 0, 0]","[5698.25015, 1244.3379, 659.6306399999994, -65.0011199999999]","[5808.41374, 1244.81695, 440.65436000000045, 1.9161999999996624]","[5851.38821, 1273.28836, 171.89788000000044, 113.88564000000042]","[5846.31751, 1309.33764, -20.28280000000086, 144.1971199999998]","[5835.93689, 1348.71606, -41.52247999999963, 157.51368000000002]","[5815.0633, 1365.17225, -83.4943600000006, 65.82476000000042]","[5794.25334, 1380.16056, -83.23983999999837, 59.95323999999982]","[5785.56063, 1401.09181, -34.77084000000107, 83.72499999999953]","[5770.19399, 1388.39891, -61.466560000000754, -50.771600000000035]","[5745.45848, 1375.32922, -98.94203999999809, -52.27875999999924]","[5771.41127, 1383.03655, 103.81115999999747, 30.829319999999825]","[5809.53735, 1396.02495, 152.50432, 51.953599999999824]","[5829.6538, 1393.12591, 80.46580000000176, -11.596160000000054]","[5815.79209, 1381.88118, -55.44684000000052, -44.97891999999956]","[5765.00475, 1330.99071, -203.14935999999943, -203.5618800000002]"
126,People,"[5732.84345, 1292.76297, 0, 0]","[5731.45163, 1257.3096, -5.567280000002938, -141.8134799999998]","[5731.68595, 1181.81002, 0.9372800000019197, -301.9983200000006]","[5637.61813, 1080.38363, -376.27128000000084, -405.7055599999994]","[5489.53846, 989.15967, -592.3186800000003, -364.89584000000013]","[5364.88572, 926.26168, -498.61095999999816, -251.5919600000002]","[5306.26983, 906.24226, -234.46356000000014, -80.07767999999987]","[5165.92419, 870.91533, -561.3825600000018, -141.3077199999998]","[4974.12156, 778.09994, -767.2105200000012, -371.2615600000007]","[4802.46224, 589.10051, -686.637279999999, -755.9977199999998]","[4749.71829, 385.13107, -210.97580000000016, -815.8777599999999]","[4661.17876, 154.7179, -354.15812000000005, -921.6526800000001]","[4472.67743, -63.57759, -754.0053200000002, -873.1819599999999]","[4246.02839, -263.73351, -906.5961599999973, -800.6236800000001]","[4101.4003, -513.28381, -578.5123600000006, -998.2012]","[4022.09289, -772.72384, -317.2296400000014, -1037.76012]"
127,People,"[3947.16795, -1015.30962, 0, 0]","[3866.59978, -1263.60059, -322.27268000000004, -993.1638800000001]","[3750.30998, -1544.55361, -465.15920000000006, -1123.8120799999997]","[3671.09654, -1778.09097, -316.85375999999997, -934.1494400000001]","[3532.39872, -2004.98134, -554.7912799999995, -907.5614800000003]","[3390.38216, -2220.46955, -568.0662400000001, -861.952839999999]","[3200.92985, -2370.1657, -757.8092400000005, -598.7846000000009]","[2994.01193, -2515.66143, -827.6716799999995, -581.9829200000004]","[2832.53136, -2684.44263, -645.9222800000013, -675.1248000000002]","[2637.09815, -2832.39084, -781.7328400000006, -591.7928400000001]","[2423.96102, -2925.68031, -852.5485199999985, -373.15788000000066]","[2203.60048, -2984.72704, -881.4421600000005, -236.1869200000001]","[1980.95014, -3039.8344, -890.6013600000006, -220.4294399999999]","[1771.34906, -3131.73519, -838.4043199999996, -367.60315999999875]","[1546.87607, -3224.53218, -897.8919599999999, -371.1879600000011]","[1311.88619, -3308.95568, -939.9595200000003, -337.6939999999995]"
128,People,"[1029.14426, -3364.87686, 0, 0]","[750.1137, -3444.14191, -1116.1222400000001, -317.0601999999999]","[592.28071, -3521.49004, -631.33196, -309.39252000000124]","[471.76555, -3570.12138, -482.0606399999999, -194.52535999999964]","[391.6427, -3589.18106, -320.4914000000001, -76.23871999999938]","[358.81277, -3612.95365, -131.31971999999996, -95.09036000000015]","[347.47453, -3618.89838, -45.35295999999994, -23.778920000000653]","[359.92049, -3615.39832, 49.78383999999983, 14.000240000001213]","[399.3719671428572, -3612.563701190477, 157.80590857142911, 11.338475238091643]","[443.54218, -3608.17133, 176.68085142857103, 17.569484761907006]","[503.7847, -3604.89852, 240.97008000000005, 13.091239999999743]","[631.52419, -3609.69095, 510.95795999999996, -19.16971999999987]","[650.71337, -3616.12029, 76.75672000000031, -25.717359999998735]","[550.22263, -3602.36704, -401.9629600000003, 55.01299999999901]","[424.897982247191, -3602.3819284269666, -501.2985910112359, -0.05955370786614367]","[435.15724629213486, -3607.628293595506, 41.03705617977539, -20.985460674157366]"
129,People,"[445.41651033707865, -3612.874658764045, 0, 0]","[455.6757743820224, -3618.1210239325846, 41.037056179774936, -20.985460674159185]","[563.24428, -3545.48897, 430.2740224719105, 290.52821573033907]","[792.69294, -3359.33916, 917.7946400000001, 744.5992399999996]","[958.20991, -3224.91182, 662.0678800000001, 537.7093600000007]","[1021.93972, -3098.22424, 254.91923999999972, 506.7503199999992]","[1019.03763, -2933.51312, -11.60835999999972, 658.8444799999997]","[951.45549, -2732.06446, -270.3285599999999, 805.7946400000001]","[845.38904, -2501.9295, -424.2658000000005, 920.5398400000003]","[771.61888, -2249.18006, -295.08064000000013, 1010.9977600000002]","[709.00093, -2012.60929, -250.4717999999998, 946.2830800000002]","[631.13377, -1807.17279, -311.46864000000005, 821.7460000000001]","[523.04901, -1573.11178, -432.3390400000003, 936.2440400000005]","[425.69645, -1297.06568, -389.4102399999997, 1104.1844]","[334.58479, -1045.6077, -364.4466400000001, 1005.8319199999996]","[195.24934, -830.31091, -557.3418, 861.18716]"
130,People,"[23.4758, -614.05299, 0, 0]","[-147.58972, -374.08857, -684.26208, 959.8576800000001]","[-299.96029, -141.75902, -609.48228, 929.3182]","[-446.72668, 79.71172, -587.06556, 885.8829599999999]","[-626.41124, 286.76252, -718.7382400000001, 828.2031999999999]","[-818.70896, 480.89204, -769.1908800000001, 776.51808]","[-990.22815, 671.53885, -686.0767599999999, 762.5872400000001]","[-1124.1076, 866.16842, -535.5178000000001, 778.5182799999998]","[-1313.05956, 1032.41291, -755.8078400000002, 664.9779600000007]","[-1523.54352, 1158.67934, -841.9358400000001, 505.0657199999996]","[-1756.51983, 1287.79355, -931.90524, 516.4568400000007]","[-1939.56264, 1459.09068, -732.1712400000006, 685.1885199999997]","[-2122.17622, 1643.83386, -730.4543199999989, 738.9727199999998]","[-2310.33173, 1844.40593, -752.6220400000002, 802.2882799999998]","[-2475.65914, 2030.23451, -661.3096400000013, 743.3143200000004]","[-2640.87596, 2202.86575, -660.8672799999986, 690.5249599999997]"
131,People,"[-2754.6259, 2371.6429, 0, 0]","[-2825.62777, 2504.55102, -284.0074800000002, 531.6324800000002]","[-2931.39785, 2650.74053, -423.0803199999991, 584.7580400000006]","[-3070.93037, 2767.21929, -558.1300800000008, 465.91503999999986]","[-3292.37805, 2895.96606, -885.790719999999, 514.9870800000008]","[-3439.17014, 3032.77501, -587.1683600000015, 547.2357999999986]","[-3472.1859, 3096.19568, -132.0630399999991, 253.6826799999999]","[-3441.35121, 3083.57637, 123.33876000000055, -50.477239999998346]","[-3349.25159, 3060.23394, 368.3984800000002, -93.36972000000068]","[-3401.78218, 3021.55604, -210.1223600000012, -154.71160000000054]","[-3402.34355, 2980.11873, -2.2454799999995885, -165.7492399999992]","[-3394.83851, 2942.46, 30.020160000000033, -150.63492000000042]","[-3370.03149, 2907.10404, 99.22808000000077, -141.42383999999947]","[-3372.45455, 2893.69665, -9.69224000000031, -53.62956000000122]","[-3383.26137, 2884.76254, -43.227280000000974, -35.736439999998765]","[-3416.89457, 2886.0682, -134.53279999999904, 5.222639999999956]"
132,People,"[-3432.82189, 2892.37748, 0, 0]","[-3432.4292, 2897.9217, 1.5707600000005186, 22.176879999999073]","[-3431.38181, 2900.80694, 4.189560000000711, 11.540960000000268]","[-3428.07895, 2903.79503, 13.21143999999913, 11.952360000001136]","[-3415.89453, 2901.19304, 48.73768000000018, -10.407960000000458]","[-3411.09451, 2895.39729, 19.200080000000526, -23.183000000000902]","[-3385.11005, 2884.44572, 103.9378400000005, -43.80627999999888]","[-3289.70625, 2878.08903, 381.61519999999837, -25.426760000000286]","[-3215.47253, 2853.3129, 296.934880000001, -99.10452000000086]","[-3133.62106, 2817.58435, 327.40588000000025, -142.91419999999925]","[-3076.75097, 2737.12148, 227.48035999999956, -321.8514800000012]","[-3008.70538, 2607.20489, 272.1823600000007, -519.6663599999993]","[-2925.38644, 2468.18168, 333.2757599999986, -556.0928399999993]","[-2812.98855, 2340.18028, 449.59156000000075, -512.0056000000004]","[-2656.56498, 2247.06394, 625.6942799999997, -372.46536000000015]","[-2463.26015, 2162.95928, 773.2193200000002, -336.41863999999987]"
133,People,"[-2265.67782, 2062.29269, 0, 0]","[-2059.48622, 1959.79896, 824.7664000000004, -409.97492000000057]","[-1831.92724, 1867.46022, 910.2359199999992, -369.3549600000006]","[-1567.58086, 1813.65395, 1057.3855199999998, -215.22508000000016]","[-1321.34256, 1733.21249, 984.9531999999999, -321.76584]","[-1122.55057, 1599.76514, 795.1679599999998, -533.7893999999997]","[-943.62069, 1461.50208, 715.7195200000006, -553.05224]","[-799.71954, 1319.20545, 575.6045999999997, -569.1865200000002]","[-562.15707, 1186.07215, 950.2498800000011, -532.5332000000003]","[-305.92899, 1063.64679, 1024.91232, -489.7014399999998]","[-76.46524, 998.90495, 917.855, -258.9673600000001]","[118.1979, 930.02555, 778.65256, -275.51760000000013]","[339.62696, 843.38662, 885.71624, -346.55571999999984]","[565.06524, 759.06695, 901.7531200000001, -337.2786799999999]","[793.31603, 660.04772, 913.0031599999998, -396.07692]","[1048.11153, 528.32265, 1019.1819999999998, -526.9002800000003]"
134,People,"[1246.69948, 385.91199, 0, 0]","[1429.68797, 236.82222, 731.9539599999998, -596.3590800000001]","[1660.99395, 135.98447, 925.2239200000004, -403.351]","[1899.11635, 65.94507, 952.4895999999999, -280.15759999999995]","[2204.69887, -21.27089, 1222.3300800000006, -348.86384]","[2528.94047, -145.85258, 1296.9663999999993, -498.3267599999999]","[2842.84277, -212.21348, 1255.6092000000008, -265.44360000000006]","[3131.07635, -236.05044, 1152.9343199999985, -95.34784000000002]","[3399.17735, -269.34248, 1072.4040000000014, -133.16816000000017]","[3639.88986, -337.73224, 962.8500400000012, -273.55903999999987]","[3873.87903, -397.11176, 935.9566799999993, -237.51808000000005]","[4155.30148, -449.19335, 1125.6898, -208.32636000000002]","[4395.08245, -506.58307, 959.1238799999992, -229.55888000000004]","[4624.87455, -605.68152, 919.1684000000023, -396.3937999999998]","[4837.28277, -743.10573, 849.6328799999974, -549.6968400000001]","[5056.25693, -890.76091, 875.896639999999, -590.6207199999999]"
135,People,"[5276.75339, -1040.29556, 0, 0]","[5474.73897, -1182.09678, 791.9423200000019, -567.2048800000002]","[5666.25429, -1348.9818, 766.0612799999981, -667.5400799999998]","[5838.61693, -1496.82698, 689.4505600000011, -591.3807200000001]","[5978.17434, -1622.32006, 558.2296399999977, -501.97231999999985]","[6119.69792, -1733.66417, 566.0943200000002, -445.37644]","[6289.77514, -1900.57607, 680.3088800000005, -667.6476000000002]","[6418.36985, -2062.88603, 514.3788400000012, -649.2398400000002]","[6468.16325, -2130.3225, 199.17359999999843, -269.7458800000006]","[6468.04835, -2144.65668, -0.4595999999983178, -57.33671999999933]","[6449.53604, -2142.64527, -74.04924000000028, 8.045640000000276]","[6426.72645, -2107.80326, -91.23835999999937, 139.36803999999938]","[6364.28737, -2028.26345, -249.75632000000041, 318.15924000000086]","[6303.07913, -1989.99358, -244.83295999999973, 153.07947999999942]","[6274.5147, -1949.7336, -114.25772000000143, 161.03992000000017]","[6266.47204, -1923.54735, -32.170640000000276, 104.74499999999989]"
136,People,"[6217.40037, -1917.57531, 0, 0]","[6260.57729, -1973.58394, 172.70767999999953, -224.03452000000016]","[6351.20294, -1995.30379, 362.5025999999998, -86.8793999999998]","[6453.02777, -2003.36762, 407.29931999999826, -32.25532000000021]","[6491.95729, -1999.43586, 155.71808000000237, 15.72703999999976]","[6480.93845, -2011.89962, -44.07536000000255, -49.85503999999946]","[6429.97322, -1979.83896, -203.86091999999917, 128.24263999999948]","[6320.57337, -1939.00029, -437.59939999999915, 163.35468000000037]","[6165.99254, -1858.41959, -618.3233200000001, 322.3228000000002]","[5997.1873, -1766.02812, -675.2209600000024, 369.5658800000001]","[5841.19585, -1695.19505, -623.9657999999981, 283.3322799999996]","[5660.483, -1611.42597, -722.8513999999996, 335.0763200000001]","[5474.5365, -1543.70748, -743.7860000000001, 270.8739599999999]","[5289.31162, -1485.68054, -740.899519999999, 232.10775999999987]","[5084.83053, -1423.76475, -817.9243600000009, 247.66316000000006]","[4849.59113, -1361.5744, -940.9576000000015, 248.76140000000032]"
137,People,"[4637.9074, -1309.33541, 0, 0]","[4414.19286, -1241.8122, -894.8581599999998, 270.09283999999934]","[4174.18876, -1196.33476, -960.0164000000004, 181.90976000000046]","[3936.37282, -1103.42706, -951.2637599999998, 371.6307999999999]","[3671.51737, -1056.21497, -1059.4218, 188.84835999999996]","[3377.20772, -1008.70061, -1177.2386000000006, 190.05744000000004]","[3086.17932, -908.77951, -1164.1135999999988, 399.6844000000001]","[2853.4227, -741.22409, -931.0264800000004, 670.2216799999997]","[2631.46739, -605.85385, -887.8212400000019, 541.4809600000008]","[2385.41328, -511.7098, -984.2164399999983, 376.5762]","[2132.16044, -429.47894, -1013.0113600000004, 328.9234399999998]","[1871.5385, -348.67223, -1042.48776, 323.22684000000004]","[1616.66807, -270.37176, -1019.4817200000007, 313.2018800000001]","[1348.87962, -239.93974, -1071.1538, 121.72807999999998]","[1061.34762, -245.66362, -1150.1279999999997, -22.895520000000033]","[772.71203, -262.17045, -1154.54236, -66.02732000000003]"
138,People,"[486.67503, -250.4061, 0, 0]","[201.14502, -235.61976, -1142.12004, 59.14535999999998]","[-87.95999, -198.68285, -1156.42004, 147.74764000000005]","[-393.8457, -155.06932, -1223.54284, 174.45412]","[-708.62564, -88.35667, -1259.1197599999998, 266.85060000000004]","[-988.03608, -0.36313, -1117.64176, 351.97416]","[-1261.21449, 50.0018, -1092.7136400000004, 201.45972]","[-1552.13464, 29.77516, -1163.6805999999997, -80.90656000000001]","[-1809.29138, 19.44768, -1028.6269600000005, -41.30992000000004]","[-2055.88461, 65.38173, -986.3729200000007, 183.73620000000003]","[-2312.47729, 90.74309, -1026.370719999999, 101.44543999999996]","[-2568.76578, 56.87151, -1025.1539600000015, -135.48631999999998]","[-2823.58544, -5.14891, -1019.2786399999986, -248.08168]","[-3059.92155, -83.62235, -945.3444400000008, -313.89376]","[-3302.45889, -169.58229, -970.1493599999994, -343.83976]","[-3536.18715, -271.81608, -934.9130400000013, -408.93516]"
139,People,"[-3742.4066, -368.60226, 0, 0]","[-3906.30402, -448.58841, -655.589680000001, -319.94460000000004]","[-4032.58022, -501.01083, -505.10479999999916, -209.68967999999995]","[-4147.83629, -564.16134, -461.02428000000145, -252.60204]","[-4212.46647, -616.80108, -258.52072000000044, -210.55895999999984]","[-4258.90139, -664.53461, -185.73967999999877, -190.93412000000035]","[-4259.52601, -695.46829, -2.4984799999983807, -123.73471999999992]","[-4248.08399, -711.79753, 45.76807999999801, -65.31696000000011]","[-4241.81967, -711.62662, 25.057280000000922, 0.6836400000001964]","[-4239.84348, -713.52537, 7.904759999997623, -7.5949999999998]","[-4232.10698, -724.57825, 30.94600000000355, -44.21152000000029]","[-4229.39482, -716.90195, 10.848639999996522, 30.705199999999877]","[-4249.90221, -686.95143, -82.02955999999904, 119.80208000000039]","[-4253.60596, -696.84779, -14.81499999999869, -39.58544000000029]","[-4279.52298, -676.4505, -103.66807999999946, 81.58915999999999]","[-4269.770412432433, -680.753612972973, 39.01027027026794, -17.21245189189176]"
140,People,"[-4259.611108378379, -686.9727413513514, 0, 0]","[-4249.451804324324, -693.1918697297298, 40.6372162162188, -24.8765135135136]","[-4239.292500270271, -699.4109981081081, 40.63721621621153, -24.876513513513146]","[-4229.133196216216, -705.6301264864865, 40.63721621622244, -24.8765135135136]","[-4218.973892162162, -711.8492548648649, 40.637216216215165, -24.8765135135136]","[-4208.814588108108, -718.0683832432433, 40.637216216215165, -24.8765135135136]","[-4198.6552840540535, -724.2875116216215, 40.6372162162188, -24.876513513513146]","[-4188.49598, -730.50664, 40.637216216215165, -24.8765135135136]","[-4119.75593, -735.55643, 274.96019999999794, -20.199160000000138]","[-4070.78944, -775.03156, 195.865960000001, -157.90052000000014]","[-4082.70299, -790.77671, -47.654200000000856, -62.98059999999987]","[-4112.83009, -745.8735, -120.50840000000062, 179.61283999999978]","[-4155.2275, -713.42454, -169.58963999999833, 129.79584000000023]","[-4150.79366, -685.93992, 17.735359999998764, 109.9384799999998]","[-4123.5207, -659.42086, 109.09184000000096, 106.07624000000033]","[-4079.22192, -612.54179, 177.19512000000032, 187.51627999999982]"
141,People,"[-4035.26221, -561.59191, 0, 0]","[-3955.71419, -539.40536, 318.1920799999989, 88.74620000000004]","[-3818.61247, -531.81434, 548.4068800000005, 30.36407999999983]","[-3635.38885, -525.0437, 732.8944800000008, 27.082560000000285]","[-3422.07597, -506.35041, 853.2515199999998, 74.77315999999973]","[-3192.86069, -422.04612, 916.8611199999996, 337.21716000000015]","[-2924.53338, -336.60708, 1073.3092400000005, 341.7561599999999]","[-2638.75505, -275.67616, 1143.1133199999986, 243.72368000000006]","[-2328.97079, -152.14089, 1239.1370400000026, 494.14108000000033]","[-2007.85152, -10.08057, 1284.4770799999997, 568.2412800000001]","[-1711.25771, 86.61483, 1186.3752399999994, 386.78159999999997]","[-1435.59948, 128.88004, 1102.63292, 169.06084000000004]","[-1168.87312, 174.47204, 1066.9054400000005, 182.36799999999994]","[-922.22366, 175.8001, 986.5978399999999, 5.312239999999974]","[-655.99791, 191.8589, 1064.9029999999998, 64.23520000000008]","[-376.70071, 172.73293, 1117.1888000000001, -76.50387999999998]"
142,People,"[-103.05338, 176.70038, 0, 0]","[259.49405, 117.86259, 1450.18972, -235.35116]","[590.4426, 107.90907, 1323.7941999999998, -39.81407999999999]","[986.25998, 76.96421, 1583.2695200000003, -123.77944000000002]","[1284.62653, 80.78033, 1193.4661999999998, 15.264480000000049]","[1520.538, 230.79238, 943.64588, 600.0482]","[1822.17214, 305.66789, 1206.5365599999996, 299.50203999999997]","[2138.94134, 256.96965, 1267.0767999999998, -194.79296]","[2415.06665, 186.23035, 1104.5012400000023, -282.9572000000003]","[2725.93967, 189.87683, 1243.49208, 14.585920000000101]","[3016.84922, 160.27489, 1163.6381999999994, -118.40776000000005]","[3291.68164, 111.34193, 1099.329679999999, -195.73183999999998]","[3585.64839, 23.19996, 1175.8670000000002, -352.56788]","[3829.79992, -103.05734, 976.6061200000004, -505.0292]","[4096.3765, -249.06299, 1066.3063200000015, -584.0226]","[4375.64571, -366.20137, 1117.076839999998, -468.55351999999993]"
143,People,"[4662.76569, -487.33229, 0, 0]","[4918.60469, -616.46478, 1023.3559999999998, -516.5299600000001]","[5118.60278, -779.91697, 799.9923600000002, -653.8087599999999]","[5331.70834, -946.87262, 852.4222399999999, -667.8226]","[5545.90149, -1047.11793, 856.7726000000002, -400.9812399999996]","[5763.67596, -1154.92271, 871.0978799999975, -431.21912000000066]","[5925.95625, -1296.53515, 649.1211600000024, -566.4497599999995]","[6075.95446, -1447.00747, 599.992839999999, -601.8892800000003]","[6204.82703, -1592.379, 515.4902800000023, -581.4861200000001]","[6313.35767, -1707.84201, 434.1225599999998, -461.85204000000067]","[6391.3093, -1780.00985, 311.8065199999983, -288.67135999999937]","[6434.55936, -1813.82718, 173.0002400000012, -135.26932000000033]","[6423.31607, -1822.16665, -44.97316000000137, -33.35787999999957]","[6403.27784, -1791.95322, -80.15292000000045, 120.85371999999916]","[6392.58249, -1763.42254, -42.78139999999985, 114.1227200000003]","[6374.05532, -1740.58466, -74.10867999999755, 91.35152000000016]"
144,People,"[6317.27179, -1746.04922, 0, 0]","[6285.7024, -1753.24741, -126.27755999999863, -28.79275999999936]","[6278.27702, -1777.01283, -29.70151999999871, -95.0616799999998]","[6275.62057, -1828.5631, -10.625800000001618, -206.20108000000073]","[6284.80133, -1851.24851, 36.723040000000765, -90.74163999999928]","[6294.69963, -1867.59623, 39.59319999999934, -65.39088000000083]","[6293.62601, -1874.6845, -4.294480000000476, -28.353079999999864]","[6280.01166, -1871.57848, -54.457399999999325, 12.424080000000686]","[6251.44493, -1852.97057, -114.26692000000195, 74.43163999999986]","[6196.46949, -1806.49309, -219.901759999997, 185.90992000000006]","[6128.21072, -1708.86641, -273.03508000000147, 390.5067199999994]","[6093.34005, -1664.64901, -139.48268000000098, 176.8696]","[6057.17386, -1659.39796, -144.66475999999966, 21.00420000000031]","[6016.62268, -1650.02031, -162.2047199999979, 37.51059999999961]","[5923.59327, -1592.42873, -372.1176400000004, 230.3663200000001]","[5813.16789, -1473.14865, -441.70152000000235, 477.12032]"
145,People,"[5693.03454, -1337.668, 0, 0]","[5521.93904, -1232.71771, -684.3819999999978, 419.80116]","[5291.16312, -1142.49832, -923.1036800000002, 360.8775599999999]","[5075.33891, -1048.70765, -863.2968399999991, 375.16267999999945]","[4905.94088, -926.86001, -677.5921200000012, 487.3905600000003]","[4697.0594, -807.67679, -835.52592, 476.73288]","[4489.56986, -694.37847, -829.958160000002, 453.19327999999996]","[4292.05312, -568.99496, -790.0669600000001, 501.53404]","[4059.28684, -415.33228, -931.0651199999983, 614.6507200000004]","[3845.00777, -221.51144, -857.1162800000002, 775.2833600000001]","[3604.35098, -56.42463, -962.62716, 660.3472399999999]","[3364.1869, 51.83673, -960.65632, 433.04544]","[3121.57302, 174.12277, -970.4555200000013, 489.14416]","[2910.05578, 225.45229, -846.0689599999987, 205.31808]","[2694.13992, 351.81885, -863.6634400000003, 505.46623999999997]","[2444.8577, 400.05099, -997.1288800000002, 192.92856000000006]"
146,People,"[2223.74369, 487.98439, 0, 0]","[1916.10875, 458.16753, -1230.5397599999988, -119.26744000000008]","[1624.11311, 507.82851, -1167.9825600000004, 198.64391999999998]","[1404.54628, 584.97122, -878.2673199999999, 308.5708400000001]","[1250.94837, 754.68093, -614.3916399999998, 678.8388399999999]","[1000.33427, 826.04414, -1002.4564000000005, 285.4528399999999]","[752.4477, 887.66219, -991.5462799999996, 246.47220000000016]","[516.54266, 965.06844, -943.6201600000004, 309.625]","[277.97841, 1063.80672, -954.2570000000006, 394.95312000000047]","[48.06594, 1100.01827, -919.6498799999999, 144.84619999999995]","[-214.08607, 1147.19077, -1048.60804, 188.6899999999996]","[-483.29844, 1245.98147, -1076.84948, 395.16280000000006]","[-718.1778, 1365.84279, -939.5174400000001, 479.4452799999999]","[-930.89343, 1470.43369, -850.8625199999997, 418.3636000000006]","[-1126.63526, 1577.9787, -782.9673200000002, 430.1800399999993]","[-1330.87483, 1704.79099, -816.9582799999998, 507.2491600000003]"
147,People,"[-1511.11313, 1864.42488, 0, 0]","[-1677.4587, 2017.18579, -665.3822799999998, 611.0436399999999]","[-1873.41092, 2156.7983, -783.8088800000005, 558.4500399999997]","[-2088.87466, 2248.66535, -861.8549599999997, 367.46820000000116]","[-2303.89708, 2334.84358, -860.089680000001, 344.71291999999994]","[-2500.61557, 2447.66891, -786.873959999999, 451.30131999999867]","[-2685.32749, 2548.47807, -738.8476800000008, 403.236640000001]","[-2838.72429, 2658.37253, -613.5871999999999, 439.5778399999999]","[-2964.48831, 2751.85141, -503.05608000000075, 373.9155200000008]","[-3060.80596, 2837.98302, -385.27059999999983, 344.52643999999964]","[-3145.85601, 2943.52748, -340.2001999999993, 422.1778400000003]","[-3179.65645, 3052.28836, -135.20175999999992, 435.04351999999926]","[-3204.208, 3159.26469, -98.20620000000054, 427.90531999999985]","[-3237.26411, 3235.0352, -132.22443999999996, 303.0820399999993]","[-3285.36131, 3255.42109, -192.3887999999988, 81.54356000000007]","[-3328.04986, 3234.95904, -170.75420000000122, -81.84819999999854]"
148,People,"[-3331.71488, 3204.19645, 0, 0]","[-3310.26672, 3161.09811, 85.79263999999966, -172.39336000000003]","[-3269.91016, 3120.99636, 161.4262400000007, -160.40699999999924]","[-3240.01742, 3104.77769, 119.5709599999991, -64.87468000000081]","[-3228.22575, 3095.04471, 47.16668000000027, -38.93191999999908]","[-3196.14755, 3100.55534, 128.3127999999997, 22.042519999999058]","[-3225.39832, 3111.74915, -117.00307999999859, 44.77524000000085]","[-3271.90335, 3123.13993, -186.02012000000104, 45.56311999999889]","[-3281.06755, 3129.35288, -36.65680000000069, 24.851800000000388]","[-3258.12878, 3124.85952, 91.75508000000082, -17.973439999999755]","[-3230.3063, 3099.10456, 111.28991999999926, -103.01983999999902]","[-3207.89913, 3053.18346, 89.62868000000162, -183.6844000000001]","[-3193.15915, 3016.14097, 58.95991999999933, -148.16996000000108]","[-3227.44505, 3003.0529, -137.14359999999942, -52.352279999999155]","[-3236.47521, 2997.69299, -36.120640000001, -21.43964000000051]","[-3200.85172, 2978.56476, 142.4939599999998, -76.51291999999921]"
149,People,"[-3107.68613, 2954.20858, 0, 0]","[-2995.04317, 2922.76912, 450.5718400000005, -125.75784000000021]","[-2930.9671, 2896.5535, 256.3042800000003, -104.86247999999978]","[-2866.99813, 2826.53016, 255.8758799999996, -280.09336000000076]","[-2814.61091, 2709.80695, 209.54888000000028, -466.8928399999986]","[-2754.82161, 2577.45316, 239.15719999999965, -529.4151600000005]","[-2636.14101, 2489.04065, 474.72240000000056, -353.65004000000044]","[-2466.10673, 2440.77048, 680.1371199999994, -193.08067999999912]","[-2293.90721, 2386.9859, 688.798080000001, -215.13832000000022]","[-2128.77581, 2292.77895, 660.525599999999, -376.82780000000093]","[-1965.83173, 2176.17744, 651.7763199999999, -466.40603999999985]","[-1813.23385, 2053.22645, 610.3915200000001, -491.8039599999993]","[-1668.24708, 1945.21249, 579.9470799999999, -432.0558400000009]","[-1502.21114, 1816.29961, 664.1437600000008, -515.6515199999994]","[-1358.43206, 1649.97178, 575.1163199999992, -665.3113199999998]","[-1244.24778, 1466.89941, 456.7371200000007, -732.2894800000004]"
150,People,"[-1143.54748, 1204.58465, 0, 0]","[-1018.6886, 997.89975, 499.43552, -826.7395999999999]","[-888.81669, 794.03266, 519.4876399999998, -815.4683600000003]","[-776.63483, 602.27478, 448.7274400000001, -767.03152]","[-666.00109, 446.6385, 442.53495999999996, -622.5451199999998]","[-533.36407, 264.77661, 530.54808, -727.4475600000001]","[-402.39511, 69.30005, 523.8758399999999, -781.90624]","[-300.00929, -144.39635, 409.54327999999987, -854.7856]","[-240.23776, -358.00038, 239.08612000000025, -854.4161200000008]","[-196.77217, -591.82495, 173.86236000000008, -935.2982799999997]","[-125.90951, -784.42425, 283.45063999999996, -770.3972000000003]","[-88.32908, -973.73617, 150.32171999999997, -757.24768]","[-14.2184, -1194.31076, 296.44272, -882.2983600000002]","[61.73419, -1453.94052, 303.81036, -1038.5190400000001]","[138.18028, -1727.08984, 305.78436000000005, -1092.59728]","[233.96422, -1985.11867, 383.13576, -1032.1153199999999]"
151,People,"[304.87504, -2180.93966, 0, 0]","[381.74516, -2399.18659, 307.48047999999994, -872.9877199999992]","[469.88213, -2650.78098, 352.5478800000001, -1006.3775600000008]","[585.23324, -2936.76499, 461.40444, -1143.9360400000005]","[670.29957, -3175.40145, 340.26532, -954.5458399999989]","[731.33299, -3382.01678, 244.1336799999999, -826.4613200000003]","[754.3435, -3545.27009, 92.04203999999982, -653.0132400000002]","[744.14054, -3643.04205, -40.81183999999985, -391.08784000000014]","[688.89785, -3673.19573, -220.97076000000035, -120.61471999999969]","[613.89213, -3625.50614, -300.02288, 190.7583599999998]","[550.64129, -3546.37572, -253.0033599999997, 316.52167999999983]","[539.58677, -3473.36241, -44.2180800000001, 292.0532399999993]","[632.00904, -3391.41512, 369.6890800000001, 327.78916000000027]","[677.51878, -3411.27786, 182.03895999999986, -79.45096000000012]","[672.89518, -3465.47689, -18.49440000000004, -216.79611999999906]","[662.14054, -3498.27951, -43.01855999999998, -131.21047999999973]"
152,People,"[666.11224, -3506.53667, 0, 0]","[648.70274, -3507.68055, -69.63800000000037, -4.575520000000324]","[593.04248, -3505.9786, -222.64103999999998, 6.807800000000498]","[588.03266, -3517.87258, -20.039279999999962, -47.57592000000113]","[665.59621, -3464.82669, 310.2542000000003, 212.1835600000013]","[700.27525, -3407.4981, 138.71615999999995, 229.3143600000003]","[717.78391, -3318.13233, 70.03463999999985, 357.46307999999954]","[733.29494, -3203.26903, 62.04412000000002, 459.4531999999999]","[721.23139, -3085.8651, -48.2541999999999, 469.6157200000002]","[709.87781, -2966.0491, -45.414320000000316, 479.2639999999992]","[642.41973, -2820.4739, -269.83232, 582.3008000000009]","[564.68982, -2657.9801, -310.9196399999996, 649.975199999999]","[518.50501, -2483.93243, -184.73924000000034, 696.1906800000015]","[472.70194, -2272.50802, -183.21227999999996, 845.6976399999985]","[430.08316, -2056.25188, -170.47511999999983, 865.0245600000017]","[405.04611, -1862.06069, -100.14820000000009, 776.7647599999991]"
153,People,"[349.91119, -1630.69385, 0, 0]","[343.13033, -1409.93949, -27.123439999999846, 883.0174400000005]","[373.61857, -1183.35375, 121.95295999999985, 906.34296]","[393.81154, -967.07904, 80.77188000000001, 865.0988400000001]","[365.61708, -764.77908, -112.77783999999997, 809.1998399999998]","[329.92126, -545.02427, -142.78327999999988, 879.0192400000001]","[306.17545, -331.37726, -94.98324000000002, 854.5880400000001]","[260.25353, -127.38392, -183.68768, 815.97336]","[220.01431, 99.08256, -160.9568800000002, 905.8659200000008]","[155.80741, 314.65021, -256.82759999999996, 862.2706000000001]","[139.07729, 495.61767, -66.92048, 723.8698399999998]","[142.51227, 683.26117, 13.739919999999984, 750.5740000000001]","[170.35535, 901.31636, 111.37231999999995, 872.2207600000002]","[210.87101, 1130.48765, 162.0626400000001, 916.68516]","[186.89231, 1391.65181, -95.91480000000001, 1044.6566400000002]","[144.62152, 1606.43713, -169.08316000000002, 859.1412799999998]"
154,People,"[104.12888, 1722.23485, 0, 0]","[64.17969, 1808.12794, -159.79676, 343.5723600000001]","[30.12211, 1882.88928, -136.23031999999998, 299.0453600000001]","[20.56363, 1952.29215, -38.23392, 277.6114799999996]","[-47.91754, 2012.39221, -273.92468, 240.40023999999994]","[-50.89426, 1933.60695, -11.906880000000001, -315.1410399999995]","[-40.97102, 1917.9743, 39.69296, -62.53060000000005]","[-51.64922, 1961.13159, -42.71279999999999, 172.6291599999995]","[-45.54969, 2020.32976, 24.398120000000027, 236.79268000000067]","[-22.23581, 2147.10521, 93.25551999999999, 507.10180000000037]","[7.08402, 2316.35391, 117.27932, 676.9947999999986]","[57.842, 2481.87576, 203.03191999999999, 662.0874000000003]","[106.35436, 2538.13958, 194.04944, 225.0552800000005]","[182.51456, 2616.08355, 304.64079999999996, 311.77587999999923]","[253.84322, 2710.77941, 285.31464000000005, 378.78344000000106]","[256.81994, 2878.2865, 11.906879999999887, 670.0283600000002]"
155,People,"[212.61158, 3062.19845, 0, 0]","[194.53932, 3159.956, -72.28904, 391.03020000000106]","[180.73996, 3196.23388, -55.19744000000003, 145.11152000000038]","[181.78665, 3220.30242, 4.186760000000049, 96.27415999999903]","[231.99915, 3204.61023, 200.8499999999999, -62.76876000000084]","[402.81802, 3149.59866, 683.27548, -220.04627999999866]","[437.23415, 3183.88858, 137.66452000000004, 137.15967999999884]","[446.04991, 3202.63337, 35.263040000000046, 74.97916000000077]","[423.32189, 3203.27597, -90.91208000000015, 2.5704000000005203]","[351.45932, 3174.94495, -287.45028, -113.32408000000032]","[268.9535, 3136.24663, -330.0232799999999, -154.79327999999987]","[289.64995, 3123.89817, 82.78579999999988, -49.39384000000064]","[343.26211, 3127.95949, 214.44864000000007, 16.245280000001003]","[370.32862, 3165.1614, 108.26603999999998, 148.80763999999908]","[397.3845, 3189.58079, 108.22352000000001, 97.67756000000008]","[420.02751, 3164.23655, 90.57204000000002, -101.3769599999996]"
156,People,"[419.52383, 3175.74668, 0, 0]","[454.84756, 3131.96814, 141.29492000000005, -175.114160000001]","[466.88921, 3084.57308, 48.16660000000002, -189.58023999999932]","[426.16087, 3086.7326, -162.91336, 8.638079999998808]","[389.00255, 3079.17497, -148.63328, -30.23051999999916]","[377.72868, 3083.91869, -45.09547999999995, 18.974879999999757]","[396.03205, 3103.37709, 73.21348000000012, 77.83359999999993]","[402.94605, 3101.3645, 27.65599999999995, -8.050359999999273]","[398.12941, 3093.36502, -19.266560000000045, -31.997919999999823]","[404.37815, 3040.25825, 24.994959999999992, -212.4270800000013]","[373.63848, 2998.85518, -122.95867999999996, -165.61227999999937]","[393.74032, 2959.24162, 80.40735999999993, -158.45424000000094]","[464.8859, 2904.40727, 284.58232, -219.33739999999852]","[558.45156, 2836.12797, 374.2626399999999, -273.1172000000006]","[670.25607, 2743.30353, 447.2180400000002, -371.29775999999947]","[781.81013, 2592.08674, 446.21623999999974, -604.8671599999998]"
157,People,"[897.86504, 2397.4803, 0, 0]","[1073.6983, 2220.75122, 703.33304, -706.9163200000003]","[1278.16323, 2080.50902, 817.8597200000004, -560.9688000000006]","[1426.04791, 1961.55216, 591.5387199999996, -475.82744]","[1552.2094, 1845.59979, 504.64595999999983, -463.8094799999999]","[1734.4852, 1706.00458, 729.1032000000005, -558.3808399999998]","[1928.9362, 1593.47002, 777.8040000000001, -450.1382400000002]","[2115.14708, 1502.586, 744.8435200000004, -363.53607999999986]","[2270.72937, 1387.44489, 622.3291599999999, -460.5644400000005]","[2492.81091, 1203.71394, 888.3261600000005, -734.9237999999996]","[2679.72249, 1008.98873, 747.6463199999998, -778.9008400000002]","[2840.10063, 861.86608, 641.5125599999992, -588.4906000000001]","[3019.26497, 741.08556, 716.6573600000011, -483.1220800000001]","[3202.91934, 593.85418, 734.617479999999, -588.9255199999998]","[3372.30333, 460.06054, 677.5359600000011, -535.1745600000002]","[3575.03231, 344.68463, 810.9159199999995, -461.5036399999999]"
158,People,"[3707.89153, 253.15669, 0, 0]","[3827.24133, 145.39851, 477.39919999999984, -431.03272000000004]","[4000.69018, -53.4958, 693.7954000000009, -795.57724]","[4184.56603, -211.9741, 735.5033999999996, -633.9132]","[4303.40986, -338.96698, 475.3753199999992, -507.97151999999994]","[4548.18156, -471.07301, 979.086800000001, -528.4241200000001]","[4774.42611, -534.30836, 904.9782000000014, -252.94139999999993]","[4916.61067, -613.51222, 568.7382399999988, -316.81543999999985]","[5051.16503, -742.9591, 538.2174400000008, -517.7875200000008]","[5171.21817, -846.46494, 480.21255999999994, -414.0233599999997]","[5236.64661, -922.71976, 261.71375999999873, -305.01928]","[5326.05254, -1014.88485, 357.6237199999996, -368.6603600000003]","[5484.22003, -1145.74109, 632.6699600000029, -523.4249599999998]","[5695.93597, -1332.39369, 846.8637600000002, -746.6104000000005]","[5881.0729, -1509.91295, 740.5477199999987, -710.0770399999992]","[6045.34011, -1755.87409, 657.0688399999999, -983.8445600000005]"
159,People,"[6228.69154, -2012.36252, 0, 0]","[6362.70372, -2119.19135, 536.0487200000025, -427.3153200000006]","[6411.06133, -2130.97541, 193.4304400000001, -47.136239999999816]","[6416.62742, -2113.22708, 22.264359999997396, 70.99331999999958]","[6363.08787, -2089.03986, -214.15819999999803, 96.74888000000101]","[6258.7279, -2013.9243, -417.4398800000017, 300.46223999999984]","[6185.60344, -1880.76893, -292.49784, 532.6214799999998]","[6163.29049, -1772.1741, -89.25179999999818, 434.37932]","[6170.09882, -1754.81129, 27.23331999999939, 69.45123999999947]","[6173.87933, -1766.21229, 15.122039999998378, -45.60399999999936]","[6173.21896, -1791.03208, -2.6414799999984098, -99.27916000000005]","[6211.26488, -1865.73547, 152.18367999999828, -298.8135600000005]","[6299.67341, -1937.37608, 353.63412000000244, -286.5624399999997]","[6390.10286, -1938.18343, 361.71779999999853, -3.229400000000169]","[6427.01882, -1993.00529, 147.66384000000107, -219.28744000000006]","[6420.63322, -2007.42458, -25.54240000000209, -57.677160000000185]"
160,People,"[6296.66583, -1891.84501, 0, 0]","[6209.65572, -1772.98405, -348.0404400000007, 475.4438399999999]","[6150.28427, -1715.61416, -237.48579999999856, 229.47955999999976]","[6074.8099, -1660.8454, -301.89747999999963, 219.07504000000063]","[5965.64404, -1654.78087, -436.66344000000026, 24.258119999999508]","[5802.10085, -1614.91196, -654.1727600000013, 159.47564000000057]","[5597.20782, -1611.63979, -819.5721200000007, 13.08867999999984]","[5374.83487, -1579.568, -889.4917999999998, 128.28715999999986]","[5138.24521, -1467.58876, -946.3586399999994, 447.91695999999996]","[4919.6695, -1352.45448, -874.3028400000003, 460.53711999999996]","[4728.51929, -1205.99091, -764.6008399999992, 585.8542800000005]","[4495.83507, -1093.35038, -930.7368800000004, 450.5621199999996]","[4246.11285, -1010.80907, -998.8888799999986, 330.16524000000027]","[4053.2596, -881.24777, -771.4130000000023, 518.2452000000003]","[3861.64535, -793.38933, -766.4570000000003, 351.4337599999999]","[3636.96885, -739.99514, -898.7059999999983, 213.57675999999992]"
161,People,"[3374.50443, -675.12312, 0, 0]","[3138.07599, -570.2638, -945.7137600000005, 419.4372800000001]","[2896.38736, -451.41149, -966.7545199999986, 475.4092399999997]","[2667.00853, -372.6365, -917.5153200000004, 315.09996]","[2421.98468, -314.31123, -980.0954000000002, 233.30107999999996]","[2173.02078, -253.50331, -995.8556000000008, 243.2316800000001]","[1926.71278, -165.64198, -985.2319999999991, 351.44532000000004]","[1680.69834, -77.9411, -984.0577600000006, 350.80351999999993]","[1460.87077, 1.65175, -879.3102800000005, 318.37140000000034]","[1245.16778, 87.98497, -862.81196, 345.33288]","[1011.97224, 135.60239, -932.7821599999997, 190.46968000000004]","[766.67384, 187.34838, -981.1936000000001, 206.9839599999999]","[527.22776, 274.97692, -957.7843200000002, 350.51416000000006]","[272.99088, 323.58187, -1016.9475199999999, 194.4197999999999]","[30.94871, 317.48246, -968.16868, -24.39763999999991]","[-203.63048, 312.98136, -938.31676, -18.004400000000032]"
162,People,"[-440.22398, 288.80364, 0, 0]","[-673.41804, 247.01043, -932.7762400000001, -167.17283999999984]","[-830.86866, 232.33065, -629.8024799999998, -58.71912000000009]","[-1007.12754, 184.45249, -705.0355199999999, -191.51263999999992]","[-1186.84514, 127.28442, -718.8703999999998, -228.67228000000006]","[-1364.41576, 106.65588, -710.2824800000008, -82.51416]","[-1585.62041, 125.93514, -884.8185999999996, 77.11704000000003]","[-1811.78474, 178.08648, -904.6573200000003, 208.60535999999996]","[-2010.51594, 181.23497, -794.9248000000005, 12.593960000000049]","[-2234.541, 91.30506, -896.1002400000007, -359.71964]","[-2465.27663, -7.22839, -922.9425199999987, -394.1338]","[-2702.40338, -54.29192, -948.5070000000014, -188.25412]","[-2967.43933, -98.98265, -1060.1437999999998, -178.76292000000004]","[-3194.80508, -173.45993, -909.4629999999997, -297.90912000000003]","[-3420.05349, -258.30027, -900.9936399999988, -339.36136]","[-3632.54037, -345.26961, -849.9475200000015, -347.87735999999995]"
163,People,"[-3827.22754, -425.00101, 0, 0]","[-4006.71667, -511.31638, -717.9565199999997, -345.2614799999999]","[-4123.9556, -606.21056, -468.95572000000175, -379.57672]","[-4207.40297, -676.06954, -333.78947999999946, -279.4359199999999]","[-4233.89208, -734.57385, -105.95643999999811, -234.01724000000013]","[-4271.91752, -775.93562, -152.10176000000138, -165.44707999999991]","[-4305.44333, -814.28379, -134.10324000000037, -153.39267999999993]","[-4292.17532, -830.09381, 53.072039999999106, -63.240080000000034]","[-4245.17546, -836.68215, 187.99943999999977, -26.35336000000009]","[-4212.37617, -817.64766, 131.19716000000335, 76.13796000000002]","[-4195.37426, -791.17576, 68.00763999999981, 105.88760000000002]","[-4191.70646, -755.54451, 14.671199999997043, 142.5250000000001]","[-4203.06046, -716.78644, -45.41599999999744, 155.0322799999999]","[-4202.66963, -706.21071, 1.563319999997475, 42.302920000000086]","[-4182.48291, -702.72637, 80.74688000000242, 13.937359999999899]","[-4164.65022, -710.00485, 71.3307599999971, -29.113920000000235]"
164,People,"[-4156.7021, -733.35234, 0, 0]","[-4147.49102, -817.36615, 36.84432000000015, -336.0552399999997]","[-4144.626, -855.67409, 11.460080000000744, -153.23176000000012]","[-4173.4109, -854.48302, -115.13959999999861, 4.7642799999998715]","[-4180.85248, -836.98476, -29.766319999998814, 69.99303999999984]","[-4197.60026, -842.6956, -66.99112000000241, -22.843359999999848]","[-4189.232076666666, -848.84767, 33.47273333333578, -24.608279999999922]","[-4184.0963600000005, -838.9923247826086, 20.54286666666303, 39.42138086956538]","[-4185.60108, -823.70361, -6.018879999999632, 61.154859130434545]","[-4192.11416, -816.31068, -26.052319999998872, 29.571719999999914]","[-4201.76029, -789.31383, -38.58452000000034, 107.98739999999998]","[-4209.27835, -738.06056, -30.07223999999769, 205.01308000000017]","[-4199.40992, -718.35725, 39.47371999999814, 78.81323999999995]","[-4194.93911, -712.86852, 17.883239999999205, 21.95492000000013]","[-4192.04664, -694.42249, 11.56988000000274, 73.7841199999998]","[-4221.01296, -633.31325, -115.8652800000018, 244.43696]"
165,People,"[-4193.16088, -707.92897, 0, 0]","[-4182.25376, -752.48476, 43.62848000000304, -178.22316]","[-4150.95519, -781.89295, 125.19427999999971, -117.63275999999996]","[-4128.72742, -791.13526, 88.91107999999804, -36.9692399999999]","[-4132.27984, -795.00888, -14.209679999999935, -15.49447999999984]","[-4136.23761, -800.1196, -15.831079999999929, -20.44288000000006]","[-4148.61579, -801.08806, -49.51271999999881, -3.8738400000002002]","[-4159.4752, -793.82258, -43.4376400000001, 29.0619200000001]","[-4163.63055, -785.70857, -16.62140000000001, 32.45604000000006]","[-4158.61002, -783.90777, 20.082119999999122, 7.203199999999924]","[-4149.38999, -796.75039, 36.880120000001625, -51.37048000000004]","[-4144.88013, -803.48303, 18.039440000000468, -26.930559999999787]","[-4132.31999, -791.61783, 50.24055999999837, 47.460799999999836]","[-4068.536953333333, -704.6200016666667, 255.13214666666863, 347.99131333333344]","[-3968.91992, -574.1845, 398.46813333333193, 521.7420066666668]","[-3830.16793, -495.97059, 555.007959999999, 312.85563999999977]"
166,People,"[-3680.98507, -444.66654, 0, 0]","[-3479.03042, -411.79876, 807.8186000000005, 131.47111999999993]","[-3247.51007, -332.27825, 926.0814000000009, 318.08204]","[-2975.63308, -245.27837, 1087.507959999999, 347.9995200000001]","[-2672.63143, -172.89405, 1212.0066000000006, 289.53728]","[-2367.54599, -136.14016, 1220.3417599999993, 147.01555999999994]","[-2068.83981, -67.18376, 1194.8247200000005, 275.8256]","[-1798.1807, 25.8072, 1082.6364400000002, 371.96384]","[-1526.16615, 100.80112, 1088.0582000000004, 299.9756800000003]","[-1237.66416, 141.7061, 1154.00796, 163.61991999999998]","[-1008.233, 180.92214, 917.7246400000004, 156.86416000000008]","[-729.48118, 237.95002, 1115.0072799999998, 228.11151999999993]","[-447.07, 294.88439, 1129.64472, 227.73748]","[-150.2194, 339.00996, 1187.4024, 176.50227999999993]","[124.44414, 365.28716, 1098.65416, 105.10879999999997]","[405.17862, 433.25197, 1122.93792, 271.85924]"
167,People,"[644.23113, 524.26139, 0, 0]","[872.34598, 537.62606, 912.4594000000002, 53.458680000000186]","[1121.7955, 553.76891, 997.7980799999996, 64.57139999999981]","[1411.46224, 567.38785, 1158.6669600000005, 54.47575999999981]","[1731.06876, 622.9686, 1278.4260800000002, 222.32300000000032]","[2023.41086, 671.74033, 1169.3683999999994, 195.08691999999974]","[2311.21116, 757.96252, 1151.2011999999995, 344.8887600000003]","[2575.97131, 841.40622, 1059.0406000000003, 333.7747999999997]","[2850.03926, 921.00069, 1096.2718000000013, 318.3778800000003]","[3099.61014, 1038.60957, 998.283519999999, 470.43552000000045]","[3283.92384, 1157.38577, 737.2548000000006, 475.10480000000007]","[3535.69239, 1272.11847, 1007.0742000000009, 458.9307999999992]","[3744.38412, 1359.28174, 834.76692, 348.65308000000005]","[3995.38826, 1451.10096, 1004.01656, 367.27688000000035]","[4216.56061, 1562.60476, 884.6894000000011, 446.0151999999998]","[4470.56762, 1650.72124, 1016.0280399999974, 352.46592000000055]"
168,People,"[4733.55626, 1691.29386, 0, 0]","[5003.94085, 1711.53748, 1081.5383599999986, 80.97447999999986]","[5269.8037, 1722.09461, 1063.4514000000017, 42.22852000000057]","[5531.01219, 1747.13561, 1044.83396, 100.16399999999976]","[5789.06663, 1750.57203, 1032.2177599999995, 13.745679999999993]","[5956.25872, 1734.75129, 668.7683599999982, -63.28296000000046]","[6058.70147, 1698.07254, 409.77100000000064, -146.71500000000015]","[6100.2802, 1700.95595, 166.3149200000007, 11.53364000000056]","[6107.60795, 1703.71124, 29.3109999999979, 11.021160000000247]","[6092.1952, 1704.99828, -61.65099999999802, 5.148159999999734]","[6055.12124, 1707.0222, -148.29583999999886, 8.095680000000357]","[6021.54535, 1696.1962, -134.3035600000003, -43.30400000000009]","[6008.4339, 1669.51849, -52.44580000000133, -106.71084000000064]","[6046.63248, 1604.00281, 152.79432000000088, -262.0627199999999]","[6101.30062, 1574.43757, 218.67255999999907, -118.26095999999961]","[6121.50008, 1528.03735, 80.79783999999927, -185.60087999999996]"
169,People,"[6115.26413, 1526.66529, 0, 0]","[6057.65507, 1561.87323, -230.4362399999991, 140.83176000000003]","[5845.02247, 1665.27769, -850.5303999999996, 413.6178399999999]","[5620.03393, 1737.05486, -899.9541600000011, 287.1086800000003]","[5401.20291, 1785.4807, -875.3240799999985, 193.70336000000043]","[5251.25023, 1798.13744, -599.8107200000013, 50.6269599999996]","[5114.78137, 1785.83108, -545.8754399999998, -49.22544000000016]","[4949.72515, 1756.43166, -660.2248799999979, -117.59767999999985]","[4770.84708, 1722.44748, -715.5122800000033, -135.9367199999998]","[4556.7414, 1741.8242, -856.4227199999987, 77.50687999999991]","[4338.36452, 1783.96368, -873.5075199999992, 168.5579200000002]","[4133.38467, 1799.9909, -819.9193999999989, 64.10887999999977]","[3937.50587, 1826.05412, -783.5152000000016, 104.25288]","[3733.37464, 1801.05556, -816.5249199999998, -99.99423999999999]","[3515.22863, 1780.96687, -872.5840399999997, -80.35476000000017]","[3289.29871, 1754.13989, -903.7196800000002, -107.3079200000002]"
170,People,"[3066.36861, 1710.28732, 0, 0]","[2850.75883, 1665.9904, -862.4391199999991, -177.18768]","[2626.9682, 1618.00855, -895.1625200000017, -191.92739999999958]","[2377.44713, 1582.43253, -998.0842799999991, -142.30407999999989]","[2140.64815, 1587.53396, -947.1959200000001, 20.405719999999747]","[1903.15953, 1586.4507, -949.9544800000003, -4.333039999999528]","[1674.91181, 1547.10272, -912.9908799999994, -157.39192000000003]","[1441.4929, 1522.45782, -933.6756400000004, -98.57960000000003]","[1201.67907, 1527.14184, -959.255320000001, 18.736079999999692]","[979.35065, 1524.71819, -889.3136799999997, -9.69459999999981]","[753.88108, 1529.83079, -901.8782799999999, 20.450399999999718]","[528.91137, 1506.24708, -899.8788399999999, -94.33483999999953]","[309.20971, 1494.01038, -878.8066400000002, -48.94680000000062]","[95.86043, 1537.55865, -853.3971199999999, 174.19308]","[-110.77914, 1577.66368, -826.55828, 160.42012000000068]","[-313.04664, 1682.28295, -809.0700000000002, 418.47707999999966]"
171,People,"[-502.74882, 1755.60933, 0, 0]","[-713.74063, 1818.70955, -843.96724, 252.40088000000014]","[-932.87826, 1917.38978, -876.5505199999998, 394.72091999999975]","[-1125.68669, 2045.4216, -771.2337200000002, 512.1272799999997]","[-1339.62204, 2164.56573, -855.7413999999999, 476.5765199999996]","[-1533.97464, 2252.67546, -777.4103999999998, 352.4389200000005]","[-1739.90068, 2326.81498, -823.7041600000002, 296.5580800000007]","[-1916.31931, 2385.89557, -705.6745200000005, 236.32236000000012]","[-2081.45787, 2412.17188, -660.554240000001, 105.10523999999906]","[-2254.39107, 2450.98496, -691.7327999999998, 155.2523199999996]","[-2413.92985, 2486.28166, -638.1551199999994, 141.1868000000013]","[-2549.92482, 2522.82715, -543.9798800000008, 146.1819599999999]","[-2651.04434, 2544.1503, -404.47807999999895, 85.29259999999886]","[-2763.27926, 2625.61075, -448.9396799999995, 325.84180000000015]","[-2887.70504, 2743.41331, -497.7031200000001, 471.21024000000034]","[-3002.04491, 2862.93104, -457.359480000001, 478.0709200000001]"
172,People,"[-3096.70492, 2946.00351, 0, 0]","[-3189.98987, 3003.7003, -373.139799999999, 230.78715999999986]","[-3261.6159, 3027.55017, -286.5041199999996, 95.39948000000004]","[-3297.32002, 3040.76264, -142.81648000000132, 52.84987999999976]","[-3302.75359, 3036.25795, -21.734279999998762, -18.01875999999902]","[-3280.26314, 3027.58067, 89.96179999999913, -34.70912000000135]","[-3259.10513, 3009.84568, 84.63204000000042, -70.9399599999997]","[-3259.78103, 2993.54761, -2.7036000000007334, -65.1922799999993]","[-3289.77875, 2998.6046, -119.99087999999948, 20.227960000000184]","[-3337.31575, 3014.91721, -190.14800000000105, 65.2504399999998]","[-3407.3685, 3027.35318, -280.21099999999933, 49.74387999999999]","[-3456.78291, 3062.59147, -197.65763999999945, 140.95315999999912]","[-3433.83016, 3095.76933, 91.8109999999997, 132.71144000000095]","[-3408.35602, 3110.307, 101.89655999999923, 58.15067999999883]","[-3411.4254, 3113.00112, -12.27751999999964, 10.776480000000447]","[-3405.39453, 3098.53759, 24.1234800000002, -57.854119999999966]"
173,People,"[-3396.89775, 3091.86441, 0, 0]","[-3392.17126, 3095.42617, 18.90596000000005, 14.247040000000197]","[-3370.69895, 3108.11043, 85.88924000000043, 50.73703999999998]","[-3349.79211, 3107.89236, 83.62736000000041, -0.8722800000014104]","[-3354.63276, 3109.51325, -19.362600000000384, 6.48356000000058]","[-3360.47998, 3126.77958, -23.388880000000427, 69.0653199999997]","[-3369.48006, 3093.9334, -36.00031999999919, -131.38472000000002]","[-3337.07289, 2973.72119, 129.6286799999998, -480.84883999999875]","[-3328.88859, 2823.4119, 32.7371999999996, -601.2371600000012]","[-3218.32332, 2677.99898, 442.2610800000002, -581.6516800000009]","[-3006.94468, 2594.54024, 845.5145599999996, -333.83496000000014]","[-2812.84151, 2516.54414, 776.4126799999995, -311.98439999999937]","[-2604.67304, 2439.30256, 832.6738800000003, -308.96631999999954]","[-2404.90404, 2418.69648, 799.0760000000009, -82.42432000000008]","[-2194.2878, 2406.42886, 842.4649599999993, -49.070480000000316]","[-1997.74351, 2332.82088, 786.1771600000002, -294.4319199999991]"
174,People,"[-1833.57191, 2221.71843, 0, 0]","[-1653.03493, 2087.90852, 722.1479199999994, -535.2396399999998]","[-1479.79466, 2021.3581, 692.96108, -266.2016800000001]","[-1286.12674, 1953.37931, 774.6716800000004, -271.91515999999956]","[-1042.27911, 1837.7817, 975.3905199999999, -462.3904400000001]","[-799.8837, 1730.23447, 969.5816399999999, -430.1889199999996]","[-549.99421, 1634.90803, 999.5579600000001, -381.3057600000002]","[-317.50088, 1557.97734, 929.9733199999998, -307.72276000000056]","[-94.91696, 1488.73917, 890.3356800000007, -276.95267999999965]","[123.3256, 1388.41419, 872.97024, -401.2999200000004]","[301.95111, 1249.4204, 714.5020400000001, -555.97516]","[476.2505, 1096.79769, 697.1975599999998, -610.4908399999995]","[663.40017, 904.89165, 748.5986800000001, -767.6241600000003]","[860.01237, 754.2738, 786.4488000000001, -602.4713999999999]","[1072.39248, 630.906, 849.5204399999998, -493.4712000000004]","[1294.33724, 492.82404, 887.7790400000004, -552.3278399999997]"
175,People,"[1519.08781, 359.55498, 0, 0]","[1774.38971, 266.02439, 1021.2075999999997, -374.12236000000007]","[2030.46659, 198.07562, 1024.3075200000003, -271.79508]","[2309.06102, 121.38346, 1114.3777200000004, -306.76863999999995]","[2559.51343, 25.31864, 1001.8096399999995, -384.25928]","[2799.56701, -87.54337, 960.214320000001, -451.44804]","[3056.57697, -179.10453, 1028.0398399999995, -366.24464000000006]","[3312.30768, -267.40746, 1022.9228399999993, -353.21172]","[3545.4995, -380.40495, 932.7672800000008, -451.9899600000003]","[3745.78736, -491.72753, 801.1514399999996, -445.29032000000007]","[3919.92957, -624.6571, 696.5688399999999, -531.71828]","[4138.05952, -731.41776, 872.5198, -427.0426400000001]","[4403.32724, -813.78674, 1061.0708799999993, -329.47591999999986]","[4618.58076, -955.51797, 861.0140800000008, -566.9249199999999]","[4772.40725, -1086.85531, 615.3059600000015, -525.3493599999997]","[4965.77592, -1220.76929, 773.4746799999994, -535.6559200000002]"
176,People,"[5201.23535, -1322.53109, 0, 0]","[5397.80482, -1451.06768, 786.2778800000015, -514.1463600000006]","[5560.79994, -1579.51823, 651.9804799999984, -513.8021999999992]","[5671.67632, -1707.72685, 443.5055199999988, -512.8344800000004]","[5788.16749, -1802.11581, 465.96468000000095, -377.55584]","[5901.07725, -1806.40883, 451.63904000000184, -17.17208000000028]","[6003.22621, -1831.32931, 408.59583999999813, -99.68191999999999]","[6109.32516, -1838.00481, 424.39580000000205, -26.701999999999316]","[6200.22001, -1829.16385, 363.57939999999905, 35.36384000000001]","[6245.44809, -1843.62355, 180.91231999999945, -57.83880000000045]","[6279.56001, -1825.66526, 136.44768000000113, 71.83316000000013]","[6282.56061, -1797.20351, 12.002400000001217, 113.84699999999975]","[6261.98205, -1793.64748, -82.31424000000334, 14.224119999999857]","[6235.19321, -1805.25861, -107.15535999999702, -46.44452000000001]","[6221.12557, -1811.86215, -56.27056000000084, -26.414159999999356]","[6212.605, -1824.16323, -34.082280000002356, -49.204320000000735]"
177,People,"[6228.71753, -1815.06361, 0, 0]","[6251.06426, -1800.0307, 89.38692000000083, 60.13163999999961]","[6267.95465, -1791.22579, 67.56155999999828, 35.219640000000254]","[6279.68573, -1785.79519, 46.9243200000019, 21.722399999999652]","[6285.48916, -1785.27462, 23.21371999999974, 2.0822800000005373]","[6275.93591, -1783.49895, -38.21299999999974, 7.102679999999964]","[6258.78777, -1770.765, -68.59256000000096, 50.93579999999929]","[6244.05621, -1779.90568, -58.92624000000069, -36.5627199999999]","[6249.99178, -1818.24534, 23.742280000002232, -153.3586399999996]","[6260.27743, -1834.64966, 41.14259999999922, -65.61728000000039]","[6268.78955, -1827.71212, 34.04848000000129, 27.750160000000506]","[6266.36371, -1821.29072, -9.703360000003158, 25.685599999999795]","[6239.70316, -1789.90704, -106.64219999999841, 125.53471999999965]","[6223.5815, -1765.50554, -64.48663999999917, 97.60599999999977]","[6217.95008, -1754.44936, -22.525680000002467, 44.22472000000016]","[6211.71859, -1752.40675, -24.92595999999685, 8.170439999999871]"
178,People,"[6184.00773, 1466.89924, 0, 0]","[6173.94463, 1476.51485, -40.25240000000122, 38.46244000000024]","[6154.38259, 1486.23243, -78.24815999999919, 38.87031999999999]","[6115.17111, 1496.40348, -156.84591999999975, 40.68419999999969]","[6076.21497, 1519.77002, -155.82456000000093, 93.46615999999995]","[5998.42838, 1470.52991, -311.1463599999988, -196.96043999999983]","[5724.87321, 1419.98364, -1094.2206800000022, -202.1850800000002]","[5535.28099, 1426.81451, -758.3688799999982, 27.323480000000018]","[5325.02149, 1401.948945, -841.0380000000013, -99.46225999999942]","[5065.73807, 1332.051, -1037.133679999999, -279.59178000000065]","[4799.89969, 1207.1732, -1063.3535200000006, -499.5111999999999]","[4506.58752, 1161.30711, -1173.2486800000006, -183.46435999999994]","[4188.17561, 1185.39444, -1273.6476399999992, 96.34932000000026]","[3888.82133, 1170.34649, -1197.41712, -60.19180000000051]","[3593.03573, 1104.30537, -1183.1424000000006, -264.16447999999946]","[3284.59988, 1041.53582, -1233.7433999999994, -251.07819999999992]"
179,People,"[2964.26197, 1061.67908, 0, 0]","[2623.51026, 1082.12747, -1363.00684, 81.79355999999916]","[2288.06004, 1024.48829, -1341.8008800000007, -230.5567199999996]","[1959.6785, 957.20211, -1313.5261599999994, -269.14472000000023]","[1619.74819, 920.21225, -1359.7212399999999, -147.95943999999963]","[1271.46, 912.40328, -1393.15276, -31.23588000000018]","[939.0087, 865.64083, -1329.8052000000002, -187.04979999999978]","[615.65935, 784.09992, -1293.3973999999998, -326.1636400000002]","[264.31763, 725.3297, -1405.3668800000012, -235.08088000000018]","[-89.24307, 725.61422, -1414.2428, 1.1380800000001727]","[-444.2523, 726.38656, -1420.03692, 3.0893599999999424]","[-786.11488, 668.72799, -1367.45032, -230.63428000000022]","[-1132.62222, 597.71256, -1386.02936, -284.0617199999997]","[-1484.67463, 577.57672, -1408.20964, -80.54336000000012]","[-1849.19538, 575.63198, -1458.0829999999996, -7.778960000000097]","[-2177.72432, 526.63317, -1314.1157599999997, -195.9952400000002]"
180,People,"[-2502.23566, 460.28055, 0, 0]","[-2834.79132, 412.92012, -1330.22264, -189.44172000000003]","[-3145.95775, 419.5914, -1244.6657200000009, 26.685120000000097]","[-3430.63173, 402.6217, -1138.6959200000001, -67.87880000000018]","[-3677.16125, 325.29067, -986.1180800000002, -309.32412]","[-3948.40873, 236.95215, -1084.98992, -353.35407999999995]","[-4167.75572, 220.54318, -877.38796, -65.63587999999993]","[-4310.30082, 263.96906, -570.1804000000011, 173.70352000000003]","[-4435.47093, 309.01656, -500.68044000000054, 180.19000000000023]","[-4477.22569, 257.85137, -167.01903999999922, -204.6607600000002]","[-4482.5619, 197.60113, -21.34483999999793, -241.00095999999985]","[-4497.52617, 170.77593, -59.85708000000159, -107.3008000000001]","[-4533.26148, 137.19731, -142.9412400000001, -134.31448]","[-4527.25462, 117.65559, 24.02744000000166, -78.16687999999994]","[-4504.41331, 110.34399, 91.36523999999918, -29.246399999999994]","[-4503.66373, 149.01812, 2.9983199999987846, 154.69652000000002]"
181,People,"[-4509.47091, 194.89759, 0, 0]","[-4493.92359, 206.722, 62.18927999999869, 47.29764]","[-4486.25641, 209.06508, 30.668720000001485, 9.372319999999945]","[-4490.16197, 214.40705, -15.622240000000602, 21.367880000000014]","[-4476.29342, 226.22713, 55.474200000000565, 47.28031999999996]","[-4462.763, 207.02878, 54.1216800000002, -76.7933999999999]","[-4454.93419, 183.63806, 31.315239999999903, -93.56288000000006]","[-4448.17076, 183.20889, 27.053719999999885, -1.7166799999999967]","[-4454.07827, 192.58053, -23.63004000000003, 37.48656000000009]","[-4475.48704, 233.46528, -85.63508000000002, 163.539]","[-4481.3785, 272.26566, -23.565839999999298, 155.20152000000007]","[-4481.42335, 264.89672, -0.1794000000008964, -29.475760000000037]","[-4481.05645, 257.75667, 1.4675999999999476, -28.560200000000123]","[-4481.18332, 251.00344, -0.5074800000002142, -27.012919999999895]","[-4476.16445, 250.20887, 20.075479999999516, -3.178280000000086]","[-4471.29355, 249.37306, 19.48359999999957, -3.3432399999999234]"
182,People,"[-4457.14257, 230.19381, 0, 0]","[-4463.18101, 190.4257, -24.153760000001057, -159.07244000000003]","[-4432.60497, 190.29072, 122.30415999999968, -0.5399200000000519]","[-4356.32914, 280.30833, 305.103320000002, 360.0704400000001]","[-4277.97277, 401.88027, 313.42547999999806, 486.28775999999993]","[-4271.48181, 532.26362, 25.963840000000346, 521.5333999999998]","[-4290.60544, 681.14135, -76.4945200000002, 595.5109200000002]","[-4332.11725, 800.66597, -166.04723999999987, 478.0984800000001]","[-4299.91522, 918.79856, 128.80812000000162, 472.53036000000014]","[-4207.1085, 951.26438, 371.22687999999835, 129.86328000000003]","[-4127.089660377358, 991.4333986792452, 320.07535849056876, 160.67607471698102]","[-4050.141787735849, 1061.0998279245282, 307.7914905660364, 278.66571698113194]","[-3974.82099, 1130.87745, 301.2831909433953, 279.110488301887]","[-3907.50722, 1164.46415, 269.2550800000008, 134.34680000000026]","[-3898.0535, 1188.9348, 37.8148799999999, 97.88259999999991]","[-3981.35868, 1214.92624, -333.22071999999935, 103.96576000000005]"
183,People,"[-4096.38759, 1235.58464, 0, 0]","[-4170.2589, 1202.88006, -295.48523999999816, -130.8183200000003]","[-4241.468484141415, 1137.9785490909092, -284.8383365656591, -259.6060436363632]","[-4339.899284646465, 1065.2273672727272, -393.72320202020273, -291.0047272727279]","[-4438.330085151515, 992.4761854545454, -393.7232020201991, -291.004727272727]","[-4536.760885656566, 919.7250036363636, -393.72320202020273, -291.00472727272745]","[-4661.99698, 894.83519, -500.94437737373664, -99.55925454545422]","[-4833.38898, 874.07698, -685.5679999999993, -83.03283999999985]","[-4966.829988496552, 819.4890151793104, -533.7640339862087, -218.3518592827588]","[-4932.975892634483, 786.3809750068966, 135.41638344827516, -132.43216068965512]","[-4899.121796772414, 753.2729348344828, 135.41638344827516, -132.43216068965512]","[-4865.267700910345, 720.164894662069, 135.41638344827516, -132.43216068965557]","[-4831.413605048277, 687.0568544896552, 135.41638344827516, -132.43216068965512]","[-4797.559509186207, 653.9488143172414, 135.4163834482788, -132.43216068965512]","[-4763.705413324138, 620.8407741448276, 135.41638344827516, -132.43216068965512]","[-4729.851317462069, 587.7327339724138, 135.41638344827516, -132.43216068965512]"
184,People,"[-4695.997221600001, 554.6246938, 0, 0]","[-4662.143125737932, 521.5166536275863, 135.41638344827516, -132.43216068965512]","[-4628.289029875862, 488.4086134551724, 135.4163834482788, -132.43216068965557]","[-4594.434934013793, 455.30057328275865, 135.41638344827516, -132.4321606896549]","[-4560.5808381517245, 422.19253311034487, 135.41638344827516, -132.43216068965512]","[-4526.726742289656, 389.0844929379311, 135.41638344827516, -132.43216068965512]","[-4492.872646427587, 355.97645276551725, 135.41638344827516, -132.43216068965535]","[-4459.018550565517, 322.86841259310347, 135.4163834482788, -132.43216068965512]","[-4425.164454703448, 289.7603724206897, 135.41638344827527, -132.43216068965523]","[-4391.31035884138, 256.6523322482759, 135.41638344827516, -132.43216068965512]","[-4357.456262979311, 223.54429207586213, 135.41638344827516, -132.43216068965512]","[-4323.602167117242, 190.43625190344835, 135.41638344827516, -132.43216068965512]","[-4289.748071255173, 157.32821173103446, 135.41638344827516, -132.43216068965557]","[-4255.893975393104, 124.22017155862068, 135.4163834482788, -132.43216068965512]","[-4222.039879531035, 91.1121313862069, 135.41638344827516, -132.43216068965512]","[-4188.185783668966, 58.00409121379312, 135.41638344827516, -132.43216068965512]"
185,People,"[-4154.331687806897, 24.896051041379337, 0, 0]","[-4120.477591944828, -8.211989131034443, 135.41638344827516, -132.43216068965512]","[-4086.623496082759, -41.32002930344822, 135.41638344827697, -132.43216068965512]","[-4052.76940022069, -74.428069475862, 135.41638344827697, -132.43216068965512]","[-4018.915304358621, -107.5361096482759, 135.41638344827516, -132.43216068965557]","[-3985.061208496552, -140.64414982068968, 135.41638344827697, -132.43216068965512]","[-3951.207112634483, -173.75218999310346, 135.41638344827516, -132.43216068965512]","[-3917.353016772414, -206.86023016551712, 135.41638344827697, -132.43216068965467]","[-3883.498920910345, -239.96827033793105, 135.41638344827527, -132.4321606896558]","[-3849.644825048276, -273.0763105103449, 135.41638344827697, -132.43216068965546]","[-3815.790729186208, -306.1843506827586, 135.41638344827152, -132.43216068965467]","[-3781.936633324138, -339.29239085517247, 135.4163834482806, -132.43216068965557]","[-3748.082537462069, -372.4004310275861, 135.41638344827516, -132.43216068965444]","[-3714.2284416, -405.5084712, 135.41638344827516, -132.43216068965557]","[-3680.374345737931, -438.6165113724137, 135.41638344827697, -132.4321606896549]","[-3646.520249875863, -471.7245515448276, 135.41638344827152, -132.43216068965557]"
186,People,"[-3612.6661540137934, -504.8325917172415, 0, 0]","[-3578.8120581517246, -537.9406318896552, 135.41638344827516, -132.43216068965467]","[-3544.957962289656, -571.048672062069, 135.41638344827516, -132.43216068965557]","[-3511.1038664275866, -604.1567122344827, 135.41638344827697, -132.43216068965467]","[-3477.249770565518, -637.2647524068966, 135.41638344827516, -132.43216068965557]","[-3443.3956747034485, -670.3727925793103, 135.41638344827697, -132.43216068965467]","[-3409.54157884138, -703.4808327517242, 135.41638344827334, -132.43216068965557]","[-3375.6874829793105, -736.5888729241378, 135.4163834482788, -132.43216068965467]","[-3341.8333871172417, -769.6969130965517, 135.41638344827527, -132.4321606896557]","[-3307.979291255173, -802.8049532689656, 135.41638344827516, -132.43216068965557]","[-3274.125195393104, -835.9129934413793, 135.41638344827516, -132.43216068965467]","[-3240.271099531035, -869.0210336137932, 135.41638344827697, -132.43216068965557]","[-3206.4170036689657, -902.1290737862068, 135.41638344827697, -132.43216068965467]","[-3172.562907806897, -935.2371139586209, 135.41638344827516, -132.43216068965603]","[-3138.708811944828, -968.3451541310344, 135.41638344827516, -132.4321606896542]","[-3104.8547160827598, -1001.4531943034484, 135.41638344827334, -132.43216068965603]"
187,People,"[-3071.00062022069, -1034.5612344758622, 0, 0]","[-3037.146524358621, -1067.669274648276, 135.41638344827697, -132.43216068965557]","[-2992.00303, -1090.92425, 180.57397743448382, -93.01990140689577]","[-2887.97965, -1108.37151, 416.09351999999853, -69.78903999999966]","[-2778.03663, -1200.47197, 439.77208000000064, -368.40184000000045]","[-2675.70341, -1323.60848, 409.33287999999993, -492.5460400000002]","[-2580.50542, -1381.25942, 380.7919600000005, -230.60375999999997]","[-2502.86705, -1391.89569, 310.5534800000005, -42.54507999999987]","[-2420.53414, -1379.27082, 329.3316399999988, 50.499480000000446]","[-2334.83321, -1316.81482, 342.8037200000017, 249.82399999999961]","[-2215.36161, -1292.94393, 477.8863999999994, 95.48356000000058]","[-2112.92245, -1296.58453, 409.7566399999996, -14.562400000000707]","[-2038.91584, -1329.35603, 296.02644000000055, -131.08599999999933]","[-1991.02079, -1391.59527, 191.58019999999942, -248.95696000000044]","[-1927.48096, -1435.04513, 254.15931999999975, -173.79943999999978]","[-1830.53915, -1460.25064, 387.76724000000013, -100.82204000000002]"
188,People,"[-1729.62603, -1448.95745, 0, 0]","[-1622.51601, -1408.02476, 428.4400799999994, 163.73076000000037]","[-1514.17534, -1390.99141, 433.3626800000002, 68.13339999999971]","[-1423.68015, -1427.67677, 361.9807600000004, -146.74143999999978]","[-1359.21801, -1487.72103, 257.84855999999945, -240.17703999999958]","[-1324.28341, -1570.55899, 139.73840000000018, -331.35184000000027]","[-1266.89234, -1638.67059, 229.5642799999996, -272.4463999999998]","[-1171.26104, -1708.19232, 382.52520000000004, -278.08692000000065]","[-1053.69181, -1740.94782, 470.27692000000064, -131.02200000000005]","[-940.34797, -1749.56377, 453.37536, -34.46379999999954]","[-847.7035, -1807.48349, 370.5778800000003, -231.6788800000004]","[-807.64213, -1900.21154, 160.24548000000004, -370.91219999999976]","[-830.64427, -1995.58094, -92.00856000000022, -381.47760000000017]","[-851.74369, -2084.53188, -84.39768000000004, -355.8037599999998]","[-844.04503, -2151.93518, 30.794640000000072, -269.6131999999998]","[-807.60229, -2205.92859, 145.77095999999983, -215.97364000000016]"
189,People,"[-735.89647, -2221.24859, 0, 0]","[-661.18554, -2252.45393, 298.8437200000003, -124.82135999999991]","[-638.98908, -2286.34949, 88.78584000000001, -135.58223999999973]","[-649.21887, -2276.07292, -40.919160000000375, 41.10627999999997]","[-657.71855, -2244.13777, -33.99872000000005, 127.740600000001]","[-655.94735, -2251.77789, 7.084800000000087, -30.560480000000098]","[-636.99274, -2284.13527, 75.81844000000001, -129.4295200000015]","[-635.75198, -2294.11395, 4.963040000000092, -39.91471999999885]","[-642.66892, -2295.88513, -27.66775999999984, -7.0847200000007495]","[-644.03243, -2296.98781, -5.454040000000077, -4.410719999999856]","[-654.35492, -2302.30659, -41.289960000000065, -21.275120000000243]","[-710.51335, -2312.45272, -224.6337199999998, -40.58452000000034]","[-757.66743, -2336.86947, -188.6163200000001, -97.66699999999946]","[-796.50241, -2363.80184, -155.33992000000035, -107.72947999999997]","[-819.42551, -2372.33198, -91.6923999999999, -34.12055999999939]","[-837.30776, -2388.77388, -71.529, -65.76760000000104]"
190,People,"[-851.7536, -2417.71163, 0, 0]","[-851.26915, -2477.57249, 1.937800000000152, -239.44344000000092]","[-724.73989, -2494.26085, 506.1170400000001, -66.75344000000041]","[-512.59693, -2494.28971, 848.5718399999996, -0.11543999999958032]","[-355.96633, -2558.68136, 626.5224000000001, -257.5666000000001]","[-234.19226, -2707.56022, 487.0962800000001, -595.5154399999992]","[-113.94368, -2920.14692, 480.99432, -850.3468000000012]","[37.33073, -3127.39864, 605.09764, -829.006879999999]","[290.4371, -3301.21569, 1012.4254800000008, -695.268200000001]","[617.39065, -3506.27903, 1307.8142000000003, -820.2533600000006]","[810.69013, -3696.77242, 773.1979199999996, -761.9735599999985]","[868.6765, -3773.22566, 231.94548000000032, -305.8129600000011]","[897.56254, -3789.49909, 115.54415999999992, -65.09371999999894]","[908.86159, -3789.85393, 45.19619999999986, -1.4193600000016886]","[896.6022, -3799.95209, -49.03755999999976, -40.39264000000003]","[867.4137506896552, -3804.867286551724, -116.75379724137929, -19.660786206895864]"
191,People,"[820.9514024137932, -3804.950227931034, 0, 0]","[774.489054137931, -3805.033169310344, -185.84939310344862, -0.33176551723954617]","[728.026705862069, -3805.116110689655, -185.84939310344816, -0.33176551724500314]","[681.5643575862069, -3805.1990520689656, -185.84939310344816, -0.33176551724136516]","[635.1020093103448, -3805.281993448276, -185.84939310344862, -0.33176551724136516]","[495.24156, -3684.08028, -559.4417972413792, 484.8068537931031]","[446.32989, -3357.61362, -195.64668000000006, 1305.8666400000002]","[479.47375, -3046.68686, 132.57544000000007, 1243.7070400000011]","[508.51176, -2851.61521, 116.15204000000004, 780.2866000000001]","[487.61063, -2718.39448, -83.60451999999987, 532.88292]","[449.05323, -2577.77413, -154.22960000000012, 562.4814000000006]","[466.20245, -2385.51489, 68.59688000000006, 769.0369599999995]","[561.08211, -2172.69095, 379.5186399999998, 851.2957599999991]","[676.50945, -1962.38747, 461.7093600000003, 841.213920000001]","[802.09421, -1718.58937, 502.33903999999984, 975.1923999999999]","[955.90336, -1446.89727, 615.2366000000002, 1086.7684]"
192,People,"[1170.39153, -1220.86685, 0, 0]","[1419.3377, -1029.57989, 995.7846799999998, 765.1478400000005]","[1651.74236, -819.27292, 929.6186399999997, 841.2278799999999]","[1876.43484, -584.60919, 898.7699199999997, 938.65492]","[2148.09, -376.08096, 1086.620640000001, 834.11292]","[2458.58058, -212.90698, 1241.9623199999987, 652.69592]","[2777.20756, -37.18472, 1274.50792, 702.88904]","[3041.85555, 161.78137, 1058.5919600000016, 795.86436]","[3314.97157, 367.28006, 1092.4640800000006, 821.9947600000006]","[3600.7213, 509.88883, 1142.99892, 570.43508]","[3904.5716, 634.85258, 1215.4012000000002, 499.855]","[4181.7687, 787.56073, 1108.7883999999976, 610.8326000000002]","[4449.46253, 965.43579, 1070.7753200000006, 711.5002399999998]","[4711.16093, 1097.72629, 1046.7936000000009, 529.1620000000003]","[4993.62801, 1173.739, 1129.8683200000014, 304.0508399999999]","[5270.17379, 1235.04102, 1106.1831199999979, 245.20807999999943]"
193,People,"[5568.02965, 1348.04785, 0, 0]","[5911.71326, 1471.50017, 1374.7344400000002, 493.8092800000004]","[6131.33191, 1512.60893, 878.4745999999977, 164.4350400000003]","[6177.79108, 1511.87399, 185.83668000000034, -2.9397600000002058]","[6189.12124, 1509.24917, 45.32064000000173, -10.499279999999999]","[6177.06931, 1511.85886, -48.207720000002155, 10.438760000000002]","[6177.51611, 1512.4575, 1.7871999999988475, 2.3945599999997285]","[6177.85637, 1514.47336, 1.3610400000034133, 8.0634399999999]","[6187.25538, 1517.04946, 37.596039999996755, 10.304399999999996]","[6198.9624, 1502.74206, 46.828080000002956, -57.229599999999664]","[6199.25831, 1478.53648, 1.1836399999992864, -96.82232000000022]","[6143.08, 1422.49684, -224.71324000000095, -224.15855999999985]","[5982.74804, 1399.2158, -641.3278399999981, -93.1241600000003]","[5778.21987, 1396.3827, -818.112680000002, -11.332399999999325]","[5590.328387500001, 1419.77899875, -751.565929999997, 93.58519499999966]","[5422.51746, 1419.41572, -671.2437100000025, -1.4531150000002526]"
194,People,"[5250.37603, 1388.81182, 0, 0]","[5050.16486, 1356.95467, -800.844680000002, -127.42859999999928]","[4806.73635, 1331.80862, -973.7140399999989, -100.58420000000024]","[4531.44275, 1378.68913, -1101.1743999999999, 187.52203999999983]","[4222.50025, 1449.71508, -1235.7700000000004, 284.10379999999986]","[3900.50461, 1456.31355, -1287.9825600000004, 26.393880000000536]","[3572.68743, 1448.83131, -1311.26872, -29.92896000000019]","[3225.02556, 1429.8664, -1390.6474799999996, -75.85963999999967]","[2873.70526, 1434.50726, -1405.2812000000006, 18.56343999999992]","[2526.06723, 1411.55108, -1390.5521200000003, -91.82472000000053]","[2203.28333, 1336.02619, -1291.1355999999996, -302.09955999999966]","[1866.07693, 1241.47358, -1348.825600000001, -378.21043999999983]","[1521.68871, 1191.97355, -1377.5528800000002, -198.0001200000006]","[1177.69646, 1154.84411, -1375.969, -148.51775999999973]","[848.98891, 1078.29068, -1314.8301999999994, -306.21371999999974]","[519.37145, 986.26115, -1318.4698400000002, -368.1181200000001]"
195,People,"[183.32661, 918.23154, 0, 0]","[-155.78132, 862.76285, -1356.43172, -221.87476000000015]","[-466.57989, 786.80972, -1243.19428, -303.81251999999995]","[-763.51142, 677.67866, -1187.7261200000003, -436.52423999999974]","[-1058.83642, 560.1165, -1181.3000000000002, -470.24864000000025]","[-1368.32054, 471.84434, -1237.9364799999994, -353.08863999999994]","[-1682.81336, 385.9068, -1257.9712800000007, -343.75016000000005]","[-1990.96301, 247.05809, -1232.5985999999994, -555.3948399999999]","[-2285.00239, 74.19764, -1176.1575200000018, -691.4418000000005]","[-2595.86171, -87.74955, -1243.43728, -647.78876]","[-2894.97144, -197.42039, -1196.4389199999987, -438.68336]","[-3168.40038, -307.4444, -1093.715760000001, -440.0960399999999]","[-3428.88815, -457.30814, -1041.9510800000007, -599.45496]","[-3684.41178, -603.89996, -1022.0945199999987, -586.3672799999999]","[-3937.56647, -704.35473, -1012.6187600000012, -401.8190800000002]","[-4182.41277, -799.38315, -979.3851999999988, -380.11367999999993]"
196,People,"[-4399.924100857143, -984.1492220714288, 0, 0]","[-4392.164122285714, -987.838523857143, 31.039914285713166, -14.757207142856714]","[-4384.404143714285, -991.5278256428572, 31.039914285716804, -14.757207142857169]","[-4376.644165142857, -995.2171274285714, 31.039914285713166, -14.757207142856714]","[-4368.8841865714285, -998.9064292142856, 31.039914285713166, -14.757207142856714]","[-4361.124208, -1002.595731, 31.039914285713166, -14.757207142857624]","[-4339.05029, -999.22026, 88.2956720000002, 13.50188399999979]","[-4307.79462, -979.563, 125.02268000000186, 78.62904000000026]","[-4196.73647, -829.92764, 444.23259999999976, 598.5414400000005]","[-4133.15113, -693.15789, 254.34135999999853, 547.0790000000002]","[-4028.86561, -609.43042, 417.14208000000144, 334.9098799999997]","[-3867.54241, -549.22734, 645.2927999999993, 240.81232]","[-3685.91741, -504.17845, 726.5, 180.1955600000001]","[-3494.93681, -513.80108, 763.9223999999995, -38.49051999999983]","[-3271.05085, -569.75564, 895.5438400000003, -223.81824000000006]","[-3025.34958, -628.2646, 982.8050800000001, -234.03584]"
197,People,"[-2757.74878, -639.77041, 0, 0]","[-2462.79937, -654.81619, 1179.7976399999989, -60.183120000000145]","[-2233.83828, -769.59839, 915.844360000001, -459.12879999999996]","[-2048.9961, -931.83374, 739.3687200000004, -648.9414000000002]","[-1859.44543, -1076.40765, 758.2026799999994, -578.2956400000003]","[-1598.9216, -1177.56822, 1042.0953200000004, -404.64228]","[-1343.98824, -1310.46593, 1019.73344, -531.5908399999998]","[-1259.75856, -1465.34181, 336.91871999999967, -619.5035199999993]","[-1219.27192, -1618.24653, 161.94656000000046, -611.6188800000006]","[-1180.02503, -1757.31048, 156.98755999999958, -556.2558000000008]","[-1128.23658, -1844.54515, 207.15380000000005, -348.9386799999993]","[-1047.03185, -1872.84473, 324.8189199999997, -113.19832000000042]","[-955.27324, -1886.58666, 367.03444000000036, -54.967719999999645]","[-940.44413, -1866.88867, 59.31644000000006, 78.79195999999956]","[-931.14274, -1852.40947, 37.20555999999988, 57.91679999999997]","[-909.50652, -1838.10431, 86.54487999999992, 57.22064000000046]"
198,People,"[-920.38519, -1831.85939, 0, 0]","[-931.22611, -1824.05914, -43.36367999999993, 31.201000000000022]","[-930.26142, -1822.55336, 3.85875999999962, 6.023119999999835]","[-926.51027, -1821.82907, 15.00460000000021, 2.89716000000044]","[-923.47774, -1815.61197, 12.130119999999806, 24.868400000000292]","[-917.85221, -1809.79056, 22.502120000000104, 23.285640000000058]","[-913.01088, -1802.6527, 19.365319999999883, 28.551439999999275]","[-912.17583, -1797.76816, 3.3402000000000953, 19.53816000000006]","[-914.67606, -1794.18554, -10.00091999999996, 14.330480000000547]","[-919.10154, -1795.81681, -17.701919999999973, -6.525080000000344]","[-922.46843, -1797.34696, -13.467560000000049, -6.120600000000195]","[-910.81712, -1768.38686, 46.60523999999987, 115.84040000000005]","[-918.99895, -1789.76799, -32.72731999999996, -85.52451999999994]","[-921.3467, -1794.20331, -9.391000000000076, -17.741280000000188]","[-928.45751, -1810.78398, -28.443239999999605, -66.32267999999931]","[-922.89649, -1824.29992, 22.24407999999994, -54.06376]"
199,People,"[-908.02295, -1835.97064, 0, 0]","[-897.32856, -1841.13701, 42.777559999999994, -20.66547999999966]","[-896.40453, -1836.57743, 3.6961200000000645, 18.238319999999476]","[-886.02239, -1817.76106, 41.5285600000002, 75.26548000000003]","[-874.67753, -1790.5123, 45.379439999999704, 108.99503999999979]","[-892.34529, -1763.25506, -70.67103999999972, 109.02896000000055]","[-931.24334, -1715.15621, -155.59220000000005, 192.39539999999943]","[-990.80767, -1632.89454, -238.25732000000016, 329.0466800000004]","[-992.96927, -1626.52036, -8.646400000000092, 25.496720000000117]","[-981.90244, -1651.82575, 44.26732000000038, -101.22155999999995]","[-898.01843, -1621.05479, 335.53603999999996, 123.08384000000024]","[-769.10263, -1543.27685, 515.6632, 311.1117599999998]","[-694.0375, -1458.25801, 300.2605199999998, 340.0753599999998]","[-679.92043, -1375.02016, 56.46828000000005, 332.9513999999999]","[-692.45061, -1245.17168, -50.12071999999989, 519.3939200000004]","[-638.37779, -1166.21028, 216.29127999999992, 315.84559999999965]"
200,People,"[-560.70474, -1159.24755, 0, 0]","[-508.27767, -1199.44424, 209.70828000000006, -160.78675999999996]","[-469.42922, -1248.45273, 155.39380000000006, -196.03395999999975]","[-431.44427, -1257.88021, 151.93979999999988, -37.70992000000024]","[-369.68107, -1254.64061, 247.05280000000016, 12.958400000000438]","[-287.15966, -1229.45782, 330.08564, 100.73115999999936]","[-197.7704, -1165.58272, 357.5570399999999, 255.5003999999999]","[-114.73279, -1103.02698, 332.15044, 250.22296000000006]","[-45.21944, -1090.12229, 278.05340000000024, 51.618760000000336]","[-15.71164, -1118.01434, 118.0312, -111.5681999999997]","[-23.80153, -1169.30673, -32.35956, -205.16956000000027]","[-36.22686, -1247.08115, -49.70132000000001, -311.09767999999985]","[-12.33481, -1356.01583, 95.56820000000002, -435.7387200000003]","[23.22489, -1447.5989, 142.2388, -366.3322799999996]","[96.57038, -1461.92531, 293.38196, -57.305640000000494]","[184.03982, -1382.72649, 349.87775999999997, 316.7952800000003]"
201,People,"[266.89949, -1304.90886, 0, 0]","[348.82015, -1311.62482, 327.68264, -26.863839999999982]","[436.62274, -1394.21933, 351.21036000000004, -330.3780399999996]","[481.92001, -1493.24678, 181.18907999999988, -396.1098000000002]","[549.23949, -1549.5063, 269.2779200000002, -225.03808000000026]","[630.489, -1514.58748, 324.99803999999995, 139.67528000000038]","[741.14445, -1441.5715, 442.6217999999999, 292.0639199999996]","[845.29969, -1414.02894, 416.6209600000002, 110.17024000000038]","[917.43083, -1437.09186, 288.5245600000001, -92.25168000000039]","[928.64924, -1491.92365, 44.873639999999796, -219.32715999999982]","[1000.33606, -1513.93436, 286.74728000000005, -88.04284000000007]","[1124.15893, -1472.16112, 495.2914800000003, 167.09295999999995]","[1284.77089, -1407.39767, 642.4478399999998, 259.0537999999997]","[1386.94798, -1389.36966, 408.70835999999963, 72.11203999999998]","[1440.28577, -1398.96807, 213.35116000000016, -38.39363999999932]","[1471.63411, -1440.19881, 125.39336000000003, -164.92296000000078]"
202,People,"[1569.20214, -1425.89869, 0, 0]","[1705.75172, -1355.09544, 546.1983199999995, 283.21299999999974]","[1796.9122, -1305.24202, 364.64192, 199.41368000000057]","[1830.99879, -1254.14752, 136.34636000000046, 204.3779999999997]","[1830.09861, -1237.75537, -3.600720000000365, 65.5685999999996]","[1823.3167, -1240.91816, -27.1276399999997, -12.651159999999436]","[1813.28358, -1257.21357, -40.132480000000214, -65.18163999999979]","[1808.37653, -1266.82331, -19.628200000000106, -38.43896000000041]","[1802.90137, -1269.19745, -21.900639999999857, -9.496559999999599]","[1793.83895, -1270.31986, -36.2496799999999, -4.489640000000691]","[1785.60083, -1271.47258, -32.95247999999992, -4.610880000000179]","[1779.83594, -1270.26856, -23.0595600000006, 4.816080000000511]","[1773.01299, -1265.6437, -27.291799999999967, 18.499439999999595]","[1759.92793, -1267.04722, -52.34023999999954, -5.614079999999376]","[1756.77367, -1276.84047, -12.617040000000088, -39.173000000000684]","[1778.15581, -1290.15381, 85.52855999999974, -53.2533599999997]"
203,People,"[1845.00833, -1306.96411, 0, 0]","[1969.7626, -1310.44246, 499.01708000000053, -13.913400000000365]","[2082.45174, -1347.7809, 450.7565599999998, -149.35375999999997]","[2186.4581, -1436.36816, 416.02543999999943, -354.34904000000006]","[2251.24366, -1518.67043, 259.14224000000104, -329.20907999999963]","[2305.00404, -1587.41556, 215.04151999999885, -274.98052000000007]","[2408.29015, -1630.87755, 413.14444000000003, -173.84796000000006]","[2521.79956, -1657.33673, 454.03764000000047, -105.83672000000024]","[2617.98419, -1659.0676, 384.73852000000113, -6.923480000000388]","[2674.89901, -1688.86626, 227.65927999999985, -119.19463999999971]","[2695.16322, -1692.77165, 81.05683999999928, -15.62155999999959]","[2688.94223, -1675.13665, -24.883959999999206, 70.53999999999996]","[2681.62254, -1662.95047, -29.278760000001057, 48.74471999999969]","[2660.69216, -1661.62284, -83.72151999999915, 5.310519999999997]","[2651.54149, -1659.98838, -36.602679999999964, 6.53783999999996]","[2640.97873, -1657.31739, -42.25104000000101, 10.683960000000297]"
204,People,"[2632.38418, -1658.96395, 0, 0]","[2629.08546, -1659.73235, -13.194880000000921, -3.073599999999715]","[2630.75083, -1666.95417, 6.661480000000665, -28.88727999999992]","[2642.87851, -1684.70228, 48.51072000000022, -70.99243999999999]","[2653.18115, -1651.27441, 41.21055999999953, 133.71147999999994]","[2627.51033, -1558.81173, -102.68327999999929, 369.85072000000036]","[2592.56484, -1520.25053, -139.78196000000025, 154.2447999999995]","[2633.17661, -1446.29613, 162.44707999999991, 295.8176000000003]","[2750.33288, -1358.08506, 468.6250800000002, 352.8442799999997]","[2893.82772, -1310.43187, 573.9793600000012, 190.6127600000009]","[2993.40179, -1328.7193, 398.29627999999866, -73.14972000000034]","[3061.5642, -1376.17744, 272.64963999999964, -189.83255999999983]","[3101.17671, -1432.12809, 158.45004000000154, -223.80259999999998]","[3196.77906, -1469.52352, 382.40939999999864, -149.58172000000013]","[3282.59745, -1466.6405, 343.27356000000145, 11.53207999999995]","[3359.50156, -1445.56368, 307.6164399999998, 84.30727999999999]"
205,People,"[3428.8712, -1449.12672, 0, 0]","[3449.42046, -1431.58925, 82.1970399999991, 70.14987999999994]","[3406.0157, -1355.2752, -173.6190399999996, 305.2561999999998]","[3287.71655, -1306.93387, -473.1965999999993, 193.36531999999988]","[3190.223, -1271.49333, -389.97420000000056, 141.76216000000022]","[3101.06165, -1270.90297, -356.6453999999994, 2.361439999999675]","[3077.24348, -1277.14248, -95.27268000000004, -24.958039999999528]","[3102.65824, -1306.43302, 101.65904000000046, -117.16215999999986]","[3125.12033, -1364.25138, 89.84836000000004, -231.27344000000014]","[3134.3192, -1410.85181, 36.79547999999886, -186.40171999999984]","[3121.98938, -1431.42178, -49.31927999999971, -82.27988000000005]","[3103.05842, -1398.73935, -75.72384000000056, 130.72971999999936]","[3054.10429, -1368.0059, -195.8165199999985, 122.93379999999979]","[3003.21542, -1353.47121, -203.5554800000009, 58.13876000000073]","[2966.49957, -1353.00104, -146.86340000000018, 1.8806799999993018]","[2958.43403, -1356.43697, -32.26216000000022, -13.743719999999485]"
206,People,"[2988.93407, -1346.47776, 0, 0]","[3006.73133, -1353.90688, 71.18904000000111, -29.716480000000047]","[3010.90977, -1375.88784, 16.713760000000548, -87.92384000000038]","[3017.10447, -1387.62535, 24.778800000000047, -46.95003999999972]","[3022.18235, -1386.70104, 20.31151999999929, 3.69724000000042]","[3019.77458, -1378.00058, -9.63108000000102, 34.801840000000084]","[3016.60428, -1369.32888, -12.68119999999908, 34.686799999999494]","[3021.5442, -1357.89168, 19.759679999999207, 45.7488000000003]","[3031.27519, -1343.54682, 38.923960000000115, 57.379439999999754]","[3036.75224, -1334.61026, 21.90819999999985, 35.7462400000004]","[3044.51159, -1329.05877, 31.03740000000107, 22.205959999999322]","[3058.23472, -1320.61809, 54.89251999999942, 33.76272000000063]","[3034.06246, -1313.15111, -96.6890399999993, 29.867919999999685]","[2977.08843, -1331.18102, -227.89612000000125, -72.11963999999989]","[2966.4454, -1374.33554, -42.572119999998904, -172.6180800000002]","[3048.41245, -1380.22414, 327.868199999999, -23.554399999999987]"
207,People,"[3153.3873, -1362.88364, 0, 0]","[3244.76643, -1382.95851, 365.51652000000104, -80.29947999999968]","[3287.83789, -1450.56771, 172.28583999999864, -270.4368000000004]","[3246.2118, -1518.96102, -166.504359999999, -273.5732399999997]","[3220.60647, -1599.76326, -102.42131999999947, -323.20895999999993]","[3267.40351, -1613.57467, 187.1881599999997, -55.245640000000094]","[3369.13414, -1559.93513, 406.9225200000001, 214.5581599999996]","[3490.73246, -1461.36575, 486.39328000000023, 394.27752000000055]","[3601.4344, -1401.22352, 442.8077600000001, 240.56891999999993]","[3650.72243, -1372.57714, 197.15211999999883, 114.58551999999963]","[3696.80774, -1375.03342, 184.34124000000156, -9.825119999999515]","[3744.98543, -1421.58961, 192.71075999999994, -186.22476000000006]","[3775.96293, -1521.18755, 123.90999999999985, -398.39176000000043]","[3851.30272, -1622.87503, 301.35916, -406.7499199999993]","[3972.48042, -1686.88914, 484.7107999999989, -256.0564400000003]","[4151.52415, -1693.2893, 716.1749200000013, -25.600639999999657]"
208,People,"[4321.42994, -1684.01418, 0, 0]","[4446.30699, -1725.70506, 499.5082000000002, -166.76352000000043]","[4541.49988, -1795.77506, 380.77156000000105, -280.27999999999975]","[4617.03545, -1889.64785, 302.14228, -375.4911600000005]","[4732.64151, -1949.32245, 462.4242400000003, -238.6983999999993]","[4909.37909, -1932.74918, 706.9503199999999, 66.29307999999946]","[5096.21643, -1834.65864, 747.3493600000002, 392.3621599999997]","[5236.1707, -1768.20293, 559.8170799999971, 265.8228400000007]","[5319.2303, -1783.55945, 332.2384000000023, -61.42608000000024]","[5329.76487, -1817.56022, 42.13827999999921, -136.0030800000004]","[5329.00214, -1855.88126, -3.050920000001497, -153.28416000000016]","[5282.87899, -1867.74044, -184.49259999999776, -47.436719999999696]","[5230.30882, -1870.40774, -210.28067999999985, -10.669200000000274]","[5206.54291, -1873.29241, -95.0636400000003, -11.538679999999658]","[5186.98393, -1873.48291, -78.23591999999917, -0.7619999999997162]","[5172.15326, -1864.66763, -59.32268000000113, 35.26112000000012]"
209,People,"[5163.75424, -1854.82191, 0, 0]","[5163.22545, -1853.67126, -2.1151600000011967, 4.602599999999256]","[5165.61382, -1853.5358, 9.553479999998672, 0.5418399999998655]","[5180.7588, -1867.38045, 60.57992000000013, -55.378600000000006]","[5194.84346, -1883.33324, 56.33864000000176, -63.81115999999929]","[5235.51373, -1925.02135, 162.68107999999847, -166.7524400000002]","[5255.26541, -1952.01359, 79.00672000000122, -107.96896000000015]","[5256.06116, -1973.17591, 3.183000000000902, -84.64927999999964]","[5248.395, -1985.62739, -30.664639999999082, -49.80592000000074]","[5245.45732, -1987.77175, -11.750720000000001, -8.577440000000024]","[5246.98172, -1997.86834, 6.097599999997328, -40.38635999999951]","[5287.8497, -2023.37625, 163.47191999999995, -102.03164000000015]","[5395.00623, -2059.66746, 428.6261200000008, -145.16484000000037]","[5557.05557, -2066.27457, 648.1973600000019, -26.428439999999682]","[5735.20211, -2057.73434, 712.5861599999989, 34.16092000000026]","[5925.14583, -2128.61748, 759.7748800000008, -283.53255999999965]"
210,People,"[6126.14701, -2235.08655, 0, 0]","[6347.06097, -2267.51504, 883.6558400000031, -129.71396000000095]","[6530.90873, -2230.88818, 735.3910399999986, 146.50744000000122]","[6620.91636, -2157.57526, 360.03052000000025, 293.2516799999994]","[6650.96186, -2114.4738, 120.1820000000007, 172.40583999999944]","[6655.7232, -2115.51028, 19.045360000000073, -4.145919999999023]","[6651.14094, -2123.98544, -18.329040000000532, -33.90063999999984]","[6642.91655, -2124.40582, -32.89756000000125, -1.6815200000000914]","[6627.11692, -2133.75125, -63.198519999998155, -37.38171999999944]","[6609.89933, -2150.74707, -68.8703600000008, -67.98328000000038]","[6596.09744, -2161.07292, -55.20756000000256, -41.30340000000069]","[6587.81096, -2164.42999, -33.14591999999902, -13.428280000000086]","[6586.37298, -2162.79833, -5.7519199999987904, 6.526640000000043]","[6590.78502, -2170.23039, 17.648160000000644, -29.72824000000037]","[6602.31847, -2172.78118, 46.13379999999961, -10.203159999999116]","[6603.71054, -2201.32174, 5.568279999999504, -114.16223999999966]"
211,People,"[6464.32796, -2314.21936, 0, 0]","[6188.80545, -2294.31747, -1102.0900399999991, 79.60756000000038]","[5986.96431, -2042.72597, -807.3645599999982, 1006.366]","[5833.60795, -1761.94768, -613.4254400000027, 1123.1131599999999]","[5664.22059, -1547.55278, -677.5494399999989, 857.5796]","[5448.16495, -1403.67752, -864.2225599999983, 575.5010400000001]","[5244.94715, -1235.70299, -812.8712000000014, 671.8981199999998]","[5090.34759, -1001.55036, -618.3982399999986, 936.6105200000002]","[4887.89465, -734.00026, -809.8117600000012, 1070.2004000000006]","[4629.9526, -509.22357, -1031.7682000000023, 899.1067600000001]","[4331.43563, -286.36907, -1194.0678799999987, 891.4179999999999]","[4063.24439, -42.71448, -1072.7649600000004, 974.61836]","[3816.67535, 207.68703, -986.2761599999994, 1001.60604]","[3549.39383, 420.82422, -1069.12608, 852.5487600000001]","[3267.94582, 610.15296, -1125.7920400000003, 757.3149599999999]","[3032.99226, 798.06623, -939.8142399999997, 751.65308]"
212,People,"[2820.46339, 1010.35513, 0, 0]","[2598.08774, 1221.0033, -889.5025999999998, 842.5926800000002]","[2355.4286, 1402.00609, -970.636559999999, 724.01116]","[2097.12287, 1582.16123, -1033.2229200000002, 720.6205599999994]","[1871.32011, 1785.88403, -903.2110400000001, 814.8912]","[1661.83887, 2000.775, -837.9249600000003, 859.5638800000006]","[1429.44721, 2190.17043, -929.56664, 757.5817200000001]","[1183.78026, 2362.25718, -982.6678000000002, 688.3469999999998]","[946.45949, 2555.22827, -949.283080000001, 771.8843600000007]","[768.3661, 2779.97852, -712.37356, 899.0010000000002]","[608.52422, 3018.47578, -639.3675199999998, 953.9890400000004]","[403.20241, 3221.08483, -821.2872400000001, 810.4361999999983]","[172.05342, 3429.62391, -924.59596, 834.15632]","[66.62871, 3557.31026, -421.69883999999996, 510.7454000000016]","[40.63792, 3585.23771, -103.96315999999999, 111.70979999999872]","[42.20584, 3567.01015, 6.2716800000000035, -72.91023999999925]"
213,People,"[95.7118, 3493.09195, 0, 0]","[203.17837, 3333.85886, 429.86628, -636.9323600000007]","[250.91902, 3281.41394, 190.96259999999995, -209.77967999999964]","[179.56033, 3369.20317, -285.43476, 351.15691999999945]","[82.55197, 3529.20827, -388.03344, 640.0204000000012]","[139.53135, 3615.53928, 227.91752000000002, 345.3240399999995]","[268.96463, 3637.84235, 517.73312, 89.21227999999974]","[400.3606303614458, 3620.099633855421, 525.5840014457833, -70.97086457831574]","[407.3629436144578, 3622.8638085542166, 28.009253012047818, 11.056698795182466]","[414.3652568674699, 3625.627983253012, 28.009253012048475, 11.056698795182456]","[409.38883, 3626.46253, -19.905707469879644, 3.338186987950394]","[354.14672, 3606.04237, -220.96843999999987, -81.68063999999868]","[311.68018, 3583.8382, -169.86616000000004, -88.8166799999999]","[285.44372, 3516.28563, -104.94584000000009, -270.21028000000115]","[249.33292, 3428.17884, -144.44319999999993, -352.4271599999993]","[230.96763, 3431.68653, -73.46115999999995, 14.030759999999646]"
214,People,"[206.91442, 3499.71726, 0, 0]","[174.917, 3588.37676, -127.98968000000002, 354.63800000000083]","[174.27549, 3627.73173, -2.5660400000000436, 157.41987999999947]","[169.66683, 3635.64661, -18.434639999999945, 31.659519999999247]","[216.59262, 3635.52671, 187.70316000000003, -0.47959999999875436]","[304.25516, 3557.95297, 350.6501599999999, -310.2949600000011]","[384.05014, 3446.46786, 319.17992000000004, -445.9404399999985]","[501.53563, 3201.64944, 469.9419600000001, -979.2736800000002]","[594.23505, 2948.27546, 370.79768000000024, -1013.4959200000021]","[727.82797, 2785.24618, 534.3716800000002, -652.117119999999]","[829.3444, 2642.13605, 406.0657199999996, -572.4405200000001]","[838.01218, 2449.19535, 34.67111999999997, -771.7628000000004]","[771.67243, 2252.2627, -265.3589999999999, -787.730599999999]","[673.89185, 2027.27018, -391.12231999999995, -899.970080000001]","[524.75753, 1767.77764, -596.53728, -1037.9701599999999]","[286.81115, 1575.46303, -951.7855199999999, -769.2584400000005]"
215,People,"[-18.88303, 1435.49662, 0, 0]","[-324.90058, 1279.78612, -1224.0701999999999, -622.8419999999996]","[-600.32362, 1116.12586, -1101.69216, -654.6410399999995]","[-888.25328, 951.00897, -1151.71864, -660.4675600000005]","[-1194.57277, 814.30605, -1225.27796, -546.8116799999998]","[-1498.08545, 684.58715, -1214.0507200000002, -518.8756000000003]","[-1772.42107, 520.00195, -1097.3424800000003, -658.3408]","[-2058.62485, 336.00969, -1144.8151200000002, -735.96904]","[-2352.73503, 199.02618, -1176.4407199999998, -547.9340400000003]","[-2686.24304, 61.10528, -1334.03204, -551.6836000000001]","[-3007.16288, -121.43402, -1283.67936, -730.1572]","[-3299.32495, -329.3936, -1168.6482800000013, -831.83832]","[-3584.33978, -496.94943, -1140.0593199999985, -670.2233200000001]","[-3875.42646, -642.2296, -1164.3467200000014, -581.12068]","[-4187.44226, -836.42504, -1248.0631999999987, -776.7817599999998]","[-4398.83658, -986.89472, -845.5772800000013, -601.8787200000002]"
216,People,"[-4422.751180134529, -997.3164442152466, 0, 0]","[-4427.671466008968, -994.0839016143498, -19.681143497757148, 12.930170403587454]","[-4432.591751883408, -990.8513590134528, -19.681143497757148, 12.930170403587908]","[-4437.512037757847, -987.618816412556, -19.681143497757148, 12.930170403586999]","[-4442.432323632287, -984.3862738116592, -19.681143497760786, 12.930170403587454]","[-4447.352609506726, -981.1537312107624, -19.681143497757148, 12.930170403586999]","[-4452.272895381166, -977.9211886098656, -19.681143497757148, 12.930170403587454]","[-4457.193181255605, -974.6886460089686, -19.681143497757148, 12.930170403587908]","[-4462.113467130045, -971.4561034080716, -19.681143497760804, 12.930170403587919]","[-4353.90415, -867.54319, 432.83726852017935, 415.6516536322865]","[-4068.67188, -719.36211, 1140.9290800000017, 592.7243199999998]","[-3775.62201, -645.6103, 1172.1994799999993, 295.0072399999999]","[-3550.28153, -574.69323, 901.3619199999994, 283.6682800000003]","[-3335.96388, -476.04036, 857.2706000000017, 394.6114799999998]","[-3088.4572576470587, -401.8281029411765, 990.0264894117645, 296.8490282352941]","[-2811.09015, -365.90337, 1109.4684305882347, 143.698931764706]"
217,People,"[-2490.99544, -383.7758, 0, 0]","[-2178.39671, -360.02989, 1250.3949200000006, 94.98363999999992]","[-1864.16276, -307.61603, 1256.9358000000002, 209.65544]","[-1542.79219, -261.39836, 1285.4822800000002, 184.87068]","[-1214.17843, -252.26834, 1314.4550399999998, 36.52008000000012]","[-885.79967, -219.93165, 1313.5150399999998, 129.34676000000002]","[-584.91154, -105.9563, 1203.5525200000002, 455.90139999999997]","[-298.33821, 53.41035, 1146.2933199999998, 637.4666]","[10.40218, 187.50373, 1234.961560000001, 536.3735200000004]","[335.7881, 313.28836, 1301.54368, 503.1385200000001]","[631.57606, 495.61648, 1183.15184, 729.31248]","[919.43976, 695.83924, 1151.4548, 800.89104]","[1234.38055, 832.30617, 1259.7631600000004, 545.8677199999997]","[1569.34831, 931.3065, 1339.87104, 396.0013200000003]","[1895.74023, 1051.95947, 1305.56768, 482.6118799999999]","[2221.62595, 1182.35708, 1303.54288, 521.59044]"
218,People,"[2565.81317, 1294.89754, 0, 0]","[2918.47465, 1365.3661, 1410.6459200000008, 281.8742400000001]","[3266.29953, 1453.45835, 1391.2995199999987, 352.3690000000006]","[3614.82522, 1565.24493, 1394.1027600000016, 447.14631999999983]","[3963.30221, 1635.40641, 1393.9079599999986, 280.64591999999993]","[4296.97292, 1637.40312, 1334.6828400000013, 7.9868399999995745]","[4635.32139, 1613.18304, 1353.3938799999996, -96.88032000000021]","[4954.78903, 1644.87645, 1277.8705599999994, 126.77364000000034]","[5277.591, 1669.89034, 1291.207880000003, 100.05555999999987]","[5600.00673, 1580.4664, 1289.6629199999988, -357.6957599999996]","[5940.62147, 1467.03031, 1362.45896, -453.7443599999997]","[6133.36777, 1455.59549, 770.9851999999992, -45.73928000000069]","[6181.96692, 1461.92392, 194.39660000000003, 25.313720000000103]","[6182.78494, 1457.98695, 3.272079999998823, -15.747879999999896]","[6186.35256, 1444.25269, 14.270480000002863, -54.9370399999998]","[6202.38944, 1444.4432, 64.14751999999862, 0.7620399999996152]"
219,People,"[6215.29063, 1444.28094, 0, 0]","[6223.26342, 1443.70486, 31.891159999999218, -2.304320000000189]","[6224.81941, 1431.74905, 6.223959999999352, -47.823240000000624]","[6220.31607, 1424.0817, -18.01336000000083, -30.66939999999977]","[6182.32505, 1378.53541, -151.96407999999792, -182.18516]","[6074.30695, 1368.02165, -432.0724000000009, -42.05504000000019]","[5845.13011, 1476.12022, -916.7073600000003, 432.39428000000044]","[5518.71827, 1607.91937, -1305.647359999999, 527.1966000000002]","[5274.61491, 1652.90237, -976.4134400000012, 179.93199999999996]","[5048.22341, 1628.42587, -905.5660000000025, -97.90599999999995]","[4806.15715, 1526.0326, -968.2650399999984, -409.5730800000001]","[4515.34867, 1397.3922, -1163.2339199999988, -514.5616]","[4207.17929, 1337.57855, -1232.677520000001, -239.2546000000002]","[3876.74803, 1307.72836, -1321.7250399999994, -119.40075999999954]","[3558.21275, 1195.77643, -1274.1411200000002, -447.8077200000007]","[3230.58629, 1054.95175, -1310.5058399999998, -563.2987199999998]"
220,People,"[2861.23936, 970.87751, 0, 0]","[2504.82608, 936.24049, -1425.6531200000009, -138.54808000000003]","[2182.97768, 864.12514, -1287.3935999999994, -288.46140000000014]","[1868.9127, 763.15827, -1256.2599199999995, -403.8674799999999]","[1533.75385, 683.38142, -1340.6354000000001, -319.10739999999987]","[1203.36884, 665.79691, -1321.5400399999999, -70.33804000000009]","[877.22874, 639.32917, -1304.5604000000003, -105.8709600000002]","[542.40718, 559.62968, -1339.28624, -318.7979599999999]","[190.91235, 477.57707, -1405.9793200000013, -328.21044000000035]","[-172.94377, 455.11057, -1455.4244800000001, -89.86599999999999]","[-540.22654, 459.41105, -1469.13108, 17.201919999999973]","[-888.13096, 412.81593, -1391.6176799999998, -186.38048000000003]","[-1231.42614, 330.80217, -1373.1807200000003, -328.05503999999996]","[-1587.02048, 270.83357, -1422.3773599999995, -239.87439999999992]","[-1946.5334, 247.47316, -1438.0516800000005, -93.44164]","[-2292.47867, 168.86968, -1383.7810799999997, -314.4139200000001]"
221,People,"[-2599.05122, 22.9786, 0, 0]","[-2912.89669, -138.8584, -1255.3818800000008, -647.348]","[-3238.80617, -277.78939, -1303.6379199999992, -555.7239600000001]","[-3577.2788, -421.17193, -1353.8905200000008, -573.5301599999998]","[-3886.74948, -644.50376, -1237.8827199999996, -893.3273200000003]","[-4230.692998, -922.982774, -1375.774072000002, -1113.9160559999996]","[-4350.428533161034, -990.2148805367792, -478.94214064413245, -268.9284261471171]","[-4269.726244890656, -915.1273363021868, 322.8091530815109, 300.3501769383697]","[-4189.023956620278, -840.0397920675945, 322.80915308151117, 300.35017693836954]","[-4108.3216683499, -764.952247833002, 322.8091530815109, 300.3501769383697]","[-4027.619380079522, -689.8647035984095, 322.8091530815127, 300.35017693837017]","[-3946.917091809145, -614.7771593638172, 322.80915308150907, 300.35017693836926]","[-3866.2148035387672, -539.6896151292246, 322.8091530815109, 300.35017693837017]","[-3785.5125152683895, -464.6020708946322, 322.8091530815109, 300.3501769383697]","[-3704.810226998012, -389.5145266600398, 322.8091530815109, 300.3501769383697]","[-3624.107938727634, -314.42698242544736, 322.8091530815109, 300.3501769383697]"
222,People,"[-3543.4056504572563, -239.3394381908548, 0, 0]","[-3462.7033621868786, -164.2518939562624, 322.8091530815109, 300.3501769383696]","[-3382.001073916501, -89.16434972166996, 322.8091530815109, 300.3501769383697]","[-3301.298785646123, -14.076805487077536, 322.8091530815109, 300.3501769383697]","[-3220.596497375745, 61.010738747515006, 322.8091530815127, 300.35017693837017]","[-3139.894209105368, 136.09828298210732, 322.80915308150725, 300.35017693836926]","[-3059.19192083499, 211.18582721669983, 322.8091530815127, 300.35017693837005]","[-2978.4896325646123, 286.2733714512924, 322.8091530815109, 300.3501769383703]","[-2897.7873442942346, 361.3609156858847, 322.80915308151117, 300.35017693836954]","[-2817.085056023857, 436.44845992047726, 322.8091530815109, 300.35017693837017]","[-2654.73245, 529.39741, 649.4104240954275, 371.7958003180911]","[-2334.7705, 685.72573, 1279.8477999999996, 625.3132799999998]","[-1991.9029692307693, 832.230263076923, 1371.4701230769233, 586.0181323076922]","[-1625.71564, 878.32086, 1464.7493169230775, 184.36238769230795]","[-1242.18452, 883.80305, 1534.1244799999995, 21.928759999999784]","[-861.46982, 935.54638, 1522.8588, 206.97332000000006]"
223,People,"[-485.82816, 1013.59898, 0, 0]","[-122.654, 1036.30112, 1452.6966400000001, 90.8085600000004]","[240.59432, 1031.57427, 1452.9932800000001, -18.907400000000052]","[615.95829, 1063.28922, 1501.45588, 126.85979999999927]","[988.59411, 1117.67865, 1490.5432799999999, 217.5577200000007]","[1370.51019, 1155.8123, 1527.6643199999999, 152.53459999999995]","[1745.01789, 1169.47606, 1498.0308000000005, 54.655039999999644]","[2113.23463, 1197.67729, 1472.8669599999994, 112.8049200000005]","[2469.28195, 1239.9913, 1424.1892800000019, 169.25603999999944]","[2831.30407, 1262.24975, 1448.0884800000003, 89.03380000000016]","[3204.67179, 1237.83772, 1493.470879999999, -97.64811999999984]","[3582.95047, 1215.7437, 1513.1147200000014, -88.37608]","[3950.97673, 1248.42774, 1472.1050399999986, 130.73616000000038]","[4336.43708, 1303.81849, 1541.8413999999993, 221.5630000000001]","[4691.33707, 1303.5764, 1419.5999599999996, -0.9683600000007573]","[5028.55289, 1282.49181, 1348.8632800000014, -84.33835999999974]"
224,People,"[5367.44158, 1339.56713, 0, 0]","[5754.16895, 1441.53299, 1546.909480000002, 407.8634400000001]","[6060.82009, 1498.06901, 1226.6045599999998, 226.14408000000003]","[6166.67396, 1501.55986, 423.41547999999966, 13.963400000000547]","[6181.51316, 1509.72506, 59.356800000001385, 32.660799999999654]","[6168.08959, 1524.87479, -53.694280000003346, 60.59892000000036]","[6162.44816, 1538.38714, -22.56571999999869, 54.04939999999988]","[6182.79726, 1545.97343, 81.39640000000145, 30.34515999999985]","[6198.30165, 1538.31997, 62.01756000000029, -30.61384000000001]","[6204.5528, 1525.12225, 25.00460000000021, -52.79088000000047]","[6206.85237, 1524.98819, 9.198279999996885, -0.5362399999994523]","[6206.53216, 1496.7067, -1.2808399999994435, -113.1259600000003]","[6105.31527, 1435.63501, -404.8675599999988, -244.28675999999996]","[5930.37805, 1389.95719, -699.7488799999992, -182.71127999999953]","[5670.5252, 1349.33876, -1039.4114000000009, -162.47371999999996]","[5430.16963, 1335.4277, -961.4222799999989, -55.644240000000536]"
225,People,"[5264.93163, 1310.32809, 0, 0]","[5093.83554, 1222.35346, -684.38436, -351.89851999999973]","[4904.55615, 1066.13751, -757.1175599999988, -624.8638000000001]","[4643.93875, 902.15679, -1042.4696000000004, -655.9228800000001]","[4348.48434, 729.51662, -1181.8176400000011, -690.56068]","[4059.9876, 521.93036, -1153.9869600000002, -830.3450400000002]","[3819.03019, 286.60923, -963.8296399999999, -941.2845199999997]","[3563.70063, 42.54571, -1021.3182400000005, -976.2540800000002]","[3272.78271, -154.342, -1163.6716800000006, -787.5508400000008]","[2974.47726, -371.92089, -1193.2217999999993, -870.3155599999999]","[2757.85303, -638.22151, -866.4969199999996, -1065.20248]","[2543.99485, -928.2836, -855.4327200000007, -1160.24836]","[2307.59727, -1180.02858, -945.5903199999993, -1006.9799199999998]","[2067.55647, -1435.35957, -960.1632000000009, -1021.3239600000006]","[1865.32524, -1724.0766, -808.9249200000004, -1154.86812]","[1695.39382, -2039.07777, -679.7256799999996, -1260.00468]"
226,People,"[1508.15512, -2323.80233, 0, 0]","[1276.58648, -2576.26106, -926.2745599999998, -1009.8349199999993]","[1043.35397, -2849.71857, -932.9300400000002, -1093.8300400000007]","[840.33655, -3172.64844, -812.0696799999996, -1291.7194799999997]","[622.62103, -3484.20505, -870.8620799999999, -1246.2264400000004]","[490.80084, -3604.06595, -527.2807600000001, -479.4436000000005]","[458.84996, -3622.95765, -127.80351999999993, -75.5667999999987]","[469.44288, -3631.64957, 42.37167999999997, -34.76768000000084]","[485.86515, -3637.59144, 65.68908000000016, -23.767480000000454]","[501.00314, -3640.91863, 60.55195999999978, -13.308759999999893]","[503.08598, -3643.20822, 8.331360000000132, -9.158359999999448]","[500.64855, -3641.7204, -9.749720000000025, 5.951279999999315]","[508.08117, -3649.76651, 29.730479999999943, -32.184439999999086]","[495.42581, -3643.37448, -50.62143999999989, 25.568119999999908]","[477.31089, -3578.7642, -72.45968000000016, 258.4411199999995]","[531.25363, -3332.62769, 215.7709600000003, 984.5460400000011]"
227,People,"[781.2031, -3018.67076, 0, 0]","[1113.30837, -2806.33735, 1328.42108, 849.3336400000007]","[1378.16, -2621.45773, 1059.4065200000005, 739.5184799999988]","[1600.54155, -2381.32574, 889.5261999999993, 960.5279599999994]","[1849.48729, -2195.60039, 995.7829600000005, 742.9014000000006]","[2125.68341, -2041.55945, 1104.7844800000003, 616.1637600000004]","[2390.41493, -1866.06166, 1058.9260799999993, 701.9911599999996]","[2655.38056, -1674.2706, 1059.8625200000006, 767.1642400000001]","[2924.67341, -1456.99116, 1077.1714000000002, 869.1177600000009]","[3212.70682, -1264.44375, 1152.13364, 770.1896400000005]","[3475.73621, -1099.14445, 1052.1175600000006, 661.1971999999996]","[3683.28201, -923.05474, 830.1831999999995, 704.3588399999999]","[3849.51354, -744.71073, 664.9261200000001, 713.3760400000001]","[4035.37352, -584.44121, 743.4399200000007, 641.0780800000002]","[4220.9635, -444.00255, 742.359919999999, 561.7546399999999]","[4340.84133, -287.163, 479.51132000000143, 627.3581999999999]"
228,People,"[4378.81785, -114.50459, 0, 0]","[4423.6988, 23.58548, 179.52379999999903, 552.36028]","[4535.34664, 95.18708, 446.59135999999853, 286.40639999999996]","[4657.29461, 141.09437, 487.7918800000007, 183.62916]","[4730.5115, 234.87533, 292.8675599999988, 375.12384]","[4769.21265, 352.16978, 154.80460000000312, 469.17780000000005]","[4796.92422, 407.84722, 110.84627999999793, 222.70975999999996]","[4821.35797, 423.41935, 97.73500000000058, 62.28852000000006]","[4840.09466, 417.55575, 74.94675999999897, -23.4544000000001]","[4856.8551, 408.9083, 67.04176000000007, -34.58979999999997]","[4870.86045, 399.82562, 56.02140000000145, -36.33071999999993]","[4878.77667, 394.6002, 31.664880000000267, -20.90168000000017]","[4883.15985, 391.42224, 17.532719999999244, -12.711839999999938]","[4885.91796, 390.9973, 11.032439999999042, -1.6997599999999693]","[4887.76005, 391.4446, 7.3683600000003935, 1.789199999999937]","[4888.35967, 390.92333, 2.398479999999836, -2.0850799999998344]"
229,People,"[4888.46898, 390.81966, 0, 0]","[4890.06888, 394.78236, 6.399600000000646, 15.850799999999936]","[4891.7224, 395.12584, 6.614079999999376, 1.3739199999999983]","[4892.1314, 392.27345, 1.636000000002241, -11.409559999999829]","[4894.56001, 390.38756, 9.71443999999974, -7.54356000000007]","[4899.83325, 388.39932, 21.09295999999813, -7.9529600000000755]","[4908.53453, 387.53631, 34.8051200000009, -3.452039999999897]","[4935.59147, 384.5641, 108.22776000000158, -11.888840000000073]","[5004.06561, 384.58257, 273.89655999999763, 0.07387999999991741]","[5098.73431, 414.85431, 378.6748000000007, 121.08696000000009]","[5183.00677, 536.37727, 337.08984000000055, 486.0918399999998]","[5313.89766, 785.55826, 523.5635599999987, 996.7239600000003]","[5527.90223, 1022.79316, 856.0182800000002, 948.9395999999997]","[5740.78046, 1236.25872, 851.512920000001, 853.8622400000004]","[5939.35816, 1467.52436, 794.3107999999993, 925.0625599999994]","[6102.45903, 1587.72129, 652.4034800000009, 480.78772000000026]"
230,People,"[6151.20765, 1618.09856, 0, 0]","[6120.01776, 1601.05449, -124.75956000000224, -68.17627999999968]","[6004.82772, 1510.32136, -460.760159999998, -362.9325200000003]","[5863.19639, 1403.55429, -566.5253200000006, -427.0682799999995]","[5827.55465, 1362.36853, -142.5669600000001, -164.7430400000003]","[6005.43386, 1431.33208, 711.5168400000002, 275.85419999999976]","[6202.79561, 1489.13924, 789.4470000000001, 231.22864000000027]","[6241.63577, 1493.79762, 155.36063999999897, 18.633520000000317]","[6258.58506, 1470.45314, 67.79716000000195, -93.37791999999999]","[6217.49602, 1376.99896, -164.356160000003, -373.8167200000007]","[6078.00832, 1294.08012, -557.9507999999987, -331.6753599999993]","[5879.09577, 1236.84758, -795.6502, -228.9301599999999]","[5597.90243, 1249.76644, -1124.7733599999992, 51.67543999999998]","[5360.08286, 1246.32987, -951.2782799999986, -13.746280000000297]","[5140.50087, 1163.86625, -878.3279600000023, -329.85447999999997]","[4913.45173, 1037.61684, -908.1965600000003, -504.9976400000005]"
231,People,"[4655.83631, 986.40317, 0, 0]","[4352.45272, 972.75974, -1213.5343599999978, -54.57372000000032]","[4035.35126, 929.88117, -1268.4058400000013, -171.51427999999987]","[3735.57156, 853.94987, -1199.1188000000002, -303.72519999999986]","[3403.36023, 786.9451, -1328.8453200000004, -268.01908000000003]","[3073.19431, 767.79414, -1320.6636799999997, -76.60384000000022]","[2726.40987, 736.07934, -1387.1377599999996, -126.85919999999987]","[2378.19457, 643.48802, -1392.8611999999994, -370.36528]","[2020.68459, 553.95198, -1430.0399200000015, -358.14416000000017]","[1652.70018, 509.38401, -1471.93764, -178.27188000000024]","[1286.89618, 472.60123, -1463.2160000000003, -147.13112]","[929.32283, 393.98626, -1430.2934, -314.4598799999999]","[574.73895, 310.87215, -1418.3355199999996, -332.45644000000016]","[206.89247, 256.28173, -1471.3859200000002, -218.36167999999998]","[-167.10895, 211.58955, -1496.00568, -178.76871999999992]","[-524.93513, 131.51847, -1431.3047199999999, -320.28432]"
232,People,"[-864.25861, 18.59334, 0, 0]","[-1215.66732, -81.41213, -1405.6348400000002, -400.02188]","[-1568.74535, -133.80483, -1412.3121199999996, -209.57080000000002]","[-1925.56014, -213.89524, -1427.2591600000005, -320.36163999999997]","[-2254.15718, -346.73364, -1314.3881600000004, -531.3535999999999]","[-2598.07834, -488.13259, -1375.6846399999995, -565.5958]","[-2955.05204, -576.35525, -1427.8948, -352.89063999999985]","[-3289.88746, -636.6419, -1339.3416799999995, -241.14660000000003]","[-3701.61555, -791.46594, -1646.9123600000016, -619.2961600000009]","[-4117.0058, -958.06251, -1661.5609999999997, -666.3862799999997]","[-4357.16939675, -1024.56161625, -960.6543869999987, -265.9964250000003]","[-4275.3217805, -1002.4578975, 327.39046499999677, 88.4148750000004]","[-4193.47416425, -980.35417875, 327.3904650000004, 88.41487499999994]","[-4111.626548, -958.25046, 327.3904650000004, 88.41487499999994]","[-4029.77893175, -936.14674125, 327.3904650000004, 88.41487499999994]","[-3947.9313155, -914.0430225, 327.3904650000004, 88.41487499999994]"
233,People,"[-3866.08369925, -891.93930375, 0, 0]","[-3784.236083, -869.835585, 327.3904650000004, 88.41487499999994]","[-3664.23188, -841.35148, 480.01681199999985, 113.93642]","[-3368.20942, -820.22885, 1184.0898399999987, 84.49052000000029]","[-3112.12856, -900.14162, 1024.3234400000001, -319.6510800000001]","[-2870.26795, -1051.66896, 967.4424400000007, -606.1093599999999]","[-2638.05728, -1175.86428, 928.8426799999997, -496.78128000000015]","[-2368.65434, -1261.82195, 1077.6117599999998, -343.83068000000003]","[-2115.10313, -1414.8874, 1014.2048400000012, -612.2618000000008]","[-2027.78264, -1628.01851, 349.28196000000025, -852.5244400000001]","[-1996.22656, -1852.10235, 126.22431999999935, -896.3353599999991]","[-1946.0059, -1974.32738, 200.8826399999998, -488.90012000000024]","[-1857.73616, -2096.97764, 353.07896000000073, -490.60104000000047]","[-1765.42714, -2248.29358, 369.2360799999997, -605.2637599999998]","[-1711.22087, -2289.06955, 216.82507999999962, -163.10388000000057]","[-1651.48822, -2221.67063, 238.9306000000006, 269.59568000000036]"
234,People,"[-1606.25633, -2195.08702, 0, 0]","[-1573.50493, -2257.3288, 131.0055999999995, -248.96711999999934]","[-1592.47965, -2357.40243, -75.89887999999974, -400.2945200000013]","[-1581.02437, -2417.09384, 45.82111999999961, -238.76563999999962]","[-1585.74657, -2432.73764, -18.88879999999972, -62.57519999999931]","[-1582.06974, -2434.56961, 14.707320000000436, -7.327880000000732]","[-1579.70774, -2449.88242, 9.44799999999941, -61.2512399999996]","[-1582.05204, -2465.41852, -9.377199999999903, -62.14440000000104]","[-1585.02547, -2471.83311, -11.893720000000041, -25.65835999999947]","[-1575.80935, -2470.93739, 36.864480000000185, 3.582879999999932]","[-1575.81532, -2447.11171, -0.023879999999735446, 95.30271999999968]","[-1571.26428, -2398.13956, 18.20415999999932, 195.88860000000022]","[-1571.39459, -2388.52807, -0.5212400000000343, 38.44596000000092]","[-1571.85547, -2391.43079, -1.8435199999994438, -11.61088000000018]","[-1571.47264, -2402.44525, 1.5313200000000506, -44.057840000001306]","[-1567.67366, -2415.05754, 15.195920000000115, -50.4491599999983]"
235,People,"[-1565.80793, -2424.15318, 0, 0]","[-1556.29307, -2433.07036, 38.059439999999995, -35.668720000001485]","[-1526.85839, -2448.17028, 117.73871999999938, -60.399679999998625]","[-1507.54957, -2461.81021, 77.23528000000078, -54.55972000000111]","[-1500.56456, -2470.88237, 27.9400399999995, -36.28863999999885]","[-1489.7271, -2491.41081, 43.34983999999986, -82.11376000000018]","[-1493.33995, -2490.67945, -14.451399999999921, 2.925439999999071]","[-1436.01308, -2455.9496, 229.3074800000004, 138.91940000000068]","[-1360.42925, -2441.92701, 302.3353200000004, 56.090360000000196]","[-1348.24114, -2430.76465, 48.7524399999993, 44.64943999999923]","[-1401.24238, -2420.26174, -212.0049599999993, 42.011640000000625]","[-1457.76203, -2381.67022, -226.07860000000073, 154.36607999999978]","[-1484.09994, -2443.0661, -105.35163999999986, -245.58352000000014]","[-1460.94733, -2510.7907, 92.61044000000038, -270.89840000000004]","[-1374.98772, -2540.84364, 343.83843999999954, -120.21176000000014]","[-1347.91542, -2573.99306, 108.28920000000016, -132.59767999999895]"
236,People,"[-1370.58961, -2609.55099, 0, 0]","[-1402.53784, -2611.84949, -127.79291999999987, -9.193999999999505]","[-1397.62671, -2608.45954, 19.64451999999983, 13.559800000000905]","[-1368.80056, -2614.12824, 115.30460000000039, -22.674800000000687]","[-1334.97492, -2612.11295, 135.30255999999918, 8.06115999999929]","[-1297.02408, -2607.08098, 151.8033600000008, 20.127880000000005]","[-1238.17763, -2590.41384, 235.38580000000002, 66.66856000000007]","[-1191.86037, -2542.84918, 185.26903999999922, 190.25864]","[-1193.44137, -2455.25053, -6.32399999999962, 350.39460000000173]","[-1235.67849, -2359.0125, -168.94848000000002, 384.9521199999999]","[-1233.66663, -2247.69601, 8.047440000000279, 445.2659599999988]","[-1169.55978, -2159.48157, 256.4273999999996, 352.8577600000008]","[-1065.57156, -2171.5928, 415.9528799999998, -48.44491999999991]","[-929.12029, -2190.30816, 545.8050800000005, -74.86144000000058]","[-815.01156, -2150.65063, 456.4349199999997, 158.6301199999998]","[-741.07333, -2049.6188, 295.7529199999999, 404.1273199999996]"
237,People,"[-723.63051, -1905.86968, 0, 0]","[-676.28134, -1775.57274, 189.39667999999983, 521.1877599999998]","[-569.2508, -1664.68413, 428.1221599999999, 443.5544399999999]","[-410.98252, -1608.438, 633.07312, 224.98451999999997]","[-267.88222, -1559.30932, 572.4012, 196.51472000000012]","[-205.56416, -1408.07935, 249.27224000000012, 604.9198800000004]","[-188.05595, -1234.40914, 70.03283999999996, 694.68084]","[-197.52898, -1110.55823, -37.89211999999998, 495.40363999999954]","[-156.17313, -1020.02299, 165.42340000000016, 362.1409600000005]","[-69.89429, -926.54006, 345.11535999999995, 373.93172000000004]","[60.6605, -899.35615, 522.21916, 108.73564000000033]","[159.65631, -845.19474, 395.98323999999997, 216.64563999999973]","[211.20025, -770.1143, 206.17576000000008, 300.32176000000027]","[213.62976, -652.83735, 9.718039999999974, 469.10779999999977]","[161.88998, -544.22701, -206.95911999999998, 434.44136000000026]","[119.43192, -457.74589, -169.83224, 345.9244799999999]"
238,People,"[-4328.43996, -861.52192, 0, 0]","[-4390.56022, -810.66372, -248.4810400000024, 203.43280000000004]","[-4411.67395, -797.71339, -84.45492000000013, 51.80132000000003]","[-4416.22566, -795.28467, -18.20683999999892, 9.714879999999994]","[-4414.89463, -781.91992, 5.32412000000113, 53.45899999999983]","[-4402.02374, -785.86781, 51.48356000000058, -15.791559999999663]","[-4364.42856, -830.97977, 150.38071999999738, -180.44784000000027]","[-4290.40126, -902.74613, 296.1092000000026, -287.06543999999985]","[-4218.05426, -935.55617, 289.3879999999993, -131.24015999999995]","[-4188.77808, -953.74123, 117.10471999999936, -72.74024000000009]","[-4197.77716, -952.31225, -35.99631999999838, 5.7159200000000965]","[-4266.43066, -914.73228, -274.6140000000014, 150.31988]","[-4347.89419, -869.53611, -325.85411999999997, 180.78467999999975]","[-4401.419, -849.53697, -214.09923999999955, 79.99656000000004]","[-4407.91272, -834.61028, -25.974880000001576, 59.70676000000003]","[-4388.10938, -811.72602, 79.21336000000156, 91.53704000000016]"
239,People,"[-4353.24229, -814.16517, 0, 0]","[-4238.61199, -827.20168, 458.5211999999992, -52.146040000000085]","[-4071.03221, -900.99374, 670.3191200000019, -295.16823999999997]","[-3905.594370333333, -933.5370295833334, 661.7513586666682, -130.1731583333335]","[-3740.048278666666, -948.7320816666668, 662.1843666666664, -60.780208333333576]","[-3574.502187, -963.92713375, 662.1843666666646, -60.78020833333312]","[-3408.956095333333, -979.1221858333332, 662.1843666666682, -60.780208333332666]","[-3243.410003666667, -994.3172379166666, 662.1843666666646, -60.780208333333576]","[-3032.92031, -981.71489, 841.9587746666683, 50.40939166666662]","[-2775.62693, -1017.32741, 1029.1735200000003, -142.45008000000007]","[-2526.42346, -1033.41999, 996.8138799999997, -64.37032000000045]","[-2242.33159, -1024.64279, 1136.3674800000008, 35.108799999999974]","[-1976.47037, -1046.76129, 1063.444879999999, -88.47399999999925]","[-1715.74207, -1137.83542, 1042.9132, -364.2965200000008]","[-1443.83707, -1238.8981, 1087.62, -404.25072]","[-1166.42262, -1264.73025, 1109.6578, -103.32859999999982]"
240,People,"[-846.28839, -1265.63239, 0, 0]","[-571.00925, -1327.01474, 1101.1165600000004, -245.52940000000035]","[-266.38105, -1424.32791, 1218.5127999999997, -389.2526799999996]","[24.97452, -1456.43255, 1165.42228, -128.41856000000007]","[355.90414, -1436.42635, 1323.71848, 80.02480000000014]","[657.13147, -1465.6144, 1204.9093200000002, -116.7521999999999]","[967.33275, -1553.7413, 1240.80512, -352.5075999999999]","[1274.14423, -1621.38265, 1227.2459200000003, -270.5654000000004]","[1593.96653, -1609.62023, 1279.2892000000004, 47.04968000000012]","[1920.16745, -1602.64657, 1304.80368, 27.894639999999526]","[2208.2151, -1661.79179, 1152.1906, -236.58087999999952]","[2516.76678, -1724.57903, 1234.2067200000001, -251.14896000000044]","[2810.53428, -1703.86932, 1175.0699999999997, 82.83884000000035]","[3153.48032, -1655.81247, 1371.784160000001, 192.22739999999976]","[3461.9476, -1691.19467, 1233.8691199999994, -141.52880000000005]","[3784.98501, -1761.96746, 1292.1496399999996, -283.09115999999995]"
241,People,"[4075.89711, -1758.2178, 0, 0]","[4387.68982, -1709.50681, 1247.1708399999989, 194.84395999999924]","[4660.0124, -1715.1868, 1089.29032, -22.719959999999446]","[4932.69323, -1784.88532, 1090.723320000001, -278.7940800000006]","[5176.09931, -1827.99429, 973.624319999999, -172.43588]","[5418.82138, -1812.92661, 970.8882800000029, 60.27072000000044]","[5649.04966, -1839.39317, 920.9131199999974, -105.86624000000029]","[5881.45926, -1959.58649, 929.6383999999998, -480.77327999999943]","[6128.69494, -2093.49736, 988.9427200000036, -535.6434800000002]","[6302.30934, -2175.47675, 694.4575999999979, -327.91755999999987]","[6390.51543, -2211.23979, 352.82436000000234, -143.0521600000011]","[6420.37564, -2222.92803, 119.4408399999993, -46.7529599999998]","[6424.04499, -2225.89199, 14.677400000000489, -11.855840000000171]","[6411.58205, -2219.55828, -49.85176000000138, 25.33483999999953]","[6363.47265, -2185.54847, -192.4376000000011, 136.03924000000006]","[6303.86367, -2152.87785, -238.4359199999999, 130.6824800000013]"
242,People,"[6278.95583, -2152.6884, 0, 0]","[6281.00502, -2162.62766, 8.196759999998903, -39.757040000000416]","[6330.31953, -2197.84197, 197.25804000000062, -140.85723999999936]","[6398.35003, -2240.92483, 272.1219999999994, -172.33143999999993]","[6434.01421, -2241.91298, 142.65672000000268, -3.9526000000005297]","[6452.68568, -2234.65846, 74.68587999999727, 29.018079999999827]","[6464.34027, -2232.77665, 46.61836000000039, 7.527240000001257]","[6473.24129, -2232.08034, 35.60408000000098, 2.7852399999992485]","[6472.50419, -2207.53146, -2.948400000001132, 98.19551999999939]","[6466.54113, -2155.19983, -23.852240000000165, 209.32652000000053]","[6403.89728, -2073.63259, -250.5753999999979, 326.2689599999994]","[6266.33505, -1930.54125, -550.2489200000018, 572.3653600000007]","[6105.39103, -1793.59047, -643.7760799999996, 547.8031199999996]","[6004.84219, -1707.819, -402.1953599999979, 343.08588000000054]","[5963.43015, -1601.76548, -165.64816000000064, 424.21407999999974]","[5933.62382, -1498.80984, -119.22532000000137, 411.8225600000005]"
243,People,"[5869.23708, -1491.91765, 0, 0]","[5707.81133, -1609.73719, -645.7029999999977, -471.27815999999984]","[5482.60886, -1750.27623, -900.8098800000007, -562.1561599999995]","[5219.61415, -1816.69275, -1051.9788399999998, -265.66607999999997]","[4914.62802, -1833.46989, -1219.944520000001, -67.10856000000058]","[4665.75115, -1907.43028, -995.5074800000002, -295.84155999999984]","[4369.51705, -2027.10779, -1184.9363999999987, -478.71003999999994]","[4089.04089, -2058.0267, -1121.9046400000007, -123.67563999999948]","[3768.61825, -2032.2968, -1281.690560000002, 102.91959999999935]","[3466.72222, -2060.89805, -1207.5841199999995, -114.40499999999884]","[3131.69834, -2151.98067, -1340.0955200000008, -364.33048000000053]","[2828.01754, -2204.36149, -1214.7232000000004, -209.52327999999943]","[2503.70145, -2185.41564, -1297.2643599999992, 75.78339999999844]","[2174.14842, -2190.14734, -1318.2121200000001, -18.926799999999275]","[1849.43328, -2273.46104, -1298.86056, -333.2548000000006]","[1541.06801, -2358.19913, -1233.46108, -338.9523599999993]"
244,People,"[1239.14381, -2354.3057, 0, 0]","[902.22404, -2340.32743, -1347.6790800000003, 55.913080000000264]","[594.18581, -2405.21616, -1232.15292, -259.5549200000005]","[260.28978, -2509.80975, -1335.5841199999998, -418.3743599999998]","[-26.73309, -2526.49243, -1148.09148, -66.73071999999956]","[-341.49947, -2517.99132, -1259.0655199999999, 34.004439999998795]","[-613.35108, -2580.62955, -1087.4064400000002, -250.55292000000009]","[-908.41236, -2694.84666, -1180.24512, -456.8684400000002]","[-1163.0987, -2762.36983, -1018.7453600000008, -270.09268]","[-1434.36311, -2784.54818, -1085.05764, -88.71339999999873]","[-1695.73194, -2836.16852, -1045.4753199999996, -206.4813600000016]","[-1918.36766, -2947.90036, -890.54288, -446.9273599999997]","[-2111.12849, -3048.18009, -771.0433200000007, -401.118919999999]","[-2349.51788, -3093.51607, -953.5575599999993, -181.34392000000116]","[-2485.1433128051394, -3120.1814738329763, -542.5017312205582, -106.66161533190461]","[-2466.458587430407, -3124.3094235117774, 74.73890149892941, -16.51179871520435]"
245,People,"[-2447.7738620556747, -3128.437373190578, 0, 0]","[-2429.0891366809424, -3132.565322869379, 74.73890149892941, -16.51179871520435]","[-2410.40441130621, -3136.69327254818, 74.73890149892941, -16.51179871520435]","[-2391.7196859314777, -3140.821222226981, 74.73890149892941, -16.51179871520253]","[-2373.0349605567453, -3144.949171905781, 74.73890149892941, -16.51179871520071]","[-2354.350235182013, -3149.0771215845825, 74.73890149892941, -16.51179871520617]","[-2335.6655098072806, -3153.205071263383, 74.73890149892941, -16.51179871520253]","[-2316.9807844325483, -3157.333020942184, 74.73890149892941, -16.51179871520253]","[-2298.296059057816, -3161.460970620985, 74.73890149892948, -16.511798715204364]","[-2279.611333683084, -3165.588920299786, 74.73890149892759, -16.51179871520435]","[-2260.926608308351, -3169.7168699785866, 74.73890149893123, -16.51179871520253]","[-2242.241882933619, -3173.844819657388, 74.73890149892941, -16.51179871520617]","[-2223.5571575588865, -3177.9727693361883, 74.73890149892941, -16.51179871520071]","[-2204.872432184154, -3182.1007190149894, 74.73890149892941, -16.51179871520435]","[-2186.187706809422, -3186.22866869379, 74.73890149892941, -16.51179871520253]","[-2167.502981434689, -3190.3566183725907, 74.73890149893123, -16.51179871520253]"
246,People,"[-2148.818256059957, -3194.484568051392, 0, 0]","[-2042.89911, -3167.43971, 423.6765842398281, 108.17943220556845]","[-1920.82908, -3109.66601, 488.28012000000035, 231.09480000000076]","[-1833.58363, -3022.0589, 348.98179999999957, 350.4284399999997]","[-1763.94491, -2894.73687, 278.5548800000006, 509.28811999999925]","[-1667.08913, -2784.24643, 387.42311999999947, 441.96176000000014]","[-1487.06788, -2726.1416, 720.085, 232.41932000000088]","[-1246.77513, -2701.84635, 961.1710000000003, 97.1810000000005]","[-1057.37329, -2623.40692, 757.6073600000007, 313.7577199999999]","[-846.57863, -2462.89339, 843.1786400000001, 642.0541199999989]","[-641.83429, -2342.90236, 818.9773599999999, 479.96412000000055]","[-410.1769, -2270.54339, 926.6295600000001, 289.4358800000009]","[-166.14838, -2196.47717, 976.11408, 296.2648799999988]","[37.45634, -2034.78125, 814.41888, 646.7836800000005]","[231.40905, -1812.85725, 775.8108400000001, 887.6959999999999]","[442.52734, -1655.71252, 844.4731599999999, 628.5789199999999]"
247,People,"[708.61912, -1496.47414, 0, 0]","[925.29909, -1309.81091, 866.7198800000001, 746.6529200000004]","[1142.01232, -1064.62893, 866.8529200000003, 980.7279199999994]","[1369.89258, -876.02875, 911.5210399999996, 754.4007200000005]","[1632.83199, -753.46903, 1051.7576399999998, 490.2388799999999]","[1883.04358, -624.70939, 1000.8463600000005, 515.03856]","[2107.89905, -430.91503, 899.4218799999999, 775.1774399999999]","[2351.54512, -227.76506, 974.584280000001, 812.59988]","[2612.13918, -121.56598, 1042.3762400000005, 424.79632000000043]","[2915.43291, -20.96329, 1213.1749199999995, 402.41076]","[3153.86412, 131.99467, 953.7248400000008, 611.83184]","[3414.66444, 347.06204, 1043.2012799999993, 860.26948]","[3660.8687, 478.42916, 984.8170399999999, 525.46848]","[3947.30237, 587.49649, 1145.7346799999996, 436.2693199999999]","[4190.87703, 714.88766, 974.2986399999991, 509.56467999999995]","[4401.47356, 905.10039, 842.3861200000028, 760.8509199999999]"
248,People,"[4591.87459, 1077.24902, 0, 0]","[4800.51521, 1137.88666, 834.5624799999969, 242.55055999999968]","[5057.83233, 1172.93369, 1029.2684800000025, 140.1881200000007]","[5274.45434, 1260.92822, 866.4880400000002, 351.97811999999976]","[5466.48177, 1353.92033, 768.1097200000004, 371.96843999999965]","[5681.89784, 1383.67942, 861.6642799999972, 119.03636000000006]","[5899.25688, 1393.85541, 869.4361600000011, 40.703959999999825]","[6034.9004, 1434.96529, 542.5740800000021, 164.4395200000008]","[6087.32314, 1476.98268, 209.6909600000001, 168.06956000000005]","[6103.45229, 1466.15285, 64.51659999999902, -43.319320000000516]","[6114.59011, 1450.43505, 44.55127999999968, -62.87119999999959]","[6113.15762, 1445.20702, -5.729960000000574, -20.91211999999996]","[6110.10479, 1453.27538, -12.211319999998523, 32.27343999999994]","[6100.98391, 1454.74322, -36.48352000000159, 5.871360000000095]","[6070.02319, 1451.53293, -123.84288000000015, -12.841159999999945]","[6043.86715, 1457.18757, -104.62415999999939, 22.61855999999989]"
249,People,"[6035.84664, 1424.18019, 0, 0]","[6034.75163, 1408.08794, -4.380040000000008, -64.3690000000006]","[6040.60335, 1398.45638, 23.406880000002275, -38.526239999999234]","[6069.34017, 1389.26829, 114.94728000000032, -36.75236000000041]","[6112.09626, 1374.19978, 171.02435999999943, -60.27404000000024]","[6135.69458, 1383.30157, 94.39328000000023, 36.40716000000066]","[6154.11727, 1400.39319, 73.69075999999768, 68.36647999999968]","[6152.44087, 1412.70251, -6.705599999997503, 49.23728000000028]","[6152.93132, 1418.03842, 1.9617999999973126, 21.343640000000068]","[6150.64934, 1426.43295, -9.127919999998994, 33.57811999999922]","[6112.12662, 1462.16828, -154.09087999999974, 142.94132000000081]","[6003.68991, 1534.93716, -433.7468399999998, 291.0755199999994]","[5782.2208, 1605.84915, -885.87644, 283.64796000000024]","[5569.61123, 1610.7126, -850.4382799999985, 19.45380000000023]","[5439.59211, 1572.75891, -520.0764800000034, -151.8147600000002]","[5331.62608, 1566.63118, -431.86411999999837, -24.510919999999714]"
250,People,"[5186.74777, 1617.54986, 0, 0]","[5023.85196, 1714.71297, -651.5832399999999, 388.65243999999984]","[4875.63688, 1737.89439, -592.8603199999998, 92.72567999999956]","[4689.17294, 1695.8064, -745.8557599999986, -168.35195999999996]","[4500.88982, 1653.78515, -753.1324800000002, -168.08500000000004]","[4289.27279, 1690.21935, -846.4681200000014, 145.73680000000058]","[4058.36472, 1782.01048, -923.6322799999998, 367.16451999999936]","[3833.75859, 1802.79, -898.4245200000005, 83.11808000000019]","[3563.66402, 1764.22575, -1080.37828, -154.25699999999975]","[3327.60217, 1782.33131, -944.2474000000002, 72.42223999999987]","[3085.9191, 1870.5118, -966.7322800000002, 352.72195999999985]","[2855.60773, 1939.98916, -921.2454799999996, 277.90944000000036]","[2621.972, 1930.63052, -934.5429199999999, -37.4345600000006]","[2350.46813, 1916.89472, -1086.01548, -54.943199999999706]","[2112.27456, 1996.57061, -952.7742800000015, 318.7035599999999]","[1850.68847, 2124.19343, -1046.3443599999991, 510.4912799999993]"
251,People,"[1582.01523, 2193.99039, 0, 0]","[1290.26831, 2204.72051, -1166.9876800000002, 42.92048000000068]","[1070.20459, 2225.15862, -880.2548799999995, 81.7524400000002]","[857.38075, 2327.10121, -851.2953600000001, 407.7703599999986]","[636.56095, 2444.47851, -883.2792, 469.5092000000004]","[421.99695, 2495.53992, -858.2560000000001, 204.245640000001]","[176.24844, 2494.83638, -982.9940400000002, -2.8141599999999016]","[-20.73318, 2549.51209, -787.92648, 218.70283999999992]","[-226.40245, 2664.12166, -822.6770800000006, 458.4382799999989]","[-417.83827, 2772.10165, -765.7432800000001, 431.9199600000011]","[-621.50144, 2805.44368, -814.6526799999999, 133.36811999999918]","[-821.0352, 2789.44651, -798.1350400000001, -63.98867999999857]","[-966.13212, 2850.03107, -580.3876799999998, 242.33823999999913]","[-1106.2697, 2960.45738, -560.5503200000003, 441.7052399999993]","[-1242.92557, 3070.42801, -546.6234800000002, 439.882520000001]","[-1358.02431, 3107.30067, -460.3949599999996, 147.49063999999998]"
252,People,"[-1435.82715, 3056.07388, 0, 0]","[-1527.38768, 3010.94598, -366.2421199999999, -180.51159999999982]","[-1580.07126, 3014.71878, -210.73431999999957, 15.091200000000754]","[-1617.33529, 3080.11669, -149.0561200000002, 261.59163999999873]","[-1653.56392, 3191.70542, -144.91452000000027, 446.35491999999977]","[-1725.34748, 3299.26668, -287.1342399999994, 430.2450400000016]","[-1798.57415, 3355.25807, -292.90668000000005, 223.96555999999873]","[-1880.65655, 3320.7061, -328.3296, -138.20787999999993]","[-1947.56558, 3236.62635, -267.63612000000035, -336.3189999999998]","[-2024.22297, 3189.52593, -306.6295600000003, -188.40168000000085]","[-2143.19725, 3220.91506, -475.89712000000054, 125.55652000000009]","[-2308.62844, 3291.35632, -661.7247599999992, 281.7650400000002]","[-2457.84077, 3311.18139, -596.8493199999994, 79.3002800000013]","[-2634.97881, 3275.25446, -708.5521600000011, -143.70772000000034]","[-2815.74776, 3213.67073, -723.0758000000005, -246.33492000000115]","[-2997.54257, 3213.61642, -727.1792399999995, -0.21723999999994703]"
253,People,"[-3227.70376, 3255.72002, 0, 0]","[-3432.55614, 3294.50023, -819.4095200000011, 155.1208399999996]","[-3536.21754, 3300.94884, -414.64559999999983, 25.794439999999668]","[-3581.9789, 3296.98141, -183.04543999999987, -15.869720000000598]","[-3576.36416, 3271.94964, 22.458959999999934, -100.1270800000002]","[-3545.57387, 3241.23046, 123.16115999999965, -122.87671999999839]","[-3531.90097, 3237.08174, 54.69160000000011, -16.594880000000558]","[-3526.17636, 3248.47122, 22.898440000000846, 45.557919999999285]","[-3566.60045, 3282.79264, -161.69636000000006, 137.28568000000098]","[-3617.66713, 3324.20005, -204.26671999999962, 165.6296399999992]","[-3639.19115, 3326.5532, -86.09608000000117, 9.412599999999657]","[-3645.97192, 3321.97504, -27.12307999999939, -18.3126400000001]","[-3651.57166, 3322.93837, -22.398960000000443, 3.853320000000167]","[-3656.58954, 3323.1656, -20.07151999999951, 0.9089199999998527]","[-3664.52357, 3325.23465, -31.736119999999573, 8.276200000000244]","[-3664.3699, 3311.63275, 0.6146799999987707, -54.40759999999864]"
254,People,"[-3657.79153, 3250.76511, 0, 0]","[-3613.40658, 3149.16044, 177.53980000000047, -406.41867999999886]","[-3500.84981, 3011.15086, 450.22707999999875, -552.0383199999997]","[-3399.84709, 2899.34414, 404.0108799999998, -447.22688000000016]","[-3336.025883333333, 2815.6896466666667, 255.2848266666697, -334.6179733333338]","[-3340.16897, 2738.26234, -16.572346666669546, -309.7092266666659]","[-3375.58904, 2646.55838, -141.68027999999867, -366.8158400000011]","[-3345.34553, 2518.71669, 120.97403999999915, -511.366759999999]","[-3211.50752, 2369.56297, 535.3520400000002, -596.6148800000016]","[-3051.82765, 2231.06562, 638.7194799999997, -553.9894000000004]","[-2954.36524, 2043.40817, 389.84964000000036, -750.6297999999997]","[-2894.30229, 1754.90102, 240.2518, -1154.0285999999996]","[-2770.29398, 1524.73618, 496.03324000000066, -920.6593599999997]","[-2571.40445, 1310.50362, 795.5581199999997, -856.9302400000006]","[-2423.00466, 1077.96614, 593.5991599999998, -930.1499199999998]","[-2322.92073, 771.52252, 400.33572000000095, -1225.77448]"
255,People,"[-2196.2905668421054, 491.4708752631579, 0, 0]","[-1996.08108, 235.208985, 800.8379473684217, -1025.0475610526314]","[-1783.20091, -46.0837, 851.5206799999996, -1125.17074]","[-1653.58312, -342.06851, 518.47116, -1183.93924]","[-1512.14438, -645.94342, 565.7549600000002, -1215.4996399999998]","[-1302.36581, -870.98543, 839.1142799999998, -900.16804]","[-1049.9438, -1092.42206, 1009.68804, -885.7465200000006]","[-890.32789, -1337.06897, 638.4636399999999, -978.5876399999997]","[-750.00454, -1600.87912, 561.2934000000005, -1055.240600000001]","[-565.66753, -1809.57734, 737.3480399999999, -834.79288]","[-335.40144, -2001.06592, 921.0643600000003, -765.9543199999998]","[-184.31292, -2187.51069, 604.35408, -745.7790800000002]","[-70.36103, -2419.42387, 455.80755999999997, -927.65272]","[48.18707, -2628.56442, 474.1924, -836.5622000000003]","[213.04565, -2826.74312, 659.43432, -792.7147999999997]","[347.43405, -3027.14247, 537.5536000000001, -801.5973999999987]"
256,People,"[409.73796, -3273.9282, 0, 0]","[442.89606, -3513.40963, 132.63239999999996, -957.9257200000011]","[491.6455, -3649.87268, 194.9977600000002, -545.8521999999994]","[524.01826, -3695.9694, 129.4910400000001, -184.38688000000002]","[534.00589, -3698.55303, 39.95051999999987, -10.334520000000339]","[535.01243, -3663.51812, 4.026159999999891, 140.13963999999942]","[541.79198, -3599.19152, 27.118199999999888, 257.3064000000013]","[546.94614, -3549.21125, 20.61664000000019, 199.92108000000007]","[552.13491, -3531.47101, 20.755079999999925, 70.96095999999858]","[554.08827, -3532.07039, 7.8134399999999005, -2.3975199999986216]","[533.82489, -3548.79654, -81.05351999999993, -66.90459999999985]","[518.78638, -3599.09923, -60.154039999999895, -201.21075999999994]","[484.93715, -3670.631, -135.39692000000014, -286.1270800000002]","[474.77083, -3736.83358, -40.66527999999994, -264.8103200000005]","[500.48832, -3775.64758, 102.86995999999999, -155.2559999999994]","[517.71741, -3782.12247, 68.91635999999994, -25.899559999999838]"
257,People,"[517.04107, -3793.50294, 0, 0]","[517.72664, -3799.88925, 2.742279999999937, -25.545240000001286]","[520.68945, -3804.65996, 11.851239999999962, -19.082839999999123]","[527.66324, -3810.53393, 27.895160000000033, -23.495880000000398]","[532.85646, -3814.2703, 20.772879999999986, -14.945480000000316]","[534.91068, -3811.26273, 8.216879999999946, 12.030280000000857]","[535.33483, -3805.45939, 1.6966000000002168, 23.21335999999974]","[539.38728, -3801.15582, 16.209800000000087, 17.214280000000144]","[544.55767, -3782.68688, 20.681560000000008, 73.87575999999906]","[605.09242, -3743.64814, 242.13899999999967, 156.15496000000167]","[764.82004, -3577.48654, 638.91048, 664.6463999999996]","[878.99086, -3362.17372, 456.6832800000002, 861.2512800000004]","[913.37096, -3265.79973, 137.52039999999988, 385.4959599999984]","[967.33051, -3250.47741, 215.83820000000014, 61.28928000000087]","[1000.93758, -3238.24339, 134.4282800000001, 48.93607999999949]","[987.77121, -3202.85723, -52.665480000000116, 141.54464000000007]"
258,People,"[968.68543, -3143.11101, 0, 0]","[1002.17709, -3090.66582, 133.9666400000001, 209.78075999999965]","[1099.09066, -3037.57156, 387.6542800000002, 212.37704000000122]","[1164.45676, -2985.8765, 261.46439999999984, 206.78024000000005]","[1157.89497, -2859.44714, -26.247159999999894, 505.71743999999853]","[1075.0408, -2638.23867, -331.41668000000027, 884.8338800000001]","[1020.54206, -2406.44391, -217.99496, 927.1790400000009]","[1061.88685, -2144.3309, 165.3791600000004, 1048.4520400000001]","[1092.62343, -1871.99651, 122.94632000000013, 1089.3375600000008]","[1031.96089, -1590.09144, -242.65016000000014, 1127.62028]","[956.28347, -1273.35485, -302.7096800000004, 1266.94636]","[985.72096, -980.22357, 117.7499600000001, 1172.5251199999998]","[1035.40306, -663.43211, 198.72840000000042, 1267.1658400000001]","[999.45494, -398.17073, -143.79248000000052, 1061.04552]","[925.89144, -77.53057, -294.2539999999999, 1282.56064]","[922.80656, 205.56821, -12.339519999999993, 1132.39512]"
259,People,"[962.36801, 513.88089, 0, 0]","[941.61479, 783.17461, -83.01288000000022, 1077.17488]","[837.80625, 1066.5102, -415.23416, 1133.3423599999996]","[742.11145, 1337.72197, -382.77919999999995, 1084.8470800000005]","[722.61056, 1606.19218, -78.0035600000001, 1073.8808399999998]","[707.16966, 1862.20303, -61.76359999999977, 1024.0433999999996]","[626.14431, 2107.17068, -324.1014, 979.8706000000011]","[512.3495, 2336.97015, -455.17923999999994, 919.1978799999997]","[471.65634, 2538.66946, -162.77264000000028, 806.7972400000006]","[466.22575, 2758.87489, -21.72235999999998, 880.8217199999999]","[429.99418, 2965.87035, -144.92628000000013, 827.9818400000004]","[328.4712, 3182.25792, -406.09191999999985, 865.5502799999995]","[244.99404, 3349.14838, -333.90864, 667.5618400000003]","[235.26852, 3427.2448, -38.90208000000007, 312.3856799999994]","[232.83764, 3449.06239, -9.723520000000008, 87.27036000000044]","[226.08985, 3460.62177, -26.991159999999923, 46.237520000000586]"
260,People,"[226.79687, 3469.61775, 0, 0]","[228.28065, 3475.43206, 5.9351199999999835, 23.25724000000082]","[233.98568, 3478.35382, 22.820119999999974, 11.687039999998888]","[243.79904, 3479.50577, 39.253439999999955, 4.607800000001589]","[249.14608, 3473.87591, 21.388160000000084, -22.51944000000003]","[252.18526, 3466.56842, 12.15671999999995, -29.229960000000574]","[258.86216, 3455.20545, 26.70760000000007, -45.45188000000053]","[271.28238, 3433.1799, 49.68087999999989, -88.10219999999936]","[276.4234, 3410.09647, 20.56408000000012, -92.33372000000062]","[278.45744, 3394.1871, 8.136160000000018, -63.637479999999414]","[278.78824, 3393.94475, 1.3231999999998152, -0.9693999999999505]","[278.67332, 3411.78507, -0.4596799999999348, 71.36127999999917]","[257.18137, 3452.73346, -85.9677999999999, 163.79356000000007]","[249.59349, 3487.03694, -30.35152000000005, 137.21392000000014]","[264.66489, 3486.36428, 60.285600000000045, -2.6906400000007125]","[265.85611, 3484.07776, 4.764879999999948, -9.14607999999862]"
261,People,"[266.07741, 3478.15232, 0, 0]","[279.27066, 3477.10341, 52.77300000000014, -4.195639999999912]","[310.69138, 3436.93681, 125.68287999999984, -160.66640000000007]","[318.4462, 3359.65951, 31.01927999999998, -309.1092000000008]","[341.47123, 3281.4648, 92.10012000000006, -312.77883999999904]","[353.0531, 3150.2734, 46.32747999999992, -524.7656000000006]","[367.30335, 3066.59877, 57.001000000000204, -334.6985199999999]","[404.94803, 3074.25831, 150.57871999999998, 30.638160000000425]","[455.36173, 3111.8255, 201.6548000000002, 150.26875999999916]","[474.72656, 3142.34025, 77.45931999999993, 122.0590000000011]","[461.73608, 3150.32392, -51.961919999999964, 31.93467999999848]","[385.89767, 3117.02218, -303.35364000000004, -133.20695999999953]","[261.92644, 3051.90901, -495.88491999999997, -260.4526800000003]","[149.93097, 2983.49359, -447.98188000000005, -273.66167999999925]","[94.77071, 2912.81536, -220.64104000000003, -282.71291999999994]","[90.14306, 2781.06238, -18.510599999999954, -527.0119200000008]"
262,People,"[128.62885, 2621.01621, 0, 0]","[113.61206, 2498.32171, -60.06716, -490.7779999999984]","[34.45772, 2374.06364, -316.61735999999996, -497.03228000000126]","[-100.3993, 2209.66528, -539.42808, -657.5934399999987]","[-170.85442, 2040.90151, -281.82048000000003, -675.055080000001]","[-170.00949, 1827.06724, 3.3797200000000203, -855.3370799999993]","[-165.62858, 1614.6996, 17.52364, -849.4705600000007]","[-229.25042, 1428.14966, -254.48735999999997, -746.1997599999995]","[-351.41901, 1219.00382, -488.67436000000055, -836.5833600000013]","[-402.57452, 1024.74246, -204.62203999999997, -777.0454399999999]","[-385.65642, 792.10916, 67.67239999999993, -930.5331999999999]","[-359.69032, 551.96849, 103.86440000000016, -960.56268]","[-400.11397, 328.0271, -161.69460000000004, -895.7655599999998]","[-471.18509, 77.72669, -284.28448000000003, -1001.20164]","[-467.22861, -163.80025, 15.825919999999996, -966.1077600000001]","[-380.86789, -433.9758, 345.44288000000006, -1080.7022]"
263,People,"[-339.74889, -666.89628, 0, 0]","[-362.23958, -922.4525, -89.96275999999989, -1022.2248799999998]","[-384.89033, -1160.64193, -90.60300000000007, -952.7577200000001]","[-322.19143, -1390.15855, 250.79559999999992, -918.0664800000004]","[-211.26238, -1636.41656, 443.7162000000001, -985.0320399999991]","[-158.1744, -1872.52653, 212.35192000000006, -944.4398800000008]","[-123.43289, -2138.32383, 138.96603999999996, -1063.189199999999]","[-65.30239, -2365.56613, 232.522, -908.9692000000014]","[61.4963, -2554.69689, 507.19476000000043, -756.5230400000007]","[216.11387, -2728.19938, 618.47028, -694.0099599999994]","[287.80564, -2980.18004, 286.76707999999996, -1007.9226400000007]","[378.169, -3327.79273, 361.45344, -1390.4507599999997]","[479.16449, -3578.50561, 403.9819600000001, -1002.8515200000002]","[533.89727, -3691.53374, 218.9311200000002, -452.11251999999877]","[556.82125, -3726.1116, 91.69591999999966, -138.3114400000013]","[568.63323, -3732.9812, 47.24792000000025, -27.478399999999965]"
264,People,"[566.62665, -3734.3823, 0, 0]","[550.18029, -3725.37236, -65.78544000000011, 36.03976000000148]","[531.0898, -3729.68898, -76.36196000000018, -17.26648000000023]","[516.06463, -3736.053, -60.10068000000001, -25.45607999999993]","[505.90025, -3732.40818, -40.65751999999975, 14.579279999999926]","[494.5678, -3708.49853, -45.329800000000205, 95.63860000000022]","[483.70774, -3637.01965, -43.4402399999999, 285.91551999999865]","[458.84943, -3477.71416, -99.43324000000007, 637.2219600000008]","[418.39516, -3296.27116, -161.81708000000017, 725.7720000000015]","[415.26684, -3150.43817, -12.513279999999895, 583.3319599999995]","[413.50442, -3096.07449, -7.04968000000008, 217.45471999999972]","[451.37937, -3161.46592, 151.49980000000005, -261.5657200000005]","[559.55229, -3203.38732, 432.6916799999999, -167.68559999999889]","[538.37493, -3211.16709, -84.70944000000009, -31.119080000000395]","[497.68342, -3185.6247, -162.76603999999975, 102.16956000000027]","[469.67134, -3162.8321, -112.0483200000001, 91.17039999999906]"
265,People,"[446.96693, -3164.16532, 0, 0]","[436.03738, -3162.18152, -43.718200000000024, 7.935199999999895]","[427.59556, -3166.29997, -33.76728000000003, -16.473799999999756]","[408.5882, -3191.83277, -76.02944000000002, -102.13119999999981]","[385.51919, -3215.35918, -92.27603999999997, -94.10563999999977]","[370.90252, -3224.10945, -58.46668, -35.00108]","[362.75023, -3222.79145, -32.609159999999974, 5.271999999999025]","[352.17496, -3225.40151, -42.301079999999956, -10.440239999999903]","[350.11613, -3225.38396, -8.235320000000009, 0.07020000000011356]","[355.25175, -3214.3908, 20.54248000000007, 43.972639999999956]","[358.75984, -3207.03242, 14.032359999999926, 29.4335200000005]","[364.80624, -3208.20035, 24.185600000000022, -4.671720000000278]","[384.19462, -3211.68122, 77.55351999999993, -13.923479999999472]","[396.71283, -3202.1397, 50.07284000000004, 38.166079999999056]","[406.91071, -3202.97878, 40.79151999999999, -3.3563199999989592]","[427.54028, -3184.24733, 82.51828, 74.92579999999907]"
266,People,"[425.91046, -3180.34537, 0, 0]","[426.47422, -3185.05643, 2.255040000000008, -18.844240000000354]","[427.62531, -3187.78739, 4.604360000000042, -10.923839999999473]","[409.82533, -3193.54872, -71.19992000000002, -23.045319999999265]","[374.00032, -3211.62596, -143.30004000000008, -72.3089600000003]","[357.4327, -3222.8388, -66.2704799999999, -44.85136000000057]","[359.17954, -3223.29655, 6.987359999999853, -1.831000000000131]","[368.13967, -3221.261, 35.8405200000002, 8.14220000000023]","[376.71527, -3221.02383, 34.302399999999835, 0.9486799999995137]","[379.04993, -3219.81593, 9.338640000000169, 4.831599999999526]","[379.09437, -3219.31387, 0.17776000000003478, 2.008240000001024]","[377.82899, -3218.85551, -5.0615200000002005, 1.833440000000337]","[377.51127, -3220.51535, -1.2708799999998064, -6.639360000001034]","[374.92882, -3223.95454, -10.329800000000205, -13.756760000000213]","[369.17665, -3231.22228, -23.008679999999913, -29.070959999999104]","[367.05665, -3237.38138, -8.480000000000018, -24.636399999999412]"
267,People,"[368.72467, -3240.79247, 0, 0]","[370.86471, -3242.94889, 8.560159999999996, -8.625680000001012]","[371.81797, -3244.10944, 3.813040000000001, -4.64220000000023]","[371.3474, -3242.81058, -1.882280000000037, 5.1954400000013266]","[369.77252, -3241.54172, -6.2995200000000295, 5.075439999998707]","[368.03565, -3242.38178, -6.947480000000041, -3.360239999999976]","[366.76157, -3241.5813, -5.096319999999878, 3.201920000001337]","[366.21006, -3240.98582, -2.20604000000003, 2.381919999999809]","[368.9485, -3239.95024, 10.953760000000111, 4.142319999999021]","[371.44732, -3239.82314, 9.995279999999866, 0.5084000000006199]","[371.90253, -3240.68887, 1.8208400000000893, -3.46291999999994]","[370.87665, -3240.12223, -4.103520000000117, 2.2665600000000268]","[369.30763, -3240.65264, -6.276079999999865, -2.1216399999993882]","[364.10184, -3238.86161, -20.823160000000144, 7.164119999999457]","[354.49617, -3224.88047, -38.4226799999999, 55.924559999999474]","[332.55755, -3212.09157, -87.75448000000006, 51.15560000000005]"
268,People,"[315.30311, -3202.67264, 0, 0]","[311.14653, -3199.1081, -16.626320000000078, 14.258159999999407]","[320.9472, -3200.49031, 39.2026800000001, -5.528840000000855]","[328.97016, -3207.06421, 32.09184000000005, -26.295599999999467]","[334.01311, -3211.38926, 20.17179999999985, -17.300199999999677]","[337.48411, -3213.22408, 13.884000000000015, -7.339280000000144]","[337.98039, -3213.97139, 1.9851200000000517, -2.989240000000791]","[337.44619, -3212.26823, -2.136799999999994, 6.812640000000101]","[338.00038, -3208.88469, 2.216760000000024, 13.534160000001078]","[338.10576, -3205.78621, 0.4215199999998731, 12.393919999998616]","[337.74348, -3200.50562, -1.4491199999999935, 21.12236000000121]","[338.65872, -3181.91388, 3.660960000000159, 74.36695999999938]","[337.8691, -3145.56718, -3.158480000000054, 145.38680000000022]","[355.81795, -3116.60979, 71.79539999999997, 115.82956000000013]","[431.93595, -3120.62791, 304.472, -16.072480000000724]","[536.54664, -3163.63602, 418.44276000000013, -172.03243999999904]"
269,People,"[620.14922, -3194.7011, 0, 0]","[637.9161, -3204.77659, 71.06752000000006, -40.30195999999887]","[639.99739, -3187.35575, 8.325159999999869, 69.68335999999908]","[651.85661, -3167.80138, 47.4368800000002, 78.21748000000116]","[669.6702, -3167.8035, 71.2543599999999, -0.008480000000417931]","[684.54748, -3187.32954, 59.50911999999971, -78.10416000000077]","[714.40686, -3183.59144, 119.4375200000004, 14.952400000000125]","[770.14166, -3113.03244, 222.9391999999998, 282.2360000000008]","[829.99629, -2975.09757, 239.41852000000037, 551.7394800000006]","[899.76125, -2814.36591, 279.0598399999999, 642.9266399999997]","[1000.61471, -2710.13615, 403.4138399999997, 416.9190400000007]","[1236.21014, -2647.11785, 942.3817199999999, 252.0731999999989]","[1478.9953, -2590.54469, 971.1406400000005, 226.29263999999966]","[1662.58992, -2477.45302, 734.3784799999994, 452.366680000001]","[1865.46895, -2315.417, 811.5161200000002, 648.14408]","[2047.55945, -2226.33943, 728.3620000000001, 356.3102799999997]"
270,People,"[2262.21566, -2187.85047, 0, 0]","[2481.23209, -2130.64672, 876.0657200000005, 228.8149999999987]","[2703.38419, -2009.02998, 888.608400000001, 486.46696000000065]","[2918.48714, -1877.69581, 860.4117999999999, 525.3366800000003]","[3118.41395, -1839.78437, 799.7072399999997, 151.64575999999943]","[3358.19013, -1853.86642, 959.1047199999994, -56.328199999999924]","[3573.02909, -1841.12927, 859.3558400000002, 50.948600000000624]","[3821.2416, -1812.44142, 992.8500399999994, 114.7513999999992]","[3990.63287, -1844.38953, 677.5650800000009, -127.79243999999937]","[4113.58762, -1986.59317, 491.8190000000013, -568.8145600000007]","[4223.21192, -2125.03588, 438.497199999998, -553.7708399999992]","[4329.86116, -2217.9484, 426.5969600000026, -371.65008000000125]","[4470.87667, -2272.66537, 564.0620399999971, -218.8678799999998]","[4512.98616, -2298.02997, 168.43796000000293, -101.45839999999953]","[4499.16621, -2340.89787, -55.27980000000025, -171.47159999999894]","[4421.18577, -2347.56882, -311.9217600000011, -26.6838000000007]"
271,People,"[4347.14435, -2402.77457, 0, 0]","[4364.92674, -2526.24592, 71.12956000000122, -493.8853999999992]","[4392.94391, -2644.33092, 112.06868000000031, -472.34000000000015]","[4408.01674, -2728.15393, 60.29132000000027, -335.29204000000027]","[4408.95641, -2754.58796, 3.7586799999990035, -105.73611999999957]","[4408.58282, -2743.71331, -1.4943600000005972, 43.49859999999899]","[4382.9879, -2721.90579, -102.37967999999819, 87.23008000000118]","[4323.43432, -2640.80703, -238.21431999999913, 324.3950399999994]","[4263.17988, -2507.53563, -241.01776000000268, 533.0856000000008]","[4220.43958, -2413.73346, -170.96119999999792, 375.20867999999973]","[4185.44321, -2386.64379, -139.98547999999937, 108.35867999999937]","[4162.75075, -2453.78012, -90.76984000000084, -268.54531999999926]","[4135.35157, -2563.4633, -109.59672000000137, -438.73272]","[4105.3384, -2627.12729, -120.05268000000069, -254.65596000000005]","[4089.75231, -2667.14911, -62.34435999999914, -160.08727999999974]","[4071.56583, -2689.25305, -72.74591999999939, -88.41575999999986]"
272,People,"[4055.50933, -2688.31153, 0, 0]","[4011.55414, -2649.67438, -175.8207599999987, 154.54860000000008]","[3972.10161, -2547.17101, -157.8101200000001, 410.0134799999996]","[3944.01971, -2393.13027, -112.32760000000053, 616.1629599999997]","[3950.4028, -2283.24422, 25.532359999999244, 439.5442000000003]","[3939.50989, -2237.04536, -43.571640000000116, 184.79543999999987]","[3886.97427, -2263.68815, -210.1424799999986, -106.57115999999951]","[3808.14422, -2303.12673, -315.3202000000001, -157.75432]","[3746.53455, -2306.99889, -246.43868000000134, -15.488639999999592]","[3644.61424, -2256.6355, -407.6812399999999, 201.45355999999992]","[3486.72675, -2124.04781, -631.5499600000003, 530.3507599999994]","[3357.56562, -1993.45918, -516.6445199999998, 522.3545199999999]","[3216.45157, -1933.73404, -564.4561999999987, 238.90056000000004]","[3024.84872, -1953.50609, -766.4114000000009, -79.08820000000014]","[2851.74003, -1986.84401, -692.4347600000001, -133.35167999999976]","[2668.64929, -1964.48759, -732.3629600000004, 89.42568000000028]"
273,People,"[2454.04968, -1883.67577, 0, 0]","[2282.40613, -1811.19274, -686.5742000000009, 289.9321200000004]","[2188.60912, -1730.1411, -375.1880399999991, 324.2065599999996]","[2126.72642, -1600.74465, -247.53080000000045, 517.5857999999998]","[2012.84504, -1446.62934, -455.52552000000014, 616.4612400000005]","[1887.5919, -1382.17123, -501.0125600000001, 257.83244000000013]","[1703.90477, -1395.41431, -734.7485199999992, -52.972319999999854]","[1523.08569, -1455.16436, -723.2763199999999, -239.0002000000004]","[1364.51216, -1454.10967, -634.294120000001, 4.218759999999751]","[1171.81762, -1416.57652, -770.7781599999998, 150.1325999999999]","[1028.3929, -1381.28717, -573.6988799999999, 141.15740000000005]","[898.14061, -1402.81311, -521.0091600000001, -86.10375999999997]","[765.68404, -1495.20203, -529.8262800000002, -369.5556799999995]","[656.87058, -1545.7668, -435.25383999999985, -202.25908000000072]","[514.46906, -1556.60065, -569.60608, -43.335399999999936]","[346.59351, -1503.29062, -671.5022000000001, 213.2401200000004]"
274,People,"[183.34419, -1435.5508, 0, 0]","[26.56672, -1407.71482, -627.10988, 111.34392000000025]","[-124.89626, -1449.68847, -605.85192, -167.89460000000054]","[-252.51926, -1477.73663, -510.492, -112.19264000000021]","[-346.29322, -1464.78673, -375.09584000000007, 51.79960000000028]","[-392.87829, -1425.17536, -186.3402799999999, 158.44548000000032]","[-408.16274, -1391.66598, -61.13779999999997, 134.03751999999986]","[-422.02418, -1381.06159, -55.445760000000064, 42.41755999999987]","[-458.90357, -1445.39964, -147.51756000000015, -257.3522000000005]","[-459.60208, -1561.17178, -2.7940399999999954, -463.08855999999923]","[-469.39892, -1642.3513, -39.1873599999999, -324.71808000000055]","[-528.18799, -1674.72906, -235.15628000000015, -129.5110399999994]","[-652.20576, -1658.42827, -496.07108000000017, 65.20315999999912]","[-784.43086, -1608.62068, -528.9004, 199.23036000000047]","[-884.21887, -1588.8595, -399.15203999999994, 79.04471999999987]","[-991.16623, -1602.69295, -427.78944, -55.33380000000034]"
275,People,"[-1094.98998, -1645.63488, 0, 0]","[-1218.5242, -1693.95619, -494.13688, -193.28524000000016]","[-1305.21182, -1664.74339, -346.7504799999997, 116.85120000000006]","[-1398.69579, -1617.01067, -373.93588, 190.9308800000008]","[-1457.12715, -1544.82538, -233.72544000000016, 288.7411599999996]","[-1519.3942, -1489.63168, -249.0681999999997, 220.77480000000014]","[-1561.02328, -1463.20999, -166.51632000000063, 105.6867599999996]","[-1617.89909, -1486.80988, -227.5032399999991, -94.39955999999984]","[-1671.56149, -1552.51408, -214.64960000000085, -262.81679999999983]","[-1743.75113, -1616.12083, -288.7585600000002, -254.4270000000006]","[-1835.58213, -1632.81771, -367.3239999999996, -66.78751999999986]","[-1934.89492, -1608.64754, -397.2511599999998, 96.6806800000004]","[-2003.20107, -1546.59242, -273.22460000000046, 248.22047999999995]","[-2076.7902, -1517.29206, -294.35651999999936, 117.20143999999982]","[-2170.97129, -1549.5775, -376.72436000000016, -129.14176000000043]","[-2220.83621, -1614.44588, -199.45967999999993, -259.47351999999955]"
276,People,"[-2285.92856, -1646.74273, 0, 0]","[-2384.69346, -1582.39022, -395.0596000000005, 257.41003999999975]","[-2471.45181, -1472.85939, -347.03340000000026, 438.1233199999997]","[-2531.44878, -1396.55031, -239.9878800000006, 305.23632]","[-2565.52931, -1349.64088, -136.3221199999989, 187.63772000000063]","[-2591.62718, -1318.59786, -104.39148000000023, 124.17207999999937]","[-2609.85159, -1306.94478, -72.89764000000105, 46.61232000000018]","[-2636.70982, -1307.90577, -107.43291999999929, -3.843960000000152]","[-2633.57448, -1304.74803, 12.541359999999269, 12.630960000000425]","[-2632.37573, -1292.86267, 4.795000000000073, 47.541439999999966]","[-2653.07994, -1287.4383, -82.8168399999995, 21.697479999999814]","[-2702.39707, -1317.63617, -197.26851999999963, -120.79147999999986]","[-2746.65202, -1383.17964, -177.01980000000003, -262.1738800000003]","[-2797.15185, -1442.07728, -201.9993200000008, -235.59055999999964]","[-2831.05014, -1470.24655, -135.59315999999853, -112.67708000000039]","[-2873.37081, -1454.48968, -169.28268000000025, 63.02748000000065]"
277,People,"[-2924.61109, -1402.74243, 0, 0]","[-2962.99418, -1372.30689, -153.53236000000106, 121.74215999999979]","[-2948.06143, -1351.81671, 59.73099999999977, 81.96072000000004]","[-2927.58194, -1356.6032, 81.91796000000068, -19.145959999999832]","[-2919.15937, -1365.07653, 33.69028000000071, -33.89332000000013]","[-2929.98677, -1364.93161, -43.3096000000005, 0.5796799999998257]","[-2940.60145, -1360.50427, -42.45872000000054, 17.709360000000743]","[-2960.90377, -1364.32505, -81.20927999999913, -15.283120000000054]","[-2916.37683, -1377.46569, 178.10775999999913, -52.56256000000035]","[-2874.52665, -1426.73382, 167.40072000000146, -197.0725199999997]","[-2848.53373, -1471.74025, 103.97167999999874, -180.02572000000055]","[-2822.84097, -1486.20299, 102.77103999999963, -57.85095999999976]","[-2828.6595, -1496.30394, -23.27412000000004, -40.40380000000005]","[-2891.9747, -1492.18244, -253.26080000000002, 16.485999999999876]","[-3014.08622, -1432.31885, -488.4460799999997, 239.45435999999972]","[-3141.63821, -1326.42124, -510.20795999999973, 423.59044000000085]"
278,People,"[-3241.11994, -1258.03086, 0, 0]","[-3376.62388, -1251.00832, -542.0157600000002, 28.09016000000065]","[-3518.82455, -1291.33831, -568.8026799999989, -161.31996000000072]","[-3640.90318, -1261.23055, -488.3145199999999, 120.4310400000004]","[-3770.68732, -1162.22399, -519.1365600000008, 396.02624000000014]","[-3884.28895, -1061.78467, -454.40652000000046, 401.7572799999998]","[-4003.16689, -1030.76961, -475.5117599999994, 124.0602399999998]","[-4111.79015, -1063.96917, -434.4930399999994, -132.79824000000008]","[-4251.95611, -1075.08481, -560.6638400000015, -44.46255999999998]","[-4270.067910179063, -1068.9879987878787, -72.44720071625125, 24.387244848485352]","[-4274.558649504132, -1065.9948018181817, -17.962957300274866, 11.97278787878804]","[-4279.049388829201, -1063.0016048484847, -17.962957300278504, 11.97278787878804]","[-4283.54012815427, -1060.008407878788, -17.962957300274866, 11.97278787878713]","[-4288.030867479339, -1057.015210909091, -17.962957300274866, 11.97278787878804]","[-4292.521606804407, -1054.022013939394, -17.962957300274866, 11.97278787878804]","[-4297.012346129476, -1051.028816969697, -17.962957300274866, 11.97278787878804]"
279,People,"[-4301.503085454545, -1048.03562, 0, 0]","[-4305.993824779614, -1045.0424230303029, -17.962957300278504, 11.97278787878895]","[-4310.484564104683, -1042.049226060606, -17.962957300274866, 11.97278787878713]","[-4314.975303429752, -1039.056029090909, -17.962957300274866, 11.97278787878804]","[-4319.466042754821, -1036.062832121212, -17.962957300274866, 11.97278787878804]","[-4323.956782079889, -1033.069635151515, -17.962957300274866, 11.97278787878804]","[-4328.447521404958, -1030.076438181818, -17.962957300274866, 11.97278787878804]","[-4332.938260730028, -1027.0832412121213, -17.962957300278504, 11.97278787878713]","[-4337.429000055096, -1024.0900442424245, -17.96295730027488, 11.972787878787141]","[-4341.919739380165, -1021.0968472727272, -17.962957300274866, 11.97278787878895]","[-4346.410478705234, -1018.1036503030302, -17.962957300274866, 11.97278787878804]","[-4350.901218030303, -1015.1104533333332, -17.962957300278504, 11.97278787878804]","[-4355.391957355372, -1012.1172563636364, -17.962957300274866, 11.97278787878713]","[-4359.882696680441, -1009.1240593939394, -17.962957300274866, 11.97278787878804]","[-4364.37343600551, -1006.1308624242424, -17.962957300274866, 11.97278787878804]","[-4368.864175330578, -1003.1376654545454, -17.962957300274866, 11.97278787878804]"
280,People,"[-4373.354914655647, -1000.1444684848484, 0, 0]","[-4377.845653980716, -997.1512715151516, -17.962957300274866, 11.97278787878713]","[-4382.336393305785, -994.1580745454544, -17.962957300278504, 11.97278787878895]","[-4386.827132630854, -991.1648775757576, -17.962957300274866, 11.97278787878713]","[-4391.317871955923, -988.1716806060606, -17.962957300274866, 11.97278787878804]","[-4395.808611280992, -985.1784836363636, -17.962957300278504, 11.97278787878804]","[-4237.98559, -874.44719, 631.2920851239687, 442.9251745454544]","[-4067.59385, -782.89508, 681.5669600000001, 366.2084399999999]","[-3914.40933, -727.95422, 612.7380800000016, 219.76344000000037]","[-3764.01726, -742.58754, 601.5682799999995, -58.533280000000104]","[-3537.96588, -818.32034, 904.2055199999995, -302.9312]","[-3318.96388, -884.23868, 876.0080000000016, -263.67336000000023]","[-3067.7548, -879.55098, 1004.8363199999985, 18.750800000000254]","[-2781.47393, -872.64549, 1145.1234800000002, 27.621959999999945]","[-2517.99802, -960.82911, 1053.9036400000005, -352.7344800000001]","[-2214.44385, -1079.85679, 1214.2166799999995, -476.11072000000013]"
281,People,"[-1916.65342, -1100.4048, 0, 0]","[-1566.43737, -1098.32396, 1400.8642, 8.32336000000032]","[-1270.51433, -1185.38003, 1183.6921600000005, -348.22428000000036]","[-951.94909, -1309.36988, 1274.26096, -495.95939999999973]","[-642.23781, -1343.34873, 1238.84512, -135.91539999999986]","[-291.1984, -1331.59384, 1404.15764, 47.01955999999973]","[28.06243, -1374.88986, 1277.04332, -173.18408]","[359.46219, -1468.62813, 1325.59904, -374.9530800000002]","[671.85485, -1510.57454, 1249.5706400000013, -167.7856400000002]","[1013.32507, -1477.33765, 1365.8808799999997, 132.94756000000052]","[1337.80564, -1479.35589, 1297.9222800000002, -8.072960000000421]","[1653.5324, -1544.96211, 1262.90704, -262.4248799999996]","[1986.45447, -1589.41627, 1331.6882799999994, -177.81664]","[2322.69034, -1553.39419, 1344.9434800000008, 144.08831999999984]","[2665.48711, -1512.69545, 1371.1870799999997, 162.79496000000017]","[2982.24498, -1552.9013, 1267.0314799999996, -160.82340000000022]"
282,People,"[3323.72233, -1613.23701, 0, 0]","[3647.11367, -1582.17437, 1293.5653600000005, 124.2505600000004]","[3980.50013, -1530.70488, 1333.5458399999989, 205.8779599999998]","[4268.15772, -1566.2917, 1150.630360000001, -142.34727999999996]","[4590.33762, -1650.96023, 1288.7196000000004, -338.6741199999997]","[4895.8182, -1673.2178, 1221.9223199999979, -89.03027999999995]","[5203.89955, -1647.33607, 1232.3254000000015, 103.52691999999934]","[5440.59456, -1685.43672, 946.7800399999978, -152.40259999999944]","[5678.40754, -1813.97798, 951.2519200000032, -514.1650400000003]","[5915.18037, -1950.15035, 947.0913199999995, -544.68948]","[6105.15924, -2007.90936, 759.9154799999997, -231.03604000000087]","[6255.71573, -2036.83971, 602.2259599999998, -115.72139999999945]","[6331.82586, -2074.36716, 304.4405200000001, -150.10979999999927]","[6365.20308, -2110.2202, 133.50888000000123, -143.41216000000168]","[6341.16436, -2126.41726, -96.15488000000187, -64.78823999999986]","[6288.17572, -2084.43945, -211.9545599999983, 167.91124000000127]"
283,People,"[6259.39507, -2015.93733, 0, 0]","[6236.38236, -1972.66481, -92.05083999999988, 173.09007999999994]","[6237.0255, -1964.5744, 2.5725600000005215, 32.36164000000008]","[6299.37175, -1972.11238, 249.38500000000204, -30.151920000000246]","[6362.70088, -2069.88312, 253.3165200000003, -391.08295999999973]","[6390.25761, -2243.63322, 110.22691999999734, -695.0004000000008]","[6413.84845, -2356.36382, 94.36336000000301, -450.92239999999947]","[6446.08594, -2367.31822, 128.9499599999981, -43.81760000000031]","[6477.86312, -2305.0079, 127.10872000000029, 249.24128000000042]","[6439.42441, -2185.22594, -153.75484000000142, 479.127840000001]","[6250.93277, -2038.96507, -753.9665599999971, 585.0434799999994]","[5944.86913, -1967.46765, -1224.2545600000012, 285.9896799999997]","[5718.79583, -1939.14445, -904.2932000000001, 113.29280000000017]","[5600.29389, -1893.03763, -474.0077600000004, 184.42727999999988]","[5523.06732, -1851.02263, -308.90627999999924, 168.0600000000004]","[5381.0215, -1845.219, -568.1832800000011, 23.21451999999954]"
284,People,"[5177.74812, -1851.73401, 0, 0]","[5015.93818, -1803.02494, -647.2397600000004, 194.83627999999953]","[4828.28396, -1665.97941, -750.6168800000014, 548.1821200000004]","[4627.21696, -1527.67045, -804.268, 553.2358399999994]","[4373.8005, -1426.54692, -1013.6658399999978, 404.4941200000003]","[4100.36423, -1322.90137, -1093.7450800000006, 414.58219999999983]","[3871.71601, -1161.05585, -914.5928800000002, 647.3820800000003]","[3625.08942, -962.36007, -986.5063600000012, 794.78312]","[3374.10314, -840.10316, -1003.9451199999994, 489.02764000000025]","[3064.05726, -740.13885, -1240.1835200000005, 399.8572399999998]","[2840.79174, -584.48367, -893.0620799999997, 622.6207200000003]","[2603.69965, -364.9, -948.3683600000004, 878.3346799999999]","[2375.87536, -210.4372, -911.2971600000001, 617.8512]","[2082.75809, -80.28918, -1172.4690800000008, 520.5920799999999]","[1825.42296, 62.25375, -1029.3405199999988, 570.17172]","[1593.9009, 256.2021, -926.08824, 775.7933999999999]"
285,People,"[1355.35376, 456.46457, 0, 0]","[1082.20536, 592.31987, -1092.5936000000002, 543.4212000000002]","[802.57395, 711.58049, -1118.5256399999998, 477.04248000000007]","[589.45507, 881.82641, -852.47552, 680.9836799999998]","[352.5847, 1083.94636, -947.4814799999999, 808.4797999999996]","[74.6977, 1211.02448, -1111.548, 508.3124800000005]","[-234.439, 1309.04847, -1236.5468, 392.09595999999965]","[-460.05847, 1447.39665, -902.47788, 553.3927199999998]","[-710.75485, 1640.05324, -1002.785520000001, 770.6263600000009]","[-958.7704, 1770.21881, -992.0621999999998, 520.6622800000005]","[-1269.73814, 1863.01341, -1243.8709599999997, 371.1783999999998]","[-1518.3182, 1973.92833, -994.32024, 443.65967999999975]","[-1733.89625, 2147.20084, -862.3122000000003, 693.09004]","[-1959.30932, 2323.8358, -901.6522800000002, 706.5398399999995]","[-2218.99161, 2433.56569, -1038.7291599999999, 438.9195600000003]","[-2467.37509, 2501.29369, -993.5339199999999, 270.91200000000026]"
286,People,"[-2649.66415, 2620.34503, 0, 0]","[-2835.27793, 2782.10917, -742.4551200000005, 647.0565600000009]","[-3024.86701, 2884.92052, -758.356319999999, 411.2453999999998]","[-3213.04587, 2957.7389, -752.71544, 291.2735199999988]","[-3395.3568, 3107.8623, -729.2437200000004, 600.4935999999998]","[-3561.23363, 3258.22598, -663.5073200000006, 601.4547200000015]","[-3653.34915, 3310.9059, -368.46207999999933, 210.71968000000015]","[-3685.60175, 3322.23779, -129.0103999999992, 45.32755999999972]","[-3692.97218, 3341.97587, -29.481720000001612, 78.9523200000004]","[-3696.80105, 3350.92558, -15.315479999999297, 35.79883999999947]","[-3699.47867, 3345.53839, -10.710479999999734, -21.548759999999675]","[-3699.14371, 3336.13548, 1.3398400000005495, -37.61164000000099]","[-3701.39798, 3332.46106, -9.017080000001442, -14.697679999999309]","[-3691.7303, 3324.51025, 38.670720000000074, -31.803240000001097]","[-3657.3526, 3322.65821, 137.51080000000002, -7.408159999999043]","[-3617.87631, 3335.31141, 157.90516000000025, 50.61279999999897]"
287,People,"[-3605.5097, 3342.42412, 0, 0]","[-3619.665, 3340.90554, -56.62119999999959, -6.074319999999716]","[-3641.85626, 3344.96244, -88.76504000000023, 16.227599999998347]","[-3666.74353, 3341.27289, -99.54908000000069, -14.758199999998396]","[-3692.69721, 3341.64709, -103.81471999999849, 1.4967999999989843]","[-3703.0126038554217, 3344.7333397590364, -41.26157542168767, 12.344999036145964]","[-3707.934182168675, 3341.127803614458, -19.686313253012486, -14.422144578313237]","[-3712.855760481928, 3337.52226746988, -19.686313253012486, -14.422144578313237]","[-3713.59123, 3320.70647, -2.9418780722880937, -67.26318987951896]","[-3635.74445, 3222.39554, 311.3871199999994, -393.2437200000004]","[-3518.07367, 3121.35568, 470.6831199999997, -404.15943999999945]","[-3395.66509, 2934.77232, 489.634320000001, -746.3334400000003]","[-3266.43732, 2776.92326, 516.9110799999999, -631.39624]","[-3168.05704, 2596.6833, 393.5211199999994, -720.9598399999995]","[-3101.62379, 2330.51525, 265.7330000000002, -1064.6722000000009]","[-3036.36288, 2115.77556, 261.04363999999987, -858.9587599999995]"
288,People,"[-2896.70828, 1914.51084, 0, 0]","[-2702.94317, 1698.11642, 775.0604399999993, -865.5776799999994]","[-2591.50673, 1462.22506, 445.7457599999998, -943.5654400000003]","[-2506.46737, 1165.16293, 340.15744000000086, -1188.24852]","[-2379.01147, 929.11477, 509.8235999999997, -944.1926399999998]","[-2168.37044, 667.46541, 842.5641199999991, -1046.59744]","[-2015.50749, 400.38806, 611.4518000000007, -1068.3094]","[-1893.7274, 86.26208, 487.1203599999999, -1256.50392]","[-1772.03235, -199.41049, 486.7802000000006, -1142.690280000001]","[-1585.46085, -458.73001, 746.2860000000001, -1037.27808]","[-1399.86069, -718.61504, 742.4006399999998, -1039.5401200000001]","[-1276.11713, -997.19178, 494.97423999999955, -1114.30696]","[-1150.36041, -1281.33181, 503.02688000000035, -1136.5601199999996]","[-963.69057, -1502.15196, 746.6793600000001, -883.2806]","[-736.9081, -1722.21307, 907.12988, -880.2444400000004]","[-611.54937, -1968.08184, 501.43492000000015, -983.4750800000002]"
289,People,"[-497.60957, -2260.56126, 0, 0]","[-342.32737, -2476.18768, 621.1288000000002, -862.5056800000002]","[-122.17732, -2669.63055, 880.6001999999999, -773.7714799999994]","[52.51353, -2859.50222, 698.7634, -759.48668]","[184.7247, -3108.40462, 528.84468, -995.6095999999998]","[339.09383, -3430.34423, 617.47652, -1287.7584400000014]","[477.93259, -3623.50755, 555.3550399999999, -772.6532799999986]","[552.88994, -3705.55978, 299.8294000000001, -328.20892000000094]","[586.64293, -3729.8585, 135.01195999999993, -97.19487999999919]","[594.36816, -3737.56096, 30.900920000000042, -30.809839999999895]","[574.83719, -3695.69993, -78.1238800000001, 167.4441199999983]","[538.80402, -3609.88933, -144.1326799999997, 343.242400000001]","[484.99992, -3569.34114, -215.21640000000025, 162.1927599999999]","[467.41153, -3556.38261, -70.35355999999979, 51.83411999999953]","[467.53708, -3601.46702, 0.5021999999999025, -180.33763999999974]","[477.096, -3680.33397, 38.23568, -315.46780000000035]"
290,People,"[495.78854, -3741.81931, 0, 0]","[525.33131, -3792.03258, 118.17108000000007, -200.85308000000077]","[544.02248, -3815.10737, 74.76467999999977, -92.29916000000048]","[566.61396, -3809.84164, 90.36592000000019, 21.062920000000304]","[582.31762, -3766.35283, 62.814640000000054, 173.95524000000114]","[599.19234, -3605.19317, 67.49887999999964, 644.6386399999992]","[561.81619, -3358.55872, -149.50459999999975, 986.5378000000001]","[495.16875, -3178.27381, -266.58976000000007, 721.1396399999994]","[471.52748, -3108.20735, -94.56507999999994, 280.26584000000025]","[520.33676, -3073.26299, 195.23712, 139.77743999999984]","[580.66894, -3035.46667, 241.32871999999998, 151.1852800000015]","[575.45588, -2965.00885, -20.852240000000165, 281.8312799999985]","[467.5458, -2863.53284, -431.64032, 405.90404000000126]","[323.01526, -2765.12595, -578.1221599999999, 393.627559999999]","[225.39005, -2636.73675, -390.50084000000004, 513.5568000000003]","[189.79445, -2437.18609, -142.38239999999996, 798.2026399999995]"
291,People,"[120.45128, -2274.61231, 0, 0]","[-52.24134, -2146.27739, -690.77048, 513.3396799999991]","[-229.77492, -2045.65491, -710.13432, 402.4899200000009]","[-340.39764, -1869.91711, -442.49088000000006, 702.9511999999995]","[-449.91367, -1622.81587, -438.06412, 988.4049600000008]","[-617.3577, -1420.301, -669.77612, 810.0594799999999]","[-851.82153, -1235.94942, -937.8553200000001, 737.40632]","[-1021.52822, -1051.23911, -678.8267599999999, 738.8412399999997]","[-1143.39109, -826.16329, -487.45148000000063, 900.3032800000009]","[-1242.82459, -617.68616, -397.73399999999947, 833.90852]","[-1401.17123, -451.93256, -633.3865599999999, 663.0143999999998]","[-1609.54986, -316.15711, -833.5145200000006, 543.1018000000001]","[-1723.15056, -150.82981, -454.40279999999984, 661.3091999999999]","[-1804.46241, 63.84804, -325.2474000000002, 858.7114]","[-1914.21346, 224.26664, -439.0041999999994, 641.6744]","[-2057.80164, 342.29478, -574.3527200000008, 472.11256000000003]"
292,People,"[-2147.6819, 449.04756, 0, 0]","[-2116.47199, 610.62115, 124.83964000000014, 646.2943599999999]","[-2062.72227, 821.43778, 214.9988799999992, 843.2665200000001]","[-2064.61093, 1011.64507, -7.5546399999984715, 760.8291600000002]","[-2096.47503, 1210.38568, -127.45640000000094, 794.9624400000002]","[-2091.25495, 1383.55891, 20.88032000000021, 692.6929199999995]","[-1979.33374, 1557.84605, 447.6848399999999, 697.1485600000005]","[-1841.45002, 1735.98523, 551.5348800000002, 712.5567199999996]","[-1786.76642, 1927.80591, 218.73440000000048, 767.2827200000008]","[-1808.34754, 2145.11808, -86.32448000000022, 869.2486800000006]","[-1787.33314, 2337.95007, 84.0576000000001, 771.3279599999987]","[-1731.42466, 2528.11611, 223.63392000000022, 760.6641600000003]","[-1673.83666, 2707.6351, 230.35199999999986, 718.0759600000001]","[-1694.32983, 2827.84272, -81.97267999999985, 480.83048000000053]","[-1772.78512, 2906.12944, -313.8211600000004, 313.14688000000024]","[-1821.48121, 3013.58277, -194.78435999999965, 429.8133199999993]"
293,People,"[-1847.39779, 3168.72735, 0, 0]","[-1875.02148, 3341.93259, -110.4947600000005, 692.8209599999991]","[-1880.0689, 3436.16568, -20.1896799999995, 376.9323600000007]","[-1868.63108, 3453.48702, 45.7512799999995, 69.28535999999986]","[-1862.85237, 3454.68046, 23.114840000000186, 4.773760000000038]","[-1874.63296, 3462.92546, -47.12235999999939, 32.97999999999956]","[-1881.00767, 3492.06494, -25.4988400000002, 116.5579200000011]","[-1895.00915, 3531.652, -56.005920000000515, 158.34823999999935]","[-1956.47678, 3532.42797, -245.87051999999971, 3.103880000000575]","[-2086.67804, 3481.60396, -520.8050399999993, -203.29604000000108]","[-2229.70978, 3386.1202, -572.1269600000014, -381.9350400000003]","[-2376.37453, 3329.67938, -586.6589999999997, -225.7632799999992]","[-2525.57678, 3356.32857, -596.8089999999993, 106.59676000000036]","[-2679.629, 3413.22822, -616.2088800000001, 227.59859999999935]","[-2823.53336, 3418.98428, -575.61744, 23.024240000000646]","[-2977.30157, 3339.89129, -615.0728400000007, -316.3719600000004]"
294,People,"[-3110.07145, 3259.55822, 0, 0]","[-3265.06716, 3258.20812, -619.9828400000006, -5.400400000000445]","[-3464.46386, 3300.88066, -797.5867999999991, 170.6901600000001]","[-3587.24702, 3299.59649, -491.1326399999998, -5.136679999999615]","[-3634.82806, 3281.22987, -190.32416000000012, -73.46647999999914]","[-3650.00466, 3273.37173, -60.70640000000094, -31.432560000001104]","[-3660.28721, 3272.70032, -41.130199999999604, -2.685639999999694]","[-3665.36521, 3276.27898, -20.311999999999898, 14.314640000000509]","[-3667.73936, 3280.34902, -9.496600000000408, 16.280160000000265]","[-3662.35867, 3286.2144, 21.522759999999835, 23.461519999998927]","[-3656.36975, 3283.04799, 23.95568000000094, -12.665639999999257]","[-3648.9473, 3272.43955, 29.689800000000105, -42.43375999999989]","[-3634.99333, 3277.3079, 55.81588000000011, 19.473399999998946]","[-3647.0702, 3283.45447, -48.307480000001306, 24.586280000001352]","[-3672.53872, 3295.3919, -101.8740799999996, 47.7497199999998]","[-3692.79203, 3306.84588, -81.01324000000022, 45.815919999999096]"
295,People,"[-3696.37597, 3305.07985, 0, 0]","[-3693.10313, 3292.19228, 13.09136000000035, -51.550279999999475]","[-3677.95656, 3279.90839, 60.58627999999953, -49.13556000000062]","[-3623.63263, 3194.87357, 217.29572000000007, -340.1392799999994]","[-3525.97943, 3067.2503, 390.6128000000008, -510.4930800000002]","[-3426.1079, 2972.43847, 399.4861199999996, -379.2473200000004]","[-3350.0778, 2893.76372, 304.1203999999998, -314.6990000000005]","[-3329.04242, 2816.18086, 84.14151999999922, -310.33143999999993]","[-3346.57706, 2722.89631, -70.13855999999947, -373.13819999999976]","[-3273.46168, 2595.77186, 292.46152000000075, -508.497800000001]","[-3090.58874, 2428.23104, 731.491759999999, -670.1632799999988]","[-2961.60541, 2275.47454, 515.9333200000001, -611.0259999999998]","[-2890.87634, 2069.84385, 282.9162800000013, -822.5227599999998]","[-2818.78613, 1839.29361, 288.36083999999937, -922.200960000001]","[-2678.87151, 1662.30864, 559.65848, -707.9398799999999]","[-2486.10553, 1493.01651, 771.0639200000005, -677.1685200000002]"
296,People,"[-2384.83646, 1315.4632, 0, 0]","[-2326.88641, 1107.09393, 231.80019999999968, -833.4770799999997]","[-2243.61677, 914.28855, 333.0785599999999, -771.22152]","[-2055.82566, 730.44077, 751.1644400000005, -735.3911199999998]","[-1817.29261, 559.12805, 954.1322, -685.25088]","[-1646.84003, 351.98341, 681.8103199999996, -828.5785600000002]","[-1472.34689, 94.26009, 697.9725600000002, -1030.89328]","[-1264.76196, -107.88446, 830.3397199999999, -808.5782]","[-980.06609, -333.50157, 1138.783480000001, -902.4684400000009]","[-779.04434, -568.57255, 804.087, -940.2839199999999]","[-627.78013, -848.39734, 605.0568400000002, -1119.29916]","[-463.38012, -1079.3225, 657.60004, -923.70064]","[-232.39161, -1315.37033, 923.95404, -944.1913199999999]","[-55.25509, -1544.37593, 708.54608, -916.0223999999998]","[38.33866, -1806.85391, 374.375, -1049.9119200000005]","[125.66801, -2087.80713, 349.3174, -1123.8128800000004]"
297,People,"[277.43957, -2321.55924, 0, 0]","[436.94864, -2546.92989, 638.03628, -901.4825999999994]","[448.66194, -2755.84344, 46.853200000000015, -835.6542000000009]","[405.73297, -2991.2768, -171.71587999999997, -941.73344]","[429.49402, -3207.91875, 95.04419999999982, -866.5677999999989]","[456.99587, -3447.57304, 110.00740000000019, -958.6171600000016]","[426.61042, -3591.55059, -121.5418000000002, -575.9101999999984]","[400.91049, -3622.86296, -102.79971999999998, -125.2494800000004]","[406.99631, -3631.69756, 24.34328000000007, -35.338400000000576]","[420.9397, -3647.93184, 55.77356000000009, -64.9371200000005]","[450.98942, -3644.18189, 120.19887999999992, 14.999800000001414]","[515.79937, -3594.22024, 259.23979999999983, 199.84659999999894]","[592.25567, -3547.94263, 305.8252000000002, 185.11044000000038]","[651.7001, -3537.80665, 237.77772000000004, 40.54392000000007]","[659.76751, -3550.0209, 32.26963999999998, -48.85699999999997]","[660.1265, -3552.77115, 1.4359599999997954, -11.001000000000204]"
298,Robot,"[1056.1449860725463, -2566.9842207611136, 0, 0]","[1018.3411642241424, -2515.5755497561013, -151.21528739361565, 205.63468402004946]","[973.113379191634, -2489.3666027618824, -180.9111401300338, 104.83578797687551]","[944.7351413037536, -2417.9906138656097, -113.51295155152138, 285.5039555850908]","[934.798145763496, -2294.5543362763447, -39.74798216103045, 493.7451103570602]","[914.1719251758992, -2200.082119966962, -82.5048823503871, 377.8888652375299]","[875.251935345459, -2158.7430993181893, -155.6799593217611, 165.35608259509172]","[851.5690182983059, -2075.2931530784585, -94.73166818861228, 333.7997849589228]","[844.6303741099507, -1950.4858807870287, -27.754576753420704, 499.22908916571987]","[837.6917299215955, -1825.6786084956, -27.75457675342068, 499.22908916571487]","[830.7530857332404, -1700.8713362041713, -27.75457675342068, 499.22908916571487]","[823.8144415448852, -1576.0640639127423, -27.75457675342068, 499.2290891657158]","[816.87579735653, -1451.2567916213138, -27.75457675342068, 499.22908916571396]","[809.9371531681744, -1326.449519329885, -27.754576753422498, 499.22908916571487]","[802.998508979818, -1201.6422470384564, -27.75457675342568, 499.22908916571487]","[796.0598647914615, -1076.8349747470277, -27.754576753426136, 499.22908916571487]"
299,Robot,"[789.1212206031049, -952.0277024555973, 0, 0]","[782.1825764147483, -827.2204301641657, -27.75457675342659, 499.22908916572624]","[775.2439322263917, -702.4131578727341, -27.754576753426136, 499.22908916572624]","[768.3052880380351, -577.6058855813026, -27.75457675342659, 499.22908916572624]","[761.3666438496784, -452.798613289871, -27.75457675342659, 499.22908916572624]","[754.4279996613219, -327.99134099843945, -27.754576753426136, 499.22908916572624]","[747.4893554729653, -203.1840687070082, -27.75457675342659, 499.229089165725]","[740.5507112846087, -78.37679641557736, -27.754576753426136, 499.2290891657234]","[733.6120670962521, 46.43047587585361, -27.754576753426615, 499.2290891657243]","[726.6734229078955, 171.23774816728448, -27.754576753426136, 499.2290891657235]","[719.7347787195389, 296.0450204587156, -27.75457675342659, 499.22908916572453]","[712.7961345311824, 420.8522927501471, -27.754576753426136, 499.229089165726]","[705.8574903428257, 545.6595650415786, -27.75457675342659, 499.229089165726]","[698.9188461544691, 670.4668373330102, -27.75457675342659, 499.22908916572624]","[691.9802019661125, 795.2741096244417, -27.754576753426136, 499.22908916572624]","[674.3500701585, 918.7605416983764, -70.52052723045017, 493.9457282957387]"
300,Robot,"[650.7059765650561, 1041.5040011499686, 0, 0]","[627.0618829716121, 1164.2474606015585, -94.5763743737757, 490.97383780635937]","[603.4177893781682, 1286.9909200531483, -94.5763743737757, 490.97383780635937]","[576.59912681924, 1394.209445560163, -107.27465023571267, 428.8741020280586]","[531.968018985724, 1500.33382196737, -178.52443133406405, 424.49750562882855]","[494.8136774032412, 1614.248552145478, -148.61736632993143, 455.6589207124316]","[465.30414942747177, 1732.0983669288323, -118.0381119030776, 471.3992591334172]","[426.2696440699772, 1844.058805789226, -156.13802142997838, 447.8417554415746]","[395.5390522958788, 1959.8686417932756, -122.92236709639371, 463.239344016199]","[379.1432380583751, 2083.788685674358, -65.58325695001463, 495.68017552432957]","[362.7474238208714, 2207.7087295554406, -65.58325695001486, 495.6801755243305]","[346.3516095833677, 2331.6287734365237, -65.58325695001486, 495.6801755243323]","[329.955795345864, 2455.548817317606, -65.58325695001486, 495.68017552432866]","[313.5599811083606, 2579.4688611986885, -65.58325695001349, 495.6801755243305]","[297.1641668708575, 2703.388905079771, -65.58325695001236, 495.6801755243305]","[280.7683526333544, 2827.3089489608537, -65.58325695001236, 495.6801755243305]"
301,Robot,"[264.37253839585134, 2951.2289928419364, 0, 0]","[351.4589561427043, 2888.134961193824, 348.34567098741195, -252.3761265924495]","[445.904790437953, 2806.2509921627984, 377.78333718099475, -327.5358761241023]","[540.3506247332017, 2724.367023131773, 377.78333718099475, -327.5358761241023]","[634.7964590284504, 2642.4830541007477, 377.78333718099475, -327.53587612410047]","[729.2422933236991, 2560.5990850697217, 377.78333718099475, -327.5358761241041]","[823.6881276189478, 2478.715116038696, 377.78333718099475, -327.5358761241023]","[918.1339619141964, 2396.8311470076706, 377.78333718099475, -327.5358761241023]","[1012.5797962094452, 2314.947177976645, 377.78333718099555, -327.5358761241026]","[1107.0256305046937, 2233.0632089456194, 377.78333718099384, -327.5358761241023]","[1204.9157929435776, 2155.5563988257845, 391.56064975553545, -310.0272404793395]","[1311.5541203519383, 2090.829001584487, 426.55330963344295, -258.9095889651908]","[1402.8427901190385, 2049.0686475940884, 365.1546790684006, -167.04141596159388]","[1478.801348556511, 1988.8273023404577, 303.8342337498898, -240.9653810145228]","[1561.751109251085, 1918.6820295505372, 331.7990427782961, -280.5810911596818]","[1625.316947330282, 1874.8835143264212, 254.26335231678786, -175.19406089646418]"
302,Robot,"[1688.6203291572556, 1830.6351712828184, 0, 0]","[1777.2880325221784, 1750.9076676119548, 354.6708134596911, -318.9100146834544]","[1869.082906857613, 1666.85750066007, 367.17949734173817, -336.2006678075395]","[1958.7985664050489, 1584.8474617215054, 358.86263818974385, -328.0401557542582]","[2047.4328825770788, 1503.7540542327056, 354.53726468811965, -324.37362995519925]","[2139.545535752103, 1419.2540002382989, 368.45061270009774, -338.0002159776268]","[2231.658188927128, 1334.7539462438922, 368.45061270009865, -338.0002159776268]","[2323.7708421021525, 1250.2538922494855, 368.45061270009865, -338.0002159776268]","[2415.883495277177, 1165.753838255073, 368.450612700099, -338.0002159776498]","[2507.996148452202, 1081.2537842606612, 368.45061270009865, -338.0002159776477]","[2600.1088016272265, 996.75373026625, 368.45061270009865, -338.00021597764453]","[2692.221454802251, 912.2536762718404, 368.45061270009865, -338.0002159776386]","[2784.334107977276, 827.753622277431, 368.45061270009865, -338.0002159776377]","[2876.4467611523005, 743.2535682830214, 368.45061270009865, -338.00021597763816]","[2968.559414327325, 658.7535142886119, 368.45061270009865, -338.00021597763816]","[3060.67206750235, 574.2534602942023, 368.45061270009865, -338.00021597763816]"
303,Robot,"[3152.7847206773745, 489.7534062997924, 0, 0]","[3244.897373852399, 405.25335230538144, 368.45061270009865, -338.00021597764385]","[3337.010027027424, 320.7532983109703, 368.45061270009865, -338.00021597764453]","[3429.1226802024485, 236.25324431655795, 368.45061270009865, -338.0002159776494]","[3521.23533337747, 151.75319032214543, 368.4506127000859, -338.0002159776501]","[3617.18181871314, 71.67354008243518, 383.7859413426795, -320.318600958841]","[3713.858557793696, -7.564128489712688, 386.70695632222487, -316.9506742885915]","[3810.5352968742513, -86.80179706186055, 386.70695632222123, -316.9506742885915]","[3907.212035954807, -166.03946563400842, 386.7069563222234, -316.95067428859176]","[4003.888775035363, -245.2771342061563, 386.70695632222305, -316.9506742885915]","[4100.56551411592, -324.51480277830416, 386.7069563222303, -316.9506742885915]","[4197.242253196487, -403.752471350452, 386.7069563222649, -316.9506742885915]","[4293.918992277054, -482.9901399225999, 386.7069563222685, -316.9506742885915]","[4390.595731357621, -562.2278084947478, 386.7069563222685, -316.9506742885917]","[4487.272470438188, -641.4654770668957, 386.7069563222685, -316.9506742885915]","[4583.949209518755, -720.7031456390436, 386.7069563222685, -316.9506742885915]"
304,Robot,"[4696.103411725398, -764.1380848585441, 0, 0]","[4820.391396810796, -753.838275037165, 497.15194034159504, 41.19923928551634]","[4942.23007255189, -726.2106734831225, 487.35470296437416, 110.51040621616994]","[5065.123328515148, -703.4204571771694, 491.5730238530341, 91.16086522381238]","[5186.525960909633, -683.1018553041421, 485.610529577938, 81.27440749210928]","[5298.7338019779145, -649.6531029999761, 448.8313642731264, 133.79500921666386]","[5366.466802164058, -749.1939490423268, 270.9320007445749, -398.1633841694029]","[5421.644710074401, -861.3563245460446, 220.71163164137033, -448.6495020148709]","[5476.822617984743, -973.5187000497624, 220.71163164137053, -448.64950201487176]","[5532.000525895086, -1085.6810755534784, 220.71163164137033, -448.6495020148641]","[5587.1784338054285, -1197.8434510571933, 220.71163164137033, -448.64950201485954]","[5642.356341715771, -1310.0058265609082, 220.71163164137033, -448.64950201485954]","[5697.534249626117, -1422.168202064623, 220.71163164138488, -448.64950201485954]","[5758.921405373311, -1530.2506487388414, 245.5486229887756, -432.32978669687327]","[5839.9711792705, -1625.4133207863206, 324.1990955887559, -380.65068818991676]","[5921.020953167689, -1720.5759928337998, 324.1990955887559, -380.65068818991676]"
305,Robot,"[5843.050629022737, -1669.3622356709743, 0, 0]","[5741.068474308322, -1597.0805635832, -407.9286188576589, 289.1266883510971]","[5639.086319593907, -1524.7988914954256, -407.9286188576589, 289.126688351098]","[5537.104164879493, -1452.517219407651, -407.9286188576589, 289.126688351098]","[5435.122010165078, -1380.2355473198766, -407.9286188576589, 289.126688351098]","[5333.139855450663, -1307.953875232102, -407.9286188576589, 289.126688351098]","[5231.157700736248, -1235.6722031443276, -407.9286188576589, 289.126688351098]","[5129.175546021834, -1163.390531056553, -407.9286188576589, 289.126688351098]","[5027.193391307419, -1091.1088589687786, -407.9286188576592, 289.12668835109827]","[4925.211236593004, -1018.827186881004, -407.9286188576589, 289.12668835109844]","[4832.044033664546, -935.5410004381818, -372.66881171383284, 333.14474577128885]","[4739.244120393836, -851.7962925638991, -371.1996530828401, 334.9788314971306]","[4646.444207123126, -768.0515846896164, -371.1996530828401, 334.9788314971306]","[4553.644293852416, -684.3068768153338, -371.1996530828401, 334.9788314971306]","[4460.844380581706, -600.5621689410511, -371.1996530828401, 334.9788314971306]","[4368.044467310996, -516.8174610667685, -371.1996530828401, 334.9788314971306]"
306,Robot,"[4275.244554040286, -433.0727531924858, 0, 0]","[4182.444640769576, -349.3280453182032, -371.1996530828401, 334.9788314971304]","[4089.644727498866, -265.58333744391985, -371.1996530828401, 334.97883149713334]","[3996.844814228156, -181.8386295696364, -371.1996530828401, 334.9788314971338]","[3904.044900957446, -98.09392169535306, -371.1996530828401, 334.97883149713334]","[3811.244987686736, -14.3492138210696, -371.1996530828401, 334.97883149713385]","[3718.445074416026, 69.39549405321392, -371.1996530828401, 334.9788314971341]","[3625.645161145316, 153.14020192749751, -371.1996530828401, 334.97883149713437]","[3532.845247874606, 236.88490980178088, -371.1996530828404, 334.97883149713374]","[3440.045334603896, 320.6296176760648, -371.19965308283827, 334.97883149713573]","[3347.2454213331857, 404.3743255503489, -371.1996530828419, 334.9788314971363]","[3254.445508062476, 488.11903342463296, -371.19965308283827, 334.9788314971363]","[3161.6455947917657, 571.863741298916, -371.1996530828419, 334.9788314971322]","[3068.845681521056, 655.6084491731987, -371.19965308283827, 334.9788314971306]","[2976.0457682503456, 739.3531570474813, -371.1996530828419, 334.9788314971306]","[2883.245854979636, 823.0978649217668, -371.19965308283827, 334.978831497142]"
307,Robot,"[2790.4459417089256, 906.8425727960524, 0, 0]","[2697.646028438216, 990.5872806703378, -371.19965308283827, 334.9788314971415]","[2604.8461151675056, 1074.3319885446233, -371.1996530828419, 334.978831497142]","[2512.0462018967955, 1158.0766964189088, -371.1996530828401, 334.978831497142]","[2419.246288626085, 1241.8214042931943, -371.1996530828419, 334.978831497142]","[2326.4463753553755, 1325.5661121674798, -371.19965308283827, 334.978831497142]","[2233.646462084665, 1409.3108200417653, -371.1996530828419, 334.978831497142]","[2140.8465488139555, 1493.0555279160508, -371.19965308283827, 334.978831497142]","[2048.046635543245, 1576.8002357903365, -371.19965308284225, 334.9788314971432]","[1955.246722272541, 1660.5449436646218, -371.19965308281553, 334.9788314971411]","[1862.4468090018347, 1744.2896515389073, -371.19965308282553, 334.978831497142]","[1769.6468957311265, 1828.0343594131928, -371.1996530828328, 334.978831497142]","[1676.8469824604178, 1911.7790672874785, -371.19965308283463, 334.9788314971429]","[1584.8589894482284, 1996.41267056775, -367.95197204875785, 338.5344131210859]","[1493.0739765006688, 2081.268497699516, -367.14005179023843, 339.42330852706436]","[1401.2889635531092, 2166.1243248312803, -367.14005179023843, 339.4233085270571]"
308,Robot,"[1309.5039506055496, 2250.9801519630446, 0, 0]","[1217.71893765799, 2335.835979094809, -367.14005179023843, 339.4233085270571]","[1125.9339247104303, 2420.691806226573, -367.14005179023843, 339.4233085270571]","[1034.1489117628707, 2505.5476333583374, -367.14005179023843, 339.4233085270571]","[942.363898815312, 2590.4034604901017, -367.1400517902348, 339.4233085270571]","[850.5788858677553, 2675.259287621866, -367.14005179022706, 339.4233085270571]","[758.7938729201985, 2760.11511475363, -367.14005179022706, 339.4233085270571]","[667.0088599726417, 2844.9709418853945, -367.14005179022706, 339.4233085270571]","[575.223847025085, 2929.826769017163, -367.1400517902274, 339.42330852707374]","[486.2610248992001, 2964.4729978572173, -355.85128850353954, 138.58491536021756]","[406.0628785993176, 2868.5915224302, -320.79258519952987, -383.5259017080698]","[325.8647322994352, 2772.710047003181, -320.79258519952964, -383.52590170807525]","[245.6665859995527, 2676.8285715761635, -320.7925851995301, -383.5259017080698]","[165.46843969967023, 2580.9470961491456, -320.79258519952987, -383.5259017080716]","[85.27029339978847, 2485.065620722128, -320.792585199527, -383.5259017080698]","[5.072147099907097, 2389.18414529511, -320.7925851995255, -383.52590170807343]"
309,Robot,"[-75.12599919997368, 2293.3026698680883, 0, 0]","[-141.87022422789948, 2187.7902269336723, -266.97690011170323, -422.04977173766383]","[-206.766597226758, 2080.9564452380064, -259.58549199543404, -427.3351267826638]","[-271.68534322352434, 1974.136239199037, -259.6749839870654, -427.2808241558778]","[-336.6040892202907, 1867.3160331600675, -259.6749839870654, -427.2808241558778]","[-401.522835217057, 1760.495827121098, -259.67498398706516, -427.2808241558778]","[-466.4415812138234, 1653.6756210821286, -259.6749839870656, -427.2808241558778]","[-531.3603272105897, 1546.8554150431592, -259.6749839870654, -427.2808241558778]","[-596.2790732073561, 1440.0352090041897, -259.6749839870656, -427.2808241558782]","[-661.1978192041224, 1333.2150029652205, -259.6749839870654, -427.28082415587687]","[-726.1165652008888, 1226.3947969262508, -259.6749839870654, -427.2808241558787]","[-791.0353111976551, 1119.5745908872814, -259.6749839870654, -427.2808241558778]","[-855.9540571944215, 1012.7543848483124, -259.6749839870654, -427.28082415587596]","[-920.8728031911878, 905.9341788093456, -259.6749839870654, -427.2808241558673]","[-985.7915491879542, 799.1139727703791, -259.6749839870654, -427.28082415586596]","[-1050.7102951847205, 692.2937667314125, -259.6749839870654, -427.2808241558664]"
310,Robot,"[-1115.6290411814869, 585.4735606924459, 0, 0]","[-1180.5477871782532, 478.65335465347925, -259.6749839870654, -427.2808241558664]","[-1245.4665331750195, 371.8331486145127, -259.6749839870654, -427.2808241558662]","[-1310.385279171786, 265.01294257554605, -259.6749839870654, -427.28082415586664]","[-1375.3040251685522, 158.19273653657945, -259.6749839870654, -427.2808241558664]","[-1440.2227711653186, 51.37253049761284, -259.6749839870654, -427.2808241558664]","[-1505.141517162085, -55.44767554135365, -259.6749839870654, -427.28082415586596]","[-1570.0602631588513, -162.26788158032022, -259.6749839870654, -427.2808241558663]","[-1634.9790091556176, -269.0880876192868, -259.6749839870656, -427.2808241558667]","[-1699.897755152384, -375.9082936582534, -259.6749839870654, -427.2808241558664]","[-1764.8165011491503, -482.72849969722, -259.6749839870654, -427.2808241558664]","[-1829.735247145917, -589.5487057361865, -259.6749839870663, -427.2808241558662]","[-1894.75112202046, -695.4220826502543, -260.06349949817195, -423.49350765627105]","[-1961.3904884088831, -792.7337046044884, -266.55746555369296, -389.2464878169362]","[-2031.5009693785296, -882.6373183586574, -280.44192387858584, -359.61445501667595]","[-2106.243047089844, -969.497368632013, -298.9683108452573, -347.44020109342273]"
311,Robot,"[-2184.118799230652, -1056.8827818905268, 0, 0]","[-2257.666377413358, -1139.8324919770764, -294.1903127308251, -331.79884034619863]","[-2326.2299763412198, -1217.728949880409, -274.2543957114467, -311.5858316133299]","[-2390.981192700632, -1291.760036453623, -259.00486543764964, -296.124346292856]","[-2450.7833214600805, -1360.773247465903, -239.2085150377934, -276.0528440491207]","[-2504.3752522203213, -1423.4899441936116, -214.36772304096303, -250.86678691083398]","[-2550.6081458210965, -1478.745319623482, -184.93157440310097, -221.02150171948142]","[-2588.7786404897024, -1525.8262358733382, -152.6819786744236, -188.3236649994251]","[-2618.874138508444, -1564.719920128298, -120.38199207496666, -155.57473701983977]","[-2641.554372809218, -1596.095275027251, -90.72093720309567, -125.50141959581197]","[-2657.9010372015946, -1621.0490289715062, -65.3866575695065, -99.81501577702056]","[-2669.1212737687683, -1640.805102256573, -44.88094626869497, -79.02429314026722]","[-2676.342451960931, -1656.5065337755782, -28.884712768651298, -62.80572607602062]","[-2673.0862462495284, -1663.8113342991403, 13.024822845611197, -29.21920209424843]","[-2666.6964406165253, -1682.5425021934475, 25.559222532012427, -74.92467157722876]","[-2588.282597357781, -1778.274646662923, 313.65537303497695, -382.92857787790217]"
312,Robot,"[-2512.1579951732674, -1877.4117918275, 0, 0]","[-2401.896870985844, -1818.7231882164128, 441.0444967496933, 234.7544144443491]","[-2291.572284921041, -1759.9568227542734, 441.2983442592122, 235.0654618485578]","[-2181.247698856238, -1701.190457292134, 441.2983442592122, 235.0654618485578]","[-2070.923112791435, -1642.4240918299945, 441.2983442592122, 235.0654618485578]","[-1960.598526726632, -1583.657726367855, 441.2983442592122, 235.0654618485578]","[-1850.2739406618289, -1524.8913609057156, 441.2983442592122, 235.0654618485578]","[-1739.9493545970258, -1466.1249954435762, 441.2983442592122, 235.0654618485578]","[-1629.6247685322228, -1407.3586299814367, 441.29834425921257, 235.065461848558]","[-1519.3001824674195, -1348.5922645192982, 441.2983442592131, 235.06546184855415]","[-1408.9755964026167, -1289.8258990571626, 441.29834425921126, 235.06546184854233]","[-1298.6510103378137, -1231.0595335950272, 441.2983442592122, 235.06546184854142]","[-1188.3264242730106, -1172.2931681328917, 441.2983442592122, 235.06546184854233]","[-1078.0018382082076, -1113.5268026707563, 441.2983442592122, 235.06546184854142]","[-967.677252143403, -1054.76043720862, 441.2983442592181, 235.06546184854506]","[-857.3526660785972, -995.9940717464832, 441.29834425922354, 235.06546184854733]"
313,Robot,"[-747.0280800137913, -937.2277062843464, 0, 0]","[-636.7034939489854, -878.4613408222099, 441.29834425922354, 235.06546184854597]","[-524.848943229502, -822.759171113077, 447.4182028779337, 222.80867883653173]","[-411.5821174441624, -769.885489791332, 453.06730314135825, 211.4947252869797]","[-298.3152916588228, -717.0118084695871, 453.0673031413585, 211.4947252869797]","[-185.0484658734831, -664.1381271478422, 453.0673031413587, 211.4947252869797]","[-71.78164008814349, -611.2644458260972, 453.0673031413585, 211.4947252869797]","[41.48518569719607, -558.3907645043523, 453.06730314135825, 211.4947252869797]","[154.7520114825357, -505.5170831826072, 453.0673031413589, 211.49472528698058]","[268.0188372678753, -452.6434018608608, 453.0673031413585, 211.4947252869856]","[381.2856630532149, -399.7697205391145, 453.06730314135825, 211.49472528698539]","[494.55248883855455, -346.8960392173681, 453.0673031413587, 211.49472528698539]","[607.8193146238941, -294.0223578956218, 453.06730314135825, 211.49472528698539]","[721.0861404092337, -241.1486765738757, 453.0673031413585, 211.49472528698436]","[834.3529661945734, -188.27499525213003, 453.0673031413585, 211.49472528698266]","[947.619791979913, -135.4013139303844, 453.0673031413585, 211.49472528698254]"
314,Robot,"[1060.8866177652517, -82.52763260863844, 0, 0]","[1174.1534435505885, -29.65395128689247, 453.0673031413471, 211.49472528698388]","[1287.4202693359252, 23.21973003485337, 453.0673031413471, 211.49472528698337]","[1400.687095121262, 76.09341135659915, 453.0673031413471, 211.4947252869831]","[1513.9539209066008, 128.96709267834478, 453.0673031413553, 211.49472528698254]","[1627.22074669194, 181.8407740000904, 453.0673031413562, 211.49472528698243]","[1740.4875724772796, 234.71445532183608, 453.06730314135893, 211.49472528698277]","[1853.7543982626196, 287.5881366435821, 453.06730314135984, 211.49472528698413]","[1967.0212240479605, 340.46181796532846, 453.0673031413639, 211.49472528698558]","[2080.2880498333016, 393.3354992870748, 453.0673031413644, 211.49472528698539]","[2193.554875618644, 446.2091806088212, 453.06730314136985, 211.4947252869856]","[2306.8217014039865, 499.0828619305675, 453.06730314136985, 211.49472528698516]","[2420.088527189329, 551.9565432523128, 453.06730314136985, 211.4947252869813]","[2533.3553529746714, 604.8302245740578, 453.06730314136985, 211.4947252869797]","[2646.622178760014, 657.7039058958027, 453.06730314136985, 211.4947252869797]","[2759.8890045453563, 710.5775872175502, 453.06730314136985, 211.49472528699016]"
315,Robot,"[2873.155830330699, 763.451268539298, 0, 0]","[2986.4226561160413, 816.3249498610458, 453.06730314136985, 211.49472528699107]","[3099.689481901384, 869.1986311827935, 453.06730314137167, 211.49472528699107]","[3212.956307686726, 922.0723125045412, 453.06730314136803, 211.49472528699062]","[3326.2231334720686, 974.945993826289, 453.06730314136985, 211.49472528699152]","[3439.489959257411, 1027.8196751480366, 453.06730314136985, 211.49472528699016]","[3550.8597248162696, 1080.5325422580302, 445.47906223543396, 210.85146843997427]","[3660.1409861451466, 1133.7324699043916, 437.12504531550803, 212.7997105854456]","[3778.711679215631, 1170.0997968475922, 474.2827722819388, 145.46930777280264]","[3901.4191747555496, 1193.9298312227213, 490.8299821596738, 95.32013750051647]","[3998.7090465969354, 1257.911308532873, 389.1594873655431, 255.92590924060642]","[4103.824604252614, 1304.0906051089537, 420.46223062271565, 184.71718630432315]","[4225.004302163641, 1327.2861416608046, 484.7187916441071, 92.78214620740346]","[4321.472400801357, 1393.1798091751514, 385.87239455086456, 263.57467005738727]","[4397.817024652883, 1464.9324555948883, 305.3784954061048, 287.0105856789478]","[4478.294747624053, 1458.8937480682978, 321.9108918846796, -24.15483010636217]"
316,Robot,"[4557.691023409287, 1441.447947948614, 0, 0]","[4550.907338613447, 1386.4920528908326, -27.13473918335876, -219.82358023112556]","[4582.38066376182, 1477.2624536882022, 125.89330059349231, 363.0816031894783]","[4561.565389908219, 1596.291947117634, -83.26109541440383, 476.1179737177272]","[4599.945585847606, 1674.6033966332436, 153.52078375754718, 313.24579806243855]","[4722.686673212023, 1666.8564400598414, 490.9643494576703, -30.987826293609032]","[4847.1685816254185, 1655.4874261289158, 497.9276336535804, -45.4760557237023]","[4971.650490038814, 1644.1184121979902, 497.9276336535804, -45.4760557237023]","[5096.132398452209, 1632.7493982670646, 497.92763365358087, -45.476055723702345]","[5220.614306865604, 1621.380384336139, 497.9276336535804, -45.4760557237023]","[5345.096215278999, 1610.0113704052137, 497.9276336535804, -45.47605572370139]","[5469.578123692394, 1598.642356474288, 497.9276336535804, -45.47605572370321]","[5470.228106773072, 1549.2462634557337, 2.5999323227115383, -197.58437207421684]","[5373.581577092329, 1469.971751154042, -386.58611872297115, -317.0980492067665]","[5276.935047411586, 1390.697238852351, -386.58611872297115, -317.0980492067647]","[5180.288517730844, 1311.4227265506593, -386.5861187229675, -317.0980492067665]"
317,Robot,"[5083.641988050101, 1232.148214248968, 0, 0]","[4986.995458369358, 1152.8737019472765, -386.58611872297115, -317.0980492067665]","[4890.348928688615, 1073.599189645585, -386.58611872297115, -317.0980492067656]","[4793.702399007872, 994.3246773438932, -386.58611872297115, -317.0980492067674]","[4701.387616078589, 910.466078376573, -369.2591317171318, -335.4343958692807]","[4616.773716263013, 818.457992003696, -338.45559926230635, -368.0323454915083]","[4532.159816447436, 726.4499056308189, -338.45559926230635, -368.0323454915083]","[4447.54591663186, 634.4418192579418, -338.45559926230635, -368.0323454915083]","[4362.932016816283, 542.4337328850647, -338.45559926230663, -368.03234549150864]","[4278.3181170007065, 450.4256465121886, -338.45559926230635, -368.03234549150443]","[4193.70421718513, 358.41756013931297, -338.45559926230635, -368.0323454915026]","[4109.090317369553, 266.4094737664373, -338.45559926230635, -368.0323454915026]","[4024.476417553967, 174.40138739356166, -338.45559926234455, -368.0323454915026]","[3939.8625177383783, 82.39330102068601, -338.45559926235546, -368.0323454915026]","[3855.248617922791, -9.614785352189802, -338.45559926235, -368.03234549150324]","[3770.634718107204, -101.62287172506576, -338.45559926234637, -368.03234549150386]"
318,Robot,"[3686.020818291622, -193.63095809794152, 0, 0]","[3601.40691847604, -285.6390444708172, -338.4555992623282, -368.03234549150284]","[3516.793018660458, -377.6471308436928, -338.4555992623282, -368.0323454915024]","[3432.179118844876, -469.6552172165685, -338.4555992623282, -368.0323454915026]","[3347.565219029293, -561.6633035894449, -338.4555992623318, -368.0323454915058]","[3262.95131921371, -653.671389962322, -338.4555992623318, -368.0323454915083]","[3178.337419398127, -745.6794763351991, -338.4555992623318, -368.0323454915083]","[3093.723519582544, -837.6875627080761, -338.4555992623318, -368.0323454915083]","[3009.1096197669603, -929.6956490809532, -338.45559926233574, -368.03234549150864]","[2924.495719951377, -1021.7037354538304, -338.45559926233364, -368.03234549150875]","[2839.8818201357963, -1113.7118218267046, -338.4555992623227, -368.0323454914969]","[2755.267920320215, -1205.7199081995789, -338.45559926232454, -368.0323454914969]","[2670.654020504635, -1297.727994572453, -338.4555992623209, -368.0323454914969]","[2586.0401206890538, -1389.736080945327, -338.45559926232454, -368.032345491496]","[2501.426220873473, -1481.7441673182016, -338.4555992623227, -368.03234549149784]","[2416.8123210578924, -1573.7522536910758, -338.4555992623227, -368.0323454914969]"
319,Robot,"[2332.198421242312, -1665.76034006395, 0, 0]","[2247.584521426731, -1757.7684264368245, -338.45559926232454, -368.03234549149784]","[2163.532318240398, -1850.2040281493928, -336.20881274533167, -369.74240685027326]","[2078.9434996277364, -1942.0967667572456, -338.3552744506469, -367.57095443141134]","[1996.0585290733288, -2032.5856666519685, -331.5398822176303, -361.95559957889145]","[1915.787838155997, -2122.6181811245, -321.0827636693275, -360.1300578901264]","[1838.239071673071, -2211.2273951030897, -310.19506593170354, -354.4368559143586]","[1762.4875121347186, -2297.696244914391, -303.00623815340987, -345.8753992452057]","[1685.7662953540712, -2385.9919437209355, -306.8848671225899, -353.18279522617775]","[1615.8077592130512, -2468.9062267504432, -279.8341445640799, -331.65713211803086]","[1566.8317607478316, -2532.8364833423902, -195.90399386087847, -255.721026367788]","[1533.54788964768, -2613.435791464306, -133.1354844006064, -322.39723248766313]","[1503.169759274159, -2715.903083035007, -121.51252149408356, -409.86916628280414]","[1477.2644833893137, -2815.6841087501625, -103.62110353938169, -399.12410286062186]","[1449.1516723542957, -2909.0154589474814, -112.45124414007205, -373.3254007892756]","[1415.949987729389, -2994.78706099418, -132.8067384996266, -343.08640818679487]"
320,Robot,"[1378.8442660975377, -3072.3029871252725, 0, 0]","[1349.3328862838066, -3143.412985084987, -118.04551925492433, -284.439991838859]","[1340.714517485766, -3208.326989163934, -34.47347519216237, -259.6560163157865]","[1335.0610725886932, -3262.024004808351, -22.613779588291436, -214.78806257766882]","[1333.2867774693077, -3307.0809655142702, -7.0971804775417695, -180.22784282367684]","[1333.177896767639, -3344.825813103444, -0.4355228066751806, -150.97939035669515]","[1328.0377984007298, -3382.984209096612, -20.56039346763646, -152.63358397267257]","[1304.798320978263, -3413.5204158336387, -92.95790968986694, -122.14482694810613]","[1259.6903101626865, -3433.6543679745355, -180.43204326230642, -80.5358085635872]","[1172.753189575488, -3420.6998783680856, -347.7484823487939, 51.81795842579959]","[1060.0758773607863, -3373.605176116603, -450.70924885880686, 188.37880900592972]","[961.7954142232512, -3297.4443403716905, -393.1218525501404, 304.6433429796507]","[870.3861977700477, -3212.1838269589134, -365.636865812814, 341.0420536511083]","[778.9769813168441, -3126.9233135461363, -365.63686581281445, 341.0420536511083]","[694.1042971349063, -3050.176705192992, -339.490736727751, 306.98643341257775]","[592.7010344503859, -3001.99167186329, -405.6130507380817, 192.74013331880815]"
321,Robot,"[495.0384169645136, -2951.807660640502, 0, 0]","[439.2760486400591, -2861.5121173033936, -223.04947329781794, 361.18217334843393]","[378.9294221439605, -2772.2470168429068, -241.3865059843945, 357.06040184194717]","[403.97200004199226, -2676.3592997659493, 100.17031159212706, 383.55086830782966]","[480.0662995556685, -2579.9399945057285, 304.3771980547049, 385.6772210408835]","[506.8791839460035, -2490.8171176539267, 107.25153756134, 356.4915074072069]","[507.3953801448259, -2406.471227101419, 2.0647847952895972, 337.3835622100305]","[533.2065859187829, -2324.837500465605, 103.24482309582822, 326.5349065432565]","[559.556696543521, -2225.476786269405, 105.40044249895219, 397.44285678480117]","[478.9073489361375, -2142.1303039837107, -322.5973904295338, 333.38592914277615]","[371.8388736765352, -2077.621842479939, -428.27390103840935, 258.03384601508697]","[264.7703984169329, -2013.1133809761675, -428.2739010384091, 258.03384601508606]","[157.70192315733067, -1948.6049194723955, -428.2739010384089, 258.0338460150879]","[50.63344789772839, -1884.096457968624, -428.2739010384091, 258.03384601508606]","[-56.43502736187386, -1819.587996464852, -428.273901038409, 258.0338460150879]","[-163.50350262147614, -1755.0795349610792, -428.2739010384091, 258.0338460150915]"
322,Robot,"[-270.5719778810784, -1690.5710734573045, 0, 0]","[-377.6404531406807, -1626.0626119535298, -428.2739010384091, 258.0338460150988]","[-484.70892840028296, -1561.554150449755, -428.2739010384091, 258.0338460150988]","[-591.7774036598842, -1497.045688945981, -428.2739010384048, 258.03384601509606]","[-698.845878919485, -1432.537227442207, -428.27390103840344, 258.03384601509606]","[-805.9143541790859, -1368.0287659384337, -428.27390103840344, 258.03384601509333]","[-912.9828294386868, -1303.5203044346597, -428.2739010384039, 258.03384601509606]","[-1020.0513046982876, -1239.011842930886, -428.273901038403, 258.03384601509515]","[-1127.1197799578913, -1174.5033814271103, -428.2739010384152, 258.03384601510265]","[-1234.188255217495, -1109.9949199233347, -428.2739010384148, 258.0338460151024]","[-1341.2567304770987, -1045.4864584195593, -428.2739010384148, 258.0338460151015]","[-1426.0491901788344, -960.2876249387184, -339.1698388069426, 340.7953339233636]","[-1482.4903573523743, -848.7555907597941, -225.7646686941598, 446.1281367156971]","[-1538.9315245259145, -737.2235565808699, -225.76466869416072, 446.1281367156971]","[-1595.3726916994542, -625.6915224019456, -225.7646686941589, 446.1281367156971]","[-1651.8138588729942, -514.1594882230213, -225.7646686941598, 446.1281367156971]"
323,Robot,"[-1708.255026046534, -402.6274540440984, 0, 0]","[-1764.696193220074, -291.0954198651756, -225.7646686941598, 446.1281367156912]","[-1821.137360393614, -179.56338568625222, -225.7646686941598, 446.1281367156935]","[-1877.578527567154, -68.03135150732865, -225.7646686941598, 446.12813671569427]","[-1934.019694740694, 43.50068267159486, -225.7646686941598, 446.12813671569404]","[-1990.4608619142336, 155.03271685051843, -225.7646686941589, 446.12813671569427]","[-2046.9020290877736, 266.56475102944194, -225.7646686941598, 446.12813671569404]","[-2103.343196261308, 378.0967852083648, -225.76466869413798, 446.1281367156914]","[-2159.7843634348424, 489.6288193872877, -225.76466869413727, 446.12813671569205]","[-2216.2255306083825, 601.1608535662116, -225.76466869416072, 446.1281367156955]","[-2273.628858169067, 711.7169637184612, -229.6133102427375, 442.2244406089985]","[-2330.018188887183, 823.2752147856185, -225.55732287246428, 446.233004268629]","[-2386.407519605299, 934.8334658527756, -225.55732287246428, 446.2330042686285]","[-2442.796850323415, 1046.3917169199328, -225.55732287246428, 446.233004268629]","[-2499.186181041531, 1157.94996798709, -225.55732287246428, 446.233004268629]","[-2555.5755117596477, 1269.508219054247, -225.5573228724661, 446.23300426862806]"
324,Robot,"[-2611.964842477764, 1381.0664701214046, 0, 0]","[-2668.3541731958794, 1492.6247211885618, -225.55732287246246, 446.233004268629]","[-2724.7435039139955, 1604.182972255719, -225.55732287246428, 446.233004268629]","[-2781.132834632112, 1715.7412233228763, -225.5573228724661, 446.233004268629]","[-2837.522165350228, 1827.2994743900333, -225.55732287246428, 446.23300426862806]","[-2893.911496068344, 1938.8577254571908, -225.55732287246428, 446.2330042686299]","[-2950.30082678646, 2050.415976524348, -225.55732287246428, 446.233004268629]","[-3006.690157504576, 2161.9742275915, -225.55732287246246, 446.23300426860806]","[-3063.079488222692, 2273.532478658651, -225.55732287246448, 446.2330042686048]","[-3119.468818940812, 2385.0907297258027, -225.55732287248065, 446.23300426860624]","[-3175.858149658932, 2496.6489807929543, -225.55732287247884, 446.23300426860624]","[-3232.247480377052, 2608.207231860106, -225.55732287248065, 446.23300426860624]","[-3288.636811095172, 2719.7654829272574, -225.55732287248065, 446.23300426860624]","[-3345.0261418132923, 2831.323733994409, -225.55732287248065, 446.23300426860624]","[-3401.415472531413, 2942.8819850615605, -225.55732287248247, 446.23300426860624]","[-3282.3242459938306, 2960.833975968475, 476.36490615032926, 71.80796362765795]"
325,Robot,"[-3162.4363746139074, 2995.9492779759744, 0, 0]","[-3043.2999097262323, 3033.7391996720494, 476.5458595507007, 151.1596867843]","[-2922.5975440746543, 3065.743016286205, 482.8094626063121, 128.01526645662307]","[-2798.0359743165764, 3065.2027396213307, 498.2462790323116, -2.1611066594978183]","[-2673.7564640198943, 3055.776940439084, 497.1180411867281, -37.70319672898768]","[-2550.660267963596, 3075.997239614604, 492.38478422519256, 80.88119670208107]","[-2427.936700689177, 3090.444923030425, 490.89426909767644, 57.79073366328339]","[-2316.9327289721327, 3033.4644172864387, 444.0158868681774, -227.92202297594486]","[-2206.77135291402, 2974.392670867496, 440.64550423245095, -236.28698567577177]","[-2096.6099768559066, 2915.3209244485543, 440.6455042324542, -236.28698567576612]","[-1986.4486007977932, 2856.2491780296173, 440.6455042324533, -236.28698567574793]","[-1876.2872247396804, 2797.1774316106803, 440.64550423245146, -236.28698567574793]","[-1766.1258486815673, 2738.105685191743, 440.64550423245237, -236.28698567574975]","[-1654.4960383928687, 2682.202517196476, 446.51924115479414, -223.61267198106725]","[-1538.216186373983, 2636.333180876165, 465.1194080755431, -183.4773452812442]","[-1421.9363343550972, 2590.463844555854, 465.1194080755431, -183.4773452812442]"
326,Robot,"[-1305.6564823362114, 2544.594508235543, 0, 0]","[-1189.3766303173256, 2498.725171915232, 465.1194080755431, -183.4773452812442]","[-1073.09677829844, 2452.855835594921, 465.1194080755422, -183.4773452812442]","[-956.816926279554, 2406.9864992746097, 465.11940807554447, -183.4773452812442]","[-840.5370742606683, 2361.1171629542987, 465.11940807554265, -183.4773452812442]","[-724.2572222417825, 2315.247826633988, 465.1194080755431, -183.47734528124238]","[-607.9773702228968, 2269.3784903136766, 465.1194080755431, -183.47734528124602]","[-491.6975182040107, 2223.509153993365, 465.11940807554424, -183.47734528124602]","[-375.4176661851235, 2177.6398176730545, 465.1194080755492, -183.47734528124255]","[-259.1378141662363, 2131.7704813527434, 465.1194080755488, -183.4773452812442]","[-142.8579621473491, 2085.9011450324324, 465.1194080755488, -183.4773452812442]","[-26.578110128462207, 2040.0318087121211, 465.11940807554754, -183.4773452812451]","[89.70174189042469, 1994.1624723918103, 465.11940807554754, -183.4773452812433]","[205.98159390931173, 1948.2931360714992, 465.11940807554817, -183.4773452812442]","[322.2614459281989, 1902.423799751188, 465.1194080755487, -183.4773452812451]","[438.54129794708615, 1856.5544634308767, 465.119408075549, -183.4773452812451]"
327,Robot,"[554.8211499659728, 1810.685127110566, 0, 0]","[671.1010019848586, 1764.815790790255, 465.1194080755431, -183.4773452812442]","[787.3808540037444, 1718.946454469944, 465.1194080755431, -183.4773452812442]","[903.6607060226302, 1673.077118149633, 465.1194080755431, -183.4773452812442]","[1019.940558041516, 1627.207781829322, 465.11940807554356, -183.4773452812442]","[1136.2204100604015, 1581.3384455090109, 465.11940807554174, -183.4773452812442]","[1252.5002620792875, 1535.4691091886998, 465.119408075544, -183.4773452812442]","[1368.7801140981733, 1489.5997728683888, 465.1194080755431, -183.4773452812442]","[1485.059966117059, 1443.7304365480777, 465.1194080755435, -183.47734528124437]","[1601.3398181359448, 1397.8611002277669, 465.1194080755431, -183.4773452812433]","[1717.6196701548306, 1351.9917639074556, 465.1194080755431, -183.4773452812451]","[1833.8995221737164, 1306.1224275871446, 465.1194080755431, -183.4773452812442]","[1950.1793741926024, 1260.2530912668335, 465.119408075544, -183.4773452812442]","[2066.459226211488, 1214.3837549465225, 465.1194080755422, -183.4773452812442]","[2182.7390782303737, 1168.5144186262114, 465.1194080755431, -183.4773452812442]","[2299.0189302492595, 1122.6450823059004, 465.1194080755431, -183.4773452812442]"
328,Robot,"[2415.2987822681453, 1076.7757459855925, 0, 0]","[2531.578634287031, 1030.906409665285, 465.1194080755431, -183.47734528122965]","[2647.858486305917, 985.037073344977, 465.1194080755431, -183.47734528123237]","[2753.778206794871, 921.613877591673, 423.6788819558169, -253.69278301321583]","[2849.7456088427352, 842.1761996434635, 383.8696081914568, -317.75071179283805]","[2926.6783223352163, 752.6879704652163, 307.7308539699243, -357.952916712989]","[2964.8611946778683, 634.3506354509921, 152.73148937060796, -473.34934005689684]","[3022.6081405340524, 552.9728068902302, 230.98778342473634, -325.5113142430473]","[3125.357342517095, 487.6785299934631, 410.9968079321701, -261.1771075870688]","[3236.3712064590045, 446.5122582829672, 444.0554557676387, -164.66508684198357]","[3343.201491989233, 394.85182523900346, 427.3211421209144, -206.64173217585494]","[3440.276304330731, 316.1023439145954, 388.2992493659913, -314.99792529763226]","[3537.3511166722287, 237.3528625901872, 388.2992493659913, -314.99792529763283]","[3634.425929013727, 158.60338126577838, 388.2992493659931, -314.9979252976352]","[3731.500741355224, 79.8538999413696, 388.29924936598763, -314.9979252976351]","[3828.575553696722, 1.1044186169608228, 388.2992493659931, -314.9979252976351]"
329,Robot,"[3925.65036603822, -77.64506270744796, 0, 0]","[4022.725178379718, -156.39454403185675, 388.2992493659913, -314.99792529763516]","[4142.841964288446, -164.00268730879603, 480.46714363491446, -30.432573107757094]","[4234.313026257658, -205.06731790917348, 365.8842478768456, -164.25852240150982]","[4265.11733089233, -322.4062626019578, 123.21721853868803, -469.35577877113724]","[4243.125900779818, -444.9438462958722, -87.96572045004723, -490.1503347756577]","[4218.839358241087, -566.9125797196142, -97.14617015492331, -487.8749336949679]","[4241.930609020455, -677.3491172100445, 92.36500311747295, -441.74614996172113]","[4267.729514643272, -774.7187328615144, 103.19562249126474, -389.4784626058798]","[4209.194865921534, -793.9648209745459, -234.13859488695016, -76.98435245212613]","[4209.194865921534, -793.9648209745459, 0.0, 0.0]","[4299.43394529962, -845.5527358042967, 360.95631751234396, -206.35165931900337]","[4409.803106557524, -904.2353417725518, 441.4766450316165, -234.7304238730203]","[4520.172267815428, -962.9179477408068, 441.4766450316165, -234.73042387301984]","[4630.541429073332, -1021.600553709062, 441.4766450316165, -234.73042387302075]","[4740.910590331237, -1080.283159677317, 441.4766450316165, -234.73042387301984]"
330,Robot,"[4851.279751589141, -1138.965765645572, 0, 0]","[4961.648912847045, -1197.648371613827, 441.4766450316165, -234.7304238730203]","[5072.018074104949, -1256.330977582082, 441.4766450316165, -234.7304238730194]","[5182.387235362853, -1315.0135835503372, 441.4766450316165, -234.7304238730212]","[5292.756396620757, -1373.6961895185923, 441.4766450316165, -234.7304238730203]","[5403.125557878661, -1432.3787954868444, 441.4766450316165, -234.73042387300848]","[5513.494719136565, -1491.0614014550938, 441.4766450316165, -234.73042387299756]","[5623.86388039447, -1549.7440074233432, 441.4766450316165, -234.73042387299756]","[5732.797597634618, -1610.907612259528, 435.7348689605937, -244.65441934473915]","[5838.680996337035, -1677.3433396900753, 423.533594809669, -265.7429097221893]","[5944.564395039452, -1743.7790671206226, 423.533594809669, -265.7429097221893]","[5863.834327115097, -1648.345026375561, -322.9202716974214, 381.73616298024626]","[5783.104259190742, -1552.9109856304997, -322.9202716974214, 381.73616298024535]","[5702.374191266386, -1457.476944885438, -322.9202716974214, 381.7361629802472]","[5621.644123342031, -1362.0429041403722, -322.9202716974214, 381.73616298026263]","[5540.91405541768, -1266.608863395305, -322.9202716974032, 381.736162980269]"
331,Robot,"[5460.183987493335, -1171.1748226502375, 0, 0]","[5379.453919568989, -1075.7407819051705, -322.92027169738503, 381.7361629802681]","[5265.07921402778, -1053.1481314009554, -457.49882216483456, 90.37060201686018]","[5140.079886081246, -1053.5580251833253, -499.9973117861373, -1.6395751294794536]","[5015.080558134711, -1053.9679189656952, -499.9973117861373, -1.6395751294794536]","[4890.081230188177, -1054.377812748065, -499.9973117861373, -1.6395751294794536]","[4765.081902241643, -1054.787706530435, -499.9973117861373, -1.6395751294794536]","[4640.082574295108, -1055.1976003128048, -499.9973117861373, -1.6395751294794536]","[4515.083246348574, -1055.6074940951746, -499.99731178613774, -1.6395751294794552]","[4390.08391840204, -1056.0173878775445, -499.9973117861373, -1.6395751294794536]","[4265.084590455505, -1056.4272816599143, -499.9973117861373, -1.6395751294794536]","[4140.085262508971, -1056.8371754422842, -499.9973117861373, -1.6395751294794536]","[4015.085934562429, -1057.247069224654, -499.9973117861682, -1.6395751294794536]","[3890.0866066158833, -1057.656963007024, -499.99731178618276, -1.6395751294794536]","[3765.0872786693376, -1058.0668567893938, -499.99731178618276, -1.6395751294794536]","[3640.087950722792, -1058.4767505717637, -499.99731178618276, -1.6395751294794536]"
332,Robot,"[3515.088622776246, -1058.8866443541335, 0, 0]","[3390.0892948297005, -1059.2965381365034, -499.99731178618276, -1.6395751294794536]","[3265.089966883155, -1059.7064319188732, -499.99731178618276, -1.6395751294794536]","[3140.090638936609, -1060.116325701243, -499.99731178618276, -1.6395751294794536]","[3015.0913109900634, -1060.526219483613, -499.99731178618276, -1.6395751294794536]","[2890.0919830435178, -1060.9361132659828, -499.99731178618276, -1.6395751294794536]","[2765.092655096972, -1061.3460070483527, -499.99731178618276, -1.6395751294794536]","[2640.0933271504264, -1061.7559008307226, -499.99731178618276, -1.6395751294794536]","[2515.0939992038807, -1062.1657946130924, -499.9973117861832, -1.6395751294794552]","[2390.094671257335, -1062.5756883954623, -499.99731178618276, -1.6395751294794536]","[2265.0953433107893, -1062.9855821778322, -499.99731178618276, -1.6395751294794536]","[2140.096015364244, -1063.395475960202, -499.99731178618094, -1.6395751294794536]","[2015.0966874176995, -1063.805369742572, -499.9973117861782, -1.639575129480363]","[1890.0973594711595, -1064.2152635249415, -499.99731178616, -1.6395751294776346]","[1765.0980315246195, -1064.6251573073112, -499.99731178616, -1.6395751294785441]","[1640.0987035780795, -1065.0350510896783, -499.99731178616, -1.6395751294685397]"
333,Robot,"[1515.0993756315395, -1065.4449448720452, 0, 0]","[1390.1000476849997, -1065.8548386544123, -499.9973117861591, -1.6395751294685397]","[1265.1007197384597, -1066.2647324367792, -499.99731178616, -1.6395751294676302]","[1140.1013917919197, -1066.6746262191464, -499.99731178616, -1.6395751294685397]","[1015.1020638453792, -1067.0845200015133, -499.99731178616184, -1.6395751294676302]","[890.1027358988364, -1067.4944137838804, -499.9973117861714, -1.6395751294685397]","[767.4007194969774, -1077.14563750422, -490.80806560743576, -38.60489488135863]","[656.759588704709, -1135.3138433989168, -442.5645231690737, -232.67282357878685]","[546.1184579124406, -1193.4820492936135, -442.5645231690741, -232.67282357878705]","[435.4773271201712, -1251.6502551883102, -442.5645231690776, -232.67282357878685]","[324.8361963279013, -1309.818461083007, -442.5645231690796, -232.67282357878685]","[214.19506553563144, -1367.9866669777036, -442.5645231690794, -232.67282357878685]","[103.5539347433616, -1426.1548728724003, -442.5645231690794, -232.67282357878685]","[-7.087196048908222, -1484.323078767097, -442.5645231690793, -232.67282357878685]","[-117.72832684117805, -1542.4912846617938, -442.5645231690793, -232.67282357878685]","[-228.3694576334479, -1600.6594905564905, -442.5645231690794, -232.67282357878685]"
334,Robot,"[-339.01058842571774, -1658.8276964511872, 0, 0]","[-449.6517192179876, -1716.995902345884, -442.5645231690794, -232.67282357878685]","[-560.2928500102569, -1775.1641082405806, -442.5645231690771, -232.67282357878685]","[-670.9339808025253, -1833.332314135277, -442.5645231690737, -232.67282357878594]","[-781.5751115947937, -1891.500520029974, -442.5645231690737, -232.67282357878776]","[-892.2162423870622, -1949.6687259246708, -442.5645231690737, -232.67282357878685]","[-1002.8573731793306, -2007.8369318193677, -442.5645231690737, -232.67282357878776]","[-1113.4985039716014, -2066.0051377140644, -442.56452316908326, -232.67282357878685]","[-1224.139634763873, -2124.173343608761, -442.5645231690864, -232.67282357878705]","[-1334.780765556144, -2182.341549503458, -442.56452316908417, -232.67282357878685]","[-1445.4218963484152, -2240.5097553981545, -442.5645231690851, -232.67282357878685]","[-1556.0630271406865, -2298.6779612928517, -442.5645231690851, -232.67282357878867]","[-1666.7041579329575, -2356.846167187548, -442.56452316908417, -232.67282357878503]","[-1787.6741674151106, -2373.062425786197, -483.8800379286122, -64.86503439459557]","[-1893.127651686145, -2347.6995864854925, -421.81393708413816, 101.45135720281723]","[-1954.528521315696, -2289.7537582757677, -245.6034785182037, 231.7833128388993]"
335,Robot,"[-1859.4476068991028, -2208.608088559484, 0, 0]","[-1764.3666924825095, -2127.4624188431994, 380.32365766637304, 324.5826788651375]","[-1669.2857780659167, -2046.3167491269155, 380.3236576663712, 324.5826788651357]","[-1574.2048636493237, -1965.1710794106257, 380.3236576663721, 324.5826788651593]","[-1479.1239492327325, -1884.025409694336, 380.32365766636485, 324.5826788651584]","[-1384.0430348161412, -1802.8797399780465, 380.32365766636485, 324.5826788651584]","[-1288.9621203995505, -1721.7340702617569, 380.32365766636303, 324.5826788651584]","[-1193.8812059829593, -1640.5884005454673, 380.32365766636485, 324.5826788651584]","[-1098.8002915663683, -1559.4427308291777, 380.3236576663643, 324.5826788651587]","[-1003.7193771497772, -1478.297061112888, 380.3236576663644, 324.5826788651584]","[-908.6384627331872, -1397.1513913965985, 380.32365766635985, 324.5826788651584]","[-813.5575483165969, -1316.0057216803089, 380.3236576663612, 324.5826788651584]","[-718.4766339000067, -1234.8600519640192, 380.32365766636076, 324.5826788651584]","[-623.3957194834165, -1153.7143822477296, 380.32365766636076, 324.5826788651584]","[-528.3148050668264, -1072.56871253144, 380.32365766636076, 324.5826788651584]","[-433.23389065023616, -991.4230428151504, 380.32365766636076, 324.5826788651584]"
336,Robot,"[-338.152976233646, -910.2773730988608, 0, 0]","[-243.07206181705575, -829.1317033825712, 380.3236576663609, 324.5826788651584]","[-147.9911474004656, -747.9860336662816, 380.32365766636065, 324.5826788651584]","[-52.910232983875126, -666.840363949992, 380.3236576663619, 324.5826788651584]","[42.17068143271537, -585.6946942337024, 380.323657666362, 324.5826788651584]","[137.25159584930594, -504.549024517413, 380.3236576663623, 324.58267886515773]","[232.3325102658964, -423.4033548011248, 380.3236576663618, 324.58267886515273]","[327.4134246824865, -342.2576850848366, 380.3236576663604, 324.58267886515273]","[422.4943390990768, -261.11201536854844, 380.32365766636156, 324.582678865153]","[517.575253515667, -179.9663456522599, 380.32365766636076, 324.5826788651542]","[612.6561679322572, -98.82067593597152, 380.32365766636076, 324.58267886515347]","[707.7370823488474, -17.675006219683002, 380.32365766636076, 324.5826788651541]","[802.8179967654376, 63.47066349660546, 380.32365766636076, 324.58267886515387]","[897.8989111820277, 144.61633321289392, 380.32365766636076, 324.58267886515387]","[998.0383929162308, 216.27129630710152, 400.55792693681224, 286.6198523768304]","[1118.412143920886, 249.9634329129868, 481.4950040186204, 134.76854642354112]"
337,Robot,"[1238.785894925541, 283.6555695188715, 0, 0]","[1359.159645930196, 317.3477061247562, 481.4950040186195, 134.76854642353874]","[1479.5333969348512, 351.03984273064174, 481.49500401862133, 134.76854642354215]","[1599.9071479395063, 384.7319793365276, 481.4950040186204, 134.7685464235435]","[1720.2808989441614, 418.4241159424132, 481.4950040186204, 134.76854642354238]","[1840.6546499488163, 452.11625254829886, 481.4950040186195, 134.7685464235426]","[1961.028400953472, 485.80838915418457, 481.49500401862315, 134.76854642354283]","[2081.402151958125, 519.50052576007, 481.49500401861224, 134.7685464235417]","[2201.7759029627746, 553.1926623659546, 481.49500401859814, 134.7685464235384]","[2321.959973794387, 582.106552710943, 480.7362833264506, 115.65556137995372]","[2442.346914233934, 552.0628940449803, 481.54776175818733, -120.17463466385061]","[2557.4498966142705, 503.562598907875, 460.4119295213459, -194.00118054842142]","[2679.671813802928, 503.5832385929889, 488.8876687546308, 0.0825587404556245]","[2798.6133438428265, 539.717482357984, 475.7661201595929, 144.53697505998025]","[2916.557987230003, 508.6787860374467, 471.77857354870685, -124.15478528214908]","[3023.1851647356343, 443.8012468725294, 426.5087100225246, -259.51015665966906]"
338,Robot,"[3126.3064392005326, 411.9874222679055, 0, 0]","[3240.979438126913, 461.7378324896219, 458.69199570552155, 199.00164088686552]","[3355.6524370532934, 511.4882427113383, 458.69199570552155, 199.00164088686552]","[3470.325435979674, 561.2386529330547, 458.69199570552155, 199.00164088686574]","[3584.998434906054, 610.9890631547711, 458.69199570552155, 199.00164088686552]","[3699.6714338324346, 660.7394733764875, 458.69199570552155, 199.00164088686552]","[3814.344432758815, 710.4898835982038, 458.69199570552155, 199.00164088686552]","[3929.017431685201, 760.2402938199202, 458.6919957055434, 199.00164088686552]","[4043.690430611588, 809.9907040416366, 458.69199570554923, 199.0016408868657]","[4158.363429537971, 859.741114263353, 458.69199570553064, 199.00164088686552]","[4273.036428464351, 909.4915244850694, 458.69199570552155, 199.00164088686552]","[4387.709427390731, 959.2419347067856, 458.69199570552155, 199.00164088686506]","[4502.382426317112, 1008.992344928502, 458.69199570552155, 199.00164088686552]","[4617.055425243492, 1058.7427551502165, 458.69199570552155, 199.00164088685779]","[4731.728424169873, 1108.49316537193, 458.69199570552155, 199.00164088685415]","[4846.401423096253, 1158.2435755936435, 458.69199570552155, 199.00164088685415]"
339,Robot,"[4961.074422022633, 1207.993985815357, 0, 0]","[5075.747420949014, 1257.7443960370706, 458.69199570552155, 199.00164088685415]","[5190.420419875394, 1307.494806258784, 458.69199570552155, 199.00164088685324]","[5305.093418801775, 1357.2452164804977, 458.6919957055252, 199.00164088685506]","[5419.766417728155, 1406.9956267022112, 458.6919957055179, 199.00164088685415]","[5524.310495525335, 1474.3399562769075, 418.1763111887194, 269.3773182987852]","[5624.915548438937, 1548.5263655999863, 402.42021165440747, 296.7456372923152]","[5510.719805633918, 1530.901478183499, -456.7829712200728, -70.49954966594942]","[5387.574029673958, 1509.4511200695297, -492.58310383984326, -85.80143245587722]","[5264.428253713997, 1488.00076195556, -492.5831038398428, -85.80143245587897]","[5141.282477754036, 1466.5504038415904, -492.5831038398428, -85.80143245587806]","[5018.136701794076, 1445.100045727621, -492.5831038398428, -85.80143245587806]","[4894.990925834115, 1423.6496876136514, -492.5831038398428, -85.80143245587806]","[4771.845149874154, 1402.199329499682, -492.5831038398428, -85.80143245587715]","[4648.6993739141935, 1380.7489713857124, -492.5831038398428, -85.80143245587897]","[4537.214288637696, 1360.4071325243438, -445.9403411059902, -81.36735544547446]"
340,Robot,"[4444.562337620473, 1318.2662118316855, 0, 0]","[4350.481744390961, 1281.515509558876, -376.32237291804995, -147.0028090912383]","[4229.456996797434, 1272.6371499507684, -484.0989903741065, -35.51343843243012]","[4106.922360508813, 1258.921747279638, -490.13854515448475, -54.86161068452111]","[3991.50033846441, 1264.5437798104929, -461.68808817761055, 22.48813012341907]","[3879.987091895448, 1274.4859947888788, -446.0529862758485, 39.768859913543565]","[3758.394188941169, 1249.9168096182943, -486.371611817116, -98.27674068233773]","[3636.218857731684, 1223.4935538792358, -488.7013248379408, -105.69302295623402]","[3514.043526522199, 1197.0702981401798, -488.7013248379394, -105.69302295622411]","[3393.18863714748, 1211.863540975431, -483.4195574988753, 59.172971341004995]","[3272.9551321655917, 1246.0527831397676, -480.9340199275539, 136.75696865734608]","[3152.721627183703, 1280.242025304104, -480.9340199275557, 136.75696865734517]","[3032.4881222018143, 1314.4312674684406, -480.9340199275539, 136.756968657347]","[2912.254617219926, 1348.6205096327772, -480.9340199275539, 136.75696865734608]","[2792.0211122380374, 1382.8097517971137, -480.9340199275539, 136.75696865734608]","[2679.729362082805, 1436.3257985436337, -449.1670006209297, 214.06418698608013]"
341,Robot,"[2576.9807880519, 1507.4740097653098, 0, 0]","[2460.952167085292, 1551.493623402058, -464.11448386643315, 176.07845454699236]","[2340.1158921533115, 1583.4872893464762, -483.3450997279215, 127.97466377767341]","[2222.6132108008687, 1624.8794696561752, -470.0107254097711, 165.56872123879566]","[2112.041052890618, 1683.152895752881, -442.2886316410022, 233.09370438682345]","[1998.5058345605803, 1734.2926078933758, -454.1408733201515, 204.55884856197918]","[1877.3962354744092, 1765.164557422118, -484.4383963446844, 123.48779811496843]","[1756.4893896406393, 1796.6879248843072, -483.6273833350797, 126.0934698487572]","[1635.1039010842917, 1826.530229888064, -485.5419542253908, 119.36922001502727]","[1513.7184125279437, 1856.3725348918213, -485.54195422539215, 119.36922001502899]","[1392.3329239715958, 1886.2148398955785, -485.54195422539124, 119.36922001502899]","[1270.947435415248, 1916.0571448993355, -485.54195422539124, 119.36922001502808]","[1149.5619468589002, 1945.8994499030923, -485.54195422539124, 119.36922001502717]","[1028.1764583025524, 1975.741754906849, -485.54195422539124, 119.36922001502717]","[906.7909697462076, 2005.5840599106064, -485.5419542253794, 119.36922001502899]","[785.4054811898625, 2035.4263649143636, -485.5419542253803, 119.36922001502899]"
342,Robot,"[664.0199926335171, 2065.268669918117, 0, 0]","[542.6345040771721, 2095.1109749218685, -485.54195422537987, 119.36922001500534]","[421.2490155208261, 2124.95327992562, -485.54195422538396, 119.36922001500534]","[299.86352696447966, 2154.795584929371, -485.5419542253858, 119.36922001500534]","[178.47803840813327, 2184.6378899331226, -485.54195422538555, 119.36922001500534]","[57.0925498517871, 2214.480194936874, -485.5419542253847, 119.36922001500534]","[-64.29293870455892, 2244.322499940625, -485.5419542253841, 119.36922001500534]","[-185.6784272609048, 2274.164804944377, -485.54195422538356, 119.36922001500716]","[-307.06391581725075, 2304.007109948128, -485.5419542253842, 119.36922001500362]","[-428.44940437359713, 2333.849414951885, -485.54195422538555, 119.36922001502899]","[-549.8348929299431, 2363.6917199556424, -485.54195422538373, 119.36922001502899]","[-671.220381486288, 2393.534024959399, -485.54195422537987, 119.36922001502717]","[-792.605870042633, 2423.376329963156, -485.54195422537987, 119.36922001502717]","[-913.991358598978, 2453.2186349669128, -485.54195422537987, 119.36922001502717]","[-1035.3768471553233, 2483.0609399706696, -485.54195422538123, 119.36922001502717]","[-1156.2486679590268, 2514.9072539691592, -483.48728321481394, 127.38525599395871]"
343,Robot,"[-1277.022647286036, 2547.1352839666456, 0, 0]","[-1397.7966266130454, 2579.363313964132, -483.0959173080373, 128.9121199899455]","[-1518.5706059400547, 2611.5913439616183, -483.0959173080373, 128.9121199899455]","[-1639.344585267064, 2643.8193739591047, -483.0959173080373, 128.9121199899455]","[-1760.1185645940734, 2676.047403956591, -483.0959173080373, 128.9121199899455]","[-1880.8925439210827, 2708.2754339540747, -483.0959173080373, 128.91211998993458]","[-2001.666523248092, 2740.5034639515547, -483.0959173080373, 128.91211998992003]","[-2122.4405025751016, 2772.7314939490348, -483.0959173080382, 128.91211998992003]","[-2243.616431813652, 2803.3686534491653, -484.70371695420226, 122.54863800052237]","[-2364.342013813985, 2835.7770936089155, -482.9023280013316, 129.63376063900068]","[-2484.229348066072, 2870.929102849442, -479.5493370083477, 140.60803696210678]","[-2603.401380781851, 2907.769457050564, -476.6881308631164, 147.36141680448782]","[-2726.143531492294, 2931.2409356343587, -490.96860284177274, 93.88591433517831]","[-2849.28425695644, 2952.53741512884, -492.56290185658327, 85.18591797792578]","[-2964.982247371856, 2987.7193558817503, -462.79196166166366, 140.7277630116405]","[-3074.5186133431075, 3047.6000486968783, -438.1454638850064, 239.52277126051195]"
344,Robot,"[-3176.285993887541, 3120.1720872442647, 0, 0]","[-3288.744652094706, 3163.4394622877035, -449.8346328286607, 173.06950017375493]","[-3375.5936989064967, 3253.2990758035457, -347.39618724716274, 359.43845406336914]","[-3446.712676777208, 3355.7327951294087, -284.4759114828448, 409.73487730345187]","[-3491.93201827266, 3471.877256101476, -180.8773659818089, 464.57784388826985]","[-3491.26302693274, 3595.6754176012846, 2.675965359680049, 495.1926459992337]","[-3439.849596241122, 3709.08838061156, 205.65372276647213, 453.65185204110094]","[-3360.357454147885, 3804.729371109992, 317.96856837294763, 382.5639619937283]","[-3255.1204425912724, 3755.7839033801056, 420.94804622645137, -195.7818709195455]","[-3155.535490160697, 3680.233673404288, 398.33980972230165, -302.2009199032709]","[-3055.9505377301216, 3604.68344342847, 398.33980972230165, -302.2009199032709]","[-2956.365585299546, 3529.1332134526524, 398.33980972230165, -302.2009199032709]","[-2856.7806328689708, 3453.5829834768347, 398.33980972230165, -302.2009199032709]","[-2757.195680438396, 3378.032753501017, 398.33980972229983, -302.2009199032709]","[-2657.61072800782, 3302.482523525199, 398.33980972230347, -302.2009199032709]","[-2558.0257755772445, 3226.932293549381, 398.33980972230165, -302.20091990327273]"
345,Robot,"[-2458.440823146669, 3151.382063573564, 0, 0]","[-2358.8558707160937, 3075.831833597746, 398.33980972230165, -302.20091990327273]","[-2259.2709182855183, 3000.2816036219283, 398.33980972230165, -302.2009199032709]","[-2159.685965854943, 2924.7313736461106, 398.33980972230165, -302.2009199032709]","[-2060.1010134243675, 2849.181143670291, 398.33980972230165, -302.2009199032782]","[-1960.516060993792, 2773.6309136944687, 398.33980972230165, -302.2009199032891]","[-1860.9311085632169, 2698.080683718646, 398.33980972230074, -302.2009199032909]","[-1761.3461561326412, 2622.5304537428237, 398.33980972230256, -302.2009199032891]","[-1653.4774013466836, 2561.9248609012634, 431.47501914383105, -242.42237136624158]","[-1536.6345273423951, 2517.509291621821, 467.37149601715373, -177.66227711776992]","[-1419.7916533381067, 2473.0937223423784, 467.37149601715373, -177.66227711776992]","[-1302.9487793338185, 2428.678153062936, 467.3714960171528, -177.66227711776992]","[-1186.1059053295298, 2384.262583783493, 467.37149601715464, -177.66227711777174]","[-1069.2630313252414, 2339.847014504051, 467.37149601715373, -177.6622771177681]","[-952.4201573209511, 2295.4314452246085, 467.371496017161, -177.66227711776992]","[-835.5772833166599, 2251.015875945166, 467.3714960171651, -177.66227711776992]"
346,Robot,"[-718.7344093123686, 2206.600306665724, 0, 0]","[-601.8915353080773, 2162.18473738628, 467.3714960171651, -177.66227711777537]","[-485.0486613037861, 2117.769168106832, 467.3714960171649, -177.66227711779356]","[-368.2057872994948, 2073.3535988273834, 467.3714960171653, -177.66227711779356]","[-251.36291329520355, 2028.9380295479352, 467.3714960171649, -177.66227711779266]","[-134.52003929091296, 1984.522460268487, 467.37149601716237, -177.66227711779266]","[-17.677165286622383, 1940.106890989039, 467.3714960171623, -177.66227711779266]","[99.16570871766822, 1895.6913217095907, 467.3714960171624, -177.66227711779266]","[216.0085827219588, 1851.2757524301423, 467.37149601716266, -177.66227711779374]","[332.8514567262498, 1806.8601831506944, 467.3714960171641, -177.66227711779175]","[449.6943307305411, 1762.4446138712462, 467.3714960171651, -177.66227711779266]","[566.5372047348324, 1718.029044591798, 467.3714960171651, -177.66227711779266]","[683.3800787391236, 1673.61347531235, 467.3714960171651, -177.66227711779266]","[800.2229527434149, 1629.1979060329018, 467.3714960171651, -177.66227711779266]","[917.0658267477062, 1584.7823367534536, 467.3714960171651, -177.66227711779266]","[1033.9087007519972, 1540.3667674740054, 467.3714960171642, -177.66227711779266]"
347,Robot,"[1150.7515747562857, 1495.9511981945573, 0, 0]","[1267.594448760574, 1451.535628915109, 467.37149601715373, -177.66227711779266]","[1384.4373227648623, 1407.120059635661, 467.3714960171528, -177.66227711779266]","[1501.280196769151, 1362.7044903562128, 467.37149601715464, -177.66227711779266]","[1618.1230707734394, 1318.2889210767646, 467.37149601715373, -177.66227711779266]","[1734.9659447777278, 1273.8733517973164, 467.37149601715373, -177.66227711779266]","[1851.8088187820165, 1229.4577825178685, 467.37149601715464, -177.66227711779175]","[1968.6516927863047, 1185.04221323842, 467.3714960171528, -177.66227711779447]","[2085.494566790595, 1140.626643958972, 467.3714960171614, -177.66227711779192]","[2202.300211367495, 1096.2296544192725, 467.222578307601, -177.58795815879785]","[2319.11604270984, 1051.9473263742611, 467.26332536937844, -177.12931218004542]","[2376.4842839856838, 1031.6160090029798, 229.47296510337583, -81.32526948512532]","[2485.2344759298835, 973.056800434518, 435.00076777679897, -234.2368342738473]","[2593.9832708335493, 911.8682974807411, 434.99517961466336, -244.75401181510733]","[2652.6226023046875, 805.8954086846809, 234.55732588455248, -423.89155518424104]","[2643.434435443734, 696.6720768596637, -36.75266744381406, -436.8933273000689]"
348,Robot,"[2666.395953474698, 608.0286876185652, 0, 0]","[2770.56476402673, 541.7155017162851, 416.6752422081263, -265.25274360912044]","[2872.1869219034297, 496.1922954855824, 406.4886315067997, -182.09282492281068]","[2935.7827210223995, 488.90659800883657, 254.38319647587923, -29.142789906983353]","[2986.133669254264, 493.4402559388094, 201.4037929274582, 18.13463171989133]","[3069.4805660865677, 463.79872938483646, 333.3875873292145, -118.56610621589175]","[3171.083492124497, 415.8196841519207, 406.41170415171655, -191.91618093166312]","[3250.2641082356536, 387.5036046411128, 316.7224644446269, -113.26431804323147]","[3356.135991806093, 332.6377883253926, 423.4875342817581, -219.4632652628811]","[3466.9887668253864, 274.8739391589553, 443.4111000771736, -231.05539666574919]","[3577.84154184468, 217.11008999251845, 443.4111000771736, -231.05539666574737]","[3688.694316863973, 159.34624082608178, 443.4111000771736, -231.05539666574668]","[3799.5470918832666, 101.58239165964495, 443.4111000771736, -231.0553966657473]","[3910.39986690256, 43.818542493207936, 443.4111000771736, -231.05539666574808]","[4021.252641921853, -13.945306673229254, 443.4111000771718, -231.05539666574876]","[4132.105416941146, -71.70915583966658, 443.4111000771736, -231.0553966657493]"
349,Robot,"[4242.95819196044, -129.47300500610393, 0, 0]","[4353.810966979733, -187.23685417254129, 443.4111000771736, -231.0553966657494]","[4464.663741999027, -245.00070333897904, 443.4111000771736, -231.055396665751]","[4575.51651701832, -302.76455250541653, 443.4111000771736, -231.05539666574998]","[4686.369292037613, -360.5284016718551, 443.4111000771736, -231.0553966657542]","[4797.222067056907, -418.29225083829385, 443.4111000771736, -231.0553966657551]","[4908.0748420762, -476.0561000047326, 443.4111000771736, -231.0553966657551]","[5018.927617095494, -533.819949171172, 443.4111000771736, -231.05539666575737]","[5129.780392114787, -591.5837983376122, 443.411100077174, -231.05539666576098]","[5240.63316713408, -649.3476475040524, 443.4111000771736, -231.05539666576078]","[5351.485942153374, -707.1114966704926, 443.4111000771736, -231.05539666576078]","[5449.714149319162, -779.2231279522847, 392.91282866315305, -288.44652512716857]","[5521.115149796252, -881.8237962291997, 285.60400190835935, -410.4026731076601]","[5592.516150273342, -984.4244645061148, 285.60400190835935, -410.4026731076601]","[5663.917150750432, -1087.02513278303, 285.60400190835935, -410.4026731076606]","[5735.318151227521, -1189.625801059945, 285.60400190835935, -410.4026731076601]"
350,Robot,"[5806.719151704611, -1292.22646933686, 0, 0]","[5878.120152181701, -1394.827137613775, 285.60400190835935, -410.4026731076601]","[5949.521152658803, -1497.42780589069, 285.60400190840664, -410.4026731076601]","[5969.3250608546105, -1579.2257368947553, 79.21563278323083, -327.1917240162611]","[5845.062412388186, -1592.7828087064704, -497.050593865697, -54.22828724686042]","[5720.799763921762, -1606.3398805181855, -497.050593865697, -54.22828724686042]","[5596.537115455338, -1619.8969523299006, -497.050593865697, -54.22828724686042]","[5472.274466988913, -1633.4540241416155, -497.050593865697, -54.22828724685951]","[5348.011818522489, -1647.0110959533308, -497.05059386569746, -54.22828724686138]","[5223.749170056065, -1660.568167765046, -497.050593865697, -54.22828724686042]","[5099.486521589641, -1674.125239576761, -497.050593865697, -54.22828724686042]","[4975.223873123216, -1687.6823113884757, -497.050593865697, -54.2282872468586]","[4850.961224656792, -1701.2393832001871, -497.050593865697, -54.228287246845866]","[4726.698576190368, -1714.7964550118986, -497.050593865697, -54.228287246845866]","[4602.435927723944, -1728.35352682361, -497.050593865697, -54.228287246845866]","[4478.536185853311, -1744.672605568188, -495.5989674825323, -65.27631497831135]"
351,Robot,"[4358.814090841337, -1776.6045515537592, 0, 0]","[4257.387966352738, -1820.3221061440083, -405.7044979543971, -174.87021836099666]","[4165.304835357857, -1847.853354919417, -368.3325239795231, -110.12499510163434]","[4115.519847648285, -1896.523371659713, -199.13995083828922, -194.6800669611839]","[4076.324764967522, -1947.889829126688, -156.78033072305152, -205.46582986790054]","[3980.611774227578, -1966.390331458576, -382.85196295977585, -74.0020093275516]","[3859.28133001022, -1970.710401265893, -485.32177686943214, -17.28027922926867]","[3766.0980797212815, -1989.5173514360852, -372.7330011557533, -75.22780068076827]","[3689.958709561404, -2015.9406928963083, -304.55748063951097, -105.69336584089261]","[3572.7712614237244, -2018.749251415495, -468.74979255071776, -11.23423407674727]","[3447.778173496135, -2017.4347285647011, -499.97235171035754, 5.258091403175968]","[3322.7850855685456, -2016.120205713908, -499.97235171035754, 5.25809140317233]","[3197.791997640956, -2014.8056828631136, -499.97235171035754, 5.258091403177787]","[3072.798909713367, -2013.49116001232, -499.97235171035754, 5.258091403174149]","[2947.8058217857774, -2012.1766371615263, -499.97235171035754, 5.258091403175058]","[2822.812733858188, -2010.8621143107323, -499.97235171035754, 5.258091403175968]"
352,Robot,"[2697.8196459305987, -2009.5475914599388, 0, 0]","[2572.8265580030093, -2008.233068609145, -499.97235171035754, 5.258091403175058]","[2447.83347007542, -2006.9185457583512, -499.97235171035754, 5.258091403175058]","[2325.0373965572226, -2022.334633706976, -491.18429407278927, -61.66435179449945]","[2204.6214219825333, -2055.8755500216357, -481.663898298757, -134.1636652586385]","[2084.205447407844, -2089.4164663362903, -481.663898298757, -134.1636652586185]","[1963.7894728331507, -2122.9573826509454, -481.66389829877335, -134.1636652586203]","[1843.373498258456, -2156.4982989656005, -481.6638982987788, -134.1636652586203]","[1722.9575236837609, -2190.039215280256, -481.6638982987811, -134.16366525862225]","[1602.541549109066, -2223.5801315949107, -481.6638982987797, -134.1636652586185]","[1482.125574534371, -2257.1210479095657, -481.6638982987797, -134.1636652586203]","[1361.709599959676, -2290.661964224221, -481.6638982987797, -134.1636652586203]","[1241.2936253849812, -2324.202880538876, -481.6638982987797, -134.1636652586203]","[1120.8776508102862, -2357.743796853531, -481.6638982987797, -134.1636652586203]","[1000.461676235592, -2391.284713168186, -481.663898298777, -134.1636652586203]","[880.0457016608998, -2424.825629482841, -481.6638982987688, -134.1636652586203]"
353,Robot,"[759.6297270862077, -2458.366545797496, 0, 0]","[639.2137525115156, -2491.9074621121517, -481.66389829876834, -134.16366525862213]","[518.7977779368235, -2525.448378426812, -481.66389829876834, -134.16366525864032]","[398.38180336213145, -2558.989294741472, -481.66389829876834, -134.16366525864032]","[277.96582878743936, -2592.5302110561324, -481.66389829876834, -134.16366525864214]","[157.54985421274728, -2626.0711273707934, -481.66389829876834, -134.16366525864396]","[37.13387963805515, -2659.612043685454, -481.6638982987685, -134.16366525864214]","[-83.27217689437448, -2693.1875559153964, -481.6242261297185, -134.30204891976973]","[-201.01249217424595, -2734.967163981197, -470.96126111948627, -167.11843226320175]","[-321.5936619056112, -2767.747614281352, -482.32467892546106, -131.12180120062112]","[-442.29366924901, -2800.251586766324, -482.8000293735952, -130.01588993988844]","[-562.9936765924089, -2832.7555592512954, -482.8000293735954, -130.0158899398848]","[-658.0454110584404, -2893.527890513217, -380.2069378641263, -243.08932504768563]","[-755.10406936217, -2972.2569132923486, -388.2346332149182, -314.91609111652724]","[-858.5726459459138, -3040.9649511684693, -413.87430633497524, -274.8321515044827]","[-964.2566597921711, -3101.959514923924, -422.73605538502943, -243.97825502181877]"
354,Robot,"[-1065.6169375356644, -3158.4677267335032, 0, 0]","[-1167.8735640507584, -3176.86574236682, -409.02650606037605, -73.59206253326738]","[-1259.7605968121177, -3192.6599704811933, -367.548131045437, -63.17691245749302]","[-1295.33457130737, -3209.3078915818187, -142.29589798100915, -66.59168440250141]","[-1198.5013287688228, -3195.1382425246884, 387.33297015418884, 56.6785962285212]","[-1099.7022582826432, -3173.7306161304227, 395.19628194471807, 85.63050557706265]","[-1000.1414336175468, -3141.356551966272, 398.2432986603858, 129.49625665660278]","[-914.4826042921944, -3074.830870595581, 342.6353173014095, 266.1027254827641]","[-855.8358579961557, -2966.1814778399234, 234.58698518415505, 434.5975710226307]","[-799.5099152587873, -2854.862684620854, 225.3037709494738, 445.2751728762778]","[-749.6002609117967, -2745.476910034189, 199.6386173879623, 437.54309834665946]","[-691.4667072291912, -2641.298949132939, 232.5342147304218, 416.71184360500047]","[-591.2876958125398, -2567.9886173249524, 400.7160456666056, 293.24132723194634]","[-485.8632590337676, -2592.875478599952, 421.697747115089, -99.5474450999991]","[-445.35214606456464, -2622.9232045230847, 162.04445187681176, -120.1909036925299]","[-424.7070921657029, -2559.8797824170065, 82.58021559544704, 252.1736884243128]"
355,Robot,"[-408.1170713039286, -2436.8614964462977, 0, 0]","[-390.8240106317543, -2317.1254492230755, 69.17224268869722, 478.94418889288863]","[-332.49858198963153, -2236.880083435755, 233.30171456849098, 320.9814631492827]","[-221.76996351850937, -2191.812146171913, 442.91447388448864, 180.27174905536776]","[-111.25963389725068, -2158.5909597237123, 442.04131848503476, 132.88474579280228]","[-2.6247525891692085, -2096.7568060286926, 434.5395252323259, 247.3366147800789]","[106.01012871891233, -2034.9226523336729, 434.5395252323261, 247.3366147800789]","[214.645010026994, -1973.0884986386527, 434.53952523232664, 247.3366147800807]","[323.2798913350758, -1911.2543449436332, 434.53952523232755, 247.3366147800782]","[431.9147726431576, -1849.4201912486135, 434.5395252323274, 247.3366147800789]","[540.549653951239, -1787.586037553594, 434.53952523232533, 247.33661478007798]","[649.1845352593193, -1725.7518838585745, 434.53952523232147, 247.33661478007798]","[757.8194165674006, -1663.9177301635546, 434.5395252323251, 247.3366147800798]","[866.4542978754838, -1602.0835764685348, 434.53952523233284, 247.3366147800789]","[975.089179183567, -1540.2494227735167, 434.53952523233284, 247.33661478007252]","[1083.7240604916487, -1478.4152690785, 434.5395252323269, 247.33661478006707]"
356,Robot,"[150.37846, 3289.36589, 0, 0]","[168.24664398580163, 3412.9110052030924, 71.47273594320654, 494.18046081236935]","[198.83681973444016, 3534.102765293369, 122.36070299455412, 484.7670403611064]","[236.95229464647684, 3653.141939834504, 152.46189964814675, 476.1566981645392]","[256.4229189687383, 3769.947019379696, 77.88249728904589, 467.220318180769]","[211.1902468799363, 3848.967141304764, -180.93068835520808, 316.080487700272]","[143.93507970451648, 3923.341188562455, -269.02066870167926, 297.49618903076407]","[56.21988576855736, 3958.860748965768, -350.8607757438365, 142.07824161325152]","[-38.24127655227361, 3957.652522951459, -377.8446492833242, -4.832904057235287]","[-116.93743135461972, 3891.690029514215, -314.78461920938446, -263.8499737489765]","[-187.2882945731923, 3806.072122391544, -281.40345287429034, -342.47162849068445]","[-263.9631625804708, 3721.774437294456, -306.69947202911396, -337.1907403883506]","[-358.93690883497044, 3648.041728196607, -379.8949850179986, -294.93083639139695]","[-426.6921366420796, 3544.990757778259, -271.0209112284367, -412.20388167339115]","[-474.826606445225, 3429.646658097616, -192.53787921258163, -461.37639872257205]","[-524.0137739302436, 3314.768300362597, -196.74866994007425, -459.51343094007643]"
357,Robot,"[-570.8881463591633, 3198.889945138707, 0, 0]","[-617.7625187880831, 3083.011589914817, -187.49748971567897, -463.51342089556056]","[-665.2505117685284, 2967.767648171607, -189.95197192178148, -460.97576697283876]","[-722.8301962529702, 2859.6168561274853, -230.31873793776685, -432.6031681764871]","[-768.4756090858588, 2743.2489211655084, -182.58165133155444, -465.4717398479079]","[-814.1210219187474, 2626.8809862035314, -182.58165133155444, -465.4717398479079]","[-859.766434751636, 2510.5130512415544, -182.58165133155444, -465.4717398479079]","[-903.7687398935147, 2394.7046128884404, -176.00922056751506, -463.2337534124563]","[-952.0455210532706, 2279.4730737218265, -193.10712463902354, -460.9261566664558]","[-1006.7120645189412, 2167.1266015744527, -218.66617386268263, -449.38588858949515]","[-1064.55811070053, 2056.493181380258, -231.38418472635522, -442.53368077677806]","[-1118.200940627025, 1944.0586135820724, -214.57131970597948, -449.738271192743]","[-1210.858554665719, 1860.15648869446, -370.63045615477677, -335.6084995504498]","[-1303.7865439398668, 1776.6702838418496, -371.7119570965906, -333.9448194104416]","[-1404.8776154531013, 1704.3116365594242, -404.36428605293804, -289.43458912970164]","[-1518.8977589821689, 1737.2566210859811, -456.0805741162703, 131.77993810622775]"
358,Robot,"[-1616.7231338230683, 1814.6454601319424, 0, 0]","[-1716.147543477324, 1884.3078865511727, -397.6976386170227, 278.64970567692126]","[-1799.49884274336, 1791.1544598258813, -333.405197064144, -372.61370690116564]","[-1882.850142009396, 1698.00103310059, -333.405197064144, -372.61370690116564]","[-1966.201441275432, 1604.8476063752985, -333.405197064144, -372.61370690116564]","[-2049.552740541468, 1511.694179650007, -333.4051970641449, -372.61370690116564]","[-2132.904039807498, 1418.5407529247157, -333.4051970641194, -372.61370690116564]","[-2216.2553390735284, 1325.3873261994245, -333.40519706412124, -372.61370690116473]","[-2299.6066383395587, 1232.2338994741328, -333.4051970641215, -372.6137069011669]","[-2382.957937605589, 1139.0804727488414, -333.40519706412124, -372.61370690116564]","[-2466.3092368716198, 1045.92704602355, -333.40519706412306, -372.61370690116564]","[-2549.6605361376496, 952.7736192982608, -333.4051970641194, -372.613706901157]","[-2633.0118354036804, 859.6201925729723, -333.40519706412306, -372.6137069011538]","[-2716.363134669716, 766.4667658476837, -333.40519706414307, -372.6137069011543]","[-2799.714433935752, 673.3133391223952, -333.40519706414307, -372.6137069011543]","[-2883.065733201788, 580.1599123971066, -333.4051970641449, -372.6137069011543]"
359,Robot,"[-2966.4170324678244, 487.0064856718181, 0, 0]","[-3049.76833173386, 393.8530589465295, -333.40519706414307, -372.6137069011545]","[-3133.119630999896, 300.6996322212409, -333.40519706414307, -372.6137069011543]","[-3216.470930265932, 207.54620549595236, -333.4051970641449, -372.61370690115416]","[-3296.911096360811, 116.91665762382873, -321.7606643795152, -362.51819148849455]","[-3365.600637087385, 35.82412824120591, -274.758162906297, -324.37011753049126]","[-3423.579506475403, -38.28151560672279, -231.91547755207102, -296.4225753917148]","[-3471.9428401228324, -106.9681316716474, -193.453334589718, -274.7464642596984]","[-3514.0627553585173, -167.5906567332222, -168.47966094273957, -242.49010024629945]","[-3550.9738960404266, -220.63654516200504, -147.6445627276371, -212.18355371513132]","[-3521.987337688313, -290.41074867901443, 115.94623340845465, -279.0968140680376]","[-3512.3460145487365, -313.4217848524614, 38.56529255830537, -92.04414469378798]","[-3555.803480256768, -327.6708305300989, -173.8298628321263, -56.996182710549874]","[-3661.8114765055175, -373.571611751895, -424.0319849949974, -183.60312488718432]","[-3740.871285655788, -372.0867555412116, -316.23923660108267, 5.939424842733615]","[-3777.621800465332, -353.6708773270701, -147.0020592381752, 73.66351285656583]"
360,Robot,"[-3785.993963103464, -336.4416750707547, 0, 0]","[-3802.38581041233, -318.87701610057417, -65.56738923546436, 70.25863588072207]","[-3804.952495196908, -301.8906521356552, -10.266739138311095, 67.9454558596758]","[-3849.8807293948007, -283.13233992797086, -179.71293679157134, 75.03324883073742]","[-3883.519567414672, -266.0202953016827, -134.5553520794856, 68.44817850515255]","[-3925.0982228753546, -262.9968869501262, -166.31462184273005, 12.09363340622599]","[-3977.395754082748, -287.35926551818784, -209.19012482957442, -97.44951427224646]","[-4020.6891957451976, -336.3767654207693, -173.17376664979747, -196.0699996103258]","[-4062.6061912116215, -425.9684112861653, -167.6679818656959, -358.36658346158436]","[-4088.002678145305, -546.7090984310969, -101.58594773473305, -482.9627485797264]","[-4084.8475191556886, -633.8238446149948, 12.620635958464845, -348.45898473559146]","[-4008.640188523788, -611.6787124492537, 304.8293225276029, 88.5805286629643]","[-3931.359414430975, -591.55334599746, 309.12309637125145, 80.50146580717455]","[-3806.3631264922633, -590.5900176305497, 499.9851517548468, 3.8533134676413283]","[-3681.366838553552, -589.6266892636394, 499.985151754845, 3.8533134676413283]","[-3556.370550614841, -588.663360896729, 499.985151754845, 3.8533134676413283]"
361,Robot,"[-3431.374262676129, -587.7000325298187, 0, 0]","[-3306.3779747374183, -586.7367041629076, 499.9851517548432, 3.8533134676445115]","[-3181.381686798707, -585.7733757959959, 499.985151754845, 3.8533134676467853]","[-3056.385398859996, -584.8100474290842, 499.985151754845, 3.8533134676467853]","[-2931.389110921285, -583.8467190621724, 499.9851517548432, 3.85331346764724]","[-2806.3928229825733, -582.8833906952607, 499.9851517548468, 3.8533134676467853]","[-2687.1191671061306, -550.1705771058298, 477.09462350577087, 130.85125435772352]","[-2569.65265819672, -507.4316102882352, 469.8660356376422, 170.95586727037835]","[-2452.186149287309, -464.69264347064177, 469.8660356376444, 170.95586727037394]","[-2334.719640377899, -421.9536766530484, 469.8660356376404, 170.95586727037357]","[-2217.2531314684884, -379.214709835455, 469.8660356376422, 170.95586727037357]","[-2099.786622559078, -336.4757430178616, 469.8660356376422, 170.95586727037357]","[-1982.3201136496675, -293.7367762002682, 469.8660356376413, 170.95586727037357]","[-1864.8536047402567, -250.9978093826748, 469.8660356376431, 170.95586727037357]","[-1747.3870958308462, -208.2588425650814, 469.8660356376422, 170.95586727037357]","[-1629.9205869214356, -165.51987574748802, 469.8660356376422, 170.95586727037357]"
362,Robot,"[-1512.454078012025, -122.78090892989457, 0, 0]","[-1394.9875691026143, -80.04194211230082, 469.8660356376431, 170.955867270375]","[-1277.521060193204, -37.30297529470707, 469.8660356376413, 170.955867270375]","[-1160.0545512837934, 5.435991522886609, 469.8660356376422, 170.9558672703747]","[-1042.588042374383, 48.1749583404803, 469.8660356376422, 170.95586727037477]","[-925.1215334649723, 90.91392515807404, 469.8660356376422, 170.95586727037494]","[-807.6550245555618, 133.65289197566776, 469.8660356376422, 170.95586727037488]","[-690.1885156461512, 176.39185879326115, 469.8660356376422, 170.95586727037357]","[-572.7220067367407, 219.13082561085452, 469.8660356376426, 170.9558672703736]","[-455.25549782733015, 261.869792428448, 469.8660356376422, 170.95586727037403]","[-337.7889889179196, 304.60875924604136, 469.8660356376422, 170.95586727037335]","[-220.32248000850905, 347.34772606363475, 469.8660356376422, 170.95586727037357]","[-102.8559710990985, 390.08669288122815, 469.8660356376422, 170.95586727037357]","[14.61053781031204, 432.8256596988216, 469.86603563764214, 170.9558672703738]","[132.07704671972257, 475.5646265164149, 469.86603563764214, 170.95586727037312]","[249.54355562913312, 518.3035933340085, 469.8660356376422, 170.95586727037448]"
363,Robot,"[367.0100645385437, 561.0425601516033, 0, 0]","[484.4765734479542, 603.7815269691981, 469.86603563764197, 170.95586727037926]","[601.9430823573648, 646.5204937867929, 469.8660356376424, 170.95586727037926]","[719.4095912667754, 689.2594606043878, 469.8660356376422, 170.95586727037926]","[836.8761001761859, 731.9984274219815, 469.8660356376422, 170.95586727037517]","[954.3426090855965, 774.7373942395749, 469.8660356376422, 170.95586727037335]","[1071.809117995007, 817.4763610571682, 469.8660356376422, 170.95586727037335]","[1189.2756269044175, 860.2153278747616, 469.8660356376422, 170.95586727037335]","[1308.6918451872289, 895.333243865865, 477.66487313124566, 140.471663964414]","[1432.2511958885168, 914.2564268506776, 494.23740280515176, 75.69273193925028]","[1555.8105465898047, 933.1796098354902, 494.23740280515176, 75.69273193925028]","[1679.369897291093, 952.1027928203029, 494.23740280515267, 75.69273193925073]","[1802.9292479923809, 971.0259758051152, 494.23740280515176, 75.69273193924937]","[1926.4885986936688, 989.949158789928, 494.23740280515176, 75.69273193925119]","[2050.0479493949565, 1008.8723417747404, 494.23740280515085, 75.69273193924982]","[2173.6073000962388, 1027.7955247595523, 494.237402805129, 75.69273193924755]"
364,Robot,"[2297.166650797521, 1046.718707744362, 0, 0]","[2420.7260014988037, 1065.6418907291732, 494.23740280513084, 75.69273193924437]","[2544.17645994115, 1084.45277003375, 493.80183376938476, 75.24351721830772]","[2665.31855080828, 1086.6219910575005, 484.56836346852106, 8.676884095001697]","[2777.855275947988, 1102.1524106854072, 450.1469005588315, 62.12167851162667]","[2899.620586255344, 1122.9301114924149, 487.0612412294231, 83.11080322803082]","[3023.06971844373, 1142.5594711848566, 493.7965287535444, 78.51743876976707]","[3146.5188506321165, 1162.1888308772986, 493.7965287535462, 78.51743876976798]","[3269.8612218405506, 1182.4059586682215, 493.3694848337368, 80.86851116369151]","[3392.623323353078, 1203.8774909222248, 491.0484060501094, 85.886129016013]","[3516.094152600422, 1223.3699080369329, 493.8833169893769, 77.96966845883253]","[3639.5649818477664, 1242.8623251516406, 493.8833169893769, 77.96966845883071]","[3763.035811095111, 1262.3547422663485, 493.8833169893787, 77.96966845883162]","[3886.506640342455, 1281.8471593810564, 493.8833169893751, 77.96966845883162]","[4009.977469589799, 1301.3395764957645, 493.8833169893769, 77.96966845883253]","[4133.448298837143, 1320.8319936104722, 493.8833169893751, 77.96966845883071]"
365,Robot,"[4256.919128084487, 1340.32441072518, 0, 0]","[4380.389957331831, 1359.816827839888, 493.8833169893769, 77.96966845883162]","[4503.860786579176, 1379.309244954596, 493.88331698938055, 77.96966845883162]","[4627.33161582652, 1398.8016620693038, 493.88331698937327, 77.96966845883162]","[4750.802445073864, 1418.2940791840117, 493.8833169893769, 77.96966845883162]","[4874.273274321208, 1437.7864962987196, 493.8833169893769, 77.96966845883162]","[4997.744103568552, 1457.278913413426, 493.8833169893769, 77.96966845882525]","[5121.214932815897, 1476.771330528131, 493.8833169893769, 77.9696684588207]","[5244.685762063241, 1496.2637476428365, 493.88331698937736, 77.96966845882169]","[5366.533192055203, 1521.0773418994852, 487.38971996784676, 99.25437702659474]","[5479.857775956406, 1573.8271161513408, 453.2983356048135, 210.99909700742228]","[5593.182359857609, 1626.576890403197, 453.2983356048135, 210.999097007425]","[5670.813669726068, 1626.23300744703, 310.5252394738345, -1.3755318246676325]","[5658.806365978452, 1501.961972035019, -48.029214990463515, -497.08414164804435]","[5635.223572221512, 1380.8214773657303, -94.33117502776076, -484.5619786771549]","[5570.1538288944985, 1274.3971378004533, -260.27897330805354, -425.6973582611081]"
366,Robot,"[5498.050725851077, 1174.9748768851443, 0, 0]","[5489.839684235449, 1051.1044936065618, -32.844166462513385, -495.48153311433]","[5561.765364274211, 958.0442529873992, 287.70272015504815, -372.24096247665057]","[5655.556664750017, 876.736025300723, 375.16520190322626, -325.2329107467049]","[5654.570219045435, 776.4853242305807, -3.9457828183294623, -401.0028042805693]","[5543.486143171744, 719.1675426328205, -444.33630349476516, -229.27112639104053]","[5432.402067298052, 661.8497610350604, -444.33630349476516, -229.27112639104053]","[5321.317991424361, 604.5319794373003, -444.33630349476516, -229.27112639104053]","[5210.23391555067, 547.2141978395401, -444.33630349476556, -229.27112639104072]","[5099.149839676978, 489.89641624178, -444.33630349476516, -229.27112639104053]","[4988.065763803287, 432.5786346440199, -444.33630349476516, -229.2711263910403]","[4876.981687929596, 375.2608530462597, -444.33630349476516, -229.27112639104098]","[4765.897612055905, 317.9430714484996, -444.33630349476516, -229.2711263910403]","[4654.813536182213, 260.6252898507395, -444.33630349476516, -229.27112639104053]","[4543.729460308522, 203.3075082529797, -444.33630349476516, -229.27112639103916]","[4432.645384434831, 145.98972665521956, -444.33630349476516, -229.27112639104053]"
367,Robot,"[4321.561308561139, 88.67194505745945, 0, 0]","[4210.477232687448, 31.354163459699254, -444.33630349476516, -229.2711263910408]","[4099.393156813757, -25.96361813806118, -444.33630349476516, -229.27112639104172]","[3994.565124286173, -92.1802211060769, -419.3121301103347, -264.8664118720629]","[3903.031183869068, -177.30681948588426, -366.13576166841995, -340.50639351922945]","[3811.497243451963, -262.43341786569147, -366.13576166841995, -340.5063935192288]","[3719.963303034858, -347.5600162454987, -366.13576166841995, -340.5063935192288]","[3628.429362617753, -432.6866146253059, -366.13576166841995, -340.5063935192288]","[3536.895422200648, -517.8132130051131, -366.1357616684203, -340.5063935192291]","[3445.3614817835432, -602.9398113849203, -366.13576166841995, -340.5063935192288]","[3353.8275413664383, -688.0664097647275, -366.13576166841995, -340.5063935192288]","[3262.2936009493333, -773.1930081445347, -366.13576166841995, -340.5063935192288]","[3170.7596605322283, -858.3196065243419, -366.13576166841995, -340.5063935192288]","[3079.2257201151237, -943.4462049041492, -366.1357616684181, -340.5063935192293]","[2987.6917796980183, -1028.572803283956, -366.13576166842176, -340.50639351922746]","[2896.1578392809115, -1113.6994016637605, -366.1357616684272, -340.50639351921745]"
368,Robot,"[2804.623898863803, -1198.8260000435648, 0, 0]","[2713.0899584466943, -1283.9525984233692, -366.1357616684345, -340.50639351921745]","[2621.5560180295856, -1369.0791968031735, -366.1357616684345, -340.50639351921745]","[2530.022077612477, -1454.205795182978, -366.1357616684345, -340.50639351921745]","[2438.4881371953684, -1539.3323935627825, -366.1357616684345, -340.50639351921836]","[2346.95419677826, -1624.4589919425866, -366.1357616684327, -340.50639351921654]","[2255.420256361151, -1709.585590322391, -366.1357616684363, -340.50639351921745]","[2163.8863159440425, -1794.7121887021954, -366.1357616684345, -340.50639351921745]","[2072.352375526934, -1879.838787082, -366.13576166843484, -340.50639351921865]","[1980.818435109824, -1964.965385461804, -366.13576166843995, -340.50639351921654]","[1889.284494692713, -2050.0919838416085, -366.1357616684436, -340.50639351921745]","[1797.7505542756023, -2135.218582221413, -366.1357616684427, -340.50639351921745]","[1706.2166138584917, -2220.345180601217, -366.1357616684427, -340.50639351921745]","[1614.6751893354458, -2305.4513635270537, -366.16569809218345, -340.42473170334597]","[1523.143483815431, -2390.580364957809, -366.12682208005936, -340.5160057230205]","[1431.5804438912403, -2475.5593663038358, -366.25215969676265, -339.91600538410785]"
369,Robot,"[1340.0886357403783, -2560.648548381344, 0, 0]","[1249.6845042374862, -2639.1912899647305, -361.61652601156857, -314.17096633354595]","[1158.5926243525912, -2707.201491269034, -364.3675195395799, -272.04080521721335]","[1068.6812826320256, -2766.6181039412736, -359.64536688226235, -237.66645068895923]","[979.3996488653144, -2818.6800179869656, -357.126535066845, -208.24765618276797]","[892.6966429276275, -2888.861209467114, -346.81202375074736, -280.7247659205932]","[940.2423846773428, -2932.206836228028, 190.18296699886105, -173.382507043656]","[1064.9042256890991, -2932.784780349658, 498.64736404702535, -2.3117764865201025]","[1090.044816486679, -2995.317815430245, 100.56236319032004, -250.1321403223485]","[992.5049134905898, -3060.4092651787028, -390.15961198435707, -260.36579899383105]","[883.408279707323, -3121.4250377064677, -436.38653513306735, -244.06309011105986]","[774.3116459240562, -3182.440810234232, -436.38653513306735, -244.06309011105623]","[665.2150121407893, -3243.4565827619963, -436.38653513306735, -244.06309011105805]","[603.151967774852, -3158.165629089638, -248.25217746374938, 341.1638146894329]","[550.0477023455488, -3045.0067275696374, -212.41706171721262, 452.6356060800026]","[496.9434369162457, -2931.8478260496368, -212.41706171721262, 452.6356060800026]"
370,Robot,"[443.8391714869425, -2818.688924529636, 0, 0]","[390.73490605763936, -2705.5300230096354, -212.41706171721262, 452.6356060800026]","[337.6306406283362, -2592.371121489635, -212.41706171721262, 452.6356060800026]","[284.52637519903305, -2479.212219969634, -212.41706171721262, 452.6356060800026]","[231.4221097697299, -2366.053318449633, -212.41706171721262, 452.63560608000444]","[178.31784434042677, -2252.894416929633, -212.4170617172125, 452.6356060800008]","[125.21357891112422, -2139.735515409632, -212.41706171721023, 452.6356060800026]","[72.10931348182172, -2026.5766138896304, -212.41706171721, 452.63560608000716]","[19.005048052519125, -1913.417712369624, -212.41706171721054, 452.63560608002575]","[-34.09921737678351, -1800.2588108496177, -212.41706171721052, 452.63560608002535]","[-87.20348280608626, -1687.0999093296114, -212.417061717211, 452.63560608002535]","[-140.30774823538914, -1573.941007809605, -212.41706171721154, 452.63560608002535]","[-193.4120136646923, -1460.7821062895987, -212.41706171721262, 452.63560608002535]","[-260.79683749943683, -1357.0139957167396, -269.53929533897815, 415.07244229143635]","[-343.6522662734089, -1263.41924200329, -331.4217150958882, 374.37901485379825]","[-426.5076950473809, -1169.8244882898405, -331.421715095888, 374.37901485379825]"
371,Robot,"[-509.3600812737786, -1076.2336848181913, 0, 0]","[-592.215501988478, -982.6389239702148, -331.42168285879757, 374.3790433919057]","[-675.0709227031773, -889.0441631222369, -331.42168285879734, 374.37904339191164]","[-757.9263434178766, -795.449402274259, -331.42168285879734, 374.37904339191164]","[-840.781764132576, -701.8546414262811, -331.42168285879734, 374.37904339191164]","[-923.6371848472752, -608.2598805783032, -331.4216828587969, 374.37904339191164]","[-1006.4926055619746, -514.6651197303253, -331.4216828587978, 374.37904339191164]","[-1089.348026276676, -421.07035888234736, -331.42168285880507, 374.37904339191164]","[-1172.2034469913783, -327.47559803436945, -331.4216828588099, 374.379043391912]","[-1255.0588677060805, -233.88083718639157, -331.4216828588087, 374.3790433919115]","[-1337.9142884207815, -140.28607633841364, -331.42168285880416, 374.37904339191175]","[-1420.7697091354812, -46.69131549043573, -331.4216828587987, 374.37904339191164]","[-1503.6251298501804, 46.90344535754216, -331.4216828587969, 374.3790433919115]","[-1586.4805505648796, 140.49820620552006, -331.4216828587969, 374.37904339191164]","[-1669.335971279579, 234.092967053498, -331.4216828587978, 374.37904339191175]","[-1752.1913919942783, 327.68772790147585, -331.4216828587969, 374.3790433919114]"
372,Robot,"[-1835.046812708978, 421.28248874945376, 0, 0]","[-1917.9022334236768, 514.8772495974316, -331.42168285879507, 374.3790433919114]","[-2001.0116419840688, 606.9391502853649, -332.43763424156805, 368.2476027517332]","[-2083.915887070728, 700.0093397078783, -331.6169803466364, 372.28075769005363]","[-2166.676923124195, 793.6875704306883, -331.044144213869, 374.71292289123994]","[-2249.621800508628, 886.6979982047559, -331.7795095377314, 372.0417110962703]","[-2332.3419286373382, 980.4123535745214, -330.88051251484103, 374.85742147906194]","[-2369.1483783121066, 1085.0350747958355, -147.2257986990735, 418.4908848852565]","[-2320.2064404952444, 1197.355877761751, 195.76775126744923, 449.28321186366196]","[-2244.682278179867, 1296.9415831930396, 302.0966492615098, 398.34282172515486]","[-2201.3561525252385, 1391.7214535956025, 173.30450261851365, 379.11948161025157]","[-2219.1458794780683, 1467.3825580703658, -71.1589078113193, 302.6444178990532]","[-2164.859278627368, 1547.8931831534403, 217.1464034028013, 322.042500332298]","[-2065.998297909482, 1622.5441451821348, 395.4439228715437, 298.603848114778]","[-2151.239461045333, 1674.359651462349, -340.96465254340364, 207.26202512085638]","[-2273.497537008274, 1700.397371443948, -489.0323038517636, 104.15087992639656]"
373,Robot,"[-2395.7556129712148, 1726.4350914255472, 0, 0]","[-2518.013688934156, 1752.4728114071463, -489.0323038517654, 104.15087992639656]","[-2640.2717648970965, 1778.5105313887454, -489.03230385176175, 104.15087992639656]","[-2762.529840860037, 1804.5482513703448, -489.03230385176175, 104.15087992639747]","[-2863.394129038365, 1861.9228960988887, -403.4571527133121, 229.4985789141756]","[-2932.167735539771, 1966.3029279478503, -275.094426005624, 417.52012739584643]","[-3000.941342041177, 2070.682959796812, -275.094426005624, 417.52012739584734]","[-3069.714948542584, 2175.0629916457738, -275.0944260056276, 417.52012739584643]","[-3138.4885550439903, 2279.443023494736, -275.094426005626, 417.52012739584865]","[-3207.262161545394, 2383.823055343697, -275.0944260056149, 417.5201273958446]","[-3276.035768046794, 2488.2030871926586, -275.0944260056003, 417.52012739584643]","[-3344.8093745481942, 2592.58311904162, -275.0944260056003, 417.52012739584643]","[-3413.5829810495943, 2696.963150890582, -275.0944260056003, 417.52012739584643]","[-3482.356587550994, 2801.3431827395434, -275.0944260055985, 417.52012739584643]","[-3551.130194052394, 2905.723214588505, -275.0944260056003, 417.52012739584643]","[-3505.0132935700485, 2822.6249087174456, 184.467601929382, -332.39322348423775]"
374,Robot,"[-3443.229505771738, 2713.961374975471, 0, 0]","[-3381.4457179734272, 2605.297841233495, 247.13515119324256, -434.6541349679028]","[-3319.6619301751166, 2496.63430749152, 247.13515119324256, -434.654134967901]","[-3257.878142376806, 2387.9707737495446, 247.13515119324256, -434.654134967901]","[-3196.0943545784958, 2279.307240007569, 247.13515119324074, -434.6541349679028]","[-3134.3105667801847, 2170.6437062655937, 247.13515119324438, -434.654134967901]","[-3072.526778981874, 2061.9801725236184, 247.13515119324256, -434.654134967901]","[-3010.7429911835634, 1953.3166387816432, 247.13515119324256, -434.654134967901]","[-2948.9592033852527, 1844.653105039668, 247.1351511932428, -434.65413496790137]","[-2887.175415586942, 1735.9895712976931, 247.13515119324256, -434.65413496789915]","[-2808.162813853221, 1647.3569500382243, 316.05040693488445, -354.5304850378752]","[-2692.798758084519, 1599.230713569992, 461.4562230748088, -192.50494587292906]","[-2577.434702315816, 1551.1044771017598, 461.4562230748106, -192.50494587292906]","[-2462.070646547113, 1502.9782406335275, 461.45622307481244, -192.50494587292906]","[-2346.706590778411, 1454.8520041652953, 461.4562230748088, -192.50494587292906]","[-2231.342535009708, 1406.725767697063, 461.4562230748106, -192.50494587292906]"
375,Robot,"[-2115.978479241005, 1358.5995312288308, 0, 0]","[-2000.6144234723051, 1310.4732947605985, 461.4562230747997, -192.50494587292906]","[-1885.2503677036084, 1262.3470582923662, 461.456223074787, -192.50494587292906]","[-1769.8863119349114, 1214.220821824134, 461.4562230747879, -192.50494587292906]","[-1654.5222561662144, 1166.0945853559017, 461.4562230747879, -192.50494587292906]","[-1539.1582003975177, 1117.9683488876694, 461.456223074787, -192.50494587292906]","[-1423.7941446288205, 1069.8421124194372, 461.4562230747888, -192.50494587292906]","[-1308.4300888601235, 1021.7158759512048, 461.4562230747879, -192.5049458729295]","[-1193.0660330914266, 973.5896394829712, 461.4562230747883, -192.50494587293468]","[-1077.7019773227296, 925.4634030147388, 461.4562230747879, -192.5049458729295]","[-969.2924409939488, 887.2718183179584, 433.638145315123, -152.76633878712164]","[-847.688130113336, 878.9644171553902, 486.4172435224514, -33.229604650272904]","[-724.5165156508705, 874.2596381142372, 492.6864578498621, -18.81911616461184]","[-610.053740561372, 827.7384785771177, 457.8511003579938, -186.084638148478]","[-497.2935666914932, 773.792735567733, 451.0406954795153, -215.7829720375389]","[-384.5333928216132, 719.8469925583482, 451.0406954795201, -215.7829720375389]"
376,Robot,"[-271.7732189517332, 665.9012495489635, 0, 0]","[-159.01304508185376, 611.9555065395788, 451.0406954795178, -215.7829720375389]","[-46.25287121197418, 558.009763530194, 451.0406954795183, -215.7829720375389]","[66.50730265790543, 504.0640205208093, 451.04069547951843, -215.7829720375389]","[179.26747652778494, 450.1182775114246, 451.04069547951804, -215.7829720375389]","[292.0276503976648, 396.1725345020399, 451.0406954795194, -215.78297203753868]","[404.8039643038434, 342.260857493259, 451.10525562471435, -215.64670803512377]","[500.66795610030624, 317.09412679010507, 383.4559671858515, -100.66692281261567]","[533.1196734897176, 263.4717352323929, 129.80686955764543, -214.4895662308488]","[471.2036498657061, 223.33981222952696, -247.6640944960459, -160.52769201146384]","[382.4327248874647, 196.67317416941356, -355.0836999129656, -106.6665522404536]","[401.5844048836787, 173.8525090602466, 76.606719984856, -91.28266043666781]","[448.5551920010189, 153.45676758899722, 187.88314846936078, -81.58296588499752]","[412.3776578871184, 139.08252904129395, -144.71013645560197, -57.496954190813085]","[331.94225027184825, 131.106570316826, -321.7416304610806, -31.903834897871775]","[330.2634381511603, 118.0185358173161, -6.715248482751804, -52.35213799803961]"
377,Robot,"[447.34970943779166, 107.06998412724596, 0, 0]","[572.0000723051623, 97.7272309445438, 498.60145146948275, -37.371012730808616]","[695.4533168356219, 83.53594002547099, 493.8129781218381, -56.76516367629125]","[810.1276935620658, 33.7887057063469, 458.69750690577575, -198.98893727649636]","[924.8020702885098, -15.958528612777153, 458.69750690577575, -198.98893727649622]","[1039.4764470149532, -65.70576293190123, 458.69750690577393, -198.98893727649633]","[1154.1508237413943, -115.45299725102532, 458.6975069057644, -198.98893727649636]","[1268.8252004678354, -165.2002315701494, 458.6975069057644, -198.98893727649636]","[1383.4995771942763, -214.9474658892735, 458.6975069057639, -198.98893727649653]","[1498.1739539207176, -264.6947002083975, 458.6975069057653, -198.9889372764959]","[1612.8483306471587, -314.44193452752086, 458.6975069057644, -198.98893727649352]","[1727.5227073735998, -364.1891688466442, 458.6975069057644, -198.9889372764933]","[1842.197084100041, -413.9364031657676, 458.6975069057644, -198.98893727649374]","[1956.871460826482, -463.683637484891, 458.6975069057644, -198.98893727649352]","[2071.545837552924, -513.4308718040144, 458.6975069057671, -198.98893727649352]","[2186.2202142793644, -563.1781061231392, 458.69750690576257, -198.9889372764992]"
378,Robot,"[2300.894591005805, -612.925340442264, 0, 0]","[2415.5689677322466, -662.6725747613888, 458.6975069057662, -198.9889372764992]","[2530.243344458688, -712.4198090805136, 458.6975069057662, -198.9889372764992]","[2644.917721185129, -762.1670433996384, 458.69750690576257, -198.9889372764992]","[2759.59209791157, -811.9142777187632, 458.6975069057644, -198.9889372764992]","[2874.266474638011, -861.6615120378868, 458.6975069057644, -198.98893727649465]","[2988.940851364452, -911.4087463570094, 458.6975069057644, -198.9889372764901]","[3103.615228090893, -961.1559806761318, 458.6975069057644, -198.98893727648965]","[3218.2896048173343, -1010.9032149952544, 458.6975069057648, -198.98893727649073]","[3332.9639815437754, -1060.6504493143784, 458.6975069057644, -198.98893727649602]","[3447.6383582702165, -1110.3976836335032, 458.6975069057644, -198.9889372764992]","[3562.3127349966576, -1160.144917952628, 458.6975069057644, -198.9889372764992]","[3676.987111723098, -1209.8921522717528, 458.69750690576257, -198.9889372764992]","[3791.66148844954, -1259.6393865908776, 458.6975069057662, -198.9889372764992]","[3906.335865175981, -1309.3866209100022, 458.6975069057644, -198.9889372764983]","[4021.010241902422, -1359.133855229123, 458.6975069057644, -198.98893727648283]"
379,Robot,"[4135.684618628867, -1408.8810895482447, 0, 0]","[4250.358995355319, -1458.6283238673695, 458.69750690580986, -198.9889372764992]","[4365.033372081772, -1508.3755581864943, 458.69750690580986, -198.9889372764992]","[4479.707748808224, -1558.1227925056191, 458.69750690580986, -198.9889372764992]","[4595.27447875386, -1605.7284992022314, 462.2669197825453, -190.42282678644915]","[4711.343157385288, -1652.1295966111804, 464.274714525709, -185.604389635796]","[4827.411836016715, -1698.5306940201294, 464.274714525709, -185.604389635796]","[4943.480514648142, -1744.9317914290784, 464.274714525709, -185.604389635796]","[5059.549193279569, -1791.3328888380274, 464.2747145257094, -185.60438963579617]","[5175.617871910997, -1837.7339862469764, 464.274714525709, -185.604389635796]","[5291.686550542424, -1884.1350836559252, 464.274714525709, -185.6043896357951]","[5407.755229173851, -1930.5361810648744, 464.274714525709, -185.6043896357969]","[5523.823907805278, -1976.9372784738237, 464.274714525709, -185.6043896357969]","[5639.892586436706, -2023.3383758827724, 464.274714525709, -185.6043896357951]","[5755.961265068133, -2069.7394732917187, 464.274714525709, -185.60438963578508]","[5872.02994369956, -2116.140570700663, 464.274714525709, -185.6043896357769]"
380,Robot,"[5931.315080031413, -2143.4539751211846, 0, 0]","[5810.785665747949, -2110.3230184116856, -482.1176571338583, 132.52382683799624]","[5690.256251464484, -2077.1920617021865, -482.1176571338583, 132.52382683799624]","[5569.72683718102, -2044.061104992688, -482.1176571338583, 132.52382683799442]","[5449.197422897555, -2010.9301482831947, -482.1176571338583, 132.5238268379726]","[5328.6680086140905, -1977.799191573701, -482.1176571338583, 132.52382683797532]","[5208.138594330626, -1944.6682348642028, -482.1176571338583, 132.5238268379926]","[5087.609180047161, -1911.5372781547048, -482.1176571338583, 132.5238268379917]","[4973.023060670962, -1902.3553643190428, -458.3444775047978, 36.72765534264821]","[4858.051805659207, -1880.102592102307, -459.88502004701877, 89.01108886694328]","[4740.209186655412, -1838.411859962841, -471.37047601518134, 166.76292855786414]","[4618.963496087926, -1808.103415678377, -484.98276226994494, 121.23377713785612]","[4494.751751606046, -1800.6006126278853, -496.8469779275183, 30.011212201966373]","[4370.475211299019, -1813.7464522223925, -497.10616122810825, -52.583358378028606]","[4247.633271828912, -1798.9509232475325, -491.36775788042723, 59.18211589943985]","[4126.857298500662, -1766.7303666630414, -483.1038933130003, 128.8822263379643]"
381,Robot,"[4005.200540648117, -1740.633649889156, 0, 0]","[3892.412976307653, -1760.3104353717958, -451.15025736185635, -78.70714193055937]","[3781.060351180745, -1810.2855870544925, -445.4105005076326, -199.90060673078642]","[3686.5528766325474, -1891.3793996240504, -378.0298981927899, -324.37525027823176]","[3604.533814886984, -1910.7101502793932, -328.076246982253, -77.32300262137142]","[3505.3348763196286, -1848.100778409572, -396.7957542694221, 250.43748747928475]","[3441.105856777878, -1747.3692690998748, -256.9160781670016, 402.9260372387889]","[3393.3170248046285, -1631.9192447267253, -191.15532789299868, 461.80009749259807]","[3352.855888294667, -1513.7357930986166, -161.8445460398472, 472.73380651243536]","[3283.5384207572074, -1426.0721482882925, -277.2698701498375, 350.65457924129623]","[3208.9013639142545, -1345.9958751787651, -298.54822737181166, 320.30509243810957]","[3133.819278238969, -1268.3618094261403, -300.3283427011411, 310.53626301049917]","[3055.6619650948346, -1193.6724744290698, -312.6292525765384, 298.7573399882822]","[2954.4684804164426, -1139.61571448687, -404.773938713568, 216.22703976879893]","[2844.1580459397937, -1092.6041288846343, -441.2417379065955, 188.04634240894302]","[2723.7977359863103, -1063.0551337548136, -481.44123981393386, 118.19598051928278]"
382,Robot,"[2599.8205739195705, -1047.096960742915, 0, 0]","[2475.8434118528307, -1031.1387877310162, -495.90864826695906, 63.83269204759472]","[2351.866249786091, -1015.1806147191191, -495.90864826695906, 63.83269204758835]","[2227.889087719351, -999.2224417072232, -495.90864826695906, 63.832692047583805]","[2103.9119256526114, -983.2642686953276, -495.90864826695906, 63.83269204758244]","[1979.934763585872, -967.3060956834316, -495.90864826695815, 63.832692047583805]","[1855.957601519132, -951.3479226715356, -495.90864826696, 63.83269204758426]","[1731.980439452392, -935.389749659638, -495.90864826696, 63.83269204759017]","[1608.0032773856524, -919.4315766477406, -495.9086482669586, 63.832692047589774]","[1484.0261153189126, -903.4734036358432, -495.90864826695906, 63.83269204758972]","[1360.0489532521729, -887.5152306239457, -495.90864826695906, 63.83269204758972]","[1236.071791185433, -871.5570576120482, -495.90864826695906, 63.83269204759017]","[1112.094629118693, -855.5988846001508, -495.90864826696, 63.83269204758972]","[988.1174670519536, -839.6407115882533, -495.90864826695815, 63.83269204758972]","[864.1403049852138, -823.6825385763559, -495.90864826695906, 63.83269204758972]","[740.163142918474, -807.7243655644585, -495.90864826695906, 63.83269204758972]"
383,Robot,"[616.0653906876479, -793.4271910055852, 0, 0]","[491.08331058685536, -791.3106717688887, -499.9283204031701, 8.466076946785961]","[366.101230486064, -789.1941525321922, -499.92832040316534, 8.466076946785961]","[241.11915038527255, -787.0776332954957, -499.9283204031659, 8.466076946785961]","[116.13707028448114, -784.9611140587992, -499.9283204031656, 8.466076946785961]","[-8.84500981631053, -782.8445948221027, -499.9283204031667, 8.466076946785961]","[-133.8270899171022, -780.7280755854063, -499.9283204031667, 8.466076946785961]","[-258.8091700178936, -778.6115563487098, -499.9283204031657, 8.466076946785961]","[-383.791250118685, -776.4950371120133, -499.928320403166, 8.466076946785968]","[-508.7733302194764, -774.3785178753168, -499.92832040316557, 8.466076946785961]","[-633.7554103202692, -772.2619986386203, -499.92832040317126, 8.466076946785961]","[-758.737490421062, -770.1454794019238, -499.92832040317126, 8.466076946785961]","[-883.7195705218548, -768.0289601652273, -499.92832040317126, 8.466076946785961]","[-1008.7016506226475, -765.9124409285308, -499.9283204031708, 8.466076946785961]","[-1133.683730723438, -763.7959216918343, -499.9283204031617, 8.466076946785961]","[-1258.665810824228, -761.6794024551391, -499.9283204031599, 8.466076946780959]"
384,Robot,"[-1383.647890925018, -759.5628832184441, 0, 0]","[-1508.629971025808, -757.4463639817491, -499.9283204031599, 8.46607694678005]","[-1633.612051126598, -755.329844745054, -499.9283204031608, 8.466076946780504]","[-1758.5941312273878, -753.2133255083589, -499.928320403159, 8.46607694678005]","[-1883.5762113281776, -751.0968062716639, -499.928320403159, 8.46607694678005]","[-2008.558291428968, -748.9802870349689, -499.9283204031617, 8.46607694678005]","[-2133.540371529758, -746.8637677982738, -499.9283204031599, 8.466076946780504]","[-2258.522451630548, -744.7472485615788, -499.9283204031599, 8.46607694678005]","[-2383.504531731338, -742.6307293248838, -499.92832040316034, 8.466076946780056]","[-2508.486611832128, -740.5142100881887, -499.9283204031599, 8.46607694678005]","[-2633.468691932918, -738.3976908514936, -499.9283204031599, 8.466076946780504]","[-2758.450772033708, -736.2811716147986, -499.9283204031599, 8.46607694678005]","[-2883.432852134498, -734.1646523781036, -499.9283204031599, 8.46607694678005]","[-3008.414932235288, -732.0481331414086, -499.9283204031599, 8.46607694678005]","[-3133.3970123360778, -729.9316139047135, -499.9283204031599, 8.466076946780504]","[-3258.379092436868, -727.8150946680184, -499.9283204031617, 8.46607694678005]"
385,Robot,"[-3379.9528657545907, -753.3304503353634, 0, 0]","[-3500.674562376547, -785.7537747287182, -482.8867864878248, -129.6932975734194]","[-3621.396258998503, -818.1770991220731, -482.8867864878248, -129.6932975734194]","[-3742.1179556204593, -850.6004235154279, -482.8867864878248, -129.6932975734194]","[-3862.839652242416, -883.0237479087828, -482.8867864878266, -129.6932975734194]","[-3983.561348864372, -915.4470723021376, -482.8867864878248, -129.6932975734194]","[-4036.4748189541406, -947.0732704353928, -211.6538803590738, -126.50479253302092]","[-3915.024277961142, -976.6497153283914, 485.80216397199365, -118.30577957199421]","[-3792.780962792848, -984.0475195891202, 488.97326067317636, -29.59121704291513]","[-3669.5286623105417, -963.2179630451418, 493.00920192922604, 83.31822617591342]","[-3546.276361828235, -942.3884065011634, 493.00920192922604, 83.31822617591342]","[-3423.0240613459287, -921.5588499571852, 493.00920192922604, 83.31822617591297]","[-3299.771760863622, -900.7292934132068, 493.00920192922604, 83.31822617591342]","[-3176.519460381316, -879.8997368692284, 493.0092019292242, 83.31822617591388]","[-3053.267159899009, -859.07018032525, 493.00920192922786, 83.31822617591342]","[-2930.0148594167026, -838.2406237812717, 493.00920192922604, 83.31822617591342]"
386,Robot,"[-2806.762558934396, -817.4110672372933, 0, 0]","[-2683.5102584520896, -796.581510693315, 493.00920192922604, 83.31822617591342]","[-2560.257957969783, -775.7519541493366, 493.00920192922604, 83.31822617591342]","[-2437.0056574874766, -754.9223976053582, 493.00920192922604, 83.31822617591342]","[-2313.75335700517, -734.0928410613799, 493.00920192922604, 83.31822617591342]","[-2190.501056522864, -713.2632845174015, 493.0092019292242, 83.31822617591342]","[-2067.248756040557, -692.4337279734232, 493.00920192922786, 83.31822617591342]","[-1943.9964555582503, -671.6041714294448, 493.00920192922695, 83.31822617591342]","[-1820.744155075944, -650.7746148854665, 493.0092019292256, 83.3182261759135]","[-1697.4918545936375, -629.9450583414884, 493.00920192922604, 83.31822617591206]","[-1574.239554111331, -609.1155017975119, 493.00920192922604, 83.31822617590615]","[-1450.9872536290245, -588.2859452535353, 493.00920192922604, 83.3182261759066]","[-1327.734953146718, -567.4563887095587, 493.00920192922604, 83.31822617590615]","[-1204.4826526644115, -546.6268321655822, 493.00920192922604, 83.31822617590615]","[-1081.230352182105, -525.7972756216055, 493.00920192922604, 83.3182261759066]","[-957.9780516997968, -504.9677190776287, 493.00920192923286, 83.31822617590728]"
387,Robot,"[-834.7257512174875, -484.1381625336518, 0, 0]","[-711.4734507351782, -463.3086059896749, 493.0092019292374, 83.31822617590751]","[-588.2211502528688, -442.4790494456979, 493.0092019292374, 83.31822617590797]","[-464.96884977056, -421.649492901721, 493.00920192923536, 83.31822617590774]","[-341.7165492882521, -400.819936357744, 493.0092019292315, 83.31822617590797]","[-218.44474893391003, -418.2010200792653, 493.0872014173683, -69.52433488608517]","[-95.17125293852187, -438.9047681716995, 493.09398398155264, -82.81499236973696]","[28.10224305686645, -459.6085162641337, 493.09398398155327, -82.81499236973673]","[151.37573905225474, -480.3122643565679, 493.0939839815536, -82.8149923697368]","[274.6492350476429, -501.01601244900206, 493.0939839815526, -82.81499236973673]","[397.92273104303166, -521.7197605414369, 493.0939839815551, -82.81499236973946]","[521.1962270384204, -542.4235086338725, 493.09398398155486, -82.81499236974241]","[644.4697230338091, -563.1272567263081, 493.0939839815551, -82.81499236974241]","[767.7432190291979, -583.8310048187437, 493.0939839815551, -82.81499236974241]","[891.0167150245867, -604.5347529111793, 493.0939839815551, -82.81499236974241]","[1014.2902110199756, -625.2385010036149, 493.09398398155554, -82.81499236974241]"
388,Robot,"[1137.5637070153616, -645.9422490960505, 0, 0]","[1260.8372030107475, -666.6459971884861, 493.0939839815437, -82.81499236974241]","[1384.1106990061337, -687.3497452809211, 493.0939839815446, -82.81499236973968]","[1507.3841950015194, -708.0534933733549, 493.0939839815428, -82.81499236973514]","[1630.657690996905, -728.7572414657886, 493.0939839815428, -82.81499236973514]","[1753.9311869922913, -749.4609895582224, 493.0939839815446, -82.81499236973514]","[1877.2046829876767, -770.1647376506562, 493.0939839815419, -82.81499236973514]","[1999.7544786431445, -793.2974206737576, 490.19918262187093, -92.53073209240574]","[2121.7416016093484, -819.6083064321218, 487.94849186481633, -105.24354303345682]","[2245.097292028824, -839.8165631885863, 493.4227616779026, -80.83302702585797]","[2368.4529824483, -860.0248199450508, 493.4227616779044, -80.83302702585797]","[2483.880472980833, -905.045121672266, 461.7099621301313, -180.08120690886062]","[2594.2052767387468, -962.1953944777308, 441.29921503165497, -228.6010912218594]","[2715.831350588136, -990.8268668933598, 486.50429539755714, -114.52588966251597]","[2829.4480008383352, -1039.0289541231807, 454.4666010007968, -192.80834891928362]","[2927.024947331236, -1084.4580194085656, 390.30778597160315, -181.7162611415397]"
389,Robot,"[3051.8354805162203, -1091.3377582175506, 0, 0]","[3175.465973463836, -1090.5942896221138, 494.521971790462, 2.9738743817470095]","[3290.193677693755, -1091.843665440032, 458.910816919677, -4.99750327167294]","[3414.890149077509, -1100.5494120731523, 498.78588553501504, -34.82298653248108]","[3539.5866204612635, -1109.2551587062726, 498.7858855350187, -34.82298653248108]","[3653.787340816616, -1136.8632669488263, 456.80288142141035, -110.4324329702149]","[3768.9610101423855, -1155.5130790783526, 460.6946773030777, -74.59924851810501]","[3889.919594810112, -1172.2092774057132, 483.8343386709057, -66.78479330944265]","[4002.363128721166, -1226.7932911160358, 449.774135644217, -218.3360548412904]","[4114.574645003044, -1281.8711960664018, 448.8460651275109, -220.31161980146408]","[4226.786161284921, -1336.9491010167678, 448.84606512750906, -220.31161980146408]","[4338.997677566798, -1392.0270059671338, 448.84606512750906, -220.31161980146408]","[4451.209193848676, -1447.1049109175, 448.84606512750906, -220.31161980146499]","[4563.420710130553, -1502.182815867866, 448.84606512750906, -220.31161980146408]","[4675.63222641243, -1557.2607208182285, 448.84606512750906, -220.31161980144952]","[4787.843742694307, -1612.3386257685895, 448.84606512750906, -220.31161980144407]"
390,Robot,"[4900.055258976185, -1667.4165307189512, 0, 0]","[5012.266775258062, -1722.494435669313, 448.84606512750906, -220.3116198014468]","[5124.478291539939, -1777.5723406196744, 448.84606512750906, -220.3116198014459]","[5236.689807821816, -1832.650245570036, 448.84606512750906, -220.3116198014468]","[5348.901324103694, -1887.728150520397, 448.84606512750906, -220.31161980144407]","[5461.112840385571, -1942.8060554707588, 448.84606512750906, -220.3116198014468]","[5573.324356667448, -1997.8839604211205, 448.84606512750906, -220.3116198014468]","[5685.5358729493255, -2052.961865371482, 448.84606512750906, -220.3116198014459]","[5782.128429096388, -2099.0829088107234, 386.370224588249, -184.48417375696607]","[5671.82726180577, -2040.272599388593, -441.20466916247096, 235.24123768852132]","[5561.06968749447, -1982.3371130579203, -443.0302972452009, 231.7419453226912]","[5449.731231520482, -1925.515037934551, -445.3538238959518, 227.28830049347744]","[5338.392775546486, -1868.6929628111811, -445.35382389598453, 227.28830049347926]","[5227.0543195724895, -1811.870887687812, -445.35382389598453, 227.28830049347653]","[5115.715863598494, -1755.0488125644422, -445.3538238959809, 227.28830049347926]","[5004.377407624499, -1698.2267374410726, -445.3538238959809, 227.28830049347835]"
391,Robot,"[4893.038951650503, -1641.404662317703, 0, 0]","[4781.700495676508, -1584.5825871943334, -445.3538238959809, 227.28830049347835]","[4670.362039702512, -1527.7605120709638, -445.3538238959809, 227.28830049347835]","[4559.023583728516, -1470.9384369475945, -445.35382389598453, 227.28830049347744]","[4447.685127754521, -1414.116361824225, -445.3538238959809, 227.28830049347835]","[4336.346671780525, -1357.294286700855, -445.35382389598453, 227.28830049347926]","[4225.008215806529, -1300.4722115774855, -445.35382389598453, 227.28830049347835]","[4113.669759832534, -1243.650136454116, -445.3538238959809, 227.28830049347835]","[4002.331303858536, -1186.8280613307463, -445.3538238959904, 227.28830049347854]","[3890.992847884537, -1130.0059862073767, -445.35382389599727, 227.28830049347835]","[3779.654391910539, -1073.1839110840071, -445.3538238959918, 227.28830049347835]","[3668.315935936541, -1016.3618359606372, -445.3538238959918, 227.2883004934797]","[3556.977479962542, -959.5397608372648, -445.35382389599545, 227.28830049348971]","[3445.639023988544, -902.7176857138924, -445.3538238959918, 227.28830049348971]","[3334.300568014545, -845.8956105905198, -445.35382389599545, 227.28830049349017]","[3222.962112040547, -789.0735354671478, -445.3538238959936, 227.2883004934879]"
392,Robot,"[3111.6236560665484, -732.2514603437769, 0, 0]","[3000.28520009255, -675.429385220406, -445.3538238959936, 227.2883004934838]","[2888.946744118552, -618.6073100970349, -445.3538238959918, 227.28830049348426]","[2777.608288144553, -561.7852349736638, -445.35382389599545, 227.28830049348426]","[2666.2698321705548, -504.96315985029287, -445.3538238959936, 227.2883004934838]","[2554.9313761965564, -448.14108472692186, -445.3538238959936, 227.28830049348403]","[2443.592920222558, -391.31900960355085, -445.3538238959936, 227.28830049348403]","[2332.2544642485595, -334.49693448017985, -445.3538238959936, 227.28830049348403]","[2219.840651025597, -280.10331281378694, -449.6552528918514, 217.5744866655718]","[2104.54415985454, -231.8154352082895, -461.18596468422766, 193.15151042198977]","[1989.247668683486, -183.5275576027921, -461.18596468421583, 193.15151042198966]","[1873.9587329943652, -135.2507937552967, -461.15574275648305, 193.1070553899815]","[1758.6623314352018, -86.962702184925, -461.18560623665326, 193.15236628148682]","[1645.2093699234242, -39.40650987438819, -453.8118460471105, 190.22476924214726]","[1559.6891114750074, -39.53962399149383, -342.0810337936673, -0.5324564684225663]","[1495.5691423933074, -87.95207446320381, -256.47987632679997, -193.64980188683992]"
393,Robot,"[1424.531376088508, -118.90429442078135, 0, 0]","[1342.661201442738, -125.58917474337998, -327.4806985830801, -26.73952129039452]","[1278.95159997136, -164.56042686086693, -254.83840588551175, -155.88500846994776]","[1231.3085806609113, -229.64675833616445, -190.57207724179534, -260.3453259011901]","[1178.3482560281536, -279.85294665778474, -211.8412985310306, -200.82475328648115]","[1111.1386157081108, -299.74428965129164, -268.83856128017123, -79.56537197402758]","[1011.4343829864074, -257.0431693321074, -398.8169308868137, 170.80448127673685]","[903.8914761778748, -193.32878166988843, -430.1716272341305, 254.85755064887599]","[796.3485693693419, -129.61439400766943, -430.1716272341318, 254.8575506488762]","[688.8056625608092, -65.9000063454503, -430.17162723413094, 254.85755064887655]","[581.2627557522771, -2.185618683231117, -430.1716272341282, 254.8575506488767]","[473.71984894374606, 61.52876897898807, -430.17162723412434, 254.85755064887675]","[366.17694213521474, 125.24315664120742, -430.17162723412525, 254.8575506488774]","[258.63403532668343, 188.95754430342643, -430.17162723412525, 254.85755064887604]","[151.09112851815212, 252.67193196564543, -430.17162723412525, 254.85755064887599]","[43.548221709620805, 316.38631962786445, -430.17162723412525, 254.8575506488761]"
394,Robot,"[-63.9946850989105, 380.10070729008345, 0, 0]","[-171.5375919074418, 443.8150949523025, -430.17162723412514, 254.8575506488762]","[-279.0804987159731, 507.52948261452144, -430.17162723412514, 254.85755064887576]","[-386.6234055245044, 571.2438702767405, -430.17162723412525, 254.8575506488762]","[-494.1663123330357, 634.9582579389595, -430.17162723412525, 254.85755064887599]","[-601.7092191415659, 698.6726456011785, -430.1716272341207, 254.85755064887599]","[-709.2521259500958, 762.3870332633975, -430.17162723411957, 254.85755064887599]","[-816.7950327586266, 826.1014209256165, -430.1716272341232, 254.85755064887599]","[-924.3379395671576, 889.8158085878355, -430.1716272341245, 254.8575506488762]","[-1031.8808463756886, 953.5301962500544, -430.1716272341241, 254.85755064887553]","[-1139.4237531842214, 1017.2445839122736, -430.17162723413094, 254.8575506488769]","[-1246.966659992754, 1080.9589715744926, -430.17162723413094, 254.85755064887599]","[-1354.5095668012868, 1144.6733592367116, -430.17162723413094, 254.85755064887599]","[-1462.0524736098196, 1208.3877468989306, -430.17162723413094, 254.85755064887599]","[-1562.063367290438, 1282.368567898449, -400.04357472247375, 295.9232839980741]","[-1655.1216334683663, 1365.8260965939364, -372.23306471171327, 333.8301147819493]"
395,Robot,"[-1748.1798996462946, 1449.2836252894238, 0, 0]","[-1841.238165824223, 1532.741153984911, -372.23306471171327, 333.8301147819493]","[-1934.2964320021515, 1616.1986826803984, -372.2330647117142, 333.8301147819493]","[-2027.35469818008, 1699.6562113758855, -372.2330647117142, 333.8301147819484]","[-2120.412964358012, 1783.113740071373, -372.2330647117269, 333.8301147819502]","[-2213.4712305359462, 1866.5712687668604, -372.2330647117378, 333.8301147819493]","[-2306.52949671388, 1950.028797462348, -372.2330647117342, 333.8301147819502]","[-2399.5877628918142, 2033.486326157835, -372.2330647117378, 333.8301147819484]","[-2492.646029069748, 2116.943854853322, -372.2330647117345, 333.8301147819487]","[-2585.7042952476822, 2200.401383548809, -372.2330647117378, 333.8301147819475]","[-2678.762561425616, 2283.858912244297, -372.2330647117342, 333.8301147819511]","[-2771.8208276035502, 2367.316440939784, -372.2330647117378, 333.8301147819493]","[-2864.87909378148, 2450.7739696352714, -372.23306471171963, 333.8301147819493]","[-2957.93735995941, 2534.2314983307588, -372.23306471171963, 333.8301147819493]","[-3050.99562613734, 2617.689027026246, -372.23306471171963, 333.8301147819493]","[-3144.05389231527, 2701.1465557217334, -372.23306471171963, 333.8301147819493]"
396,Robot,"[-3237.1121584932, 2784.6040844172207, 0, 0]","[-3330.1704246711297, 2868.061613112708, -372.23306471171963, 333.8301147819493]","[-3423.22869084906, 2951.5191418081954, -372.23306471172145, 333.8301147819493]","[-3485.66961397505, 2878.327417182144, -249.76369250396056, -292.7668985042055]","[-3418.901091922381, 2787.4154707556827, 267.07408821067656, -363.6477857058453]","[-3328.979215695298, 2700.5877322396927, 359.6875049083319, -347.3109540639598]","[-3239.057339468214, 2613.759993723703, 359.68750490833554, -347.3109540639598]","[-3149.135463241131, 2526.932255207713, 359.6875049083319, -347.3109540639598]","[-3059.213587014048, 2440.104516691723, 359.68750490833406, -347.3109540639601]","[-2969.2917107869644, 2353.276778175733, 359.6875049083337, -347.3109540639598]","[-2879.369834559881, 2266.449039659743, 359.6875049083337, -347.3109540639598]","[-2789.447958332797, 2179.621301143753, 359.68750490833554, -347.3109540639598]","[-2699.526082105714, 2092.793562627763, 359.6875049083319, -347.3109540639598]","[-2609.60420587863, 2005.9658241117727, 359.68750490833554, -347.3109540639616]","[-2519.682329651547, 1919.1380855957832, 359.6875049083319, -347.310954063958]","[-2429.760453424464, 1832.3103470797928, 359.6875049083337, -347.3109540639616]"
397,Robot,"[-2339.8385771973803, 1745.4826085638033, 0, 0]","[-2249.916700970297, 1658.6548700478131, 359.6875049083337, -347.3109540639607]","[-2159.994824743213, 1571.8271315318234, 359.68750490833554, -347.3109540639589]","[-2070.07294851613, 1484.9993930158334, 359.6875049083319, -347.3109540639598]","[-1980.1510722890464, 1398.1716544998435, 359.68750490833463, -347.3109540639598]","[-1890.2291960619632, 1311.3439159838576, 359.6875049083328, -347.3109540639434]","[-1801.898833879557, 1223.4090547827395, 353.32144872962454, -351.73944480447244]","[-1751.764808769406, 1108.9032491384205, 200.53610044060406, -458.0232225772761]","[-1701.630783659255, 994.3974434941016, 200.53610044060423, -458.02322257727604]","[-1651.496758549104, 879.8916378497825, 200.53610044060406, -458.02322257727656]","[-1601.362733438953, 765.3858322054634, 200.53610044060406, -458.0232225772761]","[-1551.228708328802, 650.8800265611444, 200.53610044060406, -458.0232225772761]","[-1501.094683218651, 536.3742209168254, 200.53610044060406, -458.0232225772761]","[-1450.9606581085, 421.8684152725064, 200.53610044060406, -458.0232225772759]","[-1400.826632998349, 307.36260962818733, 200.53610044060406, -458.02322257727633]","[-1350.692607888198, 192.8568039838679, 200.53610044060406, -458.0232225772777]"
398,Robot,"[-1300.558582778047, 78.35099833954817, 0, 0]","[-1250.424557667896, -36.15480730477155, 200.53610044060406, -458.0232225772789]","[-1200.2905325577449, -150.66061294909127, 200.53610044060406, -458.0232225772789]","[-1150.156507447594, -265.1664185934109, 200.53610044060315, -458.0232225772786]","[-1100.0224823374429, -379.67222423773, 200.53610044060497, -458.02322257727633]","[-1049.8884572272918, -494.178029882049, 200.53610044060406, -458.0232225772759]","[-999.7544321171408, -608.6838355263681, 200.53610044060406, -458.02322257727633]","[-949.6204070069898, -723.1896411706871, 200.53610044060406, -458.0232225772761]","[-899.4863818968388, -837.6954468150061, 200.53610044060423, -458.0232225772765]","[-849.3523567866878, -952.2012524593252, 200.53610044060406, -458.02322257727656]","[-799.2183316765368, -1066.7070581036442, 200.53610044060406, -458.02322257727565]","[-749.0843065663857, -1181.2128637479632, 200.53610044060406, -458.0232225772761]","[-698.9502814562347, -1295.7186693922822, 200.53610044060406, -458.0232225772761]","[-648.8162563460837, -1410.2244750366012, 200.53610044060406, -458.0232225772761]","[-598.7112417177101, -1524.7429085798592, 200.4200585134945, -458.0737341730319]","[-551.3396432728272, -1640.3971299488596, 189.48639377953168, -462.6168854760017]"
399,Robot,"[-500.61618054797214, -1754.643050353922, 0, 0]","[-449.8927178231171, -1868.8889707589844, 202.89385089942016, -456.9836816202496]","[-394.9029664932585, -1981.0968462462383, 219.95900531943448, -448.83150194901555]","[-337.905549937516, -2092.345641772172, 227.98966622296984, -444.9951821037339]","[-280.9081333817734, -2203.594437298104, 227.98966622297053, -444.99518210372844]","[-223.9107168260317, -2314.8432328240365, 227.98966622296678, -444.99518210373026]","[-166.91330027028982, -2426.092028349969, 227.98966622296746, -444.99518210373026]","[-109.91588371454807, -2537.3408238759016, 227.989666222967, -444.99518210373026]","[-52.91846715880656, -2648.589619401834, 227.98966622296626, -444.99518210373066]","[4.078949396934887, -2759.8384149277667, 227.98966622296578, -444.99518210373026]","[61.07636595267621, -2871.0872104536998, 227.9896662229653, -444.9951821037321]","[118.07378250841737, -2982.336005979632, 227.98966622296462, -444.99518210372844]","[175.07119906415852, -3093.5848015055644, 227.98966622296462, -444.99518210373026]","[232.06861561989916, -3204.833597031497, 227.98966622296257, -444.99518210373026]","[289.06603217563924, -3316.0823925574296, 227.9896662229603, -444.99518210373026]","[284.50045028540524, -3262.074088932838, -18.262327560936, 216.03321449836585]"
400,Robot,"[254.1978404381694, -3140.8026914953275, 0, 0]","[223.8952305909336, -3019.531294057817, -121.2104393889432, 485.08558975004235]","[193.59262074369772, -2898.2598966203063, -121.21043938894354, 485.08558975004235]","[163.29001089646192, -2776.988499182796, -121.2104393889432, 485.0855897500405]","[132.9874010492261, -2655.717101745285, -121.21043938894331, 485.08558975004416]","[102.68479120199028, -2534.4457043077746, -121.21043938894326, 485.08558975004235]","[72.38218135475444, -2413.174306870264, -121.21043938894337, 485.08558975004235]","[42.07957150751847, -2291.9029094327534, -121.21043938894385, 485.08558975004235]","[11.77696166028242, -2170.631511995243, -121.21043938894432, 485.0855897500428]","[-18.52564818695373, -2049.360114557732, -121.21043938894461, 485.08558975004416]","[-48.828258034190014, -1928.0887171202216, -121.21043938894513, 485.0855897500405]","[-66.16507660398386, -1804.9384189391992, -69.3472742791754, 492.60119272408974]","[-71.53347245613847, -1680.053750841089, -21.473583408618424, 499.5386723924412]","[-76.90186830829307, -1555.1690827429786, -21.473583408618424, 499.5386723924412]","[-82.27026416044768, -1430.2844146448683, -21.473583408618424, 499.5386723924412]","[-87.63866001260229, -1305.399746546758, -21.473583408618424, 499.5386723924412]"
401,Robot,"[-93.0070558647569, -1180.5150784486475, 0, 0]","[-98.3754517169115, -1055.6304103505374, -21.473583408618424, 499.5386723924403]","[-103.7438475690661, -930.7457422524292, -21.473583408618424, 499.538672392433]","[-109.11224342122073, -805.8610741543218, -21.47358340861848, 499.53867239242936]","[-114.48063927337532, -680.9764060562144, -21.473583408618367, 499.5386723924298]","[-119.84903512552992, -556.0917379581069, -21.473583408618424, 499.5386723924298]","[-125.21743097768451, -431.2070698599995, -21.473583408618367, 499.5386723924298]","[-130.58582682983914, -306.322401761892, -21.47358340861848, 499.5386723924298]","[-135.95422268199374, -181.43773366378412, -21.473583408618442, 499.5386723924321]","[-141.32261853414835, -56.55306556567619, -21.473583408618424, 499.5386723924317]","[-146.69101438630295, 68.33160253243167, -21.473583408618424, 499.53867239243147]","[-152.05941023845756, 193.21627063053967, -21.473583408618424, 499.538672392432]","[-157.42780609061217, 318.10093872864746, -21.473583408618424, 499.5386723924312]","[-162.79620194276677, 442.9856068267549, -21.473583408618424, 499.5386723924298]","[-168.16459779492138, 567.8702749248624, -21.473583408618424, 499.53867239243004]","[-173.53299364707598, 692.7549430229699, -21.473583408618424, 499.5386723924298]"
402,Robot,"[-178.9013894992306, 817.6396111210773, 0, 0]","[-184.2697853513852, 942.5242792191848, -21.473583408618424, 499.5386723924298]","[-189.6381812035399, 1067.4089473172933, -21.473583408618765, 499.5386723924339]","[-195.00657705569495, 1192.2936154154036, -21.473583408620243, 499.5386723924412]","[-200.37497290785004, 1317.178283513514, -21.473583408620357, 499.5386723924421]","[-205.74336876000515, 1442.0629516116242, -21.47358340862047, 499.5386723924403]","[-211.1117646121602, 1566.9476197097345, -21.47358340862013, 499.5386723924412]","[-195.9657042188748, 1691.0266141228226, 60.584241573141526, 496.31597765235256]","[-180.81964382558937, 1815.1056085359107, 60.58424157314181, 496.315977652353]","[-165.67358343230396, 1939.1846029489989, 60.58424157314164, 496.31597765235256]","[-150.52752303901855, 2063.2635973620863, 60.58424157314164, 496.31597765234983]","[-135.38146264573314, 2187.342591775169, 60.58424157314164, 496.3159776523298]","[-120.23540225244771, 2311.4215861882512, 60.584241573141696, 496.3159776523298]","[-105.08934185916246, 2435.5005806013337, 60.584241573141014, 496.3159776523298]","[-89.9432814658774, 2559.579575014416, 60.58424157314022, 496.3159776523298]","[-74.79722107259235, 2683.6585694274986, 60.58424157314022, 496.3159776523298]"
403,Robot,"[-59.65116067930735, 2807.737563840581, 0, 0]","[-44.50510028602254, 2931.8165582536635, 60.58424157313925, 496.3159776523298]","[-29.379982299893808, 3055.8981045780847, 60.50047194451493, 496.3261852976848]","[-14.286277924499103, 3179.983478769514, 60.37481750157882, 496.34149676571724]","[19.25946581235909, 3140.691470002614, 134.18297494743277, -157.1680350675997]","[59.19065940804307, 3022.2410593742643, 159.72477438273592, -473.8016425133992]","[99.12185300372722, 2903.7906487459145, 159.72477438273663, -473.8016425133992]","[139.0530465994115, 2785.3402381175647, 159.72477438273705, -473.8016425133992]","[178.98424019509602, 2666.889827489215, 159.72477438273827, -473.8016425133996]","[218.91543379078053, 2548.439416860865, 159.72477438273802, -473.8016425133992]","[258.8466273864651, 2429.9890062325157, 159.72477438273836, -473.8016425133974]","[323.9957980076258, 2327.1911342037065, 260.59668248464277, -411.191488115237]","[412.4231012676876, 2238.841759343705, 353.7092130402473, -353.39749944000687]","[500.8504045277493, 2150.492384483703, 353.7092130402466, -353.39749944000687]","[589.2777077878111, 2062.1430096237013, 353.7092130402473, -353.39749944000687]","[677.7050110478729, 1973.7936347637, 353.70921304024705, -353.39749944000505]"
404,Robot,"[766.1323143079346, 1885.444259903698, 0, 0]","[854.5596175679964, 1797.0948850436962, 353.70921304024705, -353.39749944000687]","[942.986920828058, 1708.7455101836945, 353.7092130402466, -353.39749944000687]","[1031.41422408812, 1620.3961353236928, 353.7092130402475, -353.39749944000687]","[1119.8415273481817, 1532.046760463691, 353.70921304024705, -353.39749944000687]","[1208.2688306082434, 1443.697385603689, 353.70921304024705, -353.3974994400078]","[1296.6961338683052, 1355.3480107436876, 353.70921304024705, -353.39749944000596]","[1385.123437128367, 1266.998635883686, 353.70921304024705, -353.39749944000687]","[1473.5507403884287, 1178.6492610236842, 353.7092130402474, -353.3974994400072]","[1561.9780436484905, 1090.2998861636825, 353.70921304024705, -353.39749944000687]","[1650.4053469085522, 1001.9505113036809, 353.70921304024705, -353.3974994400064]","[1738.832650168614, 913.601136443679, 353.70921304024705, -353.3974994400073]","[1827.259953428676, 825.2517615836773, 353.70921304024796, -353.39749944000687]","[1921.256024278404, 743.6357977746851, 375.98428339891234, -326.4638552359688]","[2011.5089917685175, 657.3122976324773, 361.0118699604536, -345.29400056883105]","[2098.964358756487, 568.0007704211941, 349.8214679518778, -357.24610884513277]"
405,Robot,"[2197.696657486991, 514.6393678274522, 0, 0]","[2310.2891465945827, 526.7409004101842, 450.3699564303661, 48.40613033092768]","[2411.371452924756, 490.8640209104168, 404.3292253206928, -143.50751799906948]","[2525.4870834124163, 440.7596533207789, 456.46252195064153, -200.41747035855155]","[2591.508211842064, 347.1536091996919, 264.08451371859155, -374.424176484348]","[2703.4907453844453, 325.70768674038715, 447.93013416952454, -85.78368983721907]","[2767.721632011527, 330.707724406338, 256.9235465083275, 20.000150663803424]","[2767.721632011527, 330.707724406338, 0.0, 0.0]","[2767.721632011527, 330.707724406338, 0.0, 0.0]","[2767.721632011527, 330.707724406338, 0.0, 0.0]","[2758.2798978168594, 315.7831166135835, -37.76693677867115, -59.698431171018]","[2781.798663933356, 207.19172926123565, 94.07506446598563, -434.3655494093914]","[2881.7647052167026, 132.14647231493845, 399.86416513338736, -300.1810277851888]","[2981.730746500049, 57.10121536864159, 399.86416513338554, -300.18102778518744]","[3081.6967877833954, -17.94404157765527, 399.86416513338554, -300.18102778518744]","[3181.662829066742, -92.98929852395212, 399.86416513338554, -300.1810277851874]"
406,Robot,"[3281.628870350088, -168.03455547024876, 0, 0]","[3381.5949116334345, -243.07981241654525, 399.86416513338554, -300.18102778518596]","[3481.560952916781, -318.12506936284177, 399.86416513338554, -300.1810277851861]","[3581.526994200128, -393.1703263091383, 399.86416513338736, -300.1810277851862]","[3681.4930354834737, -468.2155832554348, 399.8641651333837, -300.18102778518596]","[3781.45907676682, -543.2608402017312, 399.86416513338554, -300.1810277851855]","[3881.4251180501674, -618.3060971480277, 399.8641651333892, -300.18102778518596]","[3981.391159333513, -693.3513540943242, 399.8641651333819, -300.18102778518596]","[4081.3572006168592, -768.3966110406207, 399.8641651333859, -300.18102778518625]","[4181.323241900206, -843.4418679869171, 399.86416513338736, -300.18102778518596]","[4281.2892831835525, -918.4871249332136, 399.86416513338554, -300.18102778518596]","[4381.255324466899, -993.53238187951, 399.86416513338554, -300.1810277851855]","[4481.221365750245, -1068.577638825805, 399.86416513338554, -300.18102778518005]","[4581.187407033592, -1143.622895772099, 399.86416513338554, -300.1810277851755]","[4681.153448316938, -1218.6681527183923, 399.86416513338554, -300.1810277851737]","[4781.119489600284, -1293.713409664686, 399.86416513338554, -300.1810277851746]"
407,Robot,"[4881.085530883631, -1368.7586666109796, 0, 0]","[4981.051572166977, -1443.8039235572733, 399.86416513338554, -300.1810277851746]","[5081.017613450324, -1518.849180503567, 399.86416513338554, -300.1810277851746]","[5180.98365473367, -1593.8944374498606, 399.86416513338554, -300.1810277851746]","[5280.949696017016, -1668.9396943961542, 399.86416513338554, -300.1810277851746]","[5380.915737300363, -1743.984951342448, 399.86416513338554, -300.1810277851755]","[5480.881778583709, -1819.0302082887413, 399.86416513338554, -300.1810277851728]","[5591.721457741122, -1876.0863630938447, 443.3587166296529, -228.22461922041384]","[5704.632306017405, -1929.716022253007, 451.6433931051328, -214.518636636649]","[5817.5431542936885, -1983.3456814121687, 451.6433931051324, -214.518636636647]","[5866.31686708966, -2010.343687726017, 195.09485118388693, -107.99202525539295]","[5748.760664329058, -1967.8520509899745, -470.22481104240796, 169.96654694416975]","[5631.204461568456, -1925.360414253932, -470.22481104240796, 169.96654694416975]","[5513.648258807854, -1882.8687775178896, -470.22481104240796, 169.96654694416975]","[5396.092056047252, -1840.3771407818472, -470.22481104240796, 169.96654694416975]","[5278.53585328665, -1797.8855040458072, -470.22481104240796, 169.96654694415975]"
408,Robot,"[5160.979650526048, -1755.393867309769, 0, 0]","[5043.423447765446, -1712.90223057373, -470.22481104240796, 169.9665469441552]","[4925.867245004844, -1670.4105938376915, -470.22481104240796, 169.9665469441543]","[4808.311042244242, -1627.9189571016532, -470.22481104240796, 169.96654694415338]","[4690.75483948364, -1585.4273203656146, -470.22481104240796, 169.9665469441543]","[4573.198636723038, -1542.935683629576, -470.22481104240796, 169.9665469441543]","[4455.642433962436, -1500.4440468935377, -470.22481104240796, 169.96654694415338]","[4338.086231201834, -1457.952410157499, -470.22481104240796, 169.9665469441552]","[4220.530028441232, -1415.4607734214603, -470.22481104240836, 169.96654694415443]","[4102.97382568063, -1372.9691366854215, -470.22481104240796, 169.9665469441552]","[3985.417622920029, -1330.4774999493834, -470.22481104240615, 169.96654694415247]","[3867.8614201594255, -1287.9858632133448, -470.2248110424134, 169.9665469441543]","[3750.305217398824, -1245.4942264773065, -470.22481104240615, 169.96654694415338]","[3632.7490146382224, -1203.0025897412677, -470.22481104240615, 169.9665469441552]","[3514.490651644621, -1162.7874460233018, -473.0334519744065, 160.86057487186372]","[3393.4236477190207, -1131.678274377626, -484.2680157024006, 124.43668658270326]"
409,Robot,"[3272.3566437934205, -1100.56910273195, 0, 0]","[3151.2896398678204, -1069.4599310862743, -484.2680157024006, 124.43668658270235]","[3030.22263594222, -1038.3507594405985, -484.2680157024006, 124.43668658270326]","[2909.15563201662, -1007.2415877949244, -484.2680157024006, 124.43668658269644]","[2788.08862809102, -976.132416149249, -484.2680157024006, 124.43668658270144]","[2667.02162416542, -945.0232445035732, -484.2680157024006, 124.43668658270326]","[2545.95462023982, -913.9140728578974, -484.26801570239877, 124.43668658270326]","[2424.8876163142195, -882.8049012122216, -484.2680157024024, 124.43668658270326]","[2303.82061238862, -851.6957295665458, -484.2680157023992, 124.43668658270337]","[2182.753608463019, -820.58655792087, -484.2680157024024, 124.43668658270326]","[2061.686604537419, -789.4773862751941, -484.2680157024006, 124.43668658270326]","[1940.619600611824, -758.3682146295196, -484.2680157023806, 124.43668658269826]","[1819.5525966862297, -727.2590429838452, -484.26801570237694, 124.43668658269735]","[1698.4855927606352, -696.1498713381709, -484.26801570237785, 124.43668658269735]","[1577.4185888350407, -665.0406996924966, -484.26801570237785, 124.43668658269735]","[1456.3515849094465, -633.9315280468223, -484.26801570237694, 124.4366865826969]"
410,Robot,"[1335.2845809838518, -602.8223564011479, 0, 0]","[1214.2175770582571, -571.7131847554735, -484.26801570237876, 124.43668658269735]","[1093.1505731326629, -540.6040131097992, -484.26801570237694, 124.43668658269735]","[972.0835692070684, -509.4948414641248, -484.26801570237785, 124.43668658269758]","[851.016565281474, -478.3856698184504, -484.26801570237785, 124.43668658269758]","[729.9495613558795, -447.276498172776, -484.26801570237785, 124.4366865826978]","[608.882557430285, -416.1673265271016, -484.26801570237785, 124.43668658269758]","[487.81555350469057, -385.0581548814272, -484.26801570237785, 124.43668658269758]","[366.7485495790961, -353.94898323575285, -484.2680157023783, 124.43668658269746]","[245.68154565350164, -322.83981159007845, -484.26801570237785, 124.43668658269758]","[124.61454172790717, -291.73063994440406, -484.2680157023779, 124.43668658269758]","[3.5475378023123536, -260.62146829872967, -484.2680157023793, 124.43668658269758]","[-119.6229481784932, -271.47462661971383, -492.6819439232222, -43.41263328393666]","[-243.1940974079104, -290.320609696252, -494.28459691766875, -75.3839323061527]","[-366.7652466373276, -309.1665927727902, -494.28459691766886, -75.3839323061527]","[-490.3363958667448, -328.0125758493284, -494.28459691766875, -75.38393230615293]"
411,Robot,"[-613.9075450961619, -346.85855892586653, 0, 0]","[-737.4786943255791, -365.7045420024047, -494.28459691766875, -75.3839323061527]","[-857.5416324192531, -392.7987496021397, -480.251752374696, -108.37683039894]","[-933.5409194800604, -491.1041920428738, -303.9971482432293, -393.22176976293645]","[-1030.2897202022884, -541.0363088199362, -386.995202888912, -199.72846710824933]","[-1154.602933096809, -554.121609727524, -497.2528515780823, -52.341203630351174]","[-1278.9161459913296, -567.2069106351117, -497.2528515780823, -52.341203630351174]","[-1403.2293588858502, -580.2922115426995, -497.2528515780823, -52.341203630351174]","[-1527.5425717803707, -593.3775124502873, -497.25285157808275, -52.341203630351224]","[-1651.8557846748913, -606.4628133578751, -497.2528515780823, -52.341203630351174]","[-1776.168997569412, -619.5481142654629, -497.2528515780832, -52.341203630351174]","[-1900.4822104639325, -632.6334151730507, -497.2528515780814, -52.341203630351174]","[-2024.795423358453, -645.7187160806385, -497.2528515780823, -52.341203630351174]","[-2149.108636252969, -658.8040169882263, -497.2528515780641, -52.341203630351174]","[-2273.421849147484, -671.8893178958141, -497.25285157805956, -52.341203630351174]","[-2397.735062041999, -684.9746188034019, -497.25285157805956, -52.341203630351174]"
412,Robot,"[-2522.0482749365137, -698.0599197109897, 0, 0]","[-2646.3614878310286, -711.1452206185775, -497.25285157805956, -52.341203630351174]","[-2770.6747007255435, -724.2305215261653, -497.25285157805956, -52.341203630351174]","[-2894.9879136200584, -737.3158224337516, -497.25285157805956, -52.34120363034526]","[-3019.3011265145733, -750.4011233413376, -497.25285157805956, -52.3412036303439]","[-3143.614339409088, -763.4864242489235, -497.25285157805956, -52.3412036303439]","[-3267.927552303603, -776.5717251565095, -497.25285157805956, -52.3412036303439]","[-3392.240765198118, -789.6570260640955, -497.25285157805956, -52.3412036303439]","[-3514.721740878228, -808.5051433653579, -489.92390272044076, -75.39246920504964]","[-3623.7663103193695, -869.6139142202472, -436.1782777645658, -244.4350834195575]","[-3732.810879760511, -930.7226850751366, -436.1782777645658, -244.4350834195575]","[-3841.855449201653, -991.831455930026, -436.1782777645676, -244.4350834195575]","[-3871.543735660391, -1027.130430897083, -118.7531458349531, -141.19589986822803]","[-3747.312407863087, -1040.9715722416229, 496.9253111892158, -55.36456537815957]","[-3623.081080065783, -1054.8127135861623, 496.9253111892158, -55.36456537815775]","[-3500.3257232798296, -1042.160483176232, 491.02142714381444, 50.6089216397213]"
413,Robot,"[-3378.4006001877606, -1014.6057311544112, 0, 0]","[-3256.4754770956915, -987.0509791325889, 487.7004923682762, 110.21900808728924]","[-3134.5503540036225, -959.4962271107662, 487.7004923682762, 110.2190080872906]","[-3012.625230911553, -931.9414750889435, 487.700492368278, 110.2190080872906]","[-2890.7001078194844, -904.3867230671212, 487.70049236827435, 110.21900808728924]","[-2768.774984727416, -876.8319710452986, 487.70049236827435, 110.2190080872906]","[-2646.8498616353463, -849.277219023476, 487.700492368278, 110.21900808729015]","[-2524.9247385432773, -821.7224670016535, 487.7004923682762, 110.21900808729015]","[-2402.999615451208, -794.1677149798317, 487.70049236827845, 110.21900808728752]","[-2281.074492359139, -766.6129629580104, 487.70049236827435, 110.21900808728515]","[-2159.14936926707, -739.058210936189, 487.7004923682762, 110.2190080872856]","[-2037.224246175001, -711.5034589143677, 487.7004923682762, 110.21900808728515]","[-1915.299123082932, -683.9487068925464, 487.7004923682762, 110.21900808728515]","[-1793.373999990863, -656.393954870725, 487.7004923682762, 110.2190080872856]","[-1671.448876898794, -628.8392028489037, 487.7004923682762, 110.21900808728515]","[-1549.523753806725, -601.2844508270824, 487.7004923682762, 110.21900808728515]"
414,Robot,"[-1427.598630714656, -573.7296988052611, 0, 0]","[-1305.6735076225868, -546.1749467834397, 487.7004923682771, 110.2190080872856]","[-1183.7483845305178, -518.6201947616184, 487.7004923682762, 110.21900808728515]","[-1061.9058408927945, -490.7069334587814, 487.37017455089335, 111.65304521134817]","[-940.2331410322406, -462.0621588588893, 486.6907994422154, 114.57909839956847]","[-818.2925392004173, -434.576112757198, 487.7624073272932, 109.94418440676509]","[-696.3432815871251, -407.1283702713904, 487.79703045316865, 109.7909699432305]","[-574.4949625969904, -379.2383931452818, 487.3932759605391, 111.55990850443436]","[-481.1372491508992, -363.2376277947785, 373.430853784365, 64.0030614020132]","[-481.1372491508992, -363.2376277947785, 0.0, 0.0]","[-481.1372491508992, -363.2376277947785, 0.0, 0.0]","[-407.1980358039463, -333.1323486970297, 295.7568533878116, 120.42111639099517]","[-285.0514870869143, -306.5763581013546, 488.58619486812813, 106.22396238270062]","[-162.90493836988168, -280.02036750567896, 488.5861948681304, 106.22396238270244]","[-40.75838965284916, -253.46437691000327, 488.58619486813006, 106.22396238270278]","[81.38815906418331, -226.9083863143277, 488.5861948681299, 106.22396238270233]"
415,Robot,"[203.53470778121596, -200.35239571865205, 0, 0]","[325.6812564982483, -173.7964051229764, 488.58619486812927, 106.22396238270255]","[447.8278052152803, -147.24041452730077, 488.58619486812813, 106.22396238270255]","[570.3832158178793, -122.6558832967812, 490.22164241039604, 98.3381249220783]","[693.0165048748714, -98.44686813581494, 490.53315622796845, 96.83606064386504]","[815.6497939318635, -74.23785297484866, 490.53315622796845, 96.8360606438651]","[938.2830829888557, -50.0288378138825, 490.53315622796845, 96.83606064386467]","[1060.916372045849, -25.819822652916372, 490.533156227973, 96.8360606438645]","[1183.5496611028436, -1.6108074919501962, 490.53315622797936, 96.83606064386478]","[1306.1829501598386, 22.59820766901598, 490.5331562279798, 96.83606064386471]","[1428.8162392168335, 46.80722282998222, 490.5331562279798, 96.83606064386497]","[1551.4495282738285, 71.0162379909485, 490.5331562279798, 96.8360606438651]","[1674.0828173308234, 95.22525315191476, 490.5331562279798, 96.83606064386504]","[1796.7161063878184, 119.43426831288104, 490.5331562279798, 96.83606064386515]","[1919.3493954448131, 143.64328347384716, 490.5331562279789, 96.83606064386447]","[2041.9826845018083, 167.85229863481362, 490.5331562279807, 96.83606064386584]"
416,Robot,"[372.27763, 3135.93202, 0, 0]","[373.60953420071326, 3140.7513592908285, 5.327616802853072, 19.277357163313354]","[430.2158780916963, 3252.1768814828456, 226.42537556393222, 445.7020887680683]","[474.5725880368714, 3368.9876777064064, 177.42683978070045, 467.2431848942433]","[519.1244070900741, 3485.7612664977323, 178.2072762128107, 467.09435516530357]","[570.3530015183561, 3599.7697718065533, 204.91437771312803, 456.03402123528394]","[644.299609318976, 3657.509777766636, 295.78643120247943, 230.9600238403309]","[700.5306778564279, 3633.8186687130833, 224.92427414980784, -94.76443621421095]","[730.1796951271053, 3631.672865336044, 118.59606908270972, -8.583213508156412]","[726.7474196953502, 3646.9041915832345, -13.729101727020407, 60.92530498876113]","[717.2798811840559, 3650.01606257122, -37.870154045177514, 12.447483951942559]","[700.7352580801366, 3641.647287200303, -66.17849241567683, -33.47510148366928]","[690.020266459993, 3619.888630228128, -42.85996648057471, -87.0346278886991]","[696.1045659639608, 3628.5600420674095, 24.33719801587131, 34.68564735712607]","[682.1887255058592, 3676.54706927677, -55.66336183240628, 191.9481088374414]","[639.0278092936654, 3678.4061253965274, -172.6436648487752, 7.436224479029988]"
417,Robot,"[578.7752834028881, 3633.216447545571, 0, 0]","[511.6808357846984, 3537.243505587519, -268.377790472759, -383.89176783220864]","[443.580370370325, 3432.423056197404, -272.40186165749355, -419.2817975604594]","[376.2365810887849, 3328.57571338984, -269.3751571261605, -415.3893712302561]","[331.70629808265966, 3270.8813147410096, -178.12113202450087, -230.77759459532172]","[258.43711275979393, 3211.538791900287, -293.0767412914629, -237.3700913628909]","[186.7451844292288, 3148.476233975173, -286.76771332226053, -252.25023170045642]","[118.172878731984, 3072.840332406717, -274.2892227889792, -302.54360627382266]","[57.44750808568108, 2978.937091042229, -242.9014825852119, -375.612965457953]","[-6.712302792783101, 2871.6593269527434, -256.63924351385674, -429.1110563579423]","[-70.87211367124726, 2764.381562863258, -256.6392435138566, -429.1110563579423]","[-123.27065509389844, 2663.2646961570645, -209.5941656906047, -404.4674668247735]","[-172.81677720574672, 2564.8369207003525, -198.1844884473931, -393.7111018268479]","[-237.9797039400493, 2458.165495382141, -260.6517069372103, -426.6857012728451]","[-303.1426306743519, 2351.49407006393, -260.6517069372104, -426.6857012728451]","[-368.30555740865447, 2244.8226447457137, -260.6517069372103, -426.6857012728651]"
418,Robot,"[-433.468484142957, 2138.1512194274965, 0, 0]","[-498.6314108772596, 2031.4797941092795, -260.6517069372105, -426.68570127286785]","[-563.7943376115621, 1924.8083687910623, -260.65170693721007, -426.68570127286876]","[-628.9572643458647, 1818.1369434728451, -260.6517069372103, -426.68570127286876]","[-694.1201910801673, 1711.4655181546284, -260.6517069372103, -426.68570127286694]","[-759.2831178144698, 1604.7940928364114, -260.6517069372103, -426.68570127286785]","[-824.4460445487724, 1498.1226675181945, -260.6517069372103, -426.68570127286785]","[-909.308845296308, 1408.4420043746636, -339.4512029901425, -358.72265257412346]","[-1005.2528251762872, 1328.3186449543937, -383.7759195199168, -320.49343768108]","[-1101.1968050562664, 1248.1952855341235, -383.7759195199169, -320.49343768108065]","[-1197.1407849362456, 1168.0719261138538, -383.7759195199169, -320.49343768107883]","[-1293.0847648162248, 1087.948566693584, -383.7759195199169, -320.49343768107883]","[-1389.028744696204, 1007.8252072733133, -383.7759195199169, -320.4934376810834]","[-1484.9727245761833, 927.7018478530404, -383.7759195199169, -320.49343768109156]","[-1580.9167044561625, 847.5784884327677, -383.7759195199169, -320.49343768109065]","[-1676.8606843361415, 767.4551290124949, -383.775919519916, -320.4934376810911]"
419,Robot,"[-1772.804664216121, 687.3317695922221, 0, 0]","[-1868.7486440961, 607.2084101719494, -383.775919519916, -320.4934376810911]","[-1964.6926239760796, 527.0850507516766, -383.7759195199187, -320.4934376810911]","[-2060.6366038560577, 446.9616913314038, -383.77591951991235, -320.4934376810911]","[-2156.5805837360317, 366.83833191113104, -383.775919519896, -320.4934376810911]","[-2252.524563616005, 286.71497249085826, -383.77591951989234, -320.4934376810911]","[-2348.468543495984, 206.59161307058596, -383.775919519916, -320.4934376810892]","[-2444.4125233759623, 126.46825365031386, -383.77591951991417, -320.49343768108844]","[-2540.356503255942, 46.34489423004147, -383.77591951991815, -320.4934376810898]","[-2636.300483135921, -33.778465190230854, -383.775919519916, -320.4934376810893]","[-2717.564209004569, -105.1217439457948, -325.0549034745927, -285.3731150222558]","[-2800.4625060659805, -150.3532581429566, -331.59318824564616, -180.9260567886472]","[-2868.927538031357, -195.03083872835933, -273.86012786150604, -178.7103223416109]","[-2961.561791592386, -229.0183372814914, -370.5370142441152, -135.94999421252828]","[-3008.581811887117, -307.6072424715242, -188.08008117892496, -314.3556207601313]","[-3049.3990629220943, -425.7546396651652, -163.26900413990916, -472.58958877456394]"
420,Robot,"[-3088.739935284072, -544.4012481149105, 0, 0]","[-3125.978085933777, -663.5206361592094, -148.9526025988198, -476.4775521771958]","[-3160.080933336419, -779.708627920915, -136.41138961056822, -464.7519670468223]","[-3189.6646716005016, -890.1884193472866, -118.33495305633005, -441.91916570548665]","[-3213.084686146426, -992.8825910321568, -93.68005818369784, -410.77668673948074]","[-3228.9406355796077, -1086.022321706913, -63.4237977327266, -372.55892269902506]","[-3236.595655735303, -1168.8031654813103, -30.620080622780733, -331.1233750975889]","[-3242.93041203623, -1244.2261341768387, -25.339025203707934, -301.6918747821137]","[-3192.551153213362, -1345.0057024415123, 201.51703529147215, -403.1182730586946]","[-3096.1852683022944, -1423.9401517868569, 385.46353964427, -315.7377973813782]","[-3025.827972517951, -1501.2680866810506, 281.4291831373739, -309.3117395767749]","[-3049.593339191789, -1554.4759859018232, -95.06146669535156, -212.83159688309024]","[-3105.293430907298, -1615.9920673892289, -222.80036686203675, -246.0643259496228]","[-3203.525698676436, -1602.0386794666017, -392.92907107655265, 55.813551690508575]","[-3302.396447507488, -1525.5561649578071, -395.4829953242079, 305.93005803517826]","[-3401.2671963385405, -1449.0736504490103, -395.4829953242097, 305.93005803518736]"
421,Robot,"[-3500.137945169593, -1372.5911359402137, 0, 0]","[-3599.0086940006454, -1296.1086214314166, -395.4829953242097, 305.93005803518827]","[-3695.5269183677738, -1232.4860133848606, -386.0728974685135, 254.4904321862241]","[-3572.872872585584, -1208.382381848074, 490.6161831287591, 96.41452614714672]","[-3450.218826803394, -1184.2787503112895, 490.6161831287591, 96.41452614713762]","[-3327.5647810212045, -1160.1751187745058, 490.6161831287591, 96.4145261471349]","[-3204.9107352390147, -1136.0714872377216, 490.6161831287591, 96.41452614713671]","[-3082.256689456825, -1111.9678557009377, 490.6161831287591, 96.4145261471358]","[-2959.602643674635, -1087.8642241641537, 490.61618312875953, 96.41452614713589]","[-2836.9485978924454, -1063.7605926273698, 490.6161831287591, 96.4145261471358]","[-2714.294552110256, -1039.6569610905856, 490.61618312875726, 96.41452614713671]","[-2593.320095257497, -1008.9900646771446, 483.8978274110359, 122.66758565376404]","[-2474.1651930782905, -971.212964647325, 476.6196087168264, 151.10840011927849]","[-2355.0102908990834, -933.4358646175052, 476.6196087168282, 151.10840011927894]","[-2235.8553887198764, -895.6587645876857, 476.6196087168282, 151.10840011927803]","[-2116.7004865406693, -857.8816645578661, 476.6196087168282, 151.10840011927849]"
422,Robot,"[-1997.54558436146, -820.1045645280465, 0, 0]","[-1878.390682182247, -782.3274644982268, 476.61960871685187, 151.10840011927849]","[-1759.2357800030345, -744.5503644684072, 476.61960871685005, 151.10840011927849]","[-1640.0808778238215, -706.7732644385876, 476.61960871685187, 151.10840011927849]","[-1520.9259756446088, -668.9961644087685, 476.61960871685096, 151.1084001192762]","[-1401.771073465396, -631.2190643789495, 476.61960871685096, 151.1084001192762]","[-1282.616171286183, -593.4419643491306, 476.61960871685187, 151.10840011927576]","[-1163.4612691069706, -555.6648643193115, 476.61960871685005, 151.1084001192762]","[-1044.3063669277578, -517.8877642894925, 476.61960871685136, 151.10840011927635]","[-925.1514647485476, -480.1106642596741, 476.61960871684096, 151.10840011927348]","[-805.9965625693376, -442.3335642298559, 476.61960871684005, 151.1084001192728]","[-686.8416603901277, -404.5564642000377, 476.6196087168396, 151.1084001192728]","[-567.6867582109178, -366.7793641702195, 476.6196087168396, 151.1084001192728]","[-448.5318560317079, -329.0022641404013, 476.6196087168396, 151.1084001192728]","[-329.376953852498, -291.2251641105831, 476.6196087168396, 151.1084001192728]","[-210.2220516732881, -253.44806408076488, 476.6196087168396, 151.1084001192728]"
423,Robot,"[-91.0671494940782, -215.67096405094668, 0, 0]","[28.087752685131843, -177.89386402112848, 476.61960871684016, 151.1084001192728]","[147.2426548643418, -140.11676399131028, 476.6196087168398, 151.1084001192728]","[266.3975570435517, -102.33966396149208, 476.6196087168397, 151.1084001192728]","[385.5524592227616, -64.56256393167388, 476.6196087168396, 151.1084001192728]","[504.7073614019715, -26.78546390185577, 476.6196087168396, 151.10840011927243]","[623.8622635811814, 10.991636127962344, 476.6196087168396, 151.10840011927246]","[743.0171657603913, 48.76873615778042, 476.6196087168396, 151.1084001192723]","[862.1720679396012, 86.54583618759854, 476.61960871684, 151.10840011927263]","[981.3269701188112, 124.32293621741674, 476.61960871684005, 151.1084001192728]","[1100.4818722980228, 162.10003624723493, 476.6196087168464, 151.10840011927274]","[1219.6367744772356, 199.87713627705315, 476.61960871685096, 151.10840011927291]","[1338.9730180028732, 237.00764846259645, 477.3449741025506, 148.52204874217318]","[1460.3946870124116, 266.7024004389756, 485.68667603815356, 118.77900790551655]","[1581.81635602195, 296.3971524153546, 485.68667603815356, 118.77900790551598]","[1703.2380250314884, 326.09190439173364, 485.68667603815356, 118.77900790551621]"
424,Robot,"[1824.6596940410268, 355.7866563681127, 0, 0]","[1946.0813630505647, 385.4814083444917, 485.68667603815175, 118.77900790551598]","[2067.5030320601027, 415.1761603208708, 485.68667603815175, 118.77900790551644]","[2188.9247010696354, 444.8709122972498, 485.6866760381308, 118.77900790551598]","[2308.1921229313307, 474.27442427240993, 477.06968744678124, 117.61404790064057]","[2420.319924771442, 516.5997705479182, 448.51120736044504, 169.301385102033]","[2525.962779078378, 582.9223895697943, 422.57141722774395, 265.29047608750443]","[2638.9198761768075, 635.860188443177, 451.82838839371834, 211.75119549353076]","[2750.508278798256, 684.4670820433287, 446.3536104857944, 194.42757440060694]","[2854.65043527795, 742.6093148667012, 416.56862591877507, 232.5689312934901]","[2976.6583043089186, 769.0413113944445, 488.0314761238751, 105.72798611097323]","[3095.385173222193, 808.0600783199501, 474.9074756530972, 156.07506770202235]","[3217.67400091811, 833.6524650642314, 489.155310783668, 102.36954697712508]","[3340.5413428412567, 856.6299554740166, 491.4693676925872, 91.90996163914087]","[3456.9906665074623, 898.9568099172376, 465.7972946648224, 169.30741777288404]","[3580.120385938059, 920.4991448172112, 492.5188777223866, 86.16933959989456]"
425,Robot,"[3703.250105368656, 942.0414797171846, 0, 0]","[3826.379824799252, 963.5838146171582, 492.5188777223848, 86.1693395998941]","[3949.509544229849, 985.1261495171316, 492.5188777223866, 86.16933959989365]","[4072.6392636604455, 1006.6684844171052, 492.5188777223866, 86.16933959989456]","[4195.768983091033, 1028.2108193170782, 492.5188777223502, 86.16933959989183]","[4318.898702521618, 1049.7531542170489, 492.51887772234113, 86.16933959988273]","[4442.028421952204, 1071.2954891170195, 492.51887772234113, 86.16933959988273]","[4565.158141382789, 1092.8378240169902, 492.51887772234113, 86.16933959988273]","[4688.287860813374, 1114.380158916961, 492.5188777223416, 86.1693395998828]","[4811.41758024396, 1135.9224938169316, 492.51887772234477, 86.16933959988273]","[4934.547299674545, 1157.4648287169025, 492.5188777223375, 86.16933959988364]","[5057.67701910513, 1179.007163616873, 492.51887772234113, 86.16933959988182]","[5180.82099368119, 1200.4675097193792, 492.5758983042397, 85.84138441002506]","[5305.228097721171, 1203.427120143096, 497.6284161599251, 11.83844169486747]","[5428.739942815409, 1215.7872442576434, 494.0473803769528, 49.440496458189045]","[5394.223357236103, 1121.257348806265, -138.06634231722637, -378.119581805513]"
426,Robot,"[5332.852011507983, 1013.3426140925824, 0, 0]","[5337.8895294277445, 890.9975979509296, 20.15007167904696, -489.38006456661105]","[5425.193067881815, 801.7654290387227, 349.2141538162832, -356.9286756488277]","[5460.979856549666, 688.4090572575459, 143.14715467140195, -453.42548712470716]","[5377.7646691809605, 595.134019915325, -332.8607494748212, -373.10014936888365]","[5294.549481812255, 501.8589825731041, -332.8607494748212, -373.10014936888365]","[5211.33429444355, 408.5839452308832, -332.8607494748212, -373.1001493688834]","[5128.119107074845, 315.30890788866225, -332.8607494748212, -373.1001493688839]","[5044.903919706139, 222.0338705464411, -332.8607494748215, -373.1001493688849]","[4961.688732337434, 128.75883320421948, -332.8607494748212, -373.1001493688865]","[4878.473544968729, 35.48379586199751, -332.8607494748212, -373.1001493688879]","[4795.258357600023, -57.79124148022488, -332.8607494748212, -373.10014936888956]","[4712.043170231318, -151.0662788224478, -332.8607494748212, -373.10014936889166]","[4628.827982862622, -244.34131616467084, -332.8607494747848, -373.1001493688922]","[4545.612795493928, -337.6163535068945, -332.8607494747739, -373.10014936889456]","[4462.397608125233, -430.89139084911824, -332.8607494747812, -373.100149368895]"
427,Robot,"[4379.182420756539, -524.166428191342, 0, 0]","[4295.967233387845, -617.4414655335657, -332.8607494747739, -373.100149368895]","[4212.752046019151, -710.7165028757895, -332.86074947477755, -373.100149368895]","[4126.940064980713, -801.2998938483559, -343.2479241537512, -362.3335638902654]","[4030.740909263304, -881.1166993422926, -384.79662286963685, -319.2672219757469]","[3934.541753545896, -960.9335048362292, -384.7966228696314, -319.26722197574645]","[3838.342597828487, -1040.750310330166, -384.79662286963503, -319.26722197574736]","[3742.143442111078, -1120.5671158241028, -384.79662286963685, -319.2672219757469]","[3645.944286393669, -1200.3839213180397, -384.7966228696372, -319.2672219757481]","[3549.7451306762605, -1280.2007268119762, -384.7966228696332, -319.267221975746]","[3453.545974958852, -1360.017532305913, -384.7966228696332, -319.2672219757469]","[3357.346819241443, -1439.8343377998497, -384.79662286963685, -319.2672219757469]","[3261.147663524034, -1519.6511432937864, -384.79662286963503, -319.2672219757469]","[3164.948507806625, -1599.4679487877231, -384.79662286963685, -319.2672219757469]","[3068.7493520892167, -1679.2847542816598, -384.7966228696332, -319.2672219757469]","[2972.550196371808, -1759.1015597755966, -384.79662286963503, -319.2672219757469]"
428,Robot,"[2876.351040654399, -1838.9183652695333, 0, 0]","[2780.1518849369904, -1918.73517076347, -384.79662286963503, -319.2672219757469]","[2683.9527292195817, -1998.5519762574067, -384.79662286963503, -319.2672219757469]","[2587.753573502173, -2078.368781751341, -384.79662286963503, -319.2672219757369]","[2491.554417784764, -2158.1855872452725, -384.79662286963503, -319.267221975726]","[2395.3552620673554, -2238.0023927392035, -384.79662286963503, -319.26722197572417]","[2299.156106349946, -2317.8191982331346, -384.79662286963685, -319.26722197572417]","[2202.956950632538, -2397.6360037270656, -384.7966228696332, -319.26722197572417]","[2106.757794915129, -2477.4528092209966, -384.79662286963537, -319.26722197572445]","[2010.558639197718, -2557.269614714928, -384.7966228696441, -319.267221975726]","[1914.359483480304, -2637.0864202088665, -384.79662286965595, -319.2672219757533]","[1818.1603277628888, -2716.9032257028043, -384.7966228696614, -319.26722197575145]","[1719.1155330057438, -2787.992984133836, -396.1791790285797, -284.3590337241276]","[1617.3575491388945, -2841.9290950830487, -407.0319354673975, -215.74444379684974]","[1524.9604829198104, -2895.500589214676, -369.5882648763363, -214.28597652650933]","[1445.828114474181, -2950.5066872481034, -316.5294737825179, -220.02439213370963]"
429,Robot,"[1394.54510508902, -3020.316980374551, 0, 0]","[1347.4488200919998, -3090.604290463952, -188.38513998808048, -281.14924035760487]","[1302.31992759274, -3159.110459488924, -180.51556999703917, -274.0246760998871]","[1237.363440300123, -3194.489412259138, -259.82594917046754, -141.51581108085702]","[1142.8650499186683, -3198.1202019696016, -377.99356152581913, -14.523158841853729]","[1042.046959299751, -3236.418418400878, -403.27236247566907, -153.19286572510646]","[1034.8061203058123, -3283.545878998352, -28.963355975754894, -188.5098423898944]","[998.8058737045408, -3346.6677115034827, -144.00098640508622, -252.4873300205236]","[886.3212369704637, -3400.878675228188, -449.9385469363087, -216.84385489882172]","[773.6263605092869, -3454.960694600624, -450.7795058447073, -216.328077489743]","[700.7507161575953, -3427.888203526653, -291.50257740676625, 108.28996429588369]","[671.6837692362853, -3306.314717121621, -116.26778768523991, 486.2939456201275]","[642.6168223149754, -3184.741230716589, -116.26778768523991, 486.2939456201275]","[613.5498753936643, -3063.1677443115573, -116.26778768524446, 486.2939456201275]","[584.482928472352, -2941.5942579065254, -116.267787685249, 486.2939456201275]","[555.4159815510399, -2820.020771501493, -116.26778768524855, 486.2939456201293]"
430,Robot,"[526.3490346297276, -2698.4472850964617, 0, 0]","[497.2820877084159, -2576.87379869143, -116.26778768524696, 486.2939456201275]","[468.2151407871045, -2455.300312286398, -116.2677876852456, 486.2939456201275]","[439.1481938657931, -2333.726825881366, -116.2677876852456, 486.2939456201275]","[410.0812469444817, -2212.153339476334, -116.2677876852456, 486.2939456201275]","[381.0143000231703, -2090.5798530713023, -116.2677876852456, 486.2939456201275]","[351.9473531018589, -1969.0063666662743, -116.2677876852456, 486.293945620112]","[322.8804061805475, -1847.432880261248, -116.2677876852456, 486.29394562010475]","[293.8134592592361, -1725.859393856222, -116.2677876852457, 486.2939456201052]","[264.7465123379247, -1604.2859074511955, -116.2677876852456, 486.29394562010566]","[235.6795654166133, -1482.7124210461695, -116.2677876852456, 486.29394562010384]","[206.6126184953019, -1361.1389346411434, -116.2677876852456, 486.29394562010475]","[177.5456715739905, -1239.5654482361172, -116.2677876852456, 486.29394562010475]","[148.4787246526791, -1117.991961831091, -116.2677876852456, 486.29394562010475]","[119.41177773136783, -996.418475426064, -116.26778768524503, 486.29394562010793]","[73.40745988166746, -883.5570208978016, -184.01727139880148, 451.4458181130494]"
431,Robot,"[-8.588771190860228, -789.2086341076681, 0, 0]","[-90.58500226338792, -694.8602473175346, -327.98492429011077, 377.3935471605341]","[-172.7831279290265, -600.8616335080826, -328.79250266255434, 375.99445523780787]","[-274.9281603895833, -544.231002221211, -408.58012984222717, 226.52252514748625]","[-379.0023350286455, -489.6792308100678, -416.2966985562489, 218.207085644573]","[-461.3158168011445, -397.86775309033226, -329.25392708999584, 367.24591087894214]","[-541.0541647361189, -301.6035548201497, -318.9533917398976, 385.05679308073013]","[-620.7925126710936, -205.3393565499672, -318.95339173989896, 385.05679308073013]","[-700.5308606060684, -109.07515827978466, -318.95339173989925, 385.0567930807305]","[-780.2692085410431, -12.810960009602066, -318.95339173989896, 385.05679308073036]","[-860.0075564760178, 83.45323826058056, -318.95339173989896, 385.05679308073053]","[-939.7459044109926, 179.7174365307631, -318.95339173989896, 385.0567930807302]","[-1019.4842523459672, 275.98163480094564, -318.9533917398985, 385.05679308073013]","[-1099.222600280939, 372.2458330711282, -318.9533917398876, 385.05679308073013]","[-1178.9609482159112, 468.5100313413107, -318.9533917398885, 385.05679308073013]","[-1258.6992961508831, 564.7742296114933, -318.9533917398876, 385.05679308073036]"
432,Robot,"[-1338.437644085855, 661.0384278816758, 0, 0]","[-1418.175992020827, 757.3026261518584, -318.9533917398876, 385.05679308073013]","[-1495.39750629863, 851.8559486243183, -308.8860571112127, 378.21328988983987]","[-1569.6346059302343, 943.2977903970682, -296.9483985264169, 365.7673670909994]","[-1648.8305929476437, 1038.509821259433, -316.7839480696375, 380.8481234494593]","[-1727.9820917563632, 1134.3976335795776, -316.6059952348778, 383.5512492805783]","[-1807.8385973912625, 1230.5638361030378, -319.4260225395974, 384.66481009384097]","[-1887.32380430444, 1326.9634106947033, -317.94082765271014, 385.59829836666177]","[-1928.9718885790385, 1442.731742397076, -166.59233709839387, 463.07332680949133]","[-1941.040195733489, 1566.9931229482331, -48.27322861780249, 497.04552220462847]","[-2008.174946146165, 1667.4463924235158, -268.53900165070354, 401.8130779011308]","[-2099.22151548326, 1753.0940556254095, -364.1862773483808, 342.59065280757477]","[-2190.2680848203554, 1838.741718827304, -364.1862773483808, 342.5906528075784]","[-2281.3146541574506, 1924.3893820291976, -364.1862773483808, 342.59065280757386]","[-2372.361223494546, 2010.0370452310915, -364.1862773483808, 342.5906528075757]","[-2463.407792831641, 2095.6847084329856, -364.1862773483808, 342.5906528075766]"
433,Robot,"[-2555.8857905485984, 2179.695714230773, 0, 0]","[-2652.896644801786, 2258.523971582222, -388.04341701275007, 315.31302940579735]","[-2749.9074990549734, 2337.3522289336715, -388.04341701275007, 315.31302940579735]","[-2846.918353308161, 2416.180486285121, -388.04341701275007, 315.31302940579735]","[-2943.9292075613484, 2495.00874363657, -388.04341701275007, 315.31302940579735]","[-3040.9400618145423, 2573.83700098802, -388.04341701277554, 315.31302940579917]","[-3137.9509160677408, 2652.665258339469, -388.0434170127937, 315.31302940579553]","[-3162.94344841676, 2677.6397778431647, -99.97012939607703, 99.8980780147831]","[-3059.903408491683, 2606.874318950854, 412.16015970030855, -283.0618355692425]","[-2956.8633685666123, 2536.1088600585435, 412.16015970028275, -283.06183556924225]","[-2853.8233286415466, 2465.343401166233, 412.16015970026274, -283.06183556924225]","[-2750.7832887164805, 2394.5779422739224, 412.16015970026456, -283.06183556924225]","[-2647.7432487914148, 2323.812483381612, 412.16015970026274, -283.06183556924225]","[-2544.703208866349, 2253.0470244893013, 412.16015970026274, -283.06183556924225]","[-2434.680441053593, 2194.2293908118604, 440.0910712510249, -235.27053470976352]","[-2322.452601276302, 2139.184754570694, 448.91135910916273, -220.17854496466498]"
434,Robot,"[-2210.2247614990124, 2084.140118329528, 0, 0]","[-2097.996921721722, 2029.0954820883617, 448.9113591091609, -220.17854496466498]","[-1985.769081944432, 1974.0508458471957, 448.9113591091609, -220.17854496466407]","[-1873.5412421671415, 1919.0062096060287, 448.9113591091618, -220.1785449646677]","[-1761.3134023898515, 1863.961573364863, 448.91135910916, -220.17854496466316]","[-1649.0855626125613, 1808.9169371236967, 448.9113591091609, -220.17854496466498]","[-1536.857722835271, 1753.8723008825305, 448.9113591091609, -220.17854496466498]","[-1424.6298830579808, 1698.8276646413642, 448.9113591091609, -220.17854496466498]","[-1312.4020432806906, 1643.783028400198, 448.9113591091613, -220.17854496466518]","[-1200.1742035034003, 1588.7383921590315, 448.9113591091609, -220.1785449646659]","[-1087.94636372611, 1533.6937559178657, 448.9113591091618, -220.17854496466316]","[-975.7185239488186, 1478.6491196766992, 448.911359109165, -220.1785449646659]","[-863.4906841715256, 1423.604483435533, 448.9113591091723, -220.17854496466498]","[-751.2628443942325, 1368.5598471943667, 448.9113591091723, -220.17854496466498]","[-639.0350046169394, 1313.5152109532005, 448.9113591091723, -220.17854496466498]","[-526.8071648396464, 1258.4705747120342, 448.9113591091723, -220.17854496466498]"
435,Robot,"[-414.5793250623533, 1203.425938470868, 0, 0]","[-302.3514852850602, 1148.3813022297018, 448.9113591091723, -220.17854496466498]","[-190.12364550776715, 1093.3366659885355, 448.9113591091723, -220.17854496466498]","[-77.89580573047408, 1038.2920297473693, 448.9113591091723, -220.17854496466498]","[34.33203404681884, 983.247393506203, 448.9113591091717, -220.17854496466498]","[146.55987382411186, 928.2027572650368, 448.91135910917205, -220.17854496466498]","[261.0852708077163, 879.5167695736048, 458.1015879344178, -194.74395076572773]","[376.5030454042167, 895.0489305105151, 461.67109838600163, 62.128643747641036]","[501.0526428640043, 890.3952264234042, 498.1983898391509, -18.6148163484436]","[613.4878933964377, 843.8532112959422, 449.7410021297335, -186.16806050984815]","[719.8718025842481, 784.3901851180735, 425.5356367512418, -237.85210471147457]","[822.8562564077502, 717.501828559508, 411.93781529400803, -267.55342623426213]","[926.3931080676856, 655.3649264255307, 414.1474066397418, -248.54760853590915]","[1024.61132389946, 579.2477121343575, 392.872863327098, -304.46885716469296]","[1141.4543977232756, 534.8326685184554, 467.3722952952621, -177.6601744636082]","[1258.2974715470914, 490.41762490255337, 467.37229529526303, -177.6601744636082]"
436,Robot,"[1375.1405453709071, 446.0025812866513, 0, 0]","[1491.983619194723, 401.58753767074927, 467.37229529526303, -177.6601744636082]","[1608.826693018539, 357.1724940548472, 467.37229529526394, -177.6601744636082]","[1725.6697668423544, 312.7574504389452, 467.3722952952621, -177.66017446360797]","[1842.5128406661704, 268.3424068230431, 467.37229529526394, -177.66017446360843]","[1959.355914489986, 223.92736320714107, 467.3722952952621, -177.6601744636082]","[2070.5826572363285, 187.1511680022418, 444.9069709853702, -147.10478081959707]","[2165.5552825022232, 183.6021622964502, 379.890501063579, -14.196022823166459]","[2256.1634258529666, 185.68760172395636, 362.43257340297384, 8.341757710024702]","[2372.0266200562123, 138.7757670868253, 463.45277681298285, -187.6473385485242]","[2487.889814259458, 91.86393244969427, 463.45277681298285, -187.64733854852415]","[2603.753008462704, 44.95209781256327, 463.45277681298467, -187.64733854852403]","[2718.630128598504, 0.7341421676233093, 459.50848054319977, -176.87182257975982]","[2834.2634057209198, -45.76360353935421, 462.5331084896625, -185.99098282791007]","[2950.0832489336926, -92.782364881688, 463.27937285109147, -188.07504536933516]","[3065.903092146466, -139.8011262240216, 463.2793728510933, -188.07504536933442]"
437,Robot,"[3181.7229353592397, -186.81988756635505, 0, 0]","[3297.5427785720126, -233.8386489086885, 463.27937285109147, -188.0750453693338]","[3413.362621784788, -280.8574102510219, 463.2793728511024, -188.07504536933368]","[3529.1824649975674, -327.87617159335537, 463.27937285111693, -188.0750453693338]","[3645.002308210347, -374.8949329356888, 463.27937285111875, -188.0750453693338]","[3760.8221514231263, -421.9136942780223, 463.27937285111693, -188.07504536933402]","[3876.6419946359056, -468.9324556203557, 463.27937285111693, -188.07504536933357]","[3992.461837848685, -515.951216962689, 463.27937285111693, -188.07504536933334]","[4108.281681061462, -562.9699783050211, 463.27937285111005, -188.07504536932828]","[4224.101524274247, -609.9887396473544, 463.27937285113876, -188.0750453693331]","[4339.921367487032, -657.0075009896892, 463.27937285113876, -188.07504536933948]","[4455.741210699816, -704.0262623320241, 463.27937285113876, -188.07504536933948]","[4571.561053912601, -751.045023674359, 463.27937285113876, -188.07504536933948]","[4687.380897125386, -798.0637850166938, 463.27937285113876, -188.07504536933948]","[4803.20074033817, -845.0825463590287, 463.27937285113876, -188.07504536933948]","[4919.020583550955, -892.1013077013636, 463.27937285113876, -188.07504536933948]"
438,Robot,"[5028.072704180445, -950.5671632041012, 0, 0]","[5125.093317995188, -1029.3834083253328, 388.0824552589729, -315.2649804849261]","[5222.113931809931, -1108.1996534465643, 388.0824552589729, -315.2649804849261]","[5319.1345456246745, -1187.0158985677958, 388.0824552589729, -315.2649804849261]","[5416.155159439418, -1265.8321436890274, 388.0824552589729, -315.2649804849261]","[5513.175773254161, -1344.648388810259, 388.0824552589729, -315.2649804849261]","[5610.196387068904, -1423.4646339314904, 388.0824552589729, -315.2649804849261]","[5707.217000883647, -1502.280879052722, 388.0824552589729, -315.2649804849261]","[5804.237614698391, -1581.0971241739535, 388.08245525897325, -315.2649804849264]","[5901.258228513134, -1659.913369295185, 388.0824552589729, -315.2649804849261]","[5972.313846291945, -1724.8146084925752, 284.22247111524484, -259.6049567895607]","[5852.959493140588, -1687.6724709151306, -477.41741260542767, 148.5685503097784]","[5733.605139989231, -1650.530333337686, -477.41741260542767, 148.5685503097784]","[5614.250786837874, -1613.3881957602414, -477.41741260542767, 148.5685503097784]","[5494.896433686517, -1576.2460581827945, -477.41741260542767, 148.5685503097875]","[5375.5420805351605, -1539.1039206053456, -477.41741260542767, 148.56855030979568]"
439,Robot,"[5256.187727383804, -1501.9617830278971, 0, 0]","[5136.833374232447, -1464.819645450449, -477.41741260542767, 148.56855030979295]","[5017.47902108109, -1427.6775078730002, -477.41741260542767, 148.56855030979477]","[4897.664458640884, -1392.1497065761046, -479.2582497608237, 142.11120518758253]","[4776.666500886495, -1360.7730557149168, -483.99183101755625, 125.50660344475091]","[4655.668543132106, -1329.396404853729, -483.99183101755625, 125.50660344475091]","[4534.670585377717, -1298.0197539925414, -483.99183101755625, 125.50660344475091]","[4413.672627623328, -1266.6431031313537, -483.99183101755625, 125.50660344475091]","[4292.6746698689385, -1235.266452270166, -483.9918310175567, 125.50660344475102]","[4171.676712114549, -1203.8898014089782, -483.99183101755625, 125.50660344475091]","[4050.678754360156, -1172.5131505477905, -483.99183101757444, 125.50660344475091]","[3929.6807966057554, -1141.1364996866027, -483.9918310176017, 125.50660344475091]","[3830.0692914872543, -1107.8841871396048, -398.4460204740044, 133.0092501879917]","[3711.692442426157, -1075.5669431890258, -473.5073962443894, 129.26897580231616]","[3590.612147569572, -1044.5095415359308, -484.3211794263407, 124.22960661237994]","[3469.531852712986, -1013.4521398828358, -484.3211794263425, 124.22960661237994]"
440,Robot,"[3368.745763951039, -979.611879084002, 0, 0]","[3332.1430036429847, -993.6454094435392, -146.41104123221703, -56.13412143814867]","[3277.616526391404, -1039.2727626210717, -218.1059090063227, -182.50941271013016]","[3187.786040429376, -1070.5830031931343, -359.3219438481119, -125.24096228825056]","[3079.3796560071505, -1126.2492954079798, -433.6255376889021, -222.665168859382]","[2977.208238761503, -1103.9953643449926, -408.68566898259087, 89.015724251949]","[2859.004307526769, -1063.3403444746953, -472.8157249389351, 162.62007948118935]","[2787.4659366133287, -1086.2023438741771, -286.1534836537612, -91.4479975979275]","[2706.199345740962, -1171.6281428225814, -325.0663634894666, -341.7031957936172]","[2643.956488970605, -1224.557121526477, -248.97142708142928, -211.71591481558244]","[2603.1659081984585, -1215.5619425094449, -163.16232308858525, 35.98071606812846]","[2530.5824655424235, -1151.46976819954, -290.33377062414, 256.368697239619]","[2443.9534999093785, -1071.8578837405162, -346.5158625321801, 318.44753783609576]","[2352.3673196567283, -998.5381995816804, -366.34472101060055, 293.2787366353432]","[2259.4194962878883, -927.7781661968332, -371.79129347536036, 283.04013353938853]","[2179.85566906904, -844.5180991970951, -318.2553088753939, 333.04026799895246]"
441,Robot,"[2092.4785893153503, -761.8555324276222, 0, 0]","[1984.073331859688, -704.446643401678, -433.6210298226488, 229.6355561037767]","[1864.509031331059, -667.9860065572623, -478.2572021145161, 145.84254737766287]","[1744.9447308024305, -631.5253697128466, -478.25720211451426, 145.84254737766287]","[1625.380430273802, -595.0647328684308, -478.25720211451426, 145.84254737766287]","[1505.8161297451734, -558.6040960240151, -478.25720211451426, 145.84254737766287]","[1386.2518292165448, -522.1434591795994, -478.25720211451426, 145.84254737766287]","[1266.6875286879183, -485.6828223351824, -478.2572021145061, 145.8425473776681]","[1147.1232281592925, -449.2221854907653, -478.25720211450374, 145.84254737766847]","[1027.5589276306669, -412.7615486463481, -478.25720211450243, 145.84254737766878]","[907.9946271020412, -376.30091180193097, -478.25720211450243, 145.84254737766855]","[788.4303265734154, -339.8402749575138, -478.25720211450334, 145.84254737766855]","[663.6497210759618, -339.06884425710973, -499.1224219898145, 3.0857228016163845]","[538.6517695381403, -339.7844638127062, -499.9918061512858, -2.862478222385789]","[413.6538180003189, -340.5000833683026, -499.9918061512858, -2.862478222385789]","[288.65586646249744, -341.2157029238991, -499.9918061512858, -2.862478222385789]"
442,Robot,"[163.657914924676, -341.9313224794955, 0, 0]","[38.65996338685429, -342.646942035092, -499.9918061512868, -2.8624782223860166]","[-86.33798815096752, -343.3625615906884, -499.9918061512872, -2.862478222385562]","[-211.3359396887891, -344.07818114628486, -499.9918061512863, -2.862478222385789]","[-336.33389122661055, -344.7938007018813, -499.9918061512858, -2.862478222385789]","[-461.331842764432, -345.50942025747776, -499.9918061512858, -2.862478222385789]","[-586.3297943022535, -346.2250398130742, -499.991806151286, -2.862478222385789]","[-711.327745840075, -346.94065936867065, -499.9918061512858, -2.862478222385789]","[-836.3256973778964, -347.6562789242671, -499.99180615128626, -2.862478222385792]","[-961.323648915718, -348.37189847986303, -499.99180615128626, -2.862478222383743]","[-1086.321600453541, -349.08751803545874, -499.9918061512917, -2.8624782223828333]","[-1211.319551991365, -349.8031375910545, -499.99180615129626, -2.8624782223830607]","[-1336.3175035291893, -350.5187571466503, -499.99180615129717, -2.8624782223830607]","[-1461.3154550670135, -351.234376702246, -499.99180615129717, -2.8624782223828333]","[-1586.3134066048378, -351.94999625784175, -499.99180615129717, -2.8624782223830607]","[-1711.311358142662, -352.6656158134375, -499.99180615129626, -2.8624782223830607]"
443,Robot,"[-1836.3093096804864, -353.3812353690333, 0, 0]","[-1961.3072612183107, -354.09685492462904, -499.99180615129717, -2.8624782223830607]","[-2086.305212756133, -354.81247448022475, -499.9918061512899, -2.8624782223828333]","[-2211.303164293952, -355.52809403582046, -499.99180615127443, -2.8624782223828333]","[-2336.3011158317704, -356.24371359141617, -499.99180615127443, -2.8624782223828333]","[-2461.299067369589, -356.95933314701193, -499.99180615127443, -2.8624782223830607]","[-2586.297018907408, -357.67495270260764, -499.99180615127625, -2.8624782223828333]","[-2711.294970445226, -358.3905722582033, -499.9918061512726, -2.862478222382606]","[-2836.292921983045, -359.10619181379906, -499.9918061512749, -2.8624782223830634]","[-2961.2908735208634, -359.8218113693948, -499.99180615127443, -2.8624782223830607]","[-3086.288825058682, -360.5374309249905, -499.99180615127443, -2.862478222382606]","[-3211.2867765965007, -361.25305048058624, -499.99180615127443, -2.8624782223830607]","[-3336.2847281343197, -361.968670036182, -499.99180615127625, -2.8624782223830607]","[-3459.546366396287, -371.6964888178185, -493.04655304786866, -38.91127512654589]","[-3575.8627515548505, -417.4731045036185, -465.26554063425465, -183.10646274320015]","[-3692.179136713414, -463.2497201894185, -465.26554063425465, -183.10646274319993]"
444,Robot,"[-3808.495521871978, -509.02633587521854, 0, 0]","[-3924.8119070305415, -554.8029515610199, -465.26554063425465, -183.10646274320538]","[-3926.435403233679, -567.1264483981137, -6.4939848125504795, -49.29398734837514]","[-3803.749683851733, -543.1845549948182, 490.742877527784, 95.76757361318187]","[-3681.063964469788, -519.2426615915227, 490.74287752778037, 95.76757361318187]","[-3558.378245087842, -495.30076818822727, 490.742877527784, 95.76757361318187]","[-3435.6925257058965, -471.3588747849318, 490.7428775277822, 95.76757361318187]","[-3313.006806323951, -447.41698138163633, 490.7428775277822, 95.76757361318187]","[-3190.3210869420054, -423.47508797834087, 490.74287752778264, 95.76757361318195]","[-3067.63536756006, -399.5331945750454, 490.7428775277822, 95.76757361318187]","[-2944.9496481781143, -375.59130117174993, 490.7428775277822, 95.76757361318187]","[-2822.263928796169, -351.64940776845447, 490.7428775277822, 95.76757361318187]","[-2699.5782094142232, -327.707514365159, 490.7428775277822, 95.76757361318187]","[-2576.8924900322777, -303.76562096186353, 490.7428775277822, 95.76757361318187]","[-2454.206770650332, -279.82372755856807, 490.7428775277822, 95.76757361318187]","[-2331.5210512683866, -255.8818341552726, 490.7428775277822, 95.76757361318187]"
445,Robot,"[-2208.835331886441, -231.93994075197708, 0, 0]","[-2086.1496125044955, -207.998047348681, 490.7428775277822, 95.76757361318425]","[-1963.46389312255, -184.05615394538495, 490.7428775277822, 95.76757361318425]","[-1840.7781737406044, -160.1142605420889, 490.7428775277822, 95.76757361318414]","[-1718.0924543586589, -136.17236713879285, 490.7428775277822, 95.76757361318425]","[-1595.406734976713, -112.23047373549696, 490.7428775277831, 95.76757361318357]","[-1472.7210155947678, -88.28858033220115, 490.7428775277813, 95.76757361318323]","[-1350.0352962128222, -64.34668692890533, 490.7428775277822, 95.76757361318329]","[-1227.349576830877, -40.40479352560933, 490.74287752778173, 95.76757361318408]","[-1104.6638574489311, -16.46290012231339, 490.7428775277831, 95.76757361318376]","[-981.9781380669856, 7.4789932809825554, 490.7428775277822, 95.76757361318377]","[-859.29241868504, 31.42088668427854, 490.7428775277822, 95.76757361318394]","[-736.6066993030945, 55.362780087574535, 490.7428775277822, 95.76757361318398]","[-613.920979921149, 79.30467349087064, 490.7428775277822, 95.76757361318442]","[-491.2352605392037, 103.24656689416682, 490.74287752778105, 95.76757361318471]","[-368.0890928291932, 114.80145925656342, 492.584670840042, 46.2195694495864]"
446,Robot,"[-243.96447242204167, 100.03397440704842, 0, 0]","[-119.83985201489084, 85.26648955753342, 496.4984816286033, -59.06993939806]","[4.284768392260318, 70.49900470801842, 496.4984816286046, -59.06993939806]","[128.4093887994115, 55.73151985850352, 496.4984816286047, -59.0699393980596]","[252.53400920656236, 40.964035008988695, 496.4984816286035, -59.06993939805929]","[376.65862961371386, 26.196550159473876, 496.498481628606, -59.069939398059276]","[500.7832500208654, 11.42906530995905, 496.4984816286062, -59.069939398059304]","[624.9078704280157, -3.338419539555773, 496.4984816286012, -59.06993939805929]","[749.0324908351658, -18.105904389070552, 496.498481628601, -59.06993939805917]","[873.157111242316, -32.87338923858529, 496.49848162860053, -59.06993939805895]","[997.281731649466, -47.64087408810011, 496.4984816286001, -59.06993939805929]","[1121.4063520566162, -62.408358937614935, 496.498481628601, -59.06993939805929]","[1245.5309724637664, -77.1758437871296, 496.49848162860053, -59.06993939805864]","[1369.6555928709165, -91.94332863664424, 496.49848162860053, -59.06993939805858]","[1493.7802132780666, -106.71081348615888, 496.49848162860053, -59.06993939805858]","[1617.9048336852168, -121.47829833567351, 496.49848162860053, -59.06993939805852]"
447,Robot,"[1742.029454092367, -136.24578318518837, 0, 0]","[1866.154074499517, -151.01326803470337, 496.49848162860053, -59.06993939806]","[1990.2786949066672, -165.78075288421837, 496.49848162860053, -59.06993939806]","[2114.4033153138203, -180.54823773373337, 496.49848162861235, -59.06993939806]","[2238.527935720976, -195.3157225832484, 496.49848162862327, -59.069939398060114]","[2362.652556128132, -210.08320743276337, 496.49848162862327, -59.06993939805989]","[2486.777176535288, -224.8506922822784, 496.4984816286251, -59.069939398060114]","[2610.9017969424435, -239.61817713179337, 496.49848162862145, -59.06993939805989]","[2735.0264173496, -254.3856619813084, 496.49848162862554, -59.069939398060164]","[2859.151037756755, -269.1531468308227, 496.49848162862145, -59.06993939805727]","[2983.275658163911, -283.920631680337, 496.49848162862327, -59.06993939805716]","[3107.400278571067, -298.6881165298524, 496.49848162862327, -59.06993939806148]","[3231.5248989782226, -313.4556013793679, 496.49848162862327, -59.06993939806216]","[3355.6495193853784, -328.2230862288835, 496.49848162862327, -59.06993939806239]","[3479.7741397925342, -342.9905710783991, 496.49848162862327, -59.06993939806239]","[3603.89876019969, -357.75805592791465, 496.49848162862327, -59.06993939806216]"
448,Robot,"[3728.023380606846, -372.5255407774303, 0, 0]","[3852.1480010140017, -387.29302562694585, 496.49848162862327, -59.06993939806216]","[3959.524809144428, -377.66791306522623, 429.5072325217061, 38.50045024687847]","[4080.4833035311694, -346.48334617400167, 483.8339775469649, 124.73826756489825]","[4193.438108977152, -293.22146311979293, 451.8192217839314, 213.04753221683495]","[4296.166703259181, -222.33349466767777, 410.91437712811603, 283.55187380846064]","[4395.694858969706, -149.19927402104935, 398.11262284209806, 292.5368825865137]","[4476.563576942049, -121.8876413457422, 323.47487188937157, 109.24653070122861]","[4538.472395429682, -101.84488670762568, 247.63527395053484, 80.17101855246615]","[4584.599075227898, -50.26720741867036, 184.50671919286106, 206.31071715582127]","[4619.521816295239, -102.74142421805384, 139.69096426936449, -209.8968671975339]","[4655.828312800681, -214.54786666465316, 145.2259860217673, -447.2257697863973]","[4747.812839458665, -299.18737786071244, 367.93810663193653, -338.55804478423715]","[4839.797366116649, -383.82688905677225, 367.93810663193653, -338.5580447842392]","[4931.781892774633, -468.4664002528326, 367.93810663193653, -338.5580447842415]","[5023.766419432617, -553.1059114488922, 367.93810663193653, -338.5580447842385]"
449,Robot,"[5115.750946090601, -637.745422644953, 0, 0]","[5207.735472748585, -722.3849338410148, 367.93810663193653, -338.55804478424716]","[5322.466069860008, -758.199746544349, 458.92238844569147, -143.25925081333662]","[5447.084247075824, -748.6763063336441, 498.4727088632644, 38.09376084281939]","[5571.564743048779, -755.8177696105374, 497.92198389181794, -28.565853107573275]","[5668.150727755601, -823.433829880436, 386.3439388272891, -270.4642410795941]","[5752.461662430493, -909.858771414332, 337.24373869956617, -345.699766135584]","[5822.669619650843, -1013.2794789295332, 280.8318288814007, -413.6828300608049]","[5892.877576871193, -1116.7001864447336, 280.83182888140095, -413.6828300608021]","[5963.085534091543, -1220.120893959932, 280.8318288814007, -413.6828300607931]","[6033.293491311893, -1323.5416014751302, 280.8318288814007, -413.6828300607931]","[6103.501448532244, -1426.9623089903284, 280.8318288814007, -413.6828300607931]","[6120.992573443063, -1489.9304942836325, 69.96449964327621, -251.87274117321613]","[6002.9261295579445, -1448.8779081492085, -472.26577554047253, 164.21034453769607]","[5890.36682914223, -1394.966110704242, -450.23720166285784, 215.64718977986558]","[5779.1843145938665, -1337.83951043164, -444.73005819345417, 228.50640109040796]"
450,Robot,"[5668.001800045503, -1280.712910159038, 0, 0]","[5556.81928549714, -1223.586309886436, -444.73005819345053, 228.50640109040796]","[5445.636770948786, -1166.459709613834, -444.7300581934178, 228.50640109040796]","[5334.45425640043, -1109.333109341232, -444.73005819342507, 228.50640109040796]","[5223.271741852074, -1052.20650906863, -444.7300581934214, 228.50640109040796]","[5112.089227303722, -995.0799087960296, -444.7300581934105, 228.50640109040205]","[5000.906712755372, -937.9533085234305, -444.7300581933996, 228.5064010903966]","[4889.724198207022, -880.8267082508313, -444.7300581933996, 228.5064010903966]","[4778.541683658672, -823.7001079782322, -444.7300581934, 228.5064010903968]","[4667.359169110322, -766.573507705633, -444.7300581933996, 228.5064010903966]","[4556.176654561972, -709.4469074330339, -444.7300581933996, 228.5064010903966]","[4444.994140013622, -652.3203071604347, -444.7300581933996, 228.5064010903966]","[4333.811625465272, -595.1937068878356, -444.7300581933996, 228.5064010903966]","[4222.629110916922, -538.0671066152364, -444.7300581933996, 228.5064010903966]","[4111.446596368571, -480.94050634263647, -444.7300581934069, 228.50640109039978]","[4000.264081820219, -423.8139060700359, -444.7300581934069, 228.50640109040228]"
451,Robot,"[3889.081567271867, -366.6873057974353, 0, 0]","[3777.8990527235146, -309.5607055248348, -444.7300581934087, 228.50640109040182]","[3666.7165381751615, -252.4341052522342, -444.73005819341233, 228.5064010904025]","[3555.5340236268103, -195.30750497963365, -444.73005819340506, 228.50640109040216]","[3444.351509078458, -138.18090470703348, -444.7300581934087, 228.5064010904007]","[3333.168994530106, -81.05430443443323, -444.7300581934087, 228.50640109040097]","[3221.9864799817537, -23.92770416183302, -444.7300581934087, 228.50640109040086]","[3110.8039654334016, 33.19889611076719, -444.7300581934087, 228.50640109040083]","[2999.6214508850494, 90.3254963833674, -444.7300581934091, 228.50640109040103]","[2888.438936336697, 147.45209665596752, -444.7300581934087, 228.50640109040052]","[2777.256421788345, 204.5786969285677, -444.7300581934087, 228.5064010904007]","[2666.073907239993, 261.7052972011679, -444.7300581934087, 228.5064010904009]","[2554.8913926916407, 318.8318974737685, -444.7300581934087, 228.50640109040228]","[2440.939023223602, 369.7175636824139, -455.8094778721552, 203.54266483458173]","[2323.9859775925693, 413.8422179884413, -467.81218252413055, 176.49861722410947]","[2207.0329319615366, 457.9668722944687, -467.81218252413055, 176.4986172241097]"
452,Robot,"[2090.079886330504, 502.091526600496, 0, 0]","[1973.1268406994752, 546.2161809065223, -467.8121825241151, 176.49861722410492]","[1856.1737950684485, 590.3408352125482, -467.8121825241069, 176.49861722410378]","[1739.220749437421, 634.4654895185741, -467.81218252410963, 176.49861722410378]","[1622.2677038063944, 678.5901438246001, -467.8121825241069, 176.49861722410378]","[1505.3146581753674, 722.714798130626, -467.8121825241078, 176.49861722410378]","[1388.3616125443405, 766.839452436652, -467.8121825241078, 176.49861722410378]","[1271.4085669133135, 810.9641067426779, -467.8121825241078, 176.49861722410378]","[1154.1709586545214, 854.2578832325919, -468.9504330351687, 173.175105959656]","[1037.2315477880425, 898.418659790531, -467.75764346591586, 176.64310623175652]","[920.2921369215608, 942.5794363484702, -467.7576434659268, 176.64310623175652]","[803.1161462429262, 986.0728528270226, -468.7039627145382, 173.97366591420996]","[681.3101873463235, 1013.7998602743016, -487.22383558641104, 110.90802978911597]","[557.0942426101195, 1026.5611919389412, -496.86377894481575, 51.045326658558224]","[541.8397115158048, 1010.9857584355766, -61.01812437725903, -62.30173401345837]","[534.5949058078362, 995.384013073802, -28.979222831874267, -62.40698144709859]"
453,Robot,"[430.4074809206516, 1032.171079338161, 0, 0]","[315.44674818623594, 1081.252948996581, -459.8429309376627, 196.32747863367968]","[200.48601545182032, 1130.3348186550008, -459.84293093766246, 196.32747863367968]","[85.52528271740522, 1179.4166883134208, -459.8429309376604, 196.32747863367968]","[-29.435450017010037, 1228.498557971841, -459.84293093766104, 196.32747863368058]","[-144.3961827514251, 1277.5804276302606, -459.84293093766024, 196.32747863367877]","[-259.3569154858401, 1326.6622972886803, -459.84293093765996, 196.32747863367877]","[-374.31764822025576, 1375.7441669471032, -459.8429309376627, 196.3274786336915]","[-489.2783809546714, 1424.8260366055265, -459.84293093766286, 196.3274786336935]","[-604.2391136890859, 1473.9079062639487, -459.84293093765814, 196.32747863368877]","[-719.1998464235002, 1522.989775922371, -459.842930937657, 196.32747863368968]","[-834.1605791579144, 1572.0716455807935, -459.842930937657, 196.32747863368968]","[-949.1213118923288, 1621.153515239216, -459.84293093765746, 196.32747863368968]","[-1064.082044626743, 1670.2353848976386, -459.842930937657, 196.3274786336906]","[-1179.0427773611573, 1719.317254556061, -459.842930937657, 196.32747863368968]","[-1287.0704735155232, 1780.9142145788005, -432.11078461746365, 246.38784009095798]"
454,Robot,"[-1389.6507837855654, 1852.344459887789, 0, 0]","[-1492.2310940556076, 1923.7747051967776, -410.3212410801689, 285.72098123595424]","[-1594.8114043256498, 1995.2049505057664, -410.3212410801689, 285.72098123595515]","[-1697.391714595692, 2066.6351958147548, -410.3212410801689, 285.72098123595333]","[-1799.9720248657345, 2138.0654411237438, -410.3212410801698, 285.72098123595606]","[-1902.5523351357765, 2209.495686432732, -410.32124108016797, 285.7209812359524]","[-2005.1326454058187, 2280.9259317417204, -410.3212410801689, 285.72098123595424]","[-2107.7129556758578, 2352.356177050709, -410.32124108015614, 285.72098123595424]","[-2210.2932659458943, 2423.7864223596976, -410.3212410801465, 285.72098123595447]","[-2312.873576215931, 2495.216667668686, -410.32124108014614, 285.72098123595424]","[-2415.453886485968, 2566.6469129776747, -410.32124108014796, 285.72098123595424]","[-2518.034196756004, 2638.0771582866632, -410.3212410801443, 285.72098123595424]","[-2620.6145070260404, 2709.507403595652, -410.32124108014614, 285.72098123595424]","[-2723.194817296077, 2780.9376489046404, -410.32124108014614, 285.72098123595424]","[-2825.775127566113, 2852.367894213629, -410.3212410801443, 285.72098123595424]","[-2928.35543783615, 2923.798139522617, -410.32124108014796, 285.7209812359524]"
455,Robot,"[-3030.9357481061866, 2995.228384831606, 0, 0]","[-3048.2843852998494, 2997.582492395701, -69.39454877465141, 9.416430256380409]","[-2957.1563476690367, 2912.021515557205, 364.51215052325097, -342.24390735398447]","[-2866.028310038224, 2826.460538718708, 364.51215052325097, -342.2439073539881]","[-2774.900272407411, 2740.8995618802114, 364.51215052325097, -342.2439073539863]","[-2683.7722347765985, 2655.338585041715, 364.51215052325097, -342.2439073539863]","[-2592.6441971457857, 2569.7776082032183, 364.51215052325097, -342.2439073539863]","[-2501.516159514973, 2484.2166313647217, 364.51215052325097, -342.2439073539863]","[-2410.38812188416, 2398.655654526225, 364.5121505232531, -342.2439073539866]","[-2319.2600842533475, 2313.094677687729, 364.51215052324915, -342.24390735398447]","[-2228.1320466225347, 2227.533700849232, 364.51215052325097, -342.2439073539881]","[-2137.004008991722, 2141.972724010737, 364.51215052325097, -342.24390735398083]","[-2045.8759713609093, 2056.4117471722484, 364.51215052325097, -342.24390735395355]","[-1954.7479337300963, 1970.850770333758, 364.5121505232519, -342.24390735396173]","[-1863.619896099284, 1885.289793495267, 364.51215052324915, -342.24390735396355]","[-1772.491858468471, 1799.7288166567762, 364.5121505232519, -342.24390735396355]"
456,Robot,"[-1681.3638208376576, 1714.1678398182853, 0, 0]","[-1590.2357832068412, 1628.6068629797944, 364.5121505232655, -342.24390735396355]","[-1499.107745576025, 1543.0458861413035, 364.5121505232646, -342.24390735396355]","[-1407.9797079452087, 1457.4849093028126, 364.5121505232655, -342.24390735396355]","[-1336.8551031795755, 1357.46512492937, 284.4984190625328, -400.07913749377076]","[-1284.1952056741115, 1244.0987489852023, 210.63959002185584, -453.46550377667063]","[-1231.5353081686476, 1130.732373041035, 210.63959002185584, -453.4655037766688]","[-1178.8754106631836, 1017.365997096868, 210.63959002185584, -453.46550377666836]","[-1126.2155131577197, 903.9996211527032, 210.63959002185604, -453.46550377665966]","[-1073.5556156522557, 790.6332452085387, 210.63959002185584, -453.4655037766579]","[-1020.8957181467918, 677.2668692643741, 210.63959002185584, -453.46550377665835]","[-968.2358206413278, 563.9004933202095, 210.63959002185584, -453.46550377665835]","[-915.5759231358638, 450.53411737604415, 210.63959002185584, -453.46550377666154]","[-862.9160256303999, 337.16774143187814, 210.63959002185584, -453.46550377666404]","[-810.2561281249359, 223.80136548771213, 210.63959002185584, -453.46550377666404]","[-757.596230619472, 110.43498954354612, 210.63959002185584, -453.46550377666404]"
457,Robot,"[-704.936333114008, -2.931386400619869, 0, 0]","[-652.276435608544, -116.29776234478584, 210.63959002185584, -453.46550377666387]","[-599.6165381030801, -229.66413828895185, 210.63959002185584, -453.46550377666404]","[-546.9566405976161, -343.03051423311786, 210.63959002185584, -453.46550377666404]","[-494.2967430921517, -456.3968901772839, 210.63959002185766, -453.46550377666426]","[-441.6368455866869, -569.7632661214492, 210.63959002185925, -453.4655037766611]","[-388.9769480812228, -683.1296420656138, 210.6395900218563, -453.46550377665835]","[-336.31705057575874, -796.4960180097784, 210.6395900218563, -453.46550377665835]","[-283.6571530702946, -909.862393953943, 210.63959002185672, -453.46550377665875]","[-230.9972555648303, -1023.2287698981075, 210.6395900218572, -453.46550377665835]","[-178.33735805936564, -1136.5951458422749, 210.63959002185868, -453.46550377666927]","[-125.67746055390096, -1249.9615217864423, 210.63959002185874, -453.4655037766697]","[-73.01756304843612, -1363.3278977306095, 210.63959002185936, -453.4655037766688]","[-20.35766554297122, -1476.6942736747772, 210.6395900218596, -453.46550377667063]","[32.302231962493785, -1590.0606496189446, 210.63959002186002, -453.4655037766697]","[84.96212946795895, -1703.427025563112, 210.63959002186064, -453.4655037766697]"
458,Robot,"[137.6220269734243, -1816.7934015072797, 0, 0]","[186.3904861664104, -1931.6483817118533, 195.07383677194434, -459.4199208182945]","[222.83605736987872, -2051.2172754077155, 145.78228481387328, -478.275574783449]","[259.281628573347, -2170.7861691035773, 145.78228481387316, -478.27557478344715]","[295.7271997768153, -2290.355062799439, 145.78228481387328, -478.27557478344715]","[332.17277098028364, -2409.923956495301, 145.78228481387328, -478.27557478344715]","[368.618342183752, -2529.4928501911627, 145.7822848138735, -478.27557478344715]","[405.0639133872203, -2649.0617438870245, 145.78228481387305, -478.27557478344715]","[441.5094845906886, -2768.6306375828863, 145.78228481387342, -478.27557478344755]","[477.955055794156, -2888.199531278748, 145.78228481386964, -478.27557478344715]","[514.4006269976229, -3007.76842497461, 145.7822848138676, -478.27557478344715]","[550.8461982010898, -3127.337318670472, 145.7822848138676, -478.275574783449]","[577.0544565427333, -3199.462839777623, 104.833033366574, -288.50208442860276]","[559.1039165339954, -3075.7584416610075, -71.80216003495161, 494.81759246646106]","[541.1533765252566, -2952.054043544392, -71.80216003495525, 494.8175924664629]","[544.7906919871083, -2830.0272325687665, 14.549261847406797, 488.10724390250107]"
459,Robot,"[527.8948223328637, -2712.623326779507, 0, 0]","[507.52630375064666, -2589.293997539593, -81.47407432886803, 493.3173169596557]","[462.6794045837994, -2530.823042896734, -179.38759666738906, 233.88381857143577]","[410.50468928083865, -2505.4939629856244, -208.698861211843, 101.31631964443841]","[390.0584715969803, -2413.985776954887, -81.78487073543329, 366.0327441229492]","[383.73422626914544, -2289.1458637819187, -25.29698131133955, 499.35965269187363]","[368.5433405853775, -2185.140611030773, -60.763542735071724, 416.02101100458276]","[341.7736925565861, -2117.486113734547, -107.07859211516552, 270.6179891849042]","[333.3244681948755, -2022.0161019400932, -33.79689744684245, 381.8800471778153]","[334.7072511995391, -1897.186513713, 5.531132018654262, 499.3183529083726]","[326.79487884226273, -1772.437187607885, -31.649489429105415, 498.99730442045984]","[318.8825064849864, -1647.6878615027704, -31.649489429105415, 498.99730442045893]","[310.97013412771, -1522.9385353976556, -31.649489429105415, 498.99730442045893]","[303.0577617704337, -1398.189209292541, -31.649489429105415, 498.99730442045893]","[300.8177264872598, -1275.8295278882515, -8.960141132695526, 489.4387256171576]","[296.0509543928319, -1152.5704547624116, -19.06708837771157, 493.0362925033596]"
460,Robot,"[287.7675848427211, -1027.8452135764496, 0, 0]","[279.48421529261026, -903.1199723904876, -33.13347820044328, 498.9009647438479]","[271.20084574249944, -778.3947312045257, -33.13347820044328, 498.9009647438479]","[262.9174761923886, -653.6694900185637, -33.13347820044328, 498.9009647438479]","[254.6341066422778, -528.9442488326017, -33.13347820044328, 498.9009647438479]","[246.35073709216695, -404.2190076466397, -33.13347820044339, 498.90096474384814]","[238.06736754205616, -279.49376646067776, -33.133478200443164, 498.9009647438477]","[229.7839979919453, -154.76852527471638, -33.13347820044339, 498.9009647438455]","[221.5006284418345, -30.04328408875483, -33.13347820044331, 498.90096474384666]","[213.2172588917237, 94.68195709720678, -33.133478200443164, 498.90096474384643]","[207.70707136814065, 214.35292871050964, -22.040750094332225, 478.68388645321147]","[199.66746793142931, 336.3260040149018, -32.158413746845326, 487.8923012175686]","[192.3560139189697, 449.0589595781859, -29.24581604983848, 450.9318222531365]","[194.81818977820592, 466.812119615645, 9.848703436944902, 71.01264014983622]","[202.44853292223905, 433.1740308544626, 30.521372576132535, -134.55235504472944]","[204.98498133780237, 440.8439904655046, 10.145793662253254, 30.6798384441679]"
461,Robot,"[203.7695145393782, 480.47228485692193, 0, 0]","[208.47486803460455, 470.28201743784587, 18.82141398090539, -40.76106967630426]","[213.8930096452653, 436.35467864648433, 21.67256644264296, -135.70935516544614]","[200.94080931861137, 539.2390710292038, -51.80880130661569, 411.53756953087805]","[190.84231195411016, 663.8304846618415, -40.39398945800485, 498.3656545305507]","[180.74381458960892, 788.4218982944792, -40.39398945800497, 498.3656545305507]","[170.64531722510773, 913.0133119271168, -40.39398945800474, 498.3656545305503]","[160.5468198606064, 1037.6047255597548, -40.39398945800531, 498.3656545305521]","[150.44832249610462, 1162.196139192395, -40.39398945800716, 498.36565453056164]","[140.34982513160284, 1286.7875528250358, -40.39398945800713, 498.365654530563]","[130.25132776710106, 1411.3789664576764, -40.39398945800713, 498.3656545305621]","[135.4185752354012, 1536.190947923693, 20.66898987320053, 499.24792586406693]","[141.91327877611872, 1661.0221092013082, 25.978814162870094, 499.32464511046055]","[148.40798231683627, 1785.8532704789232, 25.978814162870208, 499.32464511045964]","[154.9026858575538, 1910.684431756538, 25.978814162870094, 499.32464511045964]","[161.39738939827134, 2035.515593034153, 25.978814162870208, 499.32464511045964]"
462,Robot,"[167.89209293898912, 2160.346754311773, 0, 0]","[174.38679647970696, 2285.1779155893937, 25.978814162871345, 499.3246451104824]","[180.8815000204248, 2410.0090768670143, 25.978814162871345, 499.3246451104824]","[187.37620356114263, 2534.840238144635, 25.978814162871345, 499.3246451104824]","[193.87090710186047, 2659.6713994222555, 25.978814162871345, 499.3246451104824]","[210.7153435986998, 2781.6566449399065, 67.37774598735734, 487.94098207060415]","[268.9587119200259, 2892.25822741768, 232.9734732853044, 442.40632991109305]","[357.2630871238194, 2851.016352743072, 353.21750081517393, -164.96749869843188]","[453.32763617070856, 2771.037590459461, 384.258196187557, -319.9150491344429]","[549.392185217598, 2691.0588281758505, 384.2581961875578, -319.9150491344426]","[645.4567342644887, 2611.08006589224, 384.2581961875626, -319.9150491344426]","[743.8787816358896, 2534.044060104779, 393.68818948560374, -308.14402314984363]","[842.8902035884178, 2457.7437434413555, 396.04568781011267, -305.2012666536939]","[941.901625540946, 2381.443426777932, 396.0456878101131, -305.2012666536939]","[1040.9130474934736, 2305.1431101145085, 396.0456878101104, -305.2012666536939]","[1139.924469445999, 2228.842793451085, 396.0456878101013, -305.2012666536939]"
463,Robot,"[1238.9358913985243, 2152.5424767876616, 0, 0]","[1337.9473133510496, 2076.242160124238, 396.0456878101013, -305.2012666536939]","[1436.958735303575, 1999.9418434608149, 396.0456878101013, -305.201266653693]","[1535.9701572561005, 1923.6415267973912, 396.0456878101022, -305.2012666536948]","[1634.9815792086256, 1847.341210133968, 396.0456878101004, -305.201266653693]","[1733.993001161151, 1771.0408934705442, 396.0456878101013, -305.2012666536948]","[1833.004423113676, 1694.7405768071208, 396.0456878101004, -305.2012666536939]","[1932.0158450662016, 1618.4402601436973, 396.0456878101022, -305.2012666536939]","[2031.027267018727, 1542.1399434802738, 396.04568781010164, -305.2012666536942]","[2130.038688971252, 1465.8396268168503, 396.0456878101013, -305.2012666536939]","[2229.050110923777, 1389.5393101534269, 396.0456878100995, -305.2012666536939]","[2328.061532876303, 1313.2389934900034, 396.0456878101031, -305.2012666536939]","[2427.072954828828, 1236.93867682658, 396.0456878101013, -305.2012666536939]","[2526.084376781353, 1160.6383601631564, 396.0456878100995, -305.2012666536939]","[2625.095798733879, 1084.338043499733, 396.0456878101031, -305.2012666536939]","[2724.107220686404, 1008.0377268363102, 396.0456878101013, -305.20126665369116]"
464,Robot,"[2823.118642638929, 931.7374101728896, 0, 0]","[2922.130064591455, 855.4370935094689, 396.0456878101031, -305.2012666536825]","[3021.14148654398, 779.1367768460483, 396.0456878101013, -305.2012666536825]","[3120.152908496505, 702.8364601826277, 396.0456878100995, -305.2012666536825]","[3219.164330449031, 626.536143519207, 396.0456878101031, -305.2012666536825]","[3318.175752401556, 550.2358268557891, 396.0456878101013, -305.2012666536716]","[3417.187174354081, 473.9355101923711, 396.0456878100995, -305.20126665367206]","[3513.594870312031, 394.4845320253271, 385.6307838318007, -317.80391266817605]","[3607.181863109188, 311.6203372293547, 374.34797118862696, -331.45677918389]","[3700.768855906345, 228.756142433382, 374.34797118862843, -331.4567791838907]","[3794.355848703501, 145.89194763740886, 374.3479711886248, -331.45677918389254]","[3887.942841500658, 63.02775284143573, 374.3479711886266, -331.45677918389254]","[3981.5298342978144, -19.8364419545374, 374.3479711886266, -331.45677918389254]","[4075.116827094971, -102.70063675051053, 374.3479711886266, -331.45677918389254]","[4168.703819892119, -185.56483154648365, 374.34797118859206, -331.4567791838925]","[4262.290812689275, -268.42902634245667, 374.3479711886248, -331.4567791838921]"
465,Robot,"[4355.877805486432, -351.2932211384291, 0, 0]","[4449.464798283588, -434.1574159344015, 374.34797118862116, -331.4567791838897]","[4543.051791080744, -517.021610730374, 374.3479711886248, -331.45677918389015]","[4636.638783877902, -599.8858055263479, 374.3479711886321, -331.4567791838954]","[4730.225776675059, -682.7500003223217, 374.34797118862843, -331.4567791838954]","[4823.812769472217, -765.6141951182956, 374.3479711886321, -331.4567791838954]","[4917.399762269375, -848.4783899142694, 374.3479711886321, -331.4567791838954]","[5010.986755066532, -931.3425847102432, 374.34797118862843, -331.4567791838949]","[5104.57374786369, -1014.2067795062172, 374.3479711886324, -331.4567791838966]","[5198.160740660848, -1097.070974302191, 374.3479711886321, -331.4567791838949]","[5291.747733458005, -1179.9351690981648, 374.34797118862843, -331.4567791838954]","[5385.334726255163, -1262.7993638941389, 374.3479711886321, -331.4567791838963]","[5478.921719052321, -1345.6635586901125, 374.3479711886321, -331.45677918389447]","[5572.508711849479, -1428.5277534860863, 374.3479711886321, -331.4567791838954]","[5666.0957046466365, -1511.3919482820602, 374.34797118862843, -331.4567791838954]","[5759.6826974437945, -1594.256143078034, 374.3479711886321, -331.4567791838954]"
466,Robot,"[5853.269690240952, -1677.120337874008, 0, 0]","[5946.85668303811, -1759.9845326699815, 374.3479711886321, -331.45677918389356]","[5987.0436310899495, -1799.714522804513, 160.74779220735945, -158.91996053812636]","[5872.234550601951, -1750.2789583038211, -459.2363219519939, 197.7422580027678]","[5757.4254701139525, -1700.8433938031292, -459.2363219519939, 197.7422580027678]","[5642.616389625954, -1651.4078293024372, -459.2363219519939, 197.7422580027678]","[5527.807309137956, -1601.9722648017453, -459.2363219519939, 197.7422580027678]","[5412.998228649957, -1552.536700301053, -459.2363219519939, 197.74225800276872]","[5298.189148161959, -1503.1011358003614, -459.2363219519943, 197.74225800276707]","[5183.38006767396, -1453.6655712996694, -459.2363219519939, 197.7422580027678]","[5068.570987185962, -1404.2300067989777, -459.2363219519939, 197.7422580027669]","[4953.761906697963, -1354.7944422982855, -459.2363219519939, 197.74225800276872]","[4838.952826209965, -1305.3588777975935, -459.2363219519939, 197.7422580027678]","[4724.143745721966, -1255.9233132969016, -459.2363219519939, 197.7422580027678]","[4609.334665233968, -1206.4877487962096, -459.2363219519939, 197.7422580027678]","[4494.525584745969, -1157.0521842955177, -459.2363219519939, 197.7422580027678]"
467,Robot,"[4379.716504257971, -1107.6166197948255, 0, 0]","[4264.907423769972, -1058.1810552941338, -459.2363219519939, 197.7422580027669]","[4150.098343281974, -1008.7454907934429, -459.2363219519939, 197.74225800276372]","[4035.289262793982, -959.3099262927536, -459.2363219519684, 197.7422580027569]","[3920.4801823059943, -909.8743617920644, -459.23632195195023, 197.7422580027569]","[3805.671101818008, -860.4387972913754, -459.2363219519448, 197.742258002756]","[3690.862021330021, -811.0032327906863, -459.2363219519484, 197.74225800275644]","[3571.7324739719625, -774.0537678931636, -476.51818943223407, 147.79785959009087]","[3451.168982711049, -741.6803848601496, -482.25396504365426, 129.49353213205598]","[3335.669459122487, -695.1907296192445, -461.9980943542487, 185.95862096362043]","[3228.134328700098, -631.9467464047967, -430.1405216895546, 252.97593285779112]","[3129.7542462684287, -554.8973683538117, -393.520329726678, 308.1975122039403]","[3024.536776113325, -487.6485350709384, -420.86988062041564, 268.995333131493]","[2907.825747332123, -443.6766714373063, -466.844115124808, 175.8874545345284]","[2797.766010729344, -386.6380657073354, -440.23894641111474, 228.1544229198837]","[2740.5668313536385, -277.2044029903427, -228.7967175028225, 437.7346508679707]"
468,Robot,"[2670.553487910544, -183.4402213989646, 0, 0]","[2557.2415911823555, -130.96315145739214, -453.24758691275383, 209.90827976628987]","[2473.902102013374, -44.45336001276677, -333.3579566759254, 346.03916577850146]","[2350.8505198287085, -25.483477011085498, -492.2063287386627, 75.8795320067251]","[2226.642904631348, -11.431134609066556, -496.83046078944244, 56.20936960807577]","[2102.4352894339872, 2.6212077929523554, -496.83046078944244, 56.20936960807565]","[1978.2276742366232, 16.67355019497126, -496.8304607894561, 56.20936960807562]","[1854.020059039257, 30.725892596990164, -496.8304607894652, 56.20936960807562]","[1729.8124438418906, 44.77823499900912, -496.83046078946563, 56.20936960807588]","[1605.6048286445243, 58.83057740102808, -496.8304607894652, 56.20936960807583]","[1481.397213447158, 72.88291980304705, -496.8304607894652, 56.20936960807586]","[1357.1895982497915, 86.93526220506618, -496.8304607894661, 56.20936960807654]","[1232.9819830524254, 100.98760460708532, -496.83046078946427, 56.20936960807654]","[1108.7743678550592, 115.03994700910444, -496.8304607894652, 56.209369608076486]","[984.5667526576938, 129.09228941112357, -496.83046078946154, 56.20936960807654]","[860.3591374603303, 143.14463181314235, -496.8304607894538, 56.20936960807512]"
469,Robot,"[736.1515222629669, 157.1969742151611, 0, 0]","[611.9439070656034, 171.24931661717991, -496.8304607894538, 56.209369608075235]","[487.73629186824, 185.3016590191987, -496.8304607894536, 56.20936960807512]","[363.5286766708765, 199.35400142121748, -496.83046078945404, 56.20936960807512]","[242.93756867098645, 213.33805118545536, -482.3644319995602, 55.93619905695152]","[118.7229475891652, 227.3283302927332, -496.858484327285, 55.96111642911137]","[-5.491673492656173, 241.31860940001096, -496.8584843272855, 55.96111642911103]","[-129.7062945744775, 255.3088885072884, -496.85848432728534, 55.96111642910978]","[-253.13126203754885, 236.93687924178323, -493.6998698522858, -73.48803706202075]","[-369.41009884747, 272.83628300671785, -465.11534723968464, 143.59761505973847]","[-488.5155648449922, 309.5557733885122, -476.4218639900887, 146.87796152717738]","[-612.5557218253323, 322.6657482872071, -496.1606279213604, 52.43989959477972]","[-737.1338931163915, 331.7974853572777, -498.3126851642369, 36.52694828028234]","[-858.634890626592, 357.856440958194, -486.0039900408019, 104.23582240366522]","[-972.0007846091378, 406.4844747479252, -453.4635759301832, 194.51213515892482]","[-1094.0016507424982, 430.98186366972817, -488.00346453344173, 97.9895556872118]"
470,Robot,"[-1150.8747559268936, 452.6234663854348, 0, 0]","[-1150.8747559268936, 452.6234663854348, 0.0, 0.0]","[-1216.6058993044098, 438.2097612373119, -262.9245735100649, -57.65482059249166]","[-1335.3011743112356, 399.0124183292198, -474.7811000273032, -156.78937163236833]","[-1453.9964493180614, 359.8150754211278, -474.7811000273032, -156.7893716323681]","[-1572.6917243248872, 320.6177325130358, -474.7811000273032, -156.7893716323681]","[-1691.386999331713, 281.4203896049437, -474.7811000273032, -156.78937163236833]","[-1810.0822743385388, 242.22304669685124, -474.7811000273032, -156.7893716323698]","[-1928.7775493453648, 203.0257037887585, -474.7811000273045, -156.7893716323711]","[-2047.4728243521904, 163.82836088066577, -474.7811000273023, -156.78937163237094]","[-2166.168099359016, 124.63101797257303, -474.7811000273032, -156.78937163237094]","[-2284.863374365842, 85.43367506447998, -474.7811000273032, -156.7893716323722]","[-2403.44257542186, 46.542309384011176, -474.31680422407226, -155.56546272187524]","[-2520.7174299107705, 16.59211788361505, -469.0994179556419, -119.8007660015845]","[-2641.827160035885, -7.496956593807977, -484.43892050045724, -96.3562979096921]","[-2763.607905936985, -31.391909510497577, -487.12298360440036, -95.5798116667584]"
471,Robot,"[-2885.106198711157, -55.223057390587, 0, 0]","[-3006.196575786631, -78.96205906864085, -484.3615083018958, -94.95600671221541]","[-3126.411230624232, -103.7426374764906, -480.8586193504034, -99.12231363139898]","[-3240.72061346719, -152.39701573092714, -457.23753137183303, -194.61751301774615]","[-3354.081040098706, -205.06971904034327, -453.4417065260641, -210.69081323766454]","[-3467.441466730222, -257.7424223497597, -453.4417065260641, -210.69081323766568]","[-3577.5263662358493, -316.031479372418, -440.33959802250865, -233.15622809063325]","[-3679.188481703477, -388.7625888005528, -406.6484618705108, -290.9244377125392]","[-3780.850597171104, -461.4936982286875, -406.6484618705075, -290.92443771253903]","[-3882.512712638731, -534.2248076568227, -406.648461870509, -290.9244377125408]","[-3860.522108496503, -548.7237309656513, 87.96241656891289, -57.99569323531432]","[-3738.925366026309, -519.7542259536993, 486.3869698807757, 115.8780200478077]","[-3617.328623556114, -490.7847209417474, 486.38696988077936, 115.8780200478077]","[-3495.73188108592, -461.8152159297955, 486.3869698807757, 115.8780200478077]","[-3374.1351386157253, -432.8457109178436, 486.38696988077936, 115.8780200478077]","[-3252.538396145531, -403.87620590589165, 486.38696988077754, 115.8780200478077]"
472,Robot,"[-3130.9416536753365, -374.9067008939397, 0, 0]","[-3009.344911205142, -345.9371958819878, 486.38696988077754, 115.8780200478077]","[-2887.748168734948, -316.9676908700359, 486.3869698807757, 115.8780200478077]","[-2766.1514262647534, -287.998185858084, 486.38696988077936, 115.87802004780747]","[-2644.554683794559, -259.02868084613203, 486.38696988077754, 115.87802004780792]","[-2522.9579413243646, -230.0591758341801, 486.38696988077754, 115.8780200478077]","[-2401.36119885417, -201.0896708222282, 486.38696988077754, 115.8780200478077]","[-2279.764456383976, -172.12016581027626, 486.38696988077754, 115.8780200478077]","[-2158.1677139137814, -143.15066079832417, 486.386969880778, 115.87802004780848]","[-2036.570971443587, -114.18115578637172, 486.38696988077754, 115.8780200478098]","[-1914.9742289733929, -85.21165077441945, 486.38696988077663, 115.87802004780906]","[-1793.3774865031985, -56.242145762467175, 486.38696988077754, 115.87802004780912]","[-1671.780744033004, -27.272640750514896, 486.38696988077754, 115.87802004780912]","[-1550.1840015628095, 1.6968642614374176, 486.38696988077845, 115.87802004780926]","[-1428.587259092615, 30.666369273389765, 486.38696988077754, 115.87802004780939]","[-1306.9905166224207, 59.63587428534205, 486.38696988077754, 115.87802004780913]"
473,Robot,"[-1185.3937741522263, 88.60537929729433, 0, 0]","[-1063.797031682032, 117.5748843092466, 486.38696988077754, 115.87802004780906]","[-942.2002892118376, 146.54438932119913, 486.38696988077754, 115.87802004781014]","[-820.6035467416432, 175.51389433315177, 486.38696988077754, 115.87802004781054]","[-699.0068042714488, 204.4833993451044, 486.38696988077754, 115.87802004781054]","[-577.4100618012544, 233.45290435705704, 486.38696988077754, 115.87802004781054]","[-455.8133193310607, 262.4224093690096, 486.3869698807748, 115.8780200478102]","[-334.21657686086775, 291.39191438096145, 486.38696988077186, 115.87802004780747]","[-212.6198343906748, 320.3614193929134, 486.3869698807722, 115.8780200478078]","[-91.02309192048182, 349.3309244048657, 486.38696988077197, 115.87802004780929]","[30.57365054971125, 378.3004294168183, 486.38696988077226, 115.87802004781042]","[152.17039301990425, 407.2699344287709, 486.386969880772, 115.87802004781042]","[273.76713549009725, 436.2394394407235, 486.38696988077197, 115.87802004781042]","[394.83812527258624, 467.2279271801229, 484.283959129956, 123.9539509575975]","[515.1204860235193, 501.2448890106923, 481.1294430037324, 136.06784732227766]","[635.4028467744538, 535.2618508412608, 481.12944300373783, 136.0678473222738]"
474,Robot,"[755.6852075253883, 569.2788126718287, 0, 0]","[875.9675682763227, 603.2957745023967, 481.12944300373783, 136.06784732227197]","[996.2499290272572, 637.3127363329647, 481.12944300373783, 136.06784732227197]","[1116.5322897781916, 671.3296981635327, 481.12944300373783, 136.06784732227197]","[1236.814650529126, 705.3466599941007, 481.12944300373783, 136.06784732227197]","[1357.0970112800603, 739.3636218246687, 481.1294430037369, 136.06784732227197]","[1477.379372030995, 773.3805836552367, 481.12944300373874, 136.06784732227197]","[1597.6617327819297, 807.3975454858047, 481.12944300373874, 136.06784732227197]","[1717.944093532864, 841.4145073163727, 481.1294430037374, 136.0678473222721]","[1838.2264542837984, 875.4314691469407, 481.12944300373783, 136.06784732227197]","[1958.5088150347328, 909.4484309775088, 481.12944300373783, 136.06784732227243]","[2078.7911757856677, 943.4653928080768, 481.12944300373965, 136.06784732227197]","[2199.0735365366018, 977.4823546386448, 481.129443003736, 136.06784732227197]","[2319.355897287536, 1011.4993164692128, 481.12944300373783, 136.06784732227197]","[2439.6382580384707, 1045.5162782997827, 481.12944300373783, 136.0678473222797]","[2559.920618789405, 1079.5332401303535, 481.12944300373783, 136.06784732228334]"
475,Robot,"[2680.20297954034, 1113.5502019609244, 0, 0]","[2800.485340291274, 1147.5671637914952, 481.129443003736, 136.06784732228334]","[2920.7677010422085, 1181.584125622066, 481.12944300373783, 136.06784732228334]","[3041.050061793143, 1215.6010874526369, 481.12944300373783, 136.06784732228334]","[3161.3324225440774, 1249.6180492832077, 481.12944300373783, 136.06784732228334]","[3281.614783295012, 1283.6350111137783, 481.12944300373783, 136.06784732228243]","[3401.8971440459463, 1317.6519729443494, 481.12944300373783, 136.06784732228425]","[3522.179504796881, 1351.6689347749202, 481.12944300373783, 136.06784732228334]","[3642.4618655478153, 1385.685896605491, 481.1294430037383, 136.06784732228346]","[3762.7442262987497, 1419.702858436062, 481.12944300373783, 136.06784732228334]","[3883.026587049684, 1453.7198202666311, 481.12944300373783, 136.06784732227698]","[4003.3089478006186, 1487.7367820971997, 481.12944300373783, 136.06784732227425]","[4123.591308551553, 1521.7537439277678, 481.12944300373783, 136.06784732227243]","[4243.873669302488, 1555.770705758336, 481.12944300374147, 136.06784732227243]","[4364.156030053422, 1589.7876675889045, 481.1294430037342, 136.06784732227425]","[4486.262957890289, 1607.6988535822534, 488.42771134746727, 71.64474397339563]"
476,Robot,"[6183.89055, 1466.49082, 0, 0]","[6187.588318152692, 1341.5976489924606, 14.791072610769334, -499.5726840301577]","[6202.280755267373, 1217.4847938551584, 58.76974845872246, -496.4514205492087]","[6225.187565471608, 1094.6302916702773, 91.62724081693887, -491.41800873952434]","[6248.573972844329, 971.9878474906532, 93.54562949088358, -490.56977671849654]","[6163.86255634119, 894.8240014921327, -338.84566601255574, -308.65538399408206]","[6046.937872444119, 882.081192808719, -467.6987355882811, -50.971234733654455]","[5922.148207879492, 889.3296145576566, -499.1586582585114, 28.993686995750068]","[5797.358543314864, 896.5780363065941, -499.1586582585119, 28.993686995750092]","[5672.568878750236, 903.8264580555316, -499.1586582585114, 28.993686995750068]","[5547.779214185608, 911.0748798044692, -499.1586582585114, 28.993686995750522]","[5422.98954962098, 918.3233015534068, -499.1586582585114, 28.993686995750522]","[5298.199885056352, 925.5717233023452, -499.1586582585114, 28.99368699575325]","[5173.410220491724, 932.820145051285, -499.1586582585114, 28.993686995759163]","[5048.620555927097, 940.0685668002244, -499.1586582585114, 28.9936869957578]","[4923.830891362469, 947.3169885491642, -499.1586582585114, 28.993686995759163]"
477,Robot,"[4799.041226797841, 954.5654102981038, 0, 0]","[4674.251562233213, 961.8138320470434, -499.1586582585114, 28.993686995758708]","[4549.461897668585, 969.062253795983, -499.1586582585114, 28.993686995758253]","[4424.672233103957, 976.3106755449228, -499.1586582585114, 28.993686995759163]","[4299.882568539329, 983.5590972938624, -499.1586582585114, 28.993686995758253]","[4175.092903974702, 990.807519042802, -499.1586582585114, 28.993686995758708]","[4050.3032394100783, 998.0559407917412, -499.15865825849323, 28.99368699575689]","[3925.526322279274, 1005.4690380257464, -499.1076685232165, 29.652388936020543]","[3800.735399293814, 1012.6957620716532, -499.16369194184017, 28.90689618362742]","[3675.9444763083534, 1019.9224861175602, -499.16369194184335, 28.90689618362785]","[3551.1535533228944, 1027.1492101634665, -499.1636919418361, 28.906896183625122]","[3426.3626303374344, 1034.375934209373, -499.1636919418397, 28.906896183626486]","[3301.5717073519745, 1041.60265825528, -499.1636919418397, 28.906896183627396]","[3177.1159748331725, 1033.0361122556378, -497.8229300752082, -34.26618399856852]","[3052.744039931035, 1020.5212487446086, -497.4877396085503, -50.05945404411705]","[2928.3721050288973, 1008.0063852335792, -497.4877396085503, -50.0594540441175]"
478,Robot,"[2804.00017012676, 995.49152172255, 0, 0]","[2679.628235224622, 982.9766582115208, -497.48773960855215, -50.05945404411705]","[2555.2563003224845, 970.4617947004916, -497.4877396085503, -50.05945404411659]","[2430.884365420347, 957.9469311894622, -497.4877396085503, -50.0594540441175]","[2306.5124305182094, 945.432067678433, -497.4877396085503, -50.05945404411705]","[2182.140495616072, 932.9172041674036, -497.4877396085503, -50.0594540441175]","[2057.768560713934, 920.4023406563743, -497.4877396085503, -50.05945404411705]","[1933.396625811802, 907.8874771453452, -497.4877396085285, -50.05945404411659]","[1809.0246909096704, 895.3726136343159, -497.48773960852714, -50.05945404411709]","[1684.6527560075383, 882.8577501232867, -497.4877396085285, -50.05945404411705]","[1560.2808211054064, 870.3428866122574, -497.4877396085276, -50.05945404411705]","[1435.9088862032745, 857.8280231012282, -497.4877396085276, -50.05945404411705]","[1311.5369513011426, 845.3131595901989, -497.4877396085276, -50.05945404411705]","[1187.1650163990107, 832.7982960791696, -497.4877396085276, -50.05945404411705]","[1062.7930814968788, 820.2834325681404, -497.4877396085276, -50.05945404411705]","[938.4211465947468, 807.7685690571111, -497.48773960852805, -50.05945404411705]"
479,Robot,"[814.049211692615, 795.2537055460818, 0, 0]","[689.6772767904831, 782.7388420350526, -497.4877396085276, -50.05945404411705]","[565.3053418883512, 770.2239785240233, -497.4877396085276, -50.05945404411705]","[440.9334069862185, 757.7091150129941, -497.487739608531, -50.05945404411705]","[316.56147208408515, 745.1942515019653, -497.4877396085333, -50.05945404411523]","[192.1895371819522, 732.6793879909374, -497.4877396085318, -50.05945404411159]","[67.8176022798196, 720.1645244799095, -497.48773960853043, -50.05945404411159]","[-56.55433262231318, 707.6496609688817, -497.4877396085311, -50.059454044111135]","[-180.92626752444585, 695.1347974578538, -497.4877396085311, -50.05945404411163]","[-305.2982024265787, 682.6199339468259, -497.48773960853146, -50.05945404411159]","[-429.670137328712, 670.105070435798, -497.48773960853305, -50.05945404411159]","[-554.0420722308448, 657.5902069247701, -497.48773960853146, -50.05945404411159]","[-678.4140071329767, 645.0753434137423, -497.4877396085276, -50.059454044111135]","[-802.7859420351086, 632.5604799027146, -497.4877396085276, -50.05945404411068]","[-927.1578769372404, 620.0456163916867, -497.48773960852714, -50.05945404411159]","[-1051.5298118393723, 607.530752880659, -497.4877396085276, -50.059454044111135]"
480,Robot,"[-1175.9017467415044, 595.0158893696313, 0, 0]","[-1300.2736816436363, 582.5010258586035, -497.4877396085276, -50.059454044111135]","[-1424.6456165457682, 569.9861623475757, -497.4877396085276, -50.059454044111135]","[-1549.0175514479, 557.4712988365479, -497.4877396085267, -50.059454044111135]","[-1673.389486350032, 544.9564353255201, -497.4877396085285, -50.059454044111135]","[-1797.761421252164, 532.4415718144924, -497.4877396085276, -50.059454044111135]","[-1922.133356154296, 519.9267083034646, -497.4877396085285, -50.059454044111135]","[-2046.505291056428, 507.4118447924368, -497.4877396085276, -50.059454044111135]","[-2170.8772259585653, 494.89698128140896, -497.4877396085499, -50.059454044111405]","[-2294.877497503273, 479.2232444191505, -496.0010861788305, -62.69494744903386]","[-2418.8509177267288, 463.236028335735, -495.89368089382333, -63.94886433366196]","[-2542.8243379501846, 447.2488122523195, -495.89368089382333, -63.94886433366196]","[-2666.7977581736404, 431.261596168904, -495.89368089382333, -63.94886433366196]","[-2790.7711783970963, 415.2743800854885, -495.89368089382333, -63.948864333662186]","[-2914.744598620552, 399.287164002073, -495.89368089382333, -63.94886433366196]","[-3038.718018844008, 383.2999479186576, -495.89368089382333, -63.948864333661504]"
481,Robot,"[-3162.691439067464, 367.31273183524206, 0, 0]","[-3286.66485929092, 351.3255157518266, -495.89368089382333, -63.94886433366196]","[-3407.1063339720085, 332.14450398434315, -481.765898724354, -76.7240470699337]","[-3531.13116137733, 316.5611093901325, -496.099309621286, -62.333578376842524]","[-3655.155988782652, 300.9777147959219, -496.09930962128783, -62.333578376842524]","[-3778.7726751828927, 285.26151273811803, -494.4667456009629, -62.86480823121542]","[-3900.151475792486, 269.06592240829366, -485.5152024383733, -64.78236131929748]","[-4024.204507688753, 253.7086675317385, -496.2121275850677, -61.429019506220584]","[-4148.076834474978, 237.33862446853084, -495.48930714489916, -65.48017225283076]","[-4205.0113866898455, 263.60474821649973, -227.73820885947134, 105.06449499187556]","[-4190.66143988711, 387.7783324716006, 57.39978721094303, 496.6943370204035]","[-4176.311493084374, 511.9519167267015, 57.39978721094303, 496.6943370204035]","[-4161.961546281638, 636.1255009818024, 57.39978721094303, 496.6943370204035]","[-4147.611599478903, 760.2990852369032, 57.399787210939394, 496.6943370204035]","[-4133.261652676167, 884.4726694920041, 57.39978721094667, 496.6943370204035]","[-4155.646122081249, 952.1361056508276, -89.5378776203288, 270.65374463529406]"
482,Robot,"[-4203.451025143523, 965.2581225747324, 0, 0]","[-4245.340317423762, 975.030796673058, -167.55716912095522, 39.09069639330255]","[-4281.753105864391, 981.7030497034924, -145.6511537625156, 26.689012121737505]","[-4317.724075287819, 986.0625869953876, -143.88387769371184, 17.438149167580832]","[-4366.903402368832, 988.1378907496704, -196.71730832405228, 8.301215017131199]","[-4424.971709952412, 979.4760829330326, -232.27323033432185, -34.647231266551444]","[-4488.883987572598, 955.9896938840752, -255.64911048074282, -93.94555619582934]","[-4554.733044665837, 913.484617651734, -263.3962283729561, -170.020304929365]","[-4615.712133766874, 857.068922811595, -243.91635640414847, -225.66277936055596]","[-4595.350066715914, 821.6297079026349, 81.44826820383969, -141.75685963584056]","[-4565.9947095287525, 786.6456386995684, 117.42142874864658, -139.936276812266]","[-4538.20101061568, 751.0145218952765, 111.1747956522886, -142.5244672171675]","[-4511.443388919056, 714.9520633423072, 107.03048678649793, -144.24983421187744]","[-4485.677581877213, 678.4766905198179, 103.06322816737156, -145.901491289957]","[-4463.648803303808, 640.2423147812154, 88.11511429362145, -152.93750295440987]","[-4443.909019001612, 600.7295306597757, 78.95913720878161, -158.0511364857589]"
483,Robot,"[-4426.157629201119, 559.7904224331771, 0, 0]","[-4410.481509026899, 516.8812321425273, 62.704480696877, -171.6367611625992]","[-4395.3958416128335, 472.9414526940887, 60.34266965626375, -175.7591177937545]","[-4380.861061972199, 427.8204240336378, 58.13911856253617, -180.48411464180367]","[-4366.208744277547, 381.7380960575928, 58.609270778608334, -184.3293119041798]","[-4351.165843663172, 334.50923800123087, 60.17160245749983, -188.91543222544783]","[-4334.181107442173, 287.9420353318121, 67.93894488399746, -186.268810677675]","[-4305.111995165075, 251.07324386961236, 116.2764491083908, -147.47516584879907]","[-4270.3395434253, 218.7226780560042, 139.08980695910225, -129.40226325443268]","[-4236.257210561049, 185.79729266725812, 136.32933145700372, -131.70154155498437]","[-4203.288039862036, 151.92883039042647, 131.87668279604986, -135.4738491073266]","[-4170.507014974176, 117.89869063030588, 131.12409955144176, -136.12055904048236]","[-4137.907556485523, 83.71252922215535, 130.397833954612, -136.7446456326021]","[-4105.546029148302, 49.32006661883117, 129.4461093488826, -137.56985041329673]","[-4073.8241602154735, 14.370550988975191, 126.88747573131513, -139.79806251942392]","[-4042.592481728801, -21.034740795989112, 124.92671394669014, -141.62116713985722]"
484,Robot,"[-4011.6528549054574, -56.722451314777125, 0, 0]","[-3981.025905229488, -92.72166506357456, 122.50779870387669, -143.99685499518975]","[-3950.63482845252, -128.97812668129328, 121.56430710787208, -145.02584647087485]","[-3920.494978464681, -165.535359827876, 120.55939995135668, -146.22893258633087]","[-3890.267106737408, -202.05610062163785, 120.91148690909176, -146.08296317504744]","[-3859.936948741917, -238.5293772471245, 121.32063198196374, -145.8931065019466]","[-3829.3658663539113, -274.82287972652864, 122.28432955202334, -145.17400991761656]","[-3796.597377216289, -308.9963262807503, 131.07395655049004, -136.69378621688656]","[-3762.645575352857, -342.0084195848757, 135.80720745372685, -132.04837321650177]","[-3728.7971995895473, -375.122189651965, 135.39350305323933, -132.45508026835728]","[-3695.0526285791752, -408.3381793948898, 134.97828404148822, -132.86395897169905]","[-3661.351144343616, -441.5966362042358, 134.80593694223717, -133.033827237384]","[-3627.719725421569, -474.9242212380278, 134.52567568818813, -133.3103401351682]","[-3594.188096797008, -508.3504768319561, 134.12651449824443, -133.70502237571304]","[-3560.751912725458, -541.8718735363303, 133.74473628619853, -134.08558681749696]","[-3527.3819524312576, -575.459631060838, 133.47984117680244, -134.3510300980306]"
485,Robot,"[-3494.0840021565195, -609.1199172796192, 0, 0]","[-3460.8483993044497, -642.8437525038512, 132.94241140827944, -134.8953408969278]","[-3426.9930197899453, -678.4591688480743, 135.42151805801768, -142.4616653768926]","[-3366.0186897252684, -745.8616901484654, 243.89732025870762, -269.6100852015643]","[-3274.789019033948, -829.8481786619866, 364.9186827652811, -335.9459540540847]","[-3158.834401365538, -876.5335793925394, 463.81847067364106, -186.7416029222113]","[-3045.504934364901, -917.4821699217542, 453.3178680025467, -163.79436211685925]","[-2957.576332367649, -935.2370563504332, 351.7144079890095, -71.01954571471606]","[-2889.9379447967453, -962.8011917239548, 270.55355028361396, -110.25654149408648]","[-2840.7237987887256, -981.6263974993426, 196.8565840320789, -75.30082310155103]","[-2750.013664119894, -1019.617135260224, 362.84053867532566, -151.96295104352566]","[-2663.148391549092, -1057.824598291152, 347.46109028320825, -152.8298521237116]","[-2588.8571574385774, -1089.3844857526267, 297.1649364420591, -126.23954984589909]","[-2520.678344526548, -1110.5234255772536, 272.7152516481183, -84.55575929850784]","[-2446.939083027702, -1134.2332538358614, 294.95704599538294, -94.83931303443114]","[-2357.231745710989, -1173.2746134161705, 358.82934926685266, -156.16543832123625]"
486,Robot,"[-2278.805603241966, -1207.344749204089, 0, 0]","[-2199.5573985972683, -1247.251355642232, 316.9928185787903, -159.62642575257178]","[-2105.929374376421, -1292.6749010987128, 374.51209688338895, -181.6941818259229]","[-2016.724559700344, -1336.702688330245, 356.8192587043086, -176.11114892612932]","[-1952.535601254695, -1399.584234693399, 256.7558337825958, -251.5261854526152]","[-1912.757164573882, -1453.7085939773344, 159.113746723252, -216.49743713574208]","[-1852.9594436265809, -1506.2520309189497, 239.19088378920424, -210.17374776646102]","[-1759.2511296806658, -1569.179315425789, 374.8332557836602, -251.70913802735686]","[-1653.9275558310744, -1636.4990360992244, 421.29429539836605, -269.2788826937424]","[-1548.8023393957326, -1703.8276264114727, 420.5008657413673, -269.314361248993]","[-1453.9179506655942, -1772.042760321123, 379.5375549205537, -272.8605356386015]","[-1403.3493742763476, -1826.8567405863423, 202.2743055569863, -219.25592106087697]","[-1413.634431719123, -1864.3182918103528, -41.140229771101986, -149.84620489604185]","[-1413.124649126284, -1875.8367978204565, 2.0391303713558955, -46.07402404041477]","[-1383.5103159840053, -1889.2126556277617, 118.45733256911535, -53.50343122922095]","[-1329.487823715225, -1909.8063588154, 216.0899690751212, -82.37481275055325]"
487,Robot,"[-1267.825116623238, -1944.5700685433096, 0, 0]","[-1197.3692905394914, -1983.5721797474691, 281.82330433498646, -156.00844481663808]","[-1165.6440010916776, -1999.446588559072, 126.90115779125517, -63.497635246411846]","[-1178.3423351810957, -1993.2590177686309, -50.79333635767216, 24.750283161764855]","[-1200.058877799766, -1987.87520973948, -86.86617047468098, 21.535232116603765]","[-1198.447050823227, -1994.5629366124297, 6.447307906155402, -26.7509074917989]","[-1168.584121963502, -2006.0975098204797, 119.45171543890046, -46.13829283220002]","[-1161.5865263685394, -2005.0823494088, 27.990382379850416, 4.060641646718977]","[-1162.8491481614476, -1996.771357584146, -5.050487171632999, 33.24396729861567]","[-1158.629251236974, -1988.4707256715124, 16.87958769789475, 33.20252765053465]","[-1159.55177395052, -1979.098034832952, -3.6900908541847457, 37.49076335424161]","[-1183.3348067780737, -1944.2860145278776, -95.13213131021439, 139.24808122029754]","[-1182.3340541950186, -1914.93693243607, 4.003010332220583, 117.39632836723013]","[-1158.497277723746, -1885.4029036395425, 95.34710588509006, 118.13611518611015]","[-1124.840518247756, -1855.8391125305204, 134.62703790395972, 118.25516443608831]","[-1076.1319264272142, -1839.7513771850045, 194.83436728216748, 64.35094138206387]"
488,Robot,"[-1020.5562621631378, -1843.107466302294, 0, 0]","[-957.6858261622368, -1887.085078390779, 251.48174400360404, -175.9104483539404]","[-910.211848727898, -1923.6027667702483, 189.8959097373554, -146.07075351787716]","[-881.0562285120536, -2016.5257749515868, 116.6224808633774, -371.6920327253538]","[-859.7121381457447, -2135.202425272071, 85.37636146523573, -474.70660128193776]","[-770.9875326534365, -2223.253230948304, 354.8984219692329, -352.20322270493125]","[-682.2629271611302, -2311.304036624536, 354.8984219692252, -352.2032227049276]","[-593.5383216688248, -2399.3548423007683, 354.89842196922154, -352.20322270492943]","[-504.8137161765192, -2487.4056479770006, 354.89842196922257, -352.2032227049298]","[-416.0891106842124, -2575.456453653233, 354.89842196922723, -352.20322270492943]","[-327.3645051919056, -2663.507259329469, 354.89842196922723, -352.203222704944]","[-238.6398996995989, -2751.558065005708, 354.8984219692268, -352.2032227049567]","[-150.16347918848157, -2839.331824219784, 353.90568204446936, -351.0950368563026]","[-71.42453050689043, -2920.2371091618334, 314.95579472636456, -323.6211397681982]","[-2.870019692845282, -2976.1397311604137, 274.21804325618064, -223.61048799432137]","[83.08788357510954, -3014.506232303714, 343.8316130718193, -153.46600457320164]"
489,Robot,"[180.02325152533268, -3046.680017070164, 0, 0]","[273.1125156941736, -3077.992464998494, 372.35705667536376, -125.24979171332052]","[361.5440360440996, -3108.262581429888, 353.72608139970384, -121.08046572557578]","[444.4096807665175, -3137.2871404197363, 331.4625788896717, -116.0982359593927]","[520.7690487701497, -3164.8556946537856, 305.43747201452857, -110.27421693619726]","[582.4875095478886, -3122.24874284644, 246.87384311095593, 170.42780722938187]","[668.0905668315295, -3032.4265620002607, 342.4122291345634, 359.28872338471774]","[775.5815559882109, -2971.372064011118, 429.9639566267256, 244.2179919565715]","[897.849043319886, -2986.062039838436, 489.06994932670113, -58.759903309272026]","[989.3173164215968, -3060.6478309608697, 365.87309240684317, -298.3431644897355]","[962.0280480296972, -3182.6326489942467, -109.15707356759867, -487.939272133508]","[934.7387796377976, -3304.617467027624, -109.15707356759822, -487.9392721335098]","[907.4495112458968, -3426.6022850610007, -109.15707356760322, -487.93927213350617]","[891.7634079471827, -3480.586650783657, -62.744413194856406, -215.9374628906262]","[906.5826336943576, -3356.468197086172, 59.276902988699476, 496.47381478994066]","[921.4018594415325, -3232.349743388686, 59.276902988699476, 496.4738147899443]"
490,Robot,"[936.2210851887072, -3108.2312896912003, 0, 0]","[951.0403109358822, -2984.1128359937147, 59.27690298869993, 496.4738147899425]","[965.8595366830572, -2859.994382296229, 59.27690298869993, 496.4738147899425]","[980.678762430232, -2735.8759285987435, 59.276902988699476, 496.4738147899425]","[995.4979881774068, -2611.757474901258, 59.27690298869902, 496.4738147899425]","[1010.3172139245816, -2487.639021203772, 59.27690298869902, 496.4738147899443]","[1025.1364396717563, -2363.5205675062866, 59.27690298869902, 496.47381478994066]","[1039.9556654189314, -2239.402113808801, 59.276902988700385, 496.4738147899425]","[1054.7748911661065, -2115.2836601113154, 59.276902988700435, 496.47381478994294]","[1069.5941169132811, -1991.1652064138295, 59.276902988698566, 496.4738147899434]","[1084.413342660456, -1867.046752716344, 59.276902988699476, 496.4738147899425]","[1099.2325684076309, -1742.9282990188583, 59.276902988699476, 496.4738147899425]","[1114.0517941548055, -1618.809845321373, 59.276902988698566, 496.47381478994157]","[1150.4975230004738, -1508.1761214165454, 145.7829153826733, 442.5348956193102]","[1255.4271783247038, -1440.244041855135, 419.71862129692, 271.7283182456413]","[1360.3568336489338, -1372.3119622937247, 419.71862129692, 271.7283182456413]"
491,Robot,"[1465.2864889731638, -1304.3798827323144, 0, 0]","[1570.2161442973938, -1236.447803170904, 419.71862129692, 271.7283182456413]","[1675.1457996216238, -1168.5157236094938, 419.71862129692, 271.7283182456413]","[1780.0754549458538, -1100.5836440480834, 419.71862129692, 271.7283182456413]","[1885.005110270084, -1032.6515644866731, 419.7186212969209, 271.7283182456413]","[1989.9347655943136, -964.7194849252628, 419.7186212969182, 271.7283182456413]","[2094.8644209185463, -896.7874053638525, 419.7186212969309, 271.7283182456413]","[2199.794076242782, -828.8553258024422, 419.71862129694273, 271.7283182456413]","[2304.7237315670177, -760.9232462410318, 419.7186212969431, 271.7283182456415]","[2409.6533868912534, -692.9911666796215, 419.71862129694273, 271.7283182456413]","[2514.583042215489, -625.0590871182112, 419.71862129694273, 271.7283182456413]","[2619.5126975397247, -557.1270075568009, 419.71862129694273, 271.7283182456413]","[2724.4423528639604, -489.1949279953906, 419.71862129694273, 271.7283182456413]","[2829.372008188196, -421.26284843398025, 419.71862129694273, 271.7283182456413]","[2934.301663512432, -353.33076887256993, 419.71862129694273, 271.7283182456413]","[3039.2313188366675, -285.3986893111596, 419.71862129694273, 271.7283182456413]"
492,Robot,"[3144.160974160903, -217.4666097497493, 0, 0]","[3249.0879540668734, -149.67596922342454, 419.707919623881, 271.162562105299]","[3354.0147093324767, -81.73941036567416, 419.70702106241333, 271.74623543100154]","[3458.94146459808, -13.802851507923886, 419.70702106241333, 271.7462354310011]","[3563.8682198636834, 54.13370734982645, 419.70702106241333, 271.74623543100137]","[3668.794975129287, 122.07026620757684, 419.70702106241515, 271.74623543100154]","[3773.72173039489, 190.00682506532723, 419.7070210624115, 271.7462354310016]","[3878.648485660493, 257.94338392307765, 419.7070210624115, 271.74623543100165]","[3983.5752409260967, 325.87994278082874, 419.70702106241555, 271.7462354310046]","[4088.5019961917, 393.81650163857984, 419.70702106241333, 271.7462354310044]","[4193.4287514572925, 461.7530604963304, 419.7070210623697, 271.74623543100233]","[4298.3555067228845, 529.6896193540802, 419.70702106236786, 271.7462354309989]","[4403.282261988476, 597.6261782118298, 419.70702106236786, 271.7462354309987]","[4508.209017254068, 665.5627370695795, 419.70702106236786, 271.7462354309987]","[4613.13577251966, 733.4992959273292, 419.70702106236786, 271.7462354309987]","[4718.062527785252, 801.435854785077, 419.70702106236786, 271.7462354309914]"
493,Robot,"[4822.989283050847, 869.3724136428239, 0, 0]","[4927.916038316449, 937.3089725005708, 419.7070210624079, 271.7462354309878]","[5032.842793582052, 1005.2455313583176, 419.7070210624115, 271.7462354309873]","[5137.769548847654, 1073.1820902160644, 419.7070210624079, 271.74623543098687]","[5242.805987728512, 1140.9481352132725, 420.14575552343376, 271.0641799888326]","[5273.328288774042, 1153.9349345275275, 122.08920418212074, 51.94719725701998]","[5158.372635590817, 1124.6354050025077, -459.8226127329035, -117.19811810007923]","[5056.975332824432, 1064.0136178379587, -405.5892110655368, -242.48714865819602]","[4975.904476148756, 969.5535138600512, -324.2834267027068, -377.8404159116302]","[4886.811743933948, 887.3984315375765, -356.37092885923266, -328.620329289899]","[4764.21844488927, 880.7333900151505, -490.3731961787089, -26.660166089704035]","[4639.22309809413, 881.8119444005773, -499.98138718056, 4.314217541707421]","[4514.22775129899, 882.8904987860042, -499.98138718056, 4.314217541707421]","[4389.23240450385, 883.969053171431, -499.98138718056, 4.314217541707421]","[4264.23705770871, 885.0476075568579, -499.98138718056, 4.314217541707421]","[4139.24171091357, 886.1261619422847, -499.98138718056, 4.314217541707421]"
494,Robot,"[4014.2463641184304, 887.2047163277116, 0, 0]","[3889.2510173232895, 888.2832707131378, -499.9813871805636, 4.314217541704693]","[3764.2556705281504, 889.3618250985631, -499.98138718055634, 4.31421754170151]","[3639.2603237330095, 890.4403794839886, -499.9813871805636, 4.314217541701964]","[3514.2649769378704, 891.518933869414, -499.98138718055634, 4.31421754170151]","[3389.2696301427304, 892.5974882548394, -499.98138718056, 4.31421754170151]","[3264.2742833475904, 893.6760426402649, -499.98138718056, 4.314217541701964]","[3139.2789365524504, 894.7545970256903, -499.98138718056, 4.31421754170151]","[3014.2835897573104, 895.8331514111158, -499.98138718056043, 4.314217541701968]","[2889.2882429621704, 896.9117057965411, -499.98138718056, 4.31421754170151]","[2764.2928961670304, 897.9902601819665, -499.98138718056, 4.31421754170151]","[2639.2975493718905, 899.068814567392, -499.98138718056, 4.314217541701964]","[2514.3022025767505, 900.1473689528174, -499.98138718056, 4.31421754170151]","[2389.3068557816105, 901.2259233382428, -499.98138718056, 4.31421754170151]","[2264.3115089864705, 902.3044777236682, -499.98138718056, 4.314217541701964]","[2139.3161621913305, 903.3830321090936, -499.98138718056, 4.31421754170151]"
495,Robot,"[2014.3208153961905, 904.4615864945192, 0, 0]","[1889.3254686010505, 905.5401408799444, -499.98138718056, 4.3142175417006]","[1764.3301218059105, 906.61869526537, -499.98138718056, 4.314217541702419]","[1639.3347750107705, 907.6972496507954, -499.98138718056, 4.31421754170151]","[1514.3394282156305, 908.7758040362208, -499.98138718056, 4.314217541701964]","[1389.3440814204905, 909.8543584216462, -499.98138718056, 4.31421754170151]","[1264.3487346253503, 910.9329128070716, -499.9813871805609, 4.31421754170151]","[1139.3533878302103, 912.0114671924972, -499.98138718056, 4.314217541702419]","[1014.3580410350704, 913.0900215779224, -499.98138718056, 4.314217541700604]","[889.3626942399275, 914.168575963348, -499.9813871805718, 4.314217541702419]","[764.3673474447846, 915.2471303487732, -499.98138718057135, 4.314217541701055]","[639.3720006496418, 916.3256847341988, -499.98138718057135, 4.314217541702419]","[514.4630338930674, 919.4717784334746, -499.63586702629755, 12.58437479710301]","[397.9573672194598, 887.3472973652683, -466.0226666944304, -128.497924272825]","[281.5009924792753, 841.9279976968062, -465.82549896073806, -181.67719867384858]","[165.04461773909043, 796.5086980283438, -465.8254989607394, -181.6771986738495]"
496,Robot,"[48.58824299890543, 751.0893983598812, 0, 0]","[-67.86813174127957, 705.6700986914187, -465.82549896074, -181.67719867384994]","[-184.32450648146457, 660.2507990229562, -465.82549896074, -181.67719867384994]","[-300.78088122164934, 614.8314993544936, -465.8254989607391, -181.6771986738504]","[-417.2372559618336, 569.4121996860315, -465.82549896073715, -181.67719867384858]","[-533.6936307020179, 523.9929000175691, -465.82549896073715, -181.6771986738495]","[-650.1500054422022, 478.5736003491067, -465.82549896073715, -181.67719867384972]","[-766.6063801823865, 433.15430068064416, -465.82549896073715, -181.67719867385017]","[-883.0627549225708, 387.7350010121816, -465.82549896073755, -181.67719867385034]","[-999.5191296627552, 342.31570134371907, -465.8254989607376, -181.67719867385017]","[-1115.9755044029416, 296.8964016752565, -465.8254989607458, -181.67719867385017]","[-1232.4318791431288, 251.477102006794, -465.8254989607485, -181.67719867385006]","[-1348.888253883316, 206.05780233833144, -465.8254989607494, -181.67719867385028]","[-1465.344628623503, 160.6385026698689, -465.8254989607476, -181.67719867385017]","[-1581.80100336369, 115.21920300140636, -465.8254989607476, -181.67719867385017]","[-1698.2573781038773, 69.79990333294381, -465.8254989607494, -181.67719867385017]"
497,Robot,"[-1814.7137528440644, 24.380603664481114, 0, 0]","[-1931.1701275842515, -21.038696003981613, -465.8254989607485, -181.6771986738509]","[-2047.626502324439, -66.45799567244434, -465.8254989607494, -181.6771986738509]","[-2164.082877064626, -111.87729534090724, -465.8254989607476, -181.6771986738516]","[-2280.539251804813, -157.2965950093699, -465.8254989607485, -181.67719867385063]","[-2396.995626545, -202.7158946778328, -465.8254989607485, -181.67719867385165]","[-2513.452001285187, -248.13519434629603, -465.8254989607485, -181.6771986738529]","[-2629.5942887439933, -293.50465513800015, -464.5691498352244, -181.47784316681646]","[-2743.0105727227638, -338.7308086026863, -453.6651359150823, -180.90461385874477]","[-2848.2874201162103, -383.97396742710606, -421.10738957378635, -180.97263529767906]","[-2935.690541121484, -425.1214122171398, -349.61248402109413, -164.58977916013487]","[-3018.530962523369, -467.3367950623378, -331.3616856075405, -168.86153138079203]","[-3110.732996097195, -502.7578707448411, -368.8081342953046, -141.68430273001331]","[-3183.5736844408143, -554.7261328831104, -291.3627533744766, -207.87304855307707]","[-3264.3781975472225, -569.3093870071157, -323.2180524256328, -58.33301649602117]","[-3316.5450001594936, -621.8362509306754, -208.66721044908445, -210.10745569423898]"
498,Robot,"[-3360.173836178441, -674.5116995153008, 0, 0]","[-3397.488605893733, -721.7648356967672, -149.25907886116875, -189.0125447258656]","[-3429.238638704627, -764.2405403352925, -127.0001312435761, -169.90281855410103]","[-3456.084558400283, -802.5072486223817, -107.38367878262397, -153.06683314835664]","[-3478.60877949059, -837.0660082476599, -90.09688436122815, -138.23503850111274]","[-3497.32476213768, -868.358463933988, -74.86393058835893, -125.16982274531256]","[-3512.6851723443947, -896.7738954860752, -61.44164082685893, -113.66172620834868]","[-3525.0890768174004, -922.6554216863232, -49.61561789202278, -103.52610480099202]","[-3545.277457462605, -1007.8827349069664, -80.75352258081882, -340.9092528825734]","[-3550.3258049363985, -1107.822747713244, -20.193389895173823, -399.7600512251106]","[-3563.45025171377, -1144.4526948275484, -52.497787109485216, -146.51978845721715]","[-3590.183459954352, -1087.088006912979, -106.93283296232948, 229.45875165827783]","[-3598.8457210649794, -1015.6743773867122, -34.649044442508966, 285.6545181050669]","[-3499.943652198392, -951.8168332045996, 395.60827546634937, 255.43017672845053]","[-3499.943652198392, -951.8168332045996, 0.0, 0.0]","[-3499.943652198392, -951.8168332045996, 0.0, 0.0]"
499,Robot,"[-3499.943652198392, -951.8168332045996, 0, 0]","[-3542.310775655024, -978.3084905026584, -169.46849382652726, -105.96662919223536]","[-3641.971831787796, -1053.611498016591, -398.6442245310882, -301.21203005573034]","[-3729.689173405647, -1119.5209933255137, -350.86936647140465, -263.63798123569086]","[-3852.211952133273, -1094.7587500333009, -490.09111491050317, 99.04897316885126]","[-3974.734730860898, -1069.996506741088, -490.0911149104995, 99.04897316885126]","[-4097.257509588523, -1045.2342634488762, -490.09111491050135, 99.04897316884762]","[-3997.9563811228873, -1010.1923779810692, 397.20451386254354, 140.16754187122797]","[-3878.293875422489, -974.055350855129, 478.6500228015943, 144.54810850376103]","[-3758.6313697220894, -937.9183237291886, 478.6500228015975, 144.54810850376134]","[-3638.968864021692, -901.7812966032484, 478.65002280159024, 144.5481085037609]","[-3519.3063583212934, -865.644269477308, 478.6500228015939, 144.5481085037618]","[-3399.643852620895, -829.5072423513676, 478.6500228015939, 144.54810850376134]","[-3279.9813469204964, -793.3702152254299, 478.6500228015939, 144.54810850375088]","[-3160.318841220098, -757.2331880994924, 478.6500228015939, 144.54810850374997]","[-3041.698379827634, -732.3351657582978, 474.48184556985507, 99.59208936477853]"
500,Robot,"[-2930.7195766933582, -789.8565118385508, 0, 0]","[-2819.7407735590823, -847.3778579188038, 443.9152125371038, -230.08538432101204]","[-2708.7619704248063, -904.8992039990568, 443.9152125371038, -230.08538432101204]","[-2597.7831672905304, -962.4205500793098, 443.9152125371038, -230.08538432101204]","[-2486.8043641562545, -1019.9418961595628, 443.9152125371038, -230.08538432101204]","[-2375.8255610219785, -1077.463242239813, 443.9152125371038, -230.08538432100113]","[-2264.8467578877026, -1134.9845883200633, 443.9152125371038, -230.08538432100067]","[-2153.8679547534266, -1192.5059344003134, 443.9152125371038, -230.08538432100067]","[-2042.8891516191509, -1250.0272804805636, 443.9152125371033, -230.08538432100087]","[-1931.9103484848747, -1307.548626560818, 443.9152125371047, -230.08538432101795]","[-1820.9315453505988, -1365.0699726410724, 443.9152125371038, -230.08538432101705]","[-1709.9527422163228, -1422.5913187213266, 443.9152125371038, -230.08538432101705]","[-1599.1970828467404, -1480.528642430129, 443.02263747832967, -231.74929483520918]","[-1478.8239741647535, -1509.758416251149, 481.4924347279475, -116.91909528407996]","[-1381.6564504887474, -1509.052111242597, 388.67009470402445, 2.825220034207632]","[-1262.1450383371443, -1522.4337794426524, 478.0456486064122, -53.526672800221604]"
501,Robot,"[-1162.3850459638988, -1506.7082106741286, 0, 0]","[-1100.8845650366954, -1398.3863053232287, 246.0019237088136, 433.2876214035996]","[-1047.2003481883387, -1286.0623469939949, 214.73686739342702, 449.2958333169354]","[-1004.6486238308258, -1170.6236790849316, 170.2068974300514, 461.7546716362531]","[-930.8450757020454, -1073.03550286734, 295.2141925151218, 390.3527048703663]","[-884.0119309178561, -1148.962099631504, 187.33257913675698, -303.70638705665624]","[-890.5516706116547, -1273.790909626379, -26.15895877519415, -499.3152399794999]","[-897.0914103054542, -1398.6197196212545, -26.158958775198244, -499.3152399795017]","[-903.6311499992536, -1523.4485296161297, -26.15895877519736, -499.31523997950126]","[-830.7216061630617, -1456.6000027972216, 291.63817534476766, 267.39410727563245]","[-740.6064522363607, -1377.0753559249054, 360.46061570680376, 318.0985874892649]","[-615.9175215436335, -1368.2622655075545, 498.75572277090896, 35.2523616694034]","[-491.22859085090624, -1359.4491750902032, 498.75572277090896, 35.25236166940522]","[-366.539660158179, -1350.636084672852, 498.75572277090896, 35.25236166940522]","[-241.85072946545185, -1341.822994255501, 498.7557227709086, 35.2523616694034]","[-117.16179877272528, -1333.00990383815, 498.7557227709063, 35.25236166940431]"
502,Robot,"[7.546573159722774, -1329.547152335704, 0, 0]","[132.29625772657823, -1337.4538710274296, 498.99873826742186, -31.6268747669028]","[257.04594229343394, -1345.360589719155, 498.9987382674228, -31.626874766901892]","[381.79562686028896, -1353.267308410881, 498.9987382674201, -31.62687476690371]","[506.545311427144, -1361.1740271026051, 498.9987382674201, -31.626874766896435]","[631.2949959940004, -1369.080745794328, 498.99873826742555, -31.626874766891888]","[756.0239836738225, -1376.9919198588923, 498.9159507192885, -31.644696258256772]","[880.7737244306202, -1384.897751953747, 498.9989630271907, -31.623328379419036]","[1005.523465187418, -1392.8035840486018, 498.9989630271916, -31.623328379419064]","[1130.273205944213, -1400.7094161434566, 498.99896302718025, -31.623328379419036]","[1255.022946701008, -1408.6152482383116, 498.99896302718025, -31.623328379419945]","[1378.2240788460922, -1389.0990041897007, 492.8045285803364, 78.06497619444326]","[1501.290549372767, -1367.1982317807883, 492.2658821066989, 87.60308963564967]","[1622.783252728508, -1378.5030318834456, 485.97081342296406, -45.21920041062913]","[1742.4853131827033, -1411.96991264356, 478.80824181678145, -133.86752304045785]","[1862.9368882259653, -1445.3827555276494, 481.80630017304793, -133.65137153635715]"
503,Robot,"[1983.3884632692277, -1478.7955984117386, 0, 0]","[2103.840038312489, -1512.208441295828, 481.8063001730452, -133.65137153635715]","[2224.2916133557515, -1545.6212841799172, 481.80630017304975, -133.65137153635715]","[2340.1311488435217, -1590.7247025610056, 463.35814195108105, -180.41367352435373]","[2442.46115604427, -1629.4781010057989, 409.32002880299297, -155.01359377917288]","[2528.7576704801345, -1695.4287052949787, 345.18605774345815, -263.80241715671946]","[2615.267635132934, -1744.2238427450686, 346.0398586111987, -195.18054980035959]","[2694.750756338628, -1792.0811466210969, 317.9324848227752, -191.42921550411302]","[2753.954006747125, -1863.1614338824145, 236.81300163398757, -284.32114904527066]","[2804.471252696217, -1927.153091450058, 202.06898379636914, -255.96663027057366]","[2853.1490860002154, -1972.3619005541448, 194.71133321599336, -180.83523641634747]","[2920.1938688460896, -1968.2427960491923, 268.1791313834965, 16.4764180198099]","[2990.4933973419065, -1962.149204962903, 281.19811398326783, 24.37436434515712]","[3070.3091970034416, -1947.315734367236, 319.26319864614015, 59.33388238266798]","[3157.6047017710853, -1919.5811484669157, 349.1820190705748, 110.9383436012813]","[3249.058725825943, -1879.998836260297, 365.8160962194306, 158.32924882647512]"
504,Robot,"[3339.2008641411485, -1831.8283791780923, 0, 0]","[3424.9331780295706, -1782.5482306772526, 342.92925555368856, 197.12059400335875]","[3483.9707817092226, -1744.7514525956165, 236.15041471860786, 151.1871123265446]","[3498.860716664942, -1745.2557195101815, 59.55973982287833, -2.0170676582602027]","[3502.347666056788, -1746.346118805636, 13.947797567383532, -4.36159718181807]","[3493.627002797447, -1746.043977397744, -34.882653037364435, 1.20856563156849]","[3485.9418449970885, -1742.9665436343523, -30.740631201433644, 12.309735053566328]","[3479.036851148832, -1745.730646732421, -27.619975393026834, -11.056412392274979]","[3470.092389064076, -1752.3595915208282, -35.777848339022995, -26.515779153628525]","[3459.538958989853, -1760.4417362579836, -42.21372029689155, -32.328578948621725]","[3449.5668911359307, -1771.7160659373767, -39.888271415689815, -45.09731871757231]","[3433.1722798127585, -1788.7651292793655, -65.57844529268914, -68.19625336795525]","[3416.4376184674734, -1777.0006870039865, -66.9386453811403, 47.05776910151599]","[3395.8112754209333, -1760.7039598169874, -82.50537218616046, 65.18690874799631]","[3419.22033917764, -1767.5176989743627, 93.63625502682771, -27.254956629501066]","[3458.2501388086216, -1814.0771610650368, 156.11919852392566, -186.23784836269624]"
505,Robot,"[3462.580025074394, -1872.4156890497732, 0, 0]","[3444.216125030732, -1947.41849917494, -73.45560017464777, -300.01124050066755]","[3408.7513462875568, -2038.8367543362267, -141.85911497270172, -365.6730206451466]","[3375.869604665324, -2104.6908784009133, -131.52696648893107, -263.4164962587465]","[3381.7316797273998, -2178.2446711884, 23.448300248302985, -294.2151711499464]","[3347.660765471416, -2208.4767424572306, -136.2836570239342, -120.92828507532249]","[3299.789368339248, -2155.8341566021363, -191.48558852867245, 210.57034342037696]","[3254.697194694292, -2040.601789898085, -180.36869457982357, 460.9294668162056]","[3209.827110832852, -1923.9327041286856, -179.4803354457601, 466.67634307759766]","[3164.957026971412, -1807.2636183592865, -179.48033544576174, 466.67634307759636]","[3120.086943109978, -1690.594532589887, -179.48033544573445, 466.6763430775982]","[3113.497056369055, -1618.240470226905, -26.359546963692992, 289.4162494519278]","[3155.746243747584, -1614.1461784470996, 168.99674951411544, 16.377167119221667]","[3244.418430366152, -1616.1383235933854, 354.6887464742722, -7.968580585143172]","[3362.286398859863, -1622.8391006713225, 471.47187397484413, -26.803108311748474]","[3487.0378385747704, -1630.718078337017, 499.0057588596301, -31.51591066277797]"
506,Robot,"[3611.789278289678, -1638.5970560027097, 0, 0]","[3736.5407180045854, -1646.476033668401, 499.0057588596301, -31.515910662765236]","[3861.292157719493, -1654.3550113340923, 499.0057588596301, -31.515910662765236]","[3986.043597434401, -1662.233988999784, 499.0057588596319, -31.515910662767055]","[4109.698421713195, -1679.7004523997048, 494.61929711517587, -69.86585359968285]","[4233.006946380586, -1700.1945428735942, 493.23409866956354, -81.9763618955576]","[4356.315471047977, -1720.6886333474836, 493.23409866956354, -81.9763618955576]","[4479.623995715368, -1741.182723821373, 493.2340986695672, -81.9763618955576]","[4587.230750614145, -1754.9027226402825, 430.4270195951071, -54.879995275638116]","[4644.435626317148, -1730.5613828396504, 228.8195028120099, 97.36535920252845]","[4690.757132360624, -1707.6540046705832, 185.2860241739072, 91.62951267626886]","[4692.737820010906, -1665.3976399725125, 7.922750601126609, 169.02545879228273]","[4673.019693266193, -1618.7082963267717, -78.87250697885247, 186.75737458296317]","[4672.229900682856, -1592.6761224499537, -3.1591703333469923, 104.12869550727191]","[4665.784640532511, -1573.788303432298, -25.78104060138139, 75.55127607062241]","[4655.717013716654, -1558.7522486658472, -40.270507263427135, 60.144219065803554]"
507,Robot,"[4640.982539657594, -1560.247628220784, 0, 0]","[4637.98846261548, -1563.658527555738, -11.976308168457763, -13.643597339815642]","[4637.229492362847, -1569.0517196235146, -3.035881010531739, -21.572768271106725]","[4656.714550810756, -1575.0217033154977, 77.94023379163627, -23.879934767932355]","[4677.813123800166, -1578.679590361401, 84.39429195764023, -14.631548183613631]","[4732.165455202898, -1598.9425373297431, 217.40932561092632, -81.05178787336808]","[4761.722632415031, -1610.8424814717498, 118.22870884853182, -47.599776568026755]","[4780.571955175396, -1608.039099876453, 75.39729104146318, 11.213526381186966]","[4793.865535846719, -1594.1766855893493, 53.17432268528869, 55.44965714841515]","[4805.1408313981465, -1580.2632962479477, 45.101182205711666, 55.6535573656065]","[4826.73910776903, -1568.217407530031, 86.39310548353387, 48.183554871666274]","[4867.463543542624, -1592.490726654592, 162.8977430943778, -97.09327649824354]","[4944.805992601408, -1662.8841814231355, 309.36979623513616, -281.573819074174]","[5046.352188724124, -1733.1488985033006, 406.1847844908625, -281.0588683206606]","[5151.735314091163, -1797.8250330842554, 421.5325014681548, -258.7045383238192]","[5265.7958642976855, -1848.9639701731603, 456.242200826091, -204.55574835561947]"
508,Robot,"[5379.856414504208, -1900.1029072620647, 0, 0]","[5493.916964710731, -1951.24184435097, 456.242200826091, -204.5557483556213]","[5607.977514917254, -2002.380781439875, 456.242200826091, -204.55574835561947]","[5722.0380651237765, -2053.51971852878, 456.242200826091, -204.55574835561947]","[5832.342003856549, -2107.9937811545265, 441.2157549310905, -217.89625050298673]","[5907.518208405356, -2183.2226721607794, 300.70481819522684, -300.9155640250119]","[5966.28726606736, -2261.5598076610927, 235.07623064801737, -313.348542001253]","[6019.624425144733, -2329.8829056192885, 213.34863630949258, -273.2923918327833]","[6055.213070373009, -2394.663531836882, 142.35458091310295, -259.12250487037477]","[6075.888395647707, -2451.885486536334, 82.70130109879028, -228.887818797808]","[6091.711775952038, -2493.631648909816, 63.29352121732518, -166.98464949392655]","[6105.042012996596, -2520.5436629068336, 53.320948178232356, -107.64805598807106]","[6123.886877975115, -2545.1960330603874, 75.37945991407469, -98.6094806142155]","[6129.5033725764215, -2553.9264572444617, 22.46597840522736, -34.921696736297235]","[6139.539560704036, -2554.230941543495, 40.14475251045951, -1.2179371961337893]","[6128.033082261147, -2566.2453696917287, -46.02591377155841, -48.05771259293397]"
509,Robot,"[6058.158434259777, -2648.8958648472617, 0, 0]","[6051.229840556646, -2773.65928862854, -27.7143748125236, -499.0536951251124]","[6103.080545689967, -2756.5302398466547, 207.40282053328337, 68.51619512754041]","[6183.164720908316, -2660.5535505955804, 320.3367008733949, 383.9067570042971]","[6263.2488961266645, -2564.576861344506, 320.3367008733949, 383.9067570042971]","[6223.895218398867, -2472.93818445301, -157.41471091119092, 366.55470756598515]","[6136.541670718976, -2383.527012289021, -349.4141907195626, 357.6446886559552]","[6049.188123039085, -2294.1158401250323, -349.4141907195626, 357.6446886559552]","[5961.834575359195, -2204.7046679610435, -349.4141907195629, 357.6446886559555]","[5874.481027679304, -2115.2934957970547, -349.4141907195626, 357.6446886559552]","[5787.1274799994135, -2025.8823236330677, -349.4141907195626, 357.6446886559479]","[5699.773932319523, -1936.4711514690844, -349.4141907195626, 357.64468865593335]","[5612.420384639632, -1847.0599793051013, -349.4141907195626, 357.64468865593244]","[5525.0668369597415, -1757.648807141118, -349.4141907195626, 357.64468865593335]","[5437.713289279851, -1668.237634977135, -349.4141907195626, 357.64468865593153]","[5350.35974159996, -1578.826462813152, -349.4141907195626, 357.64468865593244]"
510,Robot,"[5263.00619392007, -1489.4152906491688, 0, 0]","[5175.652646240179, -1400.0041184851857, -349.4141907195626, 357.64468865593244]","[5088.299098560288, -1310.5929463212026, -349.4141907195626, 357.64468865593244]","[5000.945550880398, -1221.1817741572197, -349.4141907195626, 357.64468865593153]","[4913.592003200507, -1131.7706019932364, -349.4141907195626, 357.64468865593335]","[4826.238455520616, -1042.3594298292533, -349.4141907195626, 357.64468865593244]","[4738.884907840726, -952.948257665268, -349.4141907195626, 357.6446886559411]","[4651.531360160835, -863.5370855012819, -349.4141907195626, 357.64468865594426]","[4564.177812480944, -774.125913337296, -349.4141907195629, 357.64468865594415]","[4476.824264801054, -684.71474117331, -349.4141907195626, 357.6446886559438]","[4389.470717121163, -595.3035690093241, -349.4141907195626, 357.6446886559438]","[4302.117169441272, -505.8923968453381, -349.4141907195626, 357.6446886559438]","[4214.763621761382, -416.48122468135216, -349.4141907195626, 357.6446886559438]","[4127.410074081491, -327.0700525173662, -349.4141907195626, 357.6446886559438]","[4040.0565264016, -237.65888035338023, -349.41419071956443, 357.6446886559439]","[3952.7029787217098, -148.2477081893943, -349.4141907195608, 357.6446886559437]"
511,Robot,"[3865.349431041819, -58.83653602540815, 0, 0]","[3777.995883361929, 30.574636138578224, -349.4141907195608, 357.6446886559455]","[3690.64233568204, 119.98580830256483, -349.41419071955534, 357.6446886559464]","[3603.288788002155, 209.3969804665515, -349.4141907195408, 357.64468865594665]","[3515.93524032227, 298.8081526305382, -349.41419071953896, 357.64468865594677]","[3428.581692642385, 388.2193247945248, -349.4141907195408, 357.64468865594654]","[3341.2281449625, 477.63049695851146, -349.41419071953896, 357.64468865594654]","[3253.8745972826155, 567.0416691224978, -349.41419071953896, 357.6446886559452]","[3166.521049602731, 656.4528412864837, -349.41419071953743, 357.64468865594415]","[3079.167501922847, 745.8640134504697, -349.41419071953715, 357.6446886559438]","[2989.401661196472, 832.7893744139157, -359.06336290549916, 347.701443853784]","[2897.409088427184, 917.4201404230172, -367.97029107715207, 338.52306403640614]","[2805.416515657895, 1002.0509064321184, -367.9702910771557, 338.5230640364048]","[2713.4239428886067, 1086.681672441218, -367.9702910771539, 338.52306403639886]","[2621.431370119318, 1171.3124384503164, -367.9702910771539, 338.5230640363934]","[2529.4387973500297, 1255.943204459415, -367.9702910771539, 338.5230640363943]"
512,Robot,"[2437.4462245807413, 1340.5739704685136, 0, 0]","[2345.453651811453, 1425.2047364776122, -367.9702910771539, 338.5230640363943]","[2253.4610790421643, 1509.8355024867108, -367.9702910771539, 338.5230640363943]","[2161.468506272876, 1594.4662684958091, -367.9702910771539, 338.5230640363934]","[2069.4759335035874, 1679.097034504908, -367.9702910771539, 338.5230640363952]","[1977.5825656188003, 1762.6469637375812, -367.57347153914816, 334.1997169306933]","[1913.955339811651, 1842.4828759105037, -254.50890322859777, 319.34364869168985]","[1854.184502174897, 1943.4786558866936, -239.08335054701547, 403.9831199047594]","[1768.2166328344583, 2030.3337991938283, -343.8714773617551, 347.42057322853935]","[1745.1489136057082, 2148.629154769609, -92.27087691500037, 473.1814223031233]","[1717.7615662624596, 2262.137645356904, -109.54938937299448, 454.03396234918]","[1619.7420354295105, 2334.452616756957, -392.07812333179663, 289.2598856002114]","[1542.534245077692, 2396.903963614908, -308.8311614072736, 249.80538743180477]","[1483.9719422342291, 2472.261737235309, -234.24921137385172, 301.4310944816025]","[1400.0108600835956, 2505.1850786887567, -335.844328602534, 131.6933658137914]","[1300.6441621855652, 2580.3317966692807, -397.4667915921218, 300.5868719220962]"
513,Robot,"[1201.1028723792515, 2655.9395451061723, 0, 0]","[1103.447951165247, 2727.8503034871624, -390.61968485601756, 287.6430335239602]","[1040.4015540361252, 2782.2966392423127, -252.18558851648777, 217.78534302060143]","[974.6424702202888, 2810.5807268256563, -263.03633526334534, 113.13635033337414]","[909.1362858764224, 2777.669838834565, -262.0247373754655, -131.64355196436554]","[885.2809396530976, 2671.644144634517, -95.42138489329955, -424.10277680019135]","[827.5348059545188, 2673.0520488217617, -230.9845347943151, 5.6316167489785585]","[773.0464360892205, 2675.170397923773, -217.95347946119318, 8.473396408046028]","[724.9740697148403, 2669.519736234391, -192.2894654975209, -22.60264675752844]","[704.9574300203001, 2687.046236491462, -80.06655877816092, 70.10600102828357]","[693.8705194393013, 2712.7732710263163, -44.34764232399493, 102.90813813941713]","[723.3504884608062, 2709.448153613858, 117.91987608601949, -13.300469649833758]","[758.153260108739, 2694.468830255594, 139.21108659173115, -59.91729343305451]","[743.2956793499495, 2695.4133378388838, -59.430323035157926, 3.7780303331583127]","[734.1196596964363, 2693.856905525898, -36.70407861405283, -6.225729251942539]","[726.3629686298938, 2648.145413661329, -31.026764266170176, -182.8459674582773]"
514,Robot,"[703.4562004963352, 2647.7344861329534, 0, 0]","[698.662353498321, 2584.2937647611925, -19.17538799205704, -253.7628854870436]","[691.2962373467625, 2527.427454285549, -29.464464606233832, -227.46524190257333]","[682.326835052415, 2544.2737398056247, -35.877609177389786, 67.3851420803021]","[673.1949536185325, 2547.7672408325066, -36.52752573553016, 13.974004107527435]","[661.8044251841854, 2555.8643733519275, -45.562113737388245, 32.388530077683754]","[640.9051893422472, 2557.8055256568405, -83.59694336775283, 7.764609219651902]","[621.4798433387984, 2542.205857553833, -77.70138401379518, -62.398672412029555]","[599.4437467348347, 2528.4628697342587, -88.14438641585511, -54.97195127829769]","[595.6029094619286, 2471.3006857816454, -15.363349091624514, -228.64873581045322]","[611.4059490102219, 2448.2667077195565, 63.21215819317331, -92.13591224835545]","[624.3661426123443, 2405.445359359647, 51.84077440848978, -171.28539343963894]","[643.3230376880766, 2318.179844349037, 75.82758030292916, -349.06206004243904]","[677.6824937911881, 2198.357202742506, 137.43782441244593, -479.2905664261234]","[753.3403060075254, 2102.372133180247, 302.63124886534933, -383.94027824903606]","[828.8574321015286, 2003.5682192398424, 302.0685043760127, -395.215655761619]"
515,Robot,"[843.8006741655582, 1983.54819960886, 0, 0]","[843.8006741655582, 1983.54819960886, 0.0, 0.0]","[841.4351637761736, 1993.2642654946217, -9.462041557538669, 38.864263543046945]","[837.521381065682, 2116.7285305379305, -15.655130841966184, 493.85706017323537]","[831.0824458735382, 2236.389069692675, -25.75574076857538, 478.64215661897833]","[767.9014335509592, 2344.246195937976, -252.7240492903161, 431.42850498120424]","[704.7204212283801, 2452.103322183277, -252.7240492903161, 431.42850498120424]","[641.5394089058011, 2559.9604484285783, -252.7240492903161, 431.42850498120424]","[578.3583965832221, 2667.81757467388, -252.72404929031632, 431.42850498120646]","[515.1773842606431, 2775.6747009191804, -252.7240492903161, 431.4285049812024]","[451.996371938064, 2883.531827164481, -252.72404929031632, 431.4285049812024]","[388.815359615485, 2991.3889534097825, -252.72404929031586, 431.42850498120606]","[325.63434729290486, 3099.246079655084, -252.72404929032064, 431.42850498120606]","[262.4533349703244, 3207.1032059003846, -252.72404929032177, 431.4285049812024]","[230.6309419549549, 3157.4133516168235, -127.28957206147811, -198.75941713424436]","[213.5655462606259, 3033.5837417902685, -68.261582777316, -495.31843930622017]"
516,Robot,"[196.5001505662968, 2909.754131963713, 0, 0]","[179.43475487196775, 2785.9245221371584, -68.26158277731622, -495.31843930621835]","[162.3693591776387, 2662.0949123106034, -68.26158277731622, -495.31843930622017]","[145.30396348330964, 2538.2653024840483, -68.26158277731622, -495.31843930622017]","[128.23856778898036, 2414.4356926574933, -68.26158277731713, -495.31843930622017]","[111.17317209465097, 2290.6060828309382, -68.26158277731759, -495.31843930622017]","[94.10777640032154, 2166.776473004383, -68.2615827773177, -495.31843930622017]","[77.04238070599185, 2042.9468631778288, -68.26158277731878, -495.31843930621744]","[59.97698501166222, 1919.1172533512795, -68.26158277731855, -495.3184393061979]","[40.27003067369446, 1795.7209262314389, -78.82781735187106, -493.58530847936254]","[-22.87823669910766, 1702.2282165828524, -252.59306949120847, -373.9708385943459]","[-129.4199519495095, 1636.8534285411154, -426.1668610016074, -261.4991521669481]","[-235.96166719991132, 1571.4786404993783, -426.16686100160723, -261.4991521669481]","[-342.50338245031287, 1506.103852457641, -426.1668610016062, -261.499152166949]","[-449.045097700714, 1440.7290644159043, -426.1668610016045, -261.49915216694717]","[-555.5868129511151, 1375.3542763741673, -426.1668610016045, -261.4991521669481]"
517,Robot,"[-662.1285282015162, 1309.9794883324305, 0, 0]","[-768.6702434519174, 1244.6047002906932, -426.1668610016045, -261.499152166949]","[-875.2119587023185, 1179.2299122489562, -426.1668610016045, -261.4991521669481]","[-981.7536739527196, 1113.8551242072192, -426.1668610016045, -261.4991521669481]","[-1088.2953892031226, 1048.4803361654822, -426.1668610016118, -261.4991521669481]","[-1194.8371044535263, 983.1055481237432, -426.16686100161496, -261.4991521669558]","[-1301.3788197039305, 917.7307600820036, -426.1668610016168, -261.49915216695854]","[-1407.9205349543345, 852.3559720402636, -426.16686100161587, -261.4991521669599]","[-1514.4622502047384, 786.9811839985238, -426.16686100161627, -261.4991521669597]","[-1621.0039654551424, 721.6063959567839, -426.16686100161587, -261.49915216695945]","[-1727.5456807055464, 656.231607915044, -426.16686100161587, -261.49915216695945]","[-1834.0873959559503, 590.8568198733042, -426.16686100161587, -261.49915216695945]","[-1940.6291112063543, 525.4820318315643, -426.16686100161587, -261.49915216695945]","[-2047.1708264567585, 460.10724378982445, -426.1668610016168, -261.49915216695945]","[-2153.712541707157, 394.7324557480846, -426.16686100159404, -261.49915216695945]","[-2260.254256957555, 329.3576677063447, -426.1668610015913, -261.49915216695945]"
518,Robot,"[-2366.795972207953, 263.98287966460487, 0, 0]","[-2473.3376874583514, 198.60809162286563, -426.16686100159313, -261.49915216695695]","[-2579.8794027087497, 133.23330358112648, -426.16686100159313, -261.4991521669566]","[-2686.421117959148, 67.85851553938733, -426.16686100159313, -261.4991521669566]","[-2792.9628332095463, 2.4837274976483563, -426.16686100159313, -261.49915216695587]","[-2899.5045484599445, -62.891060544090486, -426.16686100159313, -261.49915216695535]","[-2937.6427749385275, -175.3205463709712, -152.55290591433186, -449.7179433075228]","[-2948.4085972192597, -299.61029972997784, -43.063289122928836, -497.1590134360266]","[-2947.575236342506, -424.44043465125145, 3.333443507015548, -499.3205396850949]","[-2922.627583698014, -546.2760727453535, 99.79061057796753, -487.3425523764083]","[-2883.318213549253, -553.9260904805545, 157.23748059504396, -30.600070940804017]","[-2808.4728019959894, -522.3127641872629, 299.3816462130544, 126.45330517316643]","[-2743.7250827920234, -516.6605336850913, 258.9908768158639, 22.608922008686477]","[-2743.7250827920234, -516.6605336850913, 0.0, 0.0]","[-2822.532718010773, -530.4163773142895, -315.23054087499804, -55.023374516792956]","[-2939.805225809861, -570.5596373496139, -469.09003119635236, -160.5730401412975]"
519,Robot,"[-3033.1239405675237, -653.6158683549384, 0, 0]","[-3120.2759599869487, -743.152843463462, -348.60807767769984, -358.1479004340945]","[-3181.5255719191864, -847.3950338003759, -244.99844772895085, -416.9687613476558]","[-3251.800445994032, -924.5231708539144, -281.09949629938274, -308.51254821415387]","[-3361.5017736587843, -948.4266302863424, -438.8053106590087, -95.61383772971203]","[-3486.368592549587, -954.1952991181548, -499.46727556321093, -23.07467532724968]","[-3579.825991311727, -984.3404161557644, -373.8295950485608, -120.58046815043826]","[-3613.595613266194, -1053.5114036829912, -135.07848781786743, -276.6839501089071]","[-3642.027805078398, -1115.9640642043296, -113.72876724881654, -249.81064208535395]","[-3670.9623483156383, -1170.5535563695985, -115.73817294896071, -218.35796866107557]","[-3734.15499827026, -1211.6919886158887, -252.77059981848652, -164.5537289851609]","[-3839.0067260205446, -1205.103333757017, -419.4069110011387, 26.35461943548671]","[-3956.77247528888, -1163.1959561336653, -471.06299707334074, 167.629510493407]","[-4074.538224557215, -1121.2885785103135, -471.06299707334074, 167.629510493407]","[-4095.138210200472, -1078.9880616160658, -82.39994257302715, 169.20206757699088]","[-3980.61314176928, -1028.8980556185506, 458.10027372476725, 200.36002399006065]"
520,Robot,"[-3866.0880733380886, -978.8080496210328, 0, 0]","[-3753.739504492423, -930.2974244531918, 449.3942753826632, 194.042500671364]","[-3653.241306861516, -914.6437212070664, 401.99279052362726, 62.61481298450144]","[-3563.153556262207, -865.7983409447007, 360.3510023972358, 195.38152104946266]","[-3502.876256942911, -834.5595491310671, 241.10919727718465, 124.95516725453444]","[-3451.623747839796, -787.5268607820188, 205.01003641245916, 188.1307533961931]","[-3340.4767155600366, -788.1292937562895, 444.58812911903806, -2.4097318970825654]","[-3236.260438121604, -828.2236971517103, 416.8651097537313, -160.37761358168336]","[-3152.6004098181043, -920.8107498163934, 334.6401132139984, -370.34821065873246]","[-3089.110908107208, -1028.3859819164716, 253.95800684358437, -430.30092840031284]","[-3026.732157045759, -1093.918791453246, 249.51500424579717, -262.131238147098]","[-2968.1810731054893, -1120.6937954312573, 234.20433576107826, -107.10001591204491]","[-2925.2442009136826, -1178.1880875892496, 171.74748876722697, -229.9771686319691]","[-2856.661764036725, -1234.8176165910602, 274.3297475078307, -226.5181160072425]","[-2788.455309686854, -1154.2362672571408, 272.82581739948364, 322.32539733567774]","[-2745.187518302951, -1036.9635158237422, 173.07116553561173, 469.0910057335941]"
521,Robot,"[-2701.919726919048, -919.6907643903464, 0, 0]","[-2658.651935535145, -802.4180129569506, 173.07116553561173, 469.0910057335832]","[-2615.3841441512423, -685.1452615235526, 173.07116553561173, 469.0910057335923]","[-2513.210480822513, -626.2789907043641, 408.69465331491665, 235.46508327675383]","[-2396.3103495075784, -582.0143400387282, 467.6005252597388, 177.05860266254376]","[-2279.4102181926432, -537.7496893730922, 467.6005252597406, 177.05860266254376]","[-2162.510086877708, -493.48503870745566, 467.6005252597406, 177.05860266254626]","[-2045.609955562773, -449.2203880418183, 467.6005252597406, 177.05860266254945]","[-1928.7098242478376, -404.9557373761809, 467.6005252597419, 177.05860266254984]","[-1811.8096929329024, -360.6910867105436, 467.6005252597406, 177.05860266254922]","[-1694.9095616179677, -316.4264360449062, 467.6005252597388, 177.05860266254945]","[-1578.0094303030323, -272.16178537926885, 467.6005252597415, 177.05860266254945]","[-1461.1092989880972, -227.89713471363197, 467.6005252597406, 177.05860266254751]","[-1344.209167673162, -183.6324840479953, 467.6005252597406, 177.05860266254672]","[-1227.3090363582269, -139.36783338235864, 467.6005252597406, 177.0586026625466]","[-1110.4089050432915, -95.103182716722, 467.6005252597415, 177.05860266254655]"
522,Robot,"[-993.5087737283566, -50.83853205108534, 0, 0]","[-876.6086424134214, -6.573881385448648, 467.6005252597406, 177.05860266254675]","[-759.7085110984863, 37.69076928018804, 467.6005252597406, 177.05860266254678]","[-642.8083797835511, 81.95541994582469, 467.6005252597406, 177.05860266254658]","[-525.908248468616, 126.22007061146134, 467.6005252597406, 177.0586026625466]","[-409.0081171536808, 170.484721277098, 467.6005252597406, 177.05860266254666]","[-292.10798583874566, 214.74937194273463, 467.6005252597406, 177.0586026625465]","[-175.2078545238105, 259.01402260837136, 467.6005252597406, 177.05860266254695]","[-58.307723208875146, 303.2786732740087, 467.60052525974186, 177.05860266254962]","[58.57411337554539, 347.59090531248654, 467.52734633768216, 177.24892815391127]","[142.73064694078897, 412.5076214555368, 336.62613426097437, 259.6668645722011]","[232.68955696050372, 423.3532829222258, 359.835640078859, 43.382645866755865]","[303.9797594871079, 396.5563493419448, 285.16081010641676, -107.18773432112403]","[340.7643995792797, 321.3266644773675, 147.1385603686872, -300.9187394583091]","[384.2269393315031, 263.2802760084203, 173.85015900889357, -232.18555387578886]","[460.2720165438579, 259.9672466177532, 304.18030884941913, -13.252117562668445]"
523,Robot,"[540.0795449829245, 265.1996420161529, 0, 0]","[575.4740009810158, 207.22451746918065, 141.5778239923652, -231.90049818788896]","[606.8618531830344, 144.74183928034392, 125.55140880807448, -249.93071275534692]","[713.9879018250815, 206.67055122781676, 428.50419456818827, 247.71484778989134]","[821.6292408529318, 270.21850266837504, 430.56535611140134, 254.19180576223312]","[929.2705798807822, 333.7664541089339, 430.56535611140134, 254.1918057622354]","[1036.9119189086323, 397.31440554949273, 430.56535611140043, 254.1918057622354]","[1144.5532579364829, 460.86235699005135, 430.56535611140225, 254.19180576223448]","[1252.1945969643332, 524.4103084306097, 430.56535611140174, 254.19180576223357]","[1359.8359359921835, 587.9582598711671, 430.56535611140134, 254.1918057622297]","[1467.477275020034, 651.5062113117245, 430.56535611140225, 254.1918057622297]","[1575.1186140478842, 715.054162752282, 430.56535611140043, 254.1918057622297]","[1682.7599530757343, 778.6021141928394, 430.56535611140043, 254.1918057622297]","[1790.4012921035849, 842.1500656333968, 430.56535611140225, 254.1918057622297]","[1898.0426311314352, 905.6980170739552, 430.56535611140134, 254.19180576223334]","[2005.6839701592853, 969.2459685145147, 430.56535611140043, 254.19180576223835]"
524,Robot,"[2113.325309187136, 1032.7939199550738, 0, 0]","[2220.966648214986, 1096.3418713956312, 430.5653561113995, 254.1918057622297]","[2334.0425648259243, 1142.6530373402056, 452.3036664437532, 185.24466377829776]","[2458.6669588009245, 1152.3360341058162, 498.4975759000008, 38.731987062442386]","[2583.2913527759247, 1162.0190308714268, 498.4975759000008, 38.731987062442386]","[2707.915746750925, 1171.7020276370374, 498.4975759000008, 38.731987062442386]","[2832.540140725925, 1181.385024402648, 498.4975759000008, 38.731987062442386]","[2957.1645347009253, 1191.0680211682586, 498.4975759000008, 38.731987062442386]","[3081.788928675925, 1200.7510179338692, 498.49757589999945, 38.73198706244242]","[3206.4133226509257, 1210.4340146994798, 498.49757590000263, 38.731987062442386]","[3331.037716625926, 1220.1170114650904, 498.4975759000008, 38.731987062442386]","[3455.662110600926, 1229.800008230701, 498.4975759000008, 38.731987062442386]","[3580.2865045759263, 1239.4830049963116, 498.4975759000008, 38.731987062442386]","[3704.9108985509274, 1249.1660017619222, 498.49757590000445, 38.731987062442386]","[3829.535292525927, 1258.8489985275328, 498.497575899999, 38.731987062442386]","[3954.159686500927, 1268.5319952931434, 498.497575899999, 38.731987062442386]"
525,Robot,"[4078.784080475927, 1278.214992058754, 0, 0]","[4203.408474450927, 1287.8979888243646, 498.4975759000008, 38.731987062442386]","[4328.032868425928, 1297.5809855899752, 498.49757590000445, 38.731987062442386]","[4452.657262400928, 1307.2639823555858, 498.4975758999972, 38.731987062442386]","[4577.281656375928, 1316.9469791211968, 498.4975759000008, 38.731987062444205]","[4701.906050350928, 1326.62997588681, 498.4975759000008, 38.73198706245239]","[4826.530444325928, 1336.312972652423, 498.4975759000008, 38.73198706245239]","[4951.1548383009285, 1345.995969418036, 498.4975759000008, 38.73198706245239]","[5075.779232275929, 1355.6789661836492, 498.49757590000127, 38.731987062452426]","[5200.403626250929, 1365.3619629492623, 498.4975759000008, 38.73198706245239]","[5325.028020225929, 1375.0449597148752, 498.4975759000008, 38.73198706245148]","[5449.652414200929, 1384.7279564804885, 498.4975759000008, 38.7319870624533]","[5574.27680817593, 1394.4109532461014, 498.4975759000008, 38.73198706245148]","[5698.942429691644, 1403.460240169269, 498.6624860628581, 36.197147692670114]","[5823.415993426129, 1414.734875667522, 497.89425493793897, 45.09854199301208]","[5924.833388052395, 1424.388558569559, 405.66957850506515, 38.61473160814876]"
526,Robot,"[5977.271842097197, 1414.2913917499116, 0, 0]","[6036.983349421833, 1312.7957979759228, 238.84602929854373, -405.9823750959549]","[6050.45859342701, 1225.919236282623, 53.900976020708185, -347.50624677319956]","[6065.802912896799, 1145.6815389391577, 61.37727787915719, -320.95078937386097]","[6101.075530911137, 1045.7514712992909, 141.0904720573526, -399.7202705594673]","[6185.112946358066, 956.6406982350024, 336.14966178771647, -356.4430922571537]","[6282.004518518302, 878.2907064987035, 387.5662886409409, -313.39996694519596]","[6265.291157398682, 803.3368133593814, -66.8534444784782, -299.8155725572883]","[6188.371130734223, 745.2724082161762, -307.6801066578376, -232.25762057282074]","[6116.988786487453, 696.7326069790685, -285.52937698708047, -194.15920494843112]","[6051.722267378827, 668.9779552830036, -261.06607643450116, -111.01860678425965]","[5991.344072897026, 652.5949597334086, -241.5127779272043, -65.53198219837986]","[5930.933579605502, 653.6917551528302, -241.64197316609716, 4.387181677686385]","[5844.199057066383, 683.1691761932373, -346.9380901564764, 117.90968416162832]","[5730.762000039435, 725.2434158885281, -453.74822810779006, 168.29695878116354]","[5617.187236767629, 765.9110682258154, -454.29905308722664, 162.6706093491489]"
527,Robot,"[5504.022989110383, 806.5682954593826, 0, 0]","[5392.771027863699, 851.0597565502836, -445.007844986736, 177.965844363604]","[5277.178242801873, 893.8575366529699, -462.3711402473018, 171.19112041074504]","[5163.014343923327, 932.5799209244224, -456.6555955141848, 154.88953708580993]","[5049.978205117976, 968.722305698274, -452.1445552214027, 144.56953909540653]","[4941.4746278586745, 986.538509306178, -434.01430903720757, 71.26481443161583]","[4816.576815397045, 987.541847591638, -499.5912498465186, 4.013353141840071]","[4691.756559855837, 981.6000886251936, -499.2810221648324, -23.767035865777416]","[4622.032685146121, 975.7216868480637, -278.8954988388616, -23.513607108519885]","[4622.032685146121, 975.7216868480637, 0.0, 0.0]","[4622.032685146121, 975.7216868480637, 0.0, 0.0]","[4622.032685146121, 975.7216868480637, 0.0, 0.0]","[4717.637690881883, 912.1382910322812, 382.4200229430462, -254.33358326312964]","[4730.8405763709015, 881.6645298381452, 52.81154195607451, -121.89504477654418]","[4605.990145689584, 887.7776271453207, -499.4017227252698, 24.45238922870203]","[4481.139715008267, 893.8907244524962, -499.4017227252698, 24.45238922870203]"
528,Robot,"[4356.289284326949, 900.0038217596717, 0, 0]","[4231.438853645632, 906.1169190668472, -499.4017227252698, 24.45238922870203]","[4106.588422964314, 912.2300163740229, -499.4017227252698, 24.452389228702486]","[3981.7379922829855, 918.3431136811982, -499.40172272531527, 24.452389228701577]","[3856.8875616016576, 924.4562109883738, -499.40172272531163, 24.45238922870203]","[3732.0371309203288, 930.5693082955491, -499.40172272531527, 24.452389228701577]","[3607.186700239, 936.6824056027248, -499.40172272531527, 24.452389228702486]","[3482.336269557671, 942.7955029099004, -499.40172272531527, 24.452389228702486]","[3357.4858388763423, 948.9086002170758, -499.4017227253157, 24.4523892287016]","[3232.635408195013, 955.0216975242512, -499.4017227253171, 24.452389228701577]","[3108.536577839521, 947.6055705619218, -496.3953214219673, -29.664507849317488]","[2985.1315324001857, 927.70092888928, -493.6201817573419, -79.61856669056715]","[2861.7264869608503, 907.7962872166382, -493.6201817573419, -79.61856669056715]","[2738.3214415215148, 887.8916455439964, -493.6201817573419, -79.61856669056715]","[2614.9163960821797, 867.9870038713547, -493.6201817573401, -79.61856669056715]","[2491.511350642844, 848.0823621987129, -493.62018175734374, -79.61856669056715]"
529,Robot,"[2368.1063052035083, 828.1777205260711, 0, 0]","[2244.711903196472, 808.207722761824, -493.5776080281448, -79.87999105698827]","[2121.1369679389795, 789.4927463982001, -494.2997410299704, -74.85990545449567]","[1997.223293550127, 774.1342915175863, -495.65469755541017, -61.433819522454996]","[1872.7458867183077, 780.6320093491314, -497.9096273272771, 25.99087132618024]","[1751.868815979631, 812.4598238560752, -483.5082829547064, 127.31125802777524]","[1630.9466556040811, 844.0010654045716, -483.68864150219997, 126.16496619398549]","[1506.3468472751324, 852.3942200994057, -498.39923331579485, 33.57261877933661]","[1382.0915024890537, 865.6144114253954, -497.02137914431523, 52.88076530395852]","[1279.7000166087137, 916.2925049852996, -409.56594352136017, 202.71237423961702]","[1268.0412492258974, 1040.4632185701932, -46.63506953126489, 496.68285433957453]","[1159.0567561257749, 1034.839738204601, -435.93797240049025, -22.493921462369144]","[1038.3334626823817, 1002.4223598377348, -482.8931737735729, -129.66951346746464]","[917.6101692389884, 970.004981470868, -482.8931737735729, -129.66951346746737]","[796.8868757955952, 937.587603104001, -482.8931737735729, -129.66951346746782]","[676.163582352202, 905.170224737134, -482.8931737735729, -129.66951346746782]"
530,Robot,"[555.4402889088087, 872.7528463702671, 0, 0]","[434.7169954654155, 840.3354680034001, -482.8931737735729, -129.66951346746782]","[313.99370202202226, 807.9180896365332, -482.8931737735729, -129.66951346746782]","[193.2704085786294, 775.5007112696662, -482.89317377357145, -129.66951346746782]","[72.54711513523688, 743.0833329027993, -482.8931737735701, -129.66951346746782]","[-48.17617830815568, 710.6659545359323, -482.8931737735702, -129.66951346746782]","[-168.89947175154822, 678.2485761690658, -482.8931737735702, -129.669513467466]","[-289.62276519494094, 645.8311978022002, -482.8931737735709, -129.66951346746237]","[-410.34605863833417, 613.4138194353345, -482.8931737735734, -129.66951346746293]","[-531.0693520817274, 580.9964410684688, -482.8931737735729, -129.66951346746282]","[-651.7926455251206, 548.5790627016032, -482.8931737735729, -129.66951346746237]","[-772.5159389685139, 516.1616843347374, -482.8931737735729, -129.66951346746328]","[-893.2392324119071, 483.7443059678719, -482.8931737735729, -129.6695134674619]","[-1013.9625258553004, 451.3269276010064, -482.8931737735734, -129.66951346746214]","[-1134.6858192986936, 418.90954923414085, -482.89317377357247, -129.66951346746214]","[-1255.4091127420868, 386.4921708672753, -482.8931737735729, -129.66951346746214]"
531,Robot,"[-1376.13240618548, 354.0747925004098, 0, 0]","[-1496.8556996288733, 321.65741413354425, -482.8931737735729, -129.66951346746214]","[-1617.5789930722665, 289.2400357666787, -482.8931737735729, -129.66951346746214]","[-1738.3174852325992, 256.88208960277404, -482.9539686413309, -129.43178465561869]","[-1859.0385151056776, 224.45628280659545, -482.8841194923134, -129.70322718471436]","[-1979.7595449787564, 192.0304760104169, -482.8841194923152, -129.70322718471425]","[-2100.480574851837, 159.60466921423847, -482.8841194923225, -129.70322718471368]","[-2221.2016047249217, 127.17886241805988, -482.88411949233887, -129.70322718471436]","[-2341.802916253445, 94.31613578539616, -482.4052461140932, -131.450906530655]","[-2462.191395169415, 60.6766627767593, -481.5539156638806, -134.55789203454742]","[-2582.579874085385, 27.037189768122445, -481.5539156638806, -134.55789203454742]","[-2702.968353001356, -6.602283240514348, -481.55391566388244, -134.55789203454717]","[-2823.356831917325, -40.2417562491511, -481.553915663877, -134.55789203454702]","[-2943.745310833296, -73.88122925778784, -481.55391566388425, -134.55789203454694]","[-3064.133789749266, -107.52070226642452, -481.5539156638788, -134.55789203454674]","[-3184.522268665236, -141.16017527506114, -481.5539156638806, -134.55789203454646]"
532,Robot,"[-3221.5168533068995, -145.74861078105295, 0, 0]","[-3106.476182151038, -96.8543986490552, 460.1626846234467, 195.576848527991]","[-2991.435510995176, -47.96018651705761, 460.1626846234467, 195.57684852799036]","[-2876.3948398393145, 0.934025614940054, 460.1626846234467, 195.57684852799065]","[-2761.354168683453, 49.82823774693771, 460.1626846234467, 195.57684852799062]","[-2646.313497527591, 98.72244987893532, 460.1626846234467, 195.57684852799045]","[-2531.272826371729, 147.61666201093308, 460.1626846234485, 195.57684852799105]","[-2416.232155215868, 196.51087414293104, 460.1626846234449, 195.57684852799184]","[-2301.191484060006, 245.40508627492875, 460.1626846234471, 195.576848527991]","[-2186.1508129041445, 294.2992984069266, 460.1626846234467, 195.5768485279914]","[-2071.110141748283, 343.19351053892456, 460.1626846234467, 195.57684852799184]","[-1956.069470592421, 392.0877226709225, 460.1626846234467, 195.57684852799184]","[-1841.0287994365597, 440.9819348029205, 460.1626846234458, 195.57684852799184]","[-1725.9881282806978, 489.8761469349184, 460.1626846234476, 195.57684852799161]","[-1610.947457124836, 538.7703590669164, 460.1626846234467, 195.57684852799207]","[-1495.9067859689744, 587.6645711989144, 460.1626846234467, 195.57684852799184]"
533,Robot,"[-1380.8661148131127, 636.5587833309123, 0, 0]","[-1265.825443657251, 685.4529954629103, 460.1626846234467, 195.57684852799184]","[-1150.7847725013894, 734.3472075949082, 460.1626846234467, 195.57684852799184]","[-1035.7441013455275, 783.2414197269059, 460.1626846234476, 195.57684852799048]","[-920.703430189666, 832.135631858902, 460.1626846234458, 195.57684852798457]","[-805.6627590338044, 881.0298439908981, 460.1626846234467, 195.57684852798457]","[-683.68418745497, 901.1895926472774, 487.91428631533745, 80.63899462551717]","[-559.007543489424, 910.1748277298057, 498.70657586218385, 35.94094033011288]","[-434.3308995238772, 919.160062812334, 498.70657586218795, 35.940940330113364]","[-309.6542555583298, 928.145297894862, 498.70657586218954, 35.94094033011197]","[-184.97761159278284, 937.1305329773904, 498.70657586218783, 35.94094033011379]","[-60.30096762723616, 946.1157680599184, 498.7065758621867, 35.94094033011197]","[64.37567633831068, 955.1010031424468, 498.7065758621874, 35.940940330113335]","[189.05232030385736, 964.086238224975, 498.7065758621867, 35.94094033011288]","[313.72896426940434, 973.0714733075032, 498.70657586218795, 35.94094033011288]","[438.4056082349517, 982.0567083900314, 498.70657586218954, 35.94094033011288]"
534,Robot,"[563.0822522004985, 991.0419434725596, 0, 0]","[687.7588961660445, 1000.027178555088, 498.70657586218385, 35.940940330113335]","[812.4355401315904, 1009.012413637616, 498.70657586218385, 35.94094033011197]","[937.1121840971364, 1017.9976487201444, 498.70657586218385, 35.94094033011379]","[1061.7888280626823, 1026.9828838026715, 498.70657586218385, 35.94094033010833]","[1186.4654720282283, 1035.9681188851969, 498.70657586218385, 35.94094033010151]","[1311.1421159937745, 1044.9533539677225, 498.70657586218476, 35.94094033010242]","[1435.8187599593202, 1053.9385890502476, 498.70657586218294, 35.9409403301006]","[1560.4954039248662, 1062.923824132773, 498.7065758621843, 35.94094033010154]","[1685.1720478904122, 1071.9090592152984, 498.70657586218385, 35.94094033010151]","[1809.848691855958, 1080.8942942978238, 498.70657586218294, 35.94094033010151]","[1934.525335821504, 1089.8795293803491, 498.70657586218476, 35.94094033010151]","[2059.2019797870507, 1098.8647644628743, 498.7065758621866, 35.9409403301006]","[2183.8786237526024, 1107.8499995454, 498.7065758622066, 35.94094033010242]","[2308.555267718154, 1116.8352346279253, 498.7065758622066, 35.94094033010151]","[2433.2319116837057, 1125.8204697104509, 498.7065758622066, 35.94094033010242]"
535,Robot,"[2557.9085556492573, 1134.805704792976, 0, 0]","[2682.585199614809, 1143.790939875504, 498.7065758622066, 35.940940330111516]","[2807.2618435803606, 1152.7761749580325, 498.7065758622066, 35.940940330114245]","[2931.9384875459123, 1161.761410040561, 498.7065758622066, 35.940940330114245]","[3056.615131511464, 1170.7466451230894, 498.7065758622066, 35.940940330113335]","[3181.291775477016, 1179.731880205618, 498.7065758622084, 35.940940330114245]","[3305.968419442567, 1188.7171152881465, 498.7065758622048, 35.940940330114245]","[3430.645063408119, 1197.702350370675, 498.7065758622066, 35.940940330114245]","[3555.3217073736705, 1206.6875854532036, 498.70657586220705, 35.94094033011427]","[3679.998351339222, 1215.6728205357322, 498.7065758622066, 35.940940330114245]","[3804.674995304774, 1224.6580556182607, 498.7065758622066, 35.940940330114245]","[3929.351639270325, 1233.6432907007893, 498.7065758622048, 35.940940330114245]","[4054.028283235877, 1242.628525783318, 498.7065758622084, 35.940940330115154]","[4178.704927201421, 1251.613760865846, 498.70657586217567, 35.940940330111516]","[4303.381571166961, 1260.5989959483736, 498.7065758621611, 35.94094033011061]","[4428.058215132502, 1269.5842310309013, 498.7065758621611, 35.94094033011061]"
536,Robot,"[-4325.1428, -864.84733, 0, 0]","[-4273.725187325123, -978.7198259545752, 205.67045069950473, -455.4899838183005]","[-4213.963932711412, -1088.4717039015568, 239.04501845484629, -439.00751178792643]","[-4142.067449979814, -1190.5875324027304, 287.5859309263906, -408.46331400469444]","[-4049.6432051664688, -1267.1373535648909, 369.69697925338187, -306.1992846486419]","[-3924.643252264163, -1267.028843565083, 499.9998116092229, 0.43403999923157244]","[-3799.643299361857, -1266.920333565275, 499.9998116092247, 0.43403999923157244]","[-3674.643346459552, -1266.8118235654672, 499.99981160921925, 0.43403999923157244]","[-3549.643393557246, -1266.7033135656593, 499.99981160922516, 0.4340399992315728]","[-3424.64344065494, -1266.5948035658514, 499.9998116092229, 0.43403999923157244]","[-3299.6434877526344, -1266.4862935660435, 499.9998116092229, 0.43403999923157244]","[-3174.6435348503287, -1266.3777835662352, 499.9998116092229, 0.4340399992333914]","[-3049.643581948023, -1266.2692735664243, 499.9998116092229, 0.43403999924339587]","[-2924.6436290457173, -1266.160763566614, 499.9998116092229, 0.4340399992415769]","[-2799.6436761434115, -1266.052253566803, 499.9998116092229, 0.43403999924339587]","[-2674.643723241106, -1265.9437435669925, 499.9998116092229, 0.4340399992424864]"
537,Robot,"[-2549.6437703388, -1265.8352335671816, 0, 0]","[-2424.6438174364944, -1265.726723567371, 499.9998116092229, 0.4340399992424864]","[-2299.6438645341887, -1265.6182135675604, 499.9998116092229, 0.4340399992424864]","[-2174.643911631883, -1265.5097035677495, 499.9998116092229, 0.43403999924339587]","[-2049.643958729577, -1265.401193567939, 499.9998116092229, 0.4340399992424864]","[-1924.6440058272656, -1265.292683568128, 499.99981160924654, 0.43403999924339587]","[-1799.6440529249544, -1265.1841735683174, 499.9998116092447, 0.4340399992424864]","[-1676.3314394143138, -1264.8833838264345, 493.2504540425625, 1.2031589675316354]","[-1551.3314643313308, -1264.8044582096804, 499.99990033193217, 0.3157024670163085]","[-1426.9617837750366, -1257.1924578696514, 497.4787222251771, 30.448001360115995]","[-1303.1993576589316, -1259.6481451518755, 495.04970446441985, -9.822749128896248]","[-1181.5796651244264, -1288.410535294449, 486.478770138021, -115.04956057029358]","[-1063.499487801261, -1328.0667386468626, 472.3207092926614, -158.62481340965496]","[-953.137758614046, -1386.7358088838, 441.4469167488601, -234.67628094774955]","[-831.8647572543985, -1398.7866614122588, 485.09200543859015, -48.20341011383516]","[-709.9484542328767, -1424.04552783532, 487.6652120860872, -101.03546569224454]"
538,Robot,"[-600.3404995066929, -1482.3603195149549, 0, 0]","[-535.897853694375, -1586.423096172925, 257.77058324927157, -416.25110663188025]","[-580.4106982760501, -1698.1854464059645, -178.05137832670016, -447.0494009321583]","[-575.6723493796817, -1746.4305939627725, 18.953395585473572, -192.98059022723191]","[-450.6728465187775, -1746.7831340695586, 499.99801144361686, -1.4101604271445467]","[-325.67334365787394, -1747.1356741763448, 499.99801144361413, -1.4101604271445467]","[-200.6738407969704, -1747.488214283131, 499.99801144361413, -1.4101604271445467]","[-75.67433793606672, -1747.840754389917, 499.99801144361476, -1.4101604271445467]","[49.32516492483715, -1748.1932944967032, 499.99801144361595, -1.410160427144548]","[174.3246677857409, -1748.5458346034893, 499.998011443615, -1.4101604271445467]","[299.32417064664446, -1748.8983747102754, 499.99801144361425, -1.4101604271445467]","[424.323673507548, -1749.2509148170616, 499.99801144361413, -1.4101604271445467]","[549.323176368452, -1749.6034549238475, 499.99801144361595, -1.4101604271436372]","[674.3226792293569, -1749.955995030634, 499.9980114436198, -1.4101604271463657]","[799.3221820902619, -1750.308535137423, 499.9980114436198, -1.4101604271554606]","[924.3216849511668, -1750.6610752442118, 499.9980114436198, -1.4101604271554606]"
539,Robot,"[1049.3211878120712, -1751.013615351001, 0, 0]","[1174.3206906729731, -1751.36615545779, 499.99801144360754, -1.4101604271563701]","[1299.3201935338757, -1751.7186955645789, 499.99801144361027, -1.4101604271554606]","[1424.3196963947776, -1752.071235671368, 499.99801144360754, -1.4101604271563701]","[1549.3191992556797, -1752.4237757781568, 499.99801144360845, -1.4101604271554606]","[1674.3187021165818, -1752.776315884946, 499.99801144360845, -1.4101604271563701]","[1799.318204977484, -1753.128855991735, 499.99801144360845, -1.4101604271563701]","[1924.317707838386, -1753.481396098524, 499.99801144360845, -1.4101604271563701]","[2049.3172106992884, -1753.833936205313, 499.9980114436098, -1.410160427155462]","[2174.316713560196, -1754.1864763121018, 499.9980114436312, -1.4101604271554606]","[2299.316216421104, -1754.539016418891, 499.9980114436312, -1.4101604271563701]","[2424.315719282012, -1754.89155652568, 499.998011443633, -1.4101604271563701]","[2549.3152221429195, -1755.2440966324689, 499.99801144362937, -1.4101604271554606]","[2674.314725003828, -1755.596636739258, 499.998011443633, -1.4101604271563701]","[2799.314227864735, -1755.949176846047, 499.99801144362937, -1.4101604271563701]","[2924.313730725643, -1756.301716952836, 499.9980114436312, -1.4101604271554606]"
540,Robot,"[3049.3132335865507, -1756.654257059625, 0, 0]","[3174.3127364474585, -1757.006797166414, 499.9980114436312, -1.4101604271554606]","[3299.3122393083663, -1757.359337273203, 499.9980114436312, -1.4101604271563701]","[3424.311742169274, -1757.711877379992, 499.9980114436312, -1.4101604271563701]","[3549.311245030182, -1758.0644174867812, 499.9980114436312, -1.4101604271563701]","[3674.3107478910897, -1758.41695759357, 499.9980114436312, -1.4101604271554606]","[3798.8886779570903, -1764.0876119765985, 498.31172026400236, -22.68261753211391]","[3922.382563693332, -1783.4334173556704, 493.97554294496695, -77.38322151628745]","[4045.876449429573, -1802.7792227347425, 493.97554294496376, -77.38322151628843]","[4169.370335165807, -1822.1250281138143, 493.975542944936, -77.38322151628745]","[4292.864220902036, -1841.4708334928864, 493.97554294491783, -77.38322151628836]","[4416.358106638266, -1860.8166388719587, 493.97554294491783, -77.38322151628927]","[4539.851992374495, -1880.1624442510308, 493.97554294491783, -77.38322151628836]","[4663.345878110725, -1899.508249630103, 493.97554294491783, -77.38322151628836]","[4786.839763846954, -1918.854055009175, 493.97554294491783, -77.38322151628836]","[4910.333649583184, -1938.199860388247, 493.97554294491783, -77.38322151628836]"
541,Robot,"[5030.66117818705, -1967.9562362348804, 0, 0]","[5107.142490248229, -2064.5448956620426, 305.9252482447155, -386.3546377086486]","[5112.432348306554, -2183.7474274334395, 21.159432233300322, -476.81012708558774]","[5060.498146156278, -2296.824878748093, -207.73680860110107, -452.3098052586138]","[5086.809917513813, -2409.131970544464, 105.24708543013912, -449.2283671854839]","[5209.017088156827, -2382.856365062829, 488.828682572057, 105.10242192654005]","[5331.224258799842, -2356.580759581194, 488.828682572057, 105.10242192654005]","[5453.431429442856, -2330.305154099559, 488.828682572057, 105.10242192654005]","[5575.63860008587, -2304.029548617924, 488.82868257205746, 105.10242192654015]","[5697.845770728884, -2277.753943136289, 488.828682572057, 105.10242192654005]","[5820.415815363404, -2253.3606344923496, 490.2801785380798, 97.57323457575694]","[5944.100070875361, -2239.750771057644, 494.73702204782603, 54.43945373882161]","[6014.487470794646, -2155.269184047447, 281.54959967713876, 337.92634804078807]","[6047.067547178958, -2034.713519123108, 130.32030553725053, 482.2226596973569]","[6107.554554960044, -1925.5996350079945, 241.94803112434238, 436.4555364604539]","[6197.45092397097, -1840.2336267577664, 359.58547604370324, 341.4640330009124]"
542,Robot,"[6318.241239899748, -1836.4578255153424, 0, 0]","[6381.077264099744, -1804.4536714320736, 251.34409679998498, 128.01661633307504]","[6401.560514387318, -1741.3403054329062, 81.93300115029706, 252.4534639966696]","[6413.939808009485, -1674.638042507047, 49.51717448866839, 266.80905170343704]","[6416.204309250545, -1605.2875479266938, 9.058004964237625, 277.40197832141257]","[6406.325588566252, -1535.1086600911133, -39.51488273717041, 280.7155513423222]","[6379.9273570443065, -1466.1081283246438, -105.59292608778196, 276.0021270658781]","[6343.236877586121, -1403.0244072305477, -146.76191783274044, 252.33488437638425]","[6295.152221388345, -1346.771524900846, -192.3386247911041, 225.01152931880662]","[6236.5981619619615, -1300.679436556683, -234.2162377055356, 184.36835337665252]","[6167.5691921381695, -1268.9445509442835, -276.11587929516827, 126.93954244959787]","[6097.685004825085, -1250.366119646245, -279.53674925233645, 74.31372519215438]","[6016.070426714039, -1243.1647304016444, -326.45831244418514, 28.80555697840191]","[5894.595219731152, -1256.712144685521, -485.90082793154943, -54.18965713550642]","[5772.951611363921, -1285.4842239186737, -486.5744334689225, -115.08831693261072]","[5651.30800299669, -1314.2563031518264, -486.5744334689225, -115.08831693261072]"
543,Robot,"[5529.66439462946, -1343.028382384979, 0, 0]","[5408.020786262229, -1371.8004616181315, -486.5744334689225, -115.08831693260981]","[5286.377177894999, -1400.5725408512844, -486.5744334689225, -115.08831693261163]","[5164.733569527768, -1429.344620084437, -486.5744334689225, -115.08831693261072]","[5043.089961160537, -1458.1166993175898, -486.5744334689225, -115.08831693261072]","[4921.446352793307, -1486.8887785507425, -486.5744334689225, -115.08831693261072]","[4799.802744426076, -1515.6608577838952, -486.5744334689225, -115.08831693261072]","[4678.159136058845, -1544.43293701705, -486.5744334689225, -115.08831693261982]","[4556.515527691615, -1573.2050162502046, -486.57443346892296, -115.0883169326181]","[4434.871919324384, -1601.977095483359, -486.5744334689225, -115.088316932618]","[4313.228310957154, -1630.749174716514, -486.5744334689225, -115.08831693261982]","[4191.584702589923, -1659.5212539496688, -486.5744334689225, -115.08831693261891]","[4069.941094222692, -1688.2933331828235, -486.5744334689243, -115.08831693261891]","[3948.2974858554617, -1717.0654124159782, -486.5744334689207, -115.08831693261891]","[3826.653877488231, -1745.837491649133, -486.5744334689225, -115.08831693261891]","[3705.010269121, -1774.6095708822877, -486.5744334689243, -115.08831693261891]"
544,Robot,"[3583.36666075377, -1803.3816501154424, 0, 0]","[3461.723052386539, -1832.1537293485967, -486.5744334689225, -115.08831693261709]","[3340.0794440193085, -1860.925808581752, -486.5744334689225, -115.08831693262164]","[3218.435835652078, -1889.6978878149064, -486.5744334689225, -115.08831693261709]","[3096.7922272848477, -1918.469967048061, -486.5744334689207, -115.08831693261891]","[2975.1486189176167, -1947.242046281216, -486.5744334689243, -115.08831693261982]","[2853.505010550386, -1976.0141255143703, -486.5744334689225, -115.08831693261709]","[2731.8614021831554, -2004.7862047475253, -486.5744334689225, -115.08831693261982]","[2610.217793815925, -2033.55828398068, -486.57443346892296, -115.08831693261901]","[2488.574185448694, -2062.3303632138363, -486.5744334689225, -115.08831693262528]","[2366.9305770814635, -2091.1024424469947, -486.5744334689225, -115.08831693263346]","[2246.44796691191, -2123.7685858262007, -481.9304406782139, -130.66457351682402]","[2128.820227531581, -2164.374164836764, -470.5109575213155, -162.42231604225344]","[2006.667929962292, -2190.903699294486, -488.6091902771568, -106.11813783088837]","[1884.5156323930028, -2217.4332337522046, -488.6091902771568, -106.11813783087382]","[1762.3633348237136, -2243.962768209921, -488.6091902771568, -106.11813783086473]"
545,Robot,"[1640.2110372544244, -2270.492302667637, 0, 0]","[1518.0209449511844, -2296.844724835334, -488.76036921295963, -105.40968867078846]","[1395.6796737121415, -2322.488697842952, -489.3650849561718, -102.57589203047246]","[1273.338402473099, -2348.1326708505703, -489.36508495617, -102.57589203047246]","[1150.9971312340565, -2373.7766438581884, -489.36508495617, -102.57589203047246]","[1028.6558599950135, -2399.4206168658066, -489.3650849561718, -102.57589203047246]","[906.3145887559735, -2425.0645898734247, -489.36508495616, -102.57589203047246]","[783.9733175169338, -2450.708562881043, -489.3650849561591, -102.57589203047246]","[661.6320462778939, -2476.352535888661, -489.36508495616, -102.57589203047255]","[539.290775038854, -2501.996508896279, -489.36508495615954, -102.57589203047246]","[416.9495037998141, -2527.640481903897, -489.36508495615954, -102.57589203047246]","[294.60823256077424, -2553.2844549115152, -489.36508495615954, -102.57589203047246]","[172.2653981718129, -2578.920953504885, -489.37133755584534, -102.5459943734786]","[49.02064884255879, -2599.214468317261, -492.9789973170165, -81.17405924950435]","[-73.26580609843302, -2625.118578762605, -489.1458197639672, -103.61644178137612]","[-195.5522610394249, -2651.02268920795, -489.14581976396755, -103.61644178137976]"
546,Robot,"[-317.83871598041685, -2676.9267996532944, 0, 0]","[-440.1251709214088, -2702.830910098639, -489.1458197639679, -103.61644178137794]","[-563.0944421195237, -2725.030919461375, -491.8770847924595, -88.80003745094473]","[-685.330077451067, -2751.173785698535, -488.94254132617334, -104.57146494863991]","[-807.5657127826104, -2777.316651935695, -488.94254132617334, -104.57146494863991]","[-929.8013481141536, -2803.459518172855, -488.9425413261729, -104.57146494863991]","[-1052.036983445697, -2829.602384410015, -488.94254132617334, -104.57146494863991]","[-1174.2726187772405, -2855.745250647175, -488.94254132617425, -104.57146494863991]","[-1296.5082541087836, -2881.888116884335, -488.9425413261729, -104.57146494864001]","[-1418.743889440327, -2908.030983121495, -488.94254132617334, -104.57146494863991]","[-1540.9795247718705, -2934.173849358655, -488.94254132617425, -104.57146494863991]","[-1663.2151601034136, -2960.316715595816, -488.94254132617243, -104.57146494864355]","[-1785.450795434957, -2986.459581832981, -488.94254132617334, -104.57146494865992]","[-1907.6864307665005, -3012.602448070147, -488.94254132617425, -104.57146494866538]","[-2029.922066098044, -3038.745314307313, -488.94254132617425, -104.57146494866356]","[-2152.157701429582, -3064.888180544478, -488.9425413261524, -104.57146494865992]"
547,Robot,"[-2056.959794177746, -3009.7167596447566, 0, 0]","[-1947.3046634413408, -2949.7104907790704, 438.6205229456209, 240.025075462745]","[-1846.742338825729, -2888.392802679844, 402.24929846244777, 245.27075239690566]","[-1767.4653914658716, -2851.0394520218774, 317.1077894394293, 149.41340263186612]","[-1668.9360422779453, -2816.9024577304517, 394.1173967517052, 136.54797716570283]","[-1594.2967346379494, -2781.455376713497, 298.5572305599835, 141.7883240678184]","[-1519.0338101455732, -2703.8985203694074, 301.05169796950486, 310.22742537635895]","[-1467.3434584702434, -2615.992211803524, 206.76140670131917, 351.62523426353437]","[-1426.8844557189702, -2524.578809332094, 161.83601100509273, 365.6536098857199]","[-1384.4813583042187, -2436.4281363731384, 169.6123896590061, 352.60269183582204]","[-1346.178022843418, -2348.7071842742284, 153.21334184320312, 350.8838083956398]","[-1346.158491041568, -2246.5707315488557, 0.07812720740002987, 408.54581090149077]","[-1336.374265052044, -2152.535286041572, 39.1369039580959, 376.14178202913536]","[-1321.4086410733555, -2075.6557224579547, 59.86249591475371, 307.518254334469]","[-1277.1139192365242, -1987.2882257630745, 177.17888734732514, 353.4699867795207]","[-1200.1869091375486, -1912.5855212891715, 307.7080403959026, 298.81081789561176]"
548,Robot,"[-1090.85466549699, -1866.756882339794, 0, 0]","[-968.3721183252504, -1841.796400807524, 489.93018868695845, 99.8419261290801]","[-845.889571153511, -1816.8359192752544, 489.93018868695754, 99.84192612907827]","[-723.4070239817715, -1791.8754377429846, 489.930188686958, 99.84192612907918]","[-600.924476810032, -1766.9149562107152, 489.930188686958, 99.84192612907736]","[-478.44192963829255, -1741.9544746784484, 489.930188686958, 99.84192612906736]","[-355.95938246655305, -1716.9939931461813, 489.930188686958, 99.84192612906827]","[-233.47683529481355, -1692.0335116139145, 489.930188686958, 99.84192612906736]","[-110.99428812307406, -1667.0730300816474, 489.93018868695845, 99.84192612906836]","[11.488259048665348, -1642.1125485493806, 489.93018868695765, 99.84192612906736]","[133.97080622040477, -1617.1520670171135, 489.93018868695765, 99.84192612906827]","[256.45335339214427, -1592.1915854848464, 489.930188686958, 99.84192612906827]","[378.93590056388376, -1567.2311039525796, 489.930188686958, 99.84192612906736]","[488.67850151191845, -1510.5514041670565, 438.97040379213877, 226.7187991420924]","[594.3979615472043, -1443.8551091436625, 422.87784014114345, 266.78518009357595]","[700.1174215824901, -1377.1588141202687, 422.8778401411432, 266.78518009357504]"
549,Robot,"[805.8368816177759, -1310.462519096875, 0, 0]","[911.5563416530616, -1243.7662240734812, 422.87784014114277, 266.78518009357504]","[1017.2758016883477, -1177.0699290500877, 422.87784014114413, 266.7851800935741]","[1122.995261723636, -1110.3736340266937, 422.8778401411537, 266.78518009357595]","[1228.7147217589247, -1043.6773390033, 422.8778401411546, 266.78518009357504]","[1334.4341817942134, -976.9810439799062, 422.8778401411546, 266.78518009357504]","[1440.153641829502, -910.2847489565124, 422.8778401411546, 266.78518009357504]","[1545.873101864791, -843.5884539331187, 422.8778401411555, 266.78518009357504]","[1651.592561900079, -776.8921589097249, 422.8778401411532, 266.78518009357526]","[1757.312021935368, -710.1958638863312, 422.8778401411555, 266.78518009357504]","[1863.0314819706568, -643.4995688629374, 422.8778401411555, 266.78518009357504]","[1968.7509420059453, -576.8032738395436, 422.8778401411537, 266.78518009357504]","[2074.4704020412337, -510.1069788161499, 422.8778401411537, 266.78518009357504]","[2180.1898620765223, -443.4106837927561, 422.8778401411546, 266.78518009357504]","[2285.909322111811, -376.7143887693624, 422.8778401411546, 266.7851800935748]","[2391.6287821471, -310.0180937459686, 422.8778401411564, 266.78518009357526]"
550,Robot,"[2500.1984217532445, -248.51386069475427, 0, 0]","[2619.000989146546, -209.7402868817253, 475.21026957320646, 155.0942952521159]","[2734.383112510061, -162.1231853092947, 461.52849345405957, 190.46840628972234]","[2844.9699659503194, -103.97301252335517, 442.34741376103375, 232.60069114375818]","[2964.3277424436906, -67.76835201411956, 477.4311059734846, 144.81864203694244]","[3086.744814110873, -42.57177340016499, 489.6682866687297, 100.78631445581826]","[3207.788261275092, -13.082296627705446, 484.17378865687533, 117.95790708983819]","[3327.6144136018265, -39.243145796432046, 479.3046093069388, -104.6433966749064]","[3391.5414059160967, -142.97409929953818, 255.70796925708078, -414.9238140124249]","[3461.310059400114, -119.11350053580456, 279.074613936069, 95.44239505493448]","[3547.004251234125, -28.11072318304681, 342.77676733604494, 364.011109411031]","[3632.698443068136, 62.89205416971095, 342.7767673360431, 364.01110941103104]","[3718.392634902148, 153.89483152246865, 342.7767673360486, 364.0111094110308]","[3804.086826736159, 244.89760887522604, 342.7767673360431, 364.01110941102957]","[3889.78101857017, 335.90038622798346, 342.77676733604494, 364.0111094110297]","[3975.475210404181, 426.90316358074085, 342.7767673360431, 364.01110941102957]"
551,Robot,"[4061.169402238193, 517.9059409334983, 0, 0]","[4146.863594072211, 608.9087182862571, 342.7767673360704, 364.01110941103525]","[4232.557785906222, 699.9114956390159, 342.77676733604676, 364.01110941103525]","[4318.251977740234, 790.9142729917747, 342.77676733604676, 364.01110941103525]","[4413.014250277034, 867.8102080170321, 379.04909014720033, 307.58374010102943]","[4531.234502756421, 908.417743077773, 472.8810099175462, 162.43014024296372]","[4649.454755235807, 949.025278138514, 472.8810099175462, 162.43014024296372]","[4764.752701300372, 988.4178327027792, 461.19178425825885, 157.5702182570608]","[4875.446528172162, 1025.9198818283205, 442.775307487162, 150.0081965021656]","[4972.280606748639, 1065.5819908018784, 387.33631430590685, 158.64843589423162]","[5057.114026033894, 1117.7809329732577, 339.3336771410213, 208.79576868551703]","[5130.616723055353, 1195.0106425579856, 294.01078808583406, 308.9188383389119]","[5126.801579949808, 1319.3509748762551, -15.260572422179393, 497.3613292730779]","[5082.986267221487, 1435.821272449974, -175.26125091328504, 465.8811902948755]","[4996.6006865173, 1523.9308437936215, -345.5423228167456, 352.4382853745901]","[4876.61124616897, 1557.8664481000728, -479.95776139332156, 135.74241722580518]"
552,Robot,"[4814.6462542008285, 1662.937035617208, 0, 0]","[4768.311520565168, 1779.0011474662365, -185.33893454264035, 464.2564473961138]","[4740.133993984627, 1898.8345616198108, -112.71010632216712, 479.33365661429707]","[4834.398027332109, 1915.3741279016397, 377.05613338993135, 66.15826512731564]","[4950.137982590978, 1868.1590587321857, 462.9598210354743, -188.86027667781582]","[5065.877937849847, 1820.943989562732, 462.9598210354743, -188.8602766778149]","[5181.617893108715, 1773.7289203932785, 462.9598210354743, -188.860276677814]","[5297.357848367584, 1726.5138512238204, 462.9598210354743, -188.8602766778322]","[5413.097803626452, 1679.2987820543613, 462.9598210354747, -188.8602766778369]","[5528.837758885321, 1632.083712884902, 462.9598210354743, -188.86027667783674]","[5644.5777141441895, 1584.8686437154429, 462.9598210354743, -188.86027667783674]","[5760.317669403058, 1537.6535745459837, 462.9598210354743, -188.86027667783674]","[5638.288690804669, 1554.4119961829642, -488.1159143935547, 67.03368654792212]","[5514.401722475876, 1571.0558863021822, -495.5478733151722, 66.57556047687194]","[5391.394268463974, 1590.0927918350108, -492.0298160476086, 76.14762213131417]","[5273.3029749247125, 1615.922010148133, -472.36517415704657, 103.31687325248913]"
553,Robot,"[5149.999592009947, 1636.308462689679, 0, 0]","[5033.94055866313, 1682.119334353613, -464.23613338726864, 183.2434866557369]","[4924.264092298909, 1742.010177473505, -438.70586545688275, 239.563372479568]","[4806.620753523545, 1783.0483218007412, -470.5733551014564, 164.15257730894427]","[4682.762655043055, 1799.7734221731037, -495.4323939219612, 66.9004014894499]","[4563.656465480236, 1836.5285590065848, -476.4247582512762, 147.0205473339247]","[4453.83347569694, 1896.0556977239808, -439.2919591331847, 238.1085548695837]","[4339.134755685257, 1945.5450924443464, -458.7948800467311, 197.95757888146272]","[4216.108272886252, 1965.4072181037145, -492.10593119602026, 79.44850263747237]","[4091.573229864524, 1976.1786181788489, -498.14017208691257, 43.08560030053741]","[3967.038186842807, 1986.950018253983, -498.1401720868671, 43.0856003005365]","[3842.5031438210895, 1997.7214183291171, -498.14017208687073, 43.0856003005365]","[3717.968100799372, 2008.492818404252, -498.1401720868689, 43.08560030053923]","[3593.433057777655, 2019.264218479386, -498.1401720868689, 43.0856003005365]","[3468.8980147559378, 2030.0356185545204, -498.1401720868689, 43.08560030053741]","[3344.3629717342205, 2040.8070186296547, -498.1401720868689, 43.08560030053741]"
554,Robot,"[3219.8279287125038, 2051.578418704789, 0, 0]","[3095.292885690786, 2062.349818779923, -498.14017208687073, 43.08560030053741]","[2970.757842669069, 2073.1212188550576, -498.1401720868689, 43.08560030053741]","[2846.222799647352, 2083.892618930192, -498.1401720868671, 43.08560030053741]","[2721.6877566256344, 2094.6640190053263, -498.14017208687073, 43.08560030053741]","[2597.152713603917, 2105.4354190804606, -498.1401720868689, 43.08560030053741]","[2472.6176705822, 2116.206819155595, -498.1401720868689, 43.08560030053741]","[2348.0826275604827, 2126.9782192307293, -498.1401720868689, 43.08560030053741]","[2223.547584538765, 2137.749619305864, -498.1401720868712, 43.08560030053926]","[2099.012541517048, 2148.521019380998, -498.1401720868689, 43.08560030053559]","[1974.477498495331, 2159.2924194561324, -498.1401720868671, 43.08560030053741]","[1851.1601299689987, 2176.982763486248, -493.2694741053292, 70.76137612046296]","[1730.4303197453594, 2209.375863420697, -482.91924089455733, 129.57239973779542]","[1609.70050952172, 2241.768963355147, -482.91924089455733, 129.57239973780088]","[1488.9706992980807, 2274.162063289597, -482.91924089455733, 129.57239973779906]","[1368.2408890744414, 2306.5551632240467, -482.91924089455733, 129.57239973779906]"
555,Robot,"[1247.511078850802, 2338.9482631584965, 0, 0]","[1126.7812686271627, 2371.3413630929463, -482.91924089455733, 129.57239973779906]","[1006.0514584035228, 2403.734463027396, -482.9192408945596, 129.57239973779906]","[885.3216481798808, 2436.127562961846, -482.91924089456825, 129.57239973779906]","[764.5918379562386, 2468.520662896296, -482.9192408945687, 129.57239973780088]","[643.8620277325964, 2500.9137628307453, -482.9192408945687, 129.57239973779724]","[523.1322175089542, 2533.306862765195, -482.9192408945687, 129.57239973779906]","[402.40240728531336, 2565.699962699645, -482.9192408945635, 129.57239973779906]","[281.6725970616726, 2598.093062634099, -482.9192408945635, 129.57239973781736]","[160.94278683803185, 2630.4861625685544, -482.919240894563, 129.5723997378209]","[40.212976614390826, 2662.8792625030096, -482.9192408945641, 129.5723997378209]","[-80.51683360925024, 2695.2723624374653, -482.91924089456427, 129.5723997378227]","[-201.24664383289112, 2727.6654623719205, -482.91924089456353, 129.5723997378209]","[-321.9764540565319, 2760.058562306376, -482.91924089456313, 129.5723997378227]","[-442.7062642801727, 2792.4516622408314, -482.91924089456325, 129.5723997378209]","[-563.436074503814, 2824.844762175287, -482.91924089456506, 129.5723997378227]"
556,Robot,"[-684.1658847274562, 2857.2378621097428, 0, 0]","[-804.8956949510983, 2889.6309620441984, -482.9192408945687, 129.5723997378227]","[-925.6255051747404, 2922.024061978654, -482.91924089456825, 129.5723997378227]","[-1046.355315398382, 2954.41716191311, -482.919240894566, 129.5723997378227]","[-1167.5980865560944, 2984.2315520124903, -484.9710846308499, 119.25756039752196]","[-1291.5339026176894, 3000.5077154777287, -495.74326424638, 65.10465386095348]","[-1415.4697186792844, 3016.783878942967, -495.74326424638, 65.10465386095348]","[-1539.4055347408794, 3033.0600424082054, -495.74326424638, 65.10465386095348]","[-1663.3413508024744, 3049.336205873441, -495.7432642463805, 65.10465386094262]","[-1787.2771668640694, 3065.6123693386744, -495.74326424638, 65.10465386093347]","[-1911.2129829256644, 3081.8885328039078, -495.74326424638, 65.10465386093347]","[-2035.1487989872596, 3098.16469626914, -495.74326424638093, 65.10465386092983]","[-2159.084615048849, 3114.440859734372, -495.7432642463582, 65.10465386092801]","[-2283.0204311104385, 3130.7170231996047, -495.7432642463573, 65.10465386092983]","[-2406.956247172028, 3146.9931866648367, -495.7432642463573, 65.10465386092801]","[-2530.892063233617, 3163.269350130069, -495.7432642463573, 65.10465386092983]"
557,Robot,"[-2654.8278792952065, 3179.545513595301, 0, 0]","[-2778.763695356796, 3195.8216770605336, -495.7432642463573, 65.10465386092983]","[-2902.699511418385, 3212.0978405257656, -495.7432642463573, 65.10465386092801]","[-3027.3781081604207, 3220.3336572085686, -498.7143869681422, 32.943266731212134]","[-3152.198186936827, 3227.037979266147, -499.28031510562505, 26.817288230313352]","[-3277.018265713233, 3233.742301323728, -499.28031510562505, 26.817288230324266]","[-3346.298085809125, 3201.467728530256, -277.11928038356746, -129.09829117388836]","[-3297.5548562089257, 3086.3630041782903, 194.97291840079743, -460.41889740786246]","[-3248.811626608726, 2971.2582798263247, 194.97291840079941, -460.41889740786286]","[-3200.068397008526, 2856.153555474359, 194.97291840079924, -460.41889740786246]","[-3151.3251674083263, 2741.048831122393, 194.97291840079924, -460.4188974078643]","[-3102.5819378081264, 2625.944106770428, 194.97291840079924, -460.41889740786064]","[-3053.838708207926, 2510.8393824184623, 194.97291840080106, -460.41889740786246]","[-3005.095478607727, 2395.7346580664966, 194.97291840079743, -460.41889740786246]","[-2956.352249007527, 2280.629933714531, 194.97291840079924, -460.41889740786246]","[-2907.609019407327, 2165.5252093625654, 194.97291840079924, -460.41889740786246]"
558,Robot,"[-2858.8657898071274, 2050.4204850106, 0, 0]","[-2810.122560206928, 1935.3157606586344, 194.97291840079743, -460.41889740786155]","[-2761.379330606728, 1820.2110363066688, 194.97291840079924, -460.41889740786246]","[-2712.636101006528, 1705.106311954703, 194.97291840080106, -460.41889740786337]","[-2663.892871406328, 1590.0015876027371, 194.97291840079924, -460.41889740786337]","[-2615.1496418061283, 1474.8968632507715, 194.97291840079924, -460.41889740786246]","[-2566.4064122059285, 1359.792138898806, 194.97291840079924, -460.41889740786246]","[-2517.6631826057287, 1244.6874145468405, 194.97291840079924, -460.41889740786155]","[-2468.919953005529, 1129.5826901948749, 194.97291840079941, -460.41889740786286]","[-2420.176723405329, 1014.4779658429088, 194.97291840079924, -460.4188974078643]","[-2371.4334938051293, 899.3732414909405, 194.97291840079924, -460.4188974078734]","[-2322.690264204929, 784.268517138972, 194.97291840080106, -460.4188974078738]","[-2254.43895785744, 679.7509598761965, 273.00522538995574, -418.07022905110216]","[-2184.4912970101864, 576.1540258385681, 279.7906433890148, -414.3877361505133]","[-2114.5436361629327, 472.5570918009393, 279.7906433890148, -414.38773615051537]","[-2044.5959753156783, 368.9601577633095, 279.79064338901753, -414.38773615051923]"
559,Robot,"[-1974.6483144684191, 265.36322372567975, 0, 0]","[-1904.70065362116, 161.76628968805, 279.79064338903663, -414.387736150519]","[-1834.7529927739004, 58.16935565042026, 279.79064338903845, -414.38773615051895]","[-1764.805331926641, -45.42757838720942, 279.79064338903754, -414.3877361505187]","[-1694.8576710793816, -149.02451242483917, 279.79064338903754, -414.387736150519]","[-1624.9100102321222, -252.62144646246887, 279.79064338903754, -414.3877361505188]","[-1554.9623493848628, -356.21838050009865, 279.79064338903754, -414.3877361505191]","[-1485.0146885376034, -459.8153145377284, 279.79064338903754, -414.387736150519]","[-1414.7133470710537, -563.1643489992523, 281.20536586619914, -413.39613784609594]","[-1344.0055038015007, -647.1951555277159, 282.831373078212, -336.12322611385434]","[-1344.0055038015007, -647.1951555277159, 0.0, 0.0]","[-1370.0616674964822, -683.5864187682286, -104.22465477992591, -145.5650529620507]","[-1438.8927378754963, -787.7981026620952, -275.32428151605654, -416.8467355754665]","[-1408.1447117525106, -888.9434843622429, 122.99210449194288, -404.58152680059084]","[-1332.2059633825977, -988.2324892722086, 303.7549934796516, -397.15601963986273]","[-1256.2672150126848, -1087.5214941821723, 303.7549934796516, -397.156019639855]"
560,Robot,"[-1180.328466642772, -1186.8104990921354, 0, 0]","[-1104.389718272859, -1286.0995040020982, 303.7549934796516, -397.15601963985137]","[-1028.450969902946, -1385.388508912061, 303.7549934796516, -397.15601963985137]","[-952.5122215330332, -1484.677513822024, 303.7549934796516, -397.15601963985137]","[-876.5734731631203, -1583.9665187319868, 303.7549934796516, -397.15601963985137]","[-800.6347247932074, -1683.2555236419496, 303.7549934796516, -397.15601963985137]","[-724.6959764232945, -1782.5445285519124, 303.7549934796516, -397.15601963985137]","[-648.7572280533816, -1881.8335334618755, 303.7549934796516, -397.1560196398523]","[-573.8400037457059, -1980.0364692581627, 299.6688972307032, -392.8117431851491]","[-496.5720139804745, -2056.112842290296, 309.07195906092556, -304.30549212853384]","[-421.0493830128216, -2154.609966075554, 302.0905238706116, -393.9884951410313]","[-346.18263562300945, -2254.681612561601, 299.46698955924853, -400.2865859441881]","[-249.40756753633957, -2303.1417726391164, 387.1002723466795, -193.84064031006164]","[-132.87282689691438, -2281.93644960454, 466.1389625577008, 84.82129213830558]","[-20.10524966578128, -2245.068310023516, 451.07030892453236, 147.4725583240961]","[-72.8766716915126, -2175.001454034168, -211.08568810292527, 280.26742395739166]"
561,Robot,"[-22.12387574910881, -2289.1531905325896, 0, 0]","[28.365528609745283, -2403.502742553961, 201.95761743541635, -457.39820808548575]","[78.85493296859943, -2517.8522945753334, 201.95761743541658, -457.3982080854894]","[133.03106694883485, -2630.2208735724207, 216.70453592094168, -449.4743159883492]","[212.28722771348728, -2726.864319165148, 317.02464305860974, -386.5737823709096]","[270.9370607861027, -2836.6766134865347, 234.59933229046158, -439.24917728554647]","[322.700907655419, -2950.4470979350685, 207.05538747726519, -455.08193779413523]","[376.7430132970706, -3062.835835558848, 216.16842256660652, -449.55495049511774]","[420.5020407846269, -3176.671849317541, 175.03610995022532, -455.34405503477177]","[437.47259129947713, -3300.513096288152, 67.88220205940092, -495.36498788244535]","[475.8664935020731, -3419.2095523344137, 153.57560881038398, -474.7858241850463]","[529.8188607267695, -3531.9061815409377, 215.80946889878533, -450.786516826096]","[586.4717300432889, -3643.32705275997, 226.6114772660776, -445.6834848761282]","[644.1541952270431, -3754.205390571192, 230.72986073501716, -443.5133512448883]","[704.8685254079694, -3863.465095679253, 242.85732072370502, -437.0388204322444]","[770.6291725764123, -3969.756953875583, 263.04258867377166, -425.16743278531976]"
562,Robot,"[841.4158834834774, -4072.754879677505, 0, 0]","[924.6198915441196, -4165.387086538124, 332.8160322425688, -370.52882744247654]","[991.6008772669238, -4112.019287896751, 267.92394289121694, 213.47119456549262]","[1041.3220869795591, -4023.274568954864, 198.8848388505412, 354.9788757675469]","[1074.7837842557583, -3918.64835817336, 133.8467891047967, 418.50484312601657]","[1086.78453346704, -3803.077378482575, 48.0029968451272, 462.2839187631398]","[1082.4997190272272, -3681.582551147081, -17.13925775925145, 485.97930934197575]","[1059.992313945626, -3559.6515524131696, -90.02962032640517, 487.72399493564626]","[1033.1818050538436, -3437.560616578589, -107.24203556712938, 488.3637433383233]","[1031.1657055392227, -3312.692356213787, -8.064398058483675, 499.4730414592068]","[1030.9450863777456, -3188.021972810884, -0.8824766459083548, 498.6815336116124]","[1042.1349131239613, -3065.248487148256, 44.75930698486263, 491.09394265051196]","[1075.7579960821486, -2994.194008361108, 134.4923318327492, 284.2179151485925]","[1075.7579960821486, -2994.194008361108, 0.0, 0.0]","[1081.5824818871033, -2898.8953241962968, 23.29794321981899, 381.1947366592449]","[1077.1400866218653, -2773.974288640596, -17.769581060952078, 499.6841422228026]"
563,Robot,"[1072.6976913566286, -2649.0532530848945, 0, 0]","[1068.2552960913931, -2524.132217529193, -17.769581060942073, 499.68414222280626]","[1063.812900826158, -2399.2111819734923, -17.769581060940254, 499.6841422228026]","[1059.3705055609223, -2274.290146417791, -17.769581060942983, 499.68414222280444]","[1054.9281102956872, -2149.36911086209, -17.769581060940254, 499.68414222280444]","[1050.485715030452, -2024.44807530639, -17.769581060941164, 499.6841422228008]","[1046.043319765217, -1899.5270397506947, -17.769581060940254, 499.6841422227808]","[1041.6009244999816, -1774.6060041949993, -17.769581060941164, 499.6841422227817]","[1037.1585292347463, -1649.684968639304, -17.769581060941178, 499.68414222278125]","[1032.7161339695112, -1524.7639330836084, -17.769581060940254, 499.6841422227826]","[1028.273738704276, -1399.842897527913, -17.769581060941164, 499.6841422227817]","[1023.831343439041, -1274.9218619722176, -17.7695810609398, 499.6841422227817]","[1019.8758143642024, -1162.8481434414052, -15.822116299354548, 448.29487412324943]","[1019.1432387963282, -1106.1284325698352, -2.9303022714966573, 226.87884348627995]","[1019.9978035938974, -1083.2687422839283, 3.4182591902767854, 91.43876114362774]","[1016.2781352575204, -974.9805515585616, -14.878673345508105, 433.15276290146676]"
564,Robot,"[1011.5726088141636, -850.0691508743525, 0, 0]","[1013.9086679673152, -741.1686014365973, 9.344236612606437, 435.60219775102087]","[1011.628348671794, -645.6985321369367, -9.121277182084668, 381.8802771986425]","[1010.4167271030954, -563.4600591261068, -4.846486274794643, 328.9538920433197]","[1004.9502628565664, -441.8418162699522, -21.865856986115887, 486.47297142461844]","[999.1122949247768, -317.2082991519485, -23.35187172715814, 498.5340684720147]","[993.246785044542, -192.3459918136456, -23.46203952093947, 499.44922935321154]","[987.3812751643072, -67.48368447534261, -23.462039520939015, 499.449229353212]","[981.5157652840724, 57.37862286296053, -23.46203952093949, 499.449229353213]","[975.6502554038376, 182.24093020126352, -23.462039520939015, 499.449229353212]","[951.2771123210936, 304.57033629882284, -97.49257233097615, 489.31762439023726]","[923.3787057712044, 426.4172850171925, -111.59362619955664, 487.3877948734787]","[895.4802992213156, 548.2642337355626, -111.59362619955527, 487.3877948734803]","[867.5818926714267, 670.1111824539337, -111.59362619955573, 487.3877948734844]","[839.6834861215377, 791.9581311723048, -111.59362619955573, 487.3877948734844]","[811.7850795716488, 913.805079890676, -111.59362619955573, 487.38779487348484]"
565,Robot,"[783.8866730217599, 1035.652028609047, 0, 0]","[755.9882664718709, 1157.498977327418, -111.59362619955573, 487.3877948734844]","[728.089859921982, 1279.3459260457892, -111.59362619955573, 487.3877948734844]","[700.1914533720931, 1401.1928747641605, -111.59362619955573, 487.3877948734853]","[672.2930468222041, 1523.0398234825311, -111.59362619955573, 487.38779487348256]","[644.3946402723152, 1644.8867722009024, -111.59362619955573, 487.3877948734853]","[616.4962337224263, 1766.7337209192735, -111.59362619955573, 487.3877948734844]","[588.5978271725373, 1888.5806696376449, -111.59362619955573, 487.3877948734853]","[560.6994206226484, 2010.427618356016, -111.59362619955583, 487.38779487348484]","[532.8010140727595, 2132.2745670743866, -111.59362619955573, 487.38779487348256]","[504.9026075228701, 2254.1215157927577, -111.59362619955755, 487.3877948734844]","[477.0042009729798, 2375.968464511129, -111.59362619956119, 487.3877948734844]","[449.10579442308943, 2497.8154132295, -111.59362619956141, 487.3877948734844]","[421.2073878731991, 2619.662361947871, -111.59362619956141, 487.3877948734844]","[393.3089813233087, 2741.509310666242, -111.59362619956141, 487.3877948734844]","[365.4105747734184, 2863.356259384613, -111.59362619956141, 487.3877948734844]"
566,Robot,"[337.512168223528, 2985.2032081029843, 0, 0]","[309.613761673638, 3107.050156821356, -111.59362619956005, 487.3877948734862]","[278.57922001259203, 3132.245501624884, -124.13816664418391, 100.78137921411326]","[242.8404756848113, 3012.463440556148, -142.9549773111229, -479.12824427494525]","[209.76381343315813, 2892.0813847006807, -132.3066490066127, -481.52822342186846]","[190.66308208117624, 2768.5493562148745, -76.40292540792757, -494.1281139432249]","[171.56235072919435, 2645.0173277290683, -76.40292540792757, -494.1281139432249]","[152.4616193772129, 2521.485299243262, -76.40292540792575, -494.1281139432249]","[133.36088802523173, 2397.953270757456, -76.4029254079248, -494.12811394322534]","[114.2601566732503, 2274.4212422716496, -76.40292540792575, -494.1281139432249]","[95.15942532126876, 2150.889213785844, -76.40292540792615, -494.12811394322307]","[76.05869396928722, 2027.357185300036, -76.40292540792615, -494.12811394323126]","[56.95796261730575, 1903.825156814224, -76.40292540792586, -494.1281139432476]","[37.8572312653244, 1780.2931283284122, -76.40292540792541, -494.1281139432476]","[18.756499913343035, 1656.7610998426003, -76.40292540792547, -494.1281139432476]","[-0.3442314386383667, 1533.2290713567884, -76.40292540792561, -494.1281139432476]"
567,Robot,"[-19.444962790619773, 1409.6970428709765, 0, 0]","[-38.54569414260117, 1286.1650143851646, -76.4029254079256, -494.1281139432476]","[-57.64642549458252, 1162.632985899353, -76.40292540792541, -494.1281139432467]","[-76.747156846564, 1039.1009574135408, -76.40292540792589, -494.12811394324854]","[-95.84788819854552, 915.5689289277288, -76.40292540792609, -494.1281139432476]","[-114.94861955052708, 792.0369004419169, -76.40292540792626, -494.1281139432476]","[-134.0493509025085, 668.504871956105, -76.4029254079257, -494.1281139432476]","[-153.1500822544897, 544.9728434702931, -76.40292540792473, -494.1281139432476]","[-172.25081360647087, 421.4408149844812, -76.4029254079248, -494.1281139432481]","[-191.35154495845205, 297.9087864986693, -76.40292540792473, -494.1281139432476]","[-210.45227631043323, 174.3767580128574, -76.40292540792473, -494.1281139432476]","[-229.55300766241456, 50.8447295270455, -76.4029254079253, -494.1281139432476]","[-248.6537390143961, -72.68729895876636, -76.4029254079262, -494.12811394324746]","[-267.75447036637786, -196.21932744457823, -76.402925407927, -494.12811394324746]","[-286.8552017183597, -319.75135593039016, -76.40292540792734, -494.12811394324774]","[-273.9473299843951, -441.73796859821385, 51.63148693585845, -487.94645067129477]"
568,Robot,"[-243.03461901458536, -562.8552848684197, 0, 0]","[-212.12190804477507, -683.9726011386265, 123.65084387924117, -484.469265080827]","[-181.2091970749649, -805.0899174088332, 123.65084387924071, -484.469265080827]","[-150.29648610515457, -926.20723367904, 123.65084387924128, -484.469265080827]","[-119.38377513534444, -1047.324549949246, 123.65084387924054, -484.4692650808238]","[-88.36379655397774, -1168.4140108354204, 124.0799143254668, -484.35784354469797]","[-57.45615293126086, -1289.5326203291352, 123.6305744908675, -484.47443797485903]","[-27.95680118985135, -1410.984892442839, 117.99740696563804, -485.80908845481554]","[3.896093525479774, -1531.8392060461165, 127.41157886132461, -483.4172544131102]","[58.13946318168472, -1644.3520905288096, 216.9734786248198, -450.0515379307726]","[110.98409726052748, -1756.9756321556576, 211.37853631537104, -450.49416650739204]","[192.5589068933552, -1850.4833993544576, 326.29923853131095, -374.03106879519964]","[248.83991480265664, -1962.068943003872, 225.1240316372057, -446.3421745976575]","[303.5203386179824, -2074.440881409417, 218.72169526130313, -449.4877536221811]","[347.19071742691114, -2191.4806783959043, 174.68151523571487, -468.15918794594836]","[358.69272210859845, -2224.5366650935302, 46.00801872674924, -132.22394679050376]"
569,Robot,"[358.69272210859845, -2224.5366650935302, 0, 0]","[358.69272210859845, -2224.5366650935302, 0.0, 0.0]","[358.69272210859845, -2224.5366650935302, 0.0, 0.0]","[366.0255178375347, -2282.861008475029, 29.331182915745103, -233.29737352599477]","[384.44390263826654, -2393.962547907852, 73.67353920292726, -444.4061577312914]","[404.94374351185087, -2483.2656315487816, 81.99936349433733, -357.2123345637192]","[423.7917590795317, -2576.469140645475, 75.39206227072327, -372.8140363867733]","[441.9238865805154, -2667.2184278442323, 72.5285100039348, -362.9971487950297]","[472.83149937445256, -2767.781122893564, 123.63045117574882, -402.25078019732643]","[532.9131283234918, -2821.005362885546, 240.32651579615708, -212.89695996792943]","[607.0593712740956, -2844.3889491865484, 296.5849718024151, -93.53434520400879]","[686.1803363960233, -2844.5861049000373, 316.4838604877109, -0.7886228539555304]","[674.748985182164, -2784.0893873358045, -45.72540485543732, 241.98687025693107]","[649.7903026251344, -2812.540384257864, -99.83473022811859, -113.80398768823761]","[631.4093637525691, -2867.2564122569547, -73.52375549026101, -218.86411199636314]","[664.1372791374762, -2898.358447961554, 130.9116615396283, -124.4081428183963]"
570,Robot,"[689.120820579709, -2906.700134039873, 0, 0]","[707.4377499157963, -2910.8593310277647, 73.26771734434942, -16.636787951567385]","[717.0325803347953, -2918.914146141793, 38.379321675995925, -32.21926045611326]","[734.2352797057987, -2936.1585998973915, 68.81079748401362, -68.97781502239377]","[745.0896639615466, -2869.82240509822, 43.41753702299184, 265.34477919668643]","[739.9407628743334, -2809.032555725816, -20.595604348853158, 243.159397489615]","[723.209239946674, -2718.77818463172, -66.92609171063759, 361.01748437638526]","[694.3757586728412, -2607.7183587096256, -115.33392509533087, 444.2393036883768]","[665.291966661652, -2488.722496063383, -116.33516804475686, 475.98345058497074]","[626.9443817597459, -2374.6285691305684, -153.3903396076248, 456.37570773125844]","[606.7592335252527, -2261.59690840666, -80.74059293797245, 452.12664289563327]","[606.7592335252527, -2261.59690840666, 0.0, 0.0]","[606.7592335252527, -2261.59690840666, 0.0, 0.0]","[606.7592335252527, -2261.59690840666, 0.0, 0.0]","[637.5301181267106, -2299.5849589414524, 123.0835384058314, -151.95220213916946]","[693.6522447469819, -2408.538361814074, 224.4885064810851, -435.81361149048644]"
571,Robot,"[681.7346445663524, -2532.968948109949, 0, 0]","[669.8170443857229, -2657.399534405825, -47.670400722518025, -497.7223451835034]","[657.8994442050933, -2781.8301207017003, -47.670400722518025, -497.7223451835016]","[645.9818440244638, -2906.260706997576, -47.670400722518025, -497.7223451835034]","[634.0642438438343, -3030.691293293451, -47.670400722518025, -497.7223451834998]","[622.1466436632048, -3155.1218795893265, -47.670400722518025, -497.7223451835016]","[610.2290434825753, -3279.552465885202, -47.670400722518025, -497.7223451835016]","[598.3114433019458, -3403.9830521810773, -47.670400722518025, -497.7223451835016]","[563.5008033355632, -3381.847529267732, -139.24255986553055, 88.54209165338042]","[665.5894061107432, -3309.716279566847, 408.35441110072, 288.52499880354117]","[767.6780088859232, -3237.5850298659616, 408.35441110072, 288.52499880354117]","[869.7666116611032, -3165.4537801650763, 408.35441110072, 288.52499880354117]","[971.8552144362832, -3093.322530464191, 408.35441110072, 288.52499880354117]","[1073.9438172114617, -3021.1912807633057, 408.35441110071406, 288.52499880354117]","[1176.0324199866388, -2949.0600310624204, 408.3544111007086, 288.52499880354117]","[1278.121022761816, -2876.928781361535, 408.3544111007086, 288.52499880354117]"
572,Robot,"[1380.2096255369931, -2804.79753166065, 0, 0]","[1482.2982283121703, -2732.6662819597645, 408.3544111007086, 288.52499880354117]","[1584.3868310873474, -2660.5350322588797, 408.3544111007086, 288.52499880353935]","[1686.4754338625246, -2588.403782557994, 408.3544111007086, 288.524998803543]","[1788.5640366377015, -2516.2725328571087, 408.3544111007077, 288.52499880354117]","[1890.652639412879, -2444.1412831562234, 408.3544111007095, 288.52499880354117]","[1992.741242188056, -2372.010033455338, 408.3544111007086, 288.52499880354117]","[2114.0608253419155, -2362.219569984163, 485.27833261543765, 39.16185388469967]","[2239.0434523774284, -2364.303541985314, 499.9305081420521, -8.335888004603483]","[2364.0260794129413, -2366.387513986465, 499.9305081420516, -8.335888004603476]","[2489.008706448454, -2368.471485987616, 499.9305081420516, -8.335888004603476]","[2613.991333483967, -2370.555457988766, 499.9305081420516, -8.335888004601657]","[2738.97396051948, -2372.639429989917, 499.9305081420516, -8.335888004603476]","[2863.956587554993, -2374.7234019910684, 499.9305081420516, -8.335888004605295]","[2988.939214590506, -2376.8073739922197, 499.9305081420516, -8.335888004605295]","[3113.9218416260187, -2378.8913459933738, 499.9305081420516, -8.335888004616208]"
573,Robot,"[3238.904468661532, -2380.9753179945305, 0, 0]","[3363.8870956970445, -2383.059289995687, 499.9305081420498, -8.335888004625303]","[3488.8697227325574, -2385.143261996844, 499.9305081420516, -8.335888004628941]","[3613.8523497680703, -2387.227233998, 499.9305081420516, -8.335888004623484]","[3738.8349768035832, -2389.3112059991568, 499.9305081420516, -8.335888004627122]","[3863.817603839096, -2391.395178000313, 499.9305081420516, -8.335888004625303]","[3988.800230874609, -2393.47915000147, 499.9305081420516, -8.335888004627122]","[3986.8720496085352, -2374.707427415089, -7.712725064295228, 75.08689034552299]","[3867.795429910228, -2336.6842944402124, -476.30647879322936, 152.092531899507]","[3748.71881021192, -2298.661161465336, -476.3064787932326, 152.09253189950505]","[3629.642190513612, -2260.638028490459, -476.3064787932308, 152.09253189950869]","[3510.5655708153045, -2222.6148955155822, -476.3064787932308, 152.09253189950687]","[3391.4889511169968, -2184.591762540705, -476.3064787932308, 152.09253189950869]","[3272.412331418689, -2146.568629565829, -476.3064787932308, 152.09253189950505]","[3153.3357117203814, -2108.545496590952, -476.3064787932308, 152.09253189950687]","[3034.2590920220737, -2070.5223636160754, -476.3064787932308, 152.09253189950687]"
574,Robot,"[2915.182472323766, -2032.4992306412007, 0, 0]","[2796.1058526254583, -1994.4760976663288, -476.3064787932308, 152.09253189948777]","[2675.22856302079, -1963.254553112121, -483.5091584186739, 124.88617821683147]","[2552.936461346838, -1937.3771137455788, -489.1684066958078, 103.5097574661686]","[2430.644359672886, -1911.4996743790368, -489.1684066958078, 103.50975746616768]","[2308.352257998934, -1885.622235012495, -489.1684066958078, 103.50975746616768]","[2186.060156324982, -1859.744795645953, -489.1684066958078, 103.50975746616768]","[2063.76805465103, -1833.867356279411, -489.1684066958078, 103.50975746616768]","[1941.4759529770831, -1807.9899169128687, -489.16840669578824, 103.50975746616959]","[1819.1838513031369, -1782.1124775463272, -489.16840669578505, 103.50975746616587]","[1696.8917496291906, -1756.2350381797853, -489.16840669578505, 103.50975746616768]","[1574.5996479552443, -1730.3575988132434, -489.16840669578505, 103.50975746616768]","[1452.307546281298, -1704.4801594467017, -489.16840669578505, 103.50975746616677]","[1330.0154446073518, -1678.6027200801595, -489.16840669578505, 103.5097574661686]","[1207.7233429334055, -1652.7252807136176, -489.16840669578505, 103.50975746616768]","[1085.4312412594593, -1626.8478413470757, -489.16840669578505, 103.50975746616768]"
575,Robot,"[963.139139585513, -1600.9704019805315, 0, 0]","[840.8470379115668, -1575.0929626139866, -489.16840669578505, 103.50975746617951]","[718.5549362376205, -1549.215523247442, -489.16840669578505, 103.5097574661786]","[596.2628345636742, -1523.338083880897, -489.16840669578505, 103.50975746617951]","[473.883583160503, -1498.9553223649048, -489.5170056126849, 97.53104606396937]","[349.4127382559327, -1510.4448292621703, -497.8833796182812, -45.95802758906211]","[224.9418933513622, -1521.9343361594365, -497.883379618282, -45.95802758906484]","[100.47104844679129, -1533.423843056702, -497.8833796182837, -45.95802758906211]","[-23.99979645777937, -1544.9133499539678, -497.8833796182831, -45.958027589063065]","[-148.4706413623501, -1556.4028568512335, -497.88337961828296, -45.95802758906302]","[-272.941486266921, -1567.8923637484993, -497.8833796182836, -45.95802758906302]","[-397.4123311714913, -1579.381870645765, -497.8833796182812, -45.95802758906302]","[-521.8831760760617, -1590.8713775430308, -497.8833796182814, -45.95802758906302]","[-646.354020980632, -1602.3608844402966, -497.8833796182812, -45.95802758906302]","[-770.8248658852023, -1613.8503913375623, -497.8833796182812, -45.95802758906302]","[-895.6970726329143, -1618.243994103388, -499.48882699084834, -17.57441106330316]"
576,Robot,"[-1020.669619841412, -1620.8636208363532, 0, 0]","[-1145.642167049907, -1623.4832475693183, -499.89018883397966, -10.478506931860466]","[-1270.6147142584014, -1626.1028743022837, -499.89018883397785, -10.478506931861375]","[-1395.587261466896, -1628.7225010352488, -499.89018883397875, -10.478506931860466]","[-1520.5598086753907, -1631.342127768214, -499.89018883397875, -10.478506931860466]","[-1645.5323558838854, -1633.961754501179, -499.89018883397875, -10.478506931860466]","[-1770.50490309238, -1636.5813812341444, -499.89018883397785, -10.478506931861375]","[-1895.4774503008748, -1639.2010079671095, -499.89018883397966, -10.478506931860466]","[-2019.393066513764, -1632.5203525713985, -495.6624648515576, 26.722621582844138]","[-2140.59086016652, -1601.9246859876628, -484.79117461102396, 122.38266633494277]","[-2261.7886538192743, -1571.329019403927, -484.7911746110167, 122.38266633494277]","[-2382.986447472029, -1540.7333528201905, -484.7911746110185, 122.3826663349464]","[-2504.1842411247835, -1510.137686236453, -484.7911746110185, 122.38266633495004]","[-2625.382034777538, -1479.5420196527157, -484.7911746110185, 122.38266633494914]","[-2743.2047160709853, -1437.9333829109796, -471.2907251737888, 166.43454696694425]","[-2858.7724213775587, -1395.5185592602363, -462.27082122629326, 169.6592946029732]"
577,Robot,"[-2962.568441550843, -1355.2522664176513, 0, 0]","[-3057.043963804472, -1334.8095798788954, -377.9020890145148, 81.77074615502352]","[-3141.3208031874715, -1317.898595811421, -337.1073575319988, 67.6439362698975]","[-3216.893292343275, -1304.9410773493173, -302.2899566232136, 51.83007384841494]","[-3285.532430482319, -1297.1154757798702, -274.55655255617603, 31.302406277788577]","[-3350.258961011652, -1297.4381875073002, -258.9061221173324, -1.2908469097201305]","[-3421.745114335741, -1314.182109210755, -285.9446132963567, -66.97568681381927]","[-3511.581861625617, -1345.2611583186372, -359.3469891595032, -124.31619643152862]","[-3596.209200361642, -1374.2555844866274, -338.50935494410106, -115.97770467196106]","[-3674.410144296604, -1400.684826998621, -312.80377573984697, -105.71697004797443]","[-3745.3083943182846, -1424.1990990414108, -283.5930000867229, -94.0570881711592]","[-3808.273010689232, -1444.5465523622345, -251.85846548378868, -81.38981328329464]","[-3863.04845256624, -1461.6251843274783, -219.10176750803294, -68.31452786097543]","[-3909.8033999306977, -1475.502325866021, -187.01978945783048, -55.508566154170694]","[-3949.078315011232, -1486.3937098916167, -157.09966032213742, -43.565536102382794]","[-3981.6634962906833, -1494.614794886669, -130.34072511780505, -32.884339980209006]"
578,Robot,"[-4008.462453793074, -1500.526229273518, 0, 0]","[-4030.349299349849, -1504.4767124630391, -87.54738222709966, -15.801932758084149]","[-4018.933493993608, -1483.555180257328, 45.66322142496392, 83.6861288228447]","[-4004.416005198564, -1460.348600808441, 58.069955180175384, 92.82631779554777]","[-3993.639812178208, -1441.1205214011477, 43.10477208142402, 76.91231762917323]","[-3985.931787399409, -1425.1551374439575, 30.832099115195888, 63.86153582876068]","[-3999.507621181901, -1422.46848960464, -54.30333512996731, 10.746591357270518]","[-4060.434031763202, -1381.9243515105004, -243.70564232520337, 162.176552376558]","[-4133.514321241561, -1288.1627082589123, -292.32115791343887, 375.0465730063528]","[-4139.729078107249, -1227.1879738426785, -24.85902746274951, 243.89893766493515]","[-4014.935061212811, -1220.0148749759885, 499.1760675777514, 28.69239546675999]","[-3890.1410443183695, -1212.8417761092985, 499.17606757776593, 28.69239546675999]","[-3765.3470274239294, -1205.6686772426085, 499.1760675777605, 28.69239546675999]","[-3640.553010529488, -1198.4955783759185, 499.17606757776593, 28.69239546675999]","[-3515.758993635048, -1191.3224795092267, 499.1760675777605, 28.692395466767266]","[-3390.9649767406063, -1184.1493806425335, 499.17606757776593, 28.692395466772723]"
579,Robot,"[-3266.1709598461653, -1176.9762817758406, 0, 0]","[-3141.376942951724, -1169.8031829091474, 499.17606757776593, 28.692395466772723]","[-3016.582926057283, -1162.6300840424542, 499.1760675777623, 28.692395466772723]","[-2891.788909162842, -1155.456985175761, 499.1760675777641, 28.692395466772723]","[-2766.994892268401, -1148.2838863090678, 499.1760675777641, 28.692395466772723]","[-2642.20087537396, -1141.1107874423749, 499.1760675777641, 28.692395466771814]","[-2517.406858479519, -1133.9376885756817, 499.1760675777641, 28.692395466772723]","[-2392.612841585078, -1126.7645897089883, 499.1760675777641, 28.692395466773633]","[-2267.818824690637, -1119.5914908422951, 499.17606757776457, 28.692395466772748]","[-2143.222881727844, -1124.8703896053914, 498.38377185117133, -21.115595052385288]","[-2018.720150027002, -1136.0090519589764, 498.0109268033684, -44.55464941434002]","[-1894.217418326156, -1147.1477143125614, 498.0109268033848, -44.55464941434002]","[-1769.7146866253092, -1158.2863766661465, 498.0109268033866, -44.55464941434002]","[-1645.2119549244628, -1169.4250390197317, 498.0109268033857, -44.55464941434093]","[-1526.413268383661, -1201.6648445814824, 475.1947461632071, -128.9592222470028]","[-1405.471127067309, -1227.616333751458, 483.76856526540814, -103.80595667990201]"
580,Robot,"[-1280.885976417212, -1237.7918060988711, 0, 0]","[-1156.3008257671152, -1247.967278446284, 498.3406026003877, -40.701889389651114]","[-1031.7156751170182, -1258.1427507936971, 498.3406026003877, -40.70188938965293]","[-907.1305244669212, -1268.31822314111, 498.34060260038814, -40.701889389651114]","[-782.5453738168244, -1278.4936954885231, 498.34060260038723, -40.70188938965293]","[-657.9602231667275, -1288.6691678359362, 498.3406026003877, -40.701889389652024]","[-533.3750725166306, -1298.8446401833492, 498.3406026003877, -40.701889389652024]","[-408.7899218665348, -1309.0201125307622, 498.3406026003829, -40.701889389652024]","[-284.2047712164393, -1319.1955848781752, 498.34060260038245, -40.70188938965206]","[-159.61962056634383, -1329.3710572255882, 498.340602600382, -40.701889389652024]","[-35.034469916248284, -1339.5465295730012, 498.34060260038217, -40.701889389652024]","[89.55068073384732, -1349.7220019204142, 498.3406026003824, -40.701889389652024]","[214.1358313839428, -1359.8974742678272, 498.3406026003819, -40.701889389652024]","[338.72098203403834, -1370.0729466152402, 498.3406026003822, -40.701889389652024]","[463.3061326841338, -1380.2484189626532, 498.34060260038177, -40.701889389652024]","[587.8912833342303, -1390.4238913100662, 498.34060260038586, -40.701889389652024]"
581,Robot,"[712.4764339843272, -1400.5993636574792, 0, 0]","[837.0615846344241, -1410.7748360048922, 498.3406026003877, -40.701889389652024]","[961.646735284521, -1420.9503083523052, 498.3406026003877, -40.701889389652024]","[1086.2318859346178, -1431.1257806997182, 498.34060260038723, -40.701889389652024]","[1210.8170365847147, -1441.3012530471312, 498.3406026003877, -40.701889389652024]","[1335.4021872348117, -1451.4767253945442, 498.3406026003877, -40.701889389652024]","[1459.9873378849086, -1461.6521977419573, 498.3406026003877, -40.701889389652024]","[1584.5724885350055, -1471.8276700893705, 498.3406026003877, -40.70188938965293]","[1709.1576391851024, -1482.0031424367833, 498.34060260038814, -40.70188938965115]","[1833.7427898351996, -1492.1786147841965, 498.3406026003886, -40.70188938965293]","[1958.3279404852965, -1502.3540871316093, 498.3406026003877, -40.701889389651114]","[2077.9800050588697, -1511.1194517456847, 478.6082582942927, -35.06145845630181]","[2201.419623845424, -1520.5864167128527, 493.7584751462182, -37.867859868671985]","[2325.9898671819874, -1530.9427903575272, 498.2809733462527, -41.42549457869791]","[2450.560110518551, -1541.2991640022017, 498.28097334625454, -41.42549457869791]","[2574.053393041264, -1550.9225714828776, 493.97313009085155, -38.4936299227038]"
582,Robot,"[2690.8725330081293, -1527.463334190284, 0, 0]","[2783.771664012349, -1552.2384848605384, 371.5965240168789, -99.10060268101734]","[2907.248121843497, -1567.9687030884231, 493.9058313245914, -62.920872911538936]","[3031.440075394404, -1582.1261963331074, 496.7678142036293, -56.62997297873699]","[3149.5948574349013, -1614.30102858959, 472.61912816198856, -128.69932902593064]","[3262.969344624468, -1658.60903498206, 453.4979487582659, -177.23202556987962]","[3387.0779126583666, -1673.5108248267002, 496.43427213559517, -59.60715937856094]","[3511.186480692265, -1688.4126146713404, 496.43427213559335, -59.60715937856094]","[3635.2950487261633, -1703.3144045159806, 496.4342721355938, -59.607159378560986]","[3759.4036167600616, -1718.2161943606209, 496.43427213559335, -59.60715937856094]","[3883.51218479396, -1733.117984205261, 496.43427213559335, -59.60715937856094]","[4007.620752827858, -1748.0197740499011, 496.4342721355915, -59.60715937856003]","[4131.729320861757, -1762.9215638945416, 496.43427213559517, -59.607159378561846]","[4255.837888895655, -1777.8233537391818, 496.43427213559335, -59.60715937856094]","[4379.946456929553, -1792.725143583822, 496.43427213559335, -59.60715937856094]","[4504.055024963452, -1807.6269334284625, 496.43427213559335, -59.607159378561846]"
583,Robot,"[4628.16359299735, -1822.5287232731023, 0, 0]","[4752.272161031248, -1837.4305131177427, 496.43427213559335, -59.607159378561846]","[4849.294490685842, -1898.2302276818943, 388.0893186183748, -243.1988582566064]","[4938.725586115418, -1967.551227181427, 357.72438171830436, -277.28399799813087]","[5028.679514782169, -2030.4814266869184, 359.8157146670019, -251.7207980219655]","[5115.104204820989, -2093.170387125773, 345.6987601552828, -250.75584175541735]","[5198.990369030361, -2151.897346271656, 335.5446568374864, -234.90783658353212]","[5284.994334230776, -2198.8078571434444, 344.0158608016609, -187.6420434871543]","[5342.051021971555, -2280.943653831024, 228.2267509631167, -328.54318675031965]","[5374.1843766737975, -2381.16939564393, 128.53341880896915, -400.9029672516226]","[5459.052727796917, -2410.736700848389, 339.47340449247713, -118.26922081783596]","[5571.332052431127, -2355.797158989304, 449.11729853683937, 219.75816743633914]","[5683.6113770653365, -2300.857617130212, 449.11729853683937, 219.75816743636824]","[5795.890701699546, -2245.918075271119, 449.11729853683937, 219.75816743637188]","[5908.170026333756, -2190.978533412026, 449.11729853683937, 219.75816743637188]","[5965.339047751148, -2138.888598115723, 228.67608566956915, 208.35974118521153]"
584,Robot,"[5847.992108981952, -2095.822416934921, 0, 0]","[5730.645170212755, -2052.7562357541187, -469.38775507678656, 172.26472472320893]","[5613.298231443559, -2009.6900545733165, -469.3877550767829, 172.26472472320893]","[5495.951292674362, -1966.6238733925145, -469.3877550767902, 172.26472472320802]","[5385.4742530835, -1909.0115104326237, -441.908158363447, 230.44945183956315]","[5277.66884095088, -1845.7422990030864, -431.2216485304816, 253.07684571814934]","[5169.863428818259, -1782.47308757355, -431.2216485304816, 253.0768457181457]","[5062.058016685639, -1719.2038761440133, -431.2216485304816, 253.07684571814661]","[4954.2526045530185, -1655.9346647144766, -431.221648530482, 253.07684571814684]","[4846.447192420398, -1592.66545328494, -431.2216485304816, 253.07684571814661]","[4738.641780287778, -1529.396241855403, -431.2216485304816, 253.07684571814752]","[4630.836368155157, -1466.127030425867, -431.2216485304816, 253.0768457181448]","[4523.030956022537, -1402.85781899633, -431.2216485304816, 253.07684571814752]","[4415.2255438899165, -1339.5886075667934, -431.2216485304816, 253.07684571814661]","[4307.420131757296, -1276.3193961372567, -431.2216485304816, 253.07684571814661]","[4199.614719624676, -1213.05018470772, -431.2216485304816, 253.07684571814661]"
585,Robot,"[4107.58883336225, -1166.3562800068762, 0, 0]","[4072.837653525782, -1172.6828443167335, -139.0047193458704, -25.306257239429215]","[3966.456805202404, -1107.9942719270823, -425.5233932935116, 258.7542895586048]","[3870.30651589928, -1028.2041810747137, -384.6011572124971, 319.1603634094745]","[3765.749020155148, -960.0210778871086, -418.229982976527, 272.7324127504203]","[3657.974962933328, -896.6984706291383, -431.09622888728154, 253.2904290318811]","[3550.224789427417, -833.3354857272751, -431.0006940236435, 253.4519396074529]","[3443.0204961718687, -769.0778861285767, -428.81717302219295, 257.0303983947938]","[3340.598207820639, -697.4652906798066, -409.68915340491947, 286.4503817950806]","[3234.4590775602032, -631.4711366346306, -424.5565210417426, 263.9766161807038]","[3126.279424672829, -568.8439988400881, -432.7186115494969, 250.5085511781699]","[3018.0930412116422, -506.2284541759277, -432.7455338447471, 250.46217865664175]","[2909.9066577504564, -443.61290951176727, -432.7455338447435, 250.46217865664175]","[2801.72027428927, -380.9973648476068, -432.7455338447453, 250.46217865664198]","[2693.533890828084, -318.3818201834464, -432.7455338447435, 250.46217865664153]","[2585.3475073668974, -255.766275519286, -432.7455338447471, 250.46217865664153]"
586,Robot,"[2477.1611239057124, -193.15073085512623, 0, 0]","[2368.9747404445275, -130.53518619096653, -432.74553384473984, 250.4621786566388]","[2260.788356983342, -67.9196415268068, -432.74553384474166, 250.4621786566389]","[2152.601973522157, -5.30409686264694, -432.74553384473984, 250.46217865663942]","[2044.415590060972, 57.31144780151292, -432.74553384474075, 250.46217865663942]","[1936.2292065997867, 119.92699246567268, -432.74553384474075, 250.46217865663905]","[1828.0428231386013, 182.5425371298324, -432.74553384474166, 250.46217865663886]","[1719.8564396774163, 245.15808179399207, -432.74553384473984, 250.46217865663868]","[1611.534564475661, 307.53185866776107, -433.2875008070218, 249.49510749507624]","[1501.6545342573488, 367.1253059520296, -439.52012087324874, 238.37378913707403]","[1391.7745040390366, 426.7187532362982, -439.52012087324874, 238.37378913707448]","[1281.8944738207244, 486.3122005205668, -439.52012087324874, 238.37378913707448]","[1172.0144436024125, 545.9056478048353, -439.52012087324783, 238.37378913707403]","[1062.1344133841, 605.4990950891039, -439.52012087324965, 238.37378913707425]","[952.254383165788, 665.0925423733725, -439.5201208732483, 238.37378913707425]","[842.3743529474757, 724.685989657641, -439.5201208732492, 238.37378913707425]"
587,Robot,"[732.4943227291635, 784.2794369419096, 0, 0]","[622.6142925108513, 843.8728842261781, -439.52012087324874, 238.37378913707425]","[512.7342622925391, 903.4663315104468, -439.52012087324874, 238.3737891370747]","[402.85423207422696, 963.0597787947152, -439.52012087324874, 238.37378913707335]","[292.9742018559148, 1022.6532260789838, -439.5201208732485, 238.3737891370747]","[183.09417163760256, 1082.2466733632496, -439.5201208732491, 238.3737891370629]","[73.21414141929058, 1141.8401206475153, -439.5201208732479, 238.3737891370629]","[-36.66588879902129, 1201.433567931781, -439.5201208732475, 238.3737891370629]","[-146.54591901733318, 1261.0270152160467, -439.52012087324795, 238.37378913706308]","[-256.4259492356447, 1320.6204625003124, -439.520120873246, 238.3737891370629]","[-366.30597945395687, 1380.2139097845802, -439.52012087324874, 238.37378913707107]","[-476.18600967226905, 1439.807357068849, -439.52012087324874, 238.3737891370747]","[-586.0660398905812, 1499.4008043531176, -439.52012087324874, 238.3737891370747]","[-695.9460701088934, 1558.9942516373865, -439.52012087324874, 238.37378913707562]","[-805.8261003272056, 1618.5876989216554, -439.52012087324874, 238.37378913707562]","[-915.7061305455178, 1678.181146205924, -439.52012087324874, 238.3737891370747]"
588,Robot,"[-1025.58616076383, 1737.7745934901927, 0, 0]","[-1135.466190982142, 1797.3680407744616, -439.52012087324783, 238.37378913707562]","[-1245.3462212004542, 1856.9614880587303, -439.52012087324874, 238.3737891370747]","[-1355.2262514187664, 1916.5549353429992, -439.52012087324874, 238.37378913707562]","[-1465.1062816370786, 1976.148382627268, -439.52012087324874, 238.3737891370747]","[-1574.9863118553908, 2035.7418299115368, -439.52012087324874, 238.37378913707562]","[-1684.866342073703, 2095.3352771958075, -439.52012087324874, 238.3737891370829]","[-1794.7463722920152, 2154.928724480079, -439.52012087324874, 238.37378913708562]","[-1904.6264025103276, 2214.5221717643503, -439.52012087325005, 238.37378913708582]","[-2014.5064327286395, 2274.1156190486217, -439.52012087324783, 238.37378913708562]","[-2124.386462946952, 2333.709066332893, -439.52012087325056, 238.37378913708562]","[-2234.266493165264, 2393.302513617163, -439.5201208732469, 238.37378913708017]","[-2344.146523383576, 2452.895960901428, -439.52012087324874, 238.37378913706016]","[-2448.614662708168, 2521.1756694294654, -417.8725572983676, 273.11883411214876]","[-2550.53602984748, 2593.5430303075127, -407.6854685572489, 289.4694435121892]","[-2652.4573969867915, 2665.91039118556, -407.68546855724526, 289.4694435121892]"
589,Robot,"[-2754.3787641261038, 2738.2777520636077, 0, 0]","[-2856.300131265415, 2810.6451129416546, -407.68546855724526, 289.46944351218735]","[-2958.221498404727, 2883.012473819702, -407.6854685572471, 289.4694435121892]","[-3060.1428655440386, 2955.379834697749, -407.6854685572471, 289.4694435121892]","[-3162.0642326833504, 3027.7471955757965, -407.6854685572471, 289.4694435121892]","[-3263.985599822662, 3100.114556453844, -407.6854685572471, 289.469443512191]","[-3363.8571307884176, 3172.2534637221243, -399.48612386302193, 288.55562907312014]","[-3408.758907141945, 3174.641010965955, -179.60710541411026, 9.55018897532318]","[-3448.809662683443, 3155.1971259427537, -160.2030221659917, -77.77554009280546]","[-3388.335850044097, 3167.870176318561, 241.89525055738522, 50.692201503228716]","[-3301.2709440663766, 3194.4633682598965, 348.2596239108807, 106.37276776534236]","[-3192.0361112206547, 3229.029574329873, 436.93933138288776, 138.26482427990595]","[-3144.712297229952, 3226.5007157198324, 189.2952559628102, -10.115434440162062]","[-3098.1232718668043, 3281.0464168287413, 186.35610145259125, 218.18280443563526]","[-3052.6394287477365, 3371.657664871422, 181.93537247627137, 362.4449921707237]","[-3010.4796916983105, 3471.1405824339126, 168.63894819770394, 397.9316702499618]"
590,Robot,"[-2967.2964921126904, 3528.5675922007667, 0, 0]","[-2914.224261606706, 3534.020932946438, 212.28892202393763, 21.81336298268434]","[-2866.997506147445, 3478.572934690846, 188.90702183704343, -221.79199302236702]","[-2827.2538969611423, 3413.0330587576664, 158.97443674521128, -262.1595037327188]","[-2812.9650556540446, 3381.2062671800045, 57.15536522839102, -127.30716631064752]","[-2774.257943490516, 3347.3899749614643, 154.82844865411425, -135.26516887416074]","[-2716.328994450013, 3262.26428006741, 231.71579616201234, -340.502779576218]","[-2682.0857407415965, 3156.874328696965, 136.97301483366573, -421.5598054817783]","[-2683.148121103025, 3038.405487133454, -4.2495214457139845, -473.8753662540461]","[-2707.4576926477816, 2915.792091734292, -97.23828617902655, -490.4535815966465]","[-2731.7672641925383, 2793.1786963351296, -97.23828617902655, -490.4535815966501]","[-2756.0768357372967, 2670.565300935968, -97.23828617903382, -490.4535815966465]","[-2779.525638052055, 2547.794326591571, -93.79520925903307, -491.0838973775881]","[-2802.977823175835, 2425.0249780259173, -93.80874049512022, -491.0773942626147]","[-2827.7054541372904, 2302.495209124502, -98.91052384582144, -490.11907560566215]","[-2829.240346130555, 2183.284752229876, -6.139567973057638, -476.8418275785025]"
591,Robot,"[-2771.1367664913405, 2072.609669066996, 0, 0]","[-2713.033186852126, 1961.9345859041205, 232.41431855685732, -442.7003326515023]","[-2654.929607212912, 1851.259502741246, 232.41431855685732, -442.7003326514978]","[-2596.826027573697, 1740.5844195783716, 232.41431855685914, -442.7003326514978]","[-2538.722447934483, 1629.9093364154971, 232.4143185568555, -442.7003326514978]","[-2480.618868295269, 1519.2342532526227, 232.41431855685732, -442.7003326514978]","[-2422.5152886560545, 1408.5591700897482, 232.41431855685732, -442.7003326514978]","[-2364.41170901684, 1297.8840869268738, 232.41431855685732, -442.7003326514978]","[-2306.308129377626, 1187.2090037639994, 232.41431855685752, -442.7003326514982]","[-2248.2045497384115, 1076.533920601125, 232.41431855685732, -442.7003326514978]","[-2190.100970099197, 965.8588374382504, 232.41431855685732, -442.70033265149823]","[-2131.997390459983, 855.183754275376, 232.41431855685732, -442.7003326514973]","[-2073.8938108207685, 744.5086711125016, 232.41431855685732, -442.7003326514978]","[-2015.7902311815544, 633.8335879496271, 232.41431855685641, -442.7003326514978]","[-1958.1387550996467, 522.927046940186, 230.60590432763092, -443.62616403776474]","[-1900.5736164893365, 411.9804519492295, 230.26055444124086, -443.78637996382577]"
592,Robot,"[-1842.4291536312508, 301.32684180051007, 0, 0]","[-1784.2846907731669, 190.67323165179025, 232.5778514323356, -442.6144405948793]","[-1726.1402279150827, 80.0196215030703, 232.5778514323365, -442.6144405948798]","[-1667.9957650569986, -30.633988645649595, 232.5778514323365, -442.61444059487957]","[-1609.851302198915, -141.28759879436944, 232.57785143233468, -442.6144405948794]","[-1551.7068393408306, -251.94120894308955, 232.5778514323374, -442.6144405948804]","[-1493.562376482747, -362.594819091809, 232.57785143233468, -442.6144405948777]","[-1435.4179136246632, -473.2484292405284, 232.57785143233468, -442.6144405948778]","[-1377.2734507665791, -583.9020393892478, 232.5778514323367, -442.61444059487775]","[-1319.1289879084954, -694.5556495379672, 232.57785143233468, -442.6144405948776]","[-1260.9845250504118, -805.2092596866866, 232.57785143233468, -442.6144405948776]","[-1202.840062192328, -915.862869835406, 232.57785143233468, -442.6144405948776]","[-1144.6955993342442, -1026.5164799841257, 232.5778514323356, -442.61444059487894]","[-1086.551136476159, -1137.1700901328477, 232.57785143234105, -442.61444059488804]","[-1028.4066736180737, -1247.82370028157, 232.57785143234105, -442.61444059488895]","[-970.2622107599898, -1358.4773104302922, 232.5778514323356, -442.61444059488895]"
593,Robot,"[-912.1177479019058, -1469.1309205790144, 0, 0]","[-853.9732850438218, -1579.7845307277366, 232.57785143233605, -442.61444059488895]","[-795.8288221857377, -1690.4381408764589, 232.57785143233605, -442.61444059488895]","[-737.6843593276537, -1801.0917510251788, 232.57785143233605, -442.61444059487985]","[-679.5398964695697, -1911.7453611738963, 232.57785143233605, -442.61444059486985]","[-618.2625020389596, -2020.566726833732, 245.10957772244046, -435.28546263934277]","[-550.3276280167315, -2125.494572954693, 271.73949608891235, -419.7113844838441]","[-482.3927539945034, -2230.4224190756536, 271.7394960889126, -419.71138448384227]","[-414.45787997227535, -2335.3502651966146, 271.73949608891235, -419.7113844838445]","[-346.52300595004726, -2440.278111317576, 271.73949608891235, -419.7113844838459]","[-278.5881319278192, -2545.2059574385366, 271.73949608891235, -419.71138448384227]","[-210.6532579055906, -2650.1338035594977, 271.7394960889143, -419.7113844838441]","[-142.7183838833618, -2755.0616496804587, 271.7394960889152, -419.7113844838441]","[-74.78350986113301, -2859.98949580142, 271.7394960889152, -419.7113844838459]","[-6.848635838904208, -2964.9173419223807, 271.7394960889152, -419.71138448384227]","[61.08623818332461, -3069.8451880433418, 271.7394960889153, -419.7113844838441]"
594,Robot,"[129.0211122055534, -3174.7730341643028, 0, 0]","[196.9559862277822, -3279.700880285264, 271.7394960889152, -419.7113844838441]","[264.89086025001154, -3384.628726406225, 271.73949608891735, -419.7113844838441]","[332.82573427224105, -3489.556572527186, 271.73949608891803, -419.7113844838441]","[314.3033657295588, -3368.7279518046066, -74.08947417072909, 483.31448289031687]","[292.91093118916774, -3245.572100362477, -85.56973816156415, 492.62340576851784]","[283.2240213878525, -3137.181905790693, -38.747639205261066, 433.5607782871375]","[259.0083027018294, -3016.9634430551755, -96.86287474409232, 480.8738509420691]","[236.5002089665415, -2894.134961105309, -90.03237494115169, 491.31392779946736]","[182.2512347956617, -2796.9407103902968, -216.99589668351916, 388.777002860048]","[82.13688847062518, -2747.749185448297, -400.4573853001461, 196.76609976799955]","[17.771760524490436, -2692.8512387252053, -257.460511784539, 219.59178689236614]","[38.48304882933932, -2658.6311055154106, 82.84515321939553, 136.88053283917907]","[62.78965135751351, -2674.002997105755, 97.22641011269678, -61.48756636137841]","[-35.71763761272156, -2681.4918242902195, -394.02915588094027, -29.955308737857195]","[-145.9947709443307, -2709.3863032558097, -441.10853332643654, -111.5779158623609]"
595,Robot,"[-190.50719835396296, -2697.7009003942944, 0, 0]","[-157.60677385186895, -2623.589547925917, 131.60169800837605, 296.44540987350956]","[-107.41639887383296, -2527.6430479868222, 200.76149991214396, 383.78599975637917]","[-128.87895256830558, -2428.958660890104, -85.85021477789047, 394.73754838687273]","[-200.7438129485932, -2326.682359419423, -287.45944152115044, 409.1052058827245]","[-272.6086733288808, -2224.406057948742, -287.45944152115044, 409.1052058827245]","[-344.4735337091684, -2122.1297564780607, -287.45944152115044, 409.1052058827245]","[-416.338394089456, -2019.85345500738, -287.45944152115044, 409.10520588272266]","[-488.2032544697436, -1917.5771535366985, -287.45944152115067, 409.10520588272664]","[-560.0681148500313, -1815.3008520660171, -287.45944152115067, 409.1052058827254]","[-631.9329752303189, -1713.0245505953362, -287.45944152115044, 409.10520588272357]","[-703.7978356106065, -1610.748249124655, -287.45944152115044, 409.1052058827245]","[-775.6626959908941, -1508.471947653974, -287.45944152115044, 409.1052058827245]","[-847.5275563711817, -1406.1956461832929, -287.45944152115044, 409.1052058827245]","[-919.3924167514692, -1303.9193447126115, -287.45944152115, 409.1052058827254]","[-991.257277131757, -1201.6430432419306, -287.4594415211509, 409.10520588272357]"
