,Type,Point_1,Point_2,Point_3,Point_4,Point_5,Point_6,Point_7,Point_8,Point_9,Point_10,Point_11,Point_12,Point_13,Point_14,Point_15,Point_16
0,People,"[-2876.081288754717, 3263.430175018868, 214.01785283018762, -15.329411320755753]","[-2822.57682554717, 3259.5978221886794, 214.01785283018944, -15.329411320753934]","[-2769.072362339623, 3255.7654693584905, 214.01785283018762, -15.329411320755753]","[-2718.90559, 3149.77892, 200.66708935849238, -423.94619743396106]","[-2605.03728, 2949.12397, 455.47323999999935, -802.6198000000004]","[-2418.05491, 2793.52433, 747.9294800000007, -622.3985599999996]","[-2194.08237, 2688.82165, 895.890159999999, -418.8107200000013]","[-1944.97519, 2534.4778, 996.4287199999999, -617.375399999999]","[-1694.63946, 2378.35486, 1001.342920000001, -624.4917600000014]","[-1452.35286, 2320.99133, 969.1464000000005, -229.45412000000033]","[-1176.48613, 2236.36931, 1103.4669199999998, -338.4880799999992]","[-889.05506, 2101.81115, 1149.72428, -538.2326400000002]","[-598.50688, 1937.29964, 1162.19272, -658.0460400000002]","[-286.48685, 1834.71568, 1248.08012, -410.33583999999973]","[23.92881, 1776.76598, 1241.66264, -231.79880000000048]","[337.80639, 1690.38262, 1255.51032, -345.53343999999925]"
1,People,"[634.69782, 1574.34671, 1187.5657199999998, -464.14364000000023]","[935.5705, 1454.65397, 1203.4907200000002, -478.77095999999983]","[1238.22071, 1331.41433, 1210.60084, -492.95856000000003]","[1505.89095, 1155.94444, 1070.6809599999997, -701.8795600000003]","[1724.85036, 959.87863, 875.8376399999997, -784.2632399999998]","[1985.33452, 829.54343, 1041.9366400000008, -521.3408000000004]","[2282.11312, 734.39689, 1187.1143999999995, -380.58615999999984]","[2592.39305, 635.59646, 1241.1197200000006, -395.20172]","[2915.12989, 568.5097, 1290.9473600000013, -268.34704000000033]","[3226.66987, 553.87246, 1246.15992, -58.548959999999624]","[3504.90806, 525.41252, 1112.9527600000001, -113.8397600000003]","[3747.62884, 431.30289, 970.8831199999986, -376.4385199999999]","[3985.39568, 337.1786, 951.0673600000009, -376.4971599999999]","[4257.53633, 270.78349, 1088.5625999999993, -265.5804400000002]","[4479.82463, 157.58522, 889.1532000000007, -452.7930799999999]","[4652.83017, 4.20444, 692.0221600000004, -613.52312]"
2,People,"[4781.10519, -163.29744, 513.1000800000002, -670.00752]","[4913.08581, -303.14673, 527.9224799999974, -559.39716]","[5045.8755, -408.43007, 531.1587600000021, -421.13336000000004]","[5139.78227, -527.71025, 375.6270799999984, -477.1207199999999]","[5190.95366, -633.22435, 204.68556000000171, -422.05639999999994]","[5240.58685, -700.58876, 198.53275999999823, -269.4576400000001]","[5316.26813, -738.55302, 302.7251200000028, -151.85703999999987]","[5395.45009, -767.42622, 316.72783999999956, -115.49279999999999]","[5441.89071, -799.71185, 185.76247999999777, -129.14252000000045]","[5453.91441, -831.50745, 48.09480000000258, -127.18239999999969]","[5459.78797, -859.67387, 23.49423999999999, -112.66568000000007]","[5464.09404, -877.86232, 17.224279999998544, -72.75379999999996]","[5448.29975, -901.30806, -63.177159999999276, -93.78296]","[5402.02858, -945.69471, -185.08467999999993, -177.54660000000013]","[5384.21538, -963.83219, -71.25280000000203, -72.54991999999993]","[5384.86985, -967.87734, 2.6178800000016054, -16.18060000000014]"
3,People,"[5399.25922, -980.59367, 57.557479999999074, -50.86531999999952]","[5439.13373, -999.61062, 159.49803999999858, -76.06780000000026]","[5515.23862, -1032.03705, 304.4195600000021, -129.70571999999947]","[5615.2767, -1127.08282, 400.15232000000105, -380.1830800000007]","[5705.15914, -1282.14998, 359.5297599999976, -620.2686399999993]","[5854.4629, -1434.99778, 597.2150400000028, -611.3912]","[6036.67275, -1581.76721, 728.8393999999971, -587.0777200000002]","[6157.76311, -1713.69001, 484.3614400000006, -527.6912000000002]","[6171.576380588235, -1746.890145735294, 55.25308235294147, -132.8005429411761]","[6148.333439411765, -1755.521656764706, -92.97176470588238, -34.52604411764787]","[6125.090498235294, -1764.1531677941175, -92.97176470588238, -34.52604411764605]","[6131.89537, -1751.95168, 27.219487058824598, 48.805951176470444]","[6149.5646, -1754.74967, 70.67691999999806, -11.191960000000108]","[6160.23727, -1766.9564, 42.6906799999997, -48.82692000000043]","[6164.97439, -1778.22697, 18.948480000002746, -45.08227999999963]","[6163.76308, -1780.30516, -4.845240000002377, -8.312759999999798]"
4,People,"[6155.28973, -1774.00659, -33.8933999999972, 25.194279999999708]","[6170.26476, -1736.00097, 59.900119999998424, 152.02247999999963]","[6190.46515, -1733.40499, 80.80155999999988, 10.383920000000217]","[6181.27776, -1747.38175, -36.7495600000002, -55.90704000000005]","[6188.0591, -1745.87613, 27.12536000000182, 6.022479999999632]","[6233.39295, -1700.6997, 181.33539999999994, 180.70572000000084]","[6269.84165, -1658.91221, 145.79479999999967, 167.14995999999974]","[6277.62655, -1656.3518, 31.13959999999861, 10.241640000000189]","[6263.33316, -1696.66307, -57.17355999999932, -161.24508000000074]","[6223.66657, -1737.06912, -158.66635999999926, -161.6242000000002]","[6175.16938, -1741.21821, -193.98876000000018, -16.59635999999955]","[6156.83326, -1661.2984, -73.34447999999975, 319.6792400000004]","[6077.24193, -1611.25868, -318.3653200000008, 200.15887999999995]","[5979.18749, -1537.03606, -392.21775999999954, 296.89048]","[5845.82322, -1456.46761, -533.4570800000001, 322.27379999999994]","[5677.54304, -1432.67676, -673.1207200000026, 95.16339999999946]"
5,People,"[5460.17555, -1428.99414, -869.4699599999985, 14.73048000000017]","[5223.62028, -1415.69494, -946.2210799999993, 53.19679999999971]","[4973.53387, -1389.03124, -1000.3456399999995, 106.65480000000025]","[4695.11101, -1415.70508, -1113.6914400000023, -106.69535999999971]","[4415.68417, -1467.74478, -1117.7073599999967, -208.15880000000016]","[4127.75351, -1479.54123, -1151.7226400000036, -47.1858000000002]","[3821.87816, -1468.03498, -1223.5013999999974, 46.025000000000546]","[3502.68652, -1482.86041, -1276.76656, -59.30172000000039]","[3187.93137, -1503.66951, -1259.0206000000028, -83.23639999999985]","[2863.6691, -1486.00515, -1297.0490799999989, 70.65743999999995]","[2538.14695, -1433.00771, -1302.088600000001, 211.98975999999948]","[2195.79732, -1414.03537, -1369.3985199999988, 75.88936000000012]","[1854.59433, -1404.52992, -1364.811960000001, 38.02180000000044]","[1524.05186, -1340.27085, -1322.1698799999995, 257.03627999999935]","[1185.40225, -1258.96198, -1354.5984399999998, 325.2354800000003]","[856.0909, -1225.1169, -1317.2454000000002, 135.3803200000002]"
6,People,"[520.27371, -1201.65004, -1343.26876, 93.86743999999999]","[200.16879, -1140.7158, -1280.4196800000002, 243.73696000000018]","[-113.66244, -1071.69943, -1255.32492, 276.0654800000002]","[-435.8156, -1030.06278, -1288.61264, 166.54659999999967]","[-766.21554, -972.22478, -1321.59976, 231.35199999999986]","[-1060.20176, -856.68999, -1175.9448799999996, 462.1391600000002]","[-1353.48085, -756.80566, -1173.11636, 399.5373199999999]","[-1644.6994, -719.67986, -1164.8742000000002, 148.5032000000001]","[-1940.96729, -690.67748, -1185.0715600000015, 116.00952000000017]","[-2248.86955, -633.72718, -1231.6090399999994, 227.80119999999988]","[-2560.65957, -601.10049, -1247.1600799999997, 130.50675999999976]","[-2867.78396, -607.34589, -1228.4975600000016, -24.98160000000007]","[-3169.83885, -616.87449, -1208.2195599999995, -38.11439999999993]","[-3457.1032, -595.57197, -1149.0573999999997, 85.21008000000029]","[-3723.74213, -626.10129, -1066.5557200000003, -122.11727999999994]","[-3877.917017132076, -671.256907735849, -616.6995485283041, -180.62247094339637]"
7,People,"[-3891.793286943396, -667.3815681132075, -55.505079245281074, 15.501358490566183]","[-3905.669556754717, -663.5062284905661, -55.50507924528392, 15.501358490565963]","[-3919.5458265660377, -659.6308888679245, -55.505079245282104, 15.501358490566417]","[-3933.422096377359, -655.755549245283, -55.50507924528574, 15.501358490565963]","[-3947.298366188679, -651.8802096226415, -55.505079245280285, 15.501358490565963]","[-3961.174636, -648.00487, -55.50507924528392, 15.501358490565963]","[-3975.0509058113207, -644.1295303773585, -55.505079245282104, 15.501358490565963]","[-3988.9271756226417, -640.254190754717, -55.50507924528392, 15.501358490565963]","[-4002.803445433962, -636.3788511320754, -55.505079245282154, 15.501358490566432]","[-4016.6797152452823, -632.5035115094339, -55.505079245280285, 15.501358490565963]","[-4030.555985056604, -628.6281718867924, -55.50507924528756, 15.501358490565963]","[-4044.432254867924, -624.7528322641509, -55.505079245278466, 15.501358490565963]","[-4058.308524679245, -620.8774926415094, -55.50507924528392, 15.501358490565963]","[-4072.1847944905658, -617.002153018868, -55.50507924528392, 15.501358490565963]","[-4086.061064301887, -613.1268133962263, -55.50507924528574, 15.501358490566417]","[-4099.937334113208, -609.2514737735848, -55.505079245282104, 15.501358490565963]"
8,People,"[-4113.813603924528, -605.3761341509434, -55.505079245282104, 15.501358490565963]","[-4127.689873735849, -601.5007945283019, -55.505079245282104, 15.501358490565963]","[-4141.566143547169, -597.6254549056604, -55.505079245282104, 15.501358490565963]","[-4155.44241335849, -593.7501152830189, -55.505079245282104, 15.501358490565963]","[-4147.94575, -582.74462, 29.986653433959873, 44.021981132075325]","[-4042.35537, -588.2968, 422.36151999999856, -22.20871999999963]","[-3939.99723, -641.07308, 409.4325600000011, -211.10512000000017]","[-3832.51076, -703.64618, 429.9458799999993, -250.29239999999982]","[-3722.53843, -658.43625, 439.8893200000006, 180.8397200000001]","[-3585.97745, -587.2531, 546.2439200000008, 284.7325999999998]","[-3452.71188, -589.67594, 533.0622800000001, -9.691359999999804]","[-3240.24211, -635.36128, 849.8790799999988, -182.74136]","[-2977.30557, -695.78875, 1051.7461600000006, -241.70988000000034]","[-2710.42987, -718.79927, 1067.5028000000002, -92.04207999999971]","[-2441.61858, -709.99519, 1075.2451600000004, 35.216319999999996]","[-2174.79152, -738.00789, 1067.3082399999985, -112.05079999999998]"
9,People,"[-1892.52513, -809.29323, 1129.065560000001, -285.1413600000001]","[-1590.5507, -858.92472, 1207.89772, -198.52595999999994]","[-1302.03316, -860.01169, 1154.0701600000002, -4.347880000000259]","[-1005.34102, -855.71412, 1186.76856, 17.190280000000257]","[-698.8002, -852.99165, 1226.1632799999998, 10.889879999999721]","[-390.04001, -849.6442, 1235.04076, 13.389800000000378]","[-99.20603, -813.60119, 1163.33592, 144.17203999999992]","[188.72625, -805.3542, 1151.72912, 32.98795999999993]","[492.76941, -871.16666, 1216.1726400000011, -263.2498400000002]","[810.88991, -912.37635, 1272.482, -164.8387600000001]","[1131.64555, -885.3684, 1283.0225599999999, 108.0318000000002]","[1463.32092, -858.64064, 1326.7014799999997, 106.91103999999996]","[1809.12103, -832.24727, 1383.2004400000005, 105.57348000000002]","[2147.51529, -736.43141, 1353.5770399999992, 383.2634399999997]","[2456.91779, -570.02127, 1237.6100000000006, 665.6405600000003]","[2761.22842, -421.87128, 1217.2425199999998, 592.5999599999998]"
10,People,"[3074.87664, -290.9015, 1254.5928800000002, 523.8791200000001]","[3372.04885, -113.11212, 1188.6888400000007, 711.15752]","[3647.18325, 81.57117, 1100.5375999999997, 778.73316]","[3931.71994, 261.73804, 1138.1467599999996, 720.6674800000001]","[4220.03676, 410.23573, 1153.26728, 593.9907599999999]","[4487.05369, 598.62297, 1068.067719999999, 753.5489600000001]","[4730.39956, 802.3954, 973.3834800000004, 815.0897199999999]","[4978.46142, 980.1483, 992.2474399999992, 711.0115999999998]","[5243.1474, 1132.80677, 1058.7439200000017, 610.6338800000004]","[5484.010192857143, 1300.981852857143, 963.4511714285727, 672.7003314285721]","[5687.5638, 1460.23772, 814.2144285714276, 637.0234685714286]","[5815.73647, 1560.54986, 512.6906799999997, 401.24856]","[5863.58555, 1578.71909, 191.39631999999983, 72.67691999999988]","[5878.0426, 1566.19014, 57.828199999999924, -50.11580000000049]","[5875.27306, 1543.95399, -11.078159999997297, -88.94459999999981]","[5862.93352, 1529.32163, -49.35816000000341, -58.52944000000025]"
11,People,"[5827.9794603636365, 1511.1244269090907, -139.8162385454525, -72.78881236363668]","[5802.756524, 1489.042636, -100.89174545454443, -88.32716363636337]","[5785.00446, 1468.31254, -71.00825600000098, -82.92038400000001]","[5845.2793, 1468.51353, 241.09936000000016, 0.8039600000001883]","[5919.04297, 1474.64623, 295.0546800000011, 24.530800000000454]","[5948.44665, 1475.21659, 117.61471999999776, 2.2814399999997477]","[5959.92555, 1466.17588, 45.91560000000027, -36.16283999999996]","[5936.40706, 1458.36869, -94.07396000000153, -31.228759999999966]","[5820.6122, 1515.25024, -463.1794400000003, 227.52620000000044]","[5733.99957, 1628.16145, -346.4505199999985, 451.64483999999993]","[5715.40984, 1677.58646, -74.35891999999876, 197.70003999999972]","[5671.49662, 1683.98353, -175.65288000000146, 25.58827999999994]","[5578.49619, 1667.45971, -372.0017200000002, -66.09527999999955]","[5447.26533, 1602.29083, -524.9234399999987, -260.6755200000007]","[5330.62193, 1490.4157, -466.5735999999997, -447.5005199999996]","[5187.05793, 1382.19615, -574.2560000000012, -432.8782000000001]"
12,People,"[5001.65953, 1290.09288, -741.5936000000002, -368.41308000000026]","[4782.2758, 1177.4964, -877.5349199999982, -450.3859199999997]","[4557.65146, 1009.63492, -898.4973600000012, -671.4459200000001]","[4334.86625, 800.83689, -891.14084, -835.1921199999997]","[4077.6308, 609.89181, -1028.9418000000005, -763.7803200000003]","[3815.2975, 399.21141, -1049.3331999999991, -842.7215999999999]","[3594.11098, 145.67327, -884.7460800000008, -1014.15256]","[3370.90577, -95.6391, -892.8208400000003, -965.24948]","[3125.31073, -314.03769, -982.3801599999997, -873.5943600000008]","[2866.98706, -533.28657, -1033.2946800000009, -876.9955199999999]","[2630.88207, -774.81313, -944.4199599999993, -966.1062400000001]","[2373.43344, -993.73746, -1029.7945200000013, -875.6973200000002]","[2103.4094, -1180.37235, -1080.0961599999991, -746.5395600000002]","[1854.4148, -1398.43343, -995.9784, -872.2443199999998]","[1658.14812, -1654.08847, -785.0667199999998, -1022.6201599999995]","[1455.06765, -1901.11762, -812.3218800000004, -988.1166000000003]"
13,People,"[1230.75968, -2132.85823, -897.2318800000003, -926.9624399999993]","[1044.68122, -2369.39758, -744.3138399999998, -946.1574]","[894.74936, -2601.16794, -599.7274399999997, -927.0814399999999]","[735.03796, -2818.70077, -638.8456000000001, -870.1313200000004]","[545.24171, -3039.11702, -759.185, -881.6650000000009]","[496.32493873900296, -3128.1535113489736, -195.6670850439882, -356.14596539589365]","[499.6515692375367, -3148.26508686217, 13.306521994134982, -80.44630205278554]","[502.9781997360704, -3168.376662375367, 13.306521994134755, -80.44630205278736]","[506.30483023460414, -3188.488237888563, 13.306521994134995, -80.44630205278561]","[509.6314607331378, -3208.5998134017595, 13.306521994134755, -80.44630205278554]","[512.9580912316716, -3228.711388914956, 13.306521994134982, -80.44630205278554]","[516.2847217302053, -3248.8229644281523, 13.306521994134982, -80.44630205278554]","[519.6113522287391, -3268.9345399413487, 13.306521994134982, -80.44630205278554]","[522.9379827272728, -3289.046115454545, 13.306521994134982, -80.44630205278554]","[526.2646132258064, -3309.157690967742, 13.306521994134528, -80.44630205278736]","[529.5912437243402, -3329.2692664809383, 13.306521994134982, -80.44630205278554]"
14,People,"[532.9178742228739, -3349.3808419941347, 13.306521994134982, -80.44630205278554]","[536.2445047214077, -3369.492417507331, 13.306521994134982, -80.44630205278554]","[542.59379, -3386.88302, 25.397141114369333, -69.56240997067653]","[589.70668, -3343.92958, 188.45155999999997, 171.8137600000009]","[571.59941, -3298.70902, -72.42907999999989, 180.88224000000082]","[499.67742, -3198.75187, -287.6879600000002, 399.8285999999989]","[420.30897, -3080.46092, -317.4738, 473.16380000000026]","[356.69947, -2926.84886, -254.43799999999987, 614.4482399999997]","[315.45813, -2749.87951, -164.9653600000003, 707.8774000000001]","[354.67019, -2566.04802, 156.84824000000003, 735.3259600000001]","[433.54544, -2314.4525, 315.501, 1006.3820800000012]","[454.22628, -2038.34378, 82.72335999999996, 1104.4348799999998]","[444.25384, -1735.21029, -39.8897599999998, 1212.5339599999998]","[482.70687, -1420.72817, 153.81211999999982, 1257.9284799999996]","[557.38005, -1107.03583, 298.69272, 1254.7693600000002]","[602.02155, -785.96097, 178.56600000000026, 1284.2994400000002]"
15,People,"[604.37501, -474.57287, 9.41383999999944, 1245.5523999999643]","[640.05694, -171.68633, 142.72772000000032, 1211.54616]","[727.50933, 160.35528, 349.8095599999997, 1328.16644]","[774.90019, 500.82432, 189.5634399999999, 1361.87616]","[779.14899, 820.02021, 16.995200000000295, 1276.78356]","[799.15911, 1075.2796, 80.04048000000012, 1021.0375600000002]","[832.55876, 1335.61134, 133.5985999999998, 1041.3269599999994]","[815.16704, 1618.02734, -69.56687999999986, 1129.6640000000007]","[760.17466, 1888.63942, -219.9695200000003, 1082.4483200000004]","[697.09555, 2153.49416, -252.31644000000006, 1059.4189600000009]","[639.57756, 2409.40777, -230.07196000000022, 1023.6544399999984]","[543.97498, 2659.65084, -382.41031999999996, 1000.97228]","[415.07584, 2892.82456, -515.5965599999997, 932.6948800000009]","[311.12748, 3113.01936, -415.79344000000015, 880.779199999999]","[256.11223, 3263.77619, -220.06099999999992, 603.027320000001]","[229.11254, 3337.24564, -107.99876000000006, 293.8778000000002]"
16,People,"[235.81237039215688, 3353.9378901960786, 26.799321568627533, 66.7690007843139]","[246.0438458823529, 3364.4695029411764, 40.92590196078413, 42.12645098039138]","[256.275321372549, 3375.0011156862747, 40.92590196078436, 42.1264509803932]","[266.5067968627451, 3385.532728431373, 40.92590196078436, 42.1264509803932]","[275.37263, 3387.29502, 35.4633325490197, 7.049166274508025]","[280.16362, 3383.02905, 19.16395999999986, -17.0638799999997]","[278.4623572727273, 3375.791875545455, -6.8050509090908236, -28.948697818181245]","[277.6812890909091, 3370.4452829318184, -3.1242727272726825, -21.386370454545613]","[276.9002209090909, 3365.098690318182, -3.1242727272729125, -21.38637045454563]","[276.1191527272727, 3359.7520977045456, -3.1242727272726825, -21.386370454545613]","[275.33808454545454, 3354.405505090909, -3.1242727272726825, -21.386370454545613]","[274.5570163636364, 3349.0589124772728, -3.124272727272455, -21.386370454545613]","[273.7759481818182, 3343.7123198636364, -3.12427272727291, -21.386370454545613]","[272.99488, 3338.36572725, -3.1242727272726825, -21.386370454545613]","[272.2138118181818, 3333.019134636364, -3.12427272727291, -21.386370454543794]","[271.4327436363636, 3327.672542022727, -3.1242727272726825, -21.386370454547432]"
17,People,"[270.65167545454545, 3322.3259494090908, -3.1242727272726825, -21.386370454545613]","[269.8706072727273, 3316.9793567954544, -3.1242727272726825, -21.386370454545613]","[269.08953909090906, 3311.632764181818, -3.12427272727291, -21.386370454545613]","[268.3084709090909, 3306.286171568182, -3.1242727272726825, -21.386370454543794]","[267.5274027272727, 3300.9395789545456, -3.1242727272726825, -21.386370454545613]","[266.74633454545454, 3295.592986340909, -3.1242727272726825, -21.386370454545613]","[265.9652663636364, 3290.246393727273, -3.1242727272726825, -21.386370454545613]","[265.1841981818182, 3284.8998011136364, -3.1242727272726825, -21.386370454545613]","[264.40313, 3279.5532085, -3.1242727272729125, -21.38637045454563]","[263.6220618181818, 3274.206615886364, -3.1242727272726825, -21.386370454543794]","[262.84099363636363, 3268.860023272727, -3.1242727272726825, -21.386370454547432]","[262.05992545454546, 3263.513430659091, -3.1242727272726825, -21.386370454545613]","[261.2788572727273, 3258.1668380454544, -3.1242727272726825, -21.386370454545613]","[260.49778909090907, 3252.820245431818, -3.12427272727291, -21.386370454545613]","[259.7167209090909, 3247.4736528181816, -3.1242727272726825, -21.386370454545613]","[258.9356527272727, 3242.127060204545, -3.1242727272726825, -21.386370454545613]"
18,People,"[258.1545845454545, 3236.780467590909, -3.12427272727291, -21.386370454543794]","[257.3735163636364, 3231.433874977273, -3.124272727272455, -21.386370454545613]","[256.59244818181816, 3226.0872823636364, -3.12427272727291, -21.386370454545613]","[255.81138, 3220.74068975, -3.1242727272725688, -21.386370454545613]","[255.0303118181818, 3215.394097136364, -3.12427272727291, -21.386370454543794]","[254.24924363636364, 3210.047504522727, -3.1242727272725688, -21.386370454547432]","[253.46817545454545, 3204.700911909091, -3.124272727272796, -21.386370454545613]","[252.68710727272727, 3199.3543192954544, -3.1242727272726825, -21.386370454545613]","[251.9060390909091, 3194.007726681818, -3.124272727272685, -21.38637045454563]","[245.91045, 3168.54014, -23.982356363636427, -101.87034672727168]","[231.18469, 3078.10852, -58.90304000000003, -361.72647999999936]","[204.77945, 2985.36623, -105.62095999999997, -370.96916000000056]","[234.41943, 2924.54169, 118.55992000000003, -243.29816000000028]","[367.86644, 2869.90979, 533.78804, -218.52759999999944]","[626.88056, 2818.89497, 1036.0564799999997, -204.0592800000013]","[904.26994, 2725.64927, 1109.5575200000003, -372.98279999999977]"
19,People,"[1118.78724, 2563.5699, 858.0692000000004, -648.3174799999997]","[1326.89842, 2356.40209, 832.4447199999995, -828.6712399999997]","[1525.69476, 2145.93691, 795.1853600000004, -841.8607200000006]","[1610.23304, 1875.2739, 338.15311999999994, -1082.65204]","[1608.49387, 1557.34749, -6.956680000000233, -1271.7056399999992]","[1600.73975, 1234.41053, -31.01648000000023, -1291.74784]","[1579.12048, 904.04118, -86.47707999999966, -1321.4774000000002]","[1501.85785, 575.37795, -309.0505199999998, -1314.65292]","[1420.67183, 245.516, -324.7440800000007, -1319.4478000000015]","[1372.35856, -68.98099, -193.2530800000004, -1257.98796]","[1319.20497, -359.20149, -212.61435999999958, -1160.8819999999998]","[1206.54346, -641.36216, -450.64603999999963, -1128.6426800000002]","[1094.24235, -918.45751, -449.20444000000043, -1108.3813999999998]","[1032.87454, -1187.6989, -245.47123999999985, -1076.9655600000006]","[1014.05443, -1444.14817, -75.28044, -1025.7970799999994]","[952.5401, -1685.75216, -246.0573199999999, -966.4159600000003]"
20,People,"[888.35752, -1914.5227, -256.7303200000001, -915.0821599999999]","[875.60156, -2135.79213, -51.02384000000029, -885.0777199999993]","[904.47532, -2323.14965, 115.49504000000024, -749.4300800000001]","[910.9756, -2482.31989, 26.0011199999999, -636.6809600000015]","[878.30321, -2617.73458, -130.6895599999998, -541.6587599999984]","[829.74669, -2719.97184, -194.22608000000037, -408.94904000000133]","[792.72365, -2748.88018, -148.0921599999997, -115.63335999999981]","[785.22985, -2750.38142, -29.97519999999986, -6.00496000000021]","[806.63436, -2774.02051, 85.61803999999991, -94.55635999999876]","[831.73583, -2811.76205, 100.4058799999998, -150.96615999999995]","[865.56005, -2892.59146, 135.29688000000033, -323.3176400000011]","[851.77299, -2956.40186, -55.14823999999999, -255.24159999999938]","[799.79888, -2970.54063, -207.89643999999998, -56.55508000000009]","[746.18925, -2961.95072, -214.43852000000015, 34.35964000000058]","[699.04573, -2953.60042, -188.57407999999987, 33.401199999998425]","[669.73459, -2958.72271, -117.24456000000009, -20.489159999999174]"
21,People,"[652.88163, -2958.63299, -67.41184000000021, 0.3588799999997718]","[652.35924, -2959.19763, -2.089559999999892, -2.258560000000216]","[655.52023, -2967.97255, 12.643959999999879, -35.09967999999935]","[656.2267, -2985.67335, 2.825880000000325, -70.80320000000029]","[656.43901, -3007.40799, 0.8492400000000089, -86.9385600000005]","[686.36527, -3013.31417, 119.70503999999983, -23.624719999999797]","[725.98773, -3053.72132, 158.48984000000019, -161.6286]","[756.16207, -3087.53642, 120.69735999999966, -135.2603999999992]","[759.34634, -3116.5449, 12.737080000000343, -116.03391999999995]","[683.97569, -3178.16403, -301.4826000000003, -246.47652000000016]","[662.9207548466258, -3177.206740490797, -84.21974061349692, 3.82915803681135]","[645.1003744785276, -3172.9131576687114, -71.2815214723928, 17.174331288342728]","[627.2799941104295, -3168.6195748466257, -71.28152147239234, 17.174331288342728]","[609.4596137423313, -3164.32599202454, -71.2815214723928, 17.174331288342728]","[591.6392333742331, -3160.032409202454, -71.2815214723928, 17.174331288344547]","[573.818853006135, -3155.738826380368, -71.28152147239234, 17.174331288342728]"
22,People,"[578.57868, -3139.34361, 19.039307975459906, 65.58086552147324]","[639.57018, -3096.53631, 243.96600000000035, 171.22919999999976]","[706.81371, -3061.40005, 268.97411999999986, 140.54503999999906]","[736.22088, -3052.44614, 117.6286799999998, 35.81564000000071]","[739.15633, -3043.76939, 11.74180000000024, 34.707000000000335]","[731.10801, -3015.96002, -32.19327999999996, 111.23747999999978]","[732.41969, -2982.59196, 5.246719999999641, 133.47223999999915]","[760.63244, -2930.04949, 112.85100000000011, 210.16988000000129]","[775.28342, -2862.35961, 58.603920000000066, 270.75951999999984]","[777.75262, -2798.93393, 9.876800000000003, 253.70271999999932]","[795.43502, -2750.45002, 70.72960000000012, 193.9356399999997]","[835.62614, -2730.28294, 160.76447999999982, 80.66832000000068]","[865.49068, -2746.99791, 119.45816000000013, -66.85987999999998]","[897.06305, -2876.94749, 126.28947999999991, -519.7983199999999]","[1003.62003, -2884.64535, 426.22792000000027, -30.791439999999056]","[1109.00959, -2780.64534, 421.5582399999994, 416.000039999999]"
23,People,"[1262.33217, -2654.74745, 613.2903200000001, 503.59156000000075]","[1481.32313, -2569.08993, 875.9638400000003, 342.630079999999]","[1720.18273, -2470.75817, 955.4384, 393.3270400000001]","[1909.6359, -2333.09905, 757.81268, 550.636480000001]","[2070.26094, -2150.12546, 642.5001600000005, 731.8943599999984]","[2237.49379, -1950.08005, 668.9313999999995, 800.1816400000007]","[2458.41967, -1795.16484, 883.7035200000009, 619.6608400000005]","[2699.50067, -1594.7963, 964.3239999999987, 801.4741599999998]","[2946.87068, -1392.83888, 989.4800400000013, 807.8296800000005]","[3231.07249, -1218.87045, 1136.80724, 695.8737200000005]","[3508.60478, -1032.84367, 1110.1291600000004, 744.1071199999997]","[3718.50183, -784.3772, 839.5882000000001, 993.8658799999998]","[3866.93766, -517.49391, 593.7433199999996, 1067.53316]","[4054.26176, -261.00507, 749.2963999999993, 1025.9553600000002]","[4263.66517, -14.82981, 837.6136400000014, 984.7010399999999]","[4421.8149, 255.51778, 632.5989200000004, 1081.3903599999999]"
24,People,"[4549.1022, 515.97329, 509.14919999999984, 1041.82204]","[4711.35096, 749.59645, 648.995039999998, 934.4926399999999]","[4904.15601, 945.11451, 771.2201999999997, 782.07224]","[5076.26397, 1146.0015, 688.4318400000011, 803.5479600000003]","[5227.065115555556, 1342.8393172222222, 603.2045822222244, 787.3512688888886]","[5380.65982, 1491.41568, 614.3788177777751, 594.3054511111113]","[5510.20558, 1551.05351, 518.1830399999999, 238.55131999999958]","[5618.41523, 1595.85129, 432.83859999999913, 179.1911200000004]","[5701.98707, 1628.82363, 334.28736000000237, 131.88936000000024]","[5749.04106, 1645.74603, 188.21595999999772, 67.6895999999997]","[5766.7227, 1645.71195, 70.72656000000279, -0.13632000000052358]","[5771.669642142857, 1629.0246432142856, 19.787768571426568, -66.74922714285731]","[5770.51226, 1611.4916, -4.629528571425908, -70.132172857142]","[5763.7622, 1597.65879, -27.000240000001213, -55.331240000000435]","[5748.44538, 1589.71103, -61.26728000000003, -31.791040000000066]","[5730.17118, 1584.41194, -73.09679999999935, -21.196359999999913]"
25,People,"[5714.36603, 1581.2082, -63.22060000000056, -12.8149599999997]","[5684.54754, 1601.60448, -119.27396000000226, 81.58511999999973]","[5688.79106, 1722.29013, 16.974079999999958, 482.7426000000005]","[5750.77187, 1771.80749, 247.92324000000008, 198.0694399999993]","[5755.20265, 1804.35993, 17.723120000002382, 130.20976000000064]","[5716.3149, 1808.93749, -155.55099999999948, 18.310239999999794]","[5614.05997, 1797.23082, -409.01972000000023, -46.826680000000124]","[5488.21687, 1742.80427, -503.3724000000002, -217.70619999999963]","[5340.15733, 1666.36692, -592.2381600000014, -305.7494000000009]","[5183.978236363636, 1523.2048212987013, -624.7163745454563, -572.6483948051946]","[5027.208645454545, 1376.132246623377, -627.0783636363631, -588.2902987012976]","[4870.439054545454, 1229.059671948052, -627.0783636363631, -588.2902987012994]","[4689.40534, 1031.59186, -724.1348581818165, -789.8712477922081]","[4538.82022, 792.32544, -602.3404800000026, -957.0656800000002]","[4360.21116, 561.86444, -714.4362399999991, -921.844]","[4151.10339, 348.04118, -836.4310799999985, -855.2930399999998]"
26,People,"[3938.12992, 119.13771, -851.8938800000014, -915.61388]","[3747.18446, -151.95825, -763.7818399999996, -1084.38384]","[3534.44402, -382.45108, -850.9617600000001, -921.97132]","[3283.64455, -554.8013, -1003.1978799999997, -689.4008799999999]","[3031.28674, -735.37286, -1009.4312399999999, -722.2862399999999]","[2816.98265, -967.1584, -857.2163600000003, -927.1421600000003]","[2587.91312, -1181.0914, -916.278119999999, -855.732]","[2341.10861, -1368.73777, -987.2180399999997, -750.5854799999997]","[2102.83898, -1575.28885, -953.0785200000017, -826.2043200000005]","[1904.24916, -1812.3213, -794.3592799999997, -948.1298000000006]","[1684.88782, -2022.07714, -877.4453600000006, -839.0233600000001]","[1437.41109, -2189.11719, -989.9069199999994, -668.1601999999993]","[1216.40602, -2388.87005, -884.0202800000006, -799.0114400000002]","[1046.95318, -2614.65428, -677.8113599999997, -903.1369200000008]","[879.44441, -2793.52783, -670.0350800000001, -715.4941999999992]","[680.15489, -2938.69454, -797.1580799999997, -580.6668399999999]"
27,People,"[479.34027, -3096.24944, -803.2584800000002, -630.2196000000004]","[449.22608639269407, -3139.290683363775, -120.45673442922362, -172.16497345509924]","[453.1639105936073, -3150.239582526636, 15.75129680365285, -43.7955966514437]","[457.10173479452055, -3161.1884816894976, 15.751296803653076, -43.79559665144734]","[461.0395589954338, -3172.1373808523595, 15.751296803653076, -43.79559665144734]","[464.97738319634703, -3183.086280015221, 15.75129680365285, -43.79559665144552]","[468.9152073972603, -3194.035179178082, 15.751296803653076, -43.79559665144552]","[472.8530315981735, -3204.984078340944, 15.75129680365285, -43.79559665144734]","[476.7908557990868, -3215.932977503805, 15.75129680365309, -43.79559665144374]","[480.72868, -3226.881876666667, 15.75129680365285, -43.79559665144734]","[484.66650420091327, -3237.830775829528, 15.751296803653076, -43.79559665144552]","[488.6043284018265, -3248.7796749923896, 15.75129680365285, -43.79559665144552]","[492.54215260273975, -3259.728574155251, 15.751296803653076, -43.79559665144552]","[496.479976803653, -3270.677473318113, 15.751296803653076, -43.79559665144734]","[500.41780100456623, -3281.626372480974, 15.75129680365285, -43.79559665144552]","[504.3556252054795, -3292.5752716438355, 15.751296803653076, -43.79559665144552]"
28,People,"[508.2934494063927, -3303.524170806697, 15.75129680365285, -43.79559665144552]","[512.231273607306, -3314.4730699695583, 15.751296803653076, -43.79559665144552]","[516.1690978082192, -3325.42196913242, 15.751296803653076, -43.79559665144734]","[520.1069220091324, -3336.370868295281, 15.751296803652622, -43.7955966514437]","[524.0447462100457, -3347.319767458143, 15.751296803653076, -43.79559665144734]","[527.9825704109589, -3358.2686666210043, 15.751296803653076, -43.79559665144552]","[531.9203946118722, -3369.217565783866, 15.751296803653076, -43.79559665144734]","[535.8582188127855, -3380.1664649467275, 15.751296803653076, -43.79559665144552]","[539.7960430136986, -3391.115364109589, 15.751296803652636, -43.79559665144556]","[543.7338672146119, -3402.0642632724503, 15.751296803653076, -43.79559665144552]","[547.6716914155252, -3413.013162435312, 15.751296803653076, -43.79559665144734]","[564.69524, -3386.69611, 68.09419433789935, 105.26820974124894]","[551.59996, -3287.7975, -52.38112000000001, 395.59443999999894]","[451.0912, -3142.9881, -402.03504, 579.2376000000004]","[363.913, -3002.74386, -348.7128, 560.97696]","[326.90577, -2886.39322, -148.02891999999997, 465.40256000000045]"
29,People,"[370.20101, -2742.34909, 173.1809599999999, 576.1765199999991]","[458.14552, -2521.58163, 351.7780399999999, 883.0698400000001]","[493.45971, -2241.60403, 141.25675999999999, 1119.9104000000007]","[476.17233, -1958.10846, -69.14951999999994, 1133.9822800000002]","[490.61708, -1655.69426, 57.778999999999996, 1209.6567999999997]","[526.12529, -1336.11743, 142.03283999999985, 1278.30732]","[492.99814, -1000.23182, -132.5085999999999, 1343.5424400000002]","[442.61615, -680.46496, -201.5279599999999, 1279.0674399999998]","[420.13606, -355.69355, -89.92036000000016, 1299.0856400000011]","[432.65137, -35.7679, 50.06124, 1279.7026]","[393.24267, 286.44746, -157.63480000000004, 1288.86144]","[380.00983, 595.04734, -52.93135999999981, 1234.39952]","[379.04316, 890.49298, -3.8666800000000876, 1181.78256]","[396.8619, 1184.45676, 71.27495999999996, 1175.8551200000002]","[368.87757, 1487.61977, -111.93732, 1212.65204]","[310.56607, 1782.59251, -233.24599999999987, 1179.8909599999997]"
30,People,"[285.79206, 2057.00817, -99.09604000000013, 1097.6626400000005]","[299.53595, 2330.8185, 54.97556000000009, 1095.2413199999992]","[278.21666, 2576.96548, -85.2771600000001, 984.5879199999999]","[231.9325, 2822.65027, -185.13663999999994, 982.739160000001]","[206.536666724931, 3025.7755627782885, -101.58333310027604, 812.5011711131538]","[201.55614625574975, 3026.083455142594, -19.922081876724974, 1.2315694572225766]","[196.5756257865685, 3026.3913475069, -19.922081876724974, 1.2315694572225766]","[191.5951053173873, 3026.699239871205, -19.92208187672486, 1.2315694572207576]","[186.61458484820608, 3027.00713223551, -19.922081876724878, 1.2315694572207587]","[181.63406437902484, 3027.315024599816, -19.922081876724974, 1.2315694572225766]","[176.65354390984362, 3027.622916964121, -19.92208187672486, 1.2315694572207576]","[171.67302344066238, 3027.9308093284267, -19.922081876724974, 1.2315694572225766]","[166.69250297148113, 3028.2387016927323, -19.922081876724974, 1.2315694572225766]","[161.71198250229992, 3028.546594057037, -19.92208187672486, 1.2315694572189386]","[156.73146203311867, 3028.854486421343, -19.922081876724974, 1.2315694572243956]","[151.75094156393743, 3029.1623787856483, -19.922081876724974, 1.2315694572207576]"
31,People,"[146.77042109475622, 3029.470271149954, -19.922081876725994, 1.2315694572226465]","[141.78990062557497, 3029.778163514259, -19.922081876724974, 1.2315694572207576]","[136.80938015639373, 3030.086055878565, -19.922081876724974, 1.2315694572225766]","[131.8288596872125, 3030.39394824287, -19.92208187672486, 1.2315694572207576]","[126.84833921803128, 3030.701840607176, -19.922081876724917, 1.2315694572243956]","[121.86781874885004, 3031.009732971481, -19.922081876724974, 1.2315694572189386]","[116.8872982796688, 3031.3176253357865, -19.922081876724974, 1.2315694572225766]","[111.90677781048758, 3031.625517700092, -19.92208187672486, 1.2315694572225766]","[106.92625734130635, 3031.9334100643973, -19.922081876724935, 1.2315694572207587]","[101.94573687212512, 3032.241302428703, -19.922081876724917, 1.2315694572225766]","[96.96521640294388, 3032.549194793008, -19.922081876724974, 1.2315694572207576]","[91.98469593376264, 3032.857087157314, -19.922081876724974, 1.2315694572225766]","[87.00417546458142, 3033.164979521619, -19.92208187672486, 1.2315694572207576]","[82.02365499540018, 3033.4728718859246, -19.922081876724974, 1.2315694572225766]","[77.04313452621895, 3033.78076425023, -19.922081876724917, 1.2315694572207576]","[72.0626140570377, 3034.0886566145355, -19.922081876724974, 1.2315694572225766]"
32,People,"[67.08209358785649, 3034.3965489788407, -19.92208187672486, 1.2315694572207576]","[62.10157311867525, 3034.7044413431463, -19.922081876724974, 1.2315694572225766]","[57.12105264949403, 3035.0123337074515, -19.92208187672486, 1.2315694572207576]","[52.14053218031279, 3035.320226071757, -19.922081876724974, 1.2315694572225766]","[47.160011711131546, 3035.6281184360623, -19.922081876724974, 1.2315694572207576]","[42.17949124195033, 3035.936010800368, -19.92208187672486, 1.2315694572225766]","[37.19897077276909, 3036.2439031646736, -19.922081876724974, 1.2315694572225766]","[32.218450303587844, 3036.551795528979, -19.922081876724974, 1.2315694572207576]","[27.23792983440663, 3036.8596878932844, -19.922081876724878, 1.2315694572225777]","[22.257409365225385, 3037.1675802575896, -19.922081876724974, 1.2315694572207576]","[17.27688889604417, 3037.4754726218957, -19.92208187672486, 1.2315694572243956]","[12.296368426862928, 3037.7833649862005, -19.922081876724967, 1.2315694572189386]","[7.315847957681683, 3038.091257350506, -19.92208187672498, 1.2315694572225766]","[2.335327488500468, 3038.3991497148118, -19.92208187672486, 1.2315694572225766]","[-2.6451929806807755, 3038.707042079117, -19.922081876724974, 1.2315694572207576]","[-7.625713449862019, 3039.014934443422, -19.922081876724974, 1.2315694572207576]"
33,People,"[-43.13976, 2971.97764, -142.05618620055193, -268.1491777736883]","[-86.32284, 2861.23059, -172.73232, -442.9881999999998]","[-165.58956, 2738.76071, -317.06688, -489.8795200000004]","[-354.467, 2582.61682, -755.5097599999999, -624.5755599999993]","[-534.5457, 2423.80263, -720.3148000000001, -635.2567600000002]","[-708.49713, 2244.63334, -695.8057199999998, -716.6771600000011]","[-906.37103, 2096.69099, -791.4956000000002, -591.7693999999992]","[-1118.10443, 1967.33276, -846.9336000000003, -517.4329200000002]","[-1321.29763, 1808.06353, -812.7728000000004, -637.076920000001]","[-1488.94225, 1606.53796, -670.5784800000001, -806.1022799999992]","[-1649.93532, 1414.27038, -643.97228, -769.0703200000007]","[-1864.36509, 1249.65847, -857.7190799999998, -658.4476399999994]","[-2072.57766, 1099.93665, -832.8502799999997, -598.8872799999999]","[-2215.25654, 924.7659, -570.7155199999997, -700.6830000000004]","[-2306.59079, 731.10548, -365.33700000000135, -774.6416800000002]","[-2411.89055, 571.35058, -421.1990399999995, -639.0195999999996]"
34,People,"[-2530.47873, 457.25763, -474.35271999999895, -456.3718000000001]","[-2613.29298, 357.06183, -331.2570000000014, -400.7832000000001]","[-2645.81649, 259.09676, -130.09403999999995, -391.8602799999999]","[-2652.28873, 187.14867, -25.888960000000225, -287.79236000000003]","[-2664.41229, 158.74787, -48.49423999999999, -113.60320000000002]","[-2675.95988, 158.30879, -46.19035999999869, -1.7563200000000734]","[-2689.04603, 165.72507, -52.344600000000355, 29.66512]","[-2697.1362, 166.48242, -32.360679999999775, 3.0294000000000096]","[-2700.84652, 171.09492, -14.841280000000564, 18.450000000000063]","[-2706.83527, 176.41071, -23.954999999999927, 21.26315999999997]","[-2712.86249, 176.98775, -24.108879999999772, 2.3081600000000435]","[-2713.25921, 183.46362, -1.5868800000007468, 25.903479999999945]","[-2715.15459, 182.8261, -7.581519999999728, -2.55007999999998]","[-2734.68545, 162.44993, -78.12343999999939, -81.50468000000001]","[-2805.10124, 133.82318, -281.66316000000006, -114.50699999999995]","[-2950.28208, 99.93679, -580.72336, -135.54556000000002]"
35,People,"[-3153.79942, 41.97935, -814.0693599999995, -231.82976000000002]","[-3358.70867, -65.46083, -819.6370000000006, -429.76072]","[-3550.33246, -227.359, -766.4951600000004, -647.59268]","[-3736.98265, -373.16669, -746.6007599999994, -583.23076]","[-3848.2167824137928, -444.8212019310345, -444.9365296551714, -286.618047724138]","[-3863.018724942529, -453.936955954023, -59.20777011494465, -36.46301609195393]","[-3877.820667471264, -463.0527099770115, -59.20777011494101, -36.46301609195393]","[-3892.62261, -472.168464, -59.20777011494283, -36.46301609195393]","[-3907.424552528736, -481.2842180229885, -59.2077701149447, -36.463016091954195]","[-3922.226495057471, -490.39997204597705, -59.207770114939194, -36.46301609195416]","[-3937.028437586207, -499.51572606896553, -59.20777011494465, -36.46301609195393]","[-3951.8303801149423, -508.631480091954, -59.20777011494101, -36.46301609195393]","[-3966.632322643678, -517.7472341149426, -59.20777011494283, -36.46301609195416]","[-3981.4342651724137, -526.8629881379311, -59.20777011494283, -36.46301609195416]","[-3996.236207701149, -535.9787421609195, -59.20777011494101, -36.463016091953705]","[-4011.038150229885, -545.0944961839081, -59.20777011494465, -36.46301609195416]"
36,People,"[-4025.840092758621, -554.2102502068965, -59.20777011494283, -36.463016091953705]","[-4040.642035287356, -563.326004229885, -59.20777011494101, -36.46301609195416]","[-4055.443977816092, -572.4417582528736, -59.20777011494283, -36.46301609195416]","[-4070.245920344828, -581.5575122758621, -59.20777011494465, -36.46301609195416]","[-4085.047862873563, -590.6732662988505, -59.20777011494101, -36.463016091953705]","[-4087.39443, -590.1036, -9.386268505746557, 2.278665195402027]","[-3908.52478, -515.88191, 715.4785999999986, 296.8867600000003]","[-3664.88542, -495.44816, 974.5574400000005, 81.7349999999999]","[-3397.48161, -449.48638, 1069.615240000002, 183.84712000000007]","[-3115.60269, -389.50638, 1127.5156799999986, 239.92000000000007]","[-2803.54802, -352.2861, 1248.21868, 148.88112]","[-2476.35153, -388.94278, 1308.785960000001, -146.6267200000002]","[-2151.64822, -421.49808, 1298.8132399999995, -130.22119999999995]","[-1816.1556, -415.16851, 1341.97048, 25.31827999999996]","[-1480.94652, -420.38507, 1340.8363200000003, -20.866239999999834]","[-1140.15828, -466.53131, 1363.1529599999994, -184.58496000000014]"
37,People,"[-805.99067, -491.87122, 1336.6704400000003, -101.3596399999999]","[-492.22322, -462.78735, 1255.0698, 116.33547999999996]","[-190.52151, -460.89719, 1206.8068400000002, 7.560639999999921]","[121.98962, -537.77768, 1250.04452, -307.52196000000004]","[434.89938, -598.39985, 1251.63904, -242.48867999999993]","[726.36941, -615.40971, 1165.88012, -68.03944000000001]","[1021.25978, -644.40049, 1179.5614799999998, -115.96311999999989]","[1320.44464, -703.19757, 1196.7394399999998, -235.1883200000002]","[1617.42239, -728.1033, 1187.9110000000012, -99.62291999999988]","[1912.73489, -711.89408, 1181.25, 64.83687999999984]","[2202.56913, -709.8884, 1159.3369599999996, 8.022719999999936]","[2478.70061, -751.91553, 1104.52592, -168.10851999999977]","[2756.53571, -801.19149, 1111.340400000001, -197.10384000000022]","[3047.21176, -798.59369, 1162.7042000000001, 10.391200000000026]","[3324.93569, -796.45367, 1110.8957199999986, 8.560080000000198]","[3581.63287, -834.83277, 1026.7887200000005, -153.51639999999998]"
38,People,"[3834.01711, -906.32203, 1009.5369599999995, -285.95704000000023]","[4101.30706, -944.07203, 1069.1598000000013, -151.0]","[4341.6693, -984.24378, 961.4489599999979, -160.6869999999999]","[4513.3062, -1099.75575, 686.5476000000017, -462.0478800000001]","[4631.14688, -1263.78362, 471.362720000001, -656.1114799999996]","[4744.5988, -1402.09195, 453.8076799999981, -553.2333200000003]","[4836.48203, -1526.47211, 367.53292000000147, -497.52063999999973]","[4866.61226, -1640.24758, 120.52091999999902, -455.10188000000016]","[4851.49149, -1732.32144, -60.48307999999821, -368.2954400000002]","[4824.46028, -1745.41488, -108.1248400000004, -52.3737600000004]","[4807.99528, -1721.11872, -65.86000000000058, 97.1846400000004]","[4801.80062, -1702.12055, -24.77864000000045, 75.99267999999938]","[4805.61289, -1701.69947, 15.249080000001413, 1.684320000000298]","[4812.40576, -1703.68994, 27.171479999997246, -7.961879999999837]","[4816.00587, -1686.88843, 14.400440000001254, 67.20604000000003]","[4837.00257, -1657.79518, 83.98679999999877, 116.37299999999959]"
39,People,"[4869.71634, -1609.81705, 130.85508000000118, 191.91251999999986]","[4941.49326, -1595.94196, 287.107680000001, 55.50036]","[5066.32526, -1602.76835, 499.3279999999977, -27.305559999999787]","[5246.30071, -1654.9661, 719.9018000000033, -208.79100000000017]","[5429.67945, -1707.30184, 733.5149599999968, -209.34295999999995]","[5639.26696, -1735.49827, 838.3500400000012, -112.78571999999986]","[5832.802306987577, -1762.5625486335405, 774.1413879503089, -108.2571145341617]","[5844.919711102484, -1768.552001273292, 48.469616459628014, -23.957810559006248]","[5857.037115217391, -1774.5414539130436, 48.46961645962806, -23.95781055900627]","[5869.154519332298, -1780.5309065527952, 48.469616459628014, -23.957810559006248]","[5881.271923447204, -1786.5203591925465, 48.469616459624376, -23.95781055900534]","[5893.389327562111, -1792.509811832298, 48.469616459628014, -23.957810559006248]","[5905.506731677018, -1798.4992644720496, 48.469616459628014, -23.957810559006248]","[5917.624135791925, -1804.4887171118007, 48.469616459628014, -23.95781055900443]","[5929.741539906832, -1810.4781697515527, 48.469616459628014, -23.957810559008067]","[5941.858944021739, -1816.4676223913043, 48.469616459628014, -23.957810559006248]"
40,People,"[5953.976348136645, -1822.457075031056, 48.469616459624376, -23.957810559007157]","[5966.093752251552, -1828.4465276708077, 48.469616459628014, -23.957810559006248]","[5978.211156366459, -1834.435980310559, 48.469616459628014, -23.95781055900534]","[5990.328560481366, -1840.4254329503103, 48.469616459628014, -23.95781055900534]","[6002.445964596273, -1846.414885590062, 48.469616459628014, -23.957810559007157]","[6014.56336871118, -1852.4043382298137, 48.469616459628014, -23.957810559006248]","[6026.680772826087, -1858.3937908695648, 48.469616459628014, -23.95781055900443]","[6038.7981769409935, -1864.3832435093168, 48.469616459624376, -23.957810559008067]","[6050.9155810559005, -1870.3726961490684, 48.46961645962806, -23.95781055900627]","[6063.032985170808, -1876.36214878882, 48.46961645963165, -23.957810559006248]","[6075.1503892857145, -1882.3516014285717, 48.469616459624376, -23.957810559007157]","[6087.267793400621, -1888.341054068323, 48.469616459624376, -23.95781055900534]","[6099.385197515528, -1894.3305067080744, 48.469616459628014, -23.95781055900534]","[6111.502601630435, -1900.3199593478264, 48.469616459628014, -23.957810559008067]","[6123.620005745342, -1906.3094119875775, 48.469616459628014, -23.95781055900443]","[6135.737409860249, -1912.298864627329, 48.469616459628014, -23.957810559006248]"
41,People,"[6115.33358, -1863.62218, -81.61531944099261, 194.70673850931598]","[6029.67145, -1771.40514, -342.64852000000246, 368.86816]","[5912.02003, -1754.5567, -470.6056800000006, 67.39375999999993]","[5764.61744, -1748.27717, -589.6103599999988, 25.11812000000009]","[5617.77309, -1673.68218, -587.3774000000012, 298.3799600000002]","[5499.23597, -1482.77153, -474.14847999999984, 763.6426000000001]","[5343.94904, -1254.45882, -621.1477199999972, 913.2508399999997]","[5157.08388, -1080.13944, -747.4606400000011, 697.2775200000005]","[4954.27777, -923.71932, -811.2244400000025, 625.6804800000001]","[4772.03402, -734.70204, -728.9749999999985, 756.0691200000001]","[4591.6915, -518.89599, -721.3700800000006, 863.2242000000001]","[4371.36894, -315.6706, -881.2902399999984, 812.90156]","[4140.76869, -113.36347, -922.4010000000017, 809.2285199999999]","[3940.80387, 132.52874, -799.8592799999988, 983.56884]","[3738.28515, 418.92784, -810.0748800000001, 1145.5964]","[3503.58452, 650.63672, -938.8025200000011, 926.8355199999999]"
42,People,"[3270.55264, 845.98616, -932.12752, 781.3977600000003]","[3054.67852, 1081.23148, -863.4964799999998, 940.9812799999995]","[2835.39125, 1322.73072, -877.1490799999992, 965.9969600000004]","[2604.07129, 1520.38722, -925.2798400000011, 790.6260000000002]","[2396.62878, 1661.38856, -829.7700399999994, 564.0053600000001]","[2197.00696, 1849.1656, -798.4872799999994, 751.1081599999998]","[1996.18763, 2065.90649, -803.277320000001, 866.9635599999992]","[1756.63176, 2260.6409, -958.2234799999997, 778.9376400000001]","[1509.35363, 2432.78559, -989.1125200000006, 688.5787600000009]","[1289.92692, 2637.92505, -877.7068399999998, 820.5578399999995]","[1070.12314, 2849.09372, -879.2151200000008, 844.6746800000001]","[823.846, 3009.41686, -985.1085599999997, 641.2925599999999]","[609.5080257995227, 3113.592054176611, -857.3518968019093, 416.70077670644423]","[598.008704797136, 3102.2350750596656, -45.99728400954655, -45.42791646778096]","[586.5093837947494, 3090.878095942721, -45.99728400954655, -45.42791646777914]","[575.0100627923628, 3079.521116825776, -45.99728400954655, -45.42791646777914]"
43,People,"[563.5107417899761, 3068.1641377088304, -45.99728400954655, -45.42791646778278]","[552.0114207875895, 3056.8071585918856, -45.99728400954655, -45.42791646777914]","[540.5120997852028, 3045.4501794749403, -45.99728400954655, -45.42791646778096]","[529.0127787828162, 3034.093200357995, -45.99728400954655, -45.42791646778096]","[517.5134577804296, 3022.7362212410503, -45.99728400954655, -45.42791646777914]","[506.014136778043, 3011.379242124105, -45.99728400954632, -45.42791646778096]","[494.5148157756564, 3000.02226300716, -45.99728400954632, -45.42791646778096]","[483.0154947732697, 2988.665283890215, -45.997284009546775, -45.42791646777914]","[471.5161737708831, 2977.30830477327, -45.99728400954659, -45.427916467781]","[460.0168527684965, 2965.951325656325, -45.99728400954632, -45.42791646777914]","[448.5175317661098, 2954.59434653938, -45.997284009546775, -45.42791646778096]","[437.0182107637232, 2943.2373674224345, -45.99728400954655, -45.42791646778096]","[425.5188897613365, 2931.8803883054893, -45.997284009546775, -45.42791646778096]","[446.91328, 2856.75153, 85.57756095465402, -300.5154332219572]","[580.63989, 2699.03859, 534.9064400000002, -630.8517599999996]","[767.92749, 2556.00698, 749.1504, -572.12644]"
44,People,"[957.73165, 2406.19602, 759.2166399999996, -599.243840000001]","[1160.85665, 2219.55573, 812.5, -746.5611599999993]","[1404.84487, 2036.03597, 975.9528799999998, -734.0790400000005]","[1674.16233, 1863.33022, 1077.2698400000008, -690.8229999999994]","[1911.79011, 1657.46764, 950.5111199999992, -823.4503199999999]","[2107.37987, 1409.67476, 782.3590400000012, -991.1715199999999]","[2344.87851, 1193.11497, 949.9945599999992, -866.2391600000001]","[2607.72813, 1008.56287, 1051.3984799999998, -738.2084000000004]","[2844.51324, 793.06402, 947.1404400000018, -861.9954000000006]","[3060.78173, 555.72379, 865.0739599999997, -949.3609200000001]","[3297.97578, 346.11306, 948.7762000000002, -838.44292]","[3559.62863, 175.74985, 1046.6113999999998, -681.45284]","[3789.56329, -11.46247, 919.7386399999996, -748.84928]","[3985.66467, -240.5286, 784.4055200000003, -916.2645200000001]","[4217.45915, -449.08686, 927.1779199999983, -834.23304]","[4478.4485, -616.51668, 1043.957400000003, -669.7192799999998]"
45,People,"[4731.30791, -799.23059, 1011.4376400000001, -730.8556400000002]","[4953.99565, -1005.38075, 890.7509599999976, -824.6006400000001]","[5197.42743, -1207.29981, 973.7271199999996, -807.6762399999998]","[5464.25396, -1369.78241, 1067.306120000001, -649.9304000000002]","[5686.46572, -1538.38412, 888.8470400000006, -674.4068399999996]","[5812.583086113989, -1678.3622420984457, 504.46946445595677, -559.912488393783]","[5836.10365865285, -1694.1284979274612, 94.08229015544202, -63.06502331606225]","[5859.624231191709, -1709.8947537564768, 94.08229015543839, -63.06502331606225]","[5883.14480373057, -1725.6610095854924, 94.08229015544211, -63.06502331606231]","[5906.66537626943, -1741.4272654145077, 94.08229015544202, -63.06502331606134]","[5930.18594880829, -1757.1935212435233, 94.08229015543839, -63.06502331606225]","[5953.706521347151, -1772.9597770725388, 94.08229015544202, -63.06502331606225]","[5977.22709388601, -1788.7260329015544, 94.08229015543839, -63.06502331606225]","[6000.747666424871, -1804.49228873057, 94.08229015544202, -63.06502331606225]","[6024.26823896373, -1820.2585445595853, 94.08229015543839, -63.06502331606134]","[6047.788811502591, -1836.024800388601, 94.08229015544202, -63.06502331606316]"
46,People,"[6071.309384041451, -1851.7910562176169, 94.08229015544202, -63.06502331606316]","[6094.829956580311, -1867.557312046632, 94.08229015543839, -63.06502331606043]","[6118.350529119171, -1883.3235678756475, 94.08229015544202, -63.06502331606225]","[6141.871101658031, -1899.089823704663, 94.08229015543839, -63.06502331606225]","[6165.391674196892, -1914.856079533679, 94.08229015544566, -63.06502331606316]","[6146.84768, -1821.11013, -74.17597678757011, 374.98379813471547]","[6089.4211, -1736.12194, -229.70632000000114, 339.9527600000001]","[5998.72288, -1650.15964, -362.79287999999724, 343.84919999999966]","[5868.93456, -1560.31662, -519.1532800000027, 359.37208000000044]","[5676.07621, -1476.98965, -771.4333999999981, 333.3078800000003]","[5454.47733, -1407.3902, -886.3955200000019, 278.39779999999973]","[5209.09323, -1302.10571, -981.5363999999972, 421.13796]","[4956.0004, -1194.47589, -1012.371320000002, 430.51928000000044]","[4697.47606, -1152.65302, -1034.0973599999998, 167.29147999999986]","[4449.59162, -1159.5943, -991.5377599999993, -27.765120000000024]","[4189.42869, -1146.78256, -1040.6517200000017, 51.24695999999949]"
47,People,"[3901.00808, -1105.85366, -1153.6824399999987, 163.71560000000045]","[3590.40976, -1073.14235, -1242.3932800000002, 130.84523999999965]","[3278.34173, -1065.6002, -1248.2721199999996, 30.16859999999997]","[2970.96017, -1018.09997, -1229.526240000001, 190.0009200000004]","[2667.80033, -910.17961, -1212.6393599999992, 431.68143999999984]","[2353.39946, -812.34631, -1257.6034799999998, 391.33320000000003]","[2036.75137, -748.66128, -1266.5923600000006, 254.74011999999993]","[1717.93702, -661.36011, -1275.2573999999995, 349.2046800000003]","[1392.58334, -515.47828, -1301.4147200000018, 583.5273200000003]","[1066.60251, -399.03358, -1303.9233199999999, 465.7788000000003]","[745.87, -322.37231, -1282.9300399999997, 306.6450799999998]","[425.41839, -239.55755, -1281.80644, 331.25904000000014]","[99.47432, -125.48347, -1303.77628, 456.29632]","[-229.7292, -38.06762, -1316.81408, 349.6634]","[-565.14481, 11.84365, -1341.66244, 199.64508]","[-899.23271, 76.83564, -1336.3516, 259.96796]"
48,People,"[-1238.90661, 157.83622, -1358.6956, 324.00232]","[-1600.55493, 190.69175, -1446.59328, 131.42212000000006]","[-1935.83768, 163.76524, -1341.1310000000003, -107.70604000000003]","[-2263.32095, 162.62307, -1309.9330799999989, -4.568679999999972]","[-2595.13691, 175.69421, -1327.2638400000014, 52.28455999999994]","[-2920.86476, 148.29391, -1302.911399999999, -109.60119999999995]","[-3213.49713, 87.75561, -1170.529480000001, -242.15320000000003]","[-3511.43726, 58.52562, -1191.7605199999998, -116.91996]","[-3784.04844, 19.98976, -1090.4447200000004, -154.14344000000014]","[-4008.83108, -84.90421, -899.1305599999996, -419.57588000000004]","[-4151.54668, -225.87799, -570.8624000000018, -563.89512]","[-4274.04355, -364.11276, -489.9874799999998, -552.9390799999999]","[-4282.628649816514, -366.66563385321103, -34.34039926605328, -10.211495412844215]","[-4286.988337125382, -364.5655337003058, -17.438749235472642, 8.400400611620853]","[-4291.348024434251, -362.4654335474006, -17.43874923547628, 8.400400611620853]","[-4295.707711743119, -360.36533339449545, -17.438749235472642, 8.400400611620626]"
49,People,"[-4300.067399051987, -358.26523324159024, -17.438749235472642, 8.400400611620853]","[-4304.427086360856, -356.165133088685, -17.43874923547628, 8.400400611620853]","[-4308.786773669724, -354.0650329357798, -17.438749235472642, 8.400400611620853]","[-4313.1464609785935, -351.9649327828746, -17.43874923547628, 8.400400611620853]","[-4317.506148287462, -349.86483262996944, -17.438749235472642, 8.400400611620626]","[-4321.865835596331, -347.76473247706423, -17.43874923547628, 8.400400611620853]","[-4326.225522905199, -345.664632324159, -17.438749235472642, 8.400400611620853]","[-4330.585210214067, -343.56453217125386, -17.438749235472642, 8.400400611620626]","[-4334.944897522936, -341.46443201834865, -17.438749235476294, 8.40040061162086]","[-4176.14333, -242.28453, 635.206270091745, 396.7196080733946]","[-4011.18577, -124.19294, 659.8302399999993, 472.36636]","[-3860.4221, -33.32764, 603.0546800000011, 363.46119999999996]","[-3652.98874, 40.99194, 829.73344, 297.27832]","[-3444.8943, 169.52916, 832.3777599999994, 514.14888]","[-3229.1545, 296.09537, 862.9591999999993, 506.26484000000005]","[-2976.83108, 347.5221, 1009.2936800000007, 205.70692000000008]"
50,People,"[-2709.95235, 362.35088, 1067.5149199999996, 59.31511999999998]","[-2424.25611, 425.82962, 1142.7849600000009, 253.91495999999984]","[-2164.32786, 502.18741, 1039.7129999999997, 305.4311600000001]","[-1876.82309, 554.49777, 1150.0190799999991, 209.24143999999978]","[-1577.90644, 580.85287, 1195.6666000000005, 105.42040000000043]","[-1287.92935, 653.25037, 1159.9083599999994, 289.5899999999997]","[-1029.0953, 755.47404, 1035.3362000000006, 408.8946799999999]","[-763.38883, 825.7978, 1062.8258799999999, 281.2950400000004]","[-484.99938, 849.0163, 1113.557800000001, 92.87399999999988]","[-193.82325, 918.36606, 1164.7045199999998, 277.3990399999998]","[80.91873, 1026.53699, 1098.96792, 432.68372000000045]","[367.74651, 1114.58624, 1147.31112, 352.1970000000001]","[680.04055, 1158.48069, 1249.1761600000002, 175.57780000000002]","[996.15856, 1201.26599, 1264.4720399999997, 171.14120000000003]","[1314.70495, 1255.0118, 1274.1855600000004, 214.98323999999957]","[1618.18187, 1269.70595, 1213.9076799999993, 58.776600000000144]"
51,People,"[1920.93479, 1247.63528, 1211.0116800000005, -88.28268000000025]","[2238.29035, 1257.64195, 1269.4222400000008, 40.02667999999994]","[2536.49287, 1321.50545, 1192.8100799999993, 255.45400000000063]","[2811.37346, 1357.59462, 1099.522359999999, 144.35667999999987]","[3080.01301, 1359.20837, 1074.5582000000013, 6.454999999999927]","[3351.81619, 1376.94923, 1087.2127199999995, 70.96343999999954]","[3610.66797, 1432.41808, 1035.4071199999998, 221.8753999999999]","[3850.3173, 1459.85013, 958.5973200000008, 109.72820000000047]","[4072.25646, 1430.62332, 887.7566400000004, -116.90724000000056]","[4283.61232, 1390.15515, 845.4234400000005, -161.8726799999995]","[4463.52252, 1399.67094, 719.640800000001, 38.0631599999997]","[4602.21813, 1424.81949, 554.782439999999, 100.59420000000046]","[4732.30677, 1420.62991, 520.3545599999998, -16.758319999999912]","[4868.53527, 1357.50583, 544.9140000000007, -252.4963200000002]","[5021.30583, 1245.02491, 611.0822399999997, -449.9236799999999]","[5175.70665, 1164.79559, 617.6032799999994, -320.9172800000006]"
52,People,"[5314.13962, 1171.80753, 553.7318799999994, 28.04776000000038]","[5431.93, 1307.08987, 471.1615200000015, 541.1293599999999]","[5583.0499, 1494.2355, 604.4795999999988, 748.5825199999999]","[5701.47977, 1598.62645, 473.71947999999975, 417.5637999999999]","[5774.91082, 1603.81412, 293.72420000000056, 20.750680000000102]","[5800.7148422018345, 1582.4409301834862, 103.21608880733766, -85.49275926605515]","[5818.201608256881, 1566.0552856880734, 69.94706422018498, -65.54257798165145]","[5835.688374311927, 1549.6696411926605, 69.94706422018498, -65.54257798165145]","[5853.175140366972, 1533.283996697248, 69.9470642201814, -65.54257798164969]","[5848.52079, 1517.13631, -18.617401467890886, -64.59074678899196]","[5808.66387, 1487.41268, -159.42767999999705, -118.89452000000074]","[5774.32032, 1478.83558, -137.37420000000202, -34.30839999999989]","[5761.00755, 1525.56457, -53.25107999999818, 186.91596000000027]","[5759.42183, 1588.79715, -6.34288000000015, 252.9303200000004]","[5748.90497, 1700.57692, -42.067440000002534, 447.1190799999995]","[5724.20355, 1718.97853, -98.80567999999766, 73.60644000000048]"
53,People,"[5680.28371, 1733.04554, -175.6793600000019, 56.26803999999993]","[5652.69934, 1727.04615, -110.33747999999832, -23.997560000000703]","[5618.38151, 1671.8572, -137.27131999999983, -220.7557999999999]","[5505.59086, 1573.24632, -451.16259999999966, -394.4435199999998]","[5328.03505, 1453.56922, -710.2232399999994, -478.70839999999953]","[5136.0286, 1300.60179, -768.0258000000031, -611.8697200000006]","[4938.17268, 1117.32024, -791.4236799999999, -733.1261999999997]","[4721.04252, 917.26259, -868.5206399999988, -800.2305999999999]","[4469.47837, 748.23572, -1006.2566000000015, -676.1074800000007]","[4200.66654, 584.51116, -1075.2473199999986, -654.89824]","[3975.67735, 372.10256, -899.9567600000009, -849.6344000000001]","[3750.03258, 146.15438, -902.5790799999995, -903.7927199999999]","[3491.07639, -64.67083, -1035.8247599999995, -843.30084]","[3239.88787, -287.45327, -1004.7540800000006, -891.1297599999999]","[3065.44463, -545.81415, -697.7729600000002, -1033.4435200000003]","[2879.90984, -784.99648, -742.1391600000006, -956.7293199999999]"
54,People,"[2651.8189, -989.70754, -912.3637599999984, -818.8442399999999]","[2420.99985, -1195.24282, -923.2762000000002, -822.1411199999998]","[2222.34372, -1424.98968, -794.6245200000012, -918.9874399999999]","[2029.66443, -1653.0399, -770.7171599999992, -912.2008800000003]","[1794.29305, -1860.64769, -941.4855200000002, -830.4311600000001]","[1564.63169, -2083.79591, -918.6454400000002, -892.5928799999992]","[1383.7816, -2310.94299, -723.4003599999996, -908.5883200000007]","[1219.61813, -2534.91837, -656.6538799999998, -895.9015199999994]","[1007.62431, -2707.41339, -847.9752800000009, -689.9800800000017]","[812.04672, -2899.51348, -782.31036, -768.4003599999996]","[691.36513, -3118.68063, -482.7263600000001, -876.6685999999991]","[678.5236095338983, -3151.939170720339, -51.36608186440708, -133.03416288135668]","[676.6526090042372, -3160.6231829025423, -7.4840021186441845, -34.73604872881333]","[674.7816084745763, -3169.3071950847457, -7.48400211864373, -34.73604872881333]","[672.9106079449152, -3177.991207266949, -7.4840021186441845, -34.73604872881333]","[671.0396074152542, -3186.6752194491523, -7.4840021186441845, -34.73604872881333]"
55,People,"[669.1686068855931, -3195.359231631356, -7.4840021186441845, -34.73604872881515]","[667.2976063559322, -3204.043243813559, -7.48400211864373, -34.73604872881151]","[665.4266058262712, -3212.727255995763, -7.4840021186441845, -34.73604872881515]","[663.5556052966101, -3221.411268177966, -7.4840021186441845, -34.73604872881333]","[661.6846047669492, -3230.095280360169, -7.48400211864373, -34.73604872881151]","[659.8136042372881, -3238.779292542373, -7.4840021186441845, -34.73604872881515]","[657.9426037076271, -3247.463304724576, -7.4840021186441845, -34.73604872881333]","[656.071603177966, -3256.1473169067795, -7.4840021186441845, -34.73604872881333]","[654.2006026483051, -3264.831329088983, -7.484002118643736, -34.73604872881336]","[652.3296021186441, -3273.515341271186, -7.4840021186441845, -34.73604872881333]","[650.458601588983, -3282.19935345339, -7.4840021186441845, -34.73604872881515]","[648.587601059322, -3290.883365635593, -7.4840021186441845, -34.73604872881151]","[646.716600529661, -3299.567377817797, -7.48400211864373, -34.73604872881697]","[644.8456, -3308.25139, -7.4840021186441845, -34.73604872881151]","[670.81786, -3183.79329, 103.88904000000002, 497.8323999999993]","[766.1515, -3058.32687, 381.33456000000024, 501.8656800000008]"
56,People,"[894.64552, -2906.22938, 513.9760799999999, 608.3899599999986]","[1072.79469, -2727.00156, 712.5966799999997, 716.9112800000003]","[1200.24885, -2507.98106, 509.81664, 876.0820000000003]","[1271.77171, -2237.54322, 286.09144000000015, 1081.7513600000002]","[1354.04445, -1931.48822, 329.09096000000045, 1224.2200000000003]","[1414.81665, -1618.27211, 243.08879999999954, 1252.8644399999994]","[1423.55855, -1295.76203, 34.96759999999995, 1290.04032]","[1356.3919, -998.18662, -268.66659999999956, 1190.3016400000006]","[1302.91862, -698.47569, -213.89312000000083, 1198.843720000001]","[1281.2483, -363.09557, -86.68127999999979, 1341.52048]","[1222.45655, -17.45955, -235.16699999999946, 1382.5440800000001]","[1128.46785, 307.36216, -375.95480000000043, 1299.28684]","[1061.2055, 625.36649, -269.0493999999999, 1272.01732]","[1025.0264, 947.21918, -144.71640000000025, 1287.4107600000002]","[932.81235, 1270.72199, -368.8561999999997, 1294.0112399999998]","[806.59689, 1575.57656, -504.86184000000003, 1219.4182799999999]"
57,People,"[720.55354, 1868.55543, -344.17340000000013, 1171.9154799999997]","[660.07876, 2162.5185, -241.89912000000004, 1175.852280000001]","[563.48111, 2448.49664, -386.3906000000002, 1143.9125599999988]","[448.75428, 2707.15427, -458.9073199999998, 1034.6305200000006]","[388.72159, 2954.88861, -240.13076, 990.9373599999999]","[370.45229, 3200.67562, -73.07719999999995, 983.14804]","[364.6377848425624, 3198.313142801303, -23.25802062975049, -9.449908794787916]","[358.8232796851249, 3195.950665602606, -23.258020629750035, -9.449908794787916]","[353.0087745276873, 3193.5881884039086, -23.258020629750284, -9.449908794789744]","[347.19426937024974, 3191.225711205212, -23.258020629750263, -9.449908794786097]","[341.3797642128122, 3188.863234006514, -23.258020629750263, -9.449908794791554]","[335.5652590553746, 3186.5007568078177, -23.258020629750263, -9.449908794786097]","[329.75075389793705, 3184.1382796091207, -23.258020629750263, -9.449908794787916]","[323.9362487404995, 3181.7758024104232, -23.258020629750263, -9.449908794789735]","[318.1217435830619, 3179.4133252117263, -23.258020629750263, -9.449908794787916]","[312.30723842562435, 3177.0508480130293, -23.258020629750263, -9.449908794787916]"
58,People,"[306.4927332681868, 3174.6883708143323, -23.258020629750263, -9.449908794787916]","[300.6782281107492, 3172.325893615636, -23.258020629750263, -9.449908794786097]","[294.8637229533116, 3169.963416416938, -23.25802062975049, -9.449908794791554]","[289.04921779587403, 3167.600939218241, -23.258020629750263, -9.449908794787916]","[283.23471263843646, 3165.238462019544, -23.258020629750263, -9.449908794787916]","[277.4202074809989, 3162.875984820847, -23.258020629750263, -9.449908794787916]","[271.60570232356133, 3160.51350762215, -23.258020629750263, -9.449908794787916]","[265.79119716612377, 3158.1510304234525, -23.258020629750263, -9.449908794789735]","[259.9766920086862, 3155.788553224756, -23.258020629750284, -9.449908794786106]","[254.16218685124863, 3153.4260760260586, -23.258020629750263, -9.449908794789735]","[248.34768169381107, 3151.0635988273616, -23.258020629750263, -9.449908794787916]","[242.5331765363735, 3148.7011216286646, -23.258020629750263, -9.449908794787916]","[236.718671378936, 3146.338644429967, -23.258020629750035, -9.449908794789735]","[230.9041662214984, 3143.97616723127, -23.258020629750376, -9.449908794787916]","[225.0896610640608, 3141.613690032573, -23.258020629750376, -9.449908794789735]","[219.27515590662324, 3139.2512128338763, -23.258020629750263, -9.449908794786097]"
59,People,"[213.46065074918567, 3136.8887356351797, -23.258020629750263, -9.449908794786097]","[207.6461455917481, 3134.526258436482, -23.258020629750263, -9.449908794791554]","[201.83164043431051, 3132.163781237785, -23.258020629750376, -9.449908794787916]","[196.01713527687295, 3129.801304039088, -23.258020629750263, -9.449908794787916]","[190.2026301194354, 3127.438826840391, -23.25802062975015, -9.449908794787916]","[184.38812496199785, 3125.076349641694, -23.258020629750263, -9.449908794787916]","[178.57361980456028, 3122.7138724429965, -23.258020629750263, -9.449908794789735]","[172.75911464712271, 3120.3513952442995, -23.258020629750263, -9.449908794787916]","[166.94460948968515, 3117.9889180456025, -23.258020629750284, -9.449908794787925]","[161.13010433224758, 3115.6264408469056, -23.258020629750263, -9.449908794787916]","[155.57436, 3095.70538, -22.222977328990282, -79.6842433876227]","[174.39632, 2973.16805, 75.28783999999996, -490.1493199999986]","[225.60254, 2919.45742, 204.82488, -214.84252000000015]","[353.84826, 2961.55389, 512.9828799999999, 168.38587999999982]","[472.83391, 2965.00392, 475.9426000000001, 13.800119999999879]","[492.73394, 2929.57587, 79.60012000000006, -141.71219999999994]"
60,People,"[-4314.64155, -941.27075, 0.0, 0.0]","[-4304.17279, -813.98158, 41.87504000000263, 509.15668000000005]","[-4307.28459, -703.86021, -12.44720000000234, 440.4854799999998]","[-4311.50613, -683.1747, -16.8861599999982, 82.74204000000009]","[-4321.28173, -763.03936, -39.10239999999976, -319.45863999999983]","[-4333.80863, -895.70769, -50.107600000003, -530.6733199999999]","[-4323.449922, -938.080502, 41.43483200000264, -169.49124800000027]","[-4296.2483104615385, -932.609448153846, 108.80644615384517, 21.884215384616255]","[-4269.046698923077, -927.1383943076922, 108.80644615384527, 21.884215384614908]","[-4241.845087384616, -921.6673404615384, 108.80644615384517, 21.884215384615345]","[-4214.643475846154, -916.1962866153846, 108.80644615384881, 21.884215384615345]","[-4147.56037, -843.58275, 268.33242338461423, 290.45414646153813]","[-4019.19714, -594.34736, 513.4529199999997, 996.9415600000002]","[-3868.83813, -374.08776, 601.4360400000005, 881.0383999999999]","[-3702.98828, -266.14404, 663.3994000000002, 431.77487999999994]","[-3462.93411, -240.09173, 960.2166799999995, 104.20924000000002]"
61,People,"[-3199.10326, -181.92495, 1055.3234000000011, 232.66712000000007]","[-2937.931096530612, -64.10964326530612, 1044.6886538775507, 471.2612269387755]","[-2661.8520659183678, 42.9776220408163, 1104.3161224489777, 428.3490612244897]","[-2371.5021, 107.49946, 1161.3998636734705, 258.0873518367348]","[-2059.56805, 104.18752, 1247.7362000000012, -13.247759999999971]","[-1760.34663, 159.99982, 1196.8856799999994, 223.24919999999997]","[-1453.15052, 239.70157, 1228.7844400000004, 318.807]","[-1163.98941, 230.69676, 1156.64444, -36.01923999999997]","[-878.34032, 132.0797, 1142.5963600000005, -394.4682400000004]","[-577.72915, 69.83146, 1202.44468, -248.99295999999998]","[-264.53883, 57.24383, 1252.76128, -50.35052000000002]","[44.55618, 4.04964, 1236.38004, -212.77676000000002]","[335.55299, -134.9291, 1163.9872400000002, -555.9149600000001]","[629.04518, -276.91458, 1173.9687599999997, -567.94192]","[909.06663, -337.97005, 1120.0858000000003, -244.22188000000006]","[1188.36243, -398.39851, 1117.1831999999995, -241.7138399999999]"
62,People,"[1452.35318, -519.55747, 1055.9630000000006, -484.6358399999999]","[1719.98592, -669.11995, 1070.53096, -598.2499200000002]","[2004.59905, -771.14116, 1138.4525199999998, -408.08484]","[2301.57565, -860.80938, 1187.9064000000008, -358.6728800000001]","[2556.13066, -963.81587, 1018.2200399999983, -412.02595999999994]","[2796.32275, -1114.79045, 960.76836, -603.8983199999998]","[3038.97614, -1254.6413, 970.6135600000016, -559.4034000000001]","[3336.93725, -1333.51196, 1191.844439999999, -315.4826400000002]","[3617.12817, -1413.54787, 1120.763680000001, -320.1436400000005]","[3855.32036, -1560.97395, 952.7687600000008, -589.7043199999998]","[4110.17481, -1720.2253, 1019.4178000000011, -637.0054]","[4378.17173, -1797.97131, 1071.9876799999984, -310.98403999999937]","[4632.5643, -1827.87461, 1017.5702799999999, -119.61320000000069]","[4863.66599, -1883.82946, 924.4067600000017, -223.8193999999994]","[5107.73891, -1987.54242, 976.2916799999985, -414.85184000000027]","[5347.29082, -2061.0992, 958.2076400000005, -294.22712000000047]"
63,People,"[5558.15617, -2052.21076, 843.4614000000001, 35.55376000000069]","[5791.8126, -2031.99184, 934.62572, 80.8756800000001]","[6046.33256, -2034.55048, 1018.0798399999985, -10.234560000000783]","[6211.92345, -2041.09743, 662.3635600000016, -26.187799999999697]","[6239.72668, -2058.76223, 111.21291999999812, -70.65919999999915]","[6150.29646, -2085.76561, -357.72088000000076, -108.01352000000043]","[5973.71148, -2173.33917, -706.3399199999985, -350.2942400000011]","[5843.3124, -2219.85744, -521.5963200000006, -186.07308000000012]","[5875.36265, -2215.36257, 128.20100000000105, 17.9794800000018]","[6055.62118, -2149.00935, 721.0341200000003, 265.41287999999986]","[6192.00662, -2096.07334, 545.5417600000001, 211.7440399999996]","[6241.45237, -2080.32195, 197.78299999999945, 63.005559999999605]","[6244.19652, -2057.26676, 10.976600000001781, 92.22076000000015]","[6204.78726, -2032.34968, -157.63704000000143, 99.66831999999977]","[6066.97157, -2047.818, -551.2627600000014, -61.873279999999795]","[5922.425, -2108.11729, -578.1862799999981, -241.19716000000062]"
64,People,"[5663.95851, -2236.40181, -1033.865959999992, -513.1380799999952]","[5400.90077, -2339.10727, -1052.2309600000008, -410.8218400000005]","[5226.30171, -2335.66593, -698.3962400000019, 13.765359999999419]","[5069.58904, -2212.42907, -626.8506799999996, 492.9474399999999]","[4853.87331, -2094.14486, -862.8629199999996, 473.13684000000103]","[4614.53422, -2019.85969, -957.3563600000016, 297.1406799999995]","[4358.11541, -1919.02156, -1025.6752399999968, 403.35252000000037]","[4151.94078, -1734.33725, -824.6985200000017, 738.7372399999995]","[3976.53795, -1510.78199, -701.6113200000005, 894.2210400000012]","[3777.96599, -1313.01839, -794.287839999999, 791.0544]","[3555.70535, -1125.60588, -889.0425599999999, 749.6500399999995]","[3378.61022, -875.79396, -708.3805200000006, 999.2476800000004]","[3236.31435, -586.89274, -569.1834799999997, 1155.6048799999999]","[3061.3108, -306.26331, -700.0141999999996, 1122.51772]","[2862.55291, -76.2988, -795.0315600000013, 919.85804]","[2650.58599, 171.4732, -847.8676799999994, 991.088]"
65,People,"[2489.72202, 470.01704, -643.4558799999995, 1194.1753600000002]","[2313.07621, 760.52724, -706.5832399999999, 1162.0408]","[2110.43577, 988.96477, -810.5617600000005, 913.7501200000002]","[1888.84543, 1187.74996, -886.3613599999999, 795.1407600000002]","[1743.22835, 1452.40964, -582.46832, 1058.63872]","[1587.60027, 1739.58541, -622.5123200000007, 1148.7030799999993]","[1425.06914, 1977.15456, -650.1245199999994, 950.2766000000001]","[1227.69081, 2183.01576, -789.51332, 823.4447999999993]","[1071.81824, 2390.59087, -623.4902800000006, 830.3004400000016]","[943.71173, 2635.50357, -512.4260400000003, 979.6507999999994]","[819.82362, 2828.83981, -495.55243999999993, 773.3449600000004]","[673.1097, 2933.43435, -586.8556800000001, 418.3781600000002]","[511.87241, 3025.82268, -644.9491599999999, 369.5533200000009]","[344.94022, 3158.26986, -667.72876, 529.7887199999986]","[212.68292, 3278.08327, -529.0292000000001, 479.2536400000008]","[184.03798, 3310.5741, -114.57975999999996, 129.96331999999893]"
66,People,"[222.20667, 3286.77184, 152.67476, -95.20903999999973]","[284.96306, 3229.12513, 251.02555999999993, -230.58683999999994]","[352.23216, 3189.52691, 269.07640000000015, -158.39287999999942]","[379.35206, 3168.92116, 108.47959999999989, -82.42300000000068]","[350.58833, 3191.94023, -115.05492000000004, 92.07628000000113]","[274.94138, 3244.83331, -302.5878, 211.5723199999993]","[197.02229, 3299.34818, -311.67635999999993, 218.0594799999999]","[170.2406, 3303.26034, -107.12675999999999, 15.648639999999432]","[175.17314, 3289.91556, 19.730159999999973, -53.37911999999965]","[192.2999, 3265.21847, 68.50704000000007, -98.78836000000047]","[216.446, 3249.80968, 96.58439999999996, -61.635159999999814]","[247.86044, 3234.66818, 125.65776000000005, -60.565999999998894]","[331.50685, 3230.45036, 334.5856399999999, -16.871280000001207]","[382.97936, 3239.62796, 205.89004, 36.710399999999936]","[400.33897, 3250.29318, 69.43844000000013, 42.66088000000127]","[365.0783, 3267.76235, -141.04268000000002, 69.8766799999994]"
67,People,"[336.00459, 3238.46721, -116.29484000000002, -117.1805600000007]","[402.12395, 3116.30533, 264.4774399999999, -488.6475199999986]","[607.32921, 2905.19061, 820.82104, -844.4588800000001]","[779.44088, 2706.0512, 688.44668, -796.5576400000009]","[845.34102, 2497.45275, 263.60055999999986, -834.3937999999998]","[859.35162, 2250.39667, 56.04240000000027, -988.2243199999994]","[958.46, 2044.38441, 396.43352000000004, -824.0490400000008]","[1153.95836, 1842.23432, 781.9934400000002, -808.6003599999995]","[1333.27005, 1614.90901, 717.2467600000007, -909.3012400000006]","[1493.11412, 1358.17804, 639.3762799999995, -1026.9238800000003]","[1675.0506, 1102.84994, 727.7459200000003, -1021.3123999999998]","[1899.40274, 903.13653, 897.4085599999999, -798.8536400000003]","[2141.24998, 705.38332, 967.3889600000002, -791.0128399999999]","[2335.33018, 454.91872, 776.3207999999995, -1001.8584000000001]","[2532.92973, 200.48656, 790.3981999999996, -1017.72864]","[2772.26455, 16.9641, 957.3392800000001, -734.08984]"
68,People,"[3025.51401, -178.10592, 1012.9978400000144, -780.2800800000111]","[3218.61499, -449.26407, 772.4039200000007, -1084.6326]","[3435.88573, -688.91715, 869.0829599999997, -958.61232]","[3717.17286, -833.51211, 1125.1485200000006, -578.3798400000001]","[4016.87143, -945.25609, 1198.79428, -446.97591999999986]","[4289.64716, -1131.90573, 1091.1029200000012, -746.5985599999999]","[4504.76125, -1374.03304, 860.4563599999965, -968.5092400000003]","[4767.84284, -1551.45389, 1052.3263600000028, -709.6833999999999]","[5066.12336, -1578.59209, 1193.1220799999985, -108.55280000000049]","[5348.1548, -1629.60597, 1128.1257600000026, -204.0555199999999]","[5593.35684, -1742.674, 980.8081600000005, -452.27211999999963]","[5874.16458, -1868.05896, 1123.2309599999971, -501.53984000000037]","[6177.34613, -1896.77915, 1212.726200000001, -114.88076000000001]","[6285.39522, -1888.72289, 432.19636000000173, 32.22504000000026]","[6280.7515, -1902.72748, -18.57488000000012, -56.01836000000003]","[6243.89232, -1963.46509, -147.43672000000151, -242.95043999999962]"
69,People,"[6127.72562, -1999.24993, -464.66679999999906, -143.13936000000012]","[6004.47607, -2041.71737, -492.9982000000018, -169.8697600000005]","[5967.99528, -2055.22565, -145.92315999999846, -54.033119999999144]","[6034.65906, -2060.52726, 266.65511999999944, -21.20643999999993]","[6186.03605, -2057.96798, 605.507959999999, 10.237119999999777]","[6286.33788, -2051.64338, 401.20732000000135, 25.298399999999674]","[6315.6101, -2048.99426, 117.08887999999934, 10.596480000000156]","[6314.22409, -2039.36384, -5.5440400000006775, 38.52167999999983]","[6285.43963, -2041.99339, -115.13783999999951, -10.518200000000443]","[6264.90322, -2013.78638, -82.14563999999882, 112.82804000000033]","[6211.13734, -1955.63781, -215.0635199999997, 232.59428000000025]","[5954.24303, -1943.03496, -1027.5772400000023, 50.41139999999996]","[5681.48247, -1991.55027, -1091.0422399999989, -194.06124]","[5412.96323, -2029.69961, -1074.0769599999985, -152.59735999999975]","[5203.45174, -2017.80032, -838.0459599999995, 47.59715999999935]","[4994.38405, -1948.5731, -836.2707600000031, 276.90887999999995]"
70,People,"[4765.94452, -1896.43656, -913.7581199999986, 208.54615999999987]","[4518.08687, -1866.43495, -991.4305999999997, 120.00644000000011]","[4230.79083, -1812.32321, -1149.1841600000007, 216.44696000000022]","[3971.39654, -1688.07342, -1037.577159999999, 496.9991600000003]","[3709.91215, -1528.83868, -1045.9375600000003, 636.9389599999995]","[3447.45371, -1391.73603, -1049.8337600000013, 548.4106000000002]","[3178.59459, -1228.35118, -1075.4364799999985, 653.5393999999997]","[2980.44401, -1009.89259, -792.60232, 873.8343600000003]","[2838.22674, -735.76083, -568.8690800000008, 1096.5270400000009]","[2666.95429, -483.69838, -685.0897999999997, 1008.2498000000003]","[2447.36839, -278.33953, -878.3436000000002, 821.4353999999998]","[2237.56374, -40.47671, -839.2186000000002, 951.4512800000001]","[2097.24835, 237.84243, -561.2615600000008, 1113.27656]","[1906.28585, 512.35621, -763.8499999999995, 1098.05512]","[1670.06336, 689.65968, -944.8899599999995, 709.2138799999998]","[1405.34895, 862.75669, -1058.8576400000002, 692.3880400000003]"
71,People,"[1198.00327, 1095.06214, -829.3827200000005, 929.2217999999998]","[982.17194, 1342.98966, -863.3253199999999, 991.7100799999998]","[741.60283, 1491.31372, -962.2764399999996, 593.2962400000006]","[461.81583, 1590.83471, -1119.1480000000001, 398.08395999999993]","[193.49393, 1710.13757, -1073.2876, 477.21144000000004]","[-60.59139, 1895.4964, -1016.34128, 741.4353199999996]","[-327.10849, 2037.7032, -1066.0684, 568.8271999999997]","[-605.13876, 2127.63949, -1112.1210800000001, 359.7451600000004]","[-893.46529, 2197.34793, -1153.3061200000009, 278.83375999999976]","[-1160.58867, 2335.88069, -1068.4935200000004, 554.1310400000002]","[-1416.82403, 2478.58416, -1024.9414399999996, 570.8138799999997]","[-1691.98597, 2559.24524, -1100.6477599999998, 322.64432000000124]","[-1975.13036, 2606.36559, -1132.5775600000006, 188.48139999999876]","[-2228.4247, 2675.71528, -1013.1773599999997, 277.39876000000004]","[-2464.69927, 2804.93531, -945.0982800000002, 516.8801199999998]","[-2685.4891, 2926.94949, -883.1593199999988, 488.0567200000005]"
72,People,"[-2889.35143, 2981.52981, -815.4493200000015, 218.32128000000012]","[-3093.20113, 3024.23527, -815.398799999999, 170.82184000000052]","[-3342.0691, 3138.15821, -995.471880000001, 455.6917599999997]","[-3503.43074, 3228.26853, -645.4465599999985, 360.4412799999991]","[-3552.88935, 3256.83106, -197.83444000000054, 114.2501200000006]","[-3519.10326, 3225.41122, 135.14436000000023, -125.67936000000009]","[-3437.9228, 3167.73205, 324.72184000000016, -230.71667999999954]","[-3371.65431, 3143.02671, 265.0739599999997, -98.82135999999991]","[-3376.29001, 3147.09877, -18.542800000001098, 16.288239999999874]","[-3437.99456, 3192.94849, -246.8181999999997, 183.39888000000064]","[-3516.12842, 3246.89832, -312.53543999999965, 215.79931999999826]","[-3535.07652, 3252.64771, -75.79240000000027, 22.997560000001613]","[-3517.0647, 3230.9687, 72.04728000000068, -86.71604000000116]","[-3510.40586, 3197.99043, 26.63536000000022, -131.91308000000026]","[-3506.98067, 3134.26075, 13.700759999999718, -254.91871999999967]","[-3367.65333, 3008.31766, 557.3093599999993, -503.772359999999]"
73,People,"[-3018.95077, 2934.10058, 1394.8102400000007, -296.8683200000014]","[-2713.95348, 2892.82782, 1219.9891599999992, -165.09103999999934]","[-2513.60156, 2796.97143, 801.4076800000003, -383.4255599999997]","[-2314.20857, 2635.10684, 797.5719600000011, -647.4583600000005]","[-2080.90018, 2570.51656, 933.2335599999988, -258.3611199999996]","[-1799.71498, 2546.19555, 1124.7408000000005, -97.28404000000046]","[-1490.39648, 2470.56325, 1237.2739999999994, -302.52919999999904]","[-1170.52857, 2323.99972, 1279.4716400000007, -586.2541200000014]","[-889.34711, 2221.47629, 1124.7258400000005, -410.0937199999993]","[-598.36715, 2164.97609, 1163.91984, -226.0007999999998]","[-314.42614, 2065.0067, 1135.7640400000003, -399.8775600000008]","[-70.71902, 1883.34059, 974.8284799999999, -726.6644399999996]","[190.93537, 1693.63627, 1046.6175600000001, -758.8172800000002]","[457.91007, 1571.23948, 1067.8988, -489.58716000000004]","[734.89413, 1436.29603, 1107.93624, -539.7737999999999]","[994.32277, 1237.24643, 1037.71456, -796.1984000000002]"
74,People,"[1267.5132, 1027.89137, 1092.7617200000004, -837.4202399999995]","[1563.14088, 856.71781, 1182.5107199999993, -684.6942400000003]","[1848.73264, 687.95023, 1142.36704, -675.0703199999998]","[2129.31758, 490.74313, 1122.3397599999998, -788.8284000000001]","[2392.20216, 257.95642, 1051.5383199999997, -931.1468400000001]","[2668.0121, 60.88743, 1103.2397600000004, -788.2759599999999]","[2949.62412, -102.34659, 1126.4480800000001, -652.9360800000001]","[3246.16552, -279.60468, 1186.1656000000003, -709.0323599999999]","[3506.69177, -501.41789, 1042.1050000000005, -887.2528400000009]","[3767.90109, -723.17817, 1044.8372799999997, -887.0411200000001]","[4045.92655, -880.23056, 1112.1018400000012, -628.2095599999998]","[4326.49102, -1020.39003, 1122.257880000001, -560.6378800000002]","[4619.92063, -1232.68169, 1173.718439999997, -849.1666399999995]","[4914.50352, -1450.94483, 1178.3315600000024, -873.0525600000001]","[5181.77771, -1604.23264, 1069.0967600000004, -613.1512400000001]","[5475.70247, -1704.43119, 1175.6990399999995, -400.7942000000003]"
75,People,"[5740.97518, -1812.20737, 1061.0908400000008, -431.10472000000027]","[6024.71026, -1920.91323, 1134.9403199999979, -434.8234400000001]","[6230.84618, -1987.9446, 824.5436799999989, -268.1254799999997]","[6301.30621, -2030.65594, 281.84012000000075, -170.84536000000026]","[6270.95841, -2055.21029, -121.39119999999821, -98.21739999999954]","[6138.10383, -2104.50195, -531.4183200000007, -197.16663999999946]","[5989.08664, -2166.33322, -596.0687599999983, -247.32508000000053]","[5933.51678, -2156.0179, -222.27944000000207, 41.261280000000625]","[6042.76265, -2135.58487, 436.98347999999936, 81.73211999999883]","[6212.7181, -2074.363, 679.8218000000015, 244.88748000000123]","[6283.82731, -2051.59652, 284.4368399999985, 91.0659199999991]","[6279.0857, -2046.04916, -18.966440000000148, 22.189440000000104]","[6252.91578, -2044.52084, -104.67967999999746, 6.113280000000486]","[6203.03296, -2028.36459, -199.53128000000288, 64.625]","[6126.7441, -2074.04958, -305.15543999999863, -182.73995999999988]","[5975.81269, -2108.97185, -603.7256400000006, -139.6890800000001]"
76,People,"[5671.05833, -2188.88955, -1219.017439999965, -319.6707999999908]","[5368.35387, -2242.13695, -1210.8178399999997, -212.9896000000008]","[5157.66642, -2225.94968, -842.7498000000014, 64.7490799999996]","[4910.43134, -2133.87828, -988.9403199999979, 368.28560000000107]","[4642.72254, -2101.12799, -1070.8352000000014, 131.0011599999998]","[4367.80298, -2137.14429, -1099.6782399999975, -144.0652000000009]","[4054.56384, -2153.39166, -1252.9565600000024, -64.98947999999837]","[3746.1577, -2097.20483, -1233.6245599999984, 224.74731999999858]","[3423.03933, -2053.03976, -1292.4734800000017, 176.66028000000023]","[3132.8793, -2082.61903, -1160.64012, -118.3170799999989]","[2828.41319, -2128.54357, -1217.8644399999994, -183.69815999999992]","[2525.89605, -2106.77232, -1210.0685600000015, 87.08499999999913]","[2207.18747, -2057.08629, -1274.83432, 198.74411999999938]","[1902.3693, -2062.84206, -1219.2726799999991, -23.023079999999027]","[1617.03253, -2123.92996, -1141.3470800000005, -244.35159999999996]","[1322.45224, -2168.8951, -1178.3211599999995, -179.860560000001]"
77,People,"[1026.31578, -2157.00661, -1184.5458400000007, 47.5539600000011]","[713.34682, -2188.77864, -1251.8758399999997, -127.08812000000034]","[393.89415, -2289.37905, -1277.8106799999998, -402.40164000000004]","[95.12936, -2379.388, -1195.05916, -360.03579999999965]","[-216.73723, -2356.57412, -1247.4663600000001, 91.2555199999988]","[-526.47219, -2325.93043, -1238.9398399999998, 122.57476000000133]","[-799.91479, -2378.99399, -1093.7704000000003, -212.2542400000002]","[-1061.06106, -2493.92302, -1044.5850799999998, -459.71612000000096]","[-1331.10269, -2611.62456, -1080.1665200000007, -470.8061600000005]","[-1614.80721, -2649.41064, -1134.81808, -151.14431999999942]","[-1881.8851, -2712.79764, -1068.31156, -253.54799999999886]","[-2118.71185, -2850.05459, -947.3070000000007, -549.0278000000017]","[-2355.70105, -3052.14259, -947.9567999999999, -808.351999999999]","[-2461.4792468580063, -3128.870898277946, -423.11278743202456, -306.9132331117835]","[-2477.1601169486407, -3123.858067462236, -62.723480362537885, 20.051323262840015]","[-2492.840987039275, -3118.845236646526, -62.723480362537885, 20.051323262840015]"
78,People,"[-2508.5218571299097, -3113.832405830816, -62.723480362537885, 20.051323262840015]","[-2524.202727220544, -3108.819575015106, -62.723480362537885, 20.051323262840015]","[-2539.883597311178, -3103.806744199396, -62.723480362536066, 20.051323262840015]","[-2555.5644674018126, -3098.793913383686, -62.723480362537885, 20.051323262840015]","[-2571.245337492447, -3093.781082567976, -62.723480362537885, 20.051323262840015]","[-2586.9262075830816, -3088.7682517522658, -62.723480362537885, 20.051323262840015]","[-2602.607077673716, -3083.755420936556, -62.723480362537885, 20.051323262838196]","[-2618.2879477643505, -3078.7425901208458, -62.723480362537885, 20.051323262841834]","[-2633.968817854985, -3073.729759305136, -62.72348036253794, 20.051323262838213]","[-2649.6496879456195, -3068.7169284894258, -62.723480362537885, 20.051323262841834]","[-2592.44902, -3035.38645, 228.80267178247777, 133.32191395770315]","[-2380.6844, -2932.06833, 847.0584799999997, 413.27247999999963]","[-2157.97991, -2840.11365, 890.8179600000003, 367.8187200000011]","[-2009.35335, -2740.27048, 594.5062399999997, 399.3726799999986]","[-1886.48807, -2554.59241, 491.46111999999994, 742.7122799999997]","[-1722.90426, -2400.59717, 654.3352400000003, 615.9809600000008]"
79,People,"[-1490.71289, -2306.71633, 928.76548, 375.52335999999923]","[-1208.2335, -2196.8684, 1129.9175599999999, 439.39172000000144]","[-970.00123, -2024.58009, 952.9290800000003, 689.1532399999996]","[-709.07778, -1839.00833, 1043.6938, 742.2870400000002]","[-416.26741, -1719.57486, 1171.24148, 477.7338799999998]","[-94.06808, -1596.53394, 1288.79732, 492.16367999999966]","[171.77194, -1438.26139, 1063.36008, 633.0902000000006]","[436.72281, -1243.3219, 1059.80348, 779.7579599999999]","[764.04175, -1154.49297, 1309.2757600000011, 355.31571999999994]","[1084.224, -1109.06517, 1280.7289999999998, 181.71119999999974]","[1338.23158, -918.62853, 1016.0303199999998, 761.7465600000005]","[1562.2141, -683.01651, 895.9300800000001, 942.4480799999997]","[1845.35612, -517.8949, 1132.56808, 660.4864400000001]","[2157.92009, -453.72467, 1250.2558800000006, 256.68092]","[2453.72458, -321.29113, 1183.21796, 529.73416]","[2701.48812, -116.5474, 991.0541599999997, 818.9749200000001]"
80,People,"[2958.19761, 104.6086, 1026.8379600000007, 884.624]","[3235.95034, 270.38959, 1111.0109199999988, 663.12396]","[3525.23769, 386.87311, 1157.1494000000002, 465.93408]","[3820.9723, 522.64429, 1182.93844, 543.0847199999998]","[4073.56354, 692.40343, 1010.3649600000008, 679.03656]","[4322.86425, 861.02501, 997.2028399999981, 674.48632]","[4582.24011, 948.16011, 1037.5034400000004, 348.5404000000003]","[4846.40216, 1012.91297, 1056.6481999999996, 259.01143999999977]","[5067.82633, 1123.66176, 885.6966800000017, 442.99516000000034]","[5257.46445, 1240.99345, 758.5524800000021, 469.3267599999999]","[5497.861, 1342.70604, 961.5861999999979, 406.85036000000036]","[5765.0861, 1451.05817, 1068.9004000000023, 433.40851999999995]","[5934.20066, 1530.11959, 676.4582399999999, 316.24568]","[5962.63457, 1531.11321, 113.73563999999897, 3.9744799999998577]","[5964.07629, 1532.06975, 5.766879999999219, 3.8261600000005274]","[5967.96156, 1567.97345, 15.541079999999056, 143.61479999999938]"
81,People,"[5977.57809, 1587.11921, 38.466120000000956, 76.58304000000044]","[5979.03095, 1588.4223, 5.811440000001312, 5.212359999999535]","[5935.71921, 1555.49749, -173.2469600000004, -131.69923999999992]","[5855.90722, 1485.50525, -319.2479600000006, -279.96896000000015]","[5809.51724, 1441.11285, -185.5599199999997, -177.5695999999998]","[5816.29558, 1455.33136, 27.113359999999375, 56.874039999999695]","[5891.68072, 1495.51919, 301.5405600000013, 160.7513200000003]","[5952.38276, 1528.5717, 242.8081600000005, 132.21003999999994]","[5962.39061, 1525.07449, 40.031399999999884, -13.988839999999994]","[5953.50298, 1517.13384, -35.55052000000069, -31.76260000000002]","[5942.48644, 1496.07734, -44.06616000000213, -84.22599999999966]","[5920.55228, 1512.57811, -87.73663999999917, 66.0030799999995]","[5870.16821, 1548.62665, -201.53628000000026, 144.19416]","[5669.37019, 1540.26524, -803.1920800000007, -33.44563999999991]","[5357.19003, 1373.04066, -1248.7206399999995, -668.8983200000002]","[5141.31214, 1252.27171, -863.511559999999, -483.0757999999996]"
82,People,"[4957.72965, 1230.07989, -734.3299599999991, -88.76728000000003]","[4722.32179, 1255.97841, -941.631440000001, 103.59407999999985]","[4504.96823, 1200.34916, -869.4142399999982, -222.51699999999983]","[4270.51338, 1082.41944, -937.8194000000003, -471.71888000000035]","[4012.05651, 978.03974, -1033.8274800000017, -417.5187999999994]","[3732.21855, 931.18458, -1119.3518399999994, -187.42064000000028]","[3434.47607, 868.70991, -1190.9699199999995, -249.89867999999979]","[3178.16589, 720.95102, -1025.2407199999998, -591.0355600000003]","[2911.15847, 546.07024, -1068.0296800000024, -699.5231200000004]","[2619.68713, 451.94669, -1165.8853600000002, -376.4942000000001]","[2301.91646, 370.95944, -1271.0826799999995, -323.94900000000007]","[2020.87559, 241.85967, -1124.1634799999993, -516.3990799999999]","[1747.95365, 64.27597, -1091.6877600000007, -710.3348]","[1461.33487, -68.66997, -1146.47512, -531.78376]","[1155.65644, -139.52415, -1222.7137199999997, -283.41671999999994]","[842.67884, -204.83985, -1251.9103999999998, -261.2628000000001]"
83,People,"[547.60785, -331.30917, -1180.2839600000002, -505.8772799999999]","[238.56862, -445.37335, -1236.15692, -456.2567200000001]","[-82.33575, -464.30012, -1283.6174800000001, -75.7070799999999]","[-412.11298, -474.9509, -1319.10892, -42.60311999999999]","[-718.97261, -530.8217, -1227.4385200000002, -223.4831999999999]","[-1038.45334, -604.0842, -1277.92292, -293.0500000000002]","[-1342.27346, -613.30903, -1215.2804799999994, -36.89931999999999]","[-1674.1554, -572.11655, -1327.5277600000009, 164.76992000000018]","[-1977.60418, -555.39972, -1213.795120000001, 66.86731999999989]","[-2274.69894, -596.55396, -1188.3790400000007, -164.61695999999984]","[-2583.01663, -646.63332, -1233.2707599999994, -200.31744000000026]","[-2872.20757, -630.74447, -1156.7637599999998, 63.55540000000019]","[-3152.13911, -608.61918, -1119.7261600000002, 88.5011599999998]","[-3411.57883, -670.40035, -1037.7588799999994, -247.1246799999999]","[-3620.37079, -784.02035, -835.1678400000001, -454.48]","[-3842.5868, -842.89924, -888.8640400000004, -235.51555999999982]"
84,People,"[-4134.37915, -926.66601, -1167.1693999999989, -335.06708000000026]","[-4302.444889146341, -1062.9421969512196, -672.262956585364, -545.1047478048781]","[-4310.714934878049, -1058.757181707317, -33.080182926831185, 16.740060975610504]","[-4318.984980609755, -1054.5721664634143, -33.08018292682755, 16.740060975610504]","[-4327.255026341463, -1050.387151219512, -33.080182926831185, 16.740060975609595]","[-4253.93693, -935.78078, 293.27238536585355, 458.4254848780474]","[-4210.12148, -828.25293, 175.26180000000022, 430.11140000000023]","[-4198.2823, -827.63494, 47.35671999999977, 2.4719599999998536]","[-4275.53025, -926.49212, -308.99180000000007, -395.4287200000002]","[-4314.574256575343, -1007.920484, -156.17602630137117, -325.71345599999995]","[-4219.791708630137, -973.479784, 379.1301917808232, 137.76279999999997]","[-4125.009160684932, -939.039084, 379.1301917808196, 137.76279999999997]","[-4030.226612739726, -904.598384, 379.1301917808232, 137.76279999999997]","[-3935.44406479452, -870.157684, 379.13019178082504, 137.76279999999997]","[-3840.661516849315, -835.716984, 379.1301917808196, 137.76279999999997]","[-3745.8789689041096, -801.276284, 379.1301917808214, 137.76279999999997]"
85,People,"[-3651.096420958904, -766.8355839999999, 379.1301917808214, 137.76280000000042]","[-3556.3138730136984, -732.394884, 379.1301917808232, 137.76279999999952]","[-3461.531325068493, -697.9541839999999, 379.1301917808214, 137.76280000000042]","[-3366.7487771232877, -663.513484, 379.1301917808214, 137.76279999999997]","[-3271.9662291780824, -629.072784, 379.1301917808214, 137.76279999999997]","[-3177.183681232877, -594.632084, 379.1301917808214, 137.76279999999997]","[-3082.4011332876707, -560.191384, 379.13019178082504, 137.76279999999997]","[-2987.618585342466, -525.7506839999999, 379.1301917808196, 137.76280000000042]","[-2771.10554, -494.7369, 866.0521813698641, 124.0551359999996]","[-2530.48413, -527.25204, 962.4856400000008, -130.0605599999999]","[-2284.45591, -616.17163, 984.1128799999988, -355.67836000000034]","[-2052.2408, -700.49463, 928.8604400000004, -337.2919999999999]","[-1812.07314, -703.45044, 960.6706400000003, -11.823239999999714]","[-1569.50389, -669.77344, 970.277, 134.70799999999963]","[-1311.6194, -715.54344, 1031.5379599999997, -183.07999999999993]","[-1026.87652, -761.16756, 1138.97152, -182.4964799999998]"
86,People,"[-762.43987, -730.75522, 1057.7466, 121.64935999999989]","[-511.42028, -668.31669, 1004.0783600000002, 249.75412000000006]","[-262.63237, -615.63615, 995.15164, 210.7221599999998]","[2.73873, -620.13565, 1061.4843999999998, -17.998000000000047]","[279.06739, -620.91759, 1105.31464, -3.127759999999853]","[520.42761, -554.72599, 965.4408799999999, 264.7664]","[748.02744, -427.43881, 910.39932, 509.14872000000014]","[1001.16619, -344.68921, 1012.5550000000003, 330.99839999999995]","[1283.13368, -282.06233, 1127.8699600000004, 250.50752000000034]","[1548.05397, -235.65732, 1059.68116, 185.6200399999999]","[1787.94443, -142.68874, 959.5618400000003, 371.87432]","[2013.26398, -25.04503, 901.2781999999997, 470.57484]","[2282.79297, 41.30652, 1078.11596, 265.4062]","[2563.95787, 116.36104, 1124.6596000000009, 300.21808]","[2805.93617, 273.31677, 967.913199999999, 627.8229200000001]","[3051.90765, 433.12536, 983.8859200000006, 639.2343599999999]"
87,People,"[3330.98464, 521.86539, 1116.30796, 354.9601200000002]","[3616.04146, 572.1025, 1140.2272799999992, 200.94843999999966]","[3876.07741, 663.18723, 1040.1437999999998, 364.33892000000014]","[4131.07844, 789.41344, 1020.0041200000014, 504.90484000000015]","[4400.60696, 899.19992, 1078.1140799999994, 439.14591999999993]","[4692.67038, 944.99776, 1168.253679999998, 183.1913599999998]","[4948.50543, 994.68948, 1023.3402000000024, 198.76688000000013]","[5172.62691, 1097.45117, 896.4859199999992, 411.0467600000002]","[5340.869295384616, 1223.0155492307692, 672.9695415384637, 502.2575169230772]","[5529.78754, 1324.19777, 755.6729784615382, 404.728883076923]","[5784.46684, 1401.43725, 1018.7171999999991, 308.95791999999983]","[6009.86582, 1514.1135, 901.5959199999998, 450.7049999999999]","[6089.01817, 1582.46515, 316.6094000000012, 273.40660000000025]","[6088.81293, 1578.22831, -0.8209600000009232, -16.947360000000117]","[6010.58476, 1538.73371, -312.9126800000013, -157.97839999999997]","[5937.78335, 1487.23285, -291.20564000000013, -206.0034399999995]"
88,People,"[5937.56768, 1473.32384, -0.8626799999983632, -55.63604000000032]","[6001.82948, 1511.00932, 257.0472000000009, 150.74191999999948]","[6057.11074, 1566.0575, 221.125039999999, 220.19272]","[6044.0471, 1567.26368, -52.25456000000122, 4.824720000000525]","[6013.9528, 1536.7066, -120.377199999999, -122.22832000000017]","[5981.42138, 1513.65699, -130.125680000001, -92.19844000000012]","[5955.50991, 1447.43498, -103.64588000000003, -264.8880399999998]","[5890.94433, 1369.40468, -258.262319999998, -312.1211999999996]","[5749.53633, 1177.59568, -565.6320000000019, -767.2360000000015]","[5577.55766, 957.96608, -687.914679999998, -878.5183999999995]","[5401.38043, 835.86806, -704.708920000001, -488.3920800000001]","[5177.69374, 793.62655, -894.7467600000018, -168.96604000000025]","[4922.32725, 751.91727, -1021.4659599999977, -166.8371199999997]","[4680.60029, 626.49727, -966.9078399999999, -501.6800000000003]","[4420.24959, 498.30242, -1041.4027999999998, -512.7793999999999]","[4147.13547, 475.67733, -1092.4564800000007, -90.50036]"
89,People,"[3869.95273, 519.02955, -1108.7309600000008, 173.40887999999995]","[3570.00819, 500.43476, -1199.7781599999998, -74.37915999999996]","[3246.28439, 461.80093, -1294.8952000000008, -154.53531999999996]","[2941.81695, 489.74214, -1217.8697599999996, 111.76484000000005]","[2634.91167, 574.41692, -1227.6211199999998, 338.69912]","[2321.24905, 654.93401, -1254.6504800000002, 322.06835999999976]","[2014.50465, 687.4739, -1226.9775999999993, 130.15956000000006]","[1721.38934, 718.98488, -1172.4612400000005, 126.04392000000007]","[1452.36263, 815.98484, -1076.1068400000004, 387.9998400000003]","[1174.57366, 931.18727, -1111.1558800000003, 460.8097200000002]","[882.84105, 982.05682, -1166.93044, 203.47820000000002]","[585.42683, 1029.35087, -1189.65688, 189.17619999999988]","[313.45736, 1150.16742, -1087.87788, 483.2662]","[59.81208, 1313.93765, -1014.5811199999999, 655.0809200000003]","[-204.46968, 1430.5382, -1057.12704, 466.40219999999954]","[-473.1133, 1498.38659, -1074.5744799999998, 271.39356000000043]"
90,People,"[-738.3843, 1593.66368, -1061.0840000000003, 381.1083600000002]","[-969.27805, 1772.8869, -923.5749999999998, 716.8928799999994]","[-1199.7314, 1950.51439, -921.8133999999995, 710.5099600000003]","[-1462.76805, 2048.03991, -1052.1466, 390.10207999999966]","[-1735.08865, 2142.21237, -1089.2824, 376.6898400000009]","[-1979.04169, 2303.79124, -975.8121600000004, 646.3154799999993]","[-2197.41248, 2486.62734, -873.4831599999998, 731.3444]","[-2375.5667, 2611.8986, -712.6168799999996, 501.08503999999994]","[-2587.9316, 2687.99507, -849.4596000000009, 304.3858800000001]","[-2853.89978, 2811.44473, -1063.8727200000012, 493.7986400000009]","[-3086.14149, 2985.51023, -928.9668399999991, 696.2619999999988]","[-3386.91392, 3151.79408, -1203.08972, 665.135400000001]","[-3533.29889, 3223.11592, -585.5398800000003, 285.28736000000026]","[-3558.22195, 3232.94649, -99.69224000000031, 39.3222799999985]","[-3508.47328, 3218.08319, 198.9946799999998, -59.453199999999924]","[-3421.03869, 3197.21071, 349.7383600000012, -83.48991999999998]"
91,People,"[-3375.20596, 3197.87126, 183.33092000000033, 2.64220000000023]","[-3407.60764, 3220.60164, -129.6067200000016, 90.92151999999987]","[-3481.80271, 3266.40196, -296.78027999999904, 183.20128000000113]","[-3549.3636, 3292.13342, -270.2435600000008, 102.92583999999988]","[-3549.16819, 3286.97524, 0.7816400000010617, -20.63271999999961]","[-3540.1132, 3263.61904, 36.219960000000356, -93.42480000000069]","[-3526.05037, 3238.84622, 56.251319999999396, -99.09128000000055]","[-3528.54346, 3167.02476, -9.972359999999753, -287.28584000000046]","[-3472.74287, 3018.26501, 223.20235999999952, -595.0389999999994]","[-3193.93324, 2872.86445, 1115.2385200000008, -581.6022400000002]","[-2973.0977465, 2728.898595, 883.341973999999, -575.8634199999997]","[-2838.48305, 2567.55467, 538.458786000001, -645.3757000000005]","[-2752.85915, 2351.97096, 342.4955999999984, -862.3348399999995]","[-2638.15939, 2118.95094, 458.7990400000017, -932.0800799999997]","[-2490.14228, 1922.64704, 592.0684399999991, -785.2156000000004]","[-2320.88969, 1714.57017, 677.0103600000002, -832.3074800000004]"
92,People,"[-2204.10086, 1449.06521, 467.1553200000264, -1062.0198400000604]","[-2099.73068, 1169.90284, 417.48071999999956, -1116.64948]","[-1979.57138, 925.27885, 480.6372000000001, -978.4959599999997]","[-1829.69454, 697.36155, 599.5073600000005, -911.6692000000003]","[-1689.33941, 453.67756, 561.4205199999997, -974.7359599999997]","[-1617.94353, 180.94467, 285.58352000000014, -1090.93156]","[-1507.07929, -92.61414, 443.45696000000044, -1094.23524]","[-1334.91889, -347.0436, 688.6415999999999, -1017.71784]","[-1160.4648, -583.0906, 697.8163600000004, -944.1880000000007]","[-1031.88371, -848.04775, 514.3243599999996, -1059.8285999999998]","[-910.32244, -1125.77546, 486.24508000000014, -1110.9108400000005]","[-767.27861, -1355.85434, 572.1753200000003, -920.3155200000001]","[-583.95269, -1582.28111, 733.30368, -905.7070799999992]","[-432.78438, -1852.19483, 604.6732399999999, -1079.65488]","[-346.70816, -2128.39276, 344.3048799999999, -1104.791720000001]","[-250.78968, -2367.09128, 383.67392000000007, -954.7940799999997]"
93,People,"[-100.36512, -2533.40046, 601.6982399999999, -665.236719999999]","[62.12976, -2682.84163, 649.97952, -597.7646800000002]","[205.38968, -2906.39881, 573.03968, -894.228720000001]","[376.2786, -3213.55486, 683.5556799999999, -1228.6242000000002]","[566.72419, -3444.52425, 761.7823600000002, -923.877559999999]","[642.75196, -3542.1183, 304.11108000000013, -390.3762000000006]","[624.38967, -3566.28761, -73.44916000000012, -96.67723999999907]","[558.14459, -3488.22428, -264.9803200000001, 312.2533199999998]","[477.0872, -3371.10103, -324.2295600000003, 468.4930000000008]","[430.1824, -3316.25108, -187.6192000000001, 219.39979999999923]","[416.68301, -3267.61001, -53.997559999999794, 194.5642800000005]","[440.0123, -3202.55333, 93.31715999999983, 260.22671999999875]","[418.89037, -3021.96262, -84.48771999999985, 722.3628400000016]","[411.83832, -2786.18551, -28.208200000000033, 943.10844]","[482.5826, -2609.73152, 282.97712, 705.8159599999999]","[686.68218, -2436.43117, 816.39832, 693.2013999999999]"
94,People,"[873.91881, -2251.50263, 748.94652, 739.7141599999995]","[971.83335, -2021.2333, 391.65815999999995, 921.0773199999994]","[1080.18035, -1747.39232, 433.3880000000004, 1095.3639200000007]","[1268.03682, -1530.68404, 751.4258799999998, 866.8331199999993]","[1493.61317, -1333.44046, 902.3054000000002, 788.9743200000003]","[1646.98628, -1098.04526, 613.49244, 941.5807999999997]","[1761.87928, -825.92991, 459.5720000000001, 1088.4614000000006]","[1878.35872, -558.45688, 465.91775999999936, 1069.89212]","[2060.9367, -284.01389, 730.3119200000017, 1097.7719600000007]","[2215.16881, 9.62106, 616.9284399999997, 1174.5398]","[2324.58113, 246.24014, 437.64927999999964, 946.47632]","[2467.20962, 507.5252, 570.5139600000002, 1045.14024]","[2630.67627, 700.53706, 653.8665999999994, 772.04744]","[2802.27409, 878.11144, 686.3912799999998, 710.2975200000001]","[3004.03808, 1050.67564, 807.0559599999997, 690.2567999999997]","[3166.31061, 1201.79529, 649.0901200000008, 604.4786000000004]"
95,People,"[3269.31224, 1393.69439, 412.0065200000008, 767.5964000000004]","[3412.52695, 1558.73125, 572.858839999999, 660.1474399999997]","[3559.68415, 1651.39012, 588.6288000000004, 370.6354799999999]","[3724.23143, 1697.84287, 658.1891199999991, 185.8109999999997]","[3874.40083, 1743.99676, 600.6776000000009, 184.6155600000002]","[3927.05526, 1772.24018, 210.6177200000002, 112.97368000000006]","[3865.85104, 1768.63532, -244.8168800000003, -14.419439999999668]","[3797.61395, 1772.65875, -272.9483600000003, 16.09371999999985]","[3780.89434, 1804.30361, -66.87844000000047, 126.57943999999964]","[3780.574, 1837.84325, -1.2813599999990402, 134.15855999999985]","[3787.651, 1856.22478, 28.307999999999083, 73.52612000000045]","[3787.6118, 1859.43671, -0.15679999999883876, 12.847719999999754]","[3783.47721, 1857.63539, -16.538360000000466, -7.20528000000013]","[3783.19179, 1864.53881, -1.1416800000006333, 27.613680000000386]","[3784.5799, 1870.71499, 5.5524400000012974, 24.704719999999725]","[3780.54233, 1870.31449, -16.15027999999984, -1.6019999999998618]"
96,People,"[3781.15368, 1869.7255, 2.445399999998699, -2.355959999999868]","[3804.12686, 1836.1681, 91.89271999999983, -134.22959999999966]","[3808.66823, 1835.90648, 18.16548000000148, -1.046479999999974]","[3810.83143, 1831.68634, 8.652799999999843, -16.880560000000514]","[3804.43989, 1826.56964, -25.56616000000031, -20.46680000000015]","[3783.79131, 1817.60383, -82.59432000000015, -35.86323999999968]","[3757.56391, 1810.51188, -104.90960000000086, -28.36779999999999]","[3751.50825, 1816.89073, -24.222639999999956, 25.515400000000227]","[3733.7782, 1805.31139, -70.92019999999872, -46.31736000000005]","[3731.29589, 1818.84026, -9.9292400000013, 54.11547999999948]","[3738.51188, 1835.97382, 28.86396000000059, 68.53423999999995]","[3741.50005, 1843.63182, 11.952680000000328, 30.632000000000517]","[3743.88359, 1841.09246, 9.534159999999247, -10.157439999999951]","[3746.29189, 1843.91168, 9.633200000000215, 11.276879999999437]","[3747.15601, 1843.33649, 3.456480000000738, -2.300760000000082]","[3747.66105, 1842.92284, 2.0201600000000326, -1.6545999999998457]"
97,People,"[3744.52477, 1845.1574, -12.54512000000068, 8.938240000000405]","[3741.28699, 1847.83966, -12.951119999999719, 10.729040000000168]","[3738.64035, 1848.40205, -10.586559999999736, 2.249559999999292]","[3711.85305, 1856.27134, -107.14919999999984, 31.477160000000367]","[3623.31977, 1866.17632, -354.1331200000004, 39.61992000000009]","[3570.18185, 1808.5641, -212.5516800000005, -230.44887999999992]","[3666.24191, 1688.2032, 384.240240000001, -481.4436000000005]","[3828.84381, 1655.39186, 650.4075999999986, -131.2453599999999]","[3945.18388, 1630.0176, 465.3602800000012, -101.49704000000028]","[4001.26511, 1581.39908, 224.3249199999991, -194.47407999999996]","[4014.42037, 1469.76619, 52.621039999999994, -446.53155999999944]","[3966.49109, 1324.80689, -191.71711999999934, -579.8371999999999]","[3918.87679, 1289.53892, -190.45720000000074, -141.07188000000042]","[3984.06025, 1297.05977, 260.7338400000008, 30.083400000000438]","[4022.49011, 1269.6062, 153.71944000000076, -109.81428000000051]","[4004.03761, 1185.65934, -73.81000000000131, -335.78744000000006]"
98,People,"[3990.85291, 1103.47582, -52.73879999999917, -328.73407999999927]","[3937.59171, 1075.30014, -213.04479999999967, -112.70272000000023]","[3816.00749, 1095.97724, -486.33688000000075, 82.70839999999953]","[3691.19875, 1144.8512, -499.2349599999998, 195.4958400000005]","[3552.14676, 1137.26056, -556.2079599999997, -30.362560000000485]","[3426.08697, 1054.66421, -504.239160000001, -330.3854000000001]","[3316.59924, 921.16522, -437.9509199999993, -533.9959599999997]","[3157.49455, 835.34277, -636.4187600000005, -343.2898]","[2980.82556, 824.20496, -706.6759599999993, -44.55123999999982]","[2808.76157, 887.86017, -688.2559600000004, 254.62084000000004]","[2707.68199, 850.95939, -404.3183200000003, -147.60312000000022]","[2612.46517, 739.00453, -380.8672800000004, -447.81943999999976]","[2547.81793, 628.06483, -258.58895999999913, -443.75880000000006]","[2514.79165, 586.91753, -132.10512000000017, -164.5891999999999]","[2529.03392, 592.15699, 56.96907999999894, 20.957839999999578]","[2536.90795, 605.4824, 31.49611999999979, 53.301640000000134]"
99,People,"[2522.56426, 647.96403, -57.37475999999879, 169.92651999999998]","[2498.52815, 639.48157, -96.14444000000003, -33.929839999999786]","[2460.21055, 577.39661, -153.27040000000125, -248.3398400000001]","[2404.51466, 491.96315, -222.78355999999985, -341.7338400000001]","[2393.58084, 442.09026, -43.735279999998966, -199.49155999999994]","[2386.14073, 407.24938, -29.760440000000017, -139.3635200000001]","[2365.82529, 366.55403, -81.26175999999941, -162.78139999999985]","[2376.8185, 330.90634, 43.97283999999854, -142.59076000000005]","[2418.27785, 271.02829, 165.83740000000049, -239.5122000000001]","[2390.98937, 272.74858, -109.15392000000065, 6.881159999999909]","[2360.9294, 305.22725, -120.23987999999918, 129.9146800000001]","[2329.79947, 397.24972, -124.51972000000023, 368.08988]","[2291.3965, 562.40658, -153.61188000000038, 660.6274399999998]","[2250.05653, 730.24326, -165.35987999999998, 671.34672]","[2202.61885, 820.33691, -189.75072, 360.3746000000001]","[2135.3329, 856.25156, -269.1437999999998, 143.6586000000002]"
100,People,"[2094.13448, 805.47071, -164.79367999999886, -203.12339999999995]","[2063.28611, 720.41096, -123.39348000000064, -340.23900000000003]","[2031.05374, 598.38912, -128.92947999999978, -488.08736]","[1989.51898, 468.71519, -166.13904000000002, -518.6957200000002]","[1979.29153, 394.47871, -40.90980000000036, -296.9459200000001]","[1982.64077, 341.55422, 13.396960000000036, -211.69795999999997]","[1954.72807, 389.52102, -111.65080000000034, 191.86720000000014]","[1903.25939, 511.83885, -205.8747199999998, 489.27131999999983]","[1882.99748, 603.00477, -81.04763999999984, 364.66368000000045]","[1825.76989, 627.27157, -228.91035999999986, 97.06719999999996]","[1748.07521, 602.15394, -310.77872000000025, -100.47051999999985]","[1659.1683, 525.89876, -355.6276399999997, -305.02072]","[1532.00865, 426.6584, -508.6386000000002, -396.96144000000027]","[1453.20071, 352.71216, -315.23175999999967, -295.78495999999996]","[1382.64963, 342.25726, -282.20432000000073, -41.81960000000004]","[1311.43377, 397.21223, -284.8634399999992, 219.81988]"
101,People,"[1235.39302, 474.215, -304.16300000000047, 308.01108]","[1136.25466, 511.06447, -396.5534399999997, 147.39788]","[1072.47, 483.56092, -255.13864000000012, -110.01419999999985]","[1007.46329, 357.72192, -260.02684, -503.356]","[948.10453, 184.21353, -237.4350400000003, -694.0335600000001]","[778.00328, 64.0066, -680.4049999999997, -480.82771999999994]","[642.23079, 51.04054, -543.0899600000002, -51.864240000000024]","[583.92688, 48.39569, -233.2156399999999, -10.579399999999993]","[596.16583, 64.96585, 48.955800000000224, 66.28064000000006]","[561.94412, 46.4581, -136.88684000000012, -74.031]","[484.30445, -65.65921, -310.5586800000001, -448.46924]","[446.5673, -204.37106, -150.94859999999994, -554.8474]","[392.46388, -299.65909, -216.41367999999989, -381.15211999999997]","[348.50124, -322.68912, -175.8505600000001, -92.12012000000004]","[282.40092, -277.56645, -264.40128000000004, 180.4906800000001]","[222.46538, -195.95648, -239.7421599999999, 326.4398799999999]"
102,People,"[136.74022, -117.22626, -342.90064000000007, 314.92088]","[55.23915, -100.18316, -326.00428, 68.17239999999998]","[3.50328, -146.32111, -206.94348000000002, -184.55180000000001]","[-24.24821, -219.86835, -111.00596, -294.18895999999995]","[-12.59639, -322.44554, 46.60728, -410.30876]","[3.02094, -444.32166, 62.469319999999996, -487.50448000000006]","[-2.40257, -555.36793, -21.69404, -444.18507999999997]","[-33.07389, -639.29919, -122.68527999999999, -335.7250399999998]","[-61.56361, -653.78086, -113.9588800000001, -57.92668000000008]","[-72.74668, -608.80501, -44.73228, 179.9033999999997]","[-64.27131, -599.59172, 33.90147999999999, 36.853160000000116]","[-70.75908, -672.01485, -25.95107999999999, -289.69252000000006]","[-72.24069, -711.98466, -5.926440000000014, -159.87923999999975]","[-115.35264, -733.8119, -172.44779999999997, -87.3089600000003]","[-215.62584, -740.27717, -401.09280000000007, -25.861079999999674]","[-312.59245, -751.56779, -387.8664399999999, -45.16247999999996]"
103,People,"[-381.79853, -827.03623, -276.82432000000017, -301.8737600000004]","[-409.49796, -933.09998, -110.7977199999998, -424.25499999999965]","[-422.82144, -1059.25321, -53.29392000000007, -504.6129200000005]","[-469.54586, -1148.13207, -186.89768000000004, -355.5154400000001]","[-545.31322, -1183.11475, -303.06944, -139.93071999999938]","[-637.48433, -1191.6337, -368.68444, -34.07580000000053]","[-752.42448, -1203.92771, -459.76060000000007, -49.176039999999375]","[-859.16244, -1236.46014, -426.9518399999997, -130.1297199999999]","[-892.20503, -1337.49651, -132.1703600000002, -404.1454800000005]","[-937.079, -1518.26327, -179.49587999999994, -723.0670399999999]","[-1019.71979, -1681.65439, -330.56316000000015, -653.56448]","[-1049.78603, -1757.27176, -120.26495999999997, -302.46948000000066]","[-1063.02857, -1767.12341, -52.97015999999985, -39.406599999999344]","[-1145.92359, -1719.01044, -331.58008000000063, 192.45187999999962]","[-1259.65959, -1678.00785, -454.9439999999995, 164.01036000000022]","[-1370.46353, -1630.8432, -443.21576000000005, 188.65859999999975]"
104,People,"[-1439.60223, -1610.52367, -276.5547999999999, 81.27811999999994]","[-1521.58494, -1659.44781, -327.93084, -195.6965599999994]","[-1607.97417, -1765.61468, -345.55692, -424.66748000000007]","[-1712.37734, -1884.18169, -417.6126800000002, -474.2680399999999]","[-1767.59472, -1962.21287, -220.8695200000002, -312.1247200000007]","[-1845.97025, -2046.47324, -313.5021200000001, -337.04147999999986]","[-1957.54788, -2116.81974, -446.31052, -281.3859999999995]","[-2085.53515, -2166.26765, -511.9490800000003, -197.79163999999946]","[-2171.44809, -2262.0965, -343.6517599999991, -383.31540000000166]","[-2164.96635, -2389.81226, 25.92695999999887, -510.8630400000002]","[-2111.10349, -2533.20463, 215.45144000000073, -573.5694800000001]","[-2178.86832, -2686.32392, -271.0593200000003, -612.4771599999985]","[-2300.92547, -2766.38824, -488.22860000000037, -320.25728000000163]","[-2436.88336, -2797.87754, -543.8315599999987, -125.95719999999892]","[-2558.34116, -2857.80838, -485.83120000000054, -239.72335999999996]","[-2620.55795, -2957.76212, -248.86715999999979, -399.8149599999997]"
105,People,"[-2636.2949519341214, -3034.6469409543915, -62.94800773648603, -307.5392838175667]","[-2638.7155518074323, -3034.886269712837, -9.682399493243793, -0.9573150337819243]","[-2641.1361516807438, -3035.1255984712834, -9.682399493245612, -0.9573150337855623]","[-2643.556751554054, -3035.36492722973, -9.682399493240155, -0.9573150337855623]","[-2645.9773514273647, -3035.604255988176, -9.682399493243793, -0.9573150337855623]","[-2648.397951300676, -3035.8435847466217, -9.682399493245612, -0.9573150337819243]","[-2650.818551173986, -3036.082913505068, -9.682399493240155, -0.9573150337855623]","[-2653.239151047297, -3036.322242263513, -9.682399493243793, -0.9573150337801053]","[-2655.659750920608, -3036.5615710219595, -9.682399493243802, -0.9573150337855632]","[-2658.080350793919, -3036.8008997804054, -9.682399493243793, -0.9573150337837433]","[-2660.500950667229, -3037.040228538852, -9.682399493240155, -0.9573150337855623]","[-2662.9215505405405, -3037.2795572972973, -9.682399493245612, -0.9573150337819243]","[-2665.3421504138514, -3037.518886055743, -9.682399493243793, -0.9573150337837433]","[-2667.762750287162, -3037.758214814189, -9.682399493241974, -0.9573150337837433]","[-2670.183350160473, -3037.997543572635, -9.682399493243793, -0.9573150337837433]","[-2672.603950033784, -3038.236872331081, -9.682399493243793, -0.9573150337837433]"
106,People,"[-2675.0245499070948, -3038.476201089527, -9.682399493243793, -0.9573150337837433]","[-2677.445149780405, -3038.715529847973, -9.682399493240155, -0.9573150337837433]","[-2679.865749653716, -3038.954858606419, -9.682399493245612, -0.9573150337837433]","[-2682.286349527027, -3039.194187364865, -9.682399493243793, -0.9573150337837433]","[-2684.7069494003376, -3039.4335161233107, -9.682399493241974, -0.9573150337837433]","[-2687.1275492736486, -3039.6728448817566, -9.682399493243793, -0.9573150337837433]","[-2689.5481491469595, -3039.9121736402026, -9.682399493243793, -0.9573150337837433]","[-2691.9687490202705, -3040.1515023986485, -9.682399493243793, -0.9573150337837433]","[-2694.389348893581, -3040.3908311570945, -9.682399493241983, -0.9573150337837442]","[-2696.809948766892, -3040.6301599155404, -9.682399493243793, -0.9573150337837433]","[-2699.230548640203, -3040.8694886739863, -9.682399493243793, -0.9573150337837433]","[-2701.6511485135134, -3041.1088174324323, -9.682399493241974, -0.9573150337837433]","[-2704.0717483868243, -3041.348146190878, -9.682399493243793, -0.9573150337837433]","[-2706.4923482601357, -3041.5874749493246, -9.682399493245612, -0.9573150337855623]","[-2708.9129481334458, -3041.8268037077705, -9.682399493240155, -0.9573150337837433]","[-2711.3335480067567, -3042.0661324662165, -9.682399493243793, -0.9573150337837433]"
107,People,"[-2713.754147880068, -3042.3054612246624, -9.682399493245612, -0.9573150337837433]","[-2716.1747477533786, -3042.5447899831083, -9.682399493241974, -0.9573150337837433]","[-2718.595347626689, -3042.7841187415543, -9.682399493241974, -0.9573150337837433]","[-2721.0159475, -3043.0234475, -9.682399493243793, -0.9573150337837433]","[-2723.436547373311, -3043.262776258446, -9.682399493243793, -0.9573150337837433]","[-2725.857147246621, -3043.502105016892, -9.682399493240155, -0.9573150337837433]","[-2728.2777471199324, -3043.741433775338, -9.682399493245612, -0.9573150337837433]","[-2730.6983469932434, -3043.980762533784, -9.682399493243793, -0.9573150337837433]","[-2733.1189468665543, -3044.22009129223, -9.682399493243802, -0.9573150337837442]","[-2735.539546739865, -3044.459420050676, -9.682399493241974, -0.9573150337837433]","[-2737.960146613176, -3044.6987488091218, -9.682399493245612, -0.9573150337837433]","[-2740.3807464864867, -3044.938077567568, -9.682399493241974, -0.9573150337855623]","[-2742.801346359797, -3045.1774063260136, -9.682399493241974, -0.9573150337819243]","[-2745.221946233108, -3045.41673508446, -9.682399493243793, -0.9573150337855623]","[-2747.642546106419, -3045.656063842905, -9.682399493243793, -0.9573150337801053]","[-2735.78669, -3030.05703, 47.423424425676785, 62.3961353716204]"
108,People,"[-2623.10445, -2894.00366, 450.72896000000037, 544.2134800000003]","[-2438.57409, -2764.02183, 738.121439999999, 519.9273199999989]","[-2308.10666, -2630.35162, 521.8697200000006, 534.6808400000009]","[-2209.395, -2442.70758, 394.84663999999975, 750.5761600000005]","[-2036.24704, -2282.44968, 692.59184, 641.0315999999984]","[-1785.13968, -2196.45266, 1004.4294399999999, 343.988080000001]","[-1501.56748, -2119.5849, 1134.2888000000003, 307.47104000000036]","[-1250.53884, -2008.35432, 1004.11456, 444.9223199999997]","[-974.42929, -1877.02319, 1104.4382000000005, 525.3245199999997]","[-667.30441, -1788.08026, 1228.4995200000003, 355.77172000000064]","[-352.84967, -1708.88206, 1257.8189599999998, 316.79280000000017]","[-62.43619, -1589.22393, 1161.65392, 478.6325199999992]","[215.00898, -1431.96112, 1109.78068, 629.0512400000007]","[517.33391, -1298.09698, 1209.2997199999998, 535.4565599999996]","[825.80293, -1217.2843, 1233.87608, 323.25072]","[1128.04781, -1091.16042, 1208.9795200000003, 504.4955200000004]"
109,People,"[1397.27607, -915.23997, 1076.9130399999995, 703.6817999999998]","[1673.09466, -733.53654, 1103.2743600000003, 726.8137200000001]","[1973.62973, -630.44325, 1202.1402800000005, 412.37315999999964]","[2276.63714, -503.70338, 1212.0296399999988, 506.9594800000002]","[2520.86833, -312.1397, 976.9247599999999, 766.2547199999999]","[2775.58918, -123.75657, 1018.8834000000006, 753.53252]","[3062.58938, 16.12844, 1148.0007999999998, 559.54004]","[3359.0947, 160.03012, 1186.0212800000008, 575.60672]","[3631.10233, 339.29408, 1088.0305200000012, 717.0558400000007]","[3899.76629, 515.88916, 1074.6558399999994, 706.3803199999998]","[4183.21399, 669.41563, 1133.7908000000007, 614.1058800000001]","[4483.73369, 786.1831, 1202.0787999999993, 467.06988]","[4766.61386, 918.82157, 1131.5206800000014, 530.5538799999999]","[5010.24424, 1083.55021, 974.5215199999984, 658.9145600000006]","[5214.68695, 1234.04952, 817.770840000001, 601.9972399999997]","[5462.33471, 1374.32856, 990.5910399999993, 561.1161599999996]"
110,People,"[5733.19544, 1546.26545, 1083.4429200000013, 687.7475600000007]","[5890.12445, 1628.46318, 627.7160399999993, 328.79091999999946]","[5931.21936, 1626.44728, 164.3796399999992, -8.063599999999497]","[5926.00474, 1578.05422, -20.858479999998963, -193.57224000000042]","[5937.73367, 1514.07568, 46.915719999997236, -255.91416000000027]","[5874.8259, 1490.69725, -251.6310799999992, -93.51371999999992]","[5730.64717, 1398.37753, -576.7149199999985, -369.27887999999984]","[5546.50946, 1231.86559, -736.5508399999999, -666.0477599999995]","[5327.01224, 1082.19614, -877.9888800000016, -598.677800000001]","[5141.42906, 1020.99277, -742.3327199999985, -244.81348000000025]","[4898.56917, 1024.61988, -971.4395600000025, 14.508440000000064]","[4637.62652, 979.56707, -1043.7705999999998, -180.2112400000001]","[4306.94971, 832.56963, -1322.7072399999997, -587.9897599999999]","[4019.07983, 722.00491, -1151.479519999999, -442.25887999999986]","[3745.16759, 694.88892, -1095.6489600000004, -108.46396000000004]","[3479.19773, 650.27724, -1063.8794400000006, -178.4467199999999]"
111,People,"[3220.40351, 518.94622, -1035.176879999999, -525.3240799999999]","[2947.97968, 364.8442, -1089.6953200000007, -616.4080800000002]","[2676.47048, 289.77519, -1086.0367999999999, -300.27603999999997]","[2372.63949, 243.90381, -1215.3239599999997, -183.48552000000007]","[2085.6742, 157.3753, -1147.8611600000004, -346.11403999999993]","[1822.95425, 21.17025, -1050.8797999999997, -544.8202]","[1541.60129, -113.51645, -1125.4118399999998, -538.7468]","[1241.15739, -166.21966, -1201.7756, -210.81284]","[943.59859, -221.5177, -1190.2352000000017, -221.19216000000014]","[670.03838, -363.46181, -1094.24084, -567.7764400000001]","[367.81838, -527.51184, -1208.8799999999999, -656.20012]","[49.72056, -620.31351, -1272.39128, -371.2066799999998]","[-265.94188, -672.40613, -1262.64976, -208.37048000000004]","[-575.28004, -769.44023, -1237.3526399999998, -388.1364000000003]","[-877.08915, -903.47097, -1207.2364400000001, -536.1229599999997]","[-1176.41395, -1002.63125, -1197.2992000000004, -396.6411200000002]"
112,People,"[-1495.3615, -1023.55241, -1275.7901999999995, -83.68463999999994]","[-1784.35572, -1039.20164, -1155.9768800000002, -62.596919999999955]","[-2053.20095, -1119.61018, -1075.3809199999996, -321.6341599999996]","[-2323.84755, -1220.81189, -1082.5864000000001, -404.8068400000002]","[-2584.82883, -1234.3221, -1043.9251199999999, -54.04084000000057]","[-2838.98553, -1223.58368, -1016.6268, 42.95368000000053]","[-3046.93799, -1238.45201, -831.8098399999999, -59.47332000000006]","[-3173.5467, -1342.75275, -506.4348399999999, -417.20296000000053]","[-3232.59813, -1456.73023, -236.20572000000013, -455.90991999999954]","[-3361.04407, -1519.26205, -513.7837600000003, -250.1272800000006]","[-3519.26339, -1495.60358, -632.8772800000006, 94.63388000000032]","[-3678.81803, -1484.32605, -638.2185599999993, 45.11012000000028]","[-3736.237071111111, -1487.752156666667, -229.67616444444502, -13.704426666668041]","[-3735.0487516666662, -1466.1536150000002, 4.753277777779658, 86.39416666666693]","[-3707.36997, -1434.34264, 110.71512666666422, 127.2439000000004]","[-3657.84252, -1406.01184, 198.10980000000018, 113.32320000000072]"
113,People,"[-3638.19241, -1396.73623, 78.60044000000016, 37.10243999999966]","[-3654.35627, -1391.39523, -64.65544000000045, 21.363999999999578]","[-3657.12149, -1401.90778, -11.060879999999088, -42.05019999999968]","[-3664.23631, -1411.1981, -28.459279999999126, -37.16128000000026]","[-3668.48854, -1407.97947, -17.008920000000217, 12.874520000000302]","[-3661.85742, -1409.61511, 26.52448000000004, -6.542559999999867]","[-3651.52122, -1398.95584, 41.34479999999894, 42.637079999999514]","[-3649.94425, -1388.93594, 6.307880000000296, 40.07960000000003]","[-3648.79303, -1378.78378, 4.60488000000078, 40.60864000000041]","[-3646.3343, -1378.43681, 9.834919999999329, 1.387880000000223]","[-3649.90363, -1377.91756, -14.277319999999236, 2.076999999999316]","[-3650.486, -1368.4628, -2.3294800000003306, 37.819040000000314]","[-3650.24793, -1363.80919, 0.9522799999995186, 18.614440000000286]","[-3647.71262, -1362.36427, 10.141240000000835, 5.779679999999644]","[-3648.76098, -1363.96329, -4.193440000000919, -6.396079999999529]","[-3651.16335, -1364.60637, -9.609479999999166, -2.572320000000218]"
114,People,"[-3651.9379, -1363.35713, -3.098200000000361, 4.99695999999949]","[-3653.66677, -1360.79527, -6.915479999999661, 10.247440000000097]","[-3655.19334, -1355.47683, -6.10627999999997, 21.27376000000004]","[-3651.22695, -1354.95691, 15.865559999998368, 2.0796799999998257]","[-3640.85299, -1360.54468, 41.49584000000141, -22.351079999999456]","[-3636.12003, -1363.42907, 18.931839999999283, -11.537559999999758]","[-3638.30413, -1363.4024, -8.736399999999776, 0.10667999999986932]","[-3638.77148, -1364.22644, -1.8693999999995867, -3.2961599999998725]","[-3638.80685, -1365.80635, -0.1414800000002289, -6.319640000000623]","[-3637.7394, -1367.19568, 4.269800000000032, -5.557319999999891]","[-3635.53261, -1370.42731, 8.827159999998912, -12.926519999999982]","[-3636.49324, -1374.04231, -3.8425199999983306, -14.460000000000036]","[-3639.13436, -1375.73667, -10.564480000000913, -6.777439999999842]","[-3642.39009, -1374.68534, -13.02291999999943, 4.205320000000029]","[-3643.77055, -1374.02283, -5.521840000001248, 2.650039999999535]","[-3644.44051, -1371.54242, -2.679839999998876, 9.92164000000048]"
115,People,"[-3646.66066, -1367.89647, -8.880600000000413, 14.583800000000338]","[-3650.52718, -1365.89869, -15.466080000000147, 7.9911199999996825]","[-3654.23584, -1363.70624, -14.834639999999126, 8.769800000000032]","[-3650.39195, -1354.51022, 15.375559999998586, 36.78408000000036]","[-3635.07575, -1332.60466, 61.26480000000083, 87.62223999999969]","[-3628.122313786408, -1294.7210125242718, 27.813744854367542, 151.53458990291256]","[-3615.827356262136, -1247.717999174757, 49.17983009708769, 188.01205339805892]","[-3603.532398737864, -1200.7149858252428, 49.17983009708951, 188.0120533980571]","[-3591.2374412135923, -1153.711972475728, 49.17983009708591, 188.0120533980591]","[-3578.9424836893204, -1106.7089591262136, 49.17983009708769, 188.01205339805801]","[-3566.6475261650485, -1059.705945776699, 49.17983009708769, 188.01205339805801]","[-3554.352568640777, -1012.7029324271844, 49.17983009708587, 188.01205339805892]","[-3542.057611116505, -965.6999190776698, 49.17983009708769, 188.01205339805801]","[-3528.6402, -920.18975, 53.669644466021055, 182.04067631067937]","[-3519.59241, -919.87195, 36.19115999999849, 1.2712000000001353]","[-3563.90674, -1014.324, -177.2573199999988, -377.80819999999994]"
116,People,"[-3583.9496425, -1110.5247425, -80.17161000000124, -384.8029700000002]","[-3549.95493, -1207.48998, 135.97885000000133, -387.86095000000023]","[-3476.82813, -1253.58354, 292.5072, -184.3742400000001]","[-3368.42759, -1215.91554, 433.60216000000037, 150.67200000000048]","[-3242.639135818182, -1128.3936336363638, 503.153816727272, 350.08762545454465]","[-3118.343854, -1040.11752, 497.18112727272637, 353.10445454545516]","[-3033.13228, -988.93983, 340.84629600000153, 204.71075999999994]","[-2967.02695, -1012.61735, 264.42131999999947, -94.71007999999983]","[-2927.63725, -1079.52747, 157.55879999999902, -267.64048000000025]","[-2873.33096, -1142.52587, 217.22516000000178, -251.9935999999998]","[-2797.01673, -1168.43132, 305.2569199999998, -103.6217999999999]","[-2716.99217, -1140.81181, 320.09823999999935, 110.47803999999996]","[-2648.26625, -1113.69823, 274.90367999999944, 108.45431999999983]","[-2607.29354, -1068.29327, 163.89084000000003, 181.6198400000003]","[-2572.45723, -1013.94802, 139.34524000000056, 217.3809999999994]","[-2533.82126, -966.04608, 154.54387999999926, 191.60776000000033]"
117,People,"[-2504.32214, -952.75452, 117.99647999999979, 53.166240000000016]","[-2460.68951, -1008.21052, 174.53052000000025, -221.82400000000007]","[-2412.87688, -1127.59288, 191.25052000000142, -477.5294399999998]","[-2339.09394, -1226.87631, 295.1317599999984, -397.1337200000007]","[-2242.04265, -1285.29443, 388.20516000000134, -233.67247999999927]","[-2133.41737, -1288.45872, 434.501119999999, -12.657160000000658]","[-2013.85877, -1247.11429, 478.2344000000003, 165.3777200000004]","[-1889.9527, -1252.25061, 495.62428, -20.545280000000275]","[-1808.57433, -1301.5532, 325.5134800000008, -197.2103600000002]","[-1772.32976, -1413.38164, 144.97827999999936, -447.31376]","[-1701.3259, -1521.51653, 284.0154400000001, -432.53956000000017]","[-1596.32585, -1561.88929, 420.0002000000004, -161.49103999999988]","[-1479.19081, -1506.32633, 468.54015999999956, 222.2518399999999]","[-1393.3311, -1396.83467, 343.4388399999998, 437.96664000000055]","[-1314.77743, -1314.0178, 314.21468000000004, 331.2674799999995]","[-1283.33975, -1265.04488, 125.75072, 195.89168000000063]"
118,People,"[-1271.94263, -1235.06112, 45.588480000000345, 119.93503999999939]","[-1237.62589, -1253.97297, 137.26695999999993, -75.64739999999983]","[-1190.85462, -1332.54043, 187.08507999999983, -314.26983999999993]","[-1110.12005, -1444.5088, 322.9382800000003, -447.8734800000002]","[-1032.44742, -1550.07877, 310.6905200000001, -422.27988000000005]","[-1032.30155, -1585.92682, 0.583480000000236, -143.39219999999932]","[-1034.72989, -1602.30168, -9.713360000000648, -65.4994400000005]","[-1020.85477, -1577.56619, 55.50048000000015, 98.94196000000011]","[-951.91566, -1546.77517, 275.75644000000034, 123.16408000000058]","[-785.10537, -1475.65672, 667.24116, 284.47379999999976]","[-624.96365, -1383.41333, 640.5668799999999, 368.97355999999945]","[-554.78422, -1356.33413, 280.7177200000001, 108.31680000000051]","[-493.21791, -1389.54323, 246.26523999999995, -132.83640000000014]","[-410.81921, -1455.14515, 329.5948000000001, -262.40768000000025]","[-321.55922, -1506.27336, 357.03996000000006, -204.51283999999941]","[-226.78074, -1556.79573, 379.1139199999999, -202.08948000000055]"
119,People,"[-175.71688, -1587.45969, 204.25544000000002, -122.65583999999944]","[-93.31987, -1526.27172, 329.58804000000003, 244.7518799999998]","[29.84012, -1401.0749, 492.63996, 500.78727999999956]","[193.20946, -1322.75818, 653.4773600000001, 313.2668800000001]","[340.13966, -1306.54935, 587.7207999999999, 64.83532000000014]","[418.50978, -1451.06834, 313.48047999999994, -578.0759600000001]","[442.04549, -1578.57003, 94.14283999999998, -510.0067600000002]","[471.64022, -1633.12466, 118.37892000000011, -218.21851999999944]","[522.15436, -1568.01794, 202.05656000000016, 260.4268800000002]","[572.71935, -1435.60893, 202.25995999999986, 529.6360399999994]","[650.16654, -1322.74226, 309.78876000000037, 451.46668000000045]","[734.3557, -1255.48987, 336.7566399999996, 269.0095599999995]","[772.91031, -1219.17987, 154.2184400000001, 145.2400000000007]","[814.29931, -1187.14063, 165.55600000000004, 128.15695999999934]","[872.33772, -1189.26129, 232.15364, -8.482639999999265]","[921.82634, -1264.93069, 197.95447999999988, -302.6776]"
120,People,"[967.56844, -1370.75672, 182.9684000000002, -423.3041200000007]","[1043.94406, -1394.27037, 305.5024800000001, -94.05459999999948]","[1153.31748, -1368.14088, 437.4936799999996, 104.51796000000013]","[1276.73808, -1307.01741, 493.6824000000006, 244.49388]","[1394.77503, -1228.45012, 472.14779999999973, 314.26915999999983]","[1499.51483, -1214.33294, 418.95920000000024, 56.46871999999985]","[1547.70927, -1275.39154, 192.77775999999994, -244.23440000000028]","[1597.92606, -1373.62108, 200.86715999999979, -392.91815999999926]","[1692.3776, -1488.7008, 377.80616000000043, -460.3188800000011]","[1844.80005, -1551.62741, 609.6898000000001, -251.70643999999993]","[1980.16877, -1512.99956, 541.4748799999998, 154.51140000000032]","[2085.70015, -1413.14969, 422.1255200000005, 399.39948000000004]","[2181.79288, -1334.06932, 384.3709199999994, 316.3214799999996]","[2257.82271, -1327.8831, 304.1193199999998, 24.744880000000194]","[2319.89086, -1387.32183, 248.27260000000024, -237.7549200000003]","[2391.72401, -1479.58296, 287.33259999999973, -369.04451999999947]"
121,People,"[598.03244, 3164.48573, 0.0, 0.0]","[678.17427, 3152.69819, 320.5673200000001, -47.15015999999923]","[716.75931, 3109.67858, 154.3401600000002, -172.07844000000114]","[745.06772, 2962.72218, 113.23363999999992, -587.8255999999983]","[797.52619, 2784.34404, 209.83388000000014, -713.512560000001]","[842.55044, 2589.19845, 180.09699999999975, -780.5823600000003]","[862.62916, 2344.95102, 80.3148799999999, -976.9897199999996]","[904.80599, 2054.65147, 168.70731999999998, -1161.1982000000007]","[977.93127, 1720.68932, 292.50112000000064, -1335.8486000000005]","[1010.99904, 1346.3082, 132.27107999999998, -1497.52448]","[1000.26399, 1006.97762, -42.940200000000004, -1357.3223199999998]","[1025.45838, 669.98826, 100.77756, -1347.9574400000001]","[1076.58508, 403.74124, 204.5068000000001, -1064.9880799999999]","[1083.73937, 124.83963, 28.617159999999785, -1115.60644]","[1055.18745, -140.76277, -114.20768000000044, -1062.4096]","[1042.45376, -380.02077, -50.93475999999919, -957.0320000000002]"
122,People,"[1064.65802, -573.63751, 88.8170399999999, -774.46696]","[1080.0135, -720.94642, 61.42191999999977, -589.2356399999999]","[1069.35825, -822.53355, -42.621000000000095, -406.34852]","[1032.4869, -893.35677, -147.48539999999957, -283.29287999999997]","[995.70999, -938.9393, -147.10764000000063, -182.33012000000008]","[965.80217, -970.90762, -119.6312799999996, -127.8732799999998]","[940.01165, -987.48626, -103.16208000000006, -66.31456000000026]","[926.41704, -1002.35163, -54.378439999999955, -59.46147999999994]","[939.28412, -1029.3768, 51.46831999999999, -108.10068000000011]","[969.20621, -1056.7926, 119.6883600000001, -109.66319999999996]","[998.80305, -1070.38056, 118.38735999999972, -54.351840000000266]","[1002.94305, -1064.88498, 16.559999999999945, 21.982320000000072]","[994.74998, -1060.04462, -32.77227999999968, 19.361440000000584]","[991.25416, -1059.2708, -13.983280000000377, 3.0952799999995477]","[989.15302, -1058.5843, -8.404559999999947, 2.7460000000000946]","[984.73195, -1056.23277, -17.684279999999944, 9.406119999999646]"
123,People,"[980.92356, -1058.26639, -15.233560000000125, -8.134479999999712]","[977.05152, -1059.3589, -15.48815999999988, -4.37003999999979]","[970.81744, -1052.63099, -24.936319999999796, 26.911639999999352]","[962.82819, -1047.7405, -31.957000000000335, 19.56196]","[957.94102, -1045.05983, -19.548679999999877, 10.722680000000764]","[959.83776, -1047.51175, 7.58696000000009, -9.807679999999891]","[967.47265, -1052.62514, 30.539560000000165, -20.453560000000834]","[975.99237, -1063.92278, 34.07888000000003, -45.190560000000005]","[980.12888, -1071.91893, 16.546039999999735, -31.9845999999998]","[981.1503, -1074.83981, 4.0856800000001385, -11.68351999999959]","[984.90062, -1070.46627, 15.001279999999952, 17.494160000000193]","[989.8188, -1072.10099, 19.672720000000027, -6.538880000000063]","[994.09285, -1075.44439, 17.096199999999953, -13.373600000000806]","[995.92159, -1077.98795, 7.314960000000156, -10.174239999999372]","[996.89738, -1076.34942, 3.9031599999998434, 6.554119999999784]","[1001.44286, -1068.71106, 18.18191999999999, 30.553439999999682]"
124,People,"[993.34318, -1064.03882, -32.39872000000014, 18.688960000000407]","[964.94023, -1056.97772, -113.61179999999968, 28.244399999999587]","[942.29605, -1040.7022, -90.57672000000002, 65.10208000000057]","[942.81615, -1040.47597, 2.080399999999827, 0.9049199999999473]","[974.92639, -1052.997, 128.4409599999999, -50.08412000000044]","[1043.95558, -1082.82523, 276.11676000000034, -119.3129199999994]","[1126.56181, -1134.03414, 330.4249199999995, -204.83564000000024]","[1232.01722, -1169.65755, 421.8216400000001, -142.4936399999997]","[1348.97161, -1166.34477, 467.8175600000008, 13.251119999999913]","[1473.0337, -1135.89322, 496.2483599999996, 121.80619999999999]","[1553.62795, -1100.53667, 322.3770000000004, 141.42619999999988]","[1579.74486, -1077.64994, 104.46763999999985, 91.54691999999977]","[1576.08028, -1073.25013, -14.658320000000458, 17.599240000000464]","[1544.1105, -1040.81017, -127.8791199999996, 129.7598399999997]","[1484.17206, -980.53915, -239.7537599999996, 241.08408000000009]","[1458.87999, -942.63606, -101.16828000000078, 151.61235999999963]"
125,People,"[1453.63564, -872.43501, -20.977399999999612, 280.80419999999805]","[1460.40574, -780.38834, 27.080399999999827, 368.18668000000025]","[1451.7967, -707.82676, -34.43615999999929, 290.24631999999974]","[1420.43978, -644.99505, -125.42768000000069, 251.32684000000017]","[1389.32319, -596.16099, -124.46635999999944, 195.3362400000001]","[1357.74472, -567.79449, -126.31388000000061, 113.4659999999999]","[1322.33091, -481.05218, -141.65524000000005, 346.9692399999999]","[1296.99162, -396.59849, -101.35715999999957, 337.81476]","[1296.35349, -302.98455, -2.552520000000188, 374.4557600000004]","[1297.75912, -204.90331, 5.622519999999895, 392.32496000000003]","[1272.47717, -126.92389, -101.1278000000002, 311.91768]","[1185.74537, -40.11479, -346.9271999999992, 347.2364]","[1094.25406, 33.11841, -365.96524000000045, 292.9328]","[1039.80119, 59.70276, -217.8114800000003, 106.3374]","[984.49959, 104.46787, -221.20639999999958, 179.06044000000003]","[950.32273, 160.49062, -136.70744000000013, 224.091]"
126,People,"[930.81896, 212.45747, -78.01508000000013, 207.86739999999998]","[927.54568, 241.37446, -13.093119999999999, 115.66796]","[929.87078, 278.36264, 9.300400000000081, 147.95272]","[972.34572, 324.99875, 169.89976000000024, 186.5444399999999]","[942.61617, 327.06673, -118.91820000000007, 8.271920000000136]","[891.01855, 348.0146, -206.39048000000003, 83.79147999999986]","[819.15198, 394.74716, -287.4662800000001, 186.93024000000014]","[737.82314, 463.31484, -325.31536000000006, 274.27072]","[693.49583, 564.489, -177.30924000000022, 404.69664000000046]","[700.35, 696.88788, 27.41668000000027, 529.5955199999999]","[713.33794, 817.10528, 51.95175999999992, 480.8696]","[685.33017, 937.18648, -112.0310800000002, 480.32479999999987]","[644.50464, 1056.29202, -163.30211999999983, 476.42216000000053]","[595.2292, 1154.70861, -197.10176, 393.66635999999926]","[557.95638, 1249.39278, -149.0912800000001, 378.73668]","[547.8767, 1355.16001, -40.31871999999976, 423.0689200000006]"
127,People,"[553.28581, 1445.62746, 21.636439999999766, 361.8697999999995]","[571.93185, 1494.34016, 74.58416000000034, 194.85080000000016]","[584.19785, 1573.61959, 49.06399999999985, 317.1177200000002]","[547.59816, 1621.80586, -146.39876000000004, 192.7450799999997]","[494.28755, 1637.88869, -213.24244, 64.33132000000023]","[430.81405, 1647.68676, -253.894, 39.19228000000021]","[369.94812, 1660.95027, -243.46371999999997, 53.054039999999986]","[298.72694, 1712.46811, -284.88472, 206.0713599999999]","[269.74226, 1797.79487, -115.9387200000002, 341.30704]","[291.10959, 1894.11457, 85.46932000000015, 385.27880000000005]","[294.07036, 1977.03495, 11.843079999999873, 331.6815200000001]","[312.86278, 2061.96503, 75.16967999999997, 339.72031999999945]","[341.15071, 2129.24588, 113.15172000000007, 269.1234000000004]","[289.16615, 2163.61575, -207.93823999999995, 137.47947999999997]","[221.66703, 2171.79588, -269.99648, 32.72052000000076]","[158.46918, 2194.3768, -252.79140000000007, 90.32367999999951]"
128,People,"[109.61733, 2255.84296, -195.4074, 245.86463999999978]","[92.61672, 2334.94569, -68.00243999999998, 316.41092000000026]","[116.47596, 2439.55426, 95.43696, 418.4342799999995]","[161.04246, 2562.08252, 178.26600000000002, 490.1130400000002]","[196.15973, 2717.06547, 140.46907999999996, 619.9318000000003]","[218.5726, 2866.83103, 89.65147999999999, 599.0622399999993]","[211.30247, 3024.37858, -29.08051999999998, 630.1902000000009]","[184.41247, 3195.49954, -107.55999999999995, 684.483839999999]","[142.87431, 3344.9195, -166.15264000000016, 597.6798400000013]","[104.64582, 3408.16907, -152.91396000000003, 252.9982799999998]","[75.14136, 3422.03346, -118.01783999999998, 55.45756000000074]","[54.46312, 3415.29486, -82.71296000000001, -26.954400000000533]","[69.05027, 3405.23325, 58.348599999999976, -40.246439999998984]","[73.30111, 3400.22622, 17.003359999999986, -20.028120000000854]","[82.99571, 3393.5861, 38.77840000000003, -26.560480000000098]","[106.6211, 3358.63725, 94.50155999999998, -139.79539999999906]"
129,People,"[128.5823, 3328.23888, 87.84480000000127, -121.5934800000031]","[192.79401, 3261.05419, 256.84683999999993, -268.7387600000002]","[270.36209, 3203.28432, 310.27232000000015, -231.0794799999985]","[238.16736, 3151.23738, -128.77892000000008, -208.1877600000007]","[167.46791, 3180.44233, -282.79780000000005, 116.8197999999993]","[126.88095, 3275.45355, -162.34783999999996, 380.0448800000013]","[99.09615, 3338.78697, -111.13920000000002, 253.33367999999973]","[87.61593, 3394.29054, -45.920879999999954, 222.01427999999942]","[88.35837, 3396.59566, 2.9697599999999538, 9.220479999999961]","[93.12622, 3402.17411, 19.07140000000004, 22.3137999999999]","[195.08586, 3376.28538, 407.83856, -103.5549200000005]","[252.49257, 3366.10911, 229.62684000000002, -40.705079999999725]","[260.17183, 3369.75421, 30.717039999999997, 14.580400000000736]","[240.22535, 3380.46044, -79.78592000000003, 42.82491999999911]","[187.37266, 3370.84358, -211.41075999999998, -38.46743999999853]","[130.39609, 3338.94, -227.90628000000004, -127.61432000000059]"
130,People,"[93.99035, 3311.35735, -145.62295999999992, -110.33059999999932]","[127.83009, 3251.60324, 135.35895999999997, -239.01644000000124]","[159.54404, 3182.89898, 126.85579999999999, -274.8170399999999]","[167.5231, 3052.95081, 31.916240000000016, -519.7926800000005]","[227.17901, 2861.76382, 238.62364000000002, -764.7479599999988]","[263.85425, 2685.33377, 146.7009599999999, -705.7201999999997]","[261.97097, 2489.90917, -7.533119999999826, -781.6984000000011]","[263.12552, 2257.68164, 4.618199999999888, -928.9101200000005]","[275.53089, 2005.18391, 49.62148000000006, -1009.9909200000002]","[294.75887, 1710.76418, 76.91192000000001, -1177.6789200000003]","[265.58364, 1435.193, -116.70092, -1102.2847199999997]","[217.58156, 1180.58112, -192.00832000000003, -1018.4475199999997]","[168.84554, 931.355, -194.94407999999999, -996.9044800000001]","[139.48832, 704.81165, -117.42888000000005, -906.1734000000001]","[84.21233, 500.77477, -221.10395999999997, -816.14752]","[-55.45116, 347.45183, -558.65396, -613.2917600000001]"
131,People,"[-228.46555, 247.06045, -692.05756, -401.5655199999999]","[-442.87483, 141.00234, -857.6371199999999, -424.23244]","[-652.24623, 3.98399, -837.4856, -548.0734]","[-866.76277, -151.17999, -858.0661600000003, -620.65592]","[-1070.11146, -303.26737, -813.3947600000001, -608.3495200000001]","[-1250.02196, -476.89061, -719.6419999999998, -694.4929599999998]","[-1408.70476, -702.6466, -634.7312000000002, -903.0239600000002]","[-1547.65065, -988.01363, -555.7835599999999, -1141.46812]","[-1688.9571, -1309.15348, -565.2258000000006, -1284.5594000000008]","[-1838.82446, -1615.68539, -599.4694399999998, -1226.1276400000006]","[-1985.41414, -1924.054, -586.3587200000002, -1233.47444]","[-2112.16188, -2215.46603, -506.9909600000001, -1165.6481199999998]","[-2265.3754, -2499.26235, -612.8540799999992, -1135.1852799999997]","[-2422.78752, -2762.1868, -629.6484799999998, -1051.6978]","[-2543.8859, -2990.47183, -484.39352000000144, -913.14012]","[-2619.100253284379, -3162.5173897730306, -300.8574131375153, -688.1822390921225]"
132,People,"[-2611.632544339119, -3158.6057619359144, 29.870835781041023, 15.646511348464628]","[-2604.1648353938585, -3154.6941340987983, 29.870835781041023, 15.646511348464628]","[-2596.6971264485983, -3150.782506261682, 29.870835781041023, 15.646511348464628]","[-2589.229417503338, -3146.870878424566, 29.870835781041023, 15.646511348464628]","[-2581.7617085580773, -3142.95925058745, 29.870835781042842, 15.646511348464628]","[-2574.293999612817, -3139.0476227503336, 29.870835781041023, 15.646511348464628]","[-2566.826290667557, -3135.135994913217, 29.870835781041023, 15.646511348466447]","[-2559.3585817222965, -3131.2243670761013, 29.870835781041023, 15.646511348462809]","[-2551.8908727770363, -3127.312739238985, 29.87083578104105, 15.646511348464642]","[-2544.423163831776, -3123.401111401869, 29.870835781041023, 15.646511348464628]","[-2536.955454886516, -3119.489483564753, 29.870835781041023, 15.646511348464628]","[-2529.487745941255, -3115.5778557276367, 29.870835781042842, 15.646511348464628]","[-2522.020036995995, -3111.6662278905205, 29.870835781041023, 15.646511348464628]","[-2514.5523280507346, -3107.7546000534044, 29.870835781041023, 15.646511348464628]","[-2507.084619105474, -3103.842972216288, 29.870835781042842, 15.646511348464628]","[-2499.6169101602136, -3099.931344379172, 29.870835781041023, 15.646511348464628]"
133,People,"[-2492.1492012149533, -3096.019716542056, 29.870835781041023, 15.646511348464628]","[-2484.681492269693, -3092.10808870494, 29.870835781041023, 15.646511348462809]","[-2477.213783324433, -3088.196460867824, 29.870835781041023, 15.646511348464628]","[-2469.746074379172, -3084.2848330307074, 29.870835781042842, 15.646511348466447]","[-2462.278365433912, -3080.3732051935917, 29.870835781041023, 15.646511348462809]","[-2454.810656488652, -3076.461577356475, 29.870835781039204, 15.646511348466447]","[-2447.342947543392, -3072.549949519359, 29.870835781041023, 15.646511348464628]","[-2439.875238598131, -3068.638321682243, 29.870835781042842, 15.646511348464628]","[-2432.4075296528704, -3064.726693845126, 29.870835781042867, 15.646511348466461]","[-2424.93982070761, -3060.8150660080105, 29.870835781041023, 15.646511348462809]","[-2417.47211176235, -3056.9034381708943, 29.870835781041023, 15.646511348464628]","[-2410.0044028170896, -3052.991810333778, 29.870835781041023, 15.646511348464628]","[-2402.5366938718294, -3049.080182496662, 29.870835781041023, 15.646511348464628]","[-2375.59293, -3023.6352, 107.77505548731824, 101.7799299866474]","[-2226.18167, -2883.51523, 597.6450399999994, 560.4798800000008]","[-2045.46374, -2800.29919, 722.8717200000001, 332.8641599999992]"
134,People,"[-1808.51665, -2713.73302, 947.7883599999996, 346.2646800000002]","[-1568.46621, -2574.10461, 960.2017599999999, 558.513640000001]","[-1343.91796, -2395.2633, 898.1930000000002, 715.3652399999992]","[-1099.68251, -2201.13844, 976.9417999999996, 776.4994399999996]","[-845.53891, -2006.89181, 1016.5744000000004, 776.9865200000004]","[-589.05741, -1793.05095, 1025.926, 855.3634400000001]","[-366.58589, -1555.42809, 889.88608, 950.4914399999998]","[-85.76149, -1337.48985, 1123.2976, 871.7529600000007]","[217.13473, -1167.14752, 1211.584880000001, 681.3693200000004]","[522.0983, -1010.84117, 1219.85428, 625.2253999999998]","[806.5259, -860.05827, 1137.7104, 603.1316000000002]","[1107.26221, -730.01742, 1202.9452400000005, 520.1633999999999]","[1459.03298, -612.77856, 1407.0830799999994, 468.9554400000002]","[1825.36104, -456.85136, 1465.3122400000002, 623.7087999999999]","[2161.58072, -282.92728, 1344.8787199999997, 695.69632]","[2483.01491, -112.43935, 1285.7367599999998, 681.95172]"
135,People,"[2768.6086, 1.77722, 1142.3747600000006, 456.86628]","[3042.43323, 115.772, 1095.2985200000003, 455.97912]","[3292.95911, 273.08345, 1002.1035199999988, 629.2458000000001]","[3562.94813, 444.14539, 1079.9560800000017, 684.24776]","[3890.63372, 620.93853, 1310.7423599999984, 707.17256]","[4183.47736, 784.78063, 1171.3745600000002, 655.3683999999998]","[4473.54149, 981.42101, 1160.256519999999, 786.5615200000002]","[4736.04433, 1172.53604, 1050.0113600000004, 764.4601199999997]","[5002.99694, 1323.07901, 1067.810440000002, 602.1718800000004]","[5260.53506, 1439.59344, 1030.1524800000007, 466.0577200000007]","[5492.42872, 1566.79683, 927.5746399999989, 508.8135599999996]","[5680.0226, 1631.44963, 750.3755200000014, 258.6112000000003]","[5828.76288, 1688.23853, 594.9611199999999, 227.15560000000005]","[6001.39916, 1684.39254, 690.5451199999989, -15.383960000000116]","[6049.69124, 1641.94325, 193.16832000000068, -169.79716000000008]","[6001.72301, 1544.91644, -191.8729200000016, -388.1072400000003]"
136,People,"[5902.65325, 1476.47768, -396.2790399999976, -273.75504]","[5887.35758, 1490.99007, -61.18268000000171, 58.04956000000038]","[5911.67749, 1520.92923, 97.27964000000065, 119.7566399999996]","[5926.74376, 1541.13444, 60.265080000001035, 80.82084000000032]","[5949.6003, 1561.29704, 91.42615999999907, 80.65039999999954]","[5995.32903, 1559.16895, 182.91491999999926, -8.512359999999717]","[6017.01812, 1538.91333, 86.7563599999994, -81.02247999999963]","[6060.77634, 1478.14889, 175.03288000000248, -243.0577600000006]","[6096.92973, 1430.81358, 144.6135599999981, -189.3412399999999]","[6105.04197, 1427.45499, 32.448960000001534, -13.434360000000197]","[6096.04446, 1483.43787, -35.99004000000059, 223.9315200000001]","[6066.47272, 1569.52891, -118.28696000000127, 344.3641600000001]","[6066.72848, 1580.53181, 1.0230400000000373, 44.01159999999982]","[6121.92716, 1535.94071, 220.7947200000017, -178.36439999999948]","[6158.2389, 1467.00648, 145.2469600000004, -275.7369200000003]","[6153.57386, 1421.49145, -18.66015999999945, -182.0601200000001]"
137,People,"[6153.09592, 1395.95782, -1.9117600000026325, -102.13451999999671]","[6131.89943, 1381.92325, -84.78595999999743, -56.13828000000012]","[6051.63794, 1459.17322, -321.0459600000031, 308.9998799999994]","[6021.81141, 1512.60417, -119.30611999999746, 213.72380000000067]","[5924.44037, 1551.2859, -389.48416, 154.72692000000006]","[5767.74424, 1603.04909, -626.7845200000011, 207.05275999999958]","[5551.12358, 1705.65107, -866.4826399999984, 410.40791999999965]","[5346.11689, 1763.26618, -820.0267600000006, 230.46044000000074]","[5122.12644, 1783.13118, -895.9618000000017, 79.46000000000011]","[4822.9981, 1765.40829, -1196.5133600000008, -70.89156000000003]","[4492.45202, 1781.51618, -1322.1843200000003, 64.43155999999999]","[4149.83677, 1792.02509, -1370.4609999999993, 42.03564000000006]","[3814.84509, 1795.44268, -1339.9667200000004, 13.670360000000073]","[3473.91175, 1801.1707, -1363.7333599999984, 22.91207999999915]","[3125.63355, 1839.96989, -1393.1128000000008, 155.19676000000072]","[2766.90365, 1880.17404, -1434.9195999999993, 160.8166000000001]"
138,People,"[2405.69664, 1892.67815, -1444.8280400000003, 50.01643999999942]","[2012.68314, 1877.31709, -1572.054, -61.44423999999981]","[1611.58901, 1915.37828, -1604.3765200000007, 152.2447599999996]","[1235.31118, 1977.04538, -1505.11132, 246.66840000000047]","[867.02072, 2007.91616, -1473.1618399999998, 123.48311999999987]","[534.95111, 2042.82265, -1328.27844, 139.6259600000003]","[193.70564, 2116.78095, -1364.9818799999998, 295.8331999999991]","[-175.32085, 2201.13688, -1476.1059599999999, 337.4237200000007]","[-527.95792, 2268.0275, -1410.5482800000011, 267.56248000000073]","[-856.53549, 2335.76718, -1314.3102800000001, 270.9587199999987]","[-1160.63013, 2411.99122, -1216.37856, 304.89616000000024]","[-1466.99047, 2468.54548, -1225.4413599999998, 226.21704000000136]","[-1790.22843, 2514.54115, -1292.9518399999997, 183.98267999999916]","[-2107.91704, 2559.47463, -1270.7544399999997, 179.73392000000058]","[-2403.37301, 2631.83591, -1181.82388, 289.4451199999985]","[-2698.03212, 2742.83427, -1178.6364400000002, 443.9934400000002]"
139,People,"[-2960.23663, 2856.97684, -1048.81804, 456.5702799999999]","[-3215.4487, 2947.4834, -1020.8482800000002, 362.02624000000105]","[-3445.3644, 3050.27323, -919.6628000000001, 411.15931999999884]","[-3574.57499, 3160.64953, -516.8423600000006, 441.5052000000014]","[-3653.616321722488, 3240.7113071291865, -316.16532688995176, 320.24710851674536]","[-3658.727364784689, 3238.132235358852, -20.444172248804534, -10.316287081337578]","[-3663.83840784689, 3235.553163588517, -20.444172248802715, -10.316287081341216]","[-3668.949450909091, 3232.974091818182, -20.444172248804534, -10.316287081339397]","[-3674.060493971292, 3230.395020047847, -20.444172248804552, -10.316287081339405]","[-3679.1715370334928, 3227.815948277512, -20.444172248802715, -10.316287081341216]","[-3684.282580095694, 3225.236876507177, -20.444172248804534, -10.316287081339397]","[-3689.393623157895, 3222.657804736842, -20.444172248804534, -10.316287081339397]","[-3694.504666220096, 3220.0787329665072, -20.444172248804534, -10.316287081339397]","[-3635.72866, 3150.23732, 235.1040248803838, -279.3656518660282]","[-3494.28227, 3047.13281, 565.7855600000003, -412.4180400000005]","[-3278.43915, 2988.70987, 863.37248, -233.6917599999997]"
140,People,"[-3035.22393, 2969.09278, 972.8608800000002, -78.46836000000076]","[-2932.0708, 2928.9844, 412.6125200000006, -160.4335200000005]","[-2899.72306, 2814.54438, 129.39096000000063, -457.76008]","[-2829.12317, 2575.71919, 282.39955999999984, -955.3007600000001]","[-2711.79337, 2270.97155, 469.3191999999999, -1218.9905599999984]","[-2560.1995, 2015.67483, 606.3754799999988, -1021.1868800000011]","[-2442.11226, 1763.88706, 472.34896000000117, -1007.1510799999996]","[-2334.48894, 1488.12867, 430.4932799999988, -1103.0335599999999]","[-2219.81697, 1198.20946, 458.6878800000017, -1159.6768400000012]","[-2043.86343, 898.41029, 703.814159999999, -1199.19668]","[-1833.90173, 604.23477, 839.8468000000003, -1176.70208]","[-1654.84056, 296.96544, 716.2446799999998, -1229.07732]","[-1497.48266, -36.23337, 629.4316000000008, -1332.79524]","[-1315.68193, -348.71867, 727.2029199999997, -1249.9412]","[-1116.97985, -636.5122, 794.8083200000001, -1151.1741200000001]","[-940.86009, -937.87115, 704.4790399999997, -1205.4357999999997]"
141,People,"[-791.35899, -1226.99428, 598.0044000000003, -1156.4925199999998]","[-611.44924, -1515.917, 719.6389999999997, -1155.69088]","[-393.78631, -1787.16447, 870.6517200000001, -1084.98988]","[-197.11491, -2097.06166, 786.6856, -1239.5887599999996]","[-34.20442, -2412.38339, 651.64196, -1261.2869200000005]","[122.4656, -2717.82834, 626.68008, -1221.7798000000003]","[267.23978, -2956.02827, 579.09672, -952.7997199999991]","[411.75845, -3165.56297, 578.07468, -838.1388000000006]","[518.81515, -3349.17482, 428.22680000000054, -734.4474000000016]","[625.29478, -3476.86049, 425.9185199999997, -510.7426799999994]","[681.22079, -3535.82451, 223.70404000000008, -235.85607999999957]","[704.46051, -3561.30814, 92.95888000000014, -101.9345200000007]","[706.89279, -3565.63282, 9.729119999999966, -17.298719999998866]","[701.15034, -3564.73063, -22.96979999999985, 3.6087599999991653]","[692.22003, -3555.24475, -35.72124000000031, 37.94352000000072]","[678.36606, -3556.58837, -55.415880000000016, -5.374480000000403]"
142,People,"[670.35112, -3570.91584, -32.05975999999964, -57.3098800000007]","[670.08796, -3605.03592, -1.0526400000003377, -136.48031999999876]","[667.65787, -3634.01142, -9.7203599999998, -115.90200000000004]","[661.16235, -3638.45255, -25.982080000000224, -17.76452000000063]","[666.24262, -3644.58752, 20.321080000000165, -24.539880000000267]","[661.78037, -3626.69252, -17.84900000000016, 71.57999999999993]","[638.93278, -3531.38724, -91.39035999999987, 381.22112000000016]","[474.12701, -3342.34968, -659.22308, 756.1502400000008]","[241.68955, -3163.12912, -929.7498400000007, 716.8822399999997]","[56.30232, -2992.2114, -741.54892, 683.6708799999997]","[-67.90098, -2773.50616, -496.81320000000005, 874.8209600000009]","[-175.80561, -2543.0154, -431.61852, 921.9630399999987]","[-320.1627, -2303.14854, -577.4283599999999, 959.4674400000004]","[-522.12405, -2065.61465, -807.8454000000002, 950.1355600000006]","[-728.97791, -1793.94452, -827.4154399999998, 1086.68052]","[-929.70968, -1513.46368, -802.9270800000004, 1121.9233599999998]"
143,People,"[-1136.21856, -1243.16215, -826.0355199999999, 1081.2061199999998]","[-1371.24258, -972.80412, -940.0960800000003, 1081.4321200000004]","[-1560.45601, -710.34702, -756.8537200000001, 1049.8283999999999]","[-1726.61535, -432.54523, -664.6373599999997, 1111.2071600000002]","[-1915.85036, -121.32247, -756.9400399999995, 1244.89104]","[-2104.905, 177.67003, -756.2185600000012, 1195.97]","[-2246.48415, 486.71494, -566.3166000000001, 1236.17964]","[-2363.35373, 757.52087, -467.47831999999835, 1083.2237199999997]","[-2509.36692, 1053.29705, -584.0527600000011, 1183.104720000001]","[-2674.31791, 1317.81095, -659.8039600000011, 1058.0556000000006]","[-2821.93045, 1608.43274, -590.4501599999985, 1162.4871599999997]","[-2938.63352, 1901.7214, -466.8122800000001, 1173.1546399999997]","[-3087.47565, 2197.43254, -595.36852, 1182.8445599999995]","[-3264.64773, 2443.84813, -708.6883200000011, 985.6623600000003]","[-3419.94773, 2651.00017, -621.1999999999989, 828.6081599999998]","[-3527.32768, 2840.25049, -429.51980000000003, 757.0012800000004]"
144,People,"[-3630.84479, 3019.83185, -414.0684400000009, 718.3254400000005]","[-3701.03207, 3172.9293, -280.7491200000004, 612.389799999999]","[-3725.771412154882, 3197.971465892256, -98.95736861952719, 100.16866356902574]","[-3725.225297676768, 3198.275621616161, 2.1844579124554, 1.2166228956193663]","[-3724.679183198653, 3198.5797773400677, 2.184457912460857, 1.2166228956266423]","[-3724.133068720538, 3198.883933063973, 2.184457912459038, 1.2166228956211853]","[-3723.586954242424, 3199.1880887878788, 2.184457912457219, 1.2166228956230043]","[-3723.04083976431, 3199.4922445117845, 2.1844579124554, 1.2166228956230043]","[-3722.4947252861953, 3199.7964002356903, 2.18445791245904, 1.2166228956230054]","[-3721.948610808081, 3200.100555959596, 2.184457912457219, 1.2166228956230043]","[-3721.402496329966, 3200.404711683502, 2.184457912459038, 1.2166228956230043]","[-3720.856381851852, 3200.7088674074075, 2.184457912457219, 1.2166228956230043]","[-3720.3102673737376, 3201.013023131313, 2.184457912457219, 1.2166228956211853]","[-3719.764152895623, 3201.3171788552186, 2.184457912459038, 1.2166228956230043]","[-3561.13823, 3072.67971, 634.5036915824912, -514.5498754208747]","[-3296.0413, 3009.04133, 1060.3877200000006, -254.55351999999948]"
145,People,"[-3072.67579, 3013.07714, 893.4620400000003, 16.143239999999423]","[-2930.6722, 2999.14362, 568.0143599999992, -55.734080000000176]","[-2767.19035, 2911.98947, 653.9274000000005, -348.6165999999994]","[-2549.68237, 2823.33207, 870.0319199999994, -354.6296000000002]","[-2305.21275, 2794.69649, 977.8784799999994, -114.54232000000047]","[-2018.47632, 2804.84945, 1146.9457200000006, 40.61184000000139]","[-1686.02523, 2786.24199, 1329.80436, -74.4298400000007]","[-1328.58655, 2737.91234, 1429.75472, -193.31860000000052]","[-994.75547, 2701.40117, 1335.3243200000013, -146.0446799999992]","[-689.02092, 2672.05756, 1222.9381999999996, -117.3744399999996]","[-397.14457, 2607.65926, 1167.5054000000002, -257.59320000000116]","[-115.59964, 2511.51035, 1126.17972, -384.59563999999955]","[206.07134, 2396.78759, 1286.68392, -458.89104000000043]","[543.19113, 2276.48759, 1348.4791600000003, -481.1999999999989]","[880.3027, 2078.80076, 1348.4462799999997, -790.7473200000004]","[1163.30103, 1838.76359, 1131.9933200000005, -960.1486800000002]"
146,People,"[1449.98032, 1604.43442, 1146.7171599999992, -937.3166799999999]","[1670.5144, 1403.67199, 882.1363200000005, -803.04972]","[1872.58196, 1183.51036, 808.2702399999998, -880.6465200000002]","[2109.97858, 922.69031, 949.5864799999999, -1043.2802000000001]","[2363.96501, 665.88465, 1015.9457199999997, -1027.22264]","[2622.81167, 440.50374, 1035.3866400000006, -901.5236399999999]","[2887.34432, 204.93801, 1058.1306000000004, -942.26292]","[3148.69177, -48.33856, 1045.389799999999, -1013.10628]","[3407.91867, -273.57291, 1036.9076000000014, -900.9374000000007]","[3704.88304, -462.13712, 1187.8574800000006, -754.25684]","[4003.80089, -663.13552, 1195.6713999999993, -803.9936000000002]","[4278.14507, -874.55609, 1097.3767199999984, -845.68228]","[4560.87773, -1067.9181, 1130.9306400000023, -773.4480400000002]","[4831.35048, -1226.15384, 1081.8909999999996, -632.9429599999994]","[5102.1131, -1397.34826, 1083.050479999998, -684.7776800000001]","[5346.58908, -1591.60961, 977.9039200000007, -777.0454]"
147,People,"[5606.44061, -1779.8633, 1039.4061199999996, -753.01476]","[5862.41912, -1930.89619, 1023.9140399999997, -604.1315599999998]","[6088.90059, -2042.66562, 905.9258800000025, -447.0777200000002]","[6274.31013, -2119.91481, 741.6381599999986, -308.9967600000009]","[6387.51644, -2174.69892, 452.82524000000194, -219.1364399999984]","[6435.63431, -2206.22223, 192.47148000000016, -126.09324000000015]","[6452.81417, -2212.5676, 68.71943999999712, -25.38148000000001]","[6452.32604, -2201.55128, -1.9525199999989127, 44.06527999999889]","[6447.2823, -2187.33448, -20.1749600000003, 56.86720000000064]","[6409.03932, -2078.79164, -152.97191999999995, 434.1713600000003]","[6383.14734, -2043.3307, -103.56791999999768, 141.84375999999975]","[6398.20431, -2061.7067, 60.22787999999855, -73.50400000000081]","[6394.28675, -2065.03183, -15.670239999999467, -13.300519999998869]","[6415.31298, -2072.74288, 84.10491999999795, -30.844199999999546]","[6455.51178, -2079.98082, 160.79520000000048, -28.95176000000174]","[6494.797337647059, -2051.9636476470587, 157.142230588237, 112.06868941176617]"
148,People,"[6515.162318039216, -2007.1195447058824, 81.45992156862849, 179.37641176470515]","[6533.00071, -1961.54211, 71.35356784313626, 182.3097388235292]","[6405.616983442623, -2012.8487511475407, -509.53490622950994, -205.22656459016252]","[6246.691946557377, -2101.902238852459, -635.7001475409816, -356.2139508196733]","[6095.09089, -2208.85181, -606.4042262295079, -427.79828459016426]","[5980.85437, -2298.29719, -456.94608000000153, -357.78151999999864]","[5894.98284, -2307.46479, -343.4861200000014, -36.67040000000088]","[5766.66748, -2281.38957, -513.2614399999984, 104.30088000000069]","[5575.88529, -2224.46154, -763.1287600000003, 227.71212000000034]","[5337.67333, -2135.15037, -952.8478400000022, 357.2446799999998]","[5075.90706, -2008.23165, -1047.0650800000003, 507.6748799999996]","[4755.65134, -1901.43962, -1281.0228799999968, 427.16811999999936]","[4424.51463, -1834.66791, -1324.5468400000027, 267.08684000000085]","[4065.38919, -1752.71033, -1436.5017599999992, 327.8303199999991]","[3731.23701, -1617.46027, -1336.6087200000002, 541.0002400000003]","[3399.03106, -1493.99628, -1328.8238000000001, 493.85595999999987]"
149,People,"[3078.44588, -1432.37911, -1282.3407199999983, 246.46867999999995]","[2722.6284, -1367.32036, -1423.2699200000006, 260.2350000000006]","[2376.49581, -1301.6457, -1384.5303600000007, 262.6986399999996]","[2037.47897, -1257.89466, -1356.06736, 175.0041600000004]","[1701.84496, -1243.67824, -1342.53604, 56.865679999999884]","[1360.32127, -1232.84289, -1366.09476, 43.34140000000025]","[1022.17377, -1175.88599, -1352.5899999999997, 227.82759999999962]","[665.11999, -1135.83136, -1428.2151199999998, 160.21852000000035]","[305.28864, -1136.10015, -1439.3254000000015, -1.0751600000003245]","[-56.06187, -1132.42787, -1445.40204, 14.689120000000003]","[-399.07384, -1078.85615, -1372.04788, 214.28687999999966]","[-740.74413, -1007.64437, -1366.68116, 284.84712000000036]","[-1090.23744, -976.66506, -1397.9732400000003, 123.91723999999977]","[-1439.7724, -961.59374, -1398.1398399999998, 60.28528000000006]","[-1790.96103, -928.35556, -1404.7545199999995, 132.95272000000023]","[-2136.97147, -887.60702, -1384.04176, 162.99415999999974]"
150,People,"[-2481.53598, -883.09715, -1378.2580400000006, 18.039479999999912]","[-2796.95513, -890.91194, -1261.6765999999989, -31.25915999999961]","[-3124.53977, -897.73224, -1310.3385600000001, -27.281200000000354]","[-3474.58614, -923.693, -1400.18548, -103.84303999999975]","[-3802.24645, -993.00941, -1310.6412400000008, -277.2656400000001]","[-4093.68504, -1071.89255, -1165.754359999999, -315.5325600000001]","[-4242.841129573863, -1121.0244826988635, -596.6243582954539, -196.52773079545386]","[-4261.805545056818, -1099.906101306818, -75.85766193181917, 84.47352556818169]","[-4280.769960539773, -1078.7877199147729, -75.85766193181924, 84.47352556818085]","[-4299.734376022727, -1057.6693385227272, -75.85766193181553, 84.4735255681826]","[-4318.698791505682, -1036.5509571306818, -75.85766193181917, 84.47352556818169]","[-4337.663206988636, -1015.4325757386364, -75.85766193181917, 84.47352556818169]","[-4356.627622471591, -994.3141943465909, -75.85766193181917, 84.47352556818214]","[-4375.592037954545, -973.1958129545454, -75.85766193181553, 84.47352556818169]","[-4394.5564534375, -952.0774315625, -75.85766193181917, 84.47352556818169]","[-4413.520868920455, -930.9590501704546, -75.85766193181917, 84.47352556818169]"
151,People,"[-4432.485284403409, -909.840668778409, -75.85766193181917, 84.47352556818214]","[-4451.449699886363, -888.7222873863636, -75.85766193181553, 84.47352556818169]","[-4470.414115369318, -867.6039059943182, -75.85766193181917, 84.47352556818169]","[-4489.378530852273, -846.4855246022728, -75.85766193181917, 84.47352556818169]","[-4455.91894, -823.75457, 133.8383634090933, 90.92381840909138]","[-4223.25156, -824.64839, 930.6695199999995, -3.5752800000000207]","[-3936.72812, -875.34396, 1146.093759999998, -202.78228000000036]","[-3705.48778, -895.93928, 924.9613600000012, -82.38128000000006]","[-3528.01955, -845.2099, 709.8729200000005, 202.9175200000006]","[-3328.66297, -741.8475, 797.4263200000005, 413.4495999999999]","[-3085.97742, -708.1795, 970.7421999999988, 134.67200000000003]","[-2797.60734, -721.12995, 1153.4803200000006, -51.801800000000185]","[-2467.59698, -730.2268, 1320.0414400000009, -36.38740000000007]","[-2126.59231, -756.3725, 1364.0186799999992, -104.58279999999968]","[-1805.85246, -836.27872, 1282.9593999999997, -319.6248800000003]","[-1511.82023, -922.97076, 1176.12892, -346.7681600000001]"
152,People,"[-1211.37706, -990.34225, 1201.77268, -269.48596]","[-905.23456, -1052.47286, 1224.5700000000002, -248.5224400000002]","[-578.61532, -1136.39699, 1306.47696, -335.6965199999995]","[-262.72306, -1210.24233, 1263.56904, -295.3813600000003]","[64.63528, -1246.32809, 1309.43336, -144.34303999999975]","[402.31794, -1262.53606, 1350.7306400000002, -64.83187999999973]","[746.55015, -1303.01624, 1376.92884, -161.92072000000007]","[1064.18645, -1365.7554, 1270.5451999999996, -250.95664000000033]","[1420.67531, -1415.63281, 1425.955440000002, -199.5096400000004]","[1782.07888, -1435.47518, 1445.6142799999998, -79.36947999999938]","[2141.12413, -1490.50178, 1436.1810000000005, -220.10640000000058]","[2468.8347, -1565.05187, 1310.842279999999, -298.2003599999998]","[2816.44197, -1608.58564, 1390.4290799999999, -174.13508000000002]","[3136.98479, -1634.2301, 1282.1712800000005, -102.57783999999992]","[3453.53689, -1662.77083, 1266.2083999999995, -114.16291999999976]","[3747.1383, -1713.02232, 1174.4056400000009, -201.0059600000004]"
153,People,"[4061.74755, -1762.16195, 1258.4370000000715, -196.55852000001076]","[4368.99082, -1783.04356, 1228.9730799999998, -83.52644000000055]","[4677.69981, -1817.49038, 1234.8359600000003, -137.78727999999956]","[4973.05996, -1896.47602, 1181.440599999998, -315.9425600000004]","[5263.49165, -1968.02699, 1161.7267600000014, -286.20388]","[5551.53061, -1998.74213, 1152.1558399999994, -122.86056000000008]","[5840.0609, -2015.0916, 1154.1211600000024, -65.39787999999953]","[6067.89337, -2053.25813, 911.3298799999975, -152.66612000000077]","[6279.50461, -2083.1971, 846.4449600000015, -119.7558799999989]","[6395.92762, -2086.8703, 465.6920400000017, -14.692800000000716]","[6433.745808688525, -2089.833273879781, 151.27275475409988, -11.85189551912299]","[6440.6077554098365, -2096.5961085792346, 27.447786885244568, -27.051338797815333]","[6447.469702131148, -2103.3589432786885, 27.447786885244568, -27.051338797815333]","[6454.33164885246, -2110.121777978142, 27.447786885248206, -27.051338797813514]","[6461.193595573771, -2116.884612677596, 27.447786885244568, -27.051338797817152]","[6468.055542295082, -2123.647447377049, 27.447786885244568, -27.051338797811695]"
154,People,"[6474.917489016394, -2130.410282076503, 27.447786885248206, -27.051338797815333]","[6483.04594, -2144.82432, 32.51380393442378, -57.65615169398916]","[6492.03959, -2205.80774, 35.974600000001374, -243.9336800000001]","[6496.93118, -2221.9756, 19.566359999997076, -64.67144000000008]","[6473.62828, -2159.51316, -93.21159999999873, 249.84976000000097]","[6420.70373, -2075.52271, -211.6981999999989, 335.96179999999913]","[6404.39112, -2050.61269, -65.2504399999998, 99.64008000000103]","[6375.10155, -2023.54627, -117.15827999999965, 108.26567999999952]","[6314.09276, -2005.16333, -244.03515999999968, 73.53175999999992]","[6134.90156, -2069.75471, -716.7648000000008, -258.3655200000003]","[5900.46599, -2135.83712, -937.7422800000022, -264.3296399999999]","[5691.56479, -2198.55919, -835.6047999999973, -250.8882799999992]","[5508.66155, -2196.32204, -731.6129600000022, 8.948599999999715]","[5284.06401, -2117.64474, -898.390159999999, 314.7091999999993]","[5020.17507, -2028.98054, -1055.5557599999993, 354.65680000000066]","[4744.03904, -1937.49441, -1104.5441200000023, 365.94452]"
155,People,"[4449.82782, -1813.89722, -1176.844879999997, 494.3887599999998]","[4181.61467, -1623.02128, -1072.852600000002, 763.5037600000005]","[3917.17781, -1428.83491, -1057.7474399999992, 776.7454799999996]","[3673.03452, -1293.73796, -976.5731599999999, 540.3878000000004]","[3421.56846, -1168.74604, -1005.8642400000008, 499.96767999999975]","[3171.24528, -1020.12742, -1001.2927199999995, 594.4744799999999]","[2932.21998, -880.57406, -956.101200000001, 558.21344]","[2658.64661, -762.29358, -1094.2934800000003, 473.12192000000005]","[2370.86884, -655.86332, -1151.1110799999997, 425.7210400000003]","[2100.93576, -521.78062, -1079.732320000001, 536.3308000000002]","[1814.79367, -357.6219, -1144.5683599999993, 656.6348800000001]","[1511.08399, -153.27295, -1214.8387199999997, 817.3957999999999]","[1224.49205, 4.29867, -1146.36776, 630.28648]","[955.94597, 207.01398, -1074.1843200000003, 810.8612400000001]","[744.28212, 438.96448, -846.6554000000001, 927.8019999999999]","[478.95721, 656.26727, -1061.29964, 869.2111600000003]"
156,People,"[182.07285, 827.03605, -1187.53744, 683.07512]","[-117.78062, 1001.20934, -1199.41388, 696.6931599999998]","[-392.93062, 1202.80309, -1100.6, 806.3750000000005]","[-674.26877, 1390.70893, -1125.3526000000002, 751.6233599999996]","[-964.19432, 1541.74907, -1159.7021999999997, 604.1605600000003]","[-1238.80398, 1692.6025, -1098.4386399999999, 603.4137199999996]","[-1518.91932, 1888.07093, -1120.4613600000002, 781.8737200000005]","[-1787.72872, 2088.27971, -1075.2376000000004, 800.8351199999988]","[-2060.88285, 2259.22174, -1092.6165200000005, 683.7681200000012]","[-2321.40261, 2410.62629, -1042.0790400000005, 605.6182000000008]","[-2580.80252, 2581.40412, -1037.5996400000004, 683.11132]","[-2835.70095, 2752.6396, -1019.5937199999989, 684.9419199999993]","[-3073.97759, 2903.12099, -953.1065600000002, 601.9255599999997]","[-3300.46573, 3004.95177, -905.9525599999997, 407.3231200000009]","[-3483.78572, 3117.28502, -733.2799599999998, 449.3329999999987]","[-3598.95289, 3250.03676, -460.6686800000007, 531.0069600000006]"
157,People,"[-3627.090871354467, 3303.045524409222, -112.5519254178671, 212.03505763688736]","[-3614.397238069165, 3312.0243298847263, 50.77453314120794, 35.91522190201795]","[-3601.703604783861, 3321.0031353602303, 50.774533141215215, 35.91522190201613]","[-3589.009971498559, 3329.981940835735, 50.77453314120794, 35.91522190201795]","[-3576.3163382132566, 3338.9607463112397, 50.77453314120976, 35.915221902019766]","[-3563.622704927954, 3347.939551786744, 50.77453314120976, 35.91522190201613]","[-3550.9290716426517, 3356.918357262248, 50.77453314120976, 35.91522190201613]","[-3538.235438357349, 3365.8971627377523, 50.77453314121158, 35.91522190201795]","[-3525.5418050720464, 3374.875968213257, 50.7745331412098, 35.915221902017976]","[-3512.8481717867435, 3383.854773688761, 50.77453314121158, 35.91522190201613]","[-3500.154538501441, 3392.8335791642653, 50.77453314120976, 35.91522190201795]","[-3487.4609052161386, 3401.81238463977, 50.77453314120976, 35.91522190201795]","[-3474.767271930836, 3410.791190115274, 50.77453314120976, 35.91522190201613]","[-3462.0736386455333, 3419.7699955907783, 50.77453314121158, 35.91522190201795]","[-3366.17165, 3348.69541, 383.60795458213215, -284.298342363114]","[-3186.84939, 3188.6274, 717.2890400000015, -640.2720399999998]"
158,People,"[-2993.7029475, 2973.600245, 772.5857699999997, -860.1086199999991]","[-2824.09831, 2810.53381, 678.4185500000003, -652.2657400000007]","[-2620.10202, 2675.10841, 815.9851600000002, -541.7016000000003]","[-2388.88979, 2528.72942, 924.8489199999985, -585.5159599999988]","[-2184.47558, 2333.99061, 817.6568400000015, -778.9552400000011]","[-1945.72797, 2121.91033, 954.9904399999996, -848.3211199999987]","[-1675.98903, 1941.14161, 1078.9557599999998, -723.074880000001]","[-1399.66431, 1738.34948, 1105.2988800000003, -811.1685199999993]","[-1141.6031, 1519.08589, 1032.2448400000003, -877.0543600000009]","[-870.65343, 1304.45504, 1083.7986800000003, -858.5234]","[-556.48527, 1112.61588, 1256.6726399999998, -767.35664]","[-220.18314, 913.49552, 1345.2085200000001, -796.48144]","[60.20837, 725.27718, 1121.5660400000002, -752.87336]","[314.43466, 549.25309, 1016.90516, -704.09636]","[614.97108, 393.89107, 1202.14568, -621.4480800000001]","[936.57743, 251.37022, 1286.4254, -570.0834000000001]"
159,People,"[1248.61399, 90.88669, 1248.14624, -641.9341199999999]","[1566.63422, -59.23807, 1272.0809199999994, -600.49904]","[1884.28368, -182.57977, 1270.5978400000004, -493.3668]","[2216.35593, -288.18544, 1328.2890000000007, -422.4226800000001]","[2567.58889, -440.89955, 1404.9318399999993, -610.8564399999998]","[2903.90232, -598.60565, 1345.2537200000006, -630.8244]","[3263.01011, -751.46298, 1436.43116, -611.4293200000002]","[3607.28854, -878.52844, 1377.1137199999994, -508.2618400000001]","[3914.61445, -994.95574, 1229.3036400000012, -465.7092000000002]","[4185.85278, -1180.57232, 1084.9533200000005, -742.46632]","[4489.57217, -1339.7427, 1214.8775600000008, -636.6815200000001]","[4787.44615, -1424.00595, 1191.4959199999976, -337.0529999999999]","[5061.72259, -1580.38552, 1097.1057600000022, -625.5182800000002]","[5302.07259, -1769.0122, 961.3999999999978, -754.5067199999994]","[5556.87463, -1920.9126, 1019.208160000002, -607.6016000000009]","[5829.39374, -1952.00476, 1090.0764400000007, -124.36863999999969]"
160,People,"[6088.42826, -1976.50214, 1036.138079999997, -97.98952000000008]","[6301.80756, -2024.9325, 853.517200000002, -193.72143999999935]","[6430.16492, -2042.92305, 513.4294399999999, -71.96220000000085]","[6478.295551470588, -2051.095566470588, 192.52252588235206, -32.69006588235152]","[6509.65331, -2064.27103, 125.43103411764605, -52.7018541176476]","[6521.79176, -2101.95943, 48.5538000000015, -150.7536]","[6533.54257, -2139.4361, 47.003239999998186, -149.90668000000005]","[6546.79445, -2169.56335, 53.00752000000284, -120.50900000000001]","[6556.4589, -2176.43287, 38.65779999999726, -27.478080000000798]","[6563.36361, -2199.4434, 27.61884000000282, -92.04212000000007]","[6549.40595, -2224.39007, -55.83064000000013, -99.78667999999925]","[6460.41886, -2245.49184, -355.94836000000214, -84.40708000000086]","[6266.40111, -2210.46932, -776.0709999999999, 140.09007999999994]","[6112.58664, -2183.5165, -615.2578799999974, 107.8112799999999]","[5921.45932, -2186.19176, -764.509280000002, -10.70103999999992]","[5731.07551, -2266.73495, -761.5352400000011, -322.17275999999947]"
161,People,"[5584.49676, -2396.59339, -586.3149999999987, -519.4337599999999]","[5463.41851, -2511.19802, -484.3129999999983, -458.41851999999926]","[5332.09136, -2588.88688, -525.3086000000003, -310.7554400000008]","[5129.9546, -2648.82377, -808.5470400000013, -239.7475599999998]","[4873.07113, -2685.12651, -1027.533879999999, -145.21096000000034]","[4622.9498, -2705.81233, -1000.4853199999998, -82.7432800000006]","[4346.82277, -2690.77878, -1104.5081200000022, 60.13420000000042]","[4012.85907, -2651.18921, -1335.8547999999992, 158.35828000000038]","[3668.51605, -2588.60548, -1377.3720800000003, 250.33491999999956]","[3290.82372, -2550.62141, -1510.7693200000012, 151.9362799999999]","[2925.0838, -2537.73136, -1462.95968, 51.560199999999895]","[2557.74253, -2488.33548, -1469.3650799999996, 197.58352000000014]","[2188.41394, -2415.13096, -1477.3143600000003, 292.8180800000009]","[1840.16533, -2369.73856, -1392.9944399999995, 181.56960000000072]","[1547.0176, -2381.23361, -1172.5909200000006, -45.98020000000179]","[1224.98246, -2406.7594, -1288.1405599999998, -102.10315999999875]"
162,People,"[887.58124, -2414.57138, -1349.6048799999999, -31.247919999999795]","[517.70414, -2453.01292, -1479.5083999999997, -153.76616000000104]","[177.65612, -2545.34727, -1360.1920800000003, -369.33740000000034]","[-164.83288, -2621.09618, -1369.956, -302.9956399999992]","[-492.07352, -2644.96507, -1308.96256, -95.47556000000077]","[-826.02361, -2688.86869, -1335.80036, -175.61447999999837]","[-1125.89621, -2769.65036, -1199.4904000000006, -323.1266800000012]","[-1431.01859, -2860.10356, -1220.4895199999992, -361.8127999999997]","[-1738.2732, -2919.16024, -1229.0184400000019, -236.22672000000077]","[-2031.73818, -2972.97313, -1173.8599199999999, -215.2515599999988]","[-2303.42751, -3050.61496, -1086.7573199999997, -310.5673200000001]","[-2423.6492862222226, -3097.991507333333, -480.88710488889046, -189.50618933333317]","[-2430.4950473333333, -3098.371074, -27.38304444444293, -1.5182666666678415]","[-2437.3408084444445, -3098.750640666666, -27.38304444444475, -1.5182666666642035]","[-2444.186569555556, -3099.130207333333, -27.38304444444657, -1.5182666666678415]","[-2451.032330666667, -3099.509774, -27.38304444444293, -1.5182666666678415]"
163,People,"[-2457.878091777778, -3099.8893406666666, -27.38304444444475, -1.5182666666660225]","[-2464.7238528888893, -3100.268907333333, -27.38304444444475, -1.5182666666660225]","[-2471.569614, -3100.648474, -27.38304444444293, -1.5182666666678415]","[-2478.415375111111, -3101.0280406666666, -27.38304444444475, -1.5182666666660225]","[-2485.2611362222224, -3101.407607333333, -27.38304444444475, -1.5182666666660225]","[-2492.1068973333336, -3101.787174, -27.38304444444475, -1.5182666666678415]","[-2498.9526584444448, -3102.1667406666666, -27.38304444444475, -1.5182666666660225]","[-2505.798419555556, -3102.546307333333, -27.38304444444475, -1.5182666666660225]","[-2329.02998, -3032.59695, 707.0737582222253, 279.79742933333205]","[-2139.36121, -2946.67662, 758.6750799999991, 343.6813199999997]","[-1933.57919, -2816.60489, 823.1280800000004, 520.2869200000005]","[-1711.94278, -2645.90342, 886.5456399999994, 682.8058799999999]","[-1461.82243, -2508.88517, 1000.4814000000006, 548.0730000000003]","[-1195.87485, -2351.8126, 1063.79032, 628.2902799999993]","[-924.5698, -2171.37192, 1085.2201999999997, 721.7627200000006]","[-652.33951, -2035.6533, 1088.9211599999999, 542.8744800000004]"
164,People,"[-338.73971, -1861.32532, 1254.3992, 697.3119200000001]","[-41.82212, -1695.14212, 1187.67036, 664.7327999999998]","[234.24497, -1519.39227, 1104.26836, 702.9993999999997]","[516.80545, -1337.90296, 1130.24192, 725.9572400000006]","[819.76509, -1193.9069, 1211.8385600000001, 575.9842399999998]","[1137.44108, -1023.28724, 1270.7039600000003, 682.4786399999998]","[1418.11041, -866.35067, 1122.6773199999998, 627.7462799999998]","[1687.24425, -737.5369, 1076.5353599999999, 515.2550800000004]","[1987.34427, -591.69659, 1200.4000800000015, 583.3612400000003]","[2307.36391, -409.62629, 1280.07856, 728.2812000000001]","[2593.66681, -187.53672, 1145.2116000000005, 888.3582799999999]","[2845.86471, 14.50685, 1008.7915999999987, 808.17428]","[3122.96261, 191.9812, 1108.3916000000008, 709.8974000000001]","[3414.42249, 346.95958, 1165.8395199999995, 619.9135200000001]","[3704.13344, 510.64112, 1158.8438000000006, 654.7261599999999]","[3962.24396, 683.64563, 1032.442079999999, 692.0180399999999]"
165,People,"[4241.17914, 839.47969, 1115.7407200000016, 623.3362400000001]","[4513.59162, 946.99044, 1089.6499199999998, 430.0430000000001]","[4801.18309, 1056.89632, 1150.3658800000012, 439.6235200000001]","[5063.36119, 1182.69234, 1048.7123999999967, 503.18408]","[5305.24197, 1296.61566, 967.5231200000017, 455.6932799999995]","[5542.71372, 1384.35498, 949.8869999999988, 350.95728000000054]","[5761.40498, 1460.80782, 874.765040000002, 305.8113599999997]","[5946.75952, 1512.83015, 741.4181599999974, 208.08932000000004]","[6054.37497, 1529.38464, 430.46180000000135, 66.21796]","[6098.465, 1519.93632, 176.3601200000012, -37.79327999999987]","[6089.04166, 1511.5097, -37.69336000000112, -33.70647999999983]","[6047.38318, 1510.81304, -166.63392000000022, -2.7866400000002614]","[6000.25796, 1515.2275, -188.5008799999996, 17.65783999999985]","[5937.18383, 1566.62035, -252.29651999999987, 205.5713999999998]","[5903.63097, 1606.91985, -134.21143999999913, 161.19800000000032]","[5946.58303, 1620.05085, 171.80823999999848, 52.52400000000034]"
166,People,"[6037.84462, 1637.3129, 365.0463600000003, 69.04819999999927]","[6148.37833, 1666.31918, 442.1348399999988, 116.02512000000024]","[6193.63153, 1665.26187, 181.01280000000042, -4.229239999999663]","[6210.9036, 1641.0911, 69.08827999999994, -96.68307999999979]","[6233.78811, 1613.23381, 91.5380400000031, -111.42916000000059]","[6223.8047, 1579.53068, -39.933640000002924, -134.8125199999995]","[6098.77573, 1532.78262, -500.11587999999756, -186.9922400000005]","[5896.95824, 1549.05438, -807.2699600000014, 65.08704000000034]","[5694.62237, 1536.33769, -809.3434800000002, -50.86675999999993]","[5493.10812, 1522.24306, -806.0570000000007, -56.37852000000021]","[5289.19882, 1459.93914, -815.637200000001, -249.21568000000025]","[5059.98393, 1370.8767, -916.8595599999971, -356.2497599999997]","[4814.97811, 1262.54616, -980.0232800000013, -433.3221599999997]","[4539.56167, 1214.7596, -1101.6657599999999, -191.14624000000003]","[4258.13715, 1216.91622, -1125.698080000002, 8.626479999999901]","[3958.29444, 1239.23122, -1199.3708399999978, 89.25999999999931]"
167,People,"[3647.77284, 1264.27855, -1242.0864000000001, 100.18932000000041]","[3316.01824, 1293.86443, -1327.0184000000008, 118.34352000000035]","[3009.93781, 1362.71595, -1224.32172, 275.40607999999975]","[2729.43836, 1450.40363, -1121.9977999999992, 350.75072]","[2454.23875, 1498.73381, -1100.7984400000005, 193.3207199999997]","[2156.64575, 1542.98824, -1190.3719999999994, 177.01771999999983]","[1851.38986, 1611.26623, -1221.0235600000005, 273.1119600000002]","[1543.64529, 1678.89137, -1230.9782800000003, 270.5005600000004]","[1234.6859, 1724.81216, -1235.837560000001, 183.68315999999976]","[926.95377, 1757.32548, -1230.92852, 130.0532800000001]","[623.77413, 1815.15842, -1212.7185599999998, 231.33176000000003]","[317.51754, 1896.89314, -1225.02636, 326.9388799999997]","[15.23381, 1988.93665, -1209.13492, 368.1740400000008]","[-282.63379, 2048.85591, -1191.4704, 239.6770400000005]","[-580.03495, 2149.82256, -1189.60464, 403.8665999999994]","[-863.05307, 2288.0008, -1132.0724800000003, 552.7129599999989]"
168,People,"[-1170.23761, 2405.95441, -1228.7381599999994, 471.8144400000001]","[-1490.57199, 2484.46348, -1281.33752, 314.03628000000026]","[-1783.67714, 2544.68877, -1172.4206000000004, 240.90116000000125]","[-2078.40976, 2625.16165, -1178.93048, 321.8915199999992]","[-2371.78827, 2719.80937, -1173.51404, 378.59087999999974]","[-2648.83762, 2804.0302, -1108.197399999999, 336.8833200000008]","[-2900.2817, 2881.41716, -1005.7763200000009, 309.54783999999927]","[-3175.46107, 3000.44801, -1100.7174799999993, 476.1234000000004]","[-3408.67892, 3145.1802, -932.8714000000008, 578.9287599999994]","[-3561.29088, 3244.3792, -610.4478400000007, 396.7960000000003]","[-3629.218983590733, 3275.800503166023, -271.71241436293167, 125.68521266409334]","[-3636.2515675675672, 3266.370061081081, -28.130335907337212, -37.72176833976846]","[-3643.2841515444015, 3256.9396189961394, -28.130335907337212, -37.72176833976664]","[-3650.3167355212354, 3247.5091769111973, -28.130335907335393, -37.72176833976846]","[-3657.349319498069, 3238.078734826255, -28.130335907333574, -37.72176833976846]","[-3664.381903474904, 3228.648292741313, -28.13033590734085, -37.72176833976846]"
169,People,"[-3671.4144874517374, 3219.217850656371, -28.130335907333574, -37.72176833976846]","[-3678.4470714285712, 3209.787408571429, -28.130335907335393, -37.72176833976846]","[-3685.4796554054055, 3200.3569664864867, -28.130335907337212, -37.72176833976846]","[-3692.51223938224, 3190.9265244015446, -28.130335907337212, -37.72176833976846]","[-3697.35044, 3176.41468, -19.352802471041286, -58.047377606179]","[-3546.57966, 2993.80316, 603.0831200000011, -730.4460799999997]","[-3236.53616, 2850.45673, 1240.173999999999, -573.3857200000002]","[-2936.2801, 2777.24632, 1201.0242400000006, -292.84163999999873]","[-2776.53849, 2690.11822, 638.9664400000007, -348.5124000000017]","[-2587.9867, 2540.45658, 754.2071599999999, -598.6465599999992]","[-2360.06536, 2363.8236, 911.6853599999995, -706.5319199999994]","[-2095.97318, 2209.98743, 1056.3687200000004, -615.3446800000002]","[-1813.1882, 2058.46585, 1131.1399199999996, -606.0863200000003]","[-1535.87789, 1912.34074, 1109.2412400000003, -584.5004399999998]","[-1234.24173, 1776.80354, 1206.54464, -542.1487999999999]","[-920.07016, 1674.16194, 1256.68628, -410.5664000000006]"
170,People,"[-604.73127, 1560.58455, 1261.35556, -454.3095599999997]","[-302.24816, 1415.17515, 1209.93244, -581.6376]","[-12.08427, 1275.21806, 1160.65556, -559.8283600000004]","[275.72255, 1135.69165, 1151.22728, -558.1056399999998]","[594.43764, 992.01487, 1274.86036, -574.70712]","[904.77186, 829.71316, 1241.3368799999998, -649.2068399999998]","[1206.14233, 657.06439, 1205.4818799999998, -690.59508]","[1520.84314, 507.60715, 1258.8032400000002, -597.82896]","[1855.99061, 365.34562, 1340.5898800000016, -569.0461200000004]","[2157.62617, 205.9318, 1206.5422399999998, -637.65528]","[2461.44306, 12.29625, 1215.2675600000002, -774.5422000000001]","[2800.52338, -166.06866, 1356.3212800000001, -713.45964]","[3149.70056, -341.66422, 1396.7087200000005, -702.38224]","[3444.50382, -519.66542, 1179.2130399999987, -712.0048000000002]","[3718.90584, -689.7657, 1097.60808, -680.40112]","[3980.63131, -830.25195, 1046.9018800000013, -561.9449999999997]"
171,People,"[4273.49155, -953.99469, 1171.440959999998, -494.9709600000001]","[4560.55931, -1096.83111, 1148.2710399999996, -571.3456800000004]","[4830.06308, -1243.08688, 1078.015080000001, -585.0230799999999]","[5110.75895, -1415.92208, 1122.7834800000019, -691.3408]","[5389.80241, -1572.47739, 1116.1738399999995, -626.2212399999999]","[5666.21401, -1730.07209, 1105.6463999999978, -630.3787999999995]","[5920.27103, -1914.45122, 1016.2280800000008, -737.5165200000001]","[6144.94301, -2075.07565, 898.6879200000003, -642.4977200000012]","[6322.70431, -2154.59797, 711.0452000000012, -318.0892799999986]","[6427.75865, -2198.8332, 420.21735999999873, -176.94092000000092]","[6476.02474, -2210.97869, 193.0643600000003, -48.581959999999526]","[6494.2334, -2215.20026, 72.83464000000095, -16.886280000000625]","[6476.77, -2201.74537, -69.85359999999855, 53.81955999999991]","[6458.22627, -2164.36703, -74.1749200000013, 149.51336000000083]","[6459.41694, -2092.5463, 4.762679999999818, 287.28291999999965]","[6461.55818, -2078.99766, 8.5649599999997, 54.19455999999991]"
172,People,"[6495.94382, -2109.41795, 137.54256000000169, -121.68116000000009]","[6531.12433, -2150.88256, 140.72203999999692, -165.85843999999997]","[6537.46825, -2198.00504, 25.37568000000101, -188.48991999999998]","[6556.43823, -2255.41775, 75.8799199999994, -229.65084000000024]","[6543.19626, -2315.45396, -52.96788000000015, -240.14483999999902]","[6513.36919, -2371.26488, -119.30827999999747, -223.2436800000014]","[6469.26797, -2420.6672, -176.40488000000187, -197.60927999999876]","[6381.42221, -2452.93868, -351.3830400000006, -129.08592000000135]","[6148.5306, -2392.36345, -931.5664399999995, 242.30092000000172]","[5900.78496, -2219.68466, -990.9825600000004, 690.7151599999997]","[5710.51555, -2077.77226, -761.0776399999995, 567.6495999999988]","[5512.95996, -1994.04234, -790.2223599999998, 334.9196800000009]","[5272.76575, -1937.70531, -960.7768400000023, 225.34811999999965]","[5026.23335, -1859.30461, -986.1295999999966, 313.60280000000057]","[4760.02515, -1715.73389, -1064.8328000000001, 574.2828799999997]","[4470.42547, -1550.29167, -1158.398720000001, 661.7688799999996]"
173,People,"[4166.59569, -1396.88571, -1215.31912, 613.6238400000002]","[3838.07769, -1234.00353, -1314.0720000000001, 651.5287200000002]","[3488.03007, -1042.51337, -1400.1904800000011, 765.9606400000002]","[3133.45148, -884.83101, -1418.3143599999985, 630.7294399999996]","[2780.0908, -767.69875, -1413.442720000001, 468.5290399999999]","[2446.33176, -588.0449, -1335.0361599999997, 718.6154000000001]","[2153.846, -364.22634, -1169.94304, 895.27424]","[1848.56338, -157.53353, -1221.1304799999998, 826.7712399999999]","[1541.58593, 10.8908, -1227.9098000000015, 673.6973200000007]","[1230.01678, 198.84543, -1246.2766000000001, 751.8185199999999]","[941.50276, 403.67421, -1154.0560799999998, 819.3151200000001]","[629.94798, 588.51782, -1246.2191199999997, 739.37444]","[320.26313, 718.53241, -1238.7394000000002, 520.05836]","[-15.77782, 855.42175, -1344.1638, 547.5573599999998]","[-316.70495, 1028.59096, -1203.70852, 692.6768400000001]","[-608.05177, 1183.81775, -1165.3872800000001, 620.9071599999997]"
174,People,"[-880.37736, 1313.85271, -1089.3023599999997, 520.1398399999998]","[-1160.95412, 1449.43168, -1122.3070400000006, 542.3158800000001]","[-1462.10809, 1626.99451, -1204.6158799999994, 710.2513200000003]","[-1739.05018, 1795.26476, -1107.76836, 673.0810000000001]","[-2029.1083, 1950.92156, -1160.2324800000006, 622.6271999999999]","[-2321.42417, 2088.71345, -1169.2634799999987, 551.1675600000008]","[-2590.36244, 2256.81093, -1075.7530800000004, 672.3899199999996]","[-2824.2463, 2440.55484, -935.5354399999997, 734.9756399999987]","[-3032.87689, 2624.55557, -834.5223600000016, 736.0029200000015]","[-3236.15382, 2808.78873, -813.10772, 736.9326400000009]","[-3474.38917, 2998.1476, -952.9413999999997, 757.4354799999983]","[-3626.35503, 3149.50747, -607.863440000001, 605.4394800000009]","[-3688.215632196532, 3216.919928959537, -247.442408786128, 269.64983583814865]","[-3691.0542376878616, 3217.111076358381, -11.35442196531767, 0.7645895953755826]","[-3693.892843179191, 3217.3022237572254, -11.35442196531767, 0.7645895953774016]","[-3696.73144867052, 3217.4933711560693, -11.35442196531585, 0.7645895953755826]"
175,People,"[-3699.57005416185, 3217.684518554913, -11.354421965319489, 0.7645895953755826]","[-3702.4086596531793, 3217.875665953757, -11.35442196531767, 0.7645895953755826]","[-3705.2472651445087, 3218.066813352601, -11.35442196531767, 0.7645895953755826]","[-3607.87478, 3185.3766, 389.4899405780343, -130.7608534104038]","[-3353.3123100000003, 3164.69705125, 1018.2498799999994, -82.71819499999947]","[-3148.4492, 3108.03059, 819.4524400000009, -226.66584500000135]","[-2961.89856, 3003.26968, 746.2025599999997, -419.04363999999987]","[-2792.79647, 2843.4718, 676.4083599999994, -639.1915200000003]","[-2609.67329, 2656.0067, 732.4927200000009, -749.8604000000003]","[-2401.46948, 2465.10953, 832.8152399999999, -763.5886799999989]","[-2160.18233, 2294.86935, 965.1486000000004, -680.960720000001]","[-1917.02556, 2072.58766, 972.6270800000002, -889.1267599999992]","[-1714.57146, 1784.82222, 809.8164000000006, -1151.0617600000005]","[-1529.30038, 1518.91981, 741.0843199999999, -1063.6096399999997]","[-1361.99816, 1304.52496, 669.2088799999992, -857.5794000000005]","[-1212.53744, 1077.27826, 597.8428800000002, -908.9867999999997]"
176,People,"[-1074.98992, 806.20484, 550.1900800000003, -1084.2936800000002]","[-951.39042, 532.51952, 494.39800000000014, -1094.7412799999997]","[-801.17552, 273.38079, 600.8595999999998, -1036.5549200000003]","[-668.57817, 58.26394, 530.3894, -860.4674]","[-562.13854, -165.08933, 425.75851999999986, -893.4130799999999]","[-488.49903, -386.39299, 294.5580400000001, -885.21464]","[-413.94327, -592.82419, 298.2230400000001, -825.7248000000002]","[-313.55807, -781.16132, 401.5408, -753.34852]","[-205.288, -952.27737, 433.0802800000003, -684.4642000000005]","[-114.10294, -1107.3052, 364.74024000000003, -620.11132]","[-59.55303, -1238.77502, 218.19964000000002, -525.8792800000001]","[-36.87982, -1342.72488, 90.69283999999999, -415.7994399999998]","[-44.98004, -1419.08483, -32.40088, -305.4398000000001]","[-35.46351, -1451.22568, 38.06612000000001, -128.5634]","[-14.73076, -1462.60778, 82.931, -45.52840000000015]","[-2.36612, -1473.49022, 49.45856, -43.52975999999944]"
177,People,"[10.29048, -1491.69037, 50.626400000000004, -72.80060000000049]","[18.40731, -1507.27752, 32.467319999999994, -62.34860000000026]","[20.09754, -1524.9942, 6.760919999999999, -70.86671999999999]","[15.21167, -1531.43263, -19.543479999999995, -25.753719999999703]","[3.29368, -1529.8875, -47.67196, 6.180519999999888]","[-2.93353, -1534.46822, -24.90884, -18.322879999999714]","[-0.5347, -1536.99333, 9.595320000000001, -10.100440000000162]","[0.54656, -1539.83864, 4.3250399999999996, -11.381239999999707]","[-0.49056, -1543.21859, -4.148480000000004, -13.519800000000044]","[3.6286, -1541.36955, 16.47664, 7.396160000000236]","[2.71682, -1544.53024, -3.647120000000001, -12.642760000000635]","[0.55465, -1547.84557, -8.648679999999999, -13.261319999999614]","[0.59455, -1553.30206, 0.1596000000000002, -21.825960000000123]","[13.55017, -1563.3809, 51.82248, -40.31536000000051]","[31.04927, -1574.34268, 69.9964, -43.84711999999945]","[52.46556, -1603.25402, 85.66516000000001, -115.64536000000044]"
178,People,"[75.52574, -1719.25922, 92.24071999999998, -464.0207999999993]","[95.24045, -1907.33868, 78.85883999999999, -752.3178400000006]","[134.64193, -2132.57946, 157.60592000000003, -900.9631199999994]","[204.19012, -2354.1309, 278.19276, -886.2057600000007]","[289.51381, -2591.18234, 341.2947599999999, -948.2057599999989]","[331.23651, -2847.83764, 166.89080000000013, -1026.6212000000014]","[351.77612, -3139.4893, 82.15843999999993, -1166.60664]","[361.22364, -3433.01863, 37.79007999999999, -1174.1173199999994]","[410.1664, -3611.34271, 195.77104000000026, -713.2963200000002]","[425.93048, -3684.73429, 63.056319999999914, -293.5663199999999]","[409.49597, -3698.93094, -65.73803999999996, -56.78660000000127]","[396.41443, -3666.9282, -52.32616000000007, 128.01096000000143]","[403.68651, -3637.14892, 29.088320000000067, 119.11711999999898]","[428.09306, -3617.73467, 97.62619999999993, 77.65700000000106]","[477.93625, -3611.57241, 199.37275999999997, 24.649039999998422]","[531.9012, -3605.98198, 215.85980000000018, 22.361720000000787]"
179,People,"[562.97842, -3595.41524, 124.30888000000004, 42.266960000000836]","[546.79002, -3611.57652, -64.7536, -64.64512000000104]","[499.30589, -3676.11871, -189.9365200000002, -258.1687600000005]","[469.85525, -3732.85764, -117.80255999999986, -226.95571999999993]","[444.3026, -3760.09114, -102.21060000000011, -108.93399999999929]","[387.64701, -3753.66012, -226.62235999999984, 25.724079999999958]","[330.59075, -3708.92492, -228.22504000000004, 178.9408000000003]","[302.33325, -3592.09444, -113.02999999999997, 467.3219200000003]","[351.27467, -3451.60274, 195.76568000000015, 561.9668000000006]","[441.89852, -3312.13089, 362.4954, 557.8873999999996]","[625.72796, -3179.14445, 735.3177600000001, 531.9457600000005]","[835.17021, -3042.94939, 837.7689999999998, 544.7802399999982]","[978.34172, -2950.06517, 572.68604, 371.5368800000015]","[1080.48716, -2768.39549, 408.5817599999996, 726.6787199999999]","[1136.08937, -2517.10813, 222.40884000000005, 1005.1494399999992]","[1161.70033, -2269.70365, 102.44383999999991, 989.6179200000006]"
180,People,"[1146.73205, -1999.50477, -59.87311999999929, 1080.7955199999997]","[1047.07523, -1715.26248, -398.6272800000006, 1136.9691599999996]","[899.49419, -1408.64051, -590.3241599999997, 1226.4878800000006]","[739.7143, -1112.44521, -639.1195600000001, 1184.7811999999994]","[496.67252, -814.26791, -972.1671199999998, 1192.7092000000002]","[227.38783, -555.05138, -1077.13876, 1036.8661200000001]","[-43.36528, -313.26633, -1083.01244, 967.1402]","[-297.72691, -40.59704, -1017.44652, 1090.67716]","[-529.79773, 239.83667, -928.2832800000009, 1121.734840000001]","[-742.15216, 487.15466, -849.4177199999999, 989.2719599999999]","[-952.71186, 708.23234, -842.2388000000001, 884.3107200000002]","[-1188.29234, 939.61185, -942.3219199999999, 925.5180399999999]","[-1413.52223, 1179.67372, -900.9195600000003, 960.24748]","[-1617.09498, 1411.40359, -814.2910000000002, 926.9194799999996]","[-1837.99556, 1591.39416, -883.60232, 719.9622800000006]","[-2074.35715, 1780.07475, -945.446359999999, 754.7223599999998]"
181,People,"[-2297.44145, 1973.52498, -892.3371999999999, 773.8009199999997]","[-2552.79498, 2196.22037, -1021.4141200000013, 890.7815600000004]","[-2802.43903, 2401.7808, -998.5761999999995, 822.24172]","[-3029.16529, 2616.22372, -906.9050399999996, 857.7716799999998]","[-3142.37274, 2821.67937, -452.8297999999995, 821.8225999999995]","[-3174.67203, 2938.07169, -129.19716000000153, 465.5692800000015]","[-3204.74323, 3020.72199, -120.28479999999945, 330.60119999999915]","[-3238.9111, 3105.27958, -136.67147999999906, 338.23035999999956]","[-3272.75401, 3171.72556, -135.37164000000132, 265.7839200000001]","[-3294.91164, 3197.08196, -88.6305199999988, 101.42560000000049]","[-3286.77456, 3207.41663, 32.548319999999876, 41.33868000000075]","[-3264.92256, 3208.27909, 87.40799999999945, 3.4498399999993126]","[-3220.55956, 3169.89794, 177.45199999999932, -153.52460000000065]","[-3150.00001, 3101.60516, 282.2381999999998, -273.17111999999906]","[-3069.88559, 3022.27453, 320.45768000000135, -317.3225199999997]","[-2988.05493, 2959.54279, 327.3226400000003, -250.9269600000007]"
182,People,"[-3331.10678, 2753.2109, 0.0, 0.0]","[-3430.30861, 2632.44353, -396.8073199999999, -483.0694800000001]","[-3519.34319, 2630.36605, -356.13832, -8.309919999999693]","[-3495.41802, 2661.10845, 95.70067999999992, 122.96960000000036]","[-3429.19692, 2631.85662, 264.8844000000008, -117.00732000000062]","[-3374.77061, 2662.2728, 217.70523999999932, 121.66472000000067]","[-3370.73559, 2706.08412, 16.140080000001035, 175.24527999999918]","[-3406.02829, 2728.14857, -141.1708000000017, 88.2577999999994]","[-3452.55934, 2751.07689, -186.12419999999855, 91.71328000000003]","[-3447.44413, 2737.30807, 20.460839999999735, -55.07527999999911]","[-3424.65491, 2723.56966, 91.15687999999864, -54.95363999999972]","[-3397.29102, 2735.71681, 109.45556000000033, 48.58859999999913]","[-3389.45731, 2757.21447, 31.33484000000135, 85.99063999999998]","[-3384.87689, 2762.54175, 18.321679999999105, 21.309119999999893]","[-3329.180445, 2716.338395, 222.78578000000016, -184.8134199999986]","[-3295.47659, 2635.15634, 134.815419999999, -324.7282200000009]"
183,People,"[-3248.79057, 2534.43092, 186.7440800000004, -402.90168000000085]","[-3159.7653, 2458.04305, 356.10108000000037, -305.55147999999826]","[-2999.71576, 2420.55583, 640.1981599999999, -149.94888000000174]","[-2791.23517, 2413.51544, 833.9223600000005, -28.161559999998644]","[-2588.33768, 2344.11593, 811.5899599999993, -277.59804000000076]","[-2376.96238, 2216.25364, 845.5012000000006, -511.4491600000001]","[-2155.65931, 2103.10577, 885.2122799999997, -452.59147999999914]","[-1908.76125, 2032.72975, 987.59224, -281.5040800000006]","[-1633.27038, 1950.75937, 1101.9634800000013, -327.8815200000002]","[-1371.86947, 1816.76243, 1045.6036399999994, -535.98776]","[-1117.74341, 1660.16517, 1016.5042400000002, -626.38904]","[-857.88996, 1552.00053, 1039.4138000000003, -432.65855999999985]","[-576.95197, 1462.73419, 1123.75196, -357.0653600000005]","[-289.0457, 1341.05033, 1151.6250799999998, -486.73543999999947]","[-21.27703, 1183.62749, 1071.07468, -629.6913599999998]","[235.68759, 1012.61838, 1027.85848, -684.0364400000003]"
184,People,"[507.15942, 905.06872, 1085.88732, -430.19864000000007]","[787.58235, 817.2162, 1121.69172, -351.4100800000001]","[1072.52268, 706.6042, 1139.76132, -442.44799999999987]","[1365.11363, 590.88021, 1170.3638, -462.89595999999983]","[1675.08181, 523.14936, 1239.8727199999994, -270.92340000000013]","[2006.74413, 495.83032, 1326.6492800000005, -109.27616000000012]","[2343.23146, 446.12025, 1345.9493199999997, -198.8402799999999]","[2632.4003, 325.22833, 1156.6753599999993, -483.5676799999999]","[2879.86922, 177.91928, 989.8756800000019, -589.2362000000007]","[3135.22961, 74.02808, 1021.4415599999993, -415.56479999999993]","[3380.89663, -8.74736, 982.6680800000013, -331.10176]","[3616.14486, -140.31079, 940.9929199999988, -526.2537199999999]","[3838.57861, -303.59967, 889.7350000000006, -653.15552]","[4064.97451, -430.98326, 905.5835999999999, -509.5343599999999]","[4299.96733, -532.8043, 939.9712800000016, -407.28416000000016]","[4519.10811, -625.17705, 876.5631199999989, -369.491]"
185,People,"[4672.59597, -753.84731, 613.9514400000007, -514.6810399999999]","[4762.42667, -899.97651, 359.3227999999981, -584.5167999999999]","[4862.42501, -1017.71556, 399.9933600000004, -470.9562000000001]","[4979.52061, -1103.10617, 468.3823999999986, -341.56244000000015]","[5085.54511, -1158.08572, 424.0980000000018, -219.91820000000007]","[5155.29216, -1223.97349, 278.9881999999998, -263.5510800000002]","[5155.14336, -1285.60772, -0.5951999999997497, -246.53691999999955]","[5135.48181, -1322.29216, -78.64619999999923, -146.73775999999998]","[5128.65762, -1342.6458, -27.29676000000111, -81.41456000000024]","[5143.02602, -1359.08047, 57.47360000000117, -65.73868000000039]","[5155.40851, -1365.24269, 49.529959999999846, -24.648879999999735]","[5153.22544, -1359.9101, -8.732280000000173, 21.330359999999928]","[5146.89055, -1350.27698, -25.339560000000347, 38.53247999999985]","[5142.94677, -1345.30229, -15.775120000002062, 19.89876000000004]","[5140.88561, -1345.18063, -8.244639999997162, 0.48664000000007945]","[5142.12255, -1346.20703, 4.947759999999107, -4.105599999999868]"
186,People,"[5157.27239, -1357.07499, 60.59935999999973, -43.47183999999985]","[5184.00209, -1423.71371, 106.91879999999946, -266.5548799999997]","[5230.68903, -1535.29748, 186.74775999999838, -446.33507999999983]","[5359.87228, -1655.93328, 516.7330000000002, -482.54320000000007]","[5584.28128, -1759.00508, 897.6360000000022, -412.28719999999976]","[5810.93993, -1888.68011, 906.6345999999976, -518.7001200000004]","[6076.52488, -2045.01247, 1062.3398000000016, -625.3294399999995]","[6313.1343, -2135.68692, 946.4376799999991, -362.6978000000008]","[6399.03565, -2153.18982, 343.60540000000066, -70.01159999999987]","[6398.30075, -2158.14114, -2.9395999999978812, -19.805280000000494]","[6313.68587, -2163.23356, -338.45952000000034, -20.36967999999979]","[6137.55713, -2137.34476, -704.5149600000004, 103.5552000000007]","[6031.16131, -2097.37983, -425.5832799999989, 159.85972000000038]","[5982.88462, -2048.31228, -193.1067600000024, 196.27019999999902]","[5968.77784, -2006.58237, -56.427120000000286, 166.91964000000007]","[5976.56729, -1985.78467, 31.15780000000086, 83.19080000000031]"
187,People,"[6008.85975, -1991.57197, 129.16983999999866, -23.149199999999837]","[6114.57224, -2044.31149, 422.8499600000032, -210.95808000000034]","[6311.31766, -2119.53319, 786.9816799999971, -300.8868000000002]","[6450.34157, -2128.28608, 556.0956399999995, -35.01155999999901]","[6475.262481, -2108.924753, 99.68364400000064, 77.4453080000003]","[6466.705524749999, -2098.4147592500003, -34.22782500000176, 42.03997499999787]","[6341.6189, -2151.97158, -500.3464989999957, -214.22728299999835]","[6147.27092, -2181.80731, -777.3919200000018, -119.34292000000096]","[5976.15401, -2154.49331, -684.4676399999995, 109.25600000000132]","[5829.44065, -2131.31627, -586.8534400000026, 92.70816000000013]","[5709.3336, -2121.4042, -480.42819999999847, 39.64827999999943]","[5626.03268, -2099.33744, -333.2036799999987, 88.26704000000063]","[5567.68029, -2052.79952, -233.40956000000006, 186.15167999999903]","[5534.37714, -1973.73025, -133.21260000000257, 316.27707999999984]","[5466.30618, -1903.7978, -272.28384000000005, 279.72980000000007]","[5342.53055, -1892.90482, -495.10251999999673, 43.57192000000032]"
188,People,"[5168.20003, -1942.62724, -697.3220800000017, -198.88968000000023]","[4949.57885, -1970.03605, -874.4847200000004, -109.63523999999961]","[4701.20097, -1925.21228, -993.51152, 179.29507999999987]","[4421.87389, -1842.95931, -1117.30832, 329.01188]","[4141.59771, -1833.80275, -1121.1047199999994, 36.6262399999996]","[3837.27138, -1865.18478, -1217.3053199999995, -125.52811999999994]","[3510.03012, -1875.21071, -1308.965040000001, -40.10372000000007]","[3175.38202, -1820.07522, -1338.5923999999995, 220.54196000000047]","[2824.20109, -1776.80772, -1404.723720000001, 173.06999999999985]","[2483.07283, -1786.32565, -1364.5130399999998, -38.071719999999914]","[2150.4676, -1801.23363, -1330.4209200000005, -59.63191999999981]","[1837.55159, -1765.06991, -1251.6640399999997, 144.65488000000005]","[1520.47703, -1697.2815, -1268.29824, 271.15363999999954]","[1200.12952, -1648.22782, -1281.3900400000002, 196.21471999999994]","[859.00145, -1623.60814, -1364.51228, 98.47872000000007]","[534.94947, -1609.1422, -1296.2079199999998, 57.863760000000184]"
189,People,"[219.98936, -1530.75561, -1259.84044, 313.5463600000003]","[-105.61615, -1449.62057, -1302.42204, 324.54015999999956]","[-399.13549, -1456.75407, -1174.07736, -28.53399999999965]","[-721.55393, -1470.05715, -1289.6737600000001, -53.212320000000545]","[-1031.53651, -1454.74293, -1239.9303199999995, 61.25688000000082]","[-1346.81914, -1400.10637, -1261.1305200000006, 218.54623999999967]","[-1675.58815, -1377.24604, -1315.07604, 91.4413199999999]","[-2002.63714, -1388.88708, -1308.19596, -46.5641599999999]","[-2332.64829, -1386.43914, -1320.0446000000013, 9.791760000000076]","[-2631.7523, -1313.20375, -1196.41604, 292.9415600000002]","[-2925.09483, -1227.55705, -1173.3701199999996, 342.58680000000004]","[-3206.53788, -1228.75114, -1125.7721999999994, -4.77636000000075]","[-3495.93153, -1267.2663, -1157.5746, -154.0606399999997]","[-3784.12032, -1269.93194, -1152.7551600000006, -10.662559999999758]","[-4065.25626, -1187.17443, -1124.5437600000005, 331.03003999999964]","[-4283.900135621052, -1106.5282051789472, -874.5755024842074, 322.58489928421113]"
190,People,"[-4276.601941410526, -1111.6032593894736, 29.192776842105065, -20.300216842105616]","[-4269.3037472, -1116.6783136, 29.19277684210465, -20.30021684210533]","[-4262.0055529894735, -1121.7533678105262, 29.19277684210465, -20.30021684210533]","[-4254.707358778947, -1126.8284220210526, 29.19277684210465, -20.30021684210533]","[-4247.409164568421, -1131.903476231579, 29.19277684210465, -20.30021684210533]","[-4240.110970357895, -1136.9785304421052, 29.19277684210465, -20.30021684210533]","[-4232.812776147368, -1142.0535846526316, 29.192776842108287, -20.30021684210533]","[-4225.514581936842, -1147.128638863158, 29.19277684210465, -20.30021684210533]","[-4218.216387726316, -1152.2036930736842, 29.192776842104674, -20.300216842105346]","[-4210.918193515789, -1157.2787472842106, 29.19277684210465, -20.30021684210533]","[-4203.619999305263, -1162.353801494737, 29.19277684210465, -20.30021684210533]","[-4196.321805094737, -1167.4288557052632, 29.19277684210465, -20.30021684210533]","[-4189.02361088421, -1172.5039099157896, 29.192776842108287, -20.30021684210533]","[-4181.725416673684, -1177.578964126316, 29.19277684210465, -20.30021684210533]","[-4174.427222463158, -1182.654018336842, 29.19277684210465, -20.30021684210442]","[-4167.129028252632, -1187.7290725473686, 29.19277684210101, -20.300216842106238]"
191,People,"[-4159.830834042105, -1192.804126757895, 29.192776842108287, -20.30021684210533]","[-4152.532639831579, -1197.879180968421, 29.19277684210465, -20.30021684210442]","[-4078.1741, -1200.30849, 297.43415932631615, -9.717236126315584]","[-3897.15477, -1185.59311, 724.0773200000003, 58.86151999999947]","[-3867.17989, -1192.20325, 119.89952000000085, -26.440560000000005]","[-3742.409873514645, -1229.3290049372386, 499.0800659414199, -148.5030197489541]","[-3573.8588912970718, -1268.1536430125525, 674.2039288702927, -155.29855230125577]","[-3405.307909079498, -1306.9782810878662, 674.2039288702945, -155.29855230125486]","[-3236.756926861925, -1345.80291916318, 674.2039288702932, -155.298552301255]","[-3068.205944644352, -1384.627557238494, 674.2039288702927, -155.29855230125668]","[-2899.654962426778, -1423.4521953138076, 674.2039288702945, -155.29855230125395]","[-2731.103980209205, -1462.2768333891215, 674.2039288702927, -155.29855230125577]","[-2562.552997991632, -1501.1014714644352, 674.2039288702927, -155.29855230125486]","[-2394.0020157740587, -1539.9261095397492, 674.2039288702927, -155.29855230125577]","[-2190.47813, -1597.49653, 814.0955430962349, -230.28168184100286]","[-1876.698, -1679.93084, 1255.1205199999995, -329.7372400000004]"
192,People,"[-1591.63097, -1693.4023, 1140.2681200000006, -53.88583999999992]","[-1279.03131, -1695.22531, 1250.3986399999994, -7.29204000000027]","[-937.14548, -1751.51913, 1367.5433200000002, -225.17527999999947]","[-586.27636, -1818.20746, 1403.4764800000003, -266.7533200000007]","[-274.30738, -1812.98719, 1247.8759199999997, 20.88108000000011]","[41.99465, -1751.21868, 1265.20812, 247.07404000000042]","[367.57552, -1711.74582, 1302.32348, 157.89143999999942]","[711.46709, -1696.13821, 1375.56628, 62.43044000000009]","[1077.9438, -1640.35954, 1465.9068400000015, 223.1146800000008]","[1427.42017, -1532.50099, 1397.9054800000004, 431.4341999999997]","[1774.16973, -1413.35421, 1386.99824, 476.58712000000014]","[2090.0644, -1349.17391, 1263.5786800000005, 256.72119999999995]","[2397.16712, -1294.25346, 1228.4108799999995, 219.6818000000003]","[2674.93726, -1157.74188, 1111.0805600000003, 546.0463199999995]","[2956.74324, -997.73876, 1127.2239199999985, 640.0124800000003]","[3260.79619, -879.38929, 1216.211800000001, 473.39788]"
193,People,"[3593.17707, -767.46233, 1329.5235200000006, 447.70784000000003]","[3876.6625, -607.57549, 1133.941719999999, 639.54736]","[4121.37268, -407.83084, 978.840720000002, 798.9785999999997]","[4367.56092, -208.07268, 984.752959999998, 799.0326400000001]","[4630.26242, -42.85146, 1050.8060000000005, 660.88488]","[4891.27396, 123.76319, 1044.0461600000017, 666.4585999999999]","[5118.04091, 330.42577, 907.0677999999971, 826.65032]","[5333.78507, 588.6235, 862.9766400000008, 1032.7909200000001]","[5541.73896, 794.48094, 831.8155599999998, 823.4297600000007]","[5764.0585, 958.45576, 889.2781600000017, 655.8992800000001]","[5928.86846, 1096.81472, 659.2398399999984, 553.4358400000001]","[5990.57101, 1175.66882, 246.8101999999999, 315.41640000000007]","[6008.02741, 1217.23607, 69.82560000000012, 166.26899999999932]","[6016.226, 1239.54331, 32.79435999999987, 89.22896000000037]","[6014.5973, 1247.65927, -6.514799999997194, 32.463840000000346]","[6007.95065, 1243.87975, -26.586600000002363, -15.118080000000191]"
194,People,"[5996.21244, 1238.01367, -46.952839999998105, -23.464320000000043]","[5973.79, 1222.86897, -89.68976000000112, -60.57880000000023]","[5955.38828, 1215.72841, -73.60687999999936, -28.5622400000002]","[5952.98852, 1216.3666, -9.599040000000969, 2.5527600000004895]","[5963.38309, 1212.60822, 41.57828000000154, -15.033519999999953]","[5970.79787, 1197.35379, 29.659120000000257, -61.017720000000736]","[5963.87121, 1174.025, -27.706640000000334, -93.3151599999992]","[5955.16838, 1160.6428, -34.811320000000705, -53.52880000000005]","[5935.53181, 1130.62143, -78.54627999999873, -120.08548000000076]","[5878.5054, 1063.93418, -228.10564000000159, -266.7489999999998]","[5864.90604, 1019.93088, -54.39744000000064, -176.01319999999987]","[5790.34115, 970.08818, -298.2595599999986, -199.37080000000014]","[5670.33575, 920.01304, -480.02160000000003, -200.30055999999968]","[5561.38372, 883.1085, -435.8081200000015, -147.61816]","[5444.14423, 856.15446, -468.95795999999973, -107.81616000000031]","[5277.19581, 836.78776, -667.7936799999989, -77.4667999999997]"
195,People,"[5089.27126, 763.74739, -751.6981999999989, -292.1614800000002]","[4908.33892, 607.82194, -723.7293600000012, -623.7017999999998]","[4701.77018, 392.5508, -826.2749599999988, -861.0845600000002]","[4425.0397, 179.90161, -1106.9219200000007, -850.5967599999999]","[4115.12264, -55.57666, -1239.6682400000027, -941.91308]","[3844.51831, -307.01473, -1082.4173199999987, -1005.7522799999999]","[3608.21293, -560.0055, -945.2215199999991, -1011.96308]","[3368.35708, -775.28732, -959.4233999999997, -861.1272800000002]","[3104.9445, -988.16346, -1053.6503200000016, -851.5045600000007]","[2876.93633, -1224.22922, -912.0326800000003, -944.2630399999998]","[2707.12878, -1470.32586, -679.2302, -984.3865599999999]","[2511.98794, -1730.21543, -780.5633600000001, -1039.5582800000002]","[2250.68033, -1975.44824, -1045.2304399999994, -980.9312399999999]","[1951.99232, -2229.93142, -1194.7520400000003, -1017.9327199999998]","[1712.43587, -2494.79506, -958.2258000000002, -1059.4545600000001]","[1518.17516, -2730.58464, -777.0428400000001, -943.1583200000005]"
196,People,"[1304.95619, -2904.81318, -852.8758799999996, -696.9141600000003]","[1067.89792, -3031.58592, -948.23308, -507.09095999999954]","[850.71472, -3171.22132, -868.7328000000002, -558.5416000000005]","[679.44615, -3340.97455, -685.0742800000003, -679.0129199999992]","[551.62895, -3485.7143, -511.2687999999998, -578.9590000000007]","[518.20205, -3546.66068, -133.70760000000018, -243.78551999999945]","[527.7941, -3571.97216, 38.36819999999989, -101.24591999999939]","[545.76304, -3576.96622, 71.87576000000035, -19.97623999999996]","[561.0383, -3581.73175, 61.10104000000007, -19.062120000000522]","[576.64458, -3586.41044, 62.42511999999988, -18.71476000000075]","[584.99172, -3581.33825, 33.38855999999987, 20.288760000001275]","[594.69513, -3578.19252, 38.81363999999985, 12.582919999998921]","[594.76082, -3577.65646, 0.26276000000007116, 2.144239999999627]","[597.84793, -3579.22899, 12.34844000000021, -6.290119999999661]","[605.24087, -3581.06346, 29.571759999999813, -7.3378799999991315]","[610.59716, -3581.91253, 21.425160000000233, -3.396280000000843]"
197,People,"[617.22987, -3580.56365, 26.5308399999999, 5.395520000000033]","[680.20732, -3536.6302, 251.9097999999999, 175.73379999999997]","[796.88187, -3474.20526, 466.69820000000027, 249.69975999999951]","[848.52923, -3429.2743, 206.58943999999974, 179.72384000000056]","[890.01915, -3386.34292, 165.95967999999993, 171.72551999999996]","[965.81873, -3327.98268, 303.19831999999997, 233.4409599999999]","[1078.97799, -3238.14979, 452.6370400000005, 359.33156000000054]","[1152.79147, -3087.80289, 295.2539199999992, 601.3876]","[1216.51617, -2866.48579, 254.89880000000107, 885.2683999999998]","[1275.47155, -2593.61821, 235.8215199999995, 1091.4703200000004]","[1390.46629, -2334.09077, 459.97896000000037, 1038.1097600000012]","[1543.37514, -2066.51038, 611.6354000000001, 1070.3215599999985]","[1658.32117, -1783.64218, 459.78411999999935, 1131.4728000000005]","[1738.69398, -1480.26102, 321.4912400000003, 1213.5246400000005]","[1817.42792, -1161.60967, 314.9357600000003, 1274.6053999999995]","[1912.7896, -845.70831, 381.4467199999999, 1263.6054400000003]"
198,People,"[2001.07805, -542.42606, 353.15379999999, 1213.1289999999653]","[2029.49574, -217.28059, 113.67075999999997, 1300.5818800000002]","[2012.13433, 110.49024, -69.44563999999991, 1311.08332]","[2008.49778, 446.20474, -14.546200000000681, 1342.8580000000002]","[1992.27827, 799.58319, -64.8780399999996, 1413.5137999999997]","[1909.28851, 1118.45764, -331.95903999999973, 1275.4978000000006]","[1786.52026, 1432.6754, -491.0730000000003, 1256.87104]","[1652.51914, 1758.94582, -536.0044799999996, 1305.0816799999993]","[1545.80484, 2088.46051, -426.8572000000008, 1318.058760000001]","[1415.68594, 2392.54194, -520.4755999999998, 1216.3257200000007]","[1249.14327, 2614.54683, -666.1706800000002, 888.0195600000006]","[1066.69039, 2803.99529, -729.8115200000002, 757.7938399999985]","[927.12773, 3004.9693, -558.2506399999997, 803.8960400000014]","[802.74412, 3222.46882, -497.53444000000036, 869.9980799999994]","[685.38582, 3384.58363, -469.43319999999994, 648.4592400000001]","[626.80239, 3432.91075, -234.33372000000008, 193.3084799999997]"
199,People,"[614.28952, 3434.78274, -50.05147999999963, 7.487960000000385]","[603.30015, 3428.49835, -43.95748000000003, -25.13756000000103]","[604.65324, 3425.73609, 5.412359999999808, -11.049039999999877]","[610.85507, 3421.36559, 24.80731999999989, -17.48199999999997]","[619.10716, 3419.46071, 33.008360000000266, -7.619520000000193]","[625.88588, 3420.2424, 27.114880000000085, 3.1267600000010134]","[626.76759, 3420.13371, 3.526839999999993, -0.4347600000000966]","[628.3461, 3418.52967, 6.31403999999975, -6.416160000000673]","[629.74984, 3416.1859, 5.614959999999888, -9.375079999999807]","[632.25586, 3413.8192, 10.02408000000014, -9.466800000000148]","[633.91753, 3410.98911, 6.646680000000288, -11.32035999999971]","[640.16805, 3408.47441, 25.00207999999975, -10.058800000000701]","[659.57841, 3407.96321, 77.64143999999987, -2.044799999999668]","[668.07379, 3410.75515, 33.98152000000027, 11.167760000000271]","[666.36961, 3410.44887, -6.8167200000002595, -1.2251199999991513]","[661.77329, 3409.66481, -18.385279999999966, -3.136239999999816]"
200,People,"[665.0932, 3400.36887, 13.2796400000002, -37.18376000000171]","[672.50567, 3395.48865, 29.64987999999994, -19.520880000000034]","[672.53404, 3396.08793, 0.11347999999998137, 2.3971200000014505]","[669.21166, 3399.03085, -13.289519999999811, 11.771679999999833]","[667.35232, 3404.01388, -7.4373600000003535, 19.932119999999486]","[665.71697, 3407.91541, -6.541400000000067, 15.606120000000374]","[666.44007, 3411.75431, 2.8924000000001797, 15.355599999998958]","[668.15219, 3416.71052, 6.848480000000109, 19.82484000000113]","[669.24737, 3418.01931, 4.380720000000114, 5.235160000000183]","[669.5232, 3417.68998, 1.1033199999997123, -1.3173200000001088]","[669.30306, 3418.62196, -0.8805600000000595, 3.727919999999358]","[669.28994, 3421.33648, -0.052479999999832216, 10.858079999999973]","[669.61314, 3422.8803, 1.2928000000001703, 6.175279999999475]","[670.54293, 3424.42269, 3.719159999999647, 6.169560000000274]","[672.55315, 3427.3505, 8.040880000000016, 11.711240000000544]","[677.10994, 3425.73621, 18.227160000000367, -6.457159999999931]"
201,People,"[680.4724, 3423.47309, 13.449839999999767, -9.052480000000287]","[677.38584, 3417.84545, -12.346239999999852, -22.510560000000623]","[678.10969, 3407.52893, 2.8953999999998814, -41.26607999999942]","[681.85772, 3390.31238, 14.992119999999886, -68.86620000000039]","[750.82343, 3321.81768, 275.86284000000023, -273.97879999999896]","[785.21554, 3277.38264, 137.56844, -177.7401600000012]","[799.84638, 3251.45144, 58.523359999999684, -103.72479999999996]","[802.96484, 3260.39748, 12.47384000000011, 35.784160000001066]","[800.21917, 3279.93659, -10.982680000000082, 78.15643999999891]","[866.31662, 3273.9651, 264.3897999999999, -23.885959999999614]","[1009.71432, 3219.65345, 573.5908000000004, -217.2466000000004]","[1186.5013, 3130.43638, 707.1479199999994, -356.8682799999988]","[1370.90336, 3004.01794, 737.6082400000005, -505.6737599999997]","[1535.93708, 2818.94507, 660.1348799999996, -740.2914799999999]","[1701.95429, 2598.44975, 664.0688399999999, -881.98128]","[1891.96424, 2371.82227, 760.0398000000005, -906.5099200000004]"
202,People,"[2036.09765, 2108.74137, 576.5336399999997, -1052.3235999999997]","[2084.39867, 1827.4631, 193.20408000000043, -1125.113080000001]","[2093.44915, 1542.14149, 36.20191999999952, -1141.2864399999999]","[2129.80151, 1252.85137, 145.40943999999945, -1157.1604799999996]","[2146.60747, 923.97765, 67.22384000000056, -1315.4948800000002]","[2086.4993, 610.29886, -240.4326799999999, -1254.7151600000002]","[1977.46874, 323.88692, -436.1222399999997, -1145.64776]","[1864.05141, 56.19009, -453.66931999999997, -1070.78732]","[1787.63676, -244.96187, -305.65860000000004, -1204.6078400000013]","[1750.60351, -536.51666, -148.13300000000072, -1166.21916]","[1669.66997, -800.14562, -323.73416, -1054.51584]","[1569.57129, -1069.25126, -400.3947199999993, -1076.42256]","[1515.58515, -1331.92726, -215.9445599999999, -1050.7039999999997]","[1474.17127, -1618.9882, -165.65552000000025, -1148.2437600000003]","[1408.37059, -1879.40332, -263.2027200000002, -1041.6604799999996]","[1318.77852, -2123.19896, -358.3682799999997, -975.1825600000011]"
203,People,"[1248.19393, -2364.71345, -282.33836000000065, -966.0579600000001]","[1240.09782, -2605.93056, -32.38443999999981, -964.8684399999984]","[1253.58208, -2835.80118, 53.9370399999998, -919.4824800000006]","[1203.03053, -3040.89317, -202.20619999999963, -820.3679599999996]","[1108.45364, -3192.38018, -378.3075600000002, -605.9480400000011]","[1077.63437, -3330.2307, -123.27707999999984, -551.4020799999998]","[1072.84757, -3458.12392, -19.14720000000034, -511.5728799999997]","[1056.85929, -3530.06223, -63.95311999999922, -287.75324]","[1011.7284, -3497.52369, -180.5235600000007, 130.15416000000016]","[945.77372, -3435.88001, -263.81871999999976, 246.57472000000053]","[803.81108, -3385.8009, -567.8505600000003, 200.3164399999987]","[570.51065, -3368.29454, -933.2017199999996, 70.02544000000125]","[379.43534, -3384.17871, -764.3012400000002, -63.53668000000107]","[299.759, -3389.18879, -318.7053599999999, -20.040320000000065]","[280.42376, -3384.31911, -77.34096, 19.478720000000976]","[272.27566, -3388.96064, -32.5924, -18.5661199999995]"
204,People,"[268.3601, -3393.30626, -15.66224000000011, -17.382480000000214]","[290.21287, -3397.22932, 87.41108000000008, -15.69224000000031]","[349.16689, -3406.64022, 235.81608000000006, -37.64360000000124]","[503.83859, -3401.72791, 618.6868, 19.649240000000646]","[696.10645, -3371.93602, 769.0714399999999, 119.16755999999987]","[807.64989, -3366.80957, 446.17376000000013, 20.505800000000818]","[852.85994, -3365.10455, 180.8402000000001, 6.820079999999507]","[870.99187, -3371.24914, 72.52771999999959, -24.57835999999952]","[846.71916, -3394.43139, -97.09083999999993, -92.72900000000126]","[711.75105, -3466.17045, -539.8724400000001, -286.9562399999995]","[510.34358, -3573.17027, -805.62988, -427.99928]","[372.25641, -3623.83232, -552.3486799999998, -202.64819999999963]","[304.24365, -3615.58311, -272.05104000000006, 32.99683999999979]","[286.17604, -3593.65076, -72.27044000000001, 87.72940000000017]","[279.77556, -3576.09583, -25.601920000000064, 70.21971999999914]","[272.52889, -3566.85917, -28.98667999999998, 36.946640000000116]"
205,People,"[260.24518, -3546.1831, -49.13483999999994, 82.70427999999993]","[258.77146, -3538.63077, -5.894880000000057, 30.209319999999934]","[262.5424, -3534.69969, 15.083759999999984, 15.724320000001171]","[269.64244, -3516.1738, 28.40016000000014, 74.10355999999956]","[278.02044, -3461.37961, 33.511999999999944, 219.1767600000003]","[305.68376, -3424.5806, 110.65328, 147.19604000000072]","[425.11076, -3380.54842, 477.7080000000001, 176.1287199999988]","[576.60597, -3377.58449, 605.9808399999997, 11.855719999999565]","[771.24052, -3366.56663, 778.5382000000006, 44.07144000000157]","[911.53744, -3359.87857, 561.18768, 26.7522399999998]","[990.02552, -3360.10715, 313.9523200000003, -0.9143199999998615]","[1006.27228, -3349.13994, 64.98703999999998, 43.86883999999918]","[1038.60537, -3306.80772, 129.33235999999988, 169.32888000000094]","[1163.8957, -3280.45563, 501.16132000000016, 105.40835999999945]","[1341.23725, -3245.70329, 709.3661999999995, 139.00936000000002]","[1531.23509, -3189.86171, 759.99136, 223.36631999999918]"
206,People,"[1741.53547, -3064.43705, 841.2015200000005, 501.6986400000005]","[1944.46483, -2886.35391, 811.7174399999994, 712.3325600000007]","[2180.65284, -2678.85884, 944.7520400000012, 829.9802799999998]","[2423.01858, -2481.63692, 969.4629599999989, 788.8876799999998]","[2643.31032, -2305.45795, 881.1669600000005, 704.7158799999997]","[2864.10931, -2117.67001, 883.1959599999991, 751.1517600000006]","[3098.70406, -1924.73637, 938.3790000000008, 771.734559999999]","[3361.40806, -1753.69777, 1050.8160000000007, 684.1544000000004]","[3603.37127, -1554.33053, 967.8528400000005, 797.4689600000008]","[3792.40269, -1306.95401, 756.1256799999992, 989.5060800000001]","[3975.76431, -1016.10208, 733.4464800000005, 1163.4077199999997]","[4152.03642, -749.03021, 705.0884400000014, 1068.28748]","[4397.54031, -523.05052, 982.0155599999998, 903.91876]","[4616.31045, -295.68542, 875.0805599999985, 909.4603999999999]","[4759.39089, -30.09839, 572.3217599999989, 1062.34812]","[4913.653, 215.98525, 617.0484400000023, 984.33456]"
207,People,"[5142.05088, 399.42587, 913.5915199999981, 733.7624799999999]","[5350.99908, 603.94834, 835.7927999999993, 818.0898800000002]","[5471.85309, 823.72089, 483.41604000000007, 879.0902000000001]","[5552.67632, 1057.5129, 323.29291999999987, 935.1680399999996]","[5695.0539, 1249.17188, 569.5103200000012, 766.6359200000006]","[5923.95888, 1425.28073, 915.619920000001, 704.4353999999994]","[6089.48363, 1559.92929, 662.0989999999983, 538.5942400000004]","[6154.94822, 1595.23866, 261.858360000002, 141.23747999999978]","[6180.61578, 1589.44621, 102.67023999999955, -23.16979999999969]","[6182.05915, 1566.69738, 5.773479999999836, -90.99531999999999]","[6163.09552, 1544.28843, -75.85452000000078, -89.63580000000002]","[6154.7608, 1535.22004, -33.338879999999335, -36.27356000000054]","[6163.76511, 1549.62339, 36.01724000000104, 57.61340000000018]","[6194.20062, 1575.62657, 121.74203999999736, 104.01271999999972]","[6195.21459, 1586.96859, 4.055879999999888, 45.36808000000019]","[6193.41395, 1592.3818, -7.202559999997902, 21.65284000000065]"
208,People,"[6193.62821, 1600.25774, 0.8570399999989604, 31.503759999999602]","[6193.71211, 1612.10651, 0.3356000000021595, 47.395080000000235]","[6171.77039, 1602.59346, -87.76688000000286, -38.052200000000084]","[6063.76515, 1512.14279, -432.020959999998, -361.8026799999998]","[5921.01042, 1364.31386, -571.0189200000023, -591.3157200000005]","[5807.048, 1270.34209, -455.84967999999935, -375.8870799999995]","[5731.96673, 1193.51379, -300.3250799999987, -307.3132000000005]","[5680.78505, 1156.97294, -204.72671999999875, -146.16339999999946]","[5615.59906, 1157.12114, -260.74396000000365, 0.5927999999994432]","[5496.72455, 1097.28923, -475.4980399999986, -239.32763999999952]","[5401.04507, 914.29211, -382.71791999999914, -731.9884800000004]","[5293.16314, 688.3854, -431.52772000000186, -903.6268399999999]","[5079.90639, 500.87641, -853.0269999999982, -750.0359599999999]","[4825.2472, 311.62378, -1018.6367600000012, -757.01052]","[4641.38766, 58.52945, -735.4381599999979, -1012.37732]","[4448.23857, -260.57553, -772.5963599999995, -1276.41992]"
209,People,"[4203.67848, -523.44972, -978.2403600000034, -1051.4967599999998]","[3949.78773, -724.26238, -1015.5629999999983, -803.2506400000002]","[3733.94125, -924.43796, -863.3859200000006, -800.7023199999999]","[3546.77661, -1160.74479, -748.6585599999999, -945.22732]","[3354.94066, -1372.74243, -767.3437999999987, -847.9905600000002]","[3108.36494, -1532.77565, -986.3028800000011, -640.1328800000001]","[2868.37817, -1694.54998, -959.9470799999999, -647.0973199999999]","[2660.86254, -1916.97998, -830.0625199999995, -889.7200000000003]","[2443.73869, -2164.44779, -868.4954000000006, -989.8712400000013]","[2194.35388, -2364.54701, -997.5392400000001, -800.3968799999984]","[1900.37745, -2558.82272, -1175.9057200000007, -777.1028400000014]","[1624.74517, -2761.08939, -1102.5291200000001, -809.0666799999999]","[1402.18767, -2980.1578, -890.2299999999996, -876.2736399999994]","[1177.28771, -3193.17779, -899.5998399999999, -852.0799600000009]","[921.71435, -3361.54083, -1022.2934400000004, -673.4521599999989]","[618.3964, -3537.90946, -1213.2718, -705.4745199999998]"
210,People,"[443.36309, -3667.94511, -700.1332399999999, -520.142600000001]","[377.26013, -3684.75427, -264.41184, -67.23663999999917]","[374.85422, -3672.25111, -9.623640000000023, 50.01263999999901]","[408.92753, -3654.18226, 136.29323999999997, 72.27540000000045]","[484.24698, -3629.72785, 301.27780000000007, 97.8176399999993]","[588.27896, -3581.86091, 416.1279199999999, 191.46776000000136]","[645.91435, -3546.39982, 230.54156000000012, 141.84435999999914]","[617.7578, -3565.61377, -112.62620000000015, -76.85579999999936]","[492.86299, -3652.43289, -499.57924000000025, -347.27648000000073]","[416.02834, -3721.18344, -307.33860000000004, -275.002199999999]","[397.46074, -3753.99049, -74.27040000000011, -131.22820000000138]","[388.31823, -3767.1774, -36.570039999999835, -52.74763999999959]","[374.69521, -3761.4803, -54.492080000000215, 22.788399999999456]","[373.23538, -3747.99654, -5.839319999999816, 53.9350400000003]","[373.68683, -3752.9798, 1.8057999999998628, -19.93303999999989]","[385.59888, -3771.56493, 47.64820000000009, -74.34051999999974]"
211,People,"[384.78086, -3786.1482, -3.27207999999996, -58.333080000000336]","[373.58994, -3783.95792, -44.76368000000002, 8.761120000001029]","[368.09681, -3776.05717, -21.97252000000003, 31.602999999999156]","[362.5358, -3763.90391, -22.24404000000004, 48.61304000000018]","[364.39212, -3766.89547, 7.42527999999993, -11.966239999999743]","[370.00245, -3769.30966, 22.441320000000132, -9.65675999999985]","[388.62146, -3776.30201, 74.47604000000001, -27.96939999999995]","[458.63724, -3779.33629, 280.06312, -12.137120000001232]","[603.80973, -3730.21696, 580.6899600000003, 196.47732000000013]","[820.72508, -3584.62476, 867.6614000000004, 582.3688000000002]","[1032.5956, -3474.5397, 847.4820800000002, 440.34024000000136]","[1174.68548, -3371.4353, 568.35952, 412.41759999999886]","[1245.52711, -3298.3415, 283.3665199999996, 292.3752000000004]","[1267.31606, -3242.30861, 87.15580000000045, 224.1315599999998]","[1239.93535, -3147.17756, -109.52284000000054, 380.52419999999984]","[1211.25111, -2989.83306, -114.73696000000018, 629.3780000000006]"
212,People,"[1240.76337, -2746.27884, 118.04903999999988, 974.21688]","[1282.38421, -2499.47516, 166.48336000000018, 987.2147199999999]","[1271.78773, -2222.9258, -42.385919999999714, 1106.19744]","[1236.04972, -1905.00142, -142.95204000000012, 1271.6975199999997]","[1236.59543, -1582.18556, 2.1828400000003967, 1291.2634400000006]","[1272.17046, -1246.71783, 142.30011999999988, 1341.8709199999994]","[1262.45269, -928.98365, -38.87107999999989, 1270.9367200000002]","[1206.91856, -615.63835, -222.13652000000002, 1253.3812000000003]","[1170.36583, -281.55248, -146.21092000000058, 1336.343480000001]","[1176.98448, 44.34493, 26.474600000000464, 1303.58964]","[1178.66262, 373.16363, 6.7125599999999395, 1315.2748000000001]","[1119.72112, 677.73147, -235.76600000000053, 1218.2713599999997]","[1061.29406, 983.60956, -233.70823999999993, 1223.5123600000002]","[1040.20248, 1281.96902, -84.36632000000009, 1193.43784]","[1053.48211, 1586.05487, 53.11851999999999, 1216.3433999999997]","[1016.86869, 1861.21953, -146.45367999999962, 1100.6586400000006]"
213,People,"[932.50092, 2105.75094, -337.47108000000026, 978.1256399999993]","[834.43134, 2361.21629, -392.2783199999999, 1021.8613999999998]","[800.14865, 2611.52777, -137.13076, 1001.2459200000012]","[817.2366, 2825.93072, 68.35179999999991, 857.6117999999988]","[782.99551, 2988.97968, -136.96435999999994, 652.1958400000003]","[720.85617, 3087.96034, -248.5573599999998, 395.9226400000007]","[663.12108, 3138.97292, -230.94036000000006, 204.05032000000028]","[643.58705, 3216.81537, -78.13612000000012, 311.3697999999986]","[640.66147, 3280.49801, -11.702319999999883, 254.7305600000002]","[633.92795, 3306.09347, -26.934079999999994, 102.38184000000001]","[627.72216, 3310.01266, -24.823159999999916, 15.676760000000286]","[626.72458, 3310.45687, -3.990320000000338, 1.7768400000004476]","[623.15091, 3306.66617, -14.294679999999971, -15.162800000000061]","[616.44647, 3312.40815, -26.817759999999907, 22.96792000000096]","[607.88731, 3318.8732, -34.23664000000008, 25.860199999999168]","[609.48464, 3322.84033, 6.389320000000225, 15.86851999999999]"
214,People,"[609.31175, 3322.45961, -0.691560000000248, -1.5228800000005278]","[611.78766, 3323.01791, 9.903639999999996, 2.233200000000579]","[610.7631, 3323.52769, -4.098239999999805, 2.039119999999457]","[599.594, 3327.46958, -44.67639999999983, 15.76756000000023]","[596.73643, 3326.82326, -11.430280000000039, -2.5852799999993294]","[599.91535, 3313.28926, 12.715679999999793, -54.13600000000042]","[595.99507, 3305.37902, -15.681119999999737, -31.640960000000632]","[583.49188, 3286.245, -50.01276000000007, -76.53607999999986]","[552.44847, 3220.67763, -124.17364000000009, -262.26947999999925]","[591.3752, 3174.89509, 155.70691999999963, -183.13016000000061]","[672.08772, 3144.93779, 322.85008000000016, -119.82920000000013]","[654.38401, 3166.73786, -70.81484, 87.20028000000093]","[560.72048, 3264.87253, -374.65412000000015, 392.53867999999966]","[563.32781, 3249.75392, 10.429320000000189, -60.47443999999996]","[545.58827, 3213.63255, -70.95816000000013, -144.4854800000012]","[573.71414, 3236.84943, 112.50348000000031, 92.8675200000016]"
215,People,"[601.7743, 3278.34976, 112.24063999999998, 166.0013199999994]","[609.78405, 3309.11188, 32.03899999999976, 123.04847999999947]","[607.93684, 3316.42172, -7.388840000000073, 29.23935999999958]","[612.51462, 3302.06624, 18.3111200000003, -57.42191999999886]","[611.39322, 3285.56279, -4.485599999999977, -66.01380000000063]","[611.56768, 3275.91692, 0.6978399999998146, -38.58347999999933]","[613.58958, 3281.89128, 8.087599999999838, 23.897439999998824]","[615.24573, 3292.82165, 6.6246000000001, 43.721480000000156]","[619.14974, 3297.07739, 15.616039999999899, 17.022960000000253]","[657.27878, 3243.30965, 152.51616000000013, -215.0709599999991]","[694.56815, 3213.8622, 149.15747999999985, -117.78980000000047]","[701.22871, 3204.28327, 26.64224000000013, -38.31572000000051]","[688.20789, 3194.64075, -52.08327999999983, -38.57007999999951]","[650.88563, 3148.77177, -149.2890400000001, -183.47592000000077]","[604.31182, 3012.3433, -186.29523999999992, -545.7138799999993]","[557.6855, 2807.21997, -186.50527999999986, -820.4933199999996]"
216,People,"[454.51107, 2606.0532, -412.6977200000001, -804.6670800000011]","[290.80935, 2428.91815, -654.8068800000001, -708.5401999999995]","[133.34471, 2252.67237, -629.85856, -704.9831200000008]","[16.12485, 2019.82225, -468.87944, -931.4004799999993]","[-125.23259, 1760.91511, -565.42976, -1035.62856]","[-315.1306, 1569.47016, -759.59204, -765.7797999999993]","[-554.30687, 1401.7251, -956.70508, -670.9802399999999]","[-778.74092, 1210.14109, -897.7361999999998, -766.3360400000001]","[-969.38129, 995.17807, -762.561480000001, -859.8520800000009]","[-1156.45943, 779.22806, -748.3125600000003, -863.8000400000001]","[-1372.56717, 606.56753, -864.4309599999997, -690.64212]","[-1592.31898, 452.02551, -879.0072399999999, -618.1680800000001]","[-1743.30055, 282.9683, -603.9262799999997, -676.22884]","[-1864.94527, 123.7125, -486.57888, -637.0232]","[-1992.11375, 1.92123, -508.6739200000002, -487.16508000000005]","[-2152.23195, -79.20732, -640.4727999999996, -324.51419999999996]"
217,People,"[-2293.40118, -112.35198, -564.6769199999999, -132.57864]","[-2387.66765, -177.25661, -377.0658800000001, -259.61852]","[-2415.54864, -245.82116, -111.52396000000044, -274.2582]","[-2423.7334, -291.89339, -32.73904000000039, -184.28892000000008]","[-2432.33035, -314.9174, -34.387800000000425, -92.0960399999999]","[-2439.08367, -322.04388, -27.013279999999213, -28.50592000000006]","[-2445.76999, -326.1563, -26.745279999999184, -16.449679999999944]","[-2446.92073, -327.36379, -4.6029600000001665, -4.829960000000028]","[-2448.11286, -326.36162, -4.768520000001449, 4.0086799999999165]","[-2450.81523, -328.14696, -10.809479999999894, -7.14135999999985]","[-2450.38783, -331.30648, 1.7096000000001368, -12.638080000000173]","[-2452.56425, -333.49482, -8.70567999999912, -8.75335999999993]","[-2469.4047, -354.36475, -67.36180000000058, -83.47972000000004]","[-2514.75712, -401.5316, -181.40968000000066, -188.66740000000004]","[-2616.135, -459.3708, -405.51152, -231.3567999999998]","[-2780.0957, -501.69869, -655.8427999999985, -169.3115600000001]"
218,People,"[-2988.583, -529.38909, -833.9492000000009, -110.76160000000004]","[-3189.0614, -612.77039, -801.9135999999999, -333.52520000000004]","[-3366.50579, -761.33786, -709.7775600000004, -594.2698799999998]","[-3554.45751, -891.12745, -751.8068800000001, -519.1583599999999]","[-3732.55708, -950.20248, -712.3982799999994, -236.30012000000033]","[-3878.82191, -982.51361, -585.0593200000003, -129.24451999999974]","[-3982.83875, -1040.44738, -416.0673599999991, -231.73508000000038]","[-4042.96391, -1101.4217, -240.5006400000002, -243.89728000000014]","[-4060.9932, -1141.81103, -72.11715999999986, -161.55732000000003]","[-4062.66585, -1160.51146, -6.690599999999904, -74.80171999999948]","[-4058.34271, -1165.12483, 17.292559999999867, -18.453480000000127]","[-4057.18957, -1166.8988, 4.612559999999576, -7.095879999999852]","[-4055.7399, -1163.46252, 5.798679999999877, 13.745119999999588]","[-4052.42792, -1164.06214, 13.247919999999795, -2.398479999999836]","[-4053.16304, -1173.44885, -2.9404799999992974, -37.546839999999975]","[-4052.71545, -1181.96858, 1.7903599999990547, -34.078919999999925]"
219,People,"[-4006.89245, -1202.09622, 183.29200000000128, -80.51055999999971]","[-3973.02271, -1206.3871, 135.47895999999855, -17.163520000000062]","[-3897.45649, -1198.32976, 302.26488000000063, 32.22935999999936]","[-3772.85284, -1189.8601, 498.41460000000006, 33.878639999999905]","[-3598.1846812598424, -1148.248155511811, 698.6726349606306, 166.44777795275604]","[-3421.711015905512, -1105.4293070866142, 705.8946614173219, 171.2753937007874]","[-3245.237350551181, -1062.6104586614174, 705.8946614173237, 171.2753937007874]","[-3068.76368519685, -1019.7916102362204, 705.8946614173237, 171.27539370078784]","[-2892.2900198425195, -976.9727618110236, 705.8946614173226, 171.27539370078753]","[-2642.87919, -1008.0527, 997.6433193700777, -124.31975275590548]","[-2354.06241, -1025.33162, 1155.2671200000004, -69.11567999999988]","[-2059.69417, -1001.12229, 1177.4729599999991, 96.83731999999964]","[-1747.08509, -961.73765, 1250.4363200000007, 157.53855999999996]","[-1439.77941, -987.25082, 1229.2227199999998, -102.05267999999978]","[-1137.88997, -1068.05797, 1207.5577600000006, -323.22860000000037]","[-842.88625, -1115.09174, 1180.0148799999997, -188.13508000000002]"
220,People,"[-532.10263, -1128.46825, 1243.1344800000002, -53.5060399999993]","[-216.67908, -1163.69405, 1261.6942, -140.90320000000065]","[103.43771, -1246.58239, 1280.46716, -331.5533599999999]","[434.47604, -1307.00799, 1324.1533200000001, -241.70240000000013]","[731.55354, -1338.69335, 1188.31, -126.74143999999978]","[1045.5023, -1367.91644, 1255.7950400000004, -116.89235999999983]","[1361.32733, -1445.8446, 1263.3001199999999, -311.71263999999974]","[1676.52516, -1537.52964, 1260.7913199999994, -366.7401600000003]","[1981.99777, -1584.95073, 1221.8904400000013, -189.68436000000037]","[2296.62593, -1608.55711, 1258.5126400000008, -94.42551999999978]","[2588.841, -1650.08707, 1168.860279999999, -166.1198400000003]","[2871.2357, -1729.92537, 1129.5788000000011, -319.35319999999956]","[3151.61209, -1799.63485, 1121.5055599999996, -278.83791999999994]","[3428.1598, -1817.93772, 1106.1908399999993, -73.21147999999994]","[3697.91524, -1828.61575, 1079.0217599999996, -42.71212000000014]","[3951.93322, -1890.21578, 1016.0719200000003, -246.40012000000024]"
221,People,"[4198.83624, -1991.52441, 987.612079999999, -405.23452]","[4401.96218, -2062.74228, 812.5037600000032, -284.8714799999998]","[4591.93608, -2083.5073, 759.8955999999998, -83.06008000000111]","[4745.13774, -2073.62749, 612.8066399999989, 39.519240000001446]","[4855.09406, -2097.46983, 439.82528000000093, -95.3693600000006]","[4907.29017, -2145.56968, 208.78443999999945, -192.39940000000024]","[4938.42662, -2182.47957, 124.54579999999987, -147.63955999999962]","[4950.41847, -2191.14478, 47.967399999997724, -34.66084000000046]","[4956.58605, -2194.72221, 24.670320000001105, -14.3097199999993]","[4959.96239, -2201.03631, 13.5053599999992, -25.256400000000212]","[4963.56908, -2204.46555, 14.426760000002105, -13.716959999999744]","[4966.27035, -2199.55953, 10.80507999999827, 19.624079999999594]","[4966.91745, -2199.05857, 2.588400000000547, 2.0038399999994]","[4963.43654, -2198.98022, -13.923640000000887, 0.31340000000091095]","[4957.56399, -2194.38232, -23.490200000000186, 18.391599999999016]","[4958.08118, -2184.51913, 2.06876000000193, 39.452760000000126]"
222,People,"[4960.54198, -2174.23428, 9.843199999999342, 41.13940000000002]","[4965.21194, -2168.73996, 18.679840000000695, 21.977280000000974]","[4970.15701, -2163.89323, 19.78027999999904, 19.38691999999901]","[4988.58885, -2155.77958, 73.72736000000077, 32.45460000000094]","[5047.72159, -2159.84516, 236.53096000000005, -16.262319999999818]","[5144.85175, -2191.33863, 388.5206399999988, -125.97388000000137]","[5235.95578, -2264.52197, 364.4161200000017, -292.73335999999836]","[5332.53877, -2314.47071, 386.3319599999995, -199.79496000000108]","[5395.10099, -2318.35468, 250.24887999999942, -15.535879999999466]","[5423.37613, -2304.39058, 113.10055999999895, 55.85639999999876]","[5446.19449, -2303.67286, 91.27344000000085, 2.8708800000003976]","[5459.42963, -2307.39285, 52.940559999999095, -14.87996000000021]","[5477.26474, -2318.53923, 71.34043999999994, -44.58551999999872]","[5453.37747, -2350.70221, -95.54907999999705, -128.65192000000025]","[5423.87408, -2362.47311, -118.01356000000305, -47.08359999999993]","[5419.95227, -2353.71773, -15.687239999999292, 35.02152000000024]"
223,People,"[5421.37599, -2336.42015, 5.694879999999102, 69.1903199999997]","[5425.51594, -2315.54203, 16.559800000002724, 83.51247999999941]","[5422.84864, -2289.88406, -10.669200000000274, 102.63188000000082]","[5447.59541, -2272.99519, 98.98707999999897, 67.55547999999908]","[5451.96355, -2264.52213, 17.472560000001977, 33.89224000000104]","[5422.27569, -2251.14834, -118.75144, 53.49515999999858]","[5391.78433, -2222.51813, -121.96543999999994, 114.52084000000104]","[5385.58115, -2186.0059, -24.81272000000172, 146.04891999999927]","[5413.85898, -2195.18959, 113.11132000000008, -36.734759999999405]","[5471.93665, -2228.25396, 232.31067999999868, -132.2574800000002]","[5489.77484, -2265.19532, 71.35276000000158, -147.76543999999922]","[5469.89025, -2294.46251, -79.53835999999865, -117.06876000000011]","[5452.96218, -2302.18029, -67.71227999999974, -30.87111999999979]","[5441.11662, -2294.96909, -47.38224000000264, 28.84479999999894]","[5448.27108, -2246.06537, 28.617840000002616, 195.614880000001]","[5468.53314, -2221.99596, 81.04823999999644, 96.27763999999843]"
224,People,"[5479.60943, -2215.97976, 44.305160000003525, 24.064800000000105]","[5465.89823, -2250.62578, -54.84480000000258, -138.58407999999872]","[5489.29447, -2246.41346, 93.58496000000014, 16.849279999998544]","[5431.81788, -2242.89744, -229.90636000000086, 14.064080000000104]","[5314.4901, -2248.76349, -469.3111199999985, -23.464199999998527]","[5191.87231, -2218.26892, -490.47116000000096, 121.97827999999936]","[5043.02444, -2132.73254, -595.3914799999984, 342.14552000000003]","[4876.18597, -1962.47689, -667.3538799999988, 681.0226000000002]","[4685.08043, -1754.5657, -764.4221600000026, 831.6447599999999]","[4466.94939, -1556.95064, -872.5241600000008, 790.4602400000003]","[4217.98054, -1338.25147, -995.8754000000008, 874.7966800000004]","[4010.56416, -1072.75073, -829.6655199999987, 1062.0029599999998]","[3812.60691, -792.62869, -791.8289999999997, 1120.4881599999999]","[3568.49129, -546.70734, -976.4624800000001, 983.6853999999998]","[3313.96684, -314.176, -1018.0977999999996, 930.1253600000002]","[3078.21441, -63.91118, -943.00972, 1001.05928]"
225,People,"[2866.94038, 212.53541, -845.0961200000002, 1105.78636]","[2622.10983, 472.42412, -979.3222000000005, 1039.55484]","[2360.82242, 692.4602, -1045.1496399999996, 880.1443199999999]","[2104.67067, 920.42381, -1024.607, 911.8544400000001]","[1896.0924, 1172.83867, -834.3130799999999, 1009.6594400000004]","[1664.56224, 1420.31813, -926.1206400000001, 989.9178400000001]","[1389.92544, 1595.67344, -1098.5472, 701.4212399999997]","[1120.09897, 1754.54725, -1079.30588, 635.4952400000002]","[925.36812, 1931.69121, -778.9234000000008, 708.5758400000002]","[758.76358, 2138.76956, -666.4181599999997, 828.3134000000009]","[585.924, 2335.22217, -691.3583200000003, 785.8104399999993]","[398.77772, 2475.32627, -748.58512, 560.4164000000001]","[226.5977, 2576.16275, -688.7200799999999, 403.34591999999975]","[135.34906, 2695.85695, -364.99456, 478.77679999999964]","[119.35119, 2804.27034, -63.991480000000024, 433.65356000000065]","[85.76731, 2905.72939, -134.33552000000003, 405.83619999999974]"
226,People,"[42.49874, 2996.00673, -173.07428, 361.1093600000004]","[-2.56912, 3053.64417, -180.27143999999998, 230.54975999999988]","[-25.57445, 3106.21358, -92.02132, 210.27764000000025]","[-25.93662, 3138.44113, -1.4486800000000102, 128.91020000000026]","[-17.05465, 3138.24352, 35.52788000000001, -0.7904400000006717]","[-8.6096, 3120.38917, 33.780199999999994, -71.41740000000027]","[-15.22991, 3061.89668, -26.48124, -233.96996000000036]","[-21.63913, 3025.41603, -25.636880000000005, -145.92259999999987]","[-21.721, 3015.79465, -0.3274799999999945, -38.485520000000214]","[-4.90578, 2974.45236, 67.26088, -165.36915999999837]","[13.41617, 2858.08832, 73.2878, -465.45616000000155]","[65.97277, 2703.93575, 210.22639999999998, -616.610279999999]","[179.03521, 2540.59796, 452.24976000000004, -653.3511600000002]","[364.69744, 2383.41709, 742.6489199999999, -628.7234800000006]","[535.05134, 2218.03202, 681.4156, -661.5402799999993]","[662.25422, 2002.49433, 508.8115200000002, -862.1507600000004]"
227,People,"[792.68573, 1744.87316, 521.72604, -1030.4846799999996]","[973.04679, 1548.41637, 721.4442399999998, -785.8271600000007]","[1206.27539, 1393.43401, 932.9144000000001, -619.9294399999999]","[1439.8985, 1220.61489, 934.49244, -691.2764799999995]","[1630.20872, 1007.03458, 761.2408800000003, -854.3212400000002]","[1830.16899, 791.75826, 799.8410799999992, -861.1052800000002]","[2064.38164, 610.04956, 936.8506000000007, -726.8347999999996]","[2325.91057, 427.701, 1046.1157199999998, -729.3942400000001]","[2573.66593, 223.35941, 991.0214400000013, -817.3663600000008]","[2801.24982, -2.57782, 910.3355599999995, -903.74892]","[3041.1237, -207.3585, 959.4955200000004, -819.12272]","[3296.6769, -359.73292, 1022.2127999999993, -609.49768]","[3583.45201, -532.21, 1147.1004400000002, -689.9083200000002]","[3847.89789, -750.03781, 1057.7835200000009, -871.31124]","[4111.62438, -991.93601, 1054.90596, -967.5927999999999]","[4365.8242, -1170.62969, 1016.7992799999993, -714.7747199999999]"
228,People,"[4647.51277, -1334.98264, 1126.754280000001, -657.4117999999999]","[4896.71309, -1517.04993, 996.8012799999997, -728.2691599999998]","[5095.96041, -1725.11123, 796.989279999998, -832.2452000000003]","[5273.54201, -1915.18862, 710.3264000000017, -760.3095599999997]","[5462.74527, -2027.07201, 756.8130400000009, -447.53356000000076]","[5646.33215, -2088.8377, 734.3475199999993, -247.0627599999998]","[5808.90054, -2160.94791, 650.2735599999978, -288.4408399999993]","[5945.14484, -2269.44577, 544.9772000000012, -433.9914399999998]","[6054.78449, -2361.2279, 438.5586000000007, -367.12852000000055]","[6092.97267, -2382.84056, 152.7527200000004, -86.45064000000093]","[6100.74039, -2382.61768, 31.070879999999306, 0.8915200000010373]","[6096.43126, -2378.02346, -17.236519999998563, 18.3768799999998]","[6095.9567, -2376.33734, -1.8982400000022608, 6.744479999999385]","[6092.59732, -2379.36305, -13.437519999999495, -12.10283999999956]","[6085.54593, -2382.4604, -28.205559999998513, -12.389400000000023]","[6077.03131, -2386.36273, -34.05847999999969, -15.60931999999957]"
229,People,"[5997.75852, -2393.48889, -317.09115999999995, -28.504640000001018]","[5950.82743, -2389.42444, -187.72436000000016, 16.257800000001225]","[5918.74523, -2385.59535, -128.32879999999932, 15.316359999998895]","[5895.30354, -2379.66126, -93.76676000000225, 23.736360000000786]","[5868.5414, -2389.43058, -107.04855999999927, -39.07728000000134]","[5881.22907, -2393.16531, 50.75068000000101, -14.938919999998689]","[5849.13217, -2364.27104, -128.38760000000184, 115.57707999999911]","[5722.38506, -2303.66321, -506.988440000001, 242.4313199999997]","[5577.12776, -2240.2164, -581.0291999999978, 253.7872400000017]","[5451.15398, -2149.11605, -503.89512000000104, 364.40139999999883]","[5323.74933, -2039.4246, -509.6186000000016, 438.7658000000001]","[5148.65641, -2001.7197, -700.3716800000002, 150.8195999999998]","[4907.32565, -2005.25755, -965.3230399999993, -14.15139999999974]","[4634.76092, -1969.43929, -1090.2589200000002, 143.27304000000004]","[4365.97011, -1860.92899, -1075.163239999998, 434.04119999999966]","[4069.26451, -1735.66991, -1186.822400000001, 501.03632000000016]"
230,People,"[3751.83376, -1684.91577, -1269.723, 203.01656000000003]","[3393.17339, -1656.52503, -1434.6414800000002, 113.5629600000002]","[3040.35512, -1573.86848, -1411.273079999999, 330.6261999999997]","[2691.26929, -1474.07225, -1396.34332, 399.1849200000006]","[2352.74074, -1407.03679, -1354.1142, 268.1418399999993]","[2029.56749, -1384.27325, -1292.6930000000011, 91.05416000000059]","[1715.3854, -1340.92881, -1256.72836, 173.3777599999994]","[1416.04871, -1231.63265, -1197.3467599999994, 437.1846400000004]","[1102.19891, -1108.62509, -1255.399200000001, 492.0302400000005]","[773.40987, -1033.61332, -1315.1561600000005, 300.0470800000003]","[431.27276, -977.30528, -1368.5484399999998, 225.23215999999957]","[108.24486, -878.14576, -1292.1116, 396.6380800000002]","[-228.23181, -756.3819, -1345.90668, 487.0554400000001]","[-572.78963, -682.62438, -1378.23128, 295.03008]","[-906.46913, -661.12579, -1334.7179999999998, 85.99435999999969]","[-1240.68991, -631.06682, -1336.8831200000004, 120.23588000000018]"
231,People,"[-1574.16818, -554.5333, -1333.9130799999994, 306.1340799999998]","[-1914.45404, -484.57546, -1361.1434400000007, 279.83136000000013]","[-2229.61653, -497.86702, -1260.6499599999988, -53.166240000000016]","[-2561.50565, -534.16583, -1327.556480000001, -145.19524]","[-2875.88394, -538.04369, -1257.5131600000004, -15.511439999999766]","[-3202.34013, -514.10924, -1305.8247599999995, 95.73779999999988]","[-3528.17239, -537.60636, -1303.3290400000005, -93.98847999999998]","[-3822.61587, -654.07641, -1177.7739199999996, -465.88020000000006]","[-4126.51701, -839.18423, -1215.604559999999, -740.4312800000005]","[-4393.59162, -964.00403, -1068.2984400000023, -499.27919999999995]","[-4432.812996744967, -985.173229161074, -156.88550697986648, -84.67679664429625]","[-4430.138821409396, -984.433714899329, 10.696701342283632, 2.9580570469802296]","[-4427.464646073825, -983.694200637584, 10.696701342283632, 2.958057046979775]","[-4424.790470738255, -982.954686375839, 10.696701342279994, 2.9580570469802296]","[-4422.116295402684, -982.215172114094, 10.696701342283632, 2.958057046979775]","[-4419.442120067114, -981.4756578523492, 10.696701342279994, 2.95805704697932]"
232,People,"[-4416.767944731543, -980.736143590604, 10.696701342283632, 2.9580570469806844]","[-4414.093769395973, -979.9966293288592, 10.696701342279994, 2.95805704697932]","[-4411.419594060402, -979.257115067114, 10.696701342283632, 2.9580570469806844]","[-4408.745418724832, -978.5176008053692, 10.696701342279994, 2.95805704697932]","[-4406.071243389261, -977.7780865436242, 10.696701342283632, 2.958057046979775]","[-4403.39706805369, -977.0385722818792, 10.696701342283632, 2.9580570469802296]","[-4278.93822, -839.38236, 497.83539221476167, 550.6248491275169]","[-4055.11039, -723.92022, 895.3113200000007, 461.8485599999999]","[-3878.96461, -658.98737, 704.58312, 259.7313999999999]","[-3780.656030526316, -614.3876884210526, 393.2343178947358, 178.39872631578965]","[-3671.51601344086, -570.1940158064516, 436.56006834182335, 176.77469045840417]","[-3493.6250241935486, -496.3085964516129, 711.5639569892464, 295.54167741935476]","[-3315.7340349462365, -422.4231770967742, 711.5639569892483, 295.54167741935476]","[-3137.843045698925, -348.5377577419355, 711.5639569892464, 295.541677419355]","[-2914.58916, -302.8488, 893.0155427956997, 182.75583096774199]","[-2660.40667, -262.90963, 1016.7299600000006, 159.75667999999996]"
233,People,"[-2466.92299, -273.67049, 773.9347199999993, -43.04343999999992]","[-2244.64508, -224.01609, 889.111640000001, 198.61759999999992]","[-1992.2472, -219.71148, 1009.591519999999, 17.218439999999987]","[-1739.38755, -177.77995, 1011.4386000000004, 167.72611999999992]","[-1467.25523, -81.73048, 1088.5292799999997, 384.19788000000005]","[-1166.63591, 50.16606, 1202.47728, 527.5861600000001]","[-862.90016, 199.06942, 1214.9429999999998, 595.6134400000001]","[-565.8005, 252.37797, 1188.39864, 213.2342]","[-292.075, 335.40188, 1094.9020000000012, 332.0956400000003]","[-1.77686, 427.65752, 1161.19256, 369.0225599999999]","[310.63854, 479.18348, 1249.6616, 206.10384]","[635.92957, 491.64621, 1301.1641200000001, 49.85092000000009]","[952.82268, 534.34045, 1267.57244, 170.77696000000014]","[1262.21349, 624.95843, 1237.5632400000004, 362.47191999999995]","[1576.41754, 714.63148, 1256.8161999999993, 358.69219999999996]","[1883.8685, 744.2558, 1229.8038400000005, 118.49728000000005]"
234,People,"[2194.71626, 752.64817, 1243.3910400000004, 33.56948000000011]","[2485.52609, 785.16105, 1163.2393199999988, 130.05151999999998]","[2785.60804, 837.59627, 1200.327800000001, 209.74087999999983]","[3075.53523, 864.06533, 1159.7087599999995, 105.87624000000005]","[3359.47051, 842.82382, 1135.7411200000006, -84.96604000000025]","[3638.70132, 828.91979, 1116.92324, -55.61611999999968]","[3888.33546, 859.20028, 998.5365599999986, 121.12195999999994]","[4139.08282, 918.52323, 1002.9894399999994, 237.29179999999997]","[4392.72855, 941.34687, 1014.5829200000016, 91.2945599999999]","[4628.75136, 914.38416, 944.0912400000016, -107.85084000000006]","[4857.77261, 891.01331, 916.0849999999991, -93.48339999999962]","[5071.28689, 893.77064, 854.0571200000013, 11.029319999999643]","[5281.88255, 932.45635, 842.3826399999998, 154.74284000000034]","[5491.49293, 951.05184, 838.4415200000003, 74.38195999999971]","[5696.98746, 973.72149, 821.9781199999998, 90.67860000000019]","[5849.56854, 1058.85488, 610.3243199999997, 340.5335600000003]"
235,People,"[5956.10339, 1261.1322, 426.1394, 809.1092799999997]","[6045.14673, 1498.47737, 356.1733600000007, 949.3806800000002]","[6111.7096, 1595.10794, 266.251479999999, 386.52228000000014]","[6127.74081, 1610.92769, 64.1248400000004, 63.27899999999954]","[6115.11693, 1559.28549, -50.4955200000004, -206.5688]","[6077.97978, 1423.73047, -148.5486000000019, -542.22008]","[6069.1889, 1311.47115, -35.16351999999824, -449.03727999999956]","[6062.29339, 1270.85411, -27.582040000001143, -162.46816000000035]","[6102.51179, 1368.04237, 160.87359999999913, 388.75303999999994]","[6162.86838, 1466.21778, 241.4263600000013, 392.7016400000002]","[6199.015, 1502.30468, 144.58648000000176, 144.34760000000006]","[6211.96974, 1539.38966, 51.81895999999688, 148.33992000000035]","[6213.59231, 1552.9891, 6.490280000001803, 54.397759999999835]","[6202.64437, 1567.16329, -43.79176000000007, 56.69675999999981]","[6171.83292, 1568.77256, -123.2458000000006, 6.437080000000606]","[6103.0984, 1522.22868, -274.9380799999999, -186.1755200000007]"
236,People,"[6030.94835, 1303.5549, -288.60020000000077, -874.6951199999994]","[5990.9249, 1112.15123, -160.09379999999874, -765.6146800000006]","[5886.07565, 966.47717, -419.39700000000084, -582.6962399999998]","[5749.12307, 866.69612, -547.8103200000005, -399.1242000000002]","[5588.27047, 801.86106, -643.410399999997, -259.34024]","[5408.43278, 760.72967, -719.3507600000012, -164.5255599999996]","[5227.48892, 674.11872, -723.7754400000013, -346.4438]","[5048.47913, 490.16665, -716.0391600000003, -735.8082800000002]","[4850.58258, 268.23674, -791.5861999999986, -887.7196400000008]","[4607.11945, 88.22574, -973.8525200000004, -720.044]","[4337.52165, -98.9969, -1078.3912000000018, -748.89056]","[4097.67095, -311.9602, -959.4027999999998, -851.8532]","[3880.27052, -551.06889, -869.6017199999987, -956.4347600000001]","[3651.58808, -765.32404, -914.7297600000002, -857.0205999999998]","[3389.01611, -964.88226, -1050.2878799999999, -798.23288]","[3124.07577, -1178.39594, -1059.7613600000004, -854.0547200000005]"
237,People,"[2910.90942, -1442.50911, -852.6653999999999, -1056.4526799999994]","[2729.53106, -1713.97685, -725.5134400000006, -1085.8709600000002]","[2528.5198, -1934.86591, -804.0450399999991, -883.5562399999999]","[2294.84251, -2130.04214, -934.7091600000003, -780.7049200000001]","[2078.99678, -2347.95051, -863.38292, -871.6334800000004]","[1894.82227, -2588.71735, -736.6980400000002, -963.0673599999991]","[1711.1136, -2801.42411, -734.8346799999999, -850.8270400000001]","[1507.18011, -2961.83583, -815.7339599999996, -641.6468800000002]","[1295.23291, -3091.55925, -847.7888000000011, -518.8936799999997]","[1113.82878, -3261.1715, -725.6165199999996, -678.4490000000005]","[896.47778, -3441.32043, -869.404, -720.5957200000012]","[809.01563, -3532.05769, -349.84860000000026, -362.9490399999995]","[819.97568, -3561.43868, 43.840200000000095, -117.52396000000044]","[871.58431, -3559.26155, 206.4345199999998, 8.708520000000135]","[918.88042, -3551.68265, 189.18444, 30.315599999999904]","[955.44725, -3543.40134, 146.26732000000038, 33.12524000000121]"
238,People,"[985.64465, -3535.95148, 120.78959999999961, 29.799439999998867]","[1007.25412, -3526.66999, 86.43787999999995, 37.125960000001214]","[1027.18046, -3512.90058, 79.70536000000038, 55.07763999999952]","[1048.43594, -3496.79057, 85.02192000000014, 64.4400399999995]","[1059.22922, -3480.64444, 43.17311999999947, 64.58452000000034]","[1056.57902, -3474.62932, -10.600800000000163, 24.060480000000098]","[1047.66708, -3474.82644, -35.647759999999835, -0.7884799999992538]","[1031.96748, -3477.24915, -62.798399999999674, -9.690840000001117]","[1010.13275, -3477.15906, -87.33892000000021, 0.360360000000583]","[937.61441, -3475.54148, -290.07335999999987, 6.470320000000356]","[972.81797, -3474.2605, 140.8142399999997, 5.123919999999998]","[998.26853, -3462.352, 101.80224000000044, 47.634000000000015]","[1072.45633, -3436.50679, 296.7511999999997, 103.38083999999981]","[1218.75901, -3377.19991, 585.21072, 237.22752000000037]","[1378.50068, -3274.64234, 638.9666800000005, 410.23027999999977]","[1496.75037, -3101.0267, 472.9987599999995, 694.4625599999999]"
239,People,"[1550.95926, -2847.8458, 216.83556000000044, 1012.7235999999994]","[1613.70804, -2570.73861, 250.9951199999996, 1108.4287600000007]","[1723.97921, -2277.72664, 441.08467999999993, 1172.04788]","[1813.56784, -1948.64293, 358.35451999999987, 1316.3348399999995]","[1816.67152, -1633.95264, 12.41472000000067, 1258.76116]","[1779.93614, -1295.68498, -146.9415200000003, 1353.07064]","[1797.20227, -949.69351, 69.0645199999999, 1383.9658800000002]","[1839.82282, -596.50589, 170.48220000000038, 1412.7504799999997]","[1827.09228, -271.53015, -50.92216000000012, 1299.9029600000013]","[1766.43557, 48.33579, -242.6268399999999, 1279.46376]","[1693.19875, 370.15405, -292.9472800000003, 1287.27304]","[1667.14123, 702.51198, -104.23008000000027, 1329.43172]","[1632.88499, 1017.98787, -137.02495999999974, 1261.9035600000002]","[1533.49546, 1282.49952, -397.5581199999997, 1058.0466000000001]","[1400.33464, 1543.63195, -532.6432800000002, 1044.5297199999995]","[1342.5047, 1814.19928, -231.31976000000031, 1082.2693200000003]"
240,People,"[1335.78891, 2114.35145, -26.86315999999988, 1200.6086800000003]","[1283.35689, 2366.93581, -209.72807999999986, 1010.3374399999993]","[1163.69635, 2558.84382, -478.64216000000033, 767.6320400000004]","[1024.08425, 2721.21546, -558.4483999999993, 649.4865599999994]","[936.82772, 2880.91231, -349.02612000000045, 638.7874000000011]","[906.67415, 3027.1511, -120.61427999999978, 584.9551599999995]","[873.84196, 3166.98788, -131.32876000000033, 559.3471200000004]","[838.56239, 3226.56545, -141.1182799999997, 238.3102799999997]","[827.16899, 3223.10776, -45.57360000000021, -13.83076000000075]","[820.756, 3206.90908, -25.651960000000145, -64.79471999999987]","[812.10818, 3188.85742, -34.5912800000001, -72.20664000000033]","[802.20879, 3175.43839, -39.5975599999997, -53.67612000000008]","[799.72533, 3161.20498, -9.933840000000146, -56.933639999999286]","[795.89682, 3153.5965, -15.31403999999975, -30.43391999999949]","[795.17375, 3150.14951, -2.892280000000028, -13.787959999999657]","[793.98853, 3152.13437, -4.740880000000288, 7.939440000000104]"
241,People,"[791.52448, 3155.98284, -9.856199999999717, 15.393879999999626]","[789.3557, 3155.02015, -8.675120000000334, -3.8507600000011735]","[783.12659, 3170.41612, -24.916439999999966, 61.583880000000136]","[782.66567, 3171.26778, -1.8436799999999494, 3.4066400000010617]","[780.88013, 3175.74444, -7.142159999999876, 17.906639999999243]","[777.93633, 3173.79858, -11.77520000000004, -7.783439999999246]","[771.43942, 3180.87598, -25.98763999999983, 28.30959999999868]","[775.57339, 3184.97903, 16.535879999999906, 16.412200000000666]","[773.41648, 3181.97729, -8.627640000000163, -12.006960000000628]","[765.91885, 3191.52218, -29.990519999999833, 38.17956000000049]","[760.67917, 3192.03186, -20.958720000000085, 2.038720000000467]","[713.66537, 3212.24947, -188.0551999999998, 80.8704400000006]","[698.17064, 3276.74631, -61.978920000000016, 257.98735999999917]","[698.3176, 3312.8581, 0.5878399999996873, 144.4471599999997]","[703.20127, 3326.70294, 19.534680000000208, 55.379360000000815]","[710.99387, 3332.80265, 31.170399999999972, 24.398839999999836]"
242,People,"[717.42824, 3337.40055, 25.737479999999778, 18.391599999999016]","[720.62861, 3338.27714, 12.801480000000083, 3.506360000001223]","[726.26525, 3333.74155, 22.546560000000227, -18.142359999999826]","[728.25507, 3330.48147, 7.959280000000035, -13.040320000000065]","[726.50729, 3314.6187, -6.991120000000137, -63.45108000000073]","[790.38264, 3240.75654, 255.5014000000001, -295.4486400000005]","[845.69499, 3207.2349, 221.2493999999997, -134.08655999999974]","[849.91933, 3202.7727, 16.897359999999935, -17.848799999999756]","[824.44805, 3205.86501, -101.88512, 12.369240000000001]","[826.0465, 3211.29575, 6.393800000000283, 21.722960000000967]","[872.25268, 3216.97965, 184.82472000000007, 22.735599999999977]","[952.32732, 3215.7057, 320.2985599999997, -5.095800000000963]","[1048.51055, 3202.62542, 384.7329199999999, -52.32112000000052]","[1141.7019, 3153.07956, 372.7654000000002, -198.18343999999888]","[1201.58137, 3064.48031, 239.51788000000033, -354.39700000000084]","[1219.43044, 2963.54704, 71.39627999999993, -403.73308]"
243,People,"[6165.44605, -2188.63459, 0.0, 0.0]","[6166.53935, -2207.62322, 4.373200000001816, -75.95451999999932]","[6169.05215, -2215.78994, 10.0512000000017, -32.666880000000674]","[6168.72457, -2217.08571, -1.3103200000005018, -5.183079999998881]","[6172.24455, -2217.06979, 14.07992000000013, 0.06367999999929452]","[6172.5703, -2222.32593, 1.3029999999998836, -21.024559999999838]","[6175.79605, -2230.72736, 12.902999999998428, -33.605719999999565]","[6182.71508, -2235.58464, 27.676120000000083, -19.429120000000694]","[6180.81277, -2242.46438, -7.6092400000015985, -27.51895999999945]","[6174.89631, -2242.56806, -23.665839999997843, -0.41472000000067055]","[6173.74292, -2226.8457, -4.613560000001598, 62.88944000000083]","[6186.0216, -2190.97166, 49.1147200000014, 143.49615999999878]","[6185.62499, -2178.60599, -1.5864399999991292, 49.462680000000546]","[6180.24888, -2183.43249, -21.504440000000614, -19.306000000000495]","[6169.54473, -2196.53348, -42.81660000000193, -52.40395999999964]","[6131.63023, -2151.59772, -151.65799999999945, 179.74303999999938]"
244,People,"[6084.95072, -2032.41436, -186.71803999999975, 476.7334400000009]","[6015.36408, -1873.19412, -278.34655999999814, 636.8809599999995]","[5934.03825, -1705.52314, -325.3033200000027, 670.6839200000004]","[5866.37928, -1711.24935, -270.635879999998, -22.90484000000015]","[5975.01472, -1802.111, 434.54176000000007, -363.4466000000002]","[6133.74609, -1961.87046, 634.9254799999981, -639.03784]","[6249.00505, -2086.21509, 461.03584000000046, -497.3785200000002]","[6285.12499, -2150.08433, 144.479760000002, -255.47695999999996]","[6284.11148, -2172.92785, -4.054040000002718, -91.37407999999968]","[6262.66287, -2195.285, -85.79443999999785, -89.42859999999928]","[6228.41959, -2206.88773, -136.97311999999874, -46.41092000000026]","[6137.09663, -2148.81984, -365.2918400000017, 232.27155999999923]","[5985.53596, -1972.99044, -606.2426799999994, 703.3176000000003]","[5829.7425, -1776.34061, -623.1738399999995, 786.5993200000003]","[5660.72606, -1616.89856, -676.0657600000013, 637.7681999999995]","[5466.26115, -1532.37894, -777.8596399999988, 338.0784800000001]"
245,People,"[5210.88539, -1503.71922, -1021.5030399999996, 114.63888000000043]","[4990.67478, -1420.16917, -880.8424400000004, 334.2002000000002]","[4788.04845, -1279.84789, -810.5053200000002, 561.2851199999996]","[4571.91828, -1141.45284, -864.5206800000014, 553.5802000000003]","[4305.77001, -1057.00896, -1064.5930799999987, 337.77552000000014]","[4038.42927, -966.46328, -1069.3629600000004, 362.18271999999934]","[3809.05316, -843.00842, -917.5044400000006, 493.8194400000002]","[3540.95211, -703.46553, -1072.404199999999, 558.1715600000002]","[3250.9063, -633.7504, -1160.1832400000014, 278.86051999999995]","[2917.0438, -585.37554, -1335.4500000000007, 193.49944000000005]","[2654.65692, -486.11121, -1049.54752, 397.0573199999999]","[2377.36235, -337.89227, -1109.17828, 592.8757600000001]","[2106.90817, -261.80207, -1081.816719999999, 304.3607999999999]","[1779.74249, -243.03032, -1308.6627200000003, 75.0870000000001]","[1470.25437, -192.64692, -1237.95248, 201.53359999999998]","[1154.40128, -115.91074, -1263.4123600000003, 306.94471999999996]"
246,People,"[851.22556, -100.33384, -1212.7028800000003, 62.307600000000036]","[556.37244, -195.37396, -1179.41248, -380.16048000000006]","[255.11036, -294.66661, -1205.0483199999999, -397.1705999999999]","[-70.78687, -354.36643, -1303.58892, -238.79927999999995]","[-385.17242, -441.96127, -1257.5421999999999, -350.37936000000013]","[-638.57465, -612.58521, -1013.6089200000001, -682.4957599999998]","[-901.9191, -834.62802, -1053.3777999999998, -888.1712400000001]","[-1155.22706, -971.12768, -1013.2318399999999, -545.9986400000003]","[-1421.77017, -1127.97695, -1066.1724400000012, -627.3970800000003]","[-1598.69764, -1333.59028, -707.7098800000003, -822.4533199999996]","[-1751.68818, -1606.7596, -611.96216, -1092.6772800000008]","[-1914.22408, -1811.80934, -650.1435999999994, -820.1989599999997]","[-2112.6988, -2002.04519, -793.8988800000006, -760.9434000000001]","[-2275.53032, -2198.31143, -651.3260799999989, -785.0649600000006]","[-2377.43145, -2437.63342, -407.6045200000008, -957.2879599999997]","[-2461.18522, -2643.34576, -335.0150799999992, -822.8493600000002]"
247,People,"[-2598.84375, -2836.65827, -550.6341199999968, -773.2500399999935]","[-2671.137468221709, -2949.6878341339493, -289.17487288683515, -452.1182565357976]","[-2661.4858400461894, -2956.939787944573, 38.60651270207745, -29.00781524249396]","[-2651.8342118706696, -2964.1917417551963, 38.60651270207927, -29.00781524249396]","[-2642.1825836951502, -2971.44369556582, 38.60651270207745, -29.00781524249396]","[-2632.5309555196304, -2978.695649376444, 38.60651270207927, -29.0078152424976]","[-2622.8793273441106, -2985.947603187067, 38.60651270207927, -29.007815242492143]","[-2613.2276991685912, -2993.1995569976907, 38.60651270207745, -29.00781524249396]","[-2603.5760709930714, -3000.451510808314, 38.60651270207931, -29.007815242493987]","[-2593.924442817552, -3007.7034646189377, 38.60651270207745, -29.00781524249396]","[-2584.272814642032, -3014.955418429561, 38.60651270208109, -29.00781524249396]","[-2574.621186466513, -3022.2073722401847, 38.606512702075634, -29.00781524249396]","[-2564.969558290993, -3029.459326050808, 38.60651270207927, -29.00781524249396]","[-2555.3179301154737, -3036.711279861432, 38.60651270207745, -29.00781524249578]","[-2545.666301939954, -3043.963233672056, 38.60651270207927, -29.00781524249578]","[-2536.0146737644345, -3051.215187482679, 38.60651270207745, -29.007815242492143]"
248,People,"[-2526.3630455889147, -3058.4671412933026, 38.60651270207927, -29.00781524249396]","[-2516.711417413395, -3065.719095103926, 38.60651270207927, -29.00781524249396]","[-2482.13698, -3045.81982, 138.29774965357865, 79.59710041570361]","[-2382.69012, -2968.70645, 397.78744000000006, 308.4534800000001]","[-2243.1853, -2938.32461, 558.0192800000004, 121.52736000000004]","[-2072.22974, -2953.15283, 683.8222399999995, -59.312879999999495]","[-1919.70385, -2937.26445, 610.1035600000005, 63.55351999999948]","[-1744.89664, -2819.96945, 699.2288400000007, 469.1800000000003]","[-1559.09799, -2678.66965, 743.1946000000005, 565.1992000000014]","[-1339.96423, -2595.22774, 876.5350399999998, 333.76764000000003]","[-1067.78527, -2523.39261, 1088.7158399999998, 287.34051999999974]","[-843.93203, -2385.75934, 895.4129600000001, 550.5330799999992]","[-605.41375, -2178.53743, 954.07312, 828.8876400000008]","[-361.10977, -2018.72759, 977.2159200000001, 639.2393599999996]","[-73.61279, -1876.09001, 1149.98792, 570.5503200000003]","[193.79471, -1708.06287, 1069.63, 672.1085599999997]"
249,People,"[411.71802, -1476.1999, 871.6932400000001, 927.4518799999996]","[628.10587, -1265.96639, 865.5513999999998, 840.9340400000001]","[883.06224, -1129.58613, 1019.82548, 545.5210400000005]","[1148.19908, -1009.31955, 1060.5473600000005, 481.06631999999945]","[1360.63699, -826.40725, 849.7516399999995, 731.6492000000003]","[1586.61799, -603.37398, 903.924, 892.1330800000001]","[1818.59181, -462.98904, 927.8952799999997, 561.5397599999999]","[2107.21024, -333.10379, 1154.47372, 519.5409999999999]","[2358.63668, -146.7002, 1005.7057600000016, 745.6143600000007]","[2599.80232, 101.8338, 964.6625599999988, 994.136]","[2840.07142, 284.33503, 961.0764000000017, 730.0049200000001]","[3126.64096, 414.07086, 1146.2781599999998, 518.9433199999999]","[3408.47164, 556.28726, 1127.3227200000001, 568.8655999999999]","[3644.0815, 749.13267, 942.4394399999983, 771.3816400000001]","[3886.81291, 940.07123, 970.9256400000013, 763.7542400000002]","[4143.94054, 1037.8368, 1028.510519999998, 391.0622800000001]"
250,People,"[4440.32036, 1135.42537, 1185.5192800000004, 390.35427999999956]","[4685.21288, 1283.40012, 979.5700800000013, 591.8990000000003]","[4925.30341, 1447.49152, 960.3621200000016, 656.3656000000001]","[5141.13444, 1510.1594, 863.3241199999975, 250.67151999999987]","[5375.02889, 1505.26593, 935.5777999999991, -19.573879999999917]","[5588.3289, 1528.29639, 853.2000400000034, 92.12183999999979]","[5800.48384, 1570.60689, 848.6197599999978, 169.2420000000002]","[5942.61092, 1541.10038, 568.5083200000008, -118.02603999999974]","[5985.33313, 1516.49747, 170.88883999999976, -98.41164000000035]","[6000.57827, 1513.7591, 60.98055999999997, -10.953480000000127]","[6008.67353, 1510.17578, 32.38104000000021, -14.333279999999831]","[6014.71018, 1501.88473, 24.146600000000035, -33.164200000000164]","[6017.94034, 1497.54343, 12.920640000000276, -17.365200000000186]","[6015.29317, 1492.26284, -10.58868000000075, -21.12235999999939]","[5997.692, 1492.74236, -70.40467999999964, 1.9180799999994633]","[5957.24563, 1504.20498, -161.78547999999864, 45.85048000000006]"
251,People,"[5921.7669, 1533.29128, -141.9149200000049, 116.3452000000014]","[5907.86381, 1561.26813, -55.61235999999917, 111.90740000000005]","[5905.07308, 1573.50967, -11.162919999998849, 48.966159999999945]","[5904.92336, 1581.63376, -0.5988800000013725, 32.496360000000095]","[5917.48653, 1586.55213, 50.25268000000142, 19.67348000000038]","[5955.03869, 1558.02096, 150.20864000000074, -114.1246799999999]","[6006.30566, 1522.82199, 205.0678799999987, -140.79588000000058]","[6028.78115, 1487.0134, 89.90195999999924, -143.23435999999947]","[6032.54884, 1459.56933, 15.070760000002352, -109.77628000000014]","[6025.94352, 1431.96471, -26.421280000002298, -110.41848000000027]","[6005.52251, 1443.93476, -81.6840400000001, 47.880200000000514]","[5922.42622, 1496.68513, -332.385159999998, 211.0014799999999]","[5791.92922, 1571.94652, -521.9880000000012, 301.04555999999957]","[5638.82554, 1639.76088, -612.4147200000007, 271.2574400000003]","[5483.22538, 1698.24947, -622.4006399999998, 233.95435999999972]","[5402.93579, 1712.76633, -321.15835999999763, 58.067439999999806]"
252,People,"[5387.38968, 1677.3444, -62.184440000000905, -141.6877199999999]","[5390.69453, 1616.03936, 13.219399999998132, -245.22015999999985]","[5354.02541, 1544.45225, -146.67647999999826, -286.34843999999975]","[5253.0751, 1502.98939, -403.8012400000007, -165.85144000000037]","[5091.7396, 1497.83412, -645.3420000000006, -20.621079999999893]","[4949.31406, 1490.75912, -569.7021600000007, -28.300000000000182]","[4828.95897, 1426.59986, -481.4203600000001, -256.6370399999996]","[4710.21002, 1296.33337, -474.99579999999696, -521.0659599999999]","[4593.21387, 1211.05942, -467.9846000000038, -341.09580000000034]","[4453.1245, 1183.72519, -560.3574799999988, -109.33691999999974]","[4285.96029, 1196.04128, -668.6568399999996, 49.264359999999215]","[4135.31856, 1172.08002, -602.5669200000011, -95.84503999999924]","[3987.71691, 1083.64143, -590.4065999999984, -353.7543600000008]","[3849.17493, 991.3312, -554.1679199999999, -369.24091999999973]","[3688.32095, 967.71537, -643.4159200000013, -94.46331999999984]","[3473.05915, 984.06299, -861.0471999999991, 65.39048000000003]"
253,People,"[3298.77722, 964.53891, -697.1277200000004, -78.0963200000001]","[3139.04437, 881.19896, -638.9313999999995, -333.3597999999997]","[2987.52892, 785.21395, -606.0617999999995, -383.9400400000004]","[2799.87805, 769.23602, -750.6034800000016, -63.911719999999605]","[2558.5483, 779.38916, -965.3189999999995, 40.612559999999576]","[2327.49116, 736.98741, -924.2285599999996, -169.60699999999997]","[2061.21495, 621.66792, -1065.10484, -461.2779599999999]","[1811.12535, 541.74623, -1000.3584000000001, -319.68676000000005]","[1522.6226, 525.81056, -1154.0110000000016, -63.74267999999989]","[1240.94306, 504.32999, -1126.7181599999994, -85.92228]","[976.779, 403.04566, -1056.6562400000003, -405.13732000000005]","[686.94654, 278.67682, -1159.3298399999999, -497.4753599999999]","[398.23682, 261.1887, -1154.83888, -69.95248000000015]","[79.0943, 261.60175, -1276.57008, 1.6521999999999935]","[-198.81775, 180.89441, -1111.6482, -322.82935999999995]","[-514.98746, 77.12189, -1264.6788400000003, -415.09008]"
254,People,"[-800.26623, 56.61953, -1141.1150799999996, -82.00943999999998]","[-1126.19624, 72.17899, -1303.7200400000002, 62.237840000000006]","[-1417.0443, 25.0135, -1163.3922400000001, -188.66196]","[-1722.02568, -82.73268, -1219.9255199999998, -430.98472000000004]","[-2005.88899, -139.04298, -1135.4532399999998, -225.2412]","[-2303.09387, -144.10812, -1188.819520000001, -20.260560000000055]","[-2595.52564, -175.53537, -1169.7270799999988, -125.70899999999995]","[-2863.87121, -272.73855, -1073.3822799999998, -388.8127199999999]","[-3125.9045, -369.9716, -1048.1331600000021, -388.93220000000053]","[-3371.49306, -398.41699, -982.3542399999988, -113.7815599999999]","[-3628.91955, -428.57125, -1029.7059600000011, -120.61704000000009]","[-3831.5418, -541.02314, -810.4889999999996, -449.80755999999997]","[-4007.10013, -684.31762, -702.2333199999994, -573.1779200000001]","[-4251.18548, -860.94203, -976.3414000000012, -706.49764]","[-4335.696633465347, -925.977426039604, -338.0446138613879, -260.14158415841575]","[-4340.99459200495, -930.0181073514852, -21.191834158413258, -16.16272524752503]"
255,People,"[-4346.292550544555, -934.0587886633664, -21.191834158416896, -16.162725247524577]","[-4351.590509084159, -938.0994699752476, -21.191834158416896, -16.16272524752503]","[-4356.888467623762, -942.1401512871288, -21.191834158413258, -16.162725247524577]","[-4362.186426163366, -946.18083259901, -21.191834158416896, -16.16272524752503]","[-4367.484384702971, -950.2215139108912, -21.191834158416896, -16.162725247524577]","[-4372.782343242574, -954.2621952227724, -21.191834158413258, -16.16272524752503]","[-4378.080301782178, -958.3028765346536, -21.191834158416896, -16.162725247524577]","[-4383.378260321782, -962.3435578465346, -21.191834158416896, -16.162725247524122]","[-4388.676218861386, -966.384239158416, -21.191834158413275, -16.1627252475255]","[-4393.97417740099, -970.424920470297, -21.191834158416896, -16.162725247524122]","[-4399.272135940594, -974.4656017821784, -21.191834158416896, -16.162725247525486]","[-4404.570094480197, -978.5062830940594, -21.191834158413258, -16.162725247524122]","[-4409.868053019802, -982.5469644059406, -21.191834158416896, -16.162725247524577]","[-4415.166011559406, -986.5876457178218, -21.191834158416896, -16.16272524752503]","[-4325.66418, -922.1473, 358.0073262376245, 257.7613828712874]","[-4182.438663870968, -753.5255822580646, 572.9020645161254, 674.4868709677417]"
256,People,"[-4097.72634, -638.31502, 338.849295483873, 460.8422490322582]","[-4073.64931, -619.62518, 96.30812000000151, 74.75936000000002]","[-4104.80504, -654.4934, -124.62292000000161, -139.4728799999998]","[-4082.51009, -677.16835, 89.17979999999989, -90.69980000000032]","[-3998.308, -636.89881, 336.8083600000009, 161.07816000000003]","[-3870.1858, -551.28454, 512.4887999999992, 342.45708000000013]","[-3712.31921, -523.73422, 631.4663600000003, 110.20127999999977]","[-3480.78663, -596.32979, 926.1303200000002, -290.3822799999998]","[-3256.24696, -664.16513, 898.1586800000013, -271.3413600000001]","[-3012.29938, -654.96603, 975.7903200000001, 36.79639999999972]","[-2746.73756, -626.01872, 1062.2472799999996, 115.78924000000006]","[-2525.09151, -676.64599, 886.5841999999993, -202.5090799999998]","[-2286.76746, -762.0037, 953.2962000000007, -341.43084]","[-2058.51508, -779.19145, 913.0095199999996, -68.7510000000002]","[-1788.11934, -734.25951, 1081.5829600000006, 179.72776000000022]","[-1557.38554, -726.73011, 922.9351999999999, 30.11760000000004]"
257,People,"[-1306.66708, -778.76517, 1002.8738400000002, -208.14024000000018]","[-1051.6224, -828.22774, 1020.1787199999999, -197.8502800000001]","[-796.20841, -810.04399, 1021.65596, 72.73500000000013]","[-546.37135, -766.12013, 999.3482399999998, 175.69543999999996]","[-336.48321, -802.08636, 839.5525600000001, -143.86491999999998]","[-76.82255, -882.55584, 1038.64264, -321.8779199999999]","[169.78981, -912.17576, 986.44944, -118.47967999999992]","[441.58359, -897.79346, 1087.17512, 57.529199999999946]","[690.23473, -912.21543, 994.6045600000009, -57.68788]","[921.01246, -986.04342, 923.1109200000001, -295.31196]","[1170.6862, -1071.45652, 998.6949600000003, -341.65239999999994]","[1413.77295, -1086.13807, 972.3469999999998, -58.72620000000006]","[1663.56399, -1067.13578, 999.1641600000003, 76.00915999999961]","[1870.19681, -1110.32862, 826.5312799999992, -172.77135999999973]","[2097.59249, -1202.79634, 909.5827200000003, -369.8708800000004]","[2323.92938, -1272.3625, 905.3475600000002, -278.2646399999994]"
258,People,"[2570.07821, -1272.99439, 984.5953200000004, -2.527560000000449]","[2792.4006, -1249.50314, 889.2895599999993, 93.96500000000015]","[3003.40143, -1284.01063, 844.0033199999998, -138.02995999999985]","[3217.98426, -1328.43119, 858.3313200000011, -177.6822400000001]","[3419.0784, -1307.71945, 804.3765599999988, 82.84695999999985]","[3617.25853, -1204.83455, 792.7205200000008, 411.53960000000006]","[3784.85666, -1146.72955, 670.3925199999994, 232.42000000000007]","[3963.77242, -1157.25417, 715.6630399999995, -42.098479999999654]","[4132.35775, -1188.99765, 674.3413200000019, -126.97392000000048]","[4334.80081, -1158.57845, 809.7722399999984, 121.67680000000018]","[4550.17804, -1078.71844, 861.5089200000002, 319.4400399999995]","[4730.31388, -1065.61183, 720.5433599999997, 52.426440000000184]","[4912.16764, -1125.59583, 727.4150399999999, -239.9359999999997]","[5065.12869, -1173.06712, 611.8441999999995, -189.88515999999981]","[5263.45143, -1177.46269, 793.2909600000021, -17.582280000000537]","[5445.08855, -1158.41377, 726.5484800000013, 76.19567999999981]"
259,People,"[5597.36558, -1255.81372, 609.1081199999799, -389.5997999999889]","[5736.48889, -1419.46422, 556.4932399999998, -654.6019999999999]","[5863.21569, -1539.36478, 506.90720000000147, -479.60224000000017]","[5998.89784, -1641.3625, 542.7285999999986, -407.9908799999994]","[6114.05333, -1834.7013, 460.6219600000004, -773.3552]","[6265.07062, -2112.6987, 604.0691600000027, -1111.9895999999999]","[6354.46435, -2254.09207, 357.5749199999991, -565.5734800000009]","[6397.80484, -2285.02094, 173.36195999999836, -123.71547999999893]","[6407.71561, -2306.58082, 39.64308000000168, -86.23952000000106]","[6390.63423, -2339.69564, -68.32552000000214, -132.45927999999913]","[6367.35087, -2362.33713, -93.13343999999779, -90.5659599999999]","[6350.38862, -2364.60041, -67.84900000000198, -9.05312000000049]","[6344.84546, -2368.65422, -22.172640000000683, -16.21523999999954]","[6361.4045, -2386.83595, 66.23616000000038, -72.72692000000097]","[6392.44284, -2408.56438, 124.15336000000025, -86.91371999999865]","[6394.49841, -2428.34937, 8.222280000001774, -79.13996000000043]"
260,People,"[6406.82002, -2429.42581, 49.28643999999986, -4.305760000001101]","[6426.35329, -2385.80054, 78.13307999999961, 174.50108]","[6398.41109, -2299.05212, -111.76880000000165, 346.9936800000014]","[6255.84749, -2098.02632, -570.254399999998, 804.1031999999996]","[6004.28765, -1894.03261, -1006.2393599999996, 815.9748399999999]","[5826.97702, -1801.03913, -709.2425199999998, 371.97392000000036]","[5766.27444, -1716.83498, -242.8103200000005, 336.8165999999992]","[5796.36565, -1631.41065, 120.36483999999837, 341.6973200000002]","[5811.45654, -1576.09961, 60.363560000001655, 221.2441600000004]","[5788.30146, -1608.12811, -92.62032000000181, -128.1140000000005]","[5728.3812, -1678.37855, -239.68103999999948, -281.0017599999992]","[5665.41479, -1727.03799, -251.86563999999998, -194.63776000000053]","[5629.14581, -1681.35307, -145.07591999999931, 182.7396800000006]","[5617.27888, -1514.65798, -47.467720000000554, 666.7803599999997]","[5625.0898, -1292.90027, 31.243679999999586, 887.0308399999994]","[5584.60714, -1157.34688, -161.93063999999868, 542.2135600000001]"
261,People,"[5449.73585, -1058.86884, -539.4851600000002, 393.91215999999986]","[5268.17037, -965.59652, -726.2619200000008, 373.08928000000014]","[5159.46188, -838.52438, -434.83395999999993, 508.2885600000004]","[5089.0242, -648.66276, -281.75072, 759.4464799999996]","[5007.07373, -463.46634, -327.8018799999991, 740.7856800000002]","[4860.42682, -312.34698, -586.5876400000016, 604.4774400000001]","[4680.46915, -169.05421, -719.8306799999991, 573.1710799999998]","[4561.12931, -4.87251, -477.35935999999856, 656.7268]","[4472.88159, 193.33704, -352.99088000000154, 792.8382000000007]","[4353.25012, 348.1726, -478.52588000000105, 619.34224]","[4146.96167, 462.88073, -825.1538, 458.83252000000016]","[3950.56377, 571.93875, -785.5915999999979, 436.23208]","[3783.96229, 715.0222, -666.4059200000011, 572.3337999999999]","[3619.90673, 884.69207, -656.2222399999991, 678.6794799999998]","[3440.29922, 967.5894, -718.4300400000011, 331.58932000000004]","[3229.27689, 1000.85919, -844.0893199999991, 133.07916000000023]"
262,People,"[3061.69161, 1058.1977, -670.341120000001, 229.3540399999997]","[2924.67652, 1162.84975, -548.0603599999995, 418.6082000000006]","[2809.5668, 1270.68609, -460.4388799999997, 431.34535999999935]","[2655.85419, 1314.09252, -614.8504400000002, 173.62572]","[2468.5831, 1297.69602, -749.0843600000007, -65.58599999999933]","[2316.69036, 1301.20734, -607.5709599999991, 14.045279999999366]","[2192.26571, 1347.57161, -497.6985999999997, 185.45708000000013]","[2080.14202, 1428.83689, -448.4947600000014, 325.0611200000003]","[1972.39271, 1450.13358, -430.9972399999992, 85.18675999999967]","[1852.92938, 1428.43263, -477.85332000000017, -86.80379999999968]","[1767.17791, 1445.30341, -343.0058799999997, 67.48311999999987]","[1710.37239, 1521.2084, -227.22208000000046, 303.61996]","[1665.43473, 1603.18645, -179.7506400000002, 327.91219999999976]","[1535.67196, 1688.75189, -519.0510800000002, 342.2617600000003]","[1328.11667, 1765.14006, -830.2211599999991, 305.5526799999998]","[1180.19195, 1863.6161, -591.6988800000008, 393.90416000000005]"
263,People,"[1052.27462, 2043.60695, -511.66931999999997, 719.9634000000005]","[935.18966, 2230.55182, -468.33983999999964, 747.7794800000001]","[774.8676, 2400.58047, -641.2882399999999, 680.114599999999]","[602.96911, 2557.11187, -687.5939600000002, 626.1256000000012]","[511.97872, 2725.08794, -363.96155999999996, 671.9042799999988]","[469.6018, 2922.36863, -169.50767999999994, 789.1227600000002]","[400.46117, 3121.64754, -276.5625200000002, 797.11564]","[311.25938, 3298.84781, -356.80715999999984, 708.8010800000011]","[268.6216, 3437.61822, -170.55112000000022, 555.081639999999]","[278.51972, 3531.1115, 39.59248000000002, 373.97312000000056]","[282.8008, 3566.48698, 17.124319999999898, 141.5019200000006]","[292.28197, 3572.68268, 37.92468000000008, 24.782799999999042]","[298.55197, 3582.5314, 25.079999999999927, 39.39487999999983]","[307.60571, 3585.83354, 36.21496000000002, 13.208560000000944]","[319.23139, 3577.87337, 46.502719999999954, -31.840680000001157]","[331.23904, 3573.25864, 48.03060000000005, -18.458919999999125]"
264,People,"[344.2334, 3568.73559, 51.977440000000115, -18.092200000000958]","[350.26033, 3561.7533, 24.107719999999972, -27.929159999999683]","[337.59431, 3512.56498, -50.66408000000001, -196.753279999999]","[354.95433, 3456.47285, 69.44008000000008, -224.36852]","[400.40371, 3441.19157, 181.79751999999985, -61.12512000000061]","[403.40997, 3397.84476, 12.02503999999999, -173.38724000000002]","[386.137, 3327.28063, -69.09187999999995, -282.256519999999]","[383.94274, 3273.52893, -8.777039999999943, -215.00680000000102]","[393.78834, 3151.79352, 39.3824, -486.94163999999955]","[418.46549, 2960.56095, 98.70859999999993, -764.9302800000005]","[420.36873, 2802.76149, 7.612960000000157, -631.1978400000007]","[318.50168, 2640.76687, -407.4682, -647.9784799999998]","[200.65959, 2467.99052, -471.36836000000005, -691.1054000000004]","[172.55863, 2266.27375, -112.40384000000006, -806.86708]","[198.81638, 2019.72335, 105.03100000000006, -986.2015999999994]","[170.30834, 1813.59594, -114.03216000000009, -824.5096400000002]"
265,People,"[80.20386, 1584.02411, -360.4179199999999, -918.2873199999995]","[10.69114, 1353.62086, -278.05088, -921.6130000000003]","[-30.61618, 1097.22591, -165.22928000000002, -1025.5797999999995]","[-87.20742, 877.4819, -226.36496, -878.9760400000005]","[-206.5131, 750.52192, -477.22272000000004, -507.8399199999999]","[-379.55745, 649.64063, -692.1774, -403.52516000000014]","[-493.00682, 535.10585, -453.79747999999995, -458.1391199999998]","[-558.831, 431.75159, -263.29672000000005, -413.41704000000004]","[-597.34474, 435.20624, -154.05496000000008, 13.818599999999845]","[-646.21249, 480.42964, -195.471, 180.8936000000001]","[-766.71433, 500.73875, -482.00736000000006, 81.2364399999999]","[-898.91786, 521.43332, -528.81412, 82.77828]","[-949.16978, 523.4922, -201.0076799999997, 8.235520000000179]","[-964.28984, 494.96107, -60.48024000000032, -114.12452000000008]","[-962.70191, 421.62465, 6.351720000000114, -293.34568000000013]","[-916.44885, 374.46527, 185.01224000000002, -188.63752]"
266,People,"[-911.24054, 363.78472, 20.833239999999932, -42.72219999999993]","[-950.01906, 385.28905, -155.11407999999983, 86.01731999999993]","[-957.99255, 402.99529, -31.893960000000334, 70.82496000000015]","[-960.6473, 409.7327, -10.618999999999687, 26.949640000000045]","[-961.46358, 412.28116, -3.2651200000000244, 10.19383999999991]","[-963.84498, 412.98482, -9.52559999999994, 2.814640000000054]","[-962.44204, 412.96866, 5.6117599999997765, -0.06464000000005399]","[-964.10094, 409.22707, -6.635600000000068, -14.966359999999895]","[-964.70323, 409.00149, -2.4091599999997038, -0.902320000000146]","[-964.42698, 407.83321, 1.1050000000000182, -4.673119999999926]","[-959.63384, 399.02245, 19.172559999999976, -35.243040000000065]","[-955.07168, 381.56013, 18.248639999999796, -69.84927999999991]","[-946.9398, 375.01436, 32.527520000000095, -26.183080000000018]","[-943.29285, 368.77934, 14.587799999999788, -24.94008000000008]","[-942.95245, 366.75503, 1.3616000000001804, -8.097240000000056]","[-947.23132, 359.03816, -17.115479999999934, -30.867479999999887]"
267,People,"[-965.80437, 319.74774, -74.29219999999987, -157.16167999999993]","[-998.45158, 280.74725, -130.58884000000035, -156.00196000000005]","[-1005.57486, 290.47313, -28.493119999999635, 38.90352000000007]","[-992.06082, 297.03447, 54.056159999999636, 26.24535999999989]","[-993.8694, 210.83411, -7.234320000000025, -344.80143999999996]","[-962.43939, 115.34866, 125.72004000000015, -381.94180000000006]","[-886.12165, 63.24661, 305.27095999999983, -208.4082]","[-769.70647, 91.48209, 465.6607200000003, 112.94192000000001]","[-644.47466, 184.32983, 500.92724000000044, 371.3909600000003]","[-542.91387, 227.38198, 406.24316, 172.20860000000005]","[-463.49906, 221.21828, 317.65923999999995, -24.654800000000023]","[-387.3163, 161.5972, 304.7310399999999, -238.48432000000003]","[-314.44473, 115.54316, 291.4862800000001, -184.21615999999995]","[-285.29125, 100.40312, 116.61392000000001, -60.560159999999996]","[-227.41207, 107.408, 231.51671999999996, 28.01952]","[-160.35628, 159.27224, 268.22316, 207.45696000000004]"
268,People,"[-126.28649, 259.28113, 136.27916, 400.03556000000003]","[-74.80594, 335.12815, 205.92219999999998, 303.38807999999995]","[20.66518, 367.41271, 381.88448000000005, 129.13824]","[135.71013, 368.57906, 460.1798, 4.665400000000091]","[271.50739, 433.7528, 543.18904, 260.6949599999998]","[355.63439, 516.97103, 336.50800000000004, 332.87292000000025]","[401.05531, 641.50631, 181.6836800000001, 498.1411199999998]","[432.70916, 737.49098, 126.61539999999991, 383.9386800000002]","[459.21837, 784.4569, 106.03684000000008, 187.8636800000001]","[525.91955, 795.50515, 266.80471999999986, 44.192999999999756]","[620.24763, 753.74873, 377.31232, -167.02567999999974]","[694.79601, 704.18664, 298.19352000000026, -198.24836000000005]","[736.36078, 692.83767, 166.2590799999998, -45.395880000000034]","[768.2912, 761.14902, 127.7216800000001, 273.2453999999998]","[772.81539, 838.75829, 18.096759999999904, 310.43708000000015]","[786.29648, 863.20208, 53.92435999999998, 97.77516000000014]"
269,People,"[838.15862, 879.42835, 207.44856000000027, 64.90508]","[894.1518, 889.65268, 223.97271999999975, 40.897320000000036]","[939.18454, 897.91161, 180.13095999999996, 33.035719999999856]","[961.35261, 888.02388, 88.67228000000023, -39.55092000000013]","[906.63346, 894.28993, -218.87660000000005, 25.064200000000255]","[822.54413, 940.32158, -336.3573200000001, 184.12660000000005]","[769.00722, 953.02265, -214.14764000000014, 50.804279999999835]","[742.32023, 947.0801, -106.7479599999997, -23.77019999999993]","[740.65013, 930.6566, -6.680400000000197, -65.69400000000002]","[795.36983, 939.15431, 218.87879999999996, 33.990839999999935]","[904.13589, 913.7347, 435.06424000000015, -101.67844000000014]","[1009.01631, 891.21991, 419.52167999999983, -90.05915999999979]","[1062.52877, 891.58872, 214.04983999999968, 1.4752399999997579]","[1104.26936, 923.47958, 166.96236000000044, 127.56344000000036]","[1142.83302, 1016.64466, 154.2546400000001, 372.66031999999996]","[1169.78973, 1156.46317, 107.82683999999972, 559.2740399999998]"
270,People,"[1196.15205, 1263.10825, 105.44927999999982, 426.58032000000003]","[1256.33982, 1314.5584, 240.75108, 205.80059999999958]","[1366.75635, 1294.21486, 441.6661200000008, -81.37415999999939]","[1499.7307, 1277.58411, 531.8973999999998, -66.52300000000014]","[1614.98334, 1318.04887, 461.0105599999997, 161.85904000000028]","[1760.7267, 1403.44131, 582.9734399999998, 341.5697599999994]","[1913.41516, 1462.49025, 610.7538400000003, 236.19576000000052]","[2073.54153, 1433.16099, 640.5054799999998, -117.3170399999999]","[2252.49394, 1353.28086, 715.8096400000002, -319.5205200000003]","[2386.30129, 1306.16633, 535.2294000000002, -188.45812000000024]","[2513.96798, 1306.21595, 510.66676000000007, 0.19848000000001775]","[2614.12198, 1352.84664, 400.616, 186.52275999999983]","[2679.76558, 1324.32215, 262.57440000000133, -114.09796000000006]","[2778.86091, 1237.741, 396.3813199999986, -346.3245999999999]","[2899.10143, 1179.69207, 480.96208000000115, -232.1957199999997]","[2992.91772, 1202.72047, 375.265159999999, 92.11359999999968]"
271,People,"[3049.84733, 1298.98087, 227.71844000000056, 385.04160000000047]","[3080.36564, 1396.50517, 122.07323999999971, 390.09719999999925]","[3107.22853, 1431.42045, 107.45155999999952, 139.66112000000066]","[3156.39997, 1439.58041, 196.6857600000003, 32.63983999999982]","[3174.42366, 1432.72651, 72.09475999999995, -27.415600000000268]","[3111.23024, 1422.66551, -252.77368000000024, -40.24399999999969]","[3006.2502, 1459.20555, -419.92015999999967, 146.16015999999945]","[2920.68903, 1489.8941, -342.2446799999998, 122.75420000000031]","[2873.54844, 1504.90747, -188.56236000000007, 60.05348000000055]","[2870.80846, 1536.90213, -10.959919999999329, 127.97863999999936]","[2936.60976, 1579.31283, 263.2051999999985, 169.64280000000053]","[3057.77414, 1566.10291, 484.65752000000066, -52.839680000000044]","[3189.38606, 1557.69819, 526.4476799999993, -33.61887999999999]","[3317.70554, 1589.50721, 513.2779200000004, 127.23607999999967]","[3450.54804, 1678.63168, 531.3700000000008, 356.4978799999999]","[3561.22029, 1760.50727, 442.6890000000003, 327.5023600000004]"
272,People,"[3694.84016, 1759.09391, 534.47948, -5.653440000000046]","[3869.48454, 1715.17899, 698.5775199999989, -175.65967999999975]","[4016.83096, 1691.9189, 589.3856799999994, -93.04036000000087]","[4178.31591, 1715.01381, 645.9398000000019, 92.37964000000011]","[4353.8185, 1772.4853, 702.0103600000002, 229.88596000000052]","[4498.28767, 1763.21969, 577.8766799999976, -37.062440000000606]","[4672.08908, 1704.25542, 695.2056400000001, -235.85707999999977]","[4811.32542, 1634.54965, 556.9453600000015, -278.8230800000001]","[4918.84062, 1622.91591, 430.0607999999997, -46.53496]","[5043.61651, 1661.88232, 499.10355999999956, 155.86563999999998]","[5152.68323, 1678.07433, 436.2668799999992, 64.76803999999993]","[5262.84974, 1682.95439, 440.66604000000007, 19.52024000000074]","[5353.52678, 1638.88429, 362.70816000000195, -176.28040000000055]","[5467.68749, 1579.09204, 456.64284000000043, -239.16899999999987]","[5569.4654, 1572.36446, 407.11163999999917, -26.910319999999956]","[5608.361, 1615.61981, 155.58239999999932, 173.02139999999963]"
273,People,"[5686.0141, 1586.50808, 310.6124000000018, -116.44691999999941]","[5871.59024, 1459.04381, 742.3045600000005, -509.8570800000007]","[6037.00102, 1362.98725, 661.643119999997, -384.22623999999996]","[6132.76899, 1320.69361, 383.0718799999995, -169.17455999999947]","[6173.06406, 1310.60054, 161.1802800000005, -40.3722800000005]","[6193.09359, 1308.35811, 80.11812000000282, -8.969720000000052]","[6206.24757, 1314.30046, 52.61592000000019, 23.769400000000132]","[6213.38974, 1318.32724, 28.568679999996675, 16.107120000000577]","[6218.79907, 1326.3802, 21.637320000001655, 32.21183999999997]","[6225.01154, 1351.36168, 24.849880000001576, 99.92591999999968]","[6225.98952, 1368.1456, 3.911919999998645, 67.13568000000032]","[6215.98245, 1389.16283, -40.02827999999863, 84.06891999999971]","[6119.152, 1457.56683, -387.32180000000153, 273.616]","[6005.77605, 1536.78491, -453.5037999999986, 316.8723200000004]","[5963.78602, 1595.89332, -167.96012000000337, 236.4336399999993]","[5961.84453, 1628.92054, -7.765959999996994, 132.10888000000068]"
274,People,"[5965.44992, 1616.62101, 14.421559999998863, -49.19812000000002]","[5956.58729, 1587.51531, -35.450519999998505, -116.42280000000028]","[5937.20422, 1581.70998, -77.53228000000308, -23.22131999999965]","[5943.89439, 1568.00484, 26.76068000000305, -54.820560000000114]","[5965.14985, 1566.34228, 85.02183999999761, -6.65023999999994]","[5912.89253, 1566.38853, -209.02927999999883, 0.18499999999949068]","[5798.62765, 1567.32648, -457.0595199999989, 3.751800000000003]","[5722.63198, 1578.93663, -303.982680000001, 46.440599999999904]","[5691.89574, 1581.81053, -122.94496000000083, 11.495600000000206]","[5676.42477, 1585.43704, -61.88388000000123, 14.506040000000212]","[5667.76762, 1579.31374, -34.628600000000006, -24.493199999999888]","[5672.32994, 1577.89049, 18.24928, -5.693000000000211]","[5757.38988, 1536.085838888889, 340.2397600000004, -167.21860444444428]","[5897.49609, 1472.64157, 560.4248399999997, -253.7770755555557]","[6021.52896, 1426.35156, 496.13148, -185.16003999999975]","[6090.20454, 1415.4778, 274.7023200000003, -43.4950400000007]"
275,People,"[6137.65844, 1441.97101, 189.81560000001252, 105.97284000000639]","[6194.5729, 1473.51579, 227.65783999999985, 126.17911999999978]","[6213.35396, 1464.78009, 75.12424000000101, -34.94279999999981]","[6225.47335, 1458.55486, 48.47755999999936, -24.900920000000042]","[6236.0422, 1469.12095, 42.275399999998626, 42.264360000000124]","[6212.97604, 1505.66769, -92.26464000000124, 146.18696]","[6068.89776, 1562.51124, -576.3131199999989, 227.3742000000002]","[5844.95371, 1558.18321, -895.7762000000002, -17.312120000000505]","[5647.32239, 1500.61553, -790.5252799999987, -230.27071999999973]","[5534.15556, 1472.05469, -452.6673200000005, -114.2433600000004]","[5478.86453, 1524.64788, -221.16412000000128, 210.3727600000002]","[5452.69838, 1606.85135, -104.66460000000006, 328.8138799999997]","[5369.64165, 1594.48106, -332.226920000001, -49.48115999999936]","[5179.46686, 1479.97403, -760.6991599999965, -458.02811999999994]","[4970.22875, 1393.76887, -836.9524400000009, -344.8206399999999]","[4746.32427, 1382.07101, -895.6179200000006, -46.791440000000875]"
276,People,"[4489.62793, 1382.57236, -1026.7853600000017, 2.0054000000000087]","[4243.68844, 1301.02155, -983.757959999999, -326.2032399999998]","[3959.57485, 1166.99591, -1136.4543599999997, -536.1025599999994]","[3673.57182, 1134.14865, -1144.0121199999994, -131.38904000000002]","[3334.20441, 1125.46756, -1357.4696400000012, -34.72436000000016]","[3039.18319, 1048.53963, -1180.0848799999985, -307.71172000000024]","[2702.2113, 924.57267, -1347.887560000001, -495.8678399999999]","[2404.33503, 890.08141, -1191.505079999999, -137.96504000000004]","[2067.31781, 905.92257, -1348.0688800000019, 63.36463999999984]","[1771.24513, 863.51301, -1184.29072, -169.63823999999977]","[1443.11856, 742.98561, -1312.5062800000005, -482.1096000000002]","[1123.1886, 682.72078, -1279.7198399999997, -241.05931999999984]","[792.90129, 684.62234, -1321.1492399999997, 7.606240000000071]","[473.37231, 654.60352, -1278.11592, -120.07528000000002]","[150.02475, 536.68478, -1293.3902400000002, -471.6749599999998]","[-158.02588, 437.60221, -1232.20252, -396.33028000000013]"
277,People,"[-462.74842, 423.73916, -1218.89016, -55.45219999999995]","[-771.88958, 394.43356, -1236.56464, -117.2224000000001]","[-1059.80258, 285.57703, -1151.652, -435.4261200000001]","[-1349.40289, 157.32356, -1158.4012400000001, -513.01388]","[-1611.93426, 133.17974, -1050.1254799999997, -96.5752799999999]","[-1918.03181, 122.6551, -1224.3901999999998, -42.09856000000002]","[-2186.39046, 35.67143, -1073.4346000000005, -347.93468]","[-2473.52935, -113.40869, -1148.5555599999989, -596.3204800000001]","[-2726.19694, -200.17555, -1010.670360000001, -347.0674400000002]","[-2995.81056, -233.7115, -1078.4544800000003, -134.14380000000006]","[-3251.27219, -281.13765, -1021.846520000001, -189.70460000000003]","[-3461.03411, -402.07672, -839.0476799999997, -483.75628000000006]","[-3647.22893, -579.31297, -744.7792800000007, -708.9449999999997]","[-3831.78998, -685.36901, -738.2441999999992, -424.2241600000002]","[-4074.74798, -806.49047, -971.8320000000003, -484.4858399999998]","[-4330.05473, -958.73734, -1021.226999999999, -608.9874800000002]"
278,People,"[-4338.142104624278, -993.8547024277456, -32.3494984971112, -140.4694497109822]","[-4306.870610404624, -1008.0236554624278, 125.08597687861402, -56.675812138728816]","[-4275.599116184972, -1022.19260849711, 125.08597687860674, -56.675812138728816]","[-4244.327621965318, -1036.361561531792, 125.08597687861766, -56.675812138727906]","[-4213.0561277456645, -1050.530514566474, 125.08597687861402, -56.67581213872836]","[-4181.784633526012, -1064.699467601156, 125.08597687861038, -56.67581213872745]","[-4150.513139306358, -1078.8684206358382, 125.08597687861402, -56.67581213872927]","[-4119.241645086706, -1093.0373736705203, 125.08597687861038, -56.67581213872836]","[-4087.970150867052, -1107.2063267052024, 125.08597687861595, -56.67581213872841]","[-4056.698656647399, -1121.3752797398845, 125.0859768786122, -56.67581213872836]","[-4025.4271624277458, -1135.5442327745666, 125.0859768786122, -56.67581213872836]","[-3994.1556682080927, -1149.713185809249, 125.0859768786122, -56.67581213872927]","[-3962.884173988439, -1163.8821388439308, 125.08597687861402, -56.67581213872745]","[-3931.612679768786, -1178.0510918786129, 125.0859768786122, -56.67581213872836]","[-3778.96599, -1176.97734, 610.5867590751441, 4.295007514451754]","[-3627.73182, -1271.33574, 604.9366800000007, -377.4336000000003]"
279,People,"[-3466.9937, -1400.6768, 642.9524799999999, -517.3642399999999]","[-3262.10397, -1444.44685, 819.5589199999995, -175.08020000000033]","[-3002.06344, -1453.07288, 1040.1621200000009, -34.5041199999996]","[-2786.90172, -1520.94518, 860.6468800000002, -271.4892]","[-2533.20988, -1617.03373, 1014.7673599999998, -384.3542000000007]","[-2311.25751, -1644.0098, 887.8094799999999, -107.90427999999974]","[-2062.21687, -1594.92137, 996.1625599999988, 196.35372000000007]","[-1816.87598, -1564.15449, 981.3635600000007, 123.06752000000051]","[-1547.18858, -1592.58598, 1078.749600000001, -113.72596000000077]","[-1267.86475, -1621.89784, 1117.2953200000002, -117.2474400000001]","[-1018.05159, -1567.92219, 999.2526399999997, 215.90260000000035]","[-746.00322, -1460.87769, 1088.19348, 428.1779999999999]","[-488.60702, -1438.29529, 1029.5848000000003, 90.32960000000003]","[-194.17028, -1441.49276, 1177.74696, -12.789880000000267]","[78.4029, -1380.66528, 1090.29272, 243.3099200000006]","[367.23999, -1243.09098, 1155.34836, 550.2972]"
280,People,"[625.25294, -1154.57206, 1032.0518, 354.0756799999999]","[911.39944, -1122.48084, 1144.5860000000002, 128.36488000000008]","[1193.45069, -1080.23257, 1128.2049999999995, 168.9930800000002]","[1453.7162, -948.44251, 1041.0620400000007, 527.1602399999997]","[1711.75033, -799.95408, 1032.13652, 593.95372]","[1961.2134, -733.3181, 997.8522800000001, 266.54392000000007]","[2264.10526, -680.70186, 1211.567439999999, 210.4649599999998]","[2534.43685, -561.73103, 1081.326360000001, 475.8833199999999]","[2806.80987, -389.31329, 1089.492080000001, 689.6709600000007]","[3063.81177, -282.85465, 1028.007599999999, 425.83456]","[3351.58528, -224.95853, 1151.09404, 231.58447999999999]","[3641.91461, -143.05792, 1161.31732, 327.60244]","[3917.23351, 19.79198, 1101.2756000000008, 651.3996]","[4171.308, 179.94745, 1016.2979599999999, 640.62188]","[4412.37782, 263.30179, 964.2792799999988, 333.4173599999999]","[4681.23332, 346.08738, 1075.4220000000023, 331.14236000000005]"
281,People,"[4878.64085, 480.33245, 789.630119999998, 536.98028]","[5033.59668, 659.97287, 619.8233199999995, 718.5616799999998]","[5190.82502, 780.28599, 628.9133600000023, 481.2524800000001]","[5368.28564, 862.92122, 709.8424799999993, 330.5409199999999]","[5508.0551, 971.32254, 559.0778399999981, 433.6052800000002]","[5588.77493, 1121.08849, 322.87932, 599.0638000000004]","[5677.30076, 1249.35139, 354.103320000002, 513.0515999999998]","[5866.45484, 1348.46024, 756.616320000001, 396.4354000000003]","[6072.200714705882, 1423.0951311764709, 822.9834988235277, 298.5395647058834]","[6151.39601, 1471.4377, 316.7811811764732, 193.37027529411625]","[6149.81137, 1486.58562, -6.338560000000143, 60.59168000000045]","[6105.78207, 1494.61207, -176.1172000000006, 32.10579999999936]","[6055.23236, 1488.89955, -202.19884000000093, -22.850079999999252]","[6041.318723492063, 1473.8793771428573, -55.65454603174658, -60.0806914285713]","[6030.011977460317, 1459.9498057142855, -45.22698412698446, -55.71828571428705]","[6038.96962, 1441.75177, 35.83057015873055, -72.7921428571417]"
282,People,"[6110.82825, 1422.50403, 287.4345199999989, -76.99096000000009]","[6180.71611, 1425.83165, 279.5514400000029, 13.310480000000098]","[6240.48149, 1420.34755, 239.0615199999993, -21.936400000000503]","[6264.02427, 1418.60314, 94.17111999999906, -6.977640000000065]","[6282.263982631579, 1415.4680231578948, 72.95885052631638, -12.54046736842065]","[6273.337436578948, 1437.258042894737, -35.70618421052495, 87.16007894736867]","[6208.40452, 1474.26414, -259.7316663157908, 148.0243884210522]","[6029.84473, 1503.67237, -714.239160000001, 117.63292000000001]","[5847.35499, 1495.47441, -729.9589600000006, -32.791839999999894]","[5717.04743, 1475.54644, -521.2302400000008, -79.71187999999984]","[5644.36905, 1490.4816, -290.7135199999975, 59.740639999999985]","[5595.45924, 1542.07824, -195.63924000000043, 206.38655999999992]","[5543.45765, 1536.16635, -208.0063599999994, -23.64756000000034]","[5431.90075, 1408.70314, -446.227600000002, -509.85283999999956]","[5279.00575, 1224.54852, -611.5799999999981, -736.6184800000001]","[5125.34913, 1112.6821, -614.6264800000026, -447.46568000000025]"
283,People,"[4901.8037, 1031.84916, -894.1817199999969, -323.33176000000003]","[4685.19088, 943.41265, -866.4512800000011, -353.74604]","[4521.18253, 793.06684, -656.0334000000003, -601.3832400000001]","[4361.43845, 603.63789, -638.9763200000016, -757.7158]","[4172.69946, 489.99543, -754.9559599999993, -454.5698399999999]","[3930.10511, 406.32286, -970.3773999999994, -334.69028000000003]","[3752.13174, 305.05703, -711.8934800000006, -405.06332]","[3595.22304, 129.82579, -627.6347999999998, -700.9249599999999]","[3447.21753, -43.91838, -592.0220400000004, -694.9766800000006]","[3257.86865, -163.87489, -757.39552, -479.82604]","[3051.75504, -265.95794, -824.4544399999995, -408.33220000000006]","[2907.67069, -409.92194, -576.3374000000003, -575.856]","[2770.35619, -630.63207, -549.2579999999998, -882.84052]","[2622.68112, -794.6935, -590.7002799999991, -656.2457199999999]","[2429.49661, -940.16162, -772.7380400000002, -581.87248]","[2235.96408, -1081.34955, -774.1301199999998, -564.7517199999998]"
284,People,"[2102.69699, -1270.36827, -533.0683600000011, -756.0748800000001]","[1989.64075, -1506.54958, -452.22495999999956, -944.7252400000007]","[1829.81607, -1688.94521, -639.2987199999998, -729.5825199999999]","[1623.78659, -1865.62196, -824.1179200000006, -706.7069999999994]","[1485.42973, -2037.98665, -553.4274399999995, -689.4587600000004]","[1393.5354, -2244.62265, -367.5773200000003, -826.543999999999]","[1274.52307, -2448.69771, -476.0493200000001, -816.3002400000005]","[1104.46168, -2613.47454, -680.2455600000003, -659.107320000001]","[912.55073, -2796.45241, -767.6438, -731.9114799999995]","[783.78298, -3019.48475, -515.0710000000004, -892.1293600000008]","[655.67131, -3306.4653, -512.44668, -1147.922199999999]","[537.78209, -3504.66424, -471.55687999999964, -792.7957600000009]","[467.86447, -3577.0095, -279.6704800000002, -289.3810400000002]","[422.65438, -3603.33607, -180.84035999999992, -105.30627999999888]","[396.89998, -3598.45292, -103.0175999999999, 19.532599999998638]","[385.89206, -3594.80836, -44.03168000000005, 14.578240000000733]"
285,People,"[381.62016, -3595.5498, -17.087600000000066, -2.965759999999136]","[350.74102, -3587.39453, -123.51656000000003, 32.62107999999898]","[340.44209, -3601.6926, -41.19571999999994, -57.1922799999993]","[344.29553, -3613.55319, 15.413759999999911, -47.44236000000092]","[341.03898, -3617.36033, -13.026200000000017, -15.228559999999561]","[339.80585, -3623.05749, -4.93251999999984, -22.78864000000067]","[342.75923, -3624.98635, 11.813519999999926, -7.715439999999944]","[350.04299, -3616.41019, 29.13503999999989, 34.30464000000029]","[385.04253, -3579.88563, 139.9981600000002, 146.0982399999995]","[443.52027, -3544.70323, 233.91095999999993, 140.72960000000057]","[479.01475, -3520.24266, 141.97792000000004, 97.84228000000076]","[475.77862, -3514.20197, -12.944520000000011, 24.162759999999253]","[431.35514, -3510.1831, -177.69391999999993, 16.075479999999516]","[372.46693, -3508.85802, -235.55284000000006, 5.3003200000002835]","[314.48452, -3514.08833, -231.92964000000006, -20.92123999999967]","[280.96803, -3515.88943, -134.0659599999999, -7.204400000000533]"
286,People,"[259.28074, -3508.07569, -86.74916000000007, 31.25496000000021]","[270.83108, -3508.82925, 46.20136000000002, -3.0142399999986083]","[306.30438, -3473.90288, 141.89319999999998, 139.70547999999872]","[412.75883, -3397.77838, 425.81780000000003, 304.4979999999996]","[521.00987, -3322.25135, 433.00415999999996, 302.1081200000008]","[573.70447, -3211.43121, 210.77840000000015, 443.28055999999924]","[591.38863, -3088.38188, 70.73664000000008, 492.1973200000011]","[608.15068, -3034.10621, 67.04819999999972, 217.10267999999996]","[601.6836, -3038.56571, -25.86832000000006, -17.837999999999752]","[617.69826, -2961.24141, 64.0586400000002, 309.29719999999907]","[656.8066, -2777.27061, 156.43336, 735.8832000000002]","[695.04499, -2575.2919, 152.95355999999992, 807.9148399999995]","[658.82329, -2404.51105, -144.88679999999977, 683.1234000000004]","[530.88254, -2186.77331, -511.7630000000004, 870.9509600000001]","[446.61356, -1962.60148, -337.07591999999977, 896.68732]","[403.37599, -1700.96385, -172.95028000000002, 1046.5505199999998]"
287,People,"[331.56285, -1426.87608, -287.2525599999999, 1096.3510800000004]","[186.44381, -1201.29597, -580.47616, 902.3204400000004]","[21.35237, -967.08808, -660.36576, 936.8315599999996]","[-95.62731, -706.66569, -467.91872, 1041.6895599999998]","[-213.60376, -433.0478, -471.9058, 1094.4715600000002]","[-384.18689, -212.32025, -682.33252, 882.9102]","[-605.1993, -15.27568, -884.04964, 788.17828]","[-764.10324, 189.32989, -635.6157600000001, 818.42228]","[-910.67159, 454.183, -586.2734000000006, 1059.412440000001]","[-1079.57739, 683.67989, -675.6231999999995, 917.98756]","[-1317.91647, 876.90853, -953.3563199999999, 772.9145600000002]","[-1547.87996, 1056.15971, -919.8539600000004, 717.0047199999995]","[-1717.14304, 1262.55986, -677.0523199999998, 825.6006000000007]","[-1889.99573, 1497.1914, -691.4107600000007, 938.5261599999994]","[-2081.46906, 1668.51694, -765.8933199999992, 685.3021600000002]","[-2319.93007, 1824.17795, -953.84404, 622.6440400000001]"
288,People,"[-2476.84856, 1991.66752, -627.6739600000001, 669.9582799999998]","[-2616.39207, 2218.3335, -558.1740399999999, 906.6639200000009]","[-2768.71013, 2410.92269, -609.2722400000002, 770.3567599999988]","[-2942.04616, 2557.63742, -693.3441199999997, 586.8589200000006]","[-3088.70612, 2689.84964, -586.6398399999998, 528.8488799999996]","[-3213.92918, 2921.29252, -500.89224000000104, 925.7715200000002]","[-3368.49129, 3215.67944, -618.2484399999994, 1177.5476799999997]","[-3476.01086, 3375.33832, -430.0782799999997, 638.6355199999998]","[-3531.51381, 3421.42977, -222.01180000000042, 184.36580000000157]","[-3536.00352, 3412.6401, -17.958840000001146, -35.15868000000046]","[-3529.68294, 3378.67093, 25.282320000000254, -135.8766799999994]","[-3504.18477, 3362.95018, 101.9926800000012, -62.88300000000163]","[-3486.00782, 3360.09887, 72.70780000000013, -11.405240000000049]","[-3481.73672, 3359.18613, 17.084399999999732, -3.6509599999990314]","[-3473.21742, 3358.07802, 34.07719999999972, -4.432440000000497]","[-3460.73072, 3370.98907, 49.94679999999971, 51.64420000000064]"
289,People,"[-3477.73395, 3422.7887, -68.01291999999921, 207.19851999999992]","[-3509.145567719298, 3462.044390175439, -125.64647087719277, 157.02276070175503]","[-3529.368523859649, 3446.7526050877195, -80.89182456140406, -61.16714035087716]","[-3549.59148, 3431.46082, -80.89182456140406, -61.16714035087898]","[-3569.8144361403506, 3416.1690349122805, -80.89182456140225, -61.16714035087716]","[-3590.0373922807016, 3400.877249824561, -80.89182456140406, -61.16714035087716]","[-3563.4837, 3290.13751, 106.21476912280559, -442.95895929824474]","[-3444.70389, 3121.69617, 475.1192400000018, -673.7653599999994]","[-3322.57411, 3006.98091, 488.5191199999995, -458.8610400000002]","[-3245.14693, 2921.66004, 309.70872000000054, -341.28348000000005]","[-3224.07851, 2826.37222, 84.27368000000024, -381.15128000000004]","[-3153.3601, 2687.84863, 282.8736399999998, -554.094360000001]","[-3005.29505, 2478.14234, 592.2601999999988, -838.8251600000003]","[-2922.28993, 2301.45261, 332.02048000000104, -706.7589200000002]","[-2862.70894, 2078.09043, 238.32395999999972, -893.4487199999985]","[-2783.31574, 1840.64878, 317.5727999999999, -949.7666000000008]"
290,People,"[-2628.10539, 1625.88525, 620.8413999999993, -859.0541199999998]","[-2424.4178, 1390.17333, 814.75036, -942.8476799999999]","[-2303.78812, 1134.16087, 482.51872000000003, -1024.0498400000006]","[-2178.24614, 830.97794, 502.16791999999987, -1212.7317199999998]","[-2012.45414, 582.64416, 663.1680000000006, -993.3351199999997]","[-1783.87393, 334.39945, 914.3208400000003, -992.9788400000002]","[-1632.97295, 75.61823, 603.6039199999996, -1035.12488]","[-1516.58053, -227.56953, 465.5696800000005, -1212.7510399999999]","[-1367.24431, -483.75665, 597.3448800000002, -1024.7484800000009]","[-1140.91662, -723.15373, 905.3107600000003, -957.5883200000001]","[-952.96759, -959.97141, 751.79612, -947.27072]","[-827.96553, -1207.43445, 500.0082400000001, -989.8521599999999]","[-695.94716, -1462.87815, 528.0734799999996, -1021.7748000000001]","[-504.73719, -1685.09785, 764.8398800000002, -888.8788000000004]","[-298.63075, -1890.11687, 824.4257600000001, -820.0760799999998]","[-188.72562, -2100.42108, 439.62051999999994, -841.21684]"
291,People,"[-101.36483, -2349.95741, 349.44316, -998.1453199999996]","[24.02442, -2554.0841, 501.557, -816.5067600000002]","[175.00772, -2748.01403, 603.9332, -775.7197199999991]","[264.97716, -2955.05284, 359.8777600000001, -828.15524]","[304.31353, -3238.54415, 157.34547999999995, -1133.9652400000014]","[374.86651, -3490.72361, 282.21191999999996, -1008.7178399999993]","[435.07107, -3612.13091, 240.81824000000006, -485.6291999999994]","[482.66409, -3652.0946, 190.37207999999987, -159.85476000000017]","[510.95828, -3652.22336, 113.17676000000016, -0.5150400000002269]","[529.02742, -3630.76695, 72.27656000000002, 85.82563999999911]","[553.91019, -3571.33036, 99.53107999999975, 237.746360000001]","[529.91369, -3520.04908, -95.98599999999988, 205.1251200000006]","[487.38053, -3501.1579, -170.1326399999998, 75.56471999999849]","[453.7422, -3519.6588, -134.55331999999999, -74.0036]","[428.58814, -3597.13195, -100.61624000000006, -309.8925999999992]","[412.03777, -3672.08484, -66.20147999999995, -299.8115600000001]"
292,People,"[397.32075, -3702.88274, -58.86808000000019, -123.19160000000011]","[387.47892, -3719.38365, -39.367319999999836, -66.00364000000081]","[385.87008, -3733.62436, -6.435360000000173, -56.96283999999832]","[412.14398, -3724.47617, 105.0956000000001, 36.592759999999544]","[466.39655, -3662.31054, 217.01027999999997, 248.66251999999986]","[557.71327, -3501.28971, 365.2668799999999, 644.0833199999997]","[635.28753, -3318.16008, 310.2970399999999, 732.5185199999996]","[732.91162, -3187.9418, 390.4963600000001, 520.8731200000002]","[786.37278, -3103.88738, 213.84464000000045, 336.21768000000003]","[856.19188, -3055.57808, 279.27639999999974, 193.23719999999958]","[980.43951, -3036.64342, 496.9905200000003, 75.7386400000014]","[1112.2605, -3039.83436, 527.2839600000002, -12.76375999999982]","[1227.39068, -2983.99912, 460.5207199999995, 223.34095999999954]","[1341.34469, -2811.10374, 455.8160399999997, 691.5815199999997]","[1468.68334, -2663.17554, 509.3546000000006, 591.7127999999993]","[1634.42723, -2561.80369, 662.9755599999999, 405.4874]"
293,People,"[1827.08226, -2464.42715, 770.6201199999996, 389.5061600000008]","[1966.14928, -2322.92366, 556.2680800000007, 566.0139600000002]","[2086.3782, -2115.66929, 480.91568000000007, 829.0174800000004]","[2222.37373, -1961.40267, 543.9821199999988, 617.0664799999995]","[2418.78646, -1832.18544, 785.65092, 516.8689199999999]","[2619.08314, -1688.29775, 801.1867200000015, 575.5507600000001]","[2763.74246, -1490.37805, 578.637279999999, 791.6787999999997]","[2882.13941, -1269.86965, 473.58780000000115, 882.0335999999998]","[3043.07402, -1129.82771, 643.7384399999997, 560.1677600000007]","[3273.97769, -1016.1205, 923.6146800000006, 454.8288400000001]","[3459.10512, -885.85372, 740.50972, 521.0671200000002]","[3640.1715, -698.31914, 724.265519999999, 750.13832]","[3826.50786, -536.75684, 745.345440000001, 646.2491999999997]","[4043.81291, -394.38922, 869.2201999999997, 569.47048]","[4268.93485, -254.8613, 900.4877599999982, 558.1116800000001]","[4430.09466, -47.35697, 644.6392400000004, 830.01732]"
294,People,"[4549.26085, 202.15206, 476.66475999999966, 998.03612]","[4707.69808, 377.22216, 633.7489200000018, 700.2803999999999]","[4916.97556, 560.06869, 837.109919999999, 731.3861199999999]","[5064.0068, 741.60315, 588.124960000001, 726.1378400000003]","[5182.350451666667, 945.9441116666668, 473.3746066666681, 817.3638466666671]","[5280.07481, 1106.26912, 390.8974333333317, 641.3000333333325]","[5450.30616, 1205.64589, 680.9254000000001, 397.5070800000003]","[5641.13791, 1301.63787, 763.3270000000011, 383.96792000000005]","[5808.50449, 1429.61171, 669.4663200000001, 511.89536]","[5945.75127, 1508.84704, 548.987119999998, 316.9413200000008]","[6033.44358, 1509.5579, 350.76924000000145, 2.843439999999646]","[6061.45197, 1500.89199, 112.03355999999985, -34.66363999999976]","[6077.79532, 1499.22538, 65.3734000000004, -6.666439999999966]","[6069.91207, 1497.05863, -31.532999999999447, -8.667000000000371]","[6015.34956, 1490.20836, -218.25004000000263, -27.401079999999638]","[5955.15846, 1497.89996, -240.76440000000002, 30.76639999999952]"
295,People,"[5928.18799, 1510.04462, -107.88187999999718, 48.57863999999972]","[5912.10447, 1507.57352, -64.33408000000054, -9.884399999999914]","[5900.59376, 1504.91932, -46.04284000000189, -10.616799999999785]","[5921.35703, 1487.29667, 83.0530800000015, -70.49060000000009]","[5996.0982, 1426.76108, 298.96468000000095, -242.14235999999983]","[6058.18879, 1380.87318, 248.36235999999917, -183.55159999999978]","[6074.86085, 1358.86055, 66.6882399999995, -88.05051999999978]","[6073.42096, 1351.48554, -5.759559999998601, -29.50004000000081]","[6054.92997, 1371.00279, -73.96396000000102, 78.06900000000049]","[5978.28401, 1422.40045, -306.5838399999993, 205.59064000000035]","[5855.24614, 1499.66719, -492.15148000000045, 309.0669599999992]","[5683.97107, 1550.58951, -685.1002800000024, 203.6892800000005]","[5556.62293, 1598.6863, -509.3925599999966, 192.38716000000022]","[5554.20067, 1699.2886, -9.689040000001114, 402.40920000000006]","[5487.84905, 1833.56366, -265.40648000000147, 537.1002399999998]","[5334.83849, 1987.96593, -612.0422399999989, 617.6090800000002]"
296,People,"[5191.99514, 2085.79376, -571.3734000000004, 391.3113199999998]","[5023.29114, 2101.10469, -674.8159999999989, 61.243720000000394]","[4810.63865, 2068.39954, -850.6099600000016, -130.82060000000092]","[4608.40577, 2073.64153, -808.9315199999983, 20.967959999999948]","[4338.02257, 2110.33864, -1081.5328000000009, 146.78844000000026]","[4092.46324, 2117.581, -982.2373200000002, 28.96944000000076]","[3822.52796, 2039.83443, -1079.7411200000006, -310.9862800000001]","[3544.69979, 1967.13765, -1111.312679999999, -290.78712000000087]","[3247.6521, 1966.76299, -1188.1907600000025, -1.498639999999797]","[2948.87994, 1967.03381, -1195.08864, 1.0832799999998315]","[2680.46286, 1894.60891, -1073.6683199999989, -289.6995999999999]","[2387.73203, 1775.71185, -1170.9233199999999, -475.58824000000004]","[2099.04102, 1751.39534, -1154.76404, -97.26603999999952]","[1788.30874, 1764.75728, -1242.9291200000007, 53.44776000000002]","[1518.92479, 1706.02169, -1077.5357999999997, -234.94236]","[1230.01382, 1575.30236, -1155.6438800000005, -522.8773200000005]"
297,People,"[956.31498, 1522.71492, -1094.7953599999996, -210.34976000000006]","[647.19597, 1516.82522, -1236.47604, -23.558799999999792]","[369.68699, 1472.77093, -1110.03592, -176.21716000000015]","[101.62946, 1342.59413, -1072.23012, -520.7071999999998]","[-171.12251, 1227.16959, -1091.0078800000001, -461.6981599999999]","[-456.99508, 1190.17397, -1143.49028, -147.98247999999967]","[-750.80802, 1167.91806, -1175.2517600000003, -89.02364000000034]","[-997.37278, 1073.2333, -986.2590399999999, -378.7390399999995]","[-1258.78629, 925.44392, -1045.6540400000008, -591.1575200000008]","[-1512.2736, 872.62107, -1013.9492399999999, -211.29140000000007]","[-1801.92454, 850.42027, -1158.60376, -88.80320000000029]","[-2044.26112, 781.82882, -969.3463199999997, -274.36580000000004]","[-2287.48204, 640.83993, -972.8836799999999, -563.9555599999999]","[-2523.49763, 518.21149, -944.0623599999999, -490.5137599999998]","[-2791.67821, 455.40192, -1072.7223200000008, -251.23828000000003]","[-3052.0871, 403.97206, -1041.6355600000006, -205.71944000000008]"
298,People,"[-3234.09428015361, 305.08162898617513, -728.0287206144385, -395.56172405529946]","[-3275.553156113672, 263.5734976497696, -165.83550384024784, -166.03252534562216]","[-3317.012032073733, 222.06536631336408, -165.8355038402442, -166.03252534562205]","[-3358.4709080337943, 180.5572349769585, -165.83550384024602, -166.03252534562228]","[-3399.929783993856, 139.04910364055303, -165.83550384024602, -166.03252534562193]","[-3441.3886599539173, 97.54097230414747, -165.83550384024602, -166.03252534562222]","[-3482.847535913979, 56.03284096774195, -165.83550384024602, -166.0325253456221]","[-3524.3064118740404, 14.524709631336409, -165.83550384024602, -166.03252534562216]","[-3565.7652878341014, -26.98342170506908, -165.83550384024434, -166.0325253456221]","[-3607.224163794163, -68.49155304147462, -165.83550384024602, -166.03252534562216]","[-3648.683039754224, -109.99968437788016, -165.8355038402442, -166.03252534562216]","[-3690.141915714286, -151.5078157142857, -165.83550384024784, -166.03252534562216]","[-3731.6007916743474, -193.01594705069124, -165.83550384024602, -166.03252534562216]","[-3773.059667634409, -234.5240783870968, -165.83550384024602, -166.03252534562228]","[-3814.5185435944704, -276.0322097235023, -165.83550384024602, -166.03252534562205]","[-3855.977419554532, -317.54034105990786, -165.83550384024602, -166.03252534562216]"
299,People,"[-3897.4362955145934, -359.0484723963133, -165.83550384024602, -166.0325253456217]","[-3938.8951714746554, -400.5566037327188, -165.83550384024784, -166.03252534562216]","[-3980.354047434716, -442.0647350691244, -165.83550384024238, -166.0325253456224]","[-4021.8129233947775, -483.5728664055299, -165.83550384024602, -166.03252534562193]","[-4063.271799354839, -525.0809977419354, -165.83550384024602, -166.03252534562216]","[-4104.7306753149005, -566.589129078341, -165.83550384024602, -166.03252534562216]","[-4146.189551274962, -608.0972604147465, -165.8355038402442, -166.03252534562216]","[-4187.648427235024, -649.6053917511521, -165.83550384025148, -166.03252534562216]","[-4229.107303195085, -691.1135230875576, -165.8355038402407, -166.0325253456223]","[-4270.5661791551465, -732.6216544239632, -165.83550384024784, -166.03252534562216]","[-4296.6974, -750.34896, -104.52488337941395, -70.90922230414753]","[-4210.92571, -571.97849, 343.0867599999983, 713.4818800000003]","[-4122.67765, -429.11854, 352.9922400000032, 571.4397999999999]","[-3970.71098, -372.40107, 607.8666799999992, 226.86987999999997]","[-3732.11833, -356.76841, 954.3706000000002, 62.53063999999995]","[-3524.81424, -314.9591, 829.2163599999985, 167.23724000000016]"
300,People,"[-3300.51542, -208.12392, 897.1952799999999, 427.3407199999999]","[-3057.19003, -107.23354, 973.3015599999999, 403.56152]","[-2785.873535, -107.02558, 1085.2659800000001, 0.8318399999999997]","[-2486.71751, -133.11912, 1196.624100000001, -104.37416000000002]","[-2201.11183, -89.44432, 1142.4227200000005, 174.69920000000002]","[-1872.3671, -18.59313, 1314.9789199999996, 283.40476]","[-1593.95845, -58.83007, 1113.6345999999994, -160.94776000000002]","[-1274.40334, -164.78005, 1278.22044, -423.79991999999993]","[-971.43108, -218.71825, 1211.8890400000016, -215.7528000000003]","[-622.50886, -226.29053, 1395.6888799999997, -30.28911999999991]","[-351.27376, -284.75285, 1084.9404000000002, -233.84928000000014]","[-48.53527, -405.8825, 1210.9539599999998, -484.5185999999999]","[251.22903, -477.00655, 1199.0572, -284.49620000000004]","[586.44307, -480.06672, 1340.8561600000003, -12.240679999999884]","[899.15305, -510.89154, 1250.83992, -123.29928000000018]","[1212.10604, -602.07053, 1251.8119599999995, -364.71595999999977]"
301,People,"[1535.01648, -673.29317, 1291.6417600000004, -284.8905600000003]","[1844.87553, -658.61072, 1239.4362, 58.72980000000007]","[2139.9233, -663.96755, 1180.1910799999996, -21.42731999999978]","[2420.16182, -742.26128, 1120.9540799999995, -313.1749200000004]","[2726.71847, -840.26433, 1226.2266, -392.01219999999967]","[3052.32634, -857.95095, 1302.431480000001, -70.74648000000025]","[3388.35652, -863.42142, 1344.120719999999, -21.88187999999991]","[3670.93472, -940.11165, 1130.3128000000015, -306.76092000000017]","[3967.78714, -1056.78398, 1187.40968, -466.6893199999999]","[4259.57906, -1096.44086, 1167.1676800000005, -158.62752]","[4577.03602, -1112.50241, 1269.827839999998, -64.2462000000005]","[4843.01535, -1192.65577, 1063.9173200000005, -320.6134400000001]","[5095.1378, -1339.36292, 1008.489800000003, -586.8285999999998]","[5340.02335, -1464.73422, 979.5421999999999, -501.4852000000001]","[5576.63073, -1550.31853, 946.4295199999979, -342.33723999999984]","[5745.11005, -1650.20298, 673.9172800000015, -399.53780000000006]"
302,People,"[5907.1204, -1860.60907, 648.0413999999982, -841.6243599999998]","[6079.13595, -2097.93652, 688.0622000000003, -949.3098000000009]","[6201.01015, -2230.30743, 487.4968000000008, -529.4836399999986]","[6255.34082, -2271.2639, 217.32268000000113, -163.82588000000032]","[6265.28938, -2288.98417, 39.79423999999926, -70.88108000000102]","[6253.01279, -2291.69483, -49.10636000000159, -10.842639999998937]","[6252.01241, -2271.70609, -4.001519999997981, 79.95495999999912]","[6234.24461, -2271.53176, -71.07120000000214, 0.6973200000011275]","[6234.37245, -2283.4219, 0.511360000000423, -47.56055999999994]","[6238.21446, -2288.53242, 15.368040000001201, -20.442080000000715]","[6224.75466, -2304.20376, -53.839200000002165, -62.68535999999949]","[6232.09834, -2344.26743, 29.374719999999797, -160.25468]","[6241.77165, -2379.33858, 38.693240000000515, -140.28460000000086]","[6233.9081, -2395.15989, -31.454200000000128, -63.28523999999925]","[6239.99879, -2395.8395, 24.36275999999998, -2.7184400000005553]","[6257.321, -2358.36747, 69.28884000000107, 149.88811999999962]"
303,People,"[6263.60678, -2228.74241, 25.143120000000636, 518.5002400000012]","[6189.94657, -2005.21646, -294.64084, 894.103799999999]","[6043.86644, -1761.22294, -584.3205200000011, 975.97408]","[5942.83995, -1612.99104, -404.1059600000008, 592.9276]","[5926.0934, -1522.74593, -66.98619999999937, 360.98044000000027]","[5979.92425, -1391.54182, 215.32340000000113, 524.8164400000005]","[6074.80617, -1238.36511, 379.52767999999924, 612.7068399999998]","[6113.94906, -1124.96816, 156.57156000000032, 453.58780000000024]","[6044.46677, -1016.16032, -277.9291599999999, 435.23136000000017]","[5943.51141, -914.21563, -403.8214399999997, 407.7787599999997]","[5893.0716, -806.16517, -201.7592399999994, 432.2018400000002]","[5850.1916, -648.89659, -171.52000000000044, 629.0743200000002]","[5819.7411, -450.87186, -121.80199999999968, 792.0989199999997]","[5872.90563, -339.94398, 212.65812000000005, 443.71152000000006]","[6000.136, -284.21167, 508.9214800000009, 222.92923999999994]","[6171.39838, -246.61189, 685.0495199999968, 150.39912000000015]"
304,Robot,"[-3118.710999496865, 3812.187758514033, 109.18006331361721, -58.79407686778177]","[-3099.341174948472, 3791.352970040824, 77.4792981935716, -83.33915389283538]","[-3084.471116299895, 3765.371843837187, 59.48023459430806, -103.92450481454762]","[-3045.6573422122538, 3700.541027786871, 155.2550963505655, -259.32326420126446]","[-2976.256579726597, 3596.576927413664, 277.60304994262697, -415.856401492827]","[-2906.8558172409403, 3492.6128270404565, 277.60304994262697, -415.8564014928306]","[-2837.4550547552835, 3388.6487266672493, 277.60304994262697, -415.8564014928288]","[-2768.054292269627, 3284.684626294042, 277.60304994262697, -415.8564014928288]","[-2698.65352978397, 3180.720525920835, 277.6030499426272, -415.85640149282915]","[-2629.2527672983133, 3076.756425547637, 277.60304994262697, -415.85640149279243]","[-2520.2758158140605, 3018.1571731783733, 435.9078059370113, -234.39700947705387]","[-2407.8574565907998, 2963.5026902007567, 449.6734368930429, -218.61793191046672]","[-2295.439097367538, 2908.84820722314, 449.6734368930465, -218.61793191046672]","[-2183.020738144277, 2854.1937242455238, 449.6734368930447, -218.6179319104649]","[-2070.602378921016, 2799.5392412679066, 449.6734368930429, -218.61793191046854]","[-1958.1840196977591, 2744.88475829029, 449.67343689302834, -218.61793191046672]"
305,Robot,"[-1845.765660474504, 2690.2302753126733, 449.67343689302015, -218.61793191046672]","[-1733.3473012512482, 2635.5757923350566, 449.6734368930238, -218.61793191046672]","[-1620.928942027993, 2580.92130935744, 449.67343689302106, -218.61793191046672]","[-1508.5105828047372, 2526.266826379823, 449.6734368930229, -218.61793191046672]","[-1396.0922235814817, 2471.6123434022065, 449.673436893022, -218.61793191046672]","[-1283.6738643582262, 2416.95786042459, 449.673436893022, -218.61793191046672]","[-1171.2555051349707, 2362.303377446973, 449.673436893022, -218.61793191046672]","[-1058.8371459117152, 2307.6488944693565, 449.673436893022, -218.61793191046672]","[-946.4187866884575, 2252.99441149174, 449.673436893031, -218.61793191046692]","[-834.0004274651993, 2198.339928514123, 449.6734368930329, -218.61793191046672]","[-721.582068241941, 2143.6854455365064, 449.67343689303334, -218.61793191046672]","[-609.1637090186827, 2089.0309625588898, 449.67343689303334, -218.61793191046672]","[-496.7453497954243, 2034.376479581273, 449.67343689303334, -218.61793191046672]","[-384.326990572166, 1979.7219966036564, 449.67343689303334, -218.61793191046672]","[-271.90863134890765, 1925.06751362604, 449.67343689303334, -218.6179319104658]","[-159.4902721256493, 1870.413030648423, 449.67343689303334, -218.61793191046763]"
306,Robot,"[-47.07191290239123, 1815.7585476708064, 449.6734368930323, -218.61793191046672]","[65.34644632086676, 1761.1040646931897, 449.673436893032, -218.61793191046672]","[177.7648055441249, 1706.449581715573, 449.67343689303254, -218.61793191046672]","[290.18316476738323, 1651.7950987379563, 449.67343689303334, -218.61793191046672]","[402.6015239906416, 1597.1406157603396, 449.67343689303357, -218.61793191046672]","[515.0198832138999, 1542.486132782723, 449.6734368930331, -218.61793191046672]","[627.4382424371582, 1487.8316498051065, 449.67343689303334, -218.6179319104658]","[739.8566016604166, 1433.1771668274896, 449.67343689303334, -218.61793191046763]","[852.2749608836749, 1378.522683849873, 449.67343689303374, -218.61793191046692]","[964.6933201069332, 1323.8682008722562, 449.67343689303334, -218.61793191046672]","[1077.1116793301903, 1269.2137178946396, 449.67343689302834, -218.61793191046672]","[1189.5300385534497, 1214.5592349170229, 449.67343689303743, -218.61793191046672]","[1301.9483977767104, 1159.9047519394062, 449.6734368930429, -218.61793191046672]","[1414.3667569999716, 1105.2502689617895, 449.6734368930447, -218.61793191046672]","[1526.7851162232323, 1050.5957859841728, 449.6734368930429, -218.61793191046672]","[1639.2034754464937, 995.9413030065562, 449.6734368930456, -218.61793191046672]"
307,Robot,"[1752.2063907316265, 942.510211506034, 452.0116611405278, -213.72436600208707]","[1865.3554450322276, 889.3849678747855, 452.59621720240466, -212.50097452499404]","[1978.5044993328283, 836.259724243537, 452.59621720240284, -212.50097452499404]","[2091.653553633432, 783.1344806122885, 452.59621720241375, -212.50097452499404]","[2204.802607934038, 730.00923698104, 452.59621720242467, -212.50097452499404]","[2317.9516622346446, 676.8839933497893, 452.5962172024265, -212.50097452500268]","[2431.1007165352494, 623.758749718538, 452.5962172024192, -212.5009745250054]","[2544.2497708358533, 570.6335060872866, 452.5962172024156, -212.5009745250054]","[2660.0860734414805, 524.1658415667512, 463.3452104225093, -185.87065808214192]","[2773.7291800645617, 472.2748123855816, 454.57242649232467, -207.56411672467834]","[2886.711657809418, 418.7962211304588, 451.9299109794247, -213.91436502049123]","[3003.475634194393, 376.1143246130714, 467.0559055399008, -170.7275860695495]","[3126.907352257628, 357.23363162098536, 493.72687225294067, -75.52277196834416]","[3249.3239530839314, 334.9898183056191, 489.66640330521295, -88.97525326146501]","[3363.4363029713736, 284.3475253913467, 456.4493995497687, -202.56917165708956]","[3474.2396552767077, 226.4889295053517, 443.2134092213364, -231.43438354398006]"
308,Robot,"[3585.043007582041, 168.63033361935658, 443.21340922133277, -231.43438354398052]","[3695.846359887375, 110.77173773336182, 443.2134092213364, -231.43438354397904]","[3806.649712192712, 52.913141847367136, 443.2134092213473, -231.43438354397873]","[3917.453064498052, -4.945454038627657, 443.21340922136005, -231.43438354397918]","[4028.256416803392, -62.80404992462245, 443.21340922136005, -231.43438354397915]","[4139.059769108728, -120.66264581061712, 443.2134092213437, -231.4343835439787]","[4249.863121414061, -178.52124169661175, 443.2134092213346, -231.43438354397853]","[4360.666473719395, -236.37983758260583, 443.2134092213346, -231.4343835439763]","[4471.469826024729, -294.2384334685996, 443.213409221335, -231.43438354397537]","[4582.273178330062, -352.09702935459285, 443.2134092213346, -231.4343835439729]","[4693.076530635396, -409.9556252405861, 443.2134092213346, -231.4343835439729]","[4790.475735170509, -458.3517537054419, 389.59681814045325, -193.5845138594234]","[4908.9067235475695, -488.4371779177317, 473.7239535082408, -120.341696849159]","[5030.654245808007, -504.92609459104153, 486.99008904174843, -65.95566669323944]","[5142.64929245816, -521.0726039260179, 447.9801866006128, -64.58603733990549]","[5227.735793928549, -595.8567343390708, 340.3460058815581, -299.13652165221174]"
309,Robot,"[5301.648481298129, -696.6630567886423, 295.6507494783182, -403.22528979828576]","[5375.561168667708, -797.4693792382137, 295.6507494783182, -403.22528979828576]","[5449.473856037288, -898.2757016877852, 295.6507494783182, -403.22528979828576]","[5523.386543406868, -999.0820241373566, 295.6507494783218, -403.22528979828576]","[5597.299230776447, -1099.888346586926, 295.65074947831454, -403.2252897982776]","[5677.070939349032, -1195.5629501558649, 319.08683429034136, -382.69841427575557]","[5767.258685615847, -1282.1144979370176, 360.7509850672577, -346.206191124611]","[5857.446431882662, -1368.6660457181704, 360.75098506726135, -346.206191124611]","[5947.6341781494775, -1455.2175934993286, 360.7509850672617, -346.2061911246331]","[5951.751741874986, -1506.44739994238, 16.470254902033048, -204.9192257722052]","[5826.764031788533, -1504.6945943782705, -499.9508403458094, 7.011222256437577]","[5701.776321702081, -1502.941788814161, -499.9508403458094, 7.011222256437577]","[5576.788611615629, -1501.1889832500517, -499.9508403458094, 7.011222256437577]","[5451.800901529176, -1499.4361776859423, -499.9508403458094, 7.011222256437577]","[5326.813191442724, -1497.683372121833, -499.9508403458094, 7.011222256437577]","[5201.825481356272, -1495.9305665577235, -499.9508403458094, 7.011222256437577]"
310,Robot,"[5076.837771269819, -1494.177760993614, -499.9508403458094, 7.0112222564384865]","[4951.850061183367, -1492.4249554295047, -499.9508403458094, 7.0112222564366675]","[4826.862351096915, -1490.672149865395, -499.9508403458094, 7.0112222564384865]","[4701.874641010462, -1488.919344301286, -499.9508403458094, 7.0112222564366675]","[4576.88693092401, -1487.1665387371766, -499.9508403458094, 7.011222256437577]","[4452.076058086725, -1482.554942161707, -499.2434913491379, 18.446386301878192]","[4327.825169871806, -1468.890507383597, -497.00355285967817, 54.65773911244014]","[4203.574281656886, -1455.226072605487, -497.00355285967817, 54.65773911244014]","[4079.3233934419686, -1441.561637827377, -497.00355285967134, 54.65773911244019]","[3955.092481916843, -1428.009496841906, -496.9236461005021, 54.20856394188377]","[3830.570325339624, -1427.8511713174105, -498.088626308876, 0.6333020979818684]","[3706.3580182563887, -1413.8403623093318, -496.8492283329415, 56.04323603231478]","[3582.145711173154, -1399.829553301253, -496.8492283329397, 56.04323603231478]","[3457.933404089919, -1385.8187442931744, -496.8492283329397, 56.04323603231478]","[3333.721097006684, -1371.8079352850957, -496.8492283329397, 56.04323603231478]","[3209.508789923449, -1357.797126277017, -496.8492283329397, 56.04323603231478]"
311,Robot,"[3085.296482840214, -1343.7863172689397, -496.8492283329467, 56.04323603231012]","[2961.084175756979, -1329.7755082608633, -496.8492283329397, 56.043236032305686]","[2836.8718686737443, -1315.764699252787, -496.8492283329397, 56.043236032304776]","[2712.6595615905094, -1301.7538902447109, -496.8492283329397, 56.043236032304776]","[2588.4472545072745, -1287.743081236635, -496.8492283329397, 56.04323603230387]","[2464.2349474240395, -1273.7322722285587, -496.8492283329397, 56.043236032304776]","[2340.0226403408046, -1259.7214632204823, -496.8492283329397, 56.043236032305686]","[2215.8103332575697, -1245.7106542124063, -496.8492283329397, 56.04323603230387]","[2091.598026174335, -1231.69984520433, -496.84922833294013, 56.043236032305735]","[1967.3857190911, -1217.689036196254, -496.84922833293876, 56.04323603230387]","[1843.173412007865, -1203.678227188178, -496.8492283329406, 56.04323603230387]","[1718.96110492463, -1189.6674181801018, -496.8492283329397, 56.043236032304776]","[1594.7487978413951, -1175.6566091720256, -496.8492283329397, 56.043236032304776]","[1470.5364907581602, -1161.6458001639494, -496.8492283329397, 56.043236032304776]","[1346.3241836749253, -1147.6349911558732, -496.8492283329397, 56.043236032304776]","[1222.1118765916904, -1133.624182147797, -496.8492283329397, 56.043236032304776]"
312,Robot,"[1097.8995695084554, -1119.613373139721, -496.8492283329397, 56.04323603230387]","[973.6872624252218, -1105.6025641316448, -496.8492283329347, 56.043236032304776]","[849.4749553419897, -1091.591755123569, -496.8492283329283, 56.04323603230296]","[725.2626482587576, -1077.5809461154934, -496.8492283329283, 56.04323603230296]","[601.0503411755255, -1063.5701371074174, -496.8492283329283, 56.04323603230387]","[476.8380340922935, -1049.5593280993417, -496.8492283329281, 56.04323603230296]","[352.6257270090614, -1035.5485190912657, -496.84922833292853, 56.04323603230387]","[228.4134199258293, -1021.5377100831898, -496.8492283329284, 56.04323603230341]","[104.20111284259715, -1007.526901075114, -496.849228332929, 56.04323603230346]","[-20.01119424063525, -993.516092067038, -496.8492283329296, 56.04323603230387]","[-144.22350132386762, -979.5052830589624, -496.8492283329295, 56.0432360323025]","[-254.9949660223839, -956.9794085415524, -443.0858587940651, 90.10349806963995]","[-364.29781563371023, -900.5337543621511, -437.21139844530535, 225.78261671760538]","[-455.9134602853635, -816.1591159498352, -366.4625786066131, 337.4985536492636]","[-525.7522967861669, -712.7193529839643, -279.3553460032135, 413.75905186348336]","[-620.6377369291989, -633.286278328113, -379.54176057212817, 317.7322986234053]"
313,Robot,"[-724.7699538264114, -580.8167862169557, -416.52886758885006, 209.877968444629]","[-624.8851363420409, -565.0871383744425, 399.539269937482, 62.918591370053036]","[-570.0816452761475, -560.5018211369295, 219.21396426357387, 18.341268950051926]","[-570.0816452761475, -560.5018211369295, 0.0, 0.0]","[-570.0816452761475, -560.5018211369295, 0.0, 0.0]","[-587.806392763527, -530.4217835026591, -70.89898994951818, 120.32015053708164]","[-680.505595755303, -501.25310492371074, -370.7968119671041, 116.67471431579338]","[-761.3413019175359, -596.5976832134767, -323.3428246489316, -381.37831315906374]","[-859.8426619499082, -653.7246398831844, -394.00544012948956, -228.50782667883115]","[-984.8425027874912, -653.5251641228048, -499.9993633503318, 0.7979030415185662]","[-1109.8423436250723, -653.3256883624251, -499.99936335032453, 0.7979030415185662]","[-1234.8421844626523, -653.1262126020455, -499.99936335032, 0.7979030415185662]","[-1359.8420253002328, -652.9267368416658, -499.9993633503218, 0.7979030415185662]","[-1484.841866137813, -652.7272610812862, -499.9993633503209, 0.7979030415185662]","[-1607.827540216253, -667.0475992243944, -491.9426963137603, -57.28135257243275]","[-1714.9116266973128, -731.3844661811921, -428.33634592423914, -257.34746782719094]"
314,Robot,"[-1837.448225868274, -739.7134431173777, -490.1463966838446, -33.31590774474216]","[-1962.3334981597443, -734.3591210607877, -499.5410891658812, 21.417288226359688]","[-2083.350541652278, -745.3435901142083, -484.0681739701349, -43.9378762136821]","[-2191.538460186229, -804.6635175495986, -432.7516741358031, -237.27970974156142]","[-2306.99523868645, -829.8212977992864, -461.82711400088556, -100.63112099875116]","[-2431.250788538576, -816.1993180992954, -497.0221994085041, 54.48791879996406]","[-2554.347839402118, -805.4166814555738, -492.3882034541675, 43.130546574886466]","[-2660.2963021874416, -836.8914353992004, -423.793851141294, -125.89901577450655]","[-2766.5107427014914, -851.8716014843404, -424.85776205619953, -59.9206643405601]","[-2889.73467582759, -830.874880194254, -492.8957325043939, 83.98688516034554]","[-3012.9586089536883, -809.8781589041677, -492.8957325043939, 83.98688516034554]","[-3136.182542079787, -788.8814376140813, -492.8957325043939, 83.98688516034554]","[-3259.4064752058853, -767.8847163239949, -492.8957325043939, 83.98688516034554]","[-3382.630408331984, -746.8879950339085, -492.8957325043957, 83.98688516034554]","[-3495.7013608884768, -708.6442672656677, -452.2838102259702, 152.9749110729631]","[-3597.932299530007, -658.4124825406909, -408.9237545661217, 200.92713889990728]"
315,Robot,"[-3697.181657235257, -609.8500208192382, -396.9974308209985, 194.2498468858107]","[-3725.158592005736, -579.9619652019993, -111.90773908191659, 119.55222246895573]","[-3600.592393908224, -590.3668819019055, 498.26479239004766, -41.61966679962461]","[-3476.0261958107126, -600.7717986018116, 498.26479239004584, -41.61966679962461]","[-3351.459997713201, -611.1767153017178, 498.26479239004584, -41.61966679962461]","[-3226.8937996156897, -621.5816320016239, 498.26479239004584, -41.61966679962461]","[-3102.327601518178, -631.9865487015301, 498.26479239004584, -41.61966679962461]","[-2977.7614034206667, -642.3914654014362, 498.26479239004584, -41.61966679962461]","[-2853.1952053231557, -652.7963821013424, 498.2647923900445, -41.619666799624646]","[-2728.629007225644, -663.201298801249, 498.26479239004766, -41.61966679962643]","[-2604.0628091281324, -673.6062155011566, 498.26479239004584, -41.61966679963052]","[-2479.496611030621, -684.0111322010644, 498.26479239004584, -41.61966679963098]","[-2354.930412933109, -694.4160489009721, 498.26479239004766, -41.61966679963098]","[-2230.364214835598, -704.8209656008798, 498.264792390044, -41.61966679963098]","[-2105.7957660493444, -715.197922499327, 498.27379514501445, -41.507827593788534]","[-1981.2297436866047, -725.6049428570194, 498.26408945095864, -41.628081430769726]"
316,Robot,"[-1856.663721323865, -736.0119632147118, 498.26408945095864, -41.628081430769726]","[-1732.0976989611254, -746.4189835724043, 498.26408945095864, -41.628081430769726]","[-1607.5316765983855, -756.8260039300967, 498.26408945095955, -41.628081430769726]","[-1482.965654235646, -767.2330242877891, 498.2640894509577, -41.628081430769726]","[-1358.3996318729064, -777.6400446454816, 498.26408945095864, -41.628081430769726]","[-1233.8336095101668, -788.047065003174, 498.26408945095864, -41.628081430769726]","[-1109.267587147427, -798.4540853608662, 498.26408945095864, -41.628081430768816]","[-984.7015647846874, -808.8611057185573, 498.26408945095864, -41.62808143076427]","[-860.1355424219478, -819.2681260762482, 498.2640894509591, -41.62808143076385]","[-735.8747431508768, -826.2573834662123, 497.04319708428375, -27.957029559856437]","[-615.1240094339962, -793.9423667273178, 483.0029348675225, 129.26006695557817]","[-494.3732757171156, -761.6273499884232, 483.0029348675225, 129.26006695557817]","[-373.6225420002349, -729.3123332495287, 483.00293486752275, 129.26006695557817]","[-252.8718082833543, -696.9973165106342, 483.0029348675223, 129.26006695557817]","[-131.66523016222396, -666.4776790336113, 484.8263124845214, 122.07854990809165]","[-10.884280794969444, -634.2788904039666, 483.1237974690181, 128.79515451857878]"
317,Robot,"[109.85260301037992, -601.9121653769631, 482.94753522139746, 129.46690010801376]","[230.589486815729, -569.5454403499597, 482.9475352213963, 129.46690010801376]","[347.78306081161503, -526.9600868976788, 468.7742959835441, 170.34141380912342]","[459.31571907588375, -471.1946872264874, 446.1306330570749, 223.0615986847656]","[580.3190548084248, -439.83950470811067, 484.0133429301641, 125.420730073507]","[701.333452851006, -408.5263211204915, 484.0575921703248, 125.25273435047666]","[822.3478508935872, -377.21313753287234, 484.0575921703248, 125.25273435047666]","[942.4858978001256, -343.0012983880035, 480.5521876261537, 136.84735657947544]","[1062.5987312552556, -308.75248706349606, 480.45133382052063, 136.99524529802977]","[1183.6677043426992, -277.6509797760293, 484.27589234977404, 124.40602914986698]","[1304.736677430143, -246.5494724885628, 484.27589234977495, 124.40602914986607]","[1425.8056505175862, -215.4479652010968, 484.27589234977313, 124.40602914986403]","[1546.8746236050297, -184.34645791363076, 484.27589234977404, 124.40602914986414]","[1667.9435966924732, -153.2449506261647, 484.27589234977404, 124.40602914986425]","[1789.0125697799167, -122.14344333869866, 484.27589234977404, 124.40602914986414]","[1910.08154286736, -91.04193605123264, 484.27589234977313, 124.40602914986408]"
318,Robot,"[2031.150515954804, -59.94042876376656, 484.27589234977586, 124.40602914986431]","[2152.2194890422425, -28.838921476300357, 484.27589234975403, 124.40602914986482]","[2273.2884621296803, 2.2625858111657697, 484.2758923497513, 124.40602914986451]","[2394.357435217118, 33.36409309863183, 484.2758923497513, 124.40602914986422]","[2515.426408304556, 64.46560038609786, 484.2758923497513, 124.40602914986414]","[2636.4953813919938, 95.5671076735639, 484.2758923497513, 124.40602914986414]","[2757.564354479432, 126.66861496102976, 484.2758923497531, 124.40602914986346]","[2878.6333275668694, 157.77012224849577, 484.2758923497495, 124.40602914986403]","[2999.7023006543072, 188.87162953596177, 484.27589234975176, 124.40602914986414]","[3120.771273741745, 219.9731368234271, 484.2758923497513, 124.4060291498613]","[3241.840246829183, 251.0746441108924, 484.2758923497513, 124.40602914986118]","[3362.9092199166207, 282.1761513983578, 484.2758923497513, 124.40602914986152]","[3483.9781930040585, 313.2776586858231, 484.2758923497513, 124.4060291498613]","[3605.047166091496, 344.3791659732884, 484.2758923497495, 124.4060291498613]","[3726.116139178934, 375.48067326075375, 484.2758923497531, 124.4060291498613]","[3847.185112266372, 406.5821805482191, 484.2758923497513, 124.40602914986152]"
319,Robot,"[3968.25408535381, 437.6836878356833, 484.27589234973755, 124.40602914985321]","[4089.323058441248, 468.7851951231472, 484.2758923497531, 124.40602914985561]","[4204.3270488111975, 515.1531838592769, 460.0159614797976, 185.47195494451853]","[4313.715408669916, 575.588000123884, 437.5534394348724, 241.73926505842837]","[4423.129097643595, 635.9426632822376, 437.6547558947168, 241.4186526334147]","[4532.530812699701, 696.409718302145, 437.60686022442314, 241.86822007962974]","[4641.932527755806, 756.8767733220525, 437.60686022442314, 241.86822007962974]","[4751.334242811912, 817.3438283419584, 437.60686022442314, 241.86822007962382]","[4860.735957868018, 877.810883361863, 437.60686022442354, 241.8682200796186]","[4970.137672924124, 938.2779383817676, 437.60686022442314, 241.86822007961837]","[5079.53938798023, 998.7449934016722, 437.60686022442314, 241.86822007961837]","[5188.941103036345, 1059.2120484215768, 437.60686022446316, 241.86822007961837]","[5298.342818092463, 1119.6791034414814, 437.60686022447044, 241.86822007961837]","[5407.74453314858, 1180.146158461386, 437.6068602244668, 241.86822007961837]","[5517.146248204697, 1240.6132134812906, 437.60686022447044, 241.86822007961837]","[5626.547963260815, 1301.0802685011952, 437.60686022447044, 241.86822007961837]"
320,Robot,"[5629.482146438673, 1306.276434188118, 11.736732711433433, 20.784662747691073]","[5517.076503415084, 1251.5958030976433, -449.6225720943585, -218.72252436189865]","[5404.670860391494, 1196.9151720071673, -449.6225720943585, -218.7225243619041]","[5292.265217367904, 1142.2345409166917, -449.6225720943585, -218.7225243619023]","[5179.805087606899, 1087.683921019949, -449.84051904402077, -218.2024795869711]","[5067.404703458208, 1032.9924807095333, -449.6015365947642, -218.7657612416624]","[4955.004319309517, 978.301040399118, -449.6015365947642, -218.76576124166104]","[4842.603935160826, 923.6096000887026, -449.6015365947642, -218.76576124166195]","[4730.203551012135, 868.9181597782872, -449.6015365947646, -218.7657612416617]","[4617.803166863444, 814.2267194678703, -449.6015365947642, -218.7657612416674]","[4505.402782714753, 759.5352791574521, -449.6015365947642, -218.76576124167286]","[4393.002398566062, 704.8438388470339, -449.6015365947642, -218.76576124167286]","[4280.602014417371, 650.1523985366157, -449.6015365947642, -218.76576124167286]","[4168.20163026868, 595.4609582261975, -449.6015365947642, -218.76576124167286]","[4072.6683925448856, 517.3214495016317, -382.1329508951767, -312.55803489826303]","[3985.072635491638, 428.1475556409965, -350.3830282129911, -356.695575442541]"
321,Robot,"[3897.47687843839, 338.97366178036134, -350.3830282129911, -356.69557544254053]","[3809.8811213851423, 249.79976791972743, -350.3830282129911, -356.69557544253564]","[3722.2853643318954, 160.62587405909298, -350.3830282129875, -356.6955754425378]","[3634.689607278647, 71.4519801984585, -350.38302821299294, -356.6955754425379]","[3547.093850225399, -17.721913662175805, -350.38302821299294, -356.69557544253723]","[3459.498093172151, -106.89580752281002, -350.3830282129911, -356.69557544253684]","[3371.902336118904, -196.0697013834444, -350.3830282129893, -356.6955754425375]","[3284.306579065656, -285.2435952440782, -350.3830282129911, -356.6955754425353]","[3196.710822012408, -374.417489104712, -350.3830282129932, -356.6955754425354]","[3109.11506495916, -463.59138296534576, -350.3830282129911, -356.6955754425351]","[3021.519307905912, -552.7652768259802, -350.38302821299294, -356.6955754425378]","[2933.9235508526644, -641.9391706866148, -350.3830282129893, -356.6955754425385]","[2846.3277937994167, -731.1130645472472, -350.3830282129911, -356.6955754425294]","[2758.732036746169, -820.2869584078795, -350.3830282129911, -356.6955754425294]","[2671.136279692921, -909.460852268512, -350.3830282129911, -356.69557544252984]","[2583.5405226396733, -998.6347461291442, -350.3830282129911, -356.69557544252893]"
322,Robot,"[2495.944765586425, -1087.8086399897786, -350.38302821299294, -356.6955754425376]","[2408.3490085331778, -1176.9825338504138, -350.3830282129893, -356.69557544254076]","[2320.75325147993, -1266.156427711049, -350.3830282129911, -356.69557544254076]","[2233.157494426682, -1355.3303215716842, -350.3830282129911, -356.69557544254076]","[2145.5617373734294, -1444.5042154323194, -350.38302821301113, -356.69557544254076]","[2057.965980320174, -1533.6781092929546, -350.38302821302204, -356.69557544254076]","[1970.37022326692, -1622.8520031535895, -350.3830282130157, -356.69557544253985]","[1882.7744662136663, -1712.025897014225, -350.38302821301477, -356.69557544254167]","[1795.178709160413, -1801.19979087486, -350.38302821301323, -356.6955754425402]","[1707.5829521071596, -1890.3736847354955, -350.38302821301386, -356.6955754425426]","[1619.987195053906, -1979.5475785961285, -350.38302821301477, -356.69557544253166]","[1532.391438000653, -2068.72147245676, -350.38302821301204, -356.6955754425253]","[1444.7956809473992, -2157.8953663173893, -350.38302821301477, -356.695575442518]","[1359.7555271963977, -2248.1201113190955, -340.1606150040061, -360.8989800068248]","[1296.0954996153798, -2352.430028086697, -254.64011032407143, -417.23966707040563]","[1250.2760370996373, -2416.2826470186355, -183.27785006297017, -255.4104757277546]"
323,Robot,"[1188.2646524762858, -2477.727419538872, -248.04553849340573, -245.77909008094502]","[1137.6376372217342, -2525.2558263707915, -202.50806101820672, -190.11362732767884]","[1121.0583418726965, -2541.4073699138103, -66.31718139615077, -64.60617417207504]","[1075.0280038773008, -2584.5124541268906, -184.12135198158285, -172.42033685232127]","[1005.326835182538, -2649.4496486430817, -278.80467477905086, -259.74877806476434]","[936.4277479747028, -2713.65199583854, -275.59634883134095, -256.80938878183406]","[894.8238584952884, -2752.952571424904, -166.41555791765768, -157.20230234545488]","[868.426270128346, -2780.8070534042317, -105.59035346776955, -111.41792791731132]","[814.3518685663503, -2828.713610563503, -216.2976062479831, -191.62622863708583]","[734.5009082361929, -2886.988339611541, -319.40384132062945, -233.0989161921516]","[661.3634919559346, -2936.271306703028, -292.5496651210333, -197.13186836594832]","[580.6892637217718, -2889.961239430074, -322.6969129366512, 185.24026909181703]","[505.6510875190865, -2790.1046273652755, -300.15270481074117, 399.4264482591934]","[450.1022503793391, -2678.415753784747, -222.1953485589895, 446.7554943221148]","[427.6976052288248, -2556.0292267090845, -89.61858060205736, 489.5461083026494]","[373.28522815116, -2443.857499097242, -217.64950831065903, 448.6869104473699]"
324,Robot,"[308.9122303880246, -2336.798512320913, -257.4919910525416, 428.2359471053169]","[277.8252877200801, -2217.1030503662446, -124.34777067177811, 478.78184781867276]","[293.80823758961725, -2093.7610871116576, 63.931799478148605, 493.3678530183479]","[313.5783528542035, -1970.334418427678, 79.08046105834501, 493.70667473591857]","[333.3484681187897, -1846.9077497436965, 79.08046105834478, 493.70667473592584]","[353.118583383376, -1723.4810810597146, 79.08046105834524, 493.70667473592766]","[372.8886986479623, -1600.054412375733, 79.08046105834524, 493.70667473592675]","[392.6588139125485, -1476.6277436917512, 79.08046105834478, 493.70667473592675]","[412.4289291771348, -1353.2010750077695, 79.0804610583453, 493.7066747359272]","[432.199044441721, -1229.7744063237878, 79.08046105834478, 493.70667473592675]","[451.96915970630727, -1106.3477376398062, 79.08046105834501, 493.70667473592675]","[471.7392749708935, -982.9210689558256, 79.08046105834501, 493.7066747359222]","[491.50939023547977, -859.4944002718466, 79.08046105834501, 493.70667473591584]","[511.4827956612783, -736.1541316383855, 79.89362170319419, 493.36107453384466]","[561.4842924858226, -622.4936461325026, 200.00598729817716, 454.64194202353156]","[587.1636057020993, -501.00685648073886, 102.71725286510673, 485.9471586070549]"
325,Robot,"[603.9128741469796, -377.1340910859143, 66.99707377952109, 495.4910615792983]","[620.6621425918604, -253.26132569108967, 66.99707377952336, 495.4910615792985]","[637.411411036742, -129.38856029626515, 66.99707377952654, 495.49106157929805]","[654.1606794816238, -5.5157949014405006, 66.997073779527, 495.4910615792986]","[670.9099479265054, 118.35697049338418, 66.99707377952654, 495.49106157929873]","[687.6592163713871, 242.22973588820875, 66.99707377952654, 495.4910615792983]","[704.4084848162687, 366.10250128303335, 66.99707377952654, 495.4910615792984]","[721.1577532611503, 489.9752666778579, 66.99707377952654, 495.4910615792983]","[737.9070217060321, 613.8480320726825, 66.99707377952706, 495.49106157929873]","[754.6562901509137, 737.720797467507, 66.99707377952654, 495.4910615792983]","[732.607204905398, 860.7607821872546, -88.1963409820628, 492.15993887899003]","[710.5581196598823, 983.800766907002, -88.1963409820628, 492.1599388789896]","[688.5090344143666, 1106.8407516267496, -88.1963409820628, 492.1599388789905]","[666.4599491688509, 1229.880736346497, -88.1963409820628, 492.15993887899003]","[644.4108639233352, 1352.9207210662446, -88.1963409820628, 492.15993887899003]","[622.3617786778195, 1475.960705785992, -88.1963409820628, 492.15993887899003]"
326,Robot,"[600.3126934323038, 1599.0006905057396, -88.1963409820628, 492.15993887899003]","[578.2636081867881, 1722.0406752254871, -88.1963409820628, 492.15993887899003]","[556.2145229412724, 1845.0806599452344, -88.1963409820628, 492.1599388789891]","[534.1654376957567, 1968.120644664982, -88.1963409820628, 492.15993887899003]","[512.116352450241, 2091.160629384732, -88.1963409820628, 492.15993887900095]","[490.0672672047239, 2214.200614104485, -88.19634098206848, 492.15993887901095]","[468.0181819592068, 2337.240598824238, -88.19634098206848, 492.15993887901277]","[445.9690967136897, 2460.2805835439917, -88.19634098206848, 492.1599388790146]","[423.92001146817256, 2583.3205682637445, -88.19634098206856, 492.1599388790114]","[401.8709262226554, 2706.3605529834977, -88.1963409820687, 492.15993887901277]","[379.8218409771383, 2829.400537703251, -88.19634098206825, 492.15993887901277]","[357.7727557316204, 2952.440522423004, -88.19634098207166, 492.15993887901277]","[335.72367048610187, 3075.480507142757, -88.19634098207416, 492.15993887901095]","[396.7148203223982, 3000.521690069494, 243.96459934518543, -299.83526829305083]","[469.0296385789432, 2898.5630363880923, 289.2592730261799, -407.834614725607]","[541.3444568354879, 2796.6043827066906, 289.2592730261788, -407.834614725607]"
327,Robot,"[613.6592750920317, 2694.645729025291, 289.2592730261754, -407.83461472559793]","[685.9740933485756, 2592.687075343896, 289.2592730261754, -407.83461472557974]","[758.2889116051194, 2490.728421662502, 289.2592730261754, -407.8346147255761]","[830.6037298616633, 2388.769767981107, 289.2592730261754, -407.83461472557974]","[902.9185481182072, 2286.811114299713, 289.25927302617583, -407.8346147255761]","[975.233366374751, 2184.852460618318, 289.2592730261749, -407.83461472557974]","[1047.5481846312955, 2082.893806936923, 289.2592730261781, -407.83461472558156]","[1119.8630028878424, 1980.9351532555263, 289.25927302618766, -407.8346147255861]","[1192.177821144389, 1878.9764995741305, 289.25927302618703, -407.8346147255837]","[1264.4926394009358, 1777.0178458927342, 289.25927302618675, -407.8346147255852]","[1336.8074576574825, 1675.059192211338, 289.25927302618675, -407.8346147255843]","[1409.122275914026, 1573.100538529942, 289.259273026174, -407.8346147255843]","[1420.5139047576845, 1456.3246952156856, 45.56651537463404, -467.10337325702585]","[1403.1671671363888, 1332.5341838915203, -69.38695048518275, -495.16204529666084]","[1385.820429515093, 1208.7436725673551, -69.38695048518275, -495.16204529666084]","[1368.473691893798, 1084.95316124319, -69.38695048518002, -495.16204529666084]"
328,Robot,"[1351.1269542725024, 961.1626499190262, -69.38695048518275, -495.1620452966549]","[1333.780216651207, 837.3721385948638, -69.38695048518184, -495.16204529664947]","[1316.4334790299115, 713.5816272707015, -69.38695048518184, -495.16204529664947]","[1299.320815981427, 589.7592902541948, -68.45065219393837, -495.28934806602683]","[1281.965281611205, 465.9700119352544, -69.42213748088761, -495.1571132757615]","[1264.609747240983, 342.18073361631497, -69.42213748088761, -495.15711327575764]","[1247.2542128707612, 218.39145529737527, -69.42213748088761, -495.1571132757588]","[1229.8986785005393, 94.6021769784351, -69.42213748088761, -495.1571132757607]","[1212.5431441303174, -29.18710134050495, -69.42213748088767, -495.15711327576065]","[1195.1876097600957, -152.97637965944506, -69.4221374808867, -495.1571132757604]","[1177.8320753898736, -276.7656579783851, -69.42213748088852, -495.15711327576014]","[1160.4765410196517, -400.55493629732456, -69.42213748088761, -495.15711327575787]","[1143.1210066494298, -524.3442146162641, -69.42213748088761, -495.1571132757583]","[1125.765472279208, -648.133492935205, -69.4221374808867, -495.15711327576355]","[1108.6588073073178, -771.9567309914344, -68.42665988756107, -495.29295222491737]","[1091.6569642551965, -895.7942923238897, -68.00737220848532, -495.3502453298215]"
329,Robot,"[1074.2601633014829, -1019.5777779614212, -69.58720381485455, -495.133942550126]","[1056.8633623477697, -1143.36126359895, -69.58720381485273, -495.1339425501151]","[1039.4665613940535, -1267.144749236479, -69.58720381486455, -495.13394255011553]","[1022.0697604403376, -1390.928234874007, -69.58720381486364, -495.1339425501128]","[1004.6729594866212, -1514.711720511536, -69.58720381486592, -495.13394255011553]","[987.276158532905, -1638.4952061490646, -69.58720381486455, -495.1339425501146]","[969.8793575791888, -1762.2786917865933, -69.587203814865, -495.1339425501146]","[952.4825566254724, -1886.062177424122, -69.58720381486546, -495.1339425501146]","[935.0857556717564, -2009.8456630616504, -69.58720381486415, -495.13394255011417]","[917.68895471804, -2133.629148699183, -69.58720381486546, -495.133942550131]","[900.2921537643238, -2257.412634336717, -69.587203814865, -495.13394255013554]","[882.8953528106075, -2381.196119974252, -69.587203814865, -495.1339425501392]","[847.906662112074, -2500.858886933727, -139.95476279413424, -478.6510678379]","[808.5199989773361, -2619.491474223687, -157.54665253895155, -474.5303491598406]","[779.0587890211866, -2725.25861259338, -117.84483982459778, -423.0685534787717]","[889.8582209862922, -2667.3925095950817, 443.1977278604222, 231.4644119931927]"
330,Robot,"[997.8893012795852, -2607.7198535058824, 432.1243211731721, 238.69062435679734]","[1073.3808311064322, -2517.4653349848977, 301.966119307388, 361.0180740839387]","[1123.803128794821, -2418.051669879685, 201.68919075355552, 397.65466042085063]","[1130.792219349372, -2295.5375362568902, 27.95636221820405, 490.05653449117926]","[1126.3087000030105, -2174.801337128091, -17.93407738544647, 482.9447965151976]","[1162.065654748688, -2087.703497042948, 143.02781898271041, 348.3913603405708]","[1179.92891448011, -1995.5568028162756, 71.4530389256879, 368.5867769066899]","[1165.9344123697404, -1890.5955632113264, -55.97800844147878, 419.84495841979697]","[1156.5349698518223, -1801.684258521808, -37.597770071672166, 355.64521875807384]","[1183.4977441102094, -1750.1612882203056, 107.85109703354829, 206.09188120600993]","[1185.5450553323683, -1689.2028204743826, 8.189244888635585, 243.83387098369167]","[1187.1247116191598, -1643.5516774306543, 6.318625147166131, 182.6045721749133]","[1296.5727315210706, -1687.0147704939684, 437.79207960764325, -173.85237225325636]","[1414.485316574171, -1728.416031677422, 471.6503402124017, -165.6050447338148]","[1533.3803136722554, -1767.0033309486498, 475.5799883923373, -154.34919708491088]","[1652.2753107703395, -1805.5906302198775, 475.5799883923364, -154.34919708491088]"
331,Robot,"[1771.170307868424, -1844.1779294911055, 475.57998839233824, -154.3491970849118]","[1890.0653049665084, -1882.7652287623337, 475.5799883923373, -154.3491970849127]","[1982.5196780316824, -1871.086961768215, 369.8174922606959, 46.71306797647503]","[2065.196120527809, -1855.2743705137857, 330.70576998450633, 63.25036501771683]","[2153.426940018824, -1771.0371446963122, 352.9232779640606, 336.9489032698939]","[2241.2383342189974, -1682.075585309009, 351.245576800693, 355.8462375492127]","[2329.0497284191706, -1593.114025921706, 351.245576800693, 355.8462375492127]","[2416.861122619344, -1504.1524665344027, 351.245576800693, 355.8462375492127]","[2504.672516819517, -1415.1909071470996, 351.2455768006933, 355.846237549213]","[2592.4839110196904, -1326.2293477597964, 351.245576800693, 355.8462375492127]","[2680.295305219864, -1237.2677883724932, 351.24557680069483, 355.8462375492127]","[2768.106699420037, -1148.30622898519, 351.2455768006912, 355.8462375492127]","[2856.2706213257657, -1060.097364285497, 352.65568762291514, 352.8354587987724]","[2957.6821844054634, -996.3274216101574, 405.6462523187911, 255.07977070135803]","[3058.31706956936, -931.8599815910844, 402.53954065558537, 257.8697600762921]","[3144.656439916487, -841.4690908550072, 345.35748138850977, 361.56356294430907]"
332,Robot,"[3230.9958102636147, -751.0782001189297, 345.35748138850977, 361.56356294431]","[3317.335180610742, -660.6873093828499, 345.35748138850977, 361.5635629443191]","[3403.674550957869, -570.2964186467703, 345.35748138850795, 361.56356294431816]","[3490.013921304997, -479.9055279106911, 345.3574813885116, 361.563562944317]","[3576.3532916521244, -389.5146371746124, 345.35748138850977, 361.56356294431475]","[3662.692661999252, -299.1237464385337, 345.35748138850977, 361.56356294431475]","[3749.0320323463793, -208.73285570245503, 345.35748138850977, 361.56356294431475]","[3835.3714026935063, -118.34196496637634, 345.35748138850795, 361.56356294431475]","[3921.710773040634, -27.95107423029758, 345.35748138851187, 361.5635629443154]","[4008.0501433877616, 62.43981650578127, 345.35748138850977, 361.56356294431544]","[4094.389513734889, 152.83070724186, 345.35748138850977, 361.563562944315]","[4180.7288840820165, 243.2215979779387, 345.35748138850977, 361.56356294431475]","[4267.068254429144, 333.6124887140174, 345.35748138850977, 361.56356294431475]","[4353.407624776271, 424.0033794500961, 345.35748138850977, 361.56356294431475]","[4439.357589125539, 514.1289296891351, 343.799857397069, 360.50220095615623]","[4525.703690793407, 604.5133903378648, 345.3844066714737, 361.53784259491886]"
333,Robot,"[4611.811324888528, 694.6671557406248, 344.43053638048514, 360.6150616110399]","[4698.158530328057, 785.0505619211056, 345.3888217581152, 361.53362472192293]","[4784.505735767579, 875.4339681015871, 345.3888217580861, 361.5336247219261]","[4870.852941207097, 965.8173742820686, 345.3888217580716, 361.5336247219261]","[4957.200146646615, 1056.2007804625491, 345.3888217580752, 361.533624721922]","[5043.54735208613, 1146.5841866430278, 345.388821758057, 361.53362472191475]","[5129.894557525645, 1236.9675928235065, 345.38882175806066, 361.53362472191475]","[5219.5934806995565, 1323.9933141163842, 358.7956926956467, 348.10288517151093]","[5310.130333307067, 1410.1796141873615, 362.1474104300436, 344.74520028390936]","[5400.254439403004, 1496.7940751431022, 360.49642438374576, 346.4578438229628]","[5490.843062867015, 1582.925467075914, 362.3544938560444, 344.52556773124707]","[5443.033508569207, 1539.158399067623, -191.23821719123225, -175.06827203316425]","[5352.490629722517, 1452.9784298743382, -362.171515386759, -344.7198767731388]","[5261.947750875837, 1366.7984606810537, -362.17151538671897, -344.7198767731379]","[5171.404872029159, 1280.6184914877692, -362.1715153867117, -344.7198767731379]","[5080.86199318248, 1194.4385222944848, -362.17151538671897, -344.7198767731379]"
334,Robot,"[4990.319114335802, 1108.2585531012005, -362.1715153867117, -344.719876773137]","[4899.776235489123, 1022.0785839079158, -362.1715153867153, -344.7198767731388]","[4809.233356642444, 935.8986147146312, -362.1715153867153, -344.71987677313837]","[4718.690477795765, 849.7186455213468, -362.1715153867153, -344.71987677313746]","[4628.147598949086, 763.5386763280624, -362.1715153867153, -344.7198767731379]","[4537.604720102408, 677.3587071347779, -362.1715153867153, -344.7198767731379]","[4447.061841255729, 591.1787379414934, -362.1715153867153, -344.7198767731379]","[4356.518962409051, 504.9987687482089, -362.1715153867117, -344.71987677313814]","[4265.976083562371, 418.81879955492445, -362.1715153867193, -344.71987677313797]","[4175.433204715693, 332.63883036164, -362.1715153867117, -344.7198767731379]","[4084.8903258690143, 246.4588611683554, -362.1715153867153, -344.71987677313825]","[3994.347447022335, 160.27889197507022, -362.17151538671715, -344.71987677314075]","[3903.804568175656, 74.09892278178503, -362.1715153867153, -344.71987677314075]","[3813.261689328976, -12.081046411499992, -362.1715153867208, -344.71987677314013]","[3722.718810482297, -98.26101560478509, -362.1715153867153, -344.71987677314036]","[3632.175931635618, -184.4409847980702, -362.17151538671715, -344.7198767731404]"
335,Robot,"[3541.6330527889386, -270.62095399135524, -362.1715153867377, -344.7198767731598]","[3451.0901739422598, -356.8009231846397, -362.1715153867153, -344.7198767731379]","[3360.54729509558, -442.9808923779242, -362.17151538671897, -344.7198767731379]","[3270.0044162489007, -529.1608615712087, -362.17151538671715, -344.7198767731379]","[3179.461537402221, -615.3408307644931, -362.17151538671897, -344.7198767731379]","[3088.918658555542, -701.5207999577776, -362.1715153867153, -344.7198767731379]","[2998.100648455203, -787.4106048573991, -363.2720404013562, -343.5592195984859]","[2907.230232401786, -873.2451403677514, -363.4816642136684, -343.33814204140936]","[2816.359816348369, -959.0796758781038, -363.48166421366875, -343.33814204140964]","[2725.489400294952, -1044.9142113884554, -363.4816642136684, -343.3381420414066]","[2634.6189842415347, -1130.748746898805, -363.4816642136684, -343.338142041398]","[2543.7485681881176, -1216.5832824091544, -363.4816642136684, -343.338142041398]","[2452.8781521347005, -1302.417817919504, -363.4816642136684, -343.338142041398]","[2362.0077360812834, -1388.2523534298534, -363.4816642136684, -343.338142041398]","[2271.1373200278663, -1474.086888940203, -363.4816642136684, -343.338142041398]","[2180.266903974449, -1559.9214244505524, -363.4816642136684, -343.338142041398]"
336,Robot,"[2089.396487921032, -1645.755959960902, -363.4816642136684, -343.338142041398]","[1998.526071867612, -1731.5904954712514, -363.48166421368023, -343.338142041398]","[1907.655655814189, -1817.425030981601, -363.48166421369206, -343.338142041398]","[1816.7852397607664, -1903.2595664919504, -363.48166421369024, -343.338142041398]","[1725.9148237073434, -1989.0941020023, -363.48166421369206, -343.338142041398]","[1635.0444076539206, -2074.928637512651, -363.48166421369115, -343.33814204140526]","[1544.173991600498, -2160.7631730230064, -363.48166421369024, -343.3381420414207]","[1453.303575547075, -2246.5977085333616, -363.48166421369206, -343.3381420414207]","[1362.4331594936525, -2332.4322440437168, -363.4816642136906, -343.338142041421]","[1281.323576444003, -2420.597252856689, -324.4383321985979, -352.660035251889]","[1227.569300176674, -2514.625074858212, -215.01710506931613, -376.11128800609185]","[1211.9904774302477, -2614.1486931450627, -62.31529098570536, -398.0944731474028]","[1131.6185909206015, -2693.6442138902025, -321.4875460385847, -317.9820829805594]","[1041.0138208694298, -2770.2765642838403, -362.4190802046869, -306.52940157455123]","[1024.3682500355048, -2867.187295602145, -66.58228333569969, -387.64292527321777]","[975.0207535252046, -2965.457341225763, -197.38998604120115, -393.08018249447196]"
337,Robot,"[859.8447721994589, -3014.0319572885937, -460.7039253029825, -194.29846425132382]","[744.6687908737133, -3062.6065733514247, -460.7039253029825, -194.29846425132382]","[696.0191618875921, -3062.342300949242, -194.59851594448492, 1.0570896087301662]","[683.0375043442313, -2938.0182221574523, -51.9266301734433, 497.29631516715926]","[670.0558468008704, -2813.6941433656625, -51.9266301734433, 497.29631516715926]","[657.0741892575088, -2689.3700645738727, -51.92663017344648, 497.29631516715926]","[644.0925317141464, -2565.045985782083, -51.92663017344967, 497.29631516715926]","[631.1108741707841, -2440.721906990293, -51.92663017344921, 497.29631516715926]","[618.1292166274217, -2316.3978281985032, -51.92663017344971, 497.2963151671597]","[605.1475590840593, -2192.073749406713, -51.92663017344967, 497.2963151671611]","[592.165901540697, -2067.749670614924, -51.92663017344921, 497.2963151671556]","[579.1842439973345, -1943.4255918231336, -51.92663017344967, 497.296315167162]","[566.2025864539721, -1819.101513031344, -51.92663017344967, 497.29631516715835]","[553.2209289106098, -1694.7774342395542, -51.92663017344921, 497.29631516715926]","[543.9612361160662, -1570.1208736847627, -37.03877117817456, 498.62624221916576]","[534.7015433215225, -1445.4643131299713, -37.03877117817456, 498.62624221916576]"
338,Robot,"[525.4418505269789, -1320.8077525751798, -37.03877117817456, 498.62624221916576]","[516.1821577324353, -1196.1511920203884, -37.03877117817456, 498.62624221916576]","[506.9224649378916, -1071.494631465597, -37.03877117817456, 498.62624221916576]","[497.662772143348, -946.8380709108056, -37.03877117817456, 498.6262422191653]","[488.40307934880434, -822.1815103560141, -37.03877117817456, 498.6262422191662]","[479.1433865542607, -697.5249498012226, -37.03877117817456, 498.62624221916576]","[469.88369375971706, -572.8683892464312, -37.03877117817456, 498.62624221916576]","[460.6240009651734, -448.211828691639, -37.03877117817456, 498.6262422191687]","[451.3643081706298, -323.55526813684617, -37.03877117817459, 498.6262422191719]","[442.1046153760861, -198.8987075820533, -37.038771178174784, 498.62624221917144]","[432.8449225815425, -74.2421470272606, -37.03877117817433, 498.6262422191708]","[423.58522978699887, 50.41441352753206, -37.03877117817456, 498.62624221917065]","[414.3255369924552, 175.0709740823247, -37.03877117817456, 498.6262422191706]","[405.06584419791193, 299.7275346371176, -37.03877117817319, 498.6262422191717]","[395.806151403369, 424.3840951919104, -37.03877117817183, 498.626242219171]","[386.5464586088261, 549.0406557467029, -37.0387711781716, 498.6262422191701]"
339,Robot,"[377.2867658142833, 673.6972163014943, -37.038771178171146, 498.62624221916576]","[368.0270730197405, 798.3537768562858, -37.038771178171146, 498.62624221916576]","[358.7673802251976, 923.0103374110772, -37.0387711781716, 498.62624221916576]","[349.5076874306548, 1047.6668979658689, -37.038771178171146, 498.62624221916667]","[340.247994636112, 1172.32345852066, -37.038771178171146, 498.62624221916485]","[330.9883018415692, 1296.9800190754515, -37.03877117817137, 498.62624221916576]","[321.72860904702634, 1421.636579630243, -37.03877117817137, 498.62624221916576]","[312.4689162524835, 1546.2931401850344, -37.03877117817137, 498.62624221916576]","[303.2092234579407, 1670.949700739826, -37.03877117817118, 498.6262422191671]","[293.94953066339787, 1795.6062612946173, -37.03877117817137, 498.62624221916485]","[284.689837868855, 1920.2628218494087, -37.03877117817137, 498.62624221916576]","[275.43014507431224, 2044.9193824042, -37.038771178171146, 498.62624221916485]","[266.170452279769, 2169.575942958997, -37.038771178172965, 498.6262422191885]","[256.9107594852257, 2294.232503513794, -37.03877117817319, 498.6262422191885]","[247.6510666906828, 2418.889064068592, -37.0387711781716, 498.6262422191903]","[238.3913738961399, 2543.5456246233884, -37.0387711781716, 498.6262422191867]"
340,Robot,"[229.13168110159697, 2668.2021851781856, -37.038771178171714, 498.6262422191885]","[194.5490615747308, 2781.2982773204844, -138.33047810746461, 452.38436856919543]","[86.74987306858415, 2719.674987803123, -431.19675402458665, -246.4931580694465]","[-20.556816579784478, 2661.237645646556, -429.22675859347453, -233.74936862626782]","[-128.6513763080098, 2598.4637166858665, -432.3782389129012, -251.09571584275727]","[-236.7459360362356, 2535.689787725177, -432.37823891290327, -251.09571584275727]","[-344.8404957644621, 2472.915858764492, -432.378238912906, -251.0957158427409]","[-445.73279534960255, 2400.813080768956, -403.5691983405618, -288.4111119821446]","[-533.8210769025898, 2312.1256822670152, -352.3531262119492, -354.74959400776277]","[-621.909358455577, 2223.438283765074, -352.3531262119491, -354.74959400776424]","[-709.9976400085643, 2134.750885263134, -352.3531262119491, -354.7495940077606]","[-798.0859215615516, 2046.0634867611932, -352.3531262119491, -354.74959400776333]","[-886.1742031145388, 1957.3760882592528, -352.3531262119491, -354.7495940077615]","[-974.262484667526, 1868.688689757312, -352.3531262119486, -354.74959400776333]","[-1062.3507662205143, 1780.0012912553716, -352.35312621195317, -354.7495940077615]","[-1150.4390477735046, 1691.313892753431, -352.35312621196135, -354.7495940077624]"
341,Robot,"[-1238.5273293264947, 1602.6264942514904, -352.35312621196044, -354.7495940077624]","[-1326.6156108794848, 1513.9390957495498, -352.35312621196044, -354.7495940077624]","[-1414.703892432475, 1425.2516972476092, -352.35312621196044, -354.7495940077624]","[-1502.792173985465, 1336.5642987456686, -352.35312621196044, -354.7495940077624]","[-1590.8804555384552, 1247.876900243728, -352.35312621196044, -354.7495940077624]","[-1678.9687370914453, 1159.1895017417874, -352.35312621196044, -354.7495940077624]","[-1767.0570186444354, 1070.5021032398467, -352.35312621196044, -354.7495940077624]","[-1855.1453001974253, 981.8147047379076, -352.35312621195953, -354.7495940077565]","[-1943.233581750416, 893.1273062359697, -352.3531262119635, -354.74959400775185]","[-2031.321863303403, 804.439907734032, -352.3531262119477, -354.74959400775106]","[-2119.4101448563874, 715.7525092320942, -352.3531262119377, -354.74959400775106]","[-2207.498426409372, 627.0651107301564, -352.3531262119377, -354.74959400775106]","[-2295.5867079623563, 538.3777122282187, -352.3531262119377, -354.74959400775106]","[-2383.6749895153407, 449.6903137262809, -352.3531262119377, -354.74959400775106]","[-2473.337110306577, 363.0303581110029, -358.648483164945, -346.6398224611121]","[-2581.098382337709, 299.68599569230054, -431.0450881245288, -253.37744967480944]"
342,Robot,"[-2688.8596543688413, 236.3416332735984, -431.0450881245288, -253.37744967480853]","[-2796.620926399973, 172.99727085489675, -431.04508812452696, -253.3774496748066]","[-2904.3821984311057, 109.6529084361951, -431.0450881245306, -253.3774496748066]","[-3012.143470462238, 46.308546017493605, -431.0450881245288, -253.377449674806]","[-3119.90474249337, -17.03581640120773, -431.0450881245288, -253.37744967480535]","[-3227.6660145245023, -80.38017881990885, -431.0450881245288, -253.3774496748045]","[-3335.4272865556345, -143.7245412386098, -431.0450881245288, -253.37744967480376]","[-3443.1885585867667, -207.0689036573106, -431.0450881245288, -253.3774496748033]","[-3550.949830617899, -270.4132660760108, -431.0450881245292, -253.37744967480103]","[-3658.3814858779374, -334.3120564666568, -429.726621040154, -255.59516156258405]","[-3765.50887950312, -398.7226265237156, -428.5095745007311, -257.642280228235]","[-3807.665057944663, -446.4063860962686, -168.62471376617214, -190.73503829021206]","[-3682.752397342559, -451.0783472800928, 499.6506424084164, -18.68784473529695]","[-3557.8397367404555, -455.75030846391695, 499.65064240841457, -18.687844735296494]","[-3432.927076138352, -460.42226964774113, 499.65064240841457, -18.68784473529672]","[-3308.014415536248, -465.0942308315653, 499.65064240841457, -18.68784473529672]"
343,Robot,"[-3183.1017549341445, -469.7661920153895, 499.65064240841457, -18.68784473529672]","[-3058.189094332041, -474.4381531992137, 499.65064240841457, -18.68784473529672]","[-2933.2764337299373, -479.11011438303785, 499.65064240841457, -18.68784473529672]","[-2808.3637731278336, -483.782075566862, 499.65064240841457, -18.687844735296494]","[-2683.45111252573, -488.4540367506862, 499.65064240841457, -18.68784473529695]","[-2558.5384519236263, -493.1259979345104, 499.65064240841457, -18.68784473529672]","[-2433.6257913215227, -497.7979591183346, 499.65064240841457, -18.68784473529672]","[-2308.713130719419, -502.4699203021588, 499.65064240841457, -18.68784473529695]","[-2183.8004701173154, -507.1418814859829, 499.650642408415, -18.687844735296284]","[-2058.887809515212, -511.8138426698071, 499.65064240841275, -18.68784473529695]","[-1933.975148913108, -516.4858038536299, 499.6506424084173, -18.687844735291264]","[-1809.0624883110045, -521.1577650374527, 499.65064240841366, -18.687844735291037]","[-1684.1498277089008, -525.8297262212761, 499.65064240841457, -18.687844735293766]","[-1559.2371671067972, -530.5016874051003, 499.65064240841457, -18.687844735296494]","[-1434.3245065046935, -535.1736485889244, 499.65064240841457, -18.687844735296494]","[-1309.41184590259, -539.8456097727485, 499.65064240841457, -18.687844735296494]"
344,Robot,"[-1184.4991853004865, -544.5175709565726, 499.65064240841366, -18.687844735296494]","[-1059.5865246983826, -549.1895321403968, 499.6506424084155, -18.687844735296494]","[-934.6738640962768, -553.8614933242209, 499.6506424084232, -18.687844735296494]","[-820.2126688761139, -554.3719779025203, 457.8447808806518, -2.0419383131975337]","[-699.4357960304242, -555.2327024212744, 483.1074913827588, -3.4428980750167284]","[-648.4189528851548, -487.5424121945541, 204.0673725810775, 270.7611609068813]","[-650.5962961623272, -392.9877495939227, -8.70937310868976, 378.2186504025258]","[-528.6000083974477, -419.7209580016012, 487.9851510595181, -106.93283363071419]","[-405.2146107390389, -439.747023090382, 493.5415906336357, -80.10426035512326]","[-285.51133680256254, -472.42878443272696, 478.81309574590546, -130.72704536937977]","[-196.0054147842238, -558.399574051758, 358.02368807335495, -343.8831584761242]","[-126.72673209928524, -662.4234264379195, 277.11473073975424, -416.0954095446459]","[-62.88134401315025, -769.8520281248336, 255.38155234453998, -429.71440674765654]","[18.504340230877016, -842.5480233426028, 325.54273697610904, -290.7839808710769]","[115.56549387012556, -854.1367003759748, 388.2446145569942, -46.35470813348775]","[229.7258169791773, -805.4180818067255, 456.6412924362069, 194.87447427699726]"
345,Robot,"[344.2228282307253, -755.263975150711, 457.9880450061921, 200.61642662405802]","[463.8409879080894, -743.4867046304829, 478.4726387094563, 47.10908208091223]","[587.4829070628813, -761.8626625026577, 494.5676766191675, -73.50383148869923]","[711.1248262176737, -780.2386203748325, 494.56767661916956, -73.50383148869923]","[834.7667453724661, -798.6145782470073, 494.56767661916956, -73.50383148869923]","[958.4086645272585, -816.9905361191821, 494.56767661916956, -73.50383148869923]","[1082.0505836820496, -835.366493991357, 494.56767661916456, -73.50383148869923]","[1205.6925028368391, -853.7424518635329, 494.5676766191582, -73.50383148870378]","[1329.3344219916287, -872.118409735709, 494.56767661915865, -73.50383148870431]","[1452.9763411464182, -890.4943676078849, 494.5676766191582, -73.50383148870378]","[1576.6182603012078, -908.8703254800608, 494.5676766191582, -73.50383148870378]","[1700.260179455997, -927.2462833522368, 494.5676766191573, -73.50383148870378]","[1823.9020986107869, -945.6222412244128, 494.5676766191591, -73.50383148870424]","[1947.5440177655764, -963.9981990965888, 494.5676766191582, -73.50383148870378]","[2071.185936920367, -982.3741569687649, 494.56767661916274, -73.50383148870424]","[2194.8278560751623, -1000.7501148409416, 494.56767661918093, -73.50383148870696]"
346,Robot,"[2318.4697752299576, -1019.1260727131184, 494.56767661918093, -73.50383148870742]","[2442.111694384753, -1037.502030585296, 494.56767661918093, -73.5038314887106]","[2565.753613539548, -1055.8779884574735, 494.56767661918093, -73.5038314887097]","[2689.3955326943437, -1074.2539463296512, 494.56767661918275, -73.5038314887106]","[2813.0374518491385, -1092.6299042018288, 494.5676766191791, -73.5038314887106]","[2936.6793710039337, -1111.0058620740065, 494.56767661918093, -73.5038314887106]","[3060.321290158729, -1129.381819946184, 494.56767661918093, -73.5038314887097]","[3183.963209313524, -1147.7577778183618, 494.56767661918093, -73.50383148871151]","[3307.6051284683194, -1166.1337356905394, 494.5676766191814, -73.50383148871067]","[3431.2470476231147, -1184.509693562717, 494.56767661918093, -73.5038314887106]","[3554.88896677791, -1202.8856514348947, 494.56767661918093, -73.5038314887106]","[3678.530885932705, -1221.2616093070724, 494.56767661918093, -73.5038314887106]","[3802.172805087501, -1239.63756717925, 494.56767661918275, -73.5038314887106]","[3925.814724242296, -1258.0135250514263, 494.56767661918093, -73.50383148870515]","[4049.456643397091, -1276.3894829236017, 494.5676766191791, -73.50383148870151]","[4173.098562551879, -1294.765440795776, 494.5676766191518, -73.50383148869696]"
347,Robot,"[4296.740481706663, -1313.1413986679495, 494.56767661913545, -73.50383148869423]","[4420.382400861447, -1331.5173565401233, 494.5676766191391, -73.50383148869514]","[4538.8271903777, -1371.2132906988022, 473.77915806501187, -158.78373663471575]","[4657.05543282568, -1411.7975572027551, 472.91296979191975, -162.33706601581162]","[4775.283675273661, -1452.381823706708, 472.9129697919234, -162.33706601581162]","[4893.511917721642, -1492.966090210661, 472.9129697919234, -162.33706601581162]","[5011.740160169623, -1533.5503567146138, 472.9129697919234, -162.33706601581162]","[5129.968402617604, -1574.1346232185667, 472.9129697919234, -162.33706601581162]","[5248.196645065585, -1614.7188897225196, 472.9129697919238, -162.33706601581176]","[5367.039469969042, -1653.4112152404807, 475.37129961383107, -154.76930207184432]","[5486.5480925326, -1690.053938023617, 478.03449025423106, -146.5708911325455]","[5606.056715096158, -1726.696660806754, 478.03449025423106, -146.57089113254733]","[5725.565337659716, -1763.339383589892, 478.03449025423106, -146.57089113255188]","[5638.593277198404, -1673.576850020191, -347.8882418452449, 359.05013427880385]","[5551.213379659978, -1584.1914289148856, -349.5195901537045, 357.54168442122136]","[5463.833482121552, -1494.8060078095805, -349.5195901537045, 357.54168442122045]"
348,Robot,"[5376.453584583126, -1405.420586704275, -349.5195901537045, 357.54168442122227]","[5289.0736870447, -1316.0351655989696, -349.5195901537045, 357.54168442122136]","[5201.693789506274, -1226.6497444936642, -349.5195901537045, 357.54168442122136]","[5114.313891967848, -1137.264323388359, -349.5195901537045, 357.54168442122136]","[5026.933994429422, -1047.8789022830535, -349.5195901537045, 357.54168442122136]","[4939.554096890995, -958.4934811777504, -349.5195901537045, 357.5416844212127]","[4884.2846592273645, -848.5141359741606, -221.0777506545237, 439.91738081435915]","[4860.480357280913, -725.9001592597247, -95.21720778580493, 490.4559068577437]","[4815.211007633503, -610.2002601209699, -181.0773985896414, 462.7995965550194]","[4744.739991177469, -507.3728793298781, -281.8840658241352, 411.3095231643672]","[4697.3308602519055, -392.7132634975704, -189.63652370225464, 458.63846332923094]","[4683.364795359922, -268.6670453726571, -55.864259567933914, 496.184872499653]","[4658.404683790571, -146.75849684832278, -99.84044627740514, 487.6341940973374]","[4594.873108623123, -42.215787465479615, -254.12630066979182, 418.1708375313726]","[4536.010348159803, 62.057080355577526, -235.4510418532809, 417.09147128422853]","[4436.435688173665, 137.62087518249038, -398.2986399445508, 302.2551793076514]"
349,Robot,"[4336.861028187527, 213.1846700094029, -398.2986399445508, 302.2551793076501]","[4237.286368201389, 288.74846483631546, -398.2986399445508, 302.2551793076502]","[4137.711708215252, 364.312259663228, -398.2986399445508, 302.2551793076502]","[4038.137048229107, 439.8760544901406, -398.2986399445781, 302.2551793076502]","[3938.562388242958, 515.439849317053, -398.2986399445963, 302.25517930764977]","[3838.987728256809, 591.0036441439642, -398.2986399445963, 302.25517930764454]","[3739.41306827066, 666.5674389708779, -398.2986399445963, 302.255179307655]","[3639.838408284511, 742.1312337977919, -398.2986399445963, 302.2551793076559]","[3540.263748298362, 817.6950286247059, -398.29863994459663, 302.2551793076562]","[3440.689088312213, 893.2588234516198, -398.2986399445963, 302.2551793076559]","[3341.114428326064, 968.8226182785338, -398.29863994459447, 302.2551793076559]","[3241.539768339914, 1044.386413105447, -398.2986399445999, 302.2551793076527]","[3141.9651083537656, 1119.950207932358, -398.29863994459447, 302.25517930764363]","[3042.390448367625, 1195.5140027592693, -398.2986399445617, 302.25517930764545]","[2942.8157883814856, 1271.0777975861804, -398.2986399445581, 302.25517930764454]","[2843.2411283953456, 1346.6415924130915, -398.2986399445599, 302.25517930764454]"
350,Robot,"[2743.666468409206, 1422.205387240003, -398.2986399445581, 302.25517930764545]","[2644.091808423066, 1497.7691820669138, -398.2986399445599, 302.25517930764363]","[2544.517148436926, 1573.332976893825, -398.2986399445599, 302.25517930764454]","[2444.224026723098, 1647.9150394829403, -401.17248685531194, 298.32825035646147]","[2342.0834319952164, 1719.9726477462962, -408.56237891152705, 288.23043305342344]","[2239.942837267334, 1792.0302560096518, -408.56237891152887, 288.23043305342253]","[2137.802242539452, 1864.0878642730077, -408.56237891152887, 288.23043305342344]","[2035.661647811571, 1936.145472536363, -408.5623789115243, 288.2304330534216]","[1933.521053083694, 2008.2030807997187, -408.5623789115083, 288.2304330534228]","[1831.3804583558176, 2080.2606890630746, -408.5623789115052, 288.23043305342344]","[1729.239863627941, 2152.31829732643, -408.56237891150613, 288.23043305342253]","[1627.0992689000643, 2224.375905589786, -408.56237891150704, 288.23043305342253]","[1524.958674172188, 2296.433513853141, -408.5623789115052, 288.2304330534207]","[1422.8180794443117, 2368.491122116497, -408.5623789115052, 288.23043305342435]","[1320.677484716435, 2440.5487303798527, -408.56237891150704, 288.23043305342253]","[1218.5368899885566, 2512.6063386432083, -408.5623789115134, 288.23043305342253]"
351,Robot,"[1116.3962952606762, 2584.663946906564, -408.5623789115216, 288.23043305342253]","[1014.2557005327956, 2656.72155516992, -408.5623789115225, 288.23043305342435]","[912.1151058049164, 2728.7791634332752, -408.5623789115166, 288.2304330534207]","[809.9745110770369, 2800.836771696631, -408.56237891151795, 288.23043305342253]","[790.7122187877385, 2801.4505550398108, -77.04916915719377, 2.4551333727195015]","[876.9554362529484, 2710.967918908626, 344.97286986083964, -361.93054452473916]","[963.1986537181584, 2620.485282777441, 344.9728698608401, -361.93054452473916]","[1049.4418711833682, 2530.0026466462564, 344.9728698608392, -361.93054452473916]","[1135.685088648578, 2439.520010515072, 344.972869860839, -361.9305445247377]","[1221.928306113788, 2349.037374383887, 344.97286986084055, -361.930544524741]","[1308.171523578998, 2258.554738252702, 344.97286986083964, -361.93054452473916]","[1394.414741044208, 2168.072102121517, 344.97286986084055, -361.93054452473916]","[1480.6579585094178, 2077.5894659903324, 344.9728698608387, -361.93054452473916]","[1566.9011759746277, 1987.1068298591456, 344.97286986083964, -361.93054452474735]","[1653.1443934398376, 1896.624193727956, 344.97286986083964, -361.93054452475826]","[1739.3876109050475, 1806.1415575967656, 344.97286986083964, -361.9305445247619]"
352,Robot,"[1825.6308283702572, 1715.6589214655758, 344.9728698608387, -361.93054452475917]","[1916.9242761434723, 1630.523739685, 365.1737910928605, -340.540727122303]","[2012.1857620158344, 1549.5901291799069, 381.0459434894483, -323.7344420203726]","[2107.447247888193, 1468.6565186748137, 381.04594348943465, -323.7344420203726]","[2202.708733760552, 1387.7229081697203, 381.04594348943647, -323.73444202037354]","[2297.970219632917, 1306.7892976646274, 381.0459434894601, -323.7344420203717]","[2393.2317055052818, 1225.8556871595342, 381.0459434894583, -323.7344420203726]","[2488.4931913776463, 1144.922076654441, 381.0459434894583, -323.7344420203726]","[2583.754677250012, 1063.988466149348, 381.0459434894623, -323.7344420203729]","[2679.016163122374, 983.0548556442562, 381.0459434894492, -323.7344420203667]","[2774.277648994736, 902.121245139166, 381.0459434894474, -323.7344420203608]","[2869.5391348670973, 821.1876346340756, 381.04594348944556, -323.7344420203617]","[2964.8006207394587, 740.2540241289853, 381.04594348944556, -323.73444202036126]","[3060.06210661182, 659.320413623895, 381.04594348944556, -323.73444202036126]","[3155.323592484181, 578.3868031188047, 381.04594348944374, -323.73444202036126]","[3250.585078356543, 497.4531926137144, 381.0459434894474, -323.73444202036103]"
353,Robot,"[3345.8465642289043, 416.519582108624, 381.04594348944556, -323.7344420203617]","[3441.1080501012657, 335.5859716035337, 381.04594348944556, -323.73444202036103]","[3536.3695359736275, 254.65236109844335, 381.0459434894474, -323.7344420203615]","[3631.631021845989, 173.71875059335235, 381.04594348944556, -323.734442020364]","[3730.451703502077, 97.72560156157192, 395.282726624353, -303.97259612712173]","[3836.159376588568, 33.58194832873389, 422.83069234596405, -256.57461293135214]","[3930.621287514202, -48.2834740685048, 377.8476437025347, -327.46168958895475]","[4025.0760097959833, -130.1571723163934, 377.81888912712566, -327.4947929915544]","[4119.5383011172535, -212.0221557851198, 377.8491652850811, -327.45993387490586]","[4217.63483554957, -289.44849828526094, 392.3861377292669, -309.7053700005646]","[4312.906350234583, -370.34963280074686, 381.086058740053, -323.6045380619437]","[4407.079564605737, -452.5469910004078, 376.69285748461334, -328.7894327986437]","[4501.280975042307, -534.7118556362677, 376.80564174627943, -328.65945854343977]","[4596.604618894815, -609.9255526140009, 381.29457541003285, -300.8547879109328]","[4706.598036524465, -551.6166123365538, 439.97367051860056, 233.23576110978865]","[4820.24444016672, -530.3308572926497, 454.5856145690195, 85.14302017561613]"
354,Robot,"[4901.893693400915, -624.9796789773357, 326.59701293678154, -378.59528673874365]","[4983.542946635111, -719.6285006620216, 326.59701293678154, -378.59528673874365]","[5065.192199869306, -814.2773223467087, 326.59701293678154, -378.59528673874865]","[5146.841453103501, -908.9261440313976, 326.59701293678154, -378.5952867387555]","[5228.490706337697, -1003.5749657160862, 326.59701293678154, -378.59528673875457]","[5310.139959571888, -1098.223787400775, 326.59701293676335, -378.5952867387555]","[5391.789212806071, -1192.872609085464, 326.59701293673425, -378.59528673875593]","[5473.438466040255, -1287.5214307701526, 326.59701293673425, -378.5952867387541]","[5556.31914947554, -1379.9204303750707, 331.52273374114185, -369.5959984196728]","[5668.300813438803, -1408.8479896519334, 447.92665585305076, -115.71023710745067]","[5788.058141613094, -1434.5197586539082, 479.02931269716646, -102.68707600789912]","[5879.37794854372, -1512.5519977854767, 365.2792277225017, -312.1289565262741]","[5960.691170071141, -1607.489661569838, 325.25288610968346, -379.7506551374454]","[5840.472085565582, -1581.1033765060558, -480.87633802223354, 105.5451402551289]","[5718.377558836349, -1554.309225226993, -488.3781069169345, 107.17660511625127]","[5596.283032107115, -1527.5150739479302, -488.3781069169345, 107.17660511625127]"
355,Robot,"[5474.1885053778815, -1500.7209226688674, -488.3781069169345, 107.17660511625127]","[5352.093978648648, -1473.9267713898046, -488.3781069169345, 107.17660511625127]","[5229.999451919414, -1447.1326201107418, -488.3781069169345, 107.17660511625127]","[5107.904925190181, -1420.338468831679, -488.3781069169345, 107.17660511625127]","[4985.810398460947, -1393.544317552616, -488.3781069169345, 107.17660511625218]","[4863.715871731713, -1366.7501662735533, -488.3781069169345, 107.17660511625036]","[4741.62134500248, -1339.9560149944905, -488.3781069169345, 107.17660511625127]","[4619.526818273246, -1313.1618637154277, -488.3781069169345, 107.17660511625127]","[4497.4322915440125, -1286.3677124363649, -488.37810691693494, 107.17660511625137]","[4375.337764814779, -1259.573561157302, -488.3781069169345, 107.17660511625127]","[4253.243238085545, -1232.7794098782392, -488.3781069169345, 107.17660511625127]","[4131.148711356312, -1205.9852585991764, -488.3781069169345, 107.17660511625127]","[4009.054184627078, -1179.1911073201136, -488.3781069169345, 107.17660511625127]","[3886.959657897845, -1152.3969560410508, -488.37810691693267, 107.17660511625127]","[3764.865131168611, -1125.602804761988, -488.3781069169363, 107.17660511625127]","[3642.770604439377, -1098.8086534829251, -488.3781069169345, 107.17660511625127]"
356,Robot,"[3520.6760777101435, -1072.0145022038623, -488.3781069169345, 107.17660511625127]","[3398.58155098091, -1045.2203509247995, -488.3781069169345, 107.17660511625127]","[3276.4870242516763, -1018.4261996457336, -488.3781069169345, 107.17660511626354]","[3154.3924975224427, -991.632048366668, -488.3781069169345, 107.17660511626264]","[3032.297970793209, -964.8378970876024, -488.3781069169345, 107.17660511626218]","[2910.2034440639754, -938.0437458085368, -488.3781069169345, 107.17660511626264]","[2788.108917334742, -911.2495945294712, -488.3781069169345, 107.17660511626218]","[2665.7483019373426, -885.7598067747894, -489.44246158959686, 101.95915101872743]","[2542.91464001876, -862.5888875079042, -491.3346476743304, 92.68367706754051]","[2420.0809781001776, -839.4179682410188, -491.33464767433, 92.6836770675418]","[2297.247316181595, -816.2470489741335, -491.33464767433, 92.68367706754134]","[2174.4136542630126, -793.0761297072481, -491.33464767433, 92.68367706754134]","[2051.57999234443, -769.9052104403629, -491.33464767433, 92.68367706754088]","[1928.746330425853, -746.7342911734785, -491.33464767430814, 92.6836770675377]","[1805.9126685072763, -723.5633719065943, -491.33464767430723, 92.68367706753679]","[1683.0790065886997, -700.3924526397101, -491.3346476743063, 92.68367706753679]"
357,Robot,"[1560.245344670123, -677.2215333728258, -491.33464767430723, 92.68367706753725]","[1437.411682751546, -654.0506141059415, -491.33464767430723, 92.68367706753725]","[1314.5780208329693, -630.8796948390573, -491.33464767430723, 92.68367706753679]","[1191.7443589143925, -607.708775572173, -491.33464767430723, 92.68367706753725]","[1068.9106969958157, -584.5378563052886, -491.33464767430723, 92.68367706753725]","[946.0770350772387, -561.3669370384044, -491.3346476743077, 92.68367706753679]","[823.243373158662, -538.1960177715202, -491.3346476743068, 92.68367706753679]","[700.4097112400852, -515.0250985046359, -491.33464767430723, 92.68367706753725]","[577.5760493215084, -491.8541792377515, -491.3346476743077, 92.68367706753779]","[454.7423874029309, -468.683259970867, -491.3346476743102, 92.68367706753793]","[331.9087254843527, -445.51234070398255, -491.3346476743127, 92.68367706753793]","[209.026979365301, -422.6228959571203, -491.52698447620685, 91.55777898744896]","[84.14341050030706, -420.4432503095376, -499.5342754599758, 8.718582590330925]","[-40.79634899818756, -418.3009994346034, -499.7590379939785, 8.56900349973671]","[-164.28345125248995, -399.6310095353697, -493.94840901720954, 74.67995959693485]","[-289.0463062104346, -393.15988179675134, -499.0514198317785, 25.8845109544734]"
358,Robot,"[-412.9836111885555, -407.707779044816, -495.7492199124838, -58.19158899225863]","[-534.9168650925515, -435.164029933375, -487.73301561598373, -109.82500355423599]","[-655.3991909362039, -468.328970296695, -481.92930337460984, -132.65976145328]","[-766.5356934825278, -519.9404276332214, -444.5460101852955, -206.44582934610548]","[-771.5408698279887, -528.5952190369512, -20.020705381843527, -34.61916561491944]","[-771.5408698279887, -528.5952190369512, 0.0, 0.0]","[-776.4611442423337, -504.3421251222461, -19.681097657380178, 97.01237565882047]","[-837.8959246861931, -405.3188907368755, -245.73912177543752, 396.09293754148234]","[-958.3335880613809, -371.8559374792113, -481.75065350075147, 133.8518130306569]","[-1078.77125143657, -338.3929842215471, -481.7506535007569, 133.85181303065679]","[-1199.2089148117605, -304.9300309638822, -481.7506535007615, 133.85181303065974]","[-1319.646578186951, -271.4670777062169, -481.7506535007624, 133.8518130306611]","[-1440.0842415621416, -238.0041244485518, -481.7506535007624, 133.85181303066042]","[-1560.5219049373322, -204.5411711908869, -481.7506535007624, 133.85181303065963]","[-1680.9595683125228, -171.078217933222, -481.7506535007624, 133.85181303065963]","[-1801.3972316877134, -137.61526467555709, -481.7506535007624, 133.85181303065963]"
359,Robot,"[-1921.834895062904, -104.15231141789194, -481.7506535007624, 133.8518130306606]","[-2042.2725584380944, -70.68935816022667, -481.7506535007615, 133.85181303066105]","[-2162.71022181328, -37.22640490256156, -481.7506535007424, 133.85181303066045]","[-2283.147885188465, -3.763451644896641, -481.75065350073965, 133.85181303065968]","[-2403.58554856365, 29.699501612768056, -481.75065350073965, 133.85181303065878]","[-2524.0232119388347, 63.16245487043247, -481.75065350073965, 133.85181303065764]","[-2645.10418099172, 58.95371988595728, -484.3238762115416, -16.83493993790077]","[-2766.5711217023245, 29.44469898716357, -485.8677628424175, -118.03608359517483]","[-2888.038062412929, -0.0643219116301008, -485.86776284241796, -118.03608359517477]","[-3009.505003123533, -29.57334281042368, -485.8677628424157, -118.03608359517432]","[-3127.998807727011, -61.03075281291305, -473.97521841391244, -125.82964000995749]","[-3198.133979746551, -122.02686651688238, -280.5406880781611, -243.9844548158773]","[-3253.089140621931, -188.57158899204143, -219.82064350151995, -266.1788899006362]","[-3234.024074713917, -297.49760883967417, 76.2602636320571, -435.704079390531]","[-3193.887519441917, -349.46277020593743, 160.54622108799958, -207.86064546505304]","[-3126.74893778444, -244.39870442730367, 268.55432662990825, 420.25626311453505]"
360,Robot,"[-3078.1502440781, -129.3450607109949, 194.3947748253595, 460.21457486523514]","[-3040.229675962241, -10.306699857071749, 151.68227246343668, 476.15344341569255]","[-3115.633203451672, 80.47351025125309, -301.6141099577253, 363.12084043329935]","[-3232.240818294458, 79.16506938525787, -466.430459371144, -5.2337634639808925]","[-3348.598374845876, 33.4932067849286, -465.4302262056717, -182.68745040131705]","[-3464.955931397294, -12.178655815400589, -465.4302262056717, -182.68745040131677]","[-3581.313487948712, -57.85051841572968, -465.4302262056717, -182.68745040131637]","[-3697.67104450013, -103.52238101605872, -465.4302262056717, -182.68745040131614]","[-3814.028601051548, -149.1942436163876, -465.4302262056721, -182.68745040131574]","[-3930.386157602966, -194.8661062167163, -465.4302262056717, -182.68745040131478]","[-4037.332612718239, -237.17068475145712, -427.78582046109295, -169.21831413896325]","[-3918.412633366028, -198.6604457120888, 475.67991740884463, 154.04095615747326]","[-3799.492654013817, -160.15020667272043, 475.6799174088428, 154.0409561574735]","[-3680.5726746616074, -121.63996763335209, 475.6799174088392, 154.04095615747337]","[-3561.652695309396, -83.12972859398374, 475.67991740884463, 154.04095615747337]","[-3442.732715957185, -44.6194895546154, 475.67991740884463, 154.04095615747337]"
361,Robot,"[-3323.8127366049744, -6.109250515247116, 475.6799174088428, 154.04095615747312]","[-3204.892757252764, 32.40098852412113, 475.679917408841, 154.040956157473]","[-3085.972777900553, 70.91122756348933, 475.67991740884463, 154.0409561574728]","[-2967.0527985483423, 109.4214666028574, 475.6799174088428, 154.04095615747224]","[-2848.1328191961315, 147.93170564222558, 475.6799174088428, 154.04095615747275]","[-2729.212839843921, 186.44194468159392, 475.6799174088428, 154.04095615747337]","[-2610.29286049171, 224.95218372096164, 475.6799174088428, 154.04095615747087]","[-2491.3728811394994, 263.4624227603294, 475.6799174088428, 154.040956157471]","[-2372.4529017872887, 301.97266179969773, 475.6799174088432, 154.04095615747352]","[-2253.532922435078, 340.4829008390661, 475.6799174088428, 154.04095615747337]","[-2134.612943082868, 378.9931398784333, 475.679917408841, 154.04095615746883]","[-2015.6929637306569, 417.5033789178002, 475.6799174088437, 154.0409561574677]","[-1896.772984378446, 456.0136179571671, 475.6799174088437, 154.0409561574677]","[-1777.8530050262352, 494.5238569965341, 475.6799174088428, 154.04095615746792]","[-1658.9330256740243, 533.0340960359017, 475.6799174088437, 154.04095615747042]","[-1536.8740543936033, 558.697081988375, 488.2358851216841, 102.65194380989306]"
362,Robot,"[-1413.594364029989, 579.3639139626113, 493.11876145445694, 82.66732789694515]","[-1293.10800167529, 601.8205386469058, 481.94544941879576, 89.8264987371781]","[-1217.450872209596, 597.1661608016111, 302.6285178627768, -18.6175113811787]","[-1155.5267019439273, 576.2965494011305, 247.69668106267454, -83.47844560192243]","[-1147.5543436678818, 519.7843691122316, 31.88943310418199, -226.04872115559556]","[-1178.9083798923025, 438.6304969455698, -125.4161448976829, -324.61548866664725]","[-1224.3438471131697, 350.3311281796164, -181.74186888346867, -353.1974750638135]","[-1248.482154679093, 278.44988375566, -96.55323026369297, -287.5249776958258]","[-1248.8622746686915, 224.153276712151, -1.5204799583943909, -217.18642817403608]","[-1251.9326050484, 170.8449998309914, -12.281321518834375, -213.2331075246384]","[-1190.5686875221752, 152.50947234311906, 245.45567010489958, -73.34210995148942]","[-1069.9230618204629, 185.2147165562722, 482.58250280684933, 130.8209768526126]","[-949.2774361187504, 217.91996076942536, 482.5825028068498, 130.8209768526126]","[-828.6318104170382, 250.6252049825785, 482.5825028068489, 130.8209768526126]","[-707.9861847153259, 283.33044919573166, 482.58250280684933, 130.8209768526126]","[-587.3405590136135, 316.0356934088848, 482.58250280684933, 130.8209768526126]"
363,Robot,"[-466.6949333119006, 348.740937622038, 482.5825028068516, 130.82097685261283]","[-346.0493076101869, 381.4461818351911, 482.582502806855, 130.82097685261238]","[-225.40368190847312, 414.15142604834426, 482.582502806855, 130.8209768526126]","[-104.75805620675936, 446.8566702614974, 482.582502806855, 130.8209768526126]","[15.88756949495438, 479.56191447465056, 482.58250280685496, 130.8209768526126]","[136.53319519666812, 512.2671586878038, 482.58250280685496, 130.82097685261283]","[257.17882089838184, 544.9724029009569, 482.5825028068549, 130.8209768526126]","[377.8244466000956, 577.6776471141101, 482.582502806855, 130.8209768526126]","[498.47007230180935, 610.3828913272632, 482.5825028068555, 130.82097685261272]","[619.1156980035219, 643.0881355404164, 482.58250280685, 130.8209768526126]","[739.7613237052342, 675.7933797535695, 482.58250280684933, 130.8209768526126]","[860.4069494069465, 708.4986239667227, 482.58250280684933, 130.8209768526126]","[981.0525751086587, 741.2038681798758, 482.5825028068489, 130.8209768526126]","[1101.6982008103712, 773.909112393029, 482.5825028068498, 130.8209768526126]","[1222.3438265120835, 806.6143566061821, 482.58250280684933, 130.8209768526126]","[1342.989452213796, 839.3196008193353, 482.58250280685024, 130.8209768526126]"
364,Robot,"[-4315.75022, -945.10008, 0.0, 0.0]","[-4340.066920237124, -1067.5352814981366, -97.26680094849507, -489.74080599254603]","[-4349.213602472652, -1192.1598655462433, -36.58672894211486, -498.4983361924269]","[-4310.503648877421, -1282.3016308057345, 154.8398143809245, -360.5670610379648]","[-4215.5787128458605, -1350.1808416567003, 379.6997441262429, -271.5168434038633]","[-4138.016154067126, -1448.094490275751, 310.2502351149378, -391.6545944762029]","[-4038.9869056800567, -1466.814823880692, 396.1169935482776, -74.88133441976424]","[-3936.906026303222, -1413.535432579218, 408.3235175073387, 213.11756520589643]","[-3838.245487923885, -1345.2596221615763, 394.6421535173489, 273.10324167056683]","[-3747.594099525185, -1262.286523707632, 362.60555359479986, 331.8923938157768]","[-3669.132997291773, -1166.3626367740103, 313.8444089336481, 383.69554773448726]","[-3592.411095913194, -1071.7781551332148, 306.8876055143155, 378.337926563182]","[-3538.068901571234, -959.983252544814, 217.36877736783936, 447.17961035360304]","[-3489.148710298065, -844.9536264226854, 195.68076509267667, 460.11850448851465]","[-3406.324081389316, -787.3008405925971, 331.2985156349969, 230.61114332035322]","[-3314.010335192513, -821.3801131845994, 369.25498478721056, -136.3170903680093]"
365,Robot,"[-3287.848205421881, -777.7385034102231, 104.64851908252786, 174.56643909750528]","[-3271.3457730217674, -653.8326128122385, 66.0097296004551, 495.6235623919383]","[-3254.8433406216545, -529.9267222142539, 66.00972960045146, 495.6235623919383]","[-3173.244271313205, -480.898729255321, 326.3962772337982, 196.11197183573177]","[-3048.247444065861, -481.7893347224226, 499.9873089893754, -3.5624218684065454]","[-2923.2506168185173, -482.6799401895242, 499.9873089893754, -3.562421868406318]","[-2798.253789571173, -483.57054565662577, 499.9873089893772, -3.562421868406318]","[-2673.2569623238296, -484.46115112372735, 499.98730898937356, -3.562421868406318]","[-2548.2601350764858, -485.3517565908289, 499.98730898937583, -3.562421868406321]","[-2423.263307829142, -486.2423620579305, 499.9873089893754, -3.562421868406318]","[-2298.266480581798, -487.1329675250321, 499.9873089893754, -3.562421868406318]","[-2173.2696533344542, -488.02357299213367, 499.9873089893754, -3.562421868406318]","[-2048.2728260871104, -488.9141784592353, 499.9873089893754, -3.5624218684065454]","[-1923.2759988397663, -489.8047839263368, 499.9873089893763, -3.5624218684060907]","[-1798.2791715924227, -490.6953893934384, 499.98730898937447, -3.562421868406318]","[-1673.2823443450789, -491.58599486054, 499.9873089893754, -3.562421868406318]"
366,Robot,"[-1548.285517097735, -492.4766003276416, 499.9873089893754, -3.5624218684065454]","[-1423.2886898503912, -493.3672057947432, 499.9873089893754, -3.562421868406318]","[-1298.291862603047, -494.2578112618447, 499.9873089893763, -3.5624218684060907]","[-1173.2950353557037, -495.1484167289463, 499.98730898937356, -3.562421868406318]","[-1048.2982081083596, -496.0390221960479, 499.9873089893763, -3.562421868406318]","[-923.3013808610158, -496.9296276631495, 499.9873089893754, -3.5624218684065454]","[-798.3045536136719, -497.8202331302506, 499.9873089893754, -3.5624218684042717]","[-673.3077263663281, -498.7108385973515, 499.9873089893754, -3.5624218684035895]","[-548.9411544710016, -500.123888141643, 497.46628758130646, -5.652198177166161]","[-434.9412795186203, -536.8754972149011, 455.9994998095251, -147.00643629303227]","[-311.9371676459568, -541.1505954037935, 492.0164474906542, -17.10039275556983]","[-186.9523822239816, -539.2003613094076, 499.9391416879007, 7.800936377543621]","[-73.89638494572725, -542.3837383274322, 452.2239891130174, -12.733508072098175]","[-9.27416623086064, -580.2683649700804, 258.4888748594664, -151.53850657059274]","[62.98829693155542, -591.9784913297748, 289.0498526496642, -46.840505438777654]","[154.15864487247606, -575.558303986006, 364.68139176368254, 65.68074937507527]"
367,Robot,"[195.09730495305212, -602.4637210762625, 163.75464032230423, -107.62166836102597]","[215.28853537925096, -719.7259091684388, 80.76492170479537, -469.0487523687052]","[205.76469078025707, -843.0822824266667, -38.09537839597556, -493.4254930329116]","[255.0351270626996, -880.9297242140798, 197.08174512977007, -151.38976714965247]","[353.1924114418156, -823.7973321717956, 392.62913751646397, 228.52956816913684]","[472.4263190715952, -788.65263907119, 476.9356305191184, 140.57877240242215]","[592.687072567263, -754.5593674673335, 481.0430139826715, 136.37308641542631]","[712.9478260629314, -720.4660958634769, 481.04301398267353, 136.37308641542631]","[833.2085795585998, -686.3728242596203, 481.043013982674, 136.37308641542643]","[953.1843348307376, -652.0082489731275, 479.9030210885512, 137.4583011459713]","[1070.962869603564, -611.709288335557, 471.1141390913058, 161.19584255028212]","[1179.8685745675682, -565.4403383135267, 435.6228198560166, 185.075800088121]","[1278.088759211899, -534.1183558303561, 392.8807385773234, 125.28792993268235]","[1362.8921439941569, -468.9542974006473, 339.21353912903123, 260.6562337188352]","[1446.587448404387, -383.37506664093473, 334.78121764092066, 342.3169230388503]","[1560.284570236907, -353.1817846813036, 454.78848733008, 120.77312783852449]"
368,Robot,"[1680.3390632606684, -318.6977756114505, 480.2179720950419, 137.93603627941155]","[1802.01620677744, -290.1787437054977, 486.7085740670864, 114.07612762381109]","[1920.483285000916, -319.956070390736, 473.86831289390466, -119.10930674095312]","[2033.2836688122436, -373.8176839203867, 451.20153524530997, -215.4464541186028]","[2140.3390635140317, -418.1090206313369, 428.2215788071526, -177.16534684380076]","[2253.118958303833, -471.7560816806828, 451.1195791592054, -214.5882441973838]","[2369.3124539238984, -516.5536571087223, 464.7739824802611, -179.19030171215786]","[2490.416446795632, -491.35456573305777, 484.4159714869347, 100.79636550265809]","[2603.7284742148217, -439.0700407177763, 453.24810967675916, 209.1381000611261]","[2717.217792038349, -386.78635187370816, 453.9572712941099, 209.13475537627255]","[2830.0659837437224, -333.22585247734617, 451.39276682149284, 214.24199758544796]","[2920.795265761146, -249.17029673394623, 362.9171280696937, 336.22222297359974]","[2935.091611822461, -133.06250757270905, 57.18538424526014, 464.4311566449487]","[2892.100286378752, -15.697955682928113, -171.9653017748351, 469.45820755912376]","[2859.841541722388, 104.4747325869588, -129.03497862545737, 480.6907530795476]","[2932.7699370829364, 200.3746201465458, 291.7135814421945, 383.599550238348]"
369,Robot,"[3032.0547437507557, 275.5974846425456, 397.13922667127736, 300.8914579839993]","[3124.678032500698, 192.03113600124365, 370.4931549997691, -334.2653945652079]","[3216.4100824191123, 107.11805680983514, 366.9281996736572, -339.65231676563405]","[3308.1421323375266, 22.204977618426533, 366.9281996736572, -339.6523167656344]","[3399.874182255941, -62.70810157298225, 366.9281996736572, -339.65231676563513]","[3491.6062321743552, -147.6211807643912, 366.9281996736572, -339.65231676563576]","[3583.338282092769, -232.5342599558004, 366.9281996736554, -339.6523167656368]","[3675.070332011184, -317.4473391472096, 366.92819967365904, -339.6523167656369]","[3766.802381929598, -402.3604183386189, 366.92819967365756, -339.6523167656374]","[3858.534431848013, -487.27349753002807, 366.92819967365904, -339.65231676563667]","[3950.266481766425, -572.1865767214373, 366.9281996736481, -339.6523167656369]","[4041.578044256482, -656.0230930238451, 365.24624996022794, -335.34606520963143]","[4122.071793631429, -730.7904416739274, 321.9749974997867, -299.0693946003289]","[4189.442570881753, -816.7778535710332, 269.48310900129945, -343.94964758842343]","[4231.294286777134, -928.1685868464664, 167.4068635815238, -445.5629331017326]","[4214.703431611402, -1051.5063131724842, -66.36342066292855, -493.35090530407115]"
370,Robot,"[4136.068196219923, -1145.8980097449055, -314.540941565916, -377.5667862896853]","[4023.985240576908, -1197.7362271235152, -448.33182257206136, -207.35286951443868]","[3926.232817989708, -1173.4740493571494, -391.00969034879927, 97.04871106546307]","[3963.603110595172, -1066.9759006980278, 149.4811704218555, 425.9925946364865]","[4007.692406284688, -987.9940747917784, 176.35718275806357, 315.9273036249974]","[4043.559852332159, -885.5390292931422, 143.4697841898851, 409.8201819945448]","[4140.893025528406, -922.6065013755072, 389.33269278498665, -148.26988832945972]","[4238.396270908377, -1000.8248952504384, 390.0129815198852, -312.8735754997251]","[4335.899516288348, -1079.0432891253697, 390.01298151988556, -312.8735754997254]","[4433.40276166832, -1157.261683000301, 390.0129815198852, -312.8735754997251]","[4530.906007048291, -1235.4800768752325, 390.0129815198852, -312.87357549972603]","[4628.409252428262, -1313.6984707501636, 390.0129815198852, -312.8735754997242]","[4725.912497808234, -1391.9168646250948, 390.0129815198852, -312.8735754997251]","[4823.415743188205, -1470.135258500026, 390.0129815198852, -312.8735754997251]","[4920.918988568176, -1548.3536523749574, 390.0129815198852, -312.8735754997251]","[5018.422233948148, -1626.572046249889, 390.0129815198852, -312.87357549972603]"
371,Robot,"[5115.925479328119, -1704.79044012482, 390.0129815198852, -312.8735754997242]","[5213.42872470809, -1783.0088339997512, 390.0129815198852, -312.8735754997251]","[5310.9319700880615, -1861.2272278746832, 390.0129815198852, -312.87357549972785]","[5399.346003823937, -1949.499450646086, 353.6561349435033, -353.08889108561107]","[5442.892559973288, -1998.0461862762036, 174.18622459740436, -194.18694252047044]","[5346.861596826724, -1918.02710032077, -384.12385258625727, 320.07634382173455]","[5250.830633680161, -1838.0080143653363, -384.12385258625363, 320.07634382173455]","[5154.799670533597, -1757.988928409903, -384.12385258625363, 320.07634382173273]","[5058.768707387034, -1677.9698424544697, -384.123852586254, 320.07634382173393]","[4962.73774424047, -1597.9507564990363, -384.12385258625363, 320.07634382173364]","[4866.706781093907, -1517.9316705436029, -384.12385258625363, 320.07634382173364]","[4778.45473533183, -1441.497565403496, -353.0081830483068, 305.7364205604272]","[4691.271105353849, -1413.6060282876606, -348.7345199119263, 111.56614846334196]","[4568.603475996947, -1436.318236009066, -490.6705174276067, -90.84883088562128]","[4447.43773834537, -1466.9612908906818, -484.6629506063073, -122.57221952646341]","[4324.134588987979, -1459.2122418661356, -493.2125974295632, 30.996196098184555]"
372,Robot,"[4199.711507791482, -1452.2057297625197, -497.69232478599565, 28.026048414464128]","[4083.296776377847, -1495.4682153774258, -465.65892565454124, -173.04994245962462]","[3969.265238220027, -1546.3792259009283, -456.1261526312792, -203.64404209400982]","[3859.685728036262, -1540.0309315191105, -438.318040735061, 25.39317752727129]","[3767.613446312252, -1491.0710737100633, -368.2891268960393, 195.83943123618883]","[3694.635642444498, -1394.4676290343868, -291.9112154710165, 386.4137787027057]","[3626.71731809842, -1289.529069781742, -271.6732973843118, 419.75423701057935]","[3558.798993752341, -1184.5905105290972, -271.67329738431545, 419.75423701057935]","[3490.8806694062628, -1079.6519512764523, -271.67329738431386, 419.75423701057974]","[3422.9623450601844, -974.7133920238076, -271.6732973843136, 419.7542370105789]","[3355.044020714106, -869.7748327711627, -271.6732973843136, 419.7542370105798]","[3287.1256963680275, -764.8362735185178, -271.6732973843136, 419.75423701057935]","[3219.207372021949, -659.897714265873, -271.6732973843136, 419.75423701057935]","[3151.2890476758707, -554.9591550132282, -271.6732973843136, 419.75423701057935]","[3083.3707233297923, -450.0205957605833, -271.6732973843136, 419.75423701057935]","[3015.452398983714, -345.08203650793854, -271.6732973843136, 419.7542370105791]"
373,Robot,"[2947.5340746376355, -240.143477255295, -271.6732973843136, 419.7542370105741]","[2879.615750291557, -135.20491800265089, -271.6732973843136, 419.7542370105765]","[2811.6974259454787, -30.2663587500071, -271.6732973843136, 419.75423701057514]","[2743.7791015994003, 74.67220050263654, -271.6732973843136, 419.75423701057457]","[2675.860777253322, 179.61075975527996, -271.6732973843136, 419.75423701057366]","[2600.9989928977634, 279.57241062368297, -299.44713742223394, 399.84660347361205]","[2523.436974094074, 377.5985971204375, -310.2480752147585, 392.1047459870181]","[2445.874955290384, 475.624783617192, -310.2480752147585, 392.1047459870181]","[2368.3129364866945, 573.6509701139456, -310.2480752147588, 392.1047459870148]","[2290.750917683005, 671.6771566106987, -310.2480752147585, 392.1047459870124]","[2213.1888988793157, 769.7033431074518, -310.2480752147567, 392.1047459870124]","[2135.6268800756256, 867.7295296042049, -310.2480752147603, 392.1047459870124]","[2058.064861271936, 965.755716100958, -310.2480752147585, 392.1047459870124]","[1980.5028424682464, 1063.7819025977112, -310.2480752147585, 392.10474598701285]","[1902.9408236645568, 1161.8080890944643, -310.2480752147585, 392.1047459870124]","[1825.3788048608671, 1259.8342755912174, -310.2480752147585, 392.1047459870124]"
374,Robot,"[1747.816786057179, 1357.8604620879703, -310.24807521475304, 392.1047459870115]","[1670.2547672534934, 1455.8866485847236, -310.24807521474213, 392.1047459870133]","[1592.6927484498078, 1553.9128350814767, -310.24807521474213, 392.1047459870124]","[1515.1307296461223, 1651.9390215782298, -310.24807521474213, 392.1047459870124]","[1437.5687108424368, 1749.965208074983, -310.24807521474213, 392.1047459870124]","[1360.0066920387512, 1847.991394571736, -310.24807521474213, 392.1047459870124]","[1282.444673235066, 1946.017581068489, -310.2480752147412, 392.1047459870124]","[1204.8826544313806, 2044.0437675652424, -310.2480752147412, 392.1047459870133]","[1127.3206356276914, 2142.0699540620008, -310.24807521475697, 392.10474598703365]","[1049.7586168240018, 2240.0961405587595, -310.2480752147585, 392.10474598703513]","[972.196598020314, 2338.1223270555183, -310.2480752147512, 392.10474598703513]","[894.6345792166273, 2436.148513552277, -310.2480752147467, 392.10474598703513]","[817.0725604129406, 2534.174700049036, -310.24807521474713, 392.10474598703513]","[739.5105416092538, 2632.2008865457947, -310.24807521474713, 392.10474598703513]","[661.9485228055655, 2730.227073042553, -310.24807521475304, 392.1047459870333]","[584.3865040018759, 2828.253259539312, -310.2480752147585, 392.10474598703513]"
375,Robot,"[506.8244851981864, 2926.279446036067, -310.24807521475805, 392.1047459870206]","[429.2624663944982, 3024.30563253282, -310.2480752147528, 392.1047459870115]","[458.8654168266954, 2991.3431029774133, 118.41180172878899, -131.85011822162596]","[537.4828610602164, 2894.16132761707, 314.4697769340837, -388.7271014413727]","[616.1003052937373, 2796.979552256727, 314.4697769340837, -388.7271014413727]","[694.7177495272582, 2699.797776896384, 314.4697769340837, -388.7271014413709]","[773.3351937607791, 2602.6160015360406, 314.4697769340837, -388.72710144137454]","[851.9526379943001, 2505.4342261756974, 314.4697769340837, -388.7271014413727]","[930.570082227821, 2408.252450815354, 314.469776934084, -388.72710144137307]","[1009.187526461342, 2311.070675455011, 314.46977693408417, -388.7271014413727]","[1087.8049706948627, 2213.888900094668, 314.4697769340828, -388.7271014413727]","[1166.4224149283837, 2116.7071247343247, 314.4697769340837, -388.7271014413727]","[1245.0398591619046, 2019.52534937398, 314.4697769340837, -388.7271014413791]","[1323.6573033954255, 1922.3435740136308, 314.4697769340837, -388.72710144139637]","[1402.2747476289464, 1825.161798653282, 314.4697769340837, -388.72710144139546]","[1480.8921918624674, 1727.980023292933, 314.4697769340837, -388.72710144139546]"
376,Robot,"[1559.5096360959883, 1630.7982479325842, 314.4697769340837, -388.72710144139546]","[1638.1270803295092, 1533.6164725722354, 314.4697769340837, -388.72710144139546]","[1716.7445245630302, 1436.4346972118865, 314.4697769340837, -388.72710144139546]","[1795.361968796551, 1339.2529218515376, 314.4697769340837, -388.72710144139546]","[1873.979413030072, 1242.0711464911888, 314.4697769340837, -388.72710144139546]","[1952.596857263593, 1144.88937113084, 314.4697769340837, -388.72710144139546]","[2031.2143014971136, 1047.707595770491, 314.4697769340828, -388.72710144139546]","[2109.831745730635, 950.5258204101422, 314.4697769340846, -388.72710144139546]","[2188.449189964156, 853.3440450497933, 314.4697769340858, -388.7271014413958]","[2267.0666341976766, 756.1622696894444, 314.4697769340819, -388.72710144139546]","[2345.6840784311976, 658.9804943290956, 314.4697769340837, -388.72710144139546]","[2424.3015226647185, 561.7987189687467, 314.4697769340837, -388.72710144139546]","[2502.9189668982394, 464.6169436083978, 314.4697769340837, -388.7271014413957]","[2581.5364111317604, 367.43516824804897, 314.4697769340837, -388.72710144139523]","[2660.1538553652813, 270.2533928877001, 314.4697769340837, -388.72710144139546]","[2738.771299598802, 173.07161752735124, 314.4697769340837, -388.72710144139546]"
377,Robot,"[2817.318865513257, 75.83440236176739, 314.19026365781974, -388.9488606623354]","[2886.3914970297296, -14.806093695286016, 276.29052606588994, -362.56198422821365]","[2874.4038840591115, -105.00167841172224, -47.95045188247241, -360.7823388657449]","[2833.722181501644, -106.86980183379474, -162.72681022986944, -7.472493688290001]","[2784.5876790461234, -42.890781918852205, -196.53800982208304, 255.91607965977013]","[2735.767929200798, 19.62605576138109, -195.27899938130213, 250.06735072093318]","[2735.320482161074, 43.13903242711161, -1.7897881588960445, 94.05190666292208]","[2739.9400658872837, 76.22251482659145, 18.478334904839357, 132.33392959791937]","[2747.415430536344, 149.2264945088663, 29.90145859624138, 292.01591872909967]","[2843.590730717653, 113.44542089430352, 384.70120072523605, -143.1242944582511]","[2948.802015233775, 45.95034247766798, 420.8451380644874, -269.9803136665422]","[3054.0132997498968, -21.544735938967428, 420.8451380644874, -269.98031366654163]","[3158.844506181573, -89.62415901527187, 419.32482572670415, -272.31769230521775]","[3264.008795417238, -157.1917668608356, 420.65715694266146, -270.2704313822549]","[3369.2355849358487, -224.662669979186, 420.9071580744421, -269.8836124734016]","[3474.462374454459, -292.133573097536, 420.9071580744421, -269.8836124733999]"
378,Robot,"[3579.6891639730698, -359.60447621588565, 420.9071580744421, -269.88361247339867]","[3684.91595349168, -427.0753793342353, 420.9071580744403, -269.88361247339867]","[3790.1172360191545, -494.5858200677084, 420.8051301098985, -270.0417629338924]","[3896.031363328153, -560.8918923028839, 423.65650923599424, -265.22428894070185]","[4003.237732600668, -625.0451591848138, 428.8254770900603, -256.6130675277195]","[4118.502138547883, -672.8764039935404, 461.0576237888599, -191.32497923490655]","[4240.588559425984, -699.4315629135941, 488.34568351240523, -106.22063568021485]","[4363.068209635688, -723.8639270579758, 489.9186008388133, -97.72945657752689]","[4477.358987367021, -774.2643185035162, 457.16311092533255, -201.60156578216146]","[4591.207135256325, -825.5886326694485, 455.3925915572181, -205.2972566637295]","[4713.255811261711, -852.3159305750913, 488.19470402154184, -106.90919162257114]","[4835.6463548454985, -876.0668617702277, 489.5621743351512, -95.00372478054533]","[4957.215729734023, -904.92186135227, 486.2774995540967, -115.41999832816919]","[5026.780283320139, -932.4341913301064, 278.25821434446334, -110.04931991134572]","[5083.768025663687, -971.694713878122, 227.95096937419294, -157.04209019206246]","[5173.202241697765, -1059.0246686609432, 357.73686413631367, -349.31981913128493]"
379,Robot,"[5262.636457731844, -1146.3546234437629, 357.73686413631367, -349.31981913127856]","[5352.070673765922, -1233.6845782265823, 357.73686413631367, -349.31981913127765]","[5441.5048898000005, -1321.0145330094022, 357.73686413631367, -349.3198191312795]","[5527.554695193943, -1405.1111446437326, 344.19922157577093, -336.3864465373217]","[5608.25184272964, -1438.3339228952984, 322.78859014278714, -132.89111300626337]","[5692.997491897916, -1489.930871340992, 338.9825966731041, -206.38779378277468]","[5774.965372324902, -1562.0344222360072, 327.87152170794434, -288.41420358006053]","[5849.222309142873, -1557.6796816145345, 297.02774727188444, 17.418962485890916]","[5889.040061714489, -1555.8202406640733, 159.27101028646226, 7.4377638018450005]","[5876.315192226844, -1580.4958820248848, -50.89947795057742, -98.70256544324639]","[5874.160734340758, -1614.173297179473, -8.6178315443467, -134.70966061835225]","[5845.398470424791, -1631.490273993751, -115.04905566386515, -69.26790725711271]","[5757.989212297676, -1705.8498157796894, -349.63703250846083, -297.43816714375316]","[5660.767484407183, -1771.3811606928064, -388.88691156197456, -262.1253796524679]","[5603.922610276413, -1780.2318107794847, -227.37949652307725, -35.40260034671337]","[5509.698113218806, -1755.47437688027, -376.8979882304302, 99.0297355968587]"
380,Robot,"[5443.069648621947, -1796.0101783299135, -266.51385838742834, -162.14320579856934]","[5443.069648621947, -1796.0101783299135, 0.0, 0.0]","[5443.069648621947, -1796.0101783299135, 0.0, 0.0]","[5429.342037895623, -1809.6139431801687, -54.910442905293166, -54.4150594010207]","[5512.900857093505, -1845.9762166249025, 334.2352767915254, -145.4490937789351]","[5634.332389189794, -1875.630609431866, 485.7261283851585, -118.61757122785457]","[5755.763921286084, -1905.2850022388309, 485.7261283851585, -118.61757122785912]","[5833.531917253882, -1909.6326959564644, 311.07198387119206, -17.390774870534187]","[5708.541183087451, -1908.110732574484, -499.962936665725, 6.0878535279216575]","[5583.55044892102, -1906.588769192506, -499.96293666572456, 6.087853527911648]","[5458.559714754589, -1905.066805810528, -499.96293666572456, 6.087853527912557]","[5333.5689805881575, -1903.5448424285496, -499.96293666572456, 6.087853527913467]","[5208.578246421726, -1902.0228790465717, -499.96293666572456, 6.087853527911648]","[5083.587512255295, -1900.500915664593, -499.96293666572456, 6.087853527914376]","[4982.558817027545, -1830.103688538645, -404.1147809110007, 281.5889085037925]","[4883.61377735968, -1753.7173080436555, -395.7801586714595, 305.5455219799578]"
381,Robot,"[4784.668737691815, -1677.3309275486663, -395.7801586714595, 305.5455219799569]","[4685.72369802395, -1600.9445470536773, -395.7801586714595, 305.545521979956]","[4586.7786583560855, -1524.558166558688, -395.7801586714595, 305.5455219799569]","[4487.833618688221, -1448.1717860636988, -395.7801586714595, 305.5455219799569]","[4386.736272591667, -1375.1222015697774, -404.38938438621335, 292.1983379756857]","[4286.661431218761, -1300.4571777336512, -400.2993654916245, 298.66009534450495]","[4187.834320368336, -1223.9182846076378, -395.30844340170006, 306.15557250405345]","[4089.0072095179103, -1147.3793914816245, -395.3084434017037, 306.15557250405345]","[3990.180098667474, -1070.840498355611, -395.3084434017459, 306.15557250405374]","[3891.3529878170375, -994.3016052295966, -395.30844340174554, 306.155572504058]","[3792.525876966601, -917.7627121035804, -395.30844340174554, 306.1555725040648]","[3693.6987661161647, -841.2238189775642, -395.30844340174554, 306.1555725040648]","[3594.8716552657284, -764.684925851548, -395.30844340174554, 306.1555725040648]","[3496.044544415292, -688.1460327255318, -395.30844340174554, 306.1555725040648]","[3397.217433564856, -611.6071395995156, -395.3084434017437, 306.1555725040648]","[3298.390322714419, -535.0682464734994, -395.30844340174735, 306.1555725040648]"
382,Robot,"[3199.563211863983, -458.5293533474842, -395.30844340174554, 306.15557250406073]","[3100.7361010135464, -381.9904602214694, -395.30844340174554, 306.15557250405914]","[3001.90899016311, -305.4515670954546, -395.30844340174554, 306.15557250405914]","[2903.0818793126737, -228.9126739694396, -395.30844340174554, 306.15557250406005]","[2804.2547684622373, -152.37378084342407, -395.30844340174554, 306.1555725040621]","[2705.427657611801, -75.83488771740858, -395.30844340174554, 306.155572504062]","[2606.6005467613645, 0.7040054086069181, -395.30844340174554, 306.155572504062]","[2507.773435910928, 77.24289853462241, -395.30844340174554, 306.155572504062]","[2408.946325060492, 153.7817916606379, -395.30844340174406, 306.15557250406226]","[2310.119214210056, 230.3206847866534, -395.30844340174554, 306.155572504062]","[2211.292103359619, 306.8595779126693, -395.30844340174735, 306.15557250406357]","[2112.4649925091826, 383.3984710386856, -395.30844340174554, 306.1555725040653]","[2013.6378816587464, 459.9373641647016, -395.3084434017446, 306.1555725040639]","[1914.8107708083096, 536.4762572907175, -395.30844340174735, 306.1555725040637]","[1815.9836599578732, 613.0151504167337, -395.30844340174554, 306.1555725040648]","[1717.154492514527, 689.5513859871508, -395.316669773385, 306.14494228166814]"
383,Robot,"[1618.3277795372987, 766.0907928447737, -395.3068519089129, 306.15762743049163]","[1519.5010665600705, 842.6301997023993, -395.3068519089129, 306.15762743050254]","[1417.9046637313888, 914.686341237912, -406.3856113147267, 288.22456614205066]","[1305.2295014968934, 968.8094214849727, -450.7006489379819, 216.49232098824314]","[1192.554339262398, 1022.9325017320336, -450.7006489379819, 216.4923209882436]","[1079.8791770279024, 1077.0555819790916, -450.7006489379819, 216.49232098823177]","[967.2040147934056, 1131.1786622261495, -450.70064893798735, 216.49232098823177]","[854.5288525589071, 1185.3017424732077, -450.7006489379937, 216.49232098823268]","[741.8536903244088, 1239.4248227202654, -450.70064893799366, 216.49232098823106]","[629.1785280899105, 1293.5479029673234, -450.70064893799326, 216.49232098823177]","[516.5033578802171, 1347.6709666112863, -450.7006808387737, 216.4922545758518]","[403.0224008814429, 1400.0184845889055, -453.9238279950969, 209.39007191047676]","[290.3761973879554, 1454.2018107926754, -450.58481397394985, 216.73330481507946]","[177.72999389446846, 1508.3851369964452, -450.5848139739478, 216.73330481507946]","[64.6933573456931, 1561.730305067805, -452.14654619510145, 213.38067228543878]","[-47.9375238310943, 1615.9454745809614, -450.5235247071496, 216.8606780526261]"
384,Robot,"[-160.5684050078816, 1670.160644094118, -450.52352470714925, 216.8606780526261]","[-273.19928618466867, 1724.3758136072745, -450.5235247071482, 216.8606780526261]","[-385.8301673614557, 1778.590983120431, -450.5235247071482, 216.8606780526261]","[-498.4610485382428, 1832.8061526335875, -450.5235247071482, 216.8606780526261]","[-611.0919297150299, 1887.021322146744, -450.52352470714845, 216.8606780526261]","[-723.722810891817, 1941.2364916599008, -450.5235247071482, 216.860678052627]","[-836.353692068604, 1995.451661173057, -450.5235247071482, 216.86067805262428]","[-948.9845732453912, 2049.666830686214, -450.5235247071487, 216.86067805262792]","[-1061.615454422179, 2103.8820001993704, -450.5235247071518, 216.8606780526263]","[-1174.246335598969, 2158.097169712527, -450.5235247071596, 216.8606780526261]","[-1286.8772167757588, 2212.3123392256834, -450.5235247071596, 216.8606780526261]","[-1399.5080979525433, 2266.52750873884, -450.52352470713777, 216.8606780526261]","[-1512.1389791293277, 2320.7426782519965, -450.52352470713777, 216.8606780526261]","[-1624.7698603061117, 2374.957847765153, -450.52352470713595, 216.8606780526261]","[-1737.400741482896, 2429.173017278309, -450.52352470713686, 216.86067805262428]","[-1850.03162265968, 2483.388186791466, -450.52352470713595, 216.86067805262792]"
385,Robot,"[-1962.6625038364643, 2537.6033563046226, -450.52352470713777, 216.8606780526261]","[-2075.29338501325, 2591.818525817779, -450.5235247071423, 216.8606780526261]","[-2187.92426619004, 2646.033695330936, -450.5235247071596, 216.86067805262792]","[-2300.5551473668297, 2700.248864844092, -450.5235247071596, 216.86067805262428]","[-2413.18602854362, 2754.4640343572487, -450.5235247071614, 216.8606780526261]","[-2525.816909720409, 2808.679203870405, -450.52352470715596, 216.8606780526261]","[-2640.4264063040578, 2857.002620786984, -458.4379863345948, 193.29366766631574]","[-2716.594862449105, 2866.394945261927, -304.67382458018983, 37.56929789977221]","[-2603.065643651766, 2814.087044527289, 454.1168751893569, -209.2316029385531]","[-2489.536424854427, 2761.7791437926508, 454.1168751893565, -209.2316029385529]","[-2376.007206057088, 2709.4712430580125, 454.1168751893565, -209.2316029385529]","[-2262.4779872597487, 2657.1633423233743, 454.1168751893565, -209.2316029385529]","[-2148.9487684624096, 2604.855441588736, 454.1168751893565, -209.2316029385529]","[-2035.4195496650696, 2552.547540854098, 454.11687518936014, -209.2316029385529]","[-1921.890330867725, 2500.23964011946, 454.11687518937833, -209.23160293855108]","[-1808.36111207038, 2447.9317393848214, 454.11687518938015, -209.23160293855472]"
386,Robot,"[-1694.8318932730351, 2395.623838650183, 454.11687518937924, -209.2316029385529]","[-1581.3026744756903, 2343.315937915545, 454.11687518937924, -209.2316029385529]","[-1467.7734556783455, 2291.0080371809067, 454.11687518937924, -209.2316029385529]","[-1354.244236881001, 2238.7001364462685, 454.11687518937833, -209.2316029385529]","[-1240.715018083656, 2186.3922357116303, 454.11687518937924, -209.2316029385529]","[-1127.1857992863113, 2134.084334976992, 454.11687518937924, -209.2316029385529]","[-1013.6565804889668, 2081.776434242354, 454.1168751893779, -209.2316029385529]","[-900.1273616916249, 2029.4685335077136, 454.1168751893679, -209.23160293856108]","[-786.5981428942829, 1977.1606327730697, 454.1168751893683, -209.23160293857583]","[-673.0689240969409, 1924.8527320384255, 454.1168751893679, -209.23160293857654]","[-559.539705299599, 1872.5448313037816, 454.1168751893679, -209.23160293857563]","[-446.0104865022561, 1820.23693056914, 454.1168751893715, -209.23160293856654]","[-332.48126770491274, 1767.9290298344986, 454.11687518937333, -209.23160293856563]","[-218.9520489075696, 1715.6211290998574, 454.11687518937254, -209.23160293856472]","[-105.42283011022693, 1663.3132283652164, 454.1168751893707, -209.2316029385638]","[8.10638868711585, 1611.0053276305753, 454.1168751893711, -209.23160293856472]"
387,Robot,"[121.6356074844586, 1558.6974268959343, 454.116875189371, -209.2316029385638]","[235.16482628180128, 1506.3895261612931, 454.1168751893707, -209.23160293856472]","[348.69404507914453, 1454.081625426652, 454.116875189373, -209.23160293856472]","[462.2232638764879, 1401.7737246920103, 454.11687518937356, -209.23160293856654]","[575.7524826738305, 1349.4658239573696, 454.1168751893704, -209.2316029385629]","[689.2817014711725, 1297.1579232227289, 454.1168751893679, -209.2316029385629]","[802.8109202685145, 1244.850022488088, 454.1168751893679, -209.2316029385638]","[916.3401390658564, 1192.5421217534474, 454.1168751893679, -209.231602938562]","[1026.8471414556157, 1134.640731092478, 442.02800955903734, -231.60556264387762]","[1132.8208192340005, 1068.3491055420154, 423.8947111135394, -265.16650220185056]","[1238.7944970123835, 1002.057479991552, 423.89471111353214, -265.16650220185375]","[1344.768174790769, 935.765854441088, 423.89471111354214, -265.166502201856]","[1450.7418525691544, 869.474228890624, 423.89471111354123, -265.166502201856]","[1556.71553034754, 803.18260334016, 423.89471111354214, -265.166502201856]","[1662.6892081259252, 736.8909777896959, 423.89471111354123, -265.1665022018565]","[1768.6628859043108, 670.5993522392318, 423.89471111354214, -265.166502201856]"
388,Robot,"[1874.636563682696, 604.3077266887676, 423.89471111354123, -265.16650220185693]","[1980.6102414610812, 538.0161011383036, 423.8947111135403, -265.166502201856]","[2086.583919239468, 471.7244755878395, 423.8947111135467, -265.1665022018565]","[2192.557597017856, 405.4328500373754, 423.89471111355306, -265.1665022018565]","[2298.0819889659037, 341.0867750145142, 422.0975677921906, -257.38430009144463]","[2381.76345585864, 293.17295361323534, 334.7258675709454, -191.65528560511552]","[2487.650327449546, 226.7427614963209, 423.54748636362274, -265.72076846765776]","[2593.5371990404515, 160.31256937940609, 423.54748636362274, -265.72076846765924]","[2699.424070631357, 93.8823772624914, 423.54748636362314, -265.72076846765896]","[2805.310942222263, 27.45218514557694, 423.54748636362274, -265.7207684676579]","[2911.1978138131685, -38.97800697133757, 423.54748636362274, -265.72076846765805]","[3017.084685404074, -105.40819908825202, 423.54748636362274, -265.72076846765776]","[3122.97155699498, -171.83839120516623, 423.54748636362274, -265.72076846765685]","[3228.8584285858856, -238.26858332208036, 423.54748636362274, -265.7207684676565]","[3334.7453001767917, -304.69877543899446, 423.54748636362456, -265.7207684676564]","[3440.632171767697, -371.12896755590856, 423.5474863636209, -265.7207684676564]"
389,Robot,"[3546.519043358602, -437.55915967282266, 423.5474863636209, -265.7207684676564]","[3652.405914949508, -503.9893517897368, 423.54748636362274, -265.7207684676566]","[3758.292786540414, -570.4195439066508, 423.54748636362456, -265.72076846765594]","[3864.17965813132, -636.8497360235649, 423.54748636362456, -265.7207684676564]","[3972.633047763486, -698.9404664970806, 433.81355852866363, -248.36292189406277]","[4086.609668138176, -749.448075635452, 455.9064814987596, -202.03043655348574]","[4204.017162952123, -792.2900468341093, 469.6299792557875, -171.36788479462894]","[4319.44146732037, -840.2679910829658, 461.697217472989, -191.91177699542595]","[4436.215672025744, -884.138755646528, 467.09681882149783, -175.4830582542492]","[4558.40572731858, -910.478132341339, 488.760221171342, -105.35750677924398]","[4679.573359045668, -940.9588298280654, 484.6705269083541, -121.9227899469056]","[4796.320687649107, -985.1128126342117, 466.98931441375316, -176.61593122458498]","[4920.06300115925, -1001.2503603595234, 494.969254040574, -64.55019090124688]","[5044.00084857898, -1016.6232669611084, 495.75138967892053, -61.49162640633995]","[5168.86265403117, -1018.966137971216, 499.4472218087576, -9.37148404043046]","[5248.851602510683, -1017.791570831208, 319.9557939180522, 4.69826856003192]"
390,Robot,"[5310.889367099184, -1111.8163085735723, 248.1510583540039, -376.0989509694573]","[5375.353539895672, -1218.9114551753853, 257.8566911859525, -428.38058640725194]","[5439.81771269216, -1326.0066017771985, 257.8566911859525, -428.38058640725285]","[5504.281885488648, -1433.1017483790113, 257.8566911859525, -428.38058640725103]","[5568.746058285136, -1540.1968949808224, 257.8566911859525, -428.38058640724466]","[5595.042090798959, -1661.471161107293, 105.18413005529146, -485.0970645058824]","[5616.1333769106, -1784.6789435325793, 84.36514444656495, -492.8311297011451]","[5619.718379368976, -1893.9617407637136, 14.340009833500517, -437.1311889245371]","[5494.923968370005, -1901.1279799044264, -499.1776439958817, -28.664956562851355]","[5370.129557371035, -1908.29421904514, -499.1776439958812, -28.66495656285406]","[5245.335146372065, -1915.4604581858528, -499.1776439958812, -28.66495656285133]","[5120.540735373094, -1922.6266973265656, -499.1776439958812, -28.66495656285133]","[4995.746324374124, -1929.7929364672789, -499.1776439958812, -28.66495656285315]","[4870.951913375154, -1936.959175607992, -499.1776439958812, -28.66495656285224]","[4751.213401812512, -1945.5488874772475, -478.95404625056835, -34.35884747702221]","[4640.542193430432, -1956.1632435094048, -442.68483352831754, -42.4574241286291]"
391,Robot,"[4515.736108255241, -1963.1232078226667, -499.22434070076633, -27.83985725304774]","[4390.930023080049, -1970.0831721359289, -499.22434070076633, -27.83985725304865]","[4266.1239379048575, -1977.0431364491903, -499.22434070076633, -27.83985725304592]","[4141.317852729666, -1984.0031007624525, -499.22434070076633, -27.83985725304865]","[4016.5117675544734, -1990.9630650757144, -499.22434070077, -27.83985725304774]","[3891.7056823792823, -1997.9230293889764, -499.2243407007645, -27.83985725304774]","[3766.899597204091, -2004.8829937022383, -499.2243407007645, -27.83985725304774]","[3642.0935120289, -2011.8429580155, -499.2243407007645, -27.83985725304683]","[3517.287426853708, -2018.8029223287624, -499.2243407007686, -27.839857253049583]","[3392.4813416785164, -2025.762886642024, -499.22434070076633, -27.83985725304592]","[3267.675256503325, -2032.722850955286, -499.22434070076633, -27.83985725304865]","[3142.869171328133, -2039.682815268548, -499.22434070076815, -27.83985725304774]","[3018.0639555822213, -2046.657939191172, -499.22086298364593, -27.900495690496427]","[2893.257817110538, -2053.6169477259887, -499.2245538867337, -27.836034139266303]","[2768.4516786388544, -2060.575956260807, -499.2245538867337, -27.83603413927267]","[2643.645540167171, -2067.534964795625, -499.2245538867337, -27.83603413927267]"
392,Robot,"[2518.839401695488, -2074.493973330443, -499.2245538867319, -27.83603413927267]","[2394.033263223804, -2081.4529818652604, -499.2245538867355, -27.83603413926903]","[2269.2271247521207, -2088.411990400073, -499.2245538867337, -27.83603413925084]","[2144.4209862804373, -2095.370998934886, -499.2245538867337, -27.83603413925084]","[2019.614847808754, -2102.330007469698, -499.2245538867337, -27.836034139249023]","[1894.8087093370705, -2109.289016004511, -499.2245538867337, -27.83603413925084]","[1770.002570865387, -2116.2480245393235, -499.2245538867337, -27.83603413925084]","[1645.1964323937036, -2123.207033074136, -499.2245538867337, -27.836034139249023]","[1520.3902939220202, -2130.166041608949, -499.22455388673416, -27.836034139252686]","[1395.5841554503368, -2137.125050143761, -499.2245538867337, -27.836034139249023]","[1272.6671396892405, -2156.4256739706952, -491.66806304438524, -77.20249530773617]","[1151.4939295071476, -2187.118558067279, -484.69284072837127, -122.77153638633536]","[1030.3207193250548, -2217.811442163863, -484.69284072837127, -122.77153638633536]","[909.147509142962, -2248.5043262604468, -484.69284072837127, -122.77153638633536]","[787.9742989608692, -2279.1972103570306, -484.69284072837127, -122.77153638633536]","[666.8010887787764, -2309.8900944536144, -484.69284072837127, -122.77153638633536]"
393,Robot,"[545.6278785966836, -2340.5829785501983, -484.69284072837127, -122.77153638633536]","[424.45466841459074, -2371.275862646782, -484.69284072837127, -122.77153638633536]","[303.2814582324979, -2401.968746743366, -484.69284072837127, -122.77153638633536]","[182.1082480504051, -2432.66163083995, -484.69284072837127, -122.77153638633536]","[60.935037868312286, -2463.3545149365336, -484.69284072837127, -122.77153638633536]","[-60.23817231378071, -2494.047399033117, -484.69284072837195, -122.77153638633354]","[-181.41138249587357, -2524.7402831297013, -484.69284072837144, -122.77153638633717]","[-302.5845926779664, -2555.433167226285, -484.69284072837127, -122.77153638633536]","[-423.7578028600592, -2586.126051322869, -484.6928407283717, -122.77153638633547]","[-544.931013042152, -2616.818935419453, -484.69284072837127, -122.77153638633536]","[-666.1042232242448, -2647.5118195160367, -484.69284072837127, -122.77153638633536]","[-787.2774334063377, -2678.2047036126205, -484.69284072837127, -122.77153638633536]","[-908.4506435884304, -2708.8975877092043, -484.6928407283708, -122.77153638633536]","[-1029.6238537705233, -2739.590471805788, -484.6928407283717, -122.77153638633536]","[-1150.797063952616, -2770.283355902372, -484.69284072837127, -122.77153638633536]","[-1271.970274134709, -2800.976239998956, -484.69284072837127, -122.77153638633536]"
394,Robot,"[-1393.1434843168015, -2831.66912409554, -484.69284072837036, -122.77153638633717]","[-1514.3166944988943, -2862.3620081921235, -484.69284072837127, -122.77153638633354]","[-1635.4899046809874, -2893.0548922887074, -484.6928407283722, -122.77153638633536]","[-1756.6631148630802, -2923.747776385291, -484.69284072837127, -122.77153638633536]","[-1877.836325045173, -2954.440660481875, -484.69284072837127, -122.77153638633536]","[-1999.0095352272656, -2985.133544578459, -484.69284072837036, -122.77153638633536]","[-2120.182745409362, -3015.8264286750427, -484.6928407283849, -122.77153638633536]","[-2200.72173947243, -3025.047497424435, -322.155976252272, -36.884274997568355]","[-2113.31052660588, -2935.69269976254, 349.6448514661991, 357.4191906475793]","[-2025.899313739331, -2846.337902100643, 349.6448514661961, 357.41919064758804]","[-1938.4881008727864, -2756.9831044387456, 349.6448514661788, 357.41919064758986]","[-1851.076888006242, -2667.628306776848, 349.6448514661779, 357.41919064758986]","[-1763.6656751396977, -2578.2735091149502, 349.644851466177, 357.4191906475917]","[-1667.6418172753445, -2500.1446412786268, 384.0954314574128, 312.5154713452939]","[-1558.6989919142782, -2438.8546681806647, 435.7713014442652, 245.1598923918482]","[-1449.756166553212, -2377.5646950827027, 435.7713014442643, 245.1598923918482]"
395,Robot,"[-1340.8133411921456, -2316.2747219847406, 435.7713014442661, 245.1598923918482]","[-1231.8705158310793, -2254.9847488867786, 435.7713014442652, 245.1598923918482]","[-1122.927690470013, -2193.6947757888165, 435.7713014442652, 245.1598923918482]","[-1013.984865108947, -2132.4048026908545, 435.7713014442638, 245.1598923918482]","[-905.0420397478836, -2071.1148295928924, 435.7713014442538, 245.1598923918482]","[-796.0992143868201, -2009.8248564949304, 435.7713014442538, 245.1598923918482]","[-687.1563890257567, -1948.5348833969683, 435.7713014442538, 245.1598923918482]","[-578.2135636646932, -1887.2449102990065, 435.7713014442538, 245.15989239184728]","[-469.27073830362974, -1825.954937201044, 435.7713014442542, 245.15989239185024]","[-360.3279129425663, -1764.6649641030822, 435.7713014442538, 245.15989239184728]","[-251.3850875815028, -1703.37499100512, 435.77130144425394, 245.1598923918491]","[-142.4422622204386, -1642.085017907158, 435.7713014442568, 245.15989239184728]","[-33.49943685937444, -1580.795044809196, 435.77130144425666, 245.1598923918482]","[75.44338850168971, -1519.505071711234, 435.7713014442566, 245.1598923918482]","[184.3862138627539, -1458.215098613272, 435.7713014442567, 245.1598923918482]","[293.3290392238183, -1396.92512551531, 435.7713014442577, 245.1598923918482]"
396,Robot,"[402.2718645848832, -1335.635152417348, 435.7713014442843, 245.1598923918612]","[511.21468994594807, -1274.3451793193858, 435.7713014442595, 245.1598923918491]","[620.1575153070115, -1213.0552062214238, 435.7713014442538, 245.1598923918482]","[729.100340668075, -1151.7652331234617, 435.7713014442538, 245.1598923918482]","[838.0431660291384, -1090.4752600254997, 435.7713014442538, 245.1598923918482]","[946.985991390202, -1029.1852869275376, 435.7713014442543, 245.1598923918482]","[1055.928816751266, -967.8953138295782, 435.77130144425564, 245.15989239183773]","[1164.8716421123324, -906.605340731619, 435.7713014442661, 245.15989239183682]","[1273.8144674733987, -845.3153676336598, 435.7713014442656, 245.15989239183705]","[1382.757292834465, -784.0253945357006, 435.7713014442652, 245.15989239183682]","[1491.700118195531, -722.7354214377414, 435.7713014442643, 245.15989239183682]","[1600.6429435565976, -661.4454483397822, 435.7713014442661, 245.15989239183682]","[1709.585768917664, -600.155475241823, 435.7713014442652, 245.15989239183682]","[1818.5285942787305, -538.8655021438638, 435.7713014442661, 245.15989239183682]","[1927.4714196397963, -477.5755290459037, 435.7713014442634, 245.15989239184023]","[2036.4142450008628, -416.2855559479431, 435.7713014442661, 245.15989239184228]"
397,Robot,"[2145.357070361929, -354.99558284998244, 435.7713014442643, 245.15989239184273]","[2254.330836952317, -293.7716365409736, 435.8950663615524, 244.8957852360354]","[2368.601331184521, -244.2051978508983, 457.0819769288155, 198.2657547603012]","[2476.346080631088, -180.8327356398036, 430.97899778626925, 253.4898488443788]","[2584.0908300776555, -117.4602734287085, 430.97899778626925, 253.48984884438033]","[2691.835579524223, -54.08781121761339, 430.97899778626925, 253.48984884438045]","[2803.6638942908944, 1.7640286486532366, 447.31325906668644, 223.40735946506652]","[2915.492209057566, 57.6158685149199, 447.31325906668644, 223.40735946506666]","[3027.3205238242376, 113.46770838118658, 447.31325906668684, 223.40735946506692]","[3139.148838590909, 169.31954824745353, 447.3132590666846, 223.40735946506777]","[3250.977153357581, 225.17138811372052, 447.31325906668826, 223.407359465068]","[3362.8054681242525, 281.02322797998755, 447.31325906668644, 223.4073594650681]","[3474.633782890924, 336.8750678462546, 447.31325906668644, 223.4073594650681]","[3586.462097657596, 392.7269077125216, 447.31325906668826, 223.4073594650681]","[3698.2904124242673, 448.57874757878864, 447.3132590666846, 223.4073594650681]","[3810.118727190939, 504.43058744505566, 447.31325906668644, 223.4073594650681]"
398,Robot,"[3921.9470419576105, 560.2824273113227, 447.31325906668644, 223.40735946506834]","[4033.775356724282, 616.1342671775898, 447.31325906668644, 223.4073594650681]","[4145.603671490953, 671.9861070438568, 447.3132590666846, 223.4073594650681]","[4257.431986257625, 727.8379469101238, 447.31325906668644, 223.4073594650681]","[4369.2603010242965, 783.6897867763909, 447.31325906668644, 223.4073594650681]","[4481.088615790968, 839.5416266426579, 447.31325906668644, 223.4073594650681]","[4592.91693055764, 895.3934665089249, 447.31325906668644, 223.4073594650681]","[4704.745245324311, 951.2453063751926, 447.31325906668644, 223.40735946507084]","[4816.573560090983, 1007.0971462414624, 447.31325906668684, 223.40735946507922]","[4928.401874857655, 1062.9489861077304, 447.31325906668644, 223.4073594650722]","[5040.230189624326, 1118.8008259739977, 447.31325906668644, 223.40735946506902]","[5152.058504390998, 1174.6526658402645, 447.31325906668644, 223.4073594650672]","[5263.886819157669, 1230.504505706536, 447.31325906668644, 223.4073594650863]","[5375.715133924341, 1286.3563455728088, 447.31325906668644, 223.40735946509085]","[5487.543448691013, 1342.2081854390813, 447.31325906668644, 223.40735946508994]","[5599.371763457684, 1398.060025305354, 447.31325906668644, 223.40735946509085]"
399,Robot,"[5711.200078224356, 1453.9118651716265, 447.31325906668644, 223.40735946508994]","[5593.895109564721, 1417.3545741638725, -469.2198746385402, -146.2291640310159]","[5474.129199914511, 1381.561741282704, -479.0636386008373, -143.17133152467432]","[5354.363290264302, 1345.768908401536, -479.0636386008373, -143.1713315246716]","[5234.810534036672, 1309.318475212069, -478.2110249105208, -145.8017327578682]","[5116.820902907955, 1268.0456397617318, -471.95852451486644, -165.0913418013488]","[4998.831271779239, 1226.7728043113946, -471.95852451486644, -165.0913418013488]","[4880.841640650522, 1185.4999688610574, -471.95852451486644, -165.0913418013488]","[4762.8520095218055, 1144.2271334107202, -471.95852451486684, -165.09134180134893]","[4644.862378393089, 1102.954297960383, -471.95852451486644, -165.0913418013488]","[4526.872747264372, 1061.6814625100458, -471.95852451486644, -165.0913418013488]","[4408.883116135656, 1020.4086270597086, -471.95852451486644, -165.0913418013488]","[4290.893485006939, 979.1357916093714, -471.95852451486644, -165.0913418013488]","[4172.903853878222, 937.8629561590342, -471.95852451486644, -165.0913418013488]","[4054.914222749506, 896.590120708697, -471.95852451486644, -165.0913418013488]","[3936.924591620789, 855.3172852583598, -471.95852451486644, -165.0913418013488]"
400,Robot,"[3818.9349604920726, 814.0444498080226, -471.95852451486644, -165.0913418013488]","[3700.945329363356, 772.7716143576833, -471.95852451486644, -165.09134180135698]","[3582.9556982346403, 731.4987789073433, -471.9585245148628, -165.09134180136016]","[3464.966067105925, 690.2259434570033, -471.958524514861, -165.09134180136016]","[3346.9764359772107, 648.9531080066632, -471.95852451485734, -165.09134180136016]","[3228.986804848496, 607.6802725563232, -471.95852451485916, -165.09134180136016]","[3110.997173719781, 566.4074371059831, -471.95852451485916, -165.09134180136016]","[2993.0075425910663, 525.1346016556431, -471.95852451485916, -165.09134180136016]","[2875.0179114623543, 483.8617662053041, -471.95852451484865, -165.0913418013562]","[2757.028280333643, 442.5889307549655, -471.9585245148446, -165.09134180135447]","[2639.0386492049324, 401.31609530462686, -471.9585245148428, -165.09134180135447]","[2521.0490180762217, 360.04325985428824, -471.9585245148428, -165.09134180135447]","[2403.0593869475106, 318.7704244039496, -471.9585245148446, -165.09134180135447]","[2285.0697558188, 277.497588953611, -471.9585245148428, -165.09134180135447]","[2167.080124690089, 236.2247535032724, -471.9585245148428, -165.09134180135436]","[2048.3678117076324, 197.28891035771284, -474.849251929827, -155.7433725822383]"
401,Robot,"[1929.535703363204, 158.8860924215743, -475.32843337771374, -153.6112717445542]","[1811.7011544455788, 117.17255647243864, -471.3381956705007, -166.8541437965426]","[1693.8666055279537, 75.45902052330288, -471.3381956705007, -166.85414379654304]","[1576.0320566103285, 33.74548457416712, -471.3381956705007, -166.85414379654304]","[1458.1975076927033, -7.968051374968642, -471.3381956705007, -166.85414379654304]","[1340.362958775078, -49.68158732410441, -471.3381956705016, -166.8541437965431]","[1222.528409857453, -91.39512327324016, -471.3381956704998, -166.85414379654299]","[1104.6938609398278, -133.108659222376, -471.3381956705007, -166.85414379654333]","[986.9288420453748, -175.015926991734, -471.06007557781226, -167.6290710774322]","[869.0753648989762, -216.67595489022773, -471.4139085855945, -166.6401115939749]","[769.0578992459933, -246.84880125510583, -400.0698626119315, -120.69138545951239]","[718.610374626853, -256.19905795677295, -201.79009847656152, -37.40102680666848]","[597.3419695844947, -229.6241084645628, -485.07362016943307, 106.29979796884061]","[478.9238104427024, -189.60915597051888, -473.6726365671691, 160.05980997617564]","[360.5957984488562, -149.35751087554866, -473.31204797538476, 161.00658037988092]","[248.672996809888, -110.83904025151372, -447.6912065558729, 154.07388249613973]"
402,Robot,"[141.2124064780721, -61.26676909481457, -429.8423613272636, 198.2890846267966]","[55.41915732493661, 29.476690954694423, -343.17299661254197, 362.973840198036]","[-30.98904691516317, 118.39168027808554, -345.6328169603991, 355.6599572935645]","[-149.41864981281338, 103.35063849896576, -473.71841159060085, -60.16416711647912]","[-270.46252543241604, 72.15159724789122, -484.17550247841064, -124.79616500429819]","[-391.5064010520187, 40.952555996816685, -484.17550247841064, -124.79616500429813]","[-512.5502766716213, 9.753514745742203, -484.1755024784104, -124.79616500429793]","[-633.594152291224, -21.445526505332275, -484.17550247841064, -124.7961650042979]","[-754.6380279108266, -52.64456775640678, -484.1755024784111, -124.79616500429813]","[-875.6819035304293, -83.8436090074813, -484.17550247841064, -124.7961650042981]","[-996.725779150032, -115.04265025855584, -484.1755024784111, -124.79616500429813]","[-1117.7696547696346, -146.24169150963036, -484.1755024784102, -124.79616500429808]","[-1238.8135303892373, -177.4407327607049, -484.17550247841064, -124.79616500429813]","[-1359.85740600884, -208.63977401177945, -484.17550247841064, -124.79616500429825]","[-1480.9012816284426, -239.838815262854, -484.17550247841064, -124.79616500429825]","[-1601.9451572480452, -271.03785651392815, -484.17550247841064, -124.79616500429654]"
403,Robot,"[-1722.989032867648, -302.2368977650024, -484.17550247841064, -124.79616500429711]","[-1844.0329084872503, -333.4359390160771, -484.1755024784097, -124.7961650042987]","[-1965.0767841068528, -364.6349802671517, -484.1755024784097, -124.79616500429847]","[-2086.120659726456, -395.8340215182264, -484.17550247841245, -124.7961650042987]","[-2207.1645353460585, -427.033062769301, -484.17550247841064, -124.79616500429847]","[-2328.208410965661, -458.2321040203756, -484.17550247841064, -124.79616500429825]","[-2449.252286585264, -489.4311452714503, -484.17550247841064, -124.79616500429893]","[-2570.2961622048665, -520.6301865225247, -484.17550247841064, -124.79616500429756]","[-2691.340037824469, -551.8292277735985, -484.1755024784111, -124.7961650042954]","[-2812.383913444072, -583.0282690246723, -484.17550247841064, -124.79616500429529]","[-2933.4277890636745, -614.2273102757462, -484.17550247841064, -124.79616500429529]","[-3054.471664683277, -645.42635152682, -484.17550247841064, -124.79616500429529]","[-3175.51554030288, -676.6253927778938, -484.17550247841064, -124.79616500429529]","[-3296.5594159224825, -707.8244340289676, -484.17550247841064, -124.79616500429529]","[-3417.603291542085, -739.0234752800429, -484.17550247841064, -124.7961650043012]","[-3538.647167161688, -770.2225165311182, -484.17550247841064, -124.7961650043012]"
404,Robot,"[-3659.6910427812895, -801.4215577821936, -484.175502478407, -124.79616500430166]","[-3780.734918400893, -832.6205990332691, -484.1755024784143, -124.79616500430166]","[-3764.0423963633743, -843.7516687644169, 66.77008815007503, -44.52427892459127]","[-3639.128419023832, -839.1150465870502, 499.6559093581691, 18.546488709466757]","[-3514.214441684289, -834.4784244096835, 499.6559093581727, 18.546488709466757]","[-3389.300464344746, -829.8418022323168, 499.6559093581709, 18.546488709466757]","[-3264.3864870052034, -825.2051800549501, 499.6559093581709, 18.546488709466757]","[-3139.4725096656607, -820.5685578775834, 499.6559093581709, 18.546488709466757]","[-3014.558532326118, -815.9319357002167, 499.65590935817136, 18.546488709466775]","[-2889.6445549865757, -811.29531352285, 499.6559093581691, 18.546488709466757]","[-2764.7305776470325, -806.6586913454834, 499.6559093581727, 18.546488709466757]","[-2639.81660030749, -802.0220691681167, 499.6559093581709, 18.546488709466757]","[-2514.902622967947, -797.38544699075, 499.6559093581709, 18.546488709466757]","[-2389.9886456284044, -792.7488248133833, 499.6559093581709, 18.546488709466757]","[-2265.0746682888616, -788.1122026360166, 499.6559093581709, 18.546488709466757]","[-2140.160690949319, -783.4755804586499, 499.6559093581709, 18.546488709466757]"
405,Robot,"[-2015.246713609776, -778.8389582812832, 499.6559093581718, 18.546488709466757]","[-1890.3327362702332, -774.2023361039165, 499.6559093581709, 18.546488709466757]","[-1765.4187589306907, -769.5657139265498, 499.65590935817, 18.546488709466757]","[-1640.504781591148, -764.9290917491832, 499.6559093581709, 18.546488709466757]","[-1515.5908042516053, -760.2924695718165, 499.6559093581709, 18.546488709466757]","[-1423.7572934998989, -709.2115168507981, 367.3340430068256, 204.32381088407328]","[-1324.8516835716812, -696.2543720004722, 395.6224397128708, 51.828579401303614]","[-1200.1231857390949, -704.488558567896, 498.9139913303452, -32.93674626969505]","[-1075.394687906508, -712.7227451353187, 498.9139913303484, -32.936746269690985]","[-957.235750754417, -698.8328371850317, 472.63574860836343, 55.55963180114804]","[-848.962936415115, -759.3165966450545, 433.0912573572082, -241.9350378400909]","[-750.7007025016645, -773.7267290470178, 393.0489356538019, -57.640529607853296]","[-673.3784617202343, -704.1455301622476, 309.2889631257208, 278.3247955390807]","[-625.6736808757302, -613.417032254996, 190.81912337801668, 362.91399162900643]","[-619.7810449908192, -509.4202361982037, 23.57054353964395, 415.9871842271691]","[-513.7932582234106, -508.4711661478168, 423.9511470696343, 3.796280201547688]"
406,Robot,"[-413.1148985439049, -517.0190458753386, 402.71343871802264, -34.191518910087325]","[-337.71488580922903, -571.6601877210584, 301.6000509387036, -218.56456738287898]","[-290.90900536342275, -669.1042749969173, 187.22352178322512, -389.7763491034357]","[-245.64519162466263, -777.3888478188235, 181.05525495504048, -433.1382912876247]","[-194.49819276417685, -891.2874562444434, 204.58799544194312, -455.5944337024798]","[-169.85255175542605, -1013.6902900887868, 98.5825640350032, -489.6113353773735]","[-140.47951440461117, -1135.0705426316808, 117.49214940325953, -485.5210101715761]","[-78.45241946087523, -1236.1469844237793, 248.10837977494373, -404.3057671683937]","[32.84356003851177, -1245.8187099555396, 445.1839179975484, -38.68690212704136]","[143.1897727442134, -1188.072673039896, 441.3848508228065, 230.9841476625743]","[253.28300780030088, -1128.874027828327, 440.3729402243499, 236.7945808462764]","[368.3185270304418, -1080.8348547211028, 460.1420769205638, 192.15669242889635]","[478.264964836464, -1021.3687897702994, 439.7857512240887, 237.86425980321383]","[588.1401419672017, -961.7663950995404, 439.5007085229506, 238.40957868303576]","[697.3392551603694, -900.9642705414147, 436.7964527726708, 243.20849823250273]","[805.0307338833782, -838.0987332078008, 430.7659148920352, 251.46214933445572]"
407,Robot,"[896.7551393466158, -753.8412510212665, 366.8976218529506, 337.0299287461371]","[990.4850448097828, -671.3140507012242, 374.9196218526681, 330.10880128016925]","[1076.1503839604718, -580.4387490401997, 342.66135660275586, 363.50120664409815]","[1159.3546943764486, -487.21020034533234, 332.8172416639072, 372.9141947794694]","[1258.0351549712711, -414.8594527242623, 394.72184237929014, 289.40299048428005]","[1350.1140425091146, -331.02887276001366, 368.3155501513738, 335.3223198569947]","[1439.0637735218088, -243.2607641666862, 355.7989240507768, 351.0724343733099]","[1531.2697657186025, -159.65139088953498, 368.82396878717464, 334.4374931086048]","[1634.2148359188575, -94.96643230991258, 411.78028080102047, 258.73983431848984]","[1751.645487841552, -52.12904222822925, 469.7226076907782, 171.3495603267333]","[1869.0761397642464, -9.291652146545935, 469.7226076907773, 171.34956032673327]","[1986.5067916869407, 33.54573793513732, 469.7226076907773, 171.349560326733]","[2103.93744360964, 76.38312801682056, 469.7226076907973, 171.34956032673298]","[2221.36809553234, 119.22051809850387, 469.7226076907991, 171.34956032673324]","[2338.7987474550405, 162.0579081801875, 469.72260769080276, 171.3495603267345]","[2456.2293993777407, 204.8952982618712, 469.72260769080094, 171.34956032673483]"
408,Robot,"[2573.660051300441, 247.73268834355488, 469.72260769080094, 171.34956032673472]","[2691.090703223141, 290.57007842523853, 469.72260769080094, 171.3495603267346]","[2808.5213551458414, 333.4074685069222, 469.72260769080094, 171.34956032673472]","[2925.9520070685417, 376.2448585886064, 469.72260769080094, 171.34956032673676]","[3043.3834055490383, 419.08020073597817, 469.72559392198673, 171.34136858948705]","[3160.8327214166497, 461.8663924598312, 469.7972634704456, 171.1447668954122]","[3278.282037284261, 504.6525841836842, 469.7972634704456, 171.14476689541198]","[3395.731353151873, 547.4387759075375, 469.79726347044743, 171.14476689541334]","[3513.180669019484, 590.224967631391, 469.7972634704442, 171.14476689541394]","[3630.629984887096, 633.0111593552444, 469.79726347044743, 171.1447668954138]","[3748.0793007547063, 675.7973510790979, 469.797263470442, 171.1447668954138]","[3865.528616622318, 718.5835428029513, 469.79726347044743, 171.1447668954138]","[3982.9779324899296, 761.3697345268048, 469.7972634704456, 171.1447668954138]","[4100.4272483575405, 804.1559262506582, 469.7972634704438, 171.1447668954138]","[4217.876564225152, 846.9421179745115, 469.7972634704456, 171.14476689541289]","[4335.325880092763, 889.7283096983649, 469.7972634704456, 171.1447668954138]"
409,Robot,"[4452.775195960375, 932.5145014222184, 469.7972634704456, 171.1447668954138]","[4570.224511827986, 975.3006931460718, 469.7972634704456, 171.1447668954138]","[4687.6738276955975, 1018.0868848699253, 469.7972634704456, 171.1447668954138]","[4804.6063772987945, 1060.8088754733933, 467.730198412788, 170.88796241387217]","[4917.137982494303, 1104.1122320135569, 450.126420782035, 173.2134261606543]","[5002.219270188597, 1161.7647297593965, 340.3251507771747, 230.60999098335833]","[5043.54440243948, 1264.9421483952974, 165.30052900353257, 412.7096745436038]","[5011.6544124305765, 1385.6977225134328, -127.5599600356145, 483.0222964725417]","[4960.471439909748, 1499.175819679781, -204.73189008331263, 453.9123886653928]","[4875.10150960478, 1589.3513542691635, -341.47972121987186, 360.7021383575302]","[4761.699347779433, 1636.5852652273009, -453.6086473013893, 188.93564383254943]","[4727.2980241393725, 1756.453449702149, -137.60529456024233, 479.472737899393]","[4721.193734662054, 1855.0035334098657, -24.417157909272646, 394.20033483086627]","[4840.426852022361, 1817.5150101621828, 476.932469441228, -149.95409299073162]","[4959.663733221251, 1779.9974654402238, 476.94752479555973, -150.07017888783594]","[5078.900614420141, 1742.4799207182648, 476.94752479555973, -150.07017888783594]"
410,Robot,"[5198.137495619031, 1704.9623759963058, 476.94752479555973, -150.07017888783594]","[5317.374376817921, 1667.4448312743468, 476.94752479555973, -150.07017888783594]","[5436.611258016811, 1629.9272865523878, 476.94752479555973, -150.07017888783594]","[5555.848139215701, 1592.4097418304289, 476.94752479555973, -150.07017888783594]","[5629.708319954749, 1549.687905353005, 295.44072295619117, -170.8873459096958]","[5522.061698854428, 1486.148901853721, -430.5864844012831, -254.15601399713523]","[5414.415077754107, 1422.6098983544373, -430.5864844012831, -254.15601399713523]","[5306.768456653786, 1359.0708948551537, -430.5864844012831, -254.15601399713432]","[5199.121835553466, 1295.5318913558697, -430.5864844012835, -254.15601399713637]","[5091.475214453145, 1231.992887856586, -430.5864844012831, -254.15601399713432]","[4983.828593352824, 1168.453884357302, -430.5864844012831, -254.15601399713614]","[4876.181972252503, 1104.9148808580185, -430.5864844012831, -254.15601399713432]","[4768.535351152183, 1041.3758773587344, -430.5864844012831, -254.15601399713614]","[4660.888730051862, 977.8368738594512, -430.5864844012831, -254.15601399713296]","[4553.242108951541, 914.29787036017, -430.5864844012831, -254.15601399712477]","[4445.59548785122, 850.7588668608892, -430.5864844012831, -254.1560139971234]"
411,Robot,"[4337.948866750898, 787.2198633616082, -430.58648440129036, -254.15601399712386]","[4230.302245650564, 723.6808598623272, -430.586484401334, -254.15601399712386]","[4120.834135214974, 670.5521079546841, -437.87244174236184, -212.51500763057265]","[3998.0084363208207, 693.7652010523848, -491.30279557661197, 92.85237239080288]","[3875.1827374266654, 716.9782941500855, -491.30279557662107, 92.85237239080288]","[3752.35703853251, 740.1913872477862, -491.30279557662107, 92.85237239080288]","[3629.531339638355, 763.404480345487, -491.30279557662107, 92.85237239080288]","[3506.7056407442, 786.6175734431869, -491.30279557661925, 92.8523723907997]","[3383.8799418500444, 809.8306665408862, -491.30279557662334, 92.85237239079751]","[3261.054242955889, 833.0437596385857, -491.30279557662107, 92.85237239079788]","[3138.228544061734, 856.256852736285, -491.30279557662107, 92.85237239079743]","[3015.4028451675786, 879.4699458339845, -491.30279557662107, 92.85237239079788]","[2892.5771462734238, 902.683038931684, -491.30279557661925, 92.85237239079788]","[2769.751447379268, 925.8961320293832, -491.3027955766229, 92.85237239079697]","[2646.9257484851128, 949.1092251270828, -491.30279557662107, 92.85237239079834]","[2524.100049590957, 972.322318224782, -491.3027955766229, 92.85237239079652]"
412,Robot,"[2401.2743506968022, 995.5354113224814, -491.30279557661925, 92.85237239079788]","[2278.448651802647, 1018.7485044201808, -491.30279557662107, 92.85237239079743]","[2155.622952908492, 1041.9615975178813, -491.30279557661925, 92.85237239080197]","[2032.7972540143364, 1065.174690615582, -491.3027955766229, 92.85237239080288]","[1909.9715551201807, 1088.3877837132827, -491.3027955766229, 92.85237239080288]","[1787.145856226026, 1111.6008768109834, -491.30279557661925, 92.85237239080288]","[1664.3201573318706, 1134.8139699086842, -491.30279557662107, 92.85237239080288]","[1541.4944584377154, 1158.0270630063849, -491.30279557662107, 92.85237239080288]","[1418.66875954356, 1181.2401561040856, -491.3027955766215, 92.85237239080297]","[1295.8430606494048, 1204.4532492017863, -491.30279557662107, 92.85237239080288]","[1173.023014785238, 1227.6700014991784, -491.28018345666715, 92.86700918956831]","[1057.6197126969646, 1263.5639475449232, -461.6132083530938, 143.57578418297908]","[949.0412516681936, 1313.1873192350083, -434.31384411508407, 198.4934867603406]","[841.7075329489776, 1363.6830538486872, -429.334874876864, 201.98293845471562]","[744.5149301252488, 1431.4004312204922, -388.770411294915, 270.86950948722006]","[666.4501338681448, 1527.369590608316, -312.25918502841614, 383.87663755129506]"
413,Robot,"[588.888201590422, 1619.745049750948, -310.2477291108912, 369.5018365705282]","[498.1215384767608, 1679.5769581492343, -363.0666524546448, 239.32763359314504]","[408.10345236261776, 1733.9085486847353, -360.0723444565722, 217.32636214200375]","[301.9279504952912, 1751.491423349572, -424.7020074693062, 70.33149865934683]","[178.4922275722604, 1731.7779176626375, -493.7428916921233, -78.85402274773787]","[55.05650464922938, 1712.0644119757037, -493.74289169212403, -78.85402274773514]","[-68.3792182738015, 1692.3509062887692, -493.7428916921235, -78.85402274773787]","[-191.8149411968325, 1672.637400601835, -493.74289169212403, -78.85402274773696]","[-315.25066411986376, 1652.9238949149008, -493.74289169212545, -78.85402274773703]","[-438.1641146851278, 1636.345499837546, -491.65380226105617, -66.3135803094192]","[-548.5430286639796, 1695.0097593900978, -441.51565591540725, 234.65703821020725]","[-658.9219426428314, 1753.6740189426496, -441.515655915407, 234.65703821020725]","[-769.3008566216831, 1812.3382784952012, -441.515655915407, 234.65703821020634]","[-879.6797706005349, 1871.0025380477528, -441.515655915407, 234.65703821020634]","[-990.0586845793866, 1929.666797600305, -441.515655915407, 234.65703821020907]","[-1100.4375985582403, 1988.3310571528568, -441.51565591541475, 234.65703821020725]"
414,Robot,"[-1210.816512537095, 2046.9953167054089, -441.5156559154184, 234.65703821020816]","[-1321.1954265159495, 2105.6595762579605, -441.5156559154184, 234.65703821020634]","[-1431.574340494804, 2164.3238358105123, -441.5156559154175, 234.65703821020725]","[-1541.9532544736587, 2222.988095363064, -441.5156559154193, 234.65703821020725]","[-1652.332168452513, 2281.652354915616, -441.5156559154175, 234.65703821020725]","[-1762.7110824313677, 2340.316614468168, -441.5156559154184, 234.65703821020907]","[-1873.0899964102184, 2398.9808740207195, -441.51565591540293, 234.65703821020543]","[-1983.4689103890687, 2457.645133573272, -441.5156559154011, 234.65703821020907]","[-2093.847824367921, 2516.309393125823, -441.5156559154097, 234.65703821020563]","[-2204.226738346776, 2574.973652678375, -441.5156559154202, 234.65703821020725]","[-2314.6056523256307, 2633.6379122309268, -441.5156559154184, 234.65703821020725]","[-2424.9845663044853, 2692.3021717834786, -441.5156559154184, 234.65703821020725]","[-2535.36348028334, 2750.9664313360304, -441.5156559154184, 234.65703821020725]","[-2645.7423942621945, 2809.630690888582, -441.5156559154184, 234.65703821020725]","[-2756.121308241049, 2868.294950441134, -441.5156559154184, 234.65703821020725]","[-2866.500222219904, 2926.959209993686, -441.5156559154202, 234.65703821020725]"
415,Robot,"[-2976.8791361987583, 2985.6234695462376, -441.5156559154166, 234.65703821020725]","[-3087.258050177613, 3044.287729098793, -441.5156559154184, 234.6570382102218]","[-3066.9284719945526, 2975.7061621795965, 81.31831273224088, -274.3262676767863]","[-3005.3225278656246, 2866.941702690371, 246.42377651571223, -435.0578379569015]","[-2943.7165837366965, 2758.1772432011458, 246.42377651571223, -435.0578379569015]","[-2882.1106396077685, 2649.4127837119204, 246.42377651571223, -435.0578379569015]","[-2820.5046954788404, 2540.648324222695, 246.42377651571223, -435.0578379569015]","[-2758.8987513499123, 2431.8838647334696, 246.42377651571223, -435.0578379569015]","[-2697.2928072209843, 2323.1194052442443, 246.42377651571246, -435.0578379569019]","[-2635.686863092056, 2214.354945755019, 246.42377651571405, -435.0578379569015]","[-2574.0809189631336, 2105.590486265793, 246.4237765156886, -435.0578379569033]","[-2512.474974834212, 1996.8260267765652, 246.42377651568677, -435.0578379569115]","[-2450.869030705288, 1888.0615672873344, 246.42377651569586, -435.0578379569233]","[-2389.2630865763645, 1779.2971077981033, 246.42377651569404, -435.05783795692423]","[-2329.0301210023185, 1669.7805756825242, 240.93186229618368, -438.06612846231656]","[-2270.5445826799346, 1559.3068602243202, 233.94215328953578, -441.8948618328159]"
416,Robot,"[-2212.05904435755, 1448.8331447661162, 233.9421532895376, -441.8948618328159]","[-2153.5735060351667, 1338.3594293079125, 233.94215328953396, -441.89486183281497]","[-2095.0879677127828, 1227.8857138497085, 233.94215328953578, -441.8948618328159]","[-2036.6024293903977, 1117.4119983915043, 233.94215328954033, -441.8948618328168]","[-1978.116891068008, 1006.9382829333, 233.94215328955852, -441.89486183281724]","[-1919.6313527456184, 896.4645674750931, 233.94215328955852, -441.8948618328277]","[-1861.1458144232288, 785.9908520168863, 233.94215328955852, -441.89486183282725]","[-1802.6602761008392, 675.5171365586795, 233.94215328955852, -441.89486183282725]","[-1744.1747377784495, 565.0434211004726, 233.94215328955872, -441.89486183282764]","[-1685.68919945606, 454.56970564226657, 233.94215328955852, -441.8948618328243]","[-1627.2036611336705, 344.0959901840612, 233.9421532895576, -441.89486183282156]","[-1568.7181228112806, 233.6222747258556, 233.94215328955943, -441.89486183282236]","[-1510.232584488892, 123.14855926764956, 233.94215328955488, -441.8948618328241]","[-1451.7470461665057, 12.674843809443782, 233.94215328954488, -441.8948618328231]","[-1393.2615078441186, -97.798871648762, 233.94215328954851, -441.89486183282315]","[-1334.775969521732, -208.272587106968, 233.9421532895467, -441.89486183282395]"
417,Robot,"[-1276.290431199345, -318.7463025651737, 233.9421532895476, -441.8948618328229]","[-1217.8048928769583, -429.2200180233791, 233.9421532895467, -441.89486183282156]","[-1159.3193545545716, -539.6937334815849, 233.9421532895467, -441.89486183282315]","[-1100.8338162321843, -650.1674489397917, 233.94215328954942, -441.89486183282725]","[-1042.348277909797, -760.6411643979985, 233.94215328954942, -441.89486183282725]","[-983.8627395874104, -871.1148798562053, 233.94215328954624, -441.89486183282725]","[-925.3772012650236, -981.588595314412, 233.94215328954715, -441.8948618328268]","[-866.8916629426367, -1092.0623107726171, 233.9421532895476, -441.8948618328204]","[-808.4061246202499, -1202.536026230821, 233.94215328954735, -441.8948618328163]","[-749.9205862978631, -1313.009741689025, 233.94215328954715, -441.8948618328159]","[-691.4350479754763, -1423.483457147229, 233.94215328954715, -441.8948618328159]","[-632.9495096530895, -1533.957172605433, 233.94215328954715, -441.8948618328159]","[-574.4639713307027, -1644.430888063637, 233.94215328954715, -441.8948618328159]","[-515.978433008316, -1754.904603521841, 233.94215328954715, -441.8948618328159]","[-457.4928946859294, -1865.378318980045, 233.94215328954624, -441.8948618328159]","[-399.007356363544, -1975.852034438249, 233.9421532895417, -441.8948618328159]"
418,Robot,"[-340.52181804115867, -2086.325749896453, 233.94215328954124, -441.8948618328168]","[-282.0362797187733, -2196.799465354657, 233.94215328954147, -441.8948618328159]","[-196.9451577475784, -2262.941912461336, 340.3644878847796, -264.5697884267156]","[-71.94566030316929, -2262.5874570407277, 499.99798977763646, 1.4178216824329866]","[53.05383714123965, -2262.2330016201186, 499.9979897776358, 1.4178216824366245]","[178.0533345856487, -2261.87854619951, 499.99798977763623, 1.4178216824348056]","[303.052832030058, -2261.524090778901, 499.99798977763726, 1.4178216824348056]","[428.0523294744672, -2261.1696353582925, 499.9979897776366, 1.4178216824348056]","[553.0518269188765, -2260.815179937684, 499.9979897776377, 1.417821682432988]","[635.4037123413092, -2176.2763248332903, 329.4075416897308, 338.15542041757544]","[709.6322430928892, -2075.7023459796046, 296.9141230063201, 402.2959154147429]","[783.3058148096255, -1974.739489362248, 294.6942868669453, 403.85142646942677]","[846.4667281640922, -1866.9723532844191, 252.64365341786652, 431.06854431131524]","[911.34808802068, -1760.7102270320709, 259.52543942635157, 425.048505009393]","[986.2084619631964, -1660.6056596378337, 299.44149577006556, 400.41826957694866]","[1061.0688359057126, -1560.5010922435963, 299.44149577006465, 400.41826957694957]"
419,Robot,"[1135.929209848229, -1460.3965248493598, 299.44149577006556, 400.41826957694593]","[1210.7895837907454, -1360.2919574551236, 299.44149577006556, 400.418269576945]","[1285.6499577332618, -1260.1873900608873, 299.44149577006556, 400.418269576945]","[1360.5103316757782, -1160.0828226666515, 299.44149577006556, 400.4182695769432]","[1435.3707056182946, -1059.9782552724157, 299.44149577006556, 400.4182695769432]","[1510.231079560811, -959.8736878781804, 299.44149577006556, 400.4182695769414]","[1585.091453503327, -859.7691204839462, 299.44149577006465, 400.41826957693684]","[1659.9518274458435, -759.6645530897118, 299.44149577006556, 400.4182695769373]","[1734.81220138836, -659.5599856954775, 299.44149577006675, 400.41826957693763]","[1809.6725753308765, -559.4554183012432, 299.44149577006556, 400.4182695769373]","[1884.532949273393, -459.35085090700886, 299.44149577006556, 400.4182695769373]","[1959.3933232159093, -359.24628351277454, 299.44149577006556, 400.4182695769373]","[2034.2536971584257, -259.1417161185402, 299.44149577006556, 400.4182695769373]","[2109.114071100937, -159.0371487243059, 299.44149577004555, 400.4182695769373]","[2183.974445043448, -58.93258133007157, 299.44149577004464, 400.4182695769373]","[2258.834818985959, 41.17198606416272, 299.4414957700428, 400.4182695769372]"
420,Robot,"[2333.6951929284696, 141.27655345839693, 299.4414957700428, 400.41826957693684]","[2408.5555668709803, 241.3811208526309, 299.4414957700428, 400.4182695769358]","[2483.415940813491, 341.48568824686504, 299.4414957700428, 400.4182695769366]","[2558.276314756002, 441.59025564109794, 299.44149577004464, 400.4182695769316]","[2633.136688698519, 541.6948230353313, 299.44149577006647, 400.4182695769334]","[2707.997062641036, 641.7993904295656, 299.4414957700683, 400.4182695769373]","[2782.857436583553, 741.9039578237999, 299.4414957700683, 400.4182695769373]","[2857.71781052607, 842.0085252180343, 299.4414957700683, 400.4182695769373]","[2932.578184468587, 942.1130926122686, 299.44149577006857, 400.41826957693763]","[3007.438558411104, 1042.2176600065025, 299.4414957700683, 400.4182695769355]","[3082.298932353619, 1142.322227400734, 299.4414957700592, 400.4182695769259]","[3168.059226869591, 1233.164845583497, 343.04117806388786, 363.37047273105236]","[3254.7673405658634, 1323.2020768783063, 346.8324547850898, 360.14892517923727]","[3341.475454262136, 1413.2393081731157, 346.8324547850898, 360.14892517923727]","[3428.1835679584083, 1503.276539467925, 346.8324547850898, 360.14892517923727]","[3514.8916816546807, 1593.3137707627343, 346.8324547850898, 360.14892517923727]"
421,Robot,"[3598.0748689048405, 1622.706546431235, 332.73274900063916, 117.57110267400276]","[3673.767587457011, 1523.2298538938298, 302.77087420868156, -397.90677014962057]","[3749.460306009181, 1423.7531613564247, 302.77087420867974, -397.90677014962057]","[3794.54524858856, 1332.3112654865804, 180.339770317516, -365.7675834793772]","[3684.620044880666, 1272.8011857540048, -439.7008148315763, -238.04031893030242]","[3574.694841172772, 1213.2911060214292, -439.70081483157446, -238.04031893030242]","[3464.769637464878, 1153.7810262888536, -439.7008148315763, -238.04031893030242]","[3354.844433756984, 1094.270946556278, -439.7008148315763, -238.04031893030242]","[3244.91923004909, 1034.7608668237024, -439.7008148315767, -238.04031893030262]","[3134.994026341196, 975.2507870911292, -439.7008148315763, -238.04031893029287]","[3025.068822633302, 915.7407073585564, -439.7008148315763, -238.04031893029105]","[2915.143618925408, 856.2306276259836, -439.70081483157446, -238.04031893029105]","[2805.2184152175137, 796.7205478934122, -439.7008148315781, -238.0403189302856]","[2682.6812875838477, 790.4681017272386, -490.1485105346637, -25.009784664694507]","[2557.7418887262243, 794.359966716568, -499.7575954304939, 15.567459957317624]","[2432.802489868601, 798.251831705897, -499.7575954304939, 15.567459957315805]"
422,Robot,"[2311.0619196066286, 776.2526912701579, -486.9622810478886, -87.99656174295615]","[2190.8266804484915, 742.0695482814457, -480.9409566325485, -136.73257195484894]","[2070.5914412903544, 707.8864052927329, -480.9409566325485, -136.7325719548512]","[1950.356202132222, 673.7032623040191, -480.9409566325294, -136.7325719548553]","[1830.1209629740904, 639.5201193153055, -480.94095663252665, -136.7325719548544]","[1709.8857238159592, 605.336976326592, -480.94095663252483, -136.73257195485394]","[1589.6504846578275, 571.1538333378784, -480.94095663252665, -136.7325719548544]","[1473.148662416255, 527.1829159673842, -466.0072889662897, -175.88366948197654]","[1360.6913751676211, 472.60857634996114, -449.8291489945363, -218.29735846969263]","[1248.2340879189871, 418.034236732538, -449.8291489945359, -218.29735846969265]","[1135.7768006703532, 363.4598971151149, -449.8291489945359, -218.2973584696922]","[1023.3195134217192, 308.8855574976918, -449.8291489945359, -218.29735846969243]","[910.8622261730824, 254.3112178802687, -449.82914899454727, -218.29735846969243]","[798.4049389244454, 199.7368782628456, -449.8291489945477, -218.29735846969243]","[685.9476516758086, 145.1625386454225, -449.82914899454727, -218.29735846969243]","[573.4903644271718, 90.58819902799962, -449.82914899454727, -218.29735846969152]"
423,Robot,"[461.0330771785357, 36.01385941057661, -449.82914899454454, -218.29735846969206]","[360.2147806506833, -35.23492516470304, -403.2731861114096, -284.9951383011186]","[263.8618742866226, -114.79869102134634, -385.41162545624275, -318.2550634265732]","[162.99791361662858, -188.5804636807591, -403.45584267997606, -295.127090637651]","[47.76410426147184, -235.35056764671887, -460.93523742062695, -187.0804158638391]","[-66.47872998295298, -198.89081186823967, -456.9713369776993, 145.83902311391682]","[-178.7312554607209, -143.8990894275211, -449.0101019110716, 219.9668897628743]","[-279.66937077378486, -124.75658541528588, -403.7524612522559, 76.57001604894083]","[-288.4619556028191, -248.41963496862485, -35.17033931613699, -494.6521982133563]","[-304.4950099710817, -371.6398561763836, -64.13221747305033, -492.880884831035]","[-325.1229668932082, -494.9260573232234, -82.51182768850595, -493.1448045873592]","[-395.27715188653264, -592.3383803043869, -280.61673997329785, -389.6492919246539]","[-484.6915366853232, -679.688639554454, -357.65753919516214, -349.4010370002684]","[-574.1059214841147, -767.0388988045211, -357.657539195166, -349.4010370002684]","[-663.5203062829066, -854.3891580545882, -357.65753919516783, -349.4010370002684]","[-752.934691081698, -941.7394173046551, -357.65753919516555, -349.40103700026793]"
424,Robot,"[-842.3490758804893, -1029.0896765547222, -357.6575391951651, -349.4010370002684]","[-931.7634606792784, -1116.4399358047865, -357.65753919515646, -349.401037000257]","[-1021.1778454780676, -1203.7901950548508, -357.6575391951569, -349.401037000257]","[-1110.5922302768568, -1291.140454304915, -357.65753919515646, -349.401037000257]","[-1200.006615075646, -1378.4907135549793, -357.65753919515737, -349.401037000257]","[-1283.915490030592, -1471.0221866861525, -335.63549981978394, -370.125892524693]","[-1365.6833333795994, -1565.5685763266456, -327.07137339602923, -378.18555856197236]","[-1447.4511767286067, -1660.1149659671387, -327.07137339602923, -378.18555856197236]","[-1529.219020077614, -1754.6613556076318, -327.0713733960295, -378.1855585619727]","[-1610.9868634266213, -1849.2077452481249, -327.07137339602923, -378.18555856197236]","[-1692.7547067756286, -1943.754134888618, -327.07137339602923, -378.18555856197236]","[-1774.522550124636, -2038.300524529111, -327.07137339602923, -378.18555856197236]","[-1856.2903934736432, -2132.846914169604, -327.07137339602923, -378.18555856197236]","[-1938.0582368226503, -2227.393303810097, -327.0713733960283, -378.18555856197236]","[-2019.8260801716576, -2321.9396934505903, -327.07137339602923, -378.18555856197236]","[-2101.593923520665, -2416.4860830910834, -327.07137339603014, -378.18555856197236]"
425,Robot,"[594.27134, 3164.56327, 0.0, 0.0]","[529.2144596191343, 3270.924593737868, -260.22752152346266, 425.4452949514707]","[477.5031345458452, 3384.643713352894, -206.84530029315647, 454.8764784601044]","[417.7796583740216, 3475.825559172835, -238.89390468729448, 364.72738327976367]","[437.5012442523724, 3352.391126981319, 78.88634351340306, -493.7377287660638]","[457.4699694957, 3229.002647037618, 79.87490097331056, -493.55391977480394]","[477.1834857161873, 3105.566925796865, 78.85406488194917, -493.74288496301233]","[496.8970019366746, 2982.131204556112, 78.85406488194917, -493.7428849630105]","[516.6105181571622, 2858.6954833153586, 78.8540648819506, -493.7428849630146]","[536.324034377651, 2735.259762074605, 78.85406488195486, -493.74288496301415]","[556.0375505981397, 2611.8240408338525, 78.85406488195486, -493.7428849630105]","[575.7510668186284, 2488.3883195931, 78.85406488195486, -493.7428849630105]","[595.4645830391171, 2364.9525983523463, 78.85406488195486, -493.74288496301415]","[615.1780992596058, 2241.516877111593, 78.85406488195486, -493.74288496301233]","[634.8916154800936, 2118.08115587084, 78.85406488195122, -493.74288496301233]","[654.6051317005811, 1994.645434630087, 78.85406488194985, -493.74288496301233]"
426,Robot,"[674.3186479210685, 1871.209713389334, 78.85406488194985, -493.74288496301233]","[694.032164141556, 1747.7739921485809, 78.85406488194985, -493.74288496301233]","[713.7456803620435, 1624.3382709078278, 78.85406488194985, -493.74288496301233]","[733.459196582531, 1500.9025496670747, 78.85406488195031, -493.74288496301233]","[753.1727128030185, 1377.4668284263216, 78.85406488194985, -493.74288496301233]","[777.3085585511312, 1254.8834390709037, 96.54338299245092, -490.3335574216717]","[797.98648619961, 1131.6150862454124, 82.71171059391509, -493.0734113019653]","[818.8737957984418, 1029.896844438564, 83.5492383953274, -406.87296722739393]","[836.5961230607346, 918.2345349470964, 70.88930904917112, -446.6492379658702]","[861.1037220045483, 824.9581991647225, 98.03039577525487, -373.10534312949585]","[922.0890954210184, 786.396139078019, 243.94149366588044, -154.24824034681387]","[971.4291524662208, 712.718872108251, 197.36022818080937, -294.7090678790719]","[980.4180606007898, 588.0424929077456, 35.95563253827595, -498.705516802022]","[989.6776186523412, 465.44303960785646, 37.03823220620552, -490.39781319955637]","[989.226918238182, 361.7181222940905, -1.8028016566368024, -414.8996692550638]","[943.1063509798964, 253.85265557039304, -184.48226903314207, -431.46186689478986]"
427,Robot,"[974.490679709871, 160.9173083336451, 125.53731491989811, -371.7413889469917]","[1014.0296568733908, 71.41638580458056, 158.1559086540792, -358.0036901162582]","[1067.4794261596714, -24.66372998851636, 213.79907714512274, -384.3204631723877]","[1116.1093257990535, -117.02754121704328, 194.5195985575283, -369.45524491410765]","[1162.3925120014935, -202.77983613548852, 185.13274480975997, -343.009179673781]","[1205.4450053120725, -278.52421149453505, 172.20997324231575, -302.9775014361861]","[1137.4575580388987, -316.865633526969, -271.949789092695, -153.36568812973587]","[1078.6323895667751, -358.04148052132774, -235.3006738884942, -164.7033879774349]","[1023.282341744408, -394.2347244073881, -221.4001912894689, -144.77297554424163]","[929.7284465373644, -440.1095476987014, -374.2155808281741, -183.49929316525322]","[886.0809627554969, -457.17929614515054, -174.5899351274702, -68.2789937857965]","[859.733979713776, -472.2076299067738, -105.38793216688373, -60.11333504649292]","[828.470740161917, -491.79239396972247, -125.05295820743595, -78.33905625179477]","[732.8697105877292, -540.1197995835223, -382.4041182967512, -193.30962245519936]","[660.965160812309, -579.3922445237723, -287.6181991016806, -157.08977976100005]","[630.2645975357207, -597.1305547268207, -122.80225310635342, -70.9532408121936]"
428,Robot,"[567.290536692895, -642.3957888761408, -251.89624337130272, -181.0609365972805]","[475.6421789915365, -726.928711045698, -366.59343080543385, -338.1316886782288]","[400.33805568680486, -826.6000384524315, -301.21649321892664, -398.68530962693376]","[362.25161659070375, -876.914080570843, -152.34575638440447, -201.25616847364608]","[393.72276168325465, -893.1869943755248, 125.8845803702036, -65.09165521872728]","[467.6584591662061, -905.482157102784, 295.7427899318059, -49.18065090903656]","[561.484204751661, -929.4129766625704, 375.3029823418194, -95.72327823914566]","[669.6952663272245, -961.4629056366952, 432.8442463022543, -128.19971589649913]","[778.0569347435141, -965.1945210053964, 433.4466736651588, -14.926461474804922]","[896.4267496169603, -947.8951165976378, 473.4792594937844, 69.19761763103452]","[980.4985298538048, -923.0976491744128, 336.2871209473783, 99.18986969289972]","[1012.531120086545, -882.2637030870084, 128.1303609309607, 163.33578434961782]","[1024.3178389658688, -838.179920653861, 47.14687551729503, 176.3351297325894]","[999.6042369379234, -789.0557297805811, -98.8544081117816, 196.4967634931195]","[933.6203113619284, -741.5148250379789, -263.9357023039797, 190.16361897040906]","[902.2178334350164, -719.0765066276268, -125.60991170764828, 89.75327364140821]"
429,Robot,"[875.9767722672617, -718.9736596278206, -104.96424467101787, 0.41138799922509567]","[862.0526843970443, -737.85865023845, -55.69635148086945, -75.53996244251766]","[855.9912565209248, -777.1460277646564, -24.245711504478095, -157.14951010482582]","[850.3816984749442, -831.3831156278497, -22.438232183922537, -216.9483514527733]","[869.4411434410238, -893.5669147111628, 76.23777986431833, -248.73519633325213]","[899.5218109131519, -952.4154207464196, 120.32266988851234, -235.39402414102733]","[976.3230632558628, -970.717586630094, 307.205009370844, -73.20866353469773]","[1088.8654997980864, -959.704338930115, 450.1697461688941, 44.05299079991619]","[1152.7901195938955, -903.9079951606824, 255.6984791832367, 223.18537507773064]","[1124.4438466947545, -789.4814363346622, -113.38509159656405, 457.70623530408056]","[1084.7582359427236, -701.9129081701979, -158.7424430081237, 350.2741126578576]","[1055.401551918742, -625.8643538116771, -117.42673609592657, 304.19421743408293]","[1029.6556321392611, -563.2722407358609, -102.9836791179232, 250.3684523032648]","[1014.1240768362512, -539.0496754454455, -62.12622121203958, 96.89026116166178]","[1007.437522400958, -494.6546669273522, -26.74621774117304, 177.5800340723731]","[1002.0727698781944, -436.9629450587501, -21.459010091054097, 230.76688747440835]"
430,Robot,"[997.9225665920374, -383.6508185449202, -16.60081314462832, 213.2485060553197]","[996.46085229691, -354.8427676991428, -5.846857180509232, 115.23220338310944]","[991.725938158287, -318.402222875923, -18.939656554492103, 145.7621792928794]","[977.2998003493004, -274.3598346369328, -57.70455123594638, 176.16955295596063]","[977.5245456162016, -270.938178107968, 0.8989810676048364, 13.686626115859326]","[983.3937851949812, -245.09782758612027, 23.47695831511828, 103.36140208739084]","[986.5736274749768, -180.34000388947757, 12.719369119982275, 259.0312947865708]","[979.5406446399764, -85.75349729100017, -28.1319313400013, 378.3460263939096]","[952.9210998460856, 23.175305679888677, -106.47817917556368, 435.7152118835558]","[920.691759134627, 138.85749376181008, -128.9173628458343, 462.7287523276856]","[891.2898113788964, 244.14948752733935, -117.60779102292236, 421.1679750621171]","[858.324314967645, 359.59092314397816, -131.86198564500546, 461.76574246655525]","[824.7116510229108, 478.9249326884229, -134.45065577893683, 477.3360381777791]","[796.6173723386217, 587.2739360255695, -112.37711473715626, 433.39601334858617]","[770.008461044789, 687.4124245725149, -106.43564517533105, 400.5539541877815]","[740.2041944277416, 786.8178466348854, -119.21706646818939, 397.6216882494823]"
431,Robot,"[716.7335211886896, 868.557498061883, -93.8826929562083, 326.9586057079905]","[698.0201783793302, 908.3966840289578, -74.85337123743739, 159.35674386829896]","[669.5441583519065, 979.2300469634796, -113.90408010969486, 283.3334517380872]","[652.758751174927, 1031.0760480007111, -67.14162870791779, 207.38400414892612]","[651.9698900762404, 1059.551136188829, -3.1554443947466098, 113.90035275247192]","[657.1671391991881, 1092.793051119922, 20.78899649179084, 132.96765972437152]","[663.0581883112925, 1138.597469778165, 23.564196448417533, 183.21767463297238]","[637.6263044695412, 1217.2859509273203, -101.7275353670052, 314.7539245966209]","[601.0352775623986, 1297.708775179119, -146.36410762857045, 321.6912970071947]","[566.8074038833994, 1361.797621741028, -136.91149471599692, 256.3553862476365]","[527.4323928627979, 1425.1494815213496, -157.50004408240602, 253.4074391212862]","[487.0548064715708, 1487.8558930103952, -161.51034556490822, 250.8256459561826]","[442.5046593805222, 1538.2001866380974, -178.20058836419457, 201.3771745108088]","[407.9598831078161, 1576.1082563709626, -138.17910509082435, 151.63227893146086]","[386.8905398807425, 1595.0043193517645, -84.27737290829441, 75.58425192320738]","[372.66490168345376, 1633.7339119888943, -56.902552789154925, 154.9183705485193]"
432,Robot,"[344.7101171372, 1703.9266386015768, -111.81913818501516, 280.77090645072985]","[302.8084542626709, 1772.9875273654116, -167.6066514981162, 276.24355505533913]","[264.43424917211985, 1859.081325646104, -153.4968203622043, 344.3751931227698]","[221.2107635255533, 1965.0252041727904, -172.89394258626623, 423.7755141067455]","[209.86975480801283, 2089.001505854853, -45.364034870161845, 495.90520672825005]","[201.5582306572813, 2213.724874019326, -33.24609660292606, 498.89347265789183]","[193.24670650654983, 2338.448242183799, -33.246096602925945, 498.89347265789183]","[184.93518235581868, 2463.171610348272, -33.24609660292458, 498.89347265789365]","[176.62365820508785, 2587.8949785127447, -33.24609660292336, 498.89347265789047]","[183.3295288958975, 2693.6725455944834, 26.823482763238644, 423.1102683269546]","[215.2411562737076, 2761.2191698907136, 127.64650951124031, 270.1864971849209]","[254.5067271615493, 2806.150760934128, 157.06228355136682, 179.7263641736572]","[301.6094256778508, 2823.308511267378, 188.41079406520612, 68.63100133300031]","[336.4448655094283, 2841.9846137189897, 139.34175932631, 74.70440980644707]","[366.2092831581605, 2853.332746060068, 119.0576705949286, 45.392529364313305]","[405.989117485852, 2834.221697207023, 159.119337310766, -76.4441954121794]"
433,Robot,"[429.9919204590688, 2809.013782065263, 96.01121189286869, -100.8316605670421]","[470.6811456339509, 2729.402811351484, 162.7569006995284, -318.4438828551156]","[477.51763381228847, 2640.0882776393164, 27.345952713350243, -357.25813484867103]","[481.705753879514, 2602.711290755208, 16.752480268902218, -149.50794753643277]","[463.4526092214166, 2658.521251939475, -73.0125786323897, 223.23984473706696]","[420.6298281227475, 2751.8305476098203, -171.29112439467644, 373.23718268138146]","[391.222923184822, 2814.4122614610114, -117.62761975170201, 250.3268554047645]","[365.3108257138629, 2862.2654375495604, -103.64838988383622, 191.41270435419574]","[365.1357874025549, 2864.322249864469, -0.7001532452320596, 8.227249259634853]","[357.6567560680626, 2863.951766897458, -29.916125337969333, -1.48193186804383]","[360.9438391021531, 2803.4171603623445, 13.148332136362114, -242.1384261404546]","[330.3577738515251, 2771.7841944830143, -122.34426100251198, -126.53186351732074]","[291.11478481129336, 2770.4527909829044, -156.971956160927, -5.3256140004396]","[261.64642575801025, 2779.911923834293, -117.87343621313244, 37.836531405553615]","[252.48424069335837, 2774.4247642761284, -36.64874025860752, -21.948638232657686]","[259.4624279260758, 2753.6362603620555, 27.912748930869725, -83.15401565629145]"
434,Robot,"[277.8629792901675, 2740.458987137117, 73.60220545636685, -52.70909289975316]","[306.89902619231776, 2679.2210617577107, 116.14418760860099, -244.95170151762613]","[320.3422894523521, 2605.186491368795, 53.773053040137256, -296.1382815556626]","[363.840098984756, 2501.5049435858077, 173.9912381296158, -414.72619113194924]","[384.2989019560441, 2439.915497339092, 81.83521188515238, -246.3577849868634]","[384.2989019560441, 2439.915497339092, 0.0, 0.0]","[390.0168539975831, 2448.0046465878845, 22.871808166155915, 32.35659699517055]","[478.6760222759628, 2535.635932535176, 354.6366731135188, 350.52514378916567]","[499.43959272540087, 2647.1221292091377, 83.05428179775238, 445.94478669584754]","[439.60136893072007, 2756.8690515946773, -239.3528951787232, 438.9876895421585]","[379.76314513603927, 2866.615973980217, -239.3528951787232, 438.9876895421585]","[319.92492134135847, 2976.362896365757, -239.3528951787232, 438.9876895421603]","[264.193732668379, 3057.8303849455715, -222.92475469191777, 325.8699543192579]","[242.9356138458888, 2934.6512780153425, -85.03247528996087, -492.7164277209158]","[221.6774950233985, 2811.4721710851136, -85.03247528996121, -492.7164277209158]","[200.4193762009083, 2688.2930641548846, -85.03247528996087, -492.7164277209158]"
435,Robot,"[179.16125737841804, 2565.113957224656, -85.03247528996098, -492.716427720914]","[157.9031385559278, 2441.9348502944267, -85.03247528996098, -492.71642772091764]","[136.64501973343755, 2318.7557433641978, -85.03247528996098, -492.7164277209158]","[115.3869009109473, 2195.576636433969, -85.03247528996098, -492.7164277209158]","[94.12878208845706, 2072.39752950374, -85.03247528996098, -492.7164277209158]","[72.87066326596681, 1949.218422573511, -85.03247528996098, -492.7164277209158]","[51.61254444347646, 1826.039315643282, -85.03247528996141, -492.7164277209158]","[30.37070272987866, 1704.4806302504817, -84.9673668543912, -486.2347415712011]","[15.683243455465387, 1605.079175703728, -58.749837097653135, -397.6058181870152]","[1.602522492579317, 1507.1006359995908, -56.32288385154428, -391.9141588165485]","[-20.13413600315452, 1384.005072808059, -86.94663398293535, -492.38225276612775]","[-41.87079449888843, 1260.9095096165263, -86.94663398293564, -492.3822527661305]","[-63.60745299462239, 1137.8139464249944, -86.94663398293585, -492.38225276612775]","[-85.34411149035635, 1014.7183832334624, -86.94663398293585, -492.38225276612775]","[-107.08076998609032, 891.6228200419331, -86.94663398293585, -492.3822527661173]","[-128.8174284818243, 768.5272568504038, -86.94663398293591, -492.3822527661173]"
436,Robot,"[-150.55408697755826, 645.4316936588745, -86.94663398293585, -492.3822527661173]","[-179.8315921060172, 525.3404653615733, -117.11002051383582, -480.3649131892048]","[-248.6985420562824, 421.0219952589697, -275.4677998010608, -417.2738804104142]","[-317.5654920065476, 316.70352515636614, -275.46779980106066, -417.2738804104142]","[-386.4324419568128, 212.3850550537629, -275.4677998010609, -417.27388041041297]","[-455.2993919070779, 108.06658495116004, -275.46779980106044, -417.27388041041144]","[-524.1663418573431, 3.748114848557184, -275.4677998010609, -417.27388041041144]","[-593.0332918076083, -100.5703552540457, -275.46779980106066, -417.2738804104115]","[-661.9002417578735, -204.8888253566485, -275.4677998010609, -417.27388041041166]","[-730.7671917081386, -309.2072954592517, -275.46779980106066, -417.27388041041286]","[-799.6341416584038, -413.5257655618553, -275.46779980106066, -417.2738804104142]","[-868.501091608669, -517.8442356644588, -275.46779980106066, -417.273880410414]","[-937.368041558934, -622.1627057670623, -275.4677998010602, -417.2738804104142]","[-1006.2349915091992, -726.4811758696659, -275.46779980106066, -417.2738804104142]","[-1075.1019414594666, -830.7996459722694, -275.46779980106976, -417.2738804104142]","[-1143.9688914097346, -935.118116074873, -275.46779980107203, -417.2738804104142]"
437,Robot,"[-1212.8358413600013, -1039.436586177476, -275.4677998010666, -417.2738804104124]","[-1281.7027913102647, -1143.7550562800768, -275.46779980105384, -417.27388041040285]","[-1350.5697412605284, -1248.0735263826775, -275.46779980105475, -417.27388041040285]","[-1419.436691210792, -1352.3919964852782, -275.46779980105475, -417.27388041040285]","[-1488.3036411610558, -1456.710466587879, -275.46779980105475, -417.27388041040285]","[-1557.1705911113197, -1561.0289366904797, -275.46779980105566, -417.27388041040285]","[-1626.0068330738811, -1665.2693211776095, -275.34496785024567, -416.96153794851944]","[-1691.8653175206127, -1761.0363764284705, -263.43393778692644, -383.0682210034438]","[-1754.582171331779, -1843.303868531879, -250.86741524466493, -329.0699684136346]","[-1817.881267486615, -1913.6427142294049, -253.19638461934392, -281.35538279010325]","[-1887.8461475603124, -1974.933234624956, -279.85952029478995, -245.16208158220434]","[-1973.524582007443, -2035.590911803084, -342.71373778852285, -242.6307087125124]","[-2064.94867552626, -2098.287941975873, -365.69637407526807, -250.7881206911552]","[-2155.90818293895, -2156.9209721983725, -363.8380296507603, -234.53212088999862]","[-2262.4164923236235, -2183.6375546209547, -426.03323753869336, -106.86632969032871]","[-2327.812891776165, -2264.8498630699387, -261.5855978101663, -324.849233795936]"
438,Robot,"[-2366.6672749581166, -2382.392675014891, -155.41753272780625, -470.1712477798101]","[-2404.32190871809, -2501.5863348983016, -150.6185350398937, -476.7746395336417]","[-2441.9765424780635, -2620.779994781712, -150.6185350398937, -476.7746395336417]","[-2479.631176238037, -2739.9736546651225, -150.6185350398937, -476.7746395336417]","[-2517.2858099980103, -2859.167314548533, -150.6185350398937, -476.7746395336417]","[-2414.391179626236, -2849.75542391278, 411.57852148709753, 37.6475625430121]","[-2292.3307405092232, -2822.806412751684, 488.2417564680509, 107.79604464438307]","[-2170.2703013922105, -2795.857401590585, 488.2417564680509, 107.7960446443958]","[-2054.7050690679057, -2752.0742065753875, 462.26092929721966, 175.13278006079068]","[-1946.1763107690344, -2690.053979051582, 434.115033195485, 248.08091009522286]","[-1837.6475524701632, -2628.033751527776, 434.115033195485, 248.08091009522286]","[-1729.118794171292, -2566.0135240039704, 434.115033195485, 248.08091009522286]","[-1620.590035872421, -2503.9932964801646, 434.1150331954841, 248.08091009522286]","[-1512.0612775735494, -2441.973068956359, 434.1150331954859, 248.08091009522286]","[-1403.5325192746782, -2379.952841432553, 434.115033195485, 248.08091009522286]","[-1295.003760975807, -2317.9326139087475, 434.115033195485, 248.08091009522286]"
439,Robot,"[-1186.4750026769357, -2255.912386384942, 434.115033195485, 248.08091009522286]","[-1077.9462443780644, -2193.892158861136, 434.115033195485, 248.08091009522286]","[-969.4174860791932, -2131.8719313373304, 434.115033195485, 248.08091009522286]","[-860.8887277803219, -2069.8517038135246, 434.115033195485, 248.08091009522286]","[-752.3599694814507, -2007.831476289719, 434.115033195485, 248.08091009522286]","[-643.8312111825794, -1945.8112487659128, 434.115033195485, 248.08091009522468]","[-535.3024528837082, -1883.7910212421075, 434.115033195485, 248.08091009522104]","[-426.77369458483577, -1821.7707937183015, 434.11503319548956, 248.08091009522377]","[-318.2449362859631, -1759.750566194496, 434.1150331954911, 248.08091009522218]","[-209.7161779870904, -1697.7303386706903, 434.1150331954908, 248.08091009522286]","[-101.18741968821784, -1635.7101111468846, 434.1150331954902, 248.08091009522286]","[7.341338610654464, -1573.689883623079, 434.1150331954892, 248.08091009522286]","[115.87009690952678, -1511.6696560992732, 434.1150331954893, 248.08091009522286]","[224.3988552083988, -1449.649428575467, 434.1150331954881, 248.08091009522468]","[332.92761350727125, -1387.6292010516586, 434.1150331954898, 248.08091009523378]","[441.4563718061439, -1325.6089735278497, 434.1150331954907, 248.0809100952356]"
440,Robot,"[549.9851301050161, -1263.5887460040408, 434.11503319548865, 248.0809100952356]","[658.5138884038873, -1201.5685184802328, 434.115033195485, 248.08091009523196]","[767.0426467027586, -1139.5482909564248, 434.115033195485, 248.08091009523196]","[875.5714050016298, -1077.5280634326168, 434.115033195485, 248.08091009523196]","[984.1001633005012, -1015.5078359088086, 434.11503319548547, 248.08091009523287]","[1092.6289215993725, -953.487608385, 434.115033195485, 248.08091009523423]","[1201.1576798982435, -891.4673808611915, 434.1150331954841, 248.08091009523423]","[1309.686438197115, -829.4471533373829, 434.1150331954859, 248.08091009523423]","[1418.2151964959862, -767.4269258135744, 434.1150331954854, 248.08091009523446]","[1526.7581341282614, -705.4315733976835, 434.1717505291008, 247.98140966356368]","[1626.78723997939, -632.2976959088812, 400.11642340451453, 292.5355099552089]","[1686.2411109216048, -540.4910383049635, 237.81548376885894, 367.226630415671]","[1708.801586874704, -438.4168356805528, 90.24190381239714, 408.2968104976426]","[1689.7834838251456, -321.3175523144146, -76.0724121982339, 468.3971334645528]","[1706.952423662742, -208.95872781516445, 68.6757593503853, 449.4352979970007]","[1677.1124061848463, -93.38211988241969, -119.36006991158229, 462.30643173097906]"
441,Robot,"[1643.238432441876, 11.346571095994005, -135.49589497187733, 418.9147639136429]","[1622.7066074262289, 71.57258101652768, -82.1273000625888, 240.90403968213468]","[1576.0176275970248, 34.011727310865325, -186.7559193168163, -150.2434148226494]","[1551.6528591541714, -10.246543170788298, -97.45907377141339, -177.0330819266145]","[1676.649902168225, -9.386753811533906, 499.98817205621435, 3.4391574370175704]","[1801.6469451822784, -8.526964452279513, 499.98817205621344, 3.4391574370175704]","[1926.643988196332, -7.66717509302512, 499.98817205621435, 3.4391574370175704]","[2051.641031210386, -6.807385733770728, 499.98817205621526, 3.4391574370175704]","[2176.638074224445, -5.947596374516335, 499.98817205623754, 3.4391574370175735]","[2301.6351172385043, -5.087807015261948, 499.9881720562371, 3.439157437017549]","[2426.632160252564, -4.228017656007566, 499.9881720562389, 3.4391574370175277]","[2544.311487084949, 31.565388583353403, 470.71730732953984, 143.17362495744388]","[2659.145035402239, 80.94409027608907, 459.3341932691601, 197.51480677094267]","[2773.978583719529, 130.32279196882473, 459.3341932691601, 197.51480677094264]","[2888.812132036819, 179.7014936615604, 459.3341932691601, 197.51480677094264]","[3003.645680354109, 229.08019535429605, 459.3341932691601, 197.51480677094264]"
442,Robot,"[3118.479228671399, 278.4588970470317, 459.3341932691601, 197.51480677094264]","[3233.312776988689, 327.8375987397674, 459.3341932691601, 197.51480677094264]","[3348.146325305979, 377.21630043250303, 459.3341932691601, 197.51480677094264]","[3462.979873623269, 426.5950021252387, 459.3341932691601, 197.51480677094264]","[3577.8134219405592, 475.9737038179744, 459.3341932691601, 197.51480677094287]","[3692.646970257849, 525.3524055107097, 459.3341932691583, 197.51480677094105]","[3807.4805185751393, 574.7311072034439, 459.3341932691619, 197.51480677093696]","[3922.314066892429, 624.1098088961782, 459.3341932691583, 197.51480677093696]","[4037.1476152097193, 673.4885105889124, 459.3341932691623, 197.51480677093713]","[4151.981163527015, 722.8672122816466, 459.33419326918374, 197.51480677093696]","[4266.814711844317, 772.2459139743836, 459.33419326920557, 197.51480677094787]","[4381.648260161618, 821.6246156671207, 459.33419326920557, 197.51480677094833]","[4496.481808478919, 871.0033173598578, 459.33419326920557, 197.51480677094833]","[4611.315356796221, 920.3820190525948, 459.33419326920557, 197.51480677094833]","[4726.148905113522, 969.760720745332, 459.33419326920557, 197.51480677094878]","[4840.982453430824, 1019.139422438069, 459.33419326920557, 197.51480677094787]"
443,Robot,"[4955.816001748125, 1068.5181241308087, 459.33419326920557, 197.51480677095878]","[5070.649550065426, 1117.8968258235486, 459.33419326920557, 197.5148067709597]","[5185.483098382728, 1167.2755275162883, 459.33419326920557, 197.51480677095878]","[5300.316646700029, 1216.6542292090285, 459.33419326920557, 197.5148067709606]","[5415.150195017331, 1266.0329309017684, 459.33419326920557, 197.5148067709597]","[5529.983743334632, 1315.4116325945083, 459.33419326920557, 197.5148067709597]","[5645.997634847612, 1359.954550384672, 464.0555660519203, 178.17167116065502]","[5770.667376462274, 1369.0350528892773, 498.67896645864676, 36.32201001842077]","[5820.352154582054, 1380.47434312119, 198.73911247912127, 45.7571609276511]","[5696.753292035317, 1399.137707693361, -494.39545018694844, 74.6534582886843]","[5573.15442948858, 1417.8010722655326, -494.39545018694844, 74.65345828868612]","[5449.555566941843, 1436.464436837704, -494.39545018694844, 74.65345828868521]","[5325.956704395106, 1455.1278014098752, -494.39545018694844, 74.65345828868521]","[5202.3578418483685, 1473.7911659820466, -494.39545018694844, 74.65345828868521]","[5078.758979301631, 1492.454530554218, -494.39545018694844, 74.65345828868612]","[4955.160116754894, 1511.1178951263892, -494.39545018694844, 74.6534582886843]"
444,Robot,"[4831.561254208157, 1529.7812596985605, -494.39545018694844, 74.65345828868521]","[4707.96239166142, 1548.4446242707318, -494.39545018694844, 74.65345828868521]","[4584.363529114683, 1567.1079888429035, -494.39545018694844, 74.65345828868703]","[4460.764666567946, 1585.7713534150785, -494.39545018694844, 74.65345828869977]","[4337.165804021209, 1604.4347179872532, -494.39545018694844, 74.65345828869886]","[4213.566941474472, 1623.098082559428, -494.39545018694844, 74.65345828869886]","[4089.9680789277354, 1641.7614471316028, -494.3954501869448, 74.65345828869977]","[3966.369216380997, 1660.4248117037776, -494.3954501869539, 74.65345828869886]","[3842.77035383426, 1679.0881762759525, -494.3954501869489, 74.65345828869984]","[3719.171491287523, 1697.7515408481272, -494.3954501869466, 74.65345828869886]","[3595.572628740786, 1716.414905420302, -494.39545018694844, 74.65345828869886]","[3471.957189695707, 1731.222195181823, -494.461756180317, 59.22915904608453]","[3348.087897227666, 1721.5524012422222, -495.47716987216336, -38.67917575840329]","[3231.654372114312, 1677.0864592161918, -465.7341004534155, -177.86376810412185]","[3123.6048792484958, 1614.280171655621, -432.1979714632653, -251.22515024228323]","[3020.976069960192, 1543.3493675541445, -410.5152371532149, -283.723216405906]"
445,Robot,"[2950.9573566110967, 1516.5839253186716, -280.0748533963815, -107.06176894189139]","[2874.896718367947, 1608.1766193846022, -304.2425529725988, 366.3707762637223]","[2794.8584601897364, 1697.299038539572, -320.1530327128421, 356.489676619879]","[2684.1943762510523, 1755.4235645678575, -442.6563357547366, 232.4981041131423]","[2561.5005571769684, 1779.3239152141523, -490.7752762963355, 95.60140258517913]","[2438.8067381028845, 1803.2242658604475, -490.7752762963355, 95.60140258518095]","[2316.1129190288007, 1827.1246165067423, -490.7752762963355, 95.60140258517913]","[2193.419099954717, 1851.0249671530376, -490.7752762963355, 95.60140258518095]","[2070.725280880633, 1874.9253177993328, -490.77527629633596, 95.60140258518103]","[1948.031461806549, 1898.825668445628, -490.7752762963355, 95.60140258518095]","[1825.3376427324647, 1922.7260190919224, -490.7752762963373, 95.60140258517731]","[1702.6438236583813, 1946.6263697382176, -490.7752762963337, 95.60140258518095]","[1579.9500045842974, 1970.5267203845128, -490.7752762963355, 95.60140258518095]","[1457.2561855102135, 1994.427071030808, -490.7752762963355, 95.60140258518095]","[1334.5623664361297, 2018.3274216771024, -490.7752762963355, 95.60140258517731]","[1211.8685473620458, 2042.2277723233976, -490.7752762963355, 95.60140258518095]"
446,Robot,"[1089.174728287962, 2066.128122969693, -490.7752762963355, 95.60140258518095]","[966.480909213878, 2090.028473615988, -490.7752762963355, 95.60140258518004]","[843.750721344406, 2113.718078651459, -490.9207514778882, 94.75842014188493]","[720.9794341688113, 2137.1579604157814, -491.0851487023788, 93.75952705728923]","[598.2899661923032, 2161.080636847184, -490.7578719060325, 95.69070572561031]","[475.6004982157955, 2185.0033132785866, -490.7578719060307, 95.69070572561031]","[352.90725361381294, 2208.906399148208, -490.77297840793017, 95.61234347848585]","[230.21792746831665, 2232.8298029604584, -490.7573045819852, 95.6936152490016]","[107.5286013228198, 2256.753206772709, -490.75730458198785, 95.69361524900168]","[-15.160724822677022, 2280.6766105849592, -490.7573045819873, 95.6936152490016]","[-137.85005096817383, 2304.6000143972096, -490.7573045819872, 95.6936152490016]","[-260.68465298703137, 2327.7370047116583, -491.33840807543015, 92.54796125779467]","[-384.3813762915745, 2345.575318847173, -494.7868932181725, 71.35325654205917]","[-507.1547570839508, 2368.9142101954667, -491.09352316950526, 93.3555653931744]","[-629.7709461966443, 2393.2096864715186, -490.4647564507741, 97.18190510420754]","[-752.3871353093379, 2417.5051627475705, -490.4647564507741, 97.18190510420754]"
447,Robot,"[-875.0033244220314, 2441.8006390236224, -490.4647564507741, 97.18190510420754]","[-997.6195135347248, 2466.0961152996742, -490.4647564507736, 97.18190510420754]","[-1120.2357026474183, 2490.391591575726, -490.4647564507741, 97.18190510420754]","[-1242.851891760112, 2514.687067851778, -490.464756450775, 97.18190510420754]","[-1365.4680808728056, 2538.98254412783, -490.4647564507741, 97.18190510420754]","[-1488.084269985499, 2563.278020403882, -490.4647564507741, 97.18190510420754]","[-1610.6741467354484, 2587.5729456578138, -490.3595069997973, 97.17970101572791]","[-1730.1421382534895, 2611.934647029883, -477.87196607216447, 97.44680548827637]","[-1852.7716221605149, 2636.1629296082438, -490.5179356281019, 96.9131303134437]","[-1975.40110606754, 2660.391212186604, -490.51793562810053, 96.9131303134418]","[-2098.0305899745667, 2684.619494764964, -490.5179356281069, 96.91313031343998]","[-2220.6600738815973, 2708.8477773433247, -490.51793562812236, 96.9131303134418]","[-2343.289557788628, 2733.076059921685, -490.51793562812236, 96.9131303134418]","[-2465.9190416956585, 2757.304342500044, -490.51793562812236, 96.91313031343634]","[-2588.548525602689, 2781.5326250784, -490.51793562812236, 96.91313031342361]","[-2707.3374667879734, 2817.757546635773, -475.1557647411373, 144.89968622949164]"
448,Robot,"[-2747.6722109314187, 2797.7615826619417, -161.3389765737811, -79.98385589532518]","[-2693.0300548976998, 2685.337231278506, 218.5686241348758, -449.6974055337432]","[-2638.3878988639744, 2572.91287989507, 218.56862413490126, -449.6974055337432]","[-2583.7457428302487, 2460.4885285116343, 218.56862413490308, -449.6974055337432]","[-2529.103586796524, 2348.0641771281985, 218.56862413489944, -449.6974055337432]","[-2474.461430762798, 2235.6398257447627, 218.56862413490308, -449.6974055337432]","[-2419.8192747290723, 2123.215474361327, 218.56862413490308, -449.6974055337432]","[-2365.1771186953465, 2010.791122977891, 218.56862413490308, -449.6974055337432]","[-2310.534962661621, 1898.3667715944557, 218.56862413490146, -449.6974055337418]","[-2255.892806627896, 1785.9424202110197, 218.56862413490126, -449.69740553374413]","[-2201.25065059417, 1673.5180688275836, 218.56862413490308, -449.69740553374413]","[-2146.6084945604443, 1561.0937174441478, 218.56862413490308, -449.6974055337432]","[-2091.966338526719, 1448.669366060712, 218.56862413490126, -449.6974055337432]","[-2037.3241824929933, 1336.2450146772762, 218.56862413490308, -449.6974055337432]","[-1982.6947029220369, 1223.820244817616, 218.51791828382557, -449.6990794386411]","[-1934.0284634280445, 1111.1796559199772, 194.66495797596963, -450.56235559055494]"
449,Robot,"[-1900.6178683043988, 1007.2027896918167, 133.64238049458254, -415.9074649126419]","[-1882.1171630794329, 913.9846668312792, 74.00282089986376, -372.87249144215]","[-1844.2002310553476, 795.9939345780933, 151.6677280963413, -471.96292901274364]","[-1787.7050041015416, 684.6389698068201, 225.98090781522387, -445.41985908509287]","[-1752.1976404081888, 585.6871868637061, 142.0294547734111, -395.80713177245616]","[-1696.6157272747462, 477.88759609802776, 222.32765253377056, -431.19836306271327]","[-1637.9740103924032, 367.49670407748505, 234.56686752937185, -441.56356808217083]","[-1579.33229351006, 257.10581205694234, 234.56686752937276, -441.56356808217083]","[-1520.6905766277168, 146.71492003639963, 234.56686752937296, -441.56356808217123]","[-1462.048859745374, 36.324028015856925, 234.56686752937094, -441.56356808217083]","[-1403.407142863031, -74.06686400468578, 234.56686752937276, -441.56356808217083]","[-1344.7654259806875, -184.4577560252285, 234.56686752937367, -441.56356808217083]","[-1286.1237090983443, -294.8486480457712, 234.56686752937276, -441.56356808217083]","[-1227.4819922160011, -405.2395400663139, 234.56686752937276, -441.56356808217083]","[-1168.8402753336584, -515.6304320868567, 234.56686752937094, -441.56356808217106]","[-1110.198558451316, -626.021324107398, 234.56686752936912, -441.56356808216515]"
450,Robot,"[-1051.5568415689736, -736.4122161279392, 234.56686752937003, -441.56356808216515]","[-992.9151246866307, -846.803108148481, 234.5668675293714, -441.56356808216697]","[-934.0027432350648, -957.03920951632, 235.64952580626368, -440.9444054713563]","[-868.5944121221478, -1063.5603352192688, 261.63332445166816, -426.0845028117951]","[-803.1860810092307, -1170.0814609222175, 261.63332445166816, -426.08450281179466]","[-737.7777498963137, -1276.6025866251666, 261.63332445166816, -426.0845028117965]","[-672.3694187833967, -1383.1237123281155, 261.63332445166816, -426.0845028117956]","[-606.9610876704796, -1489.6448380310644, 261.63332445166816, -426.0845028117956]","[-541.5527565575626, -1596.1659637340133, 261.6333244516684, -426.08450281179597]","[-476.1444254446464, -1702.6870894369622, 261.63332445166475, -426.0845028117956]","[-410.7360943317307, -1809.208215139911, 261.6333244516627, -426.0845028117956]","[-345.3277632188151, -1915.72934084286, 261.6333244516625, -426.0845028117956]","[-279.9194321058995, -2022.2504665458089, 261.6333244516625, -426.0845028117956]","[-214.51110099298387, -2128.7715922487537, 261.6333244516625, -426.0845028117792]","[-149.10276988006825, -2235.292717951697, 261.6333244516625, -426.08450281177284]","[-83.69443876715263, -2341.81384365464, 261.6333244516625, -426.08450281177284]"
451,Robot,"[-18.28610765423737, -2448.3349693575838, 261.63332445166105, -426.08450281177466]","[47.122223458677766, -2554.8560950605265, 261.63332445166054, -426.084502811771]","[112.5305545715927, -2661.3772207634697, 261.63332445165975, -426.08450281177284]","[177.9388856845074, -2767.898346466413, 261.6333244516588, -426.08450281177284]","[243.3472167974216, -2874.419472169356, 261.6333244516568, -426.08450281177284]","[308.7555479103358, -2980.9405978723003, 261.6333244516568, -426.0845028117765]","[374.16387902325, -3087.46172357525, 261.6333244516568, -426.0845028117983]","[439.5722101361642, -3193.9828492781994, 261.6333244516568, -426.0845028117983]","[504.9805412490784, -3300.503974981149, 261.633324451657, -426.0845028117987]","[450.05623005070913, -3235.393874129763, -219.697244793477, 260.4404034055442]","[372.2114155549526, -3137.592111077551, -311.37925798302604, 391.207052208847]","[294.3666010591961, -3039.7903480253394, -311.37925798302604, 391.207052208847]","[216.52178656344, -2941.988584973128, -311.37925798302444, 391.2070522088452]","[138.67697206768418, -2844.186821920916, -311.3792579830233, 391.20705220884884]","[60.83215757192831, -2746.385058868704, -311.3792579830234, 391.207052208847]","[-17.012656923827613, -2648.5832958164924, -311.3792579830237, 391.207052208847]"
452,Robot,"[-94.85747141958343, -2550.7815327642807, -311.3792579830233, 391.207052208847]","[-172.70228591533922, -2452.979769712069, -311.37925798302314, 391.207052208847]","[-250.54710041109504, -2355.178006659857, -311.3792579830233, 391.207052208847]","[-328.39191490685016, -2257.3762436076454, -311.37925798302047, 391.207052208847]","[-406.2367294026053, -2159.5744805554336, -311.3792579830206, 391.207052208847]","[-484.08154389836034, -2061.772717503222, -311.3792579830201, 391.207052208847]","[-561.9263583941164, -1963.97095445101, -311.3792579830242, 391.2070522088479]","[-639.7711728898707, -1866.1691913987984, -311.3792579830174, 391.2070522088461]","[-717.6159873856244, -1768.3674283465866, -311.37925798301495, 391.20705220884736]","[-795.4608018813781, -1670.5656652943749, -311.37925798301467, 391.207052208847]","[-873.3056163771317, -1572.7639022421615, -311.37925798301467, 391.2070522088534]","[-949.4968895071416, -1473.8182431522189, -304.7650925200396, 395.78263635977055]","[-1013.5621926216962, -1366.484013118922, -256.2612124582183, 429.33692013318796]","[-1077.6274957362532, -1259.1497830856251, -256.2612124582279, 429.33692013318705]","[-1141.6927988508107, -1151.8155530523284, -256.26121245823015, 429.33692013318705]","[-1205.7581019653685, -1044.4813230190316, -256.26121245823106, 429.33692013318705]"
453,Robot,"[-1269.8234050799258, -937.1470929857372, -256.26121245822924, 429.3369201331775]","[-1333.8887081944831, -829.8128629524433, -256.26121245822924, 429.3369201331757]","[-1397.9540113090409, -722.4786329191494, -256.26121245823106, 429.3369201331757]","[-1462.0193144235984, -615.1444028858555, -256.26121245823015, 429.3369201331757]","[-1526.084617538156, -507.8101728525616, -256.26121245823015, 429.33692013317545]","[-1590.1499206527135, -400.4759428192676, -256.26121245823015, 429.33692013317614]","[-1654.215223767271, -293.1417127859737, -256.26121245823015, 429.33692013317545]","[-1718.2805268818286, -185.8074827526793, -256.26121245823015, 429.3369201331776]","[-1782.345829996386, -78.47325271938467, -256.2612124582304, 429.3369201331789]","[-1846.411133110944, 28.86097731390996, -256.26121245823197, 429.3369201331785]","[-1910.4764362255007, 136.19520734720462, -256.2612124582265, 429.33692013317864]","[-1974.5417393400585, 243.52943738049925, -256.26121245823106, 429.3369201331785]","[-2038.6070424546133, 350.86366741379453, -256.26121245821923, 429.33692013318114]","[-2102.6723455691704, 458.1978974470899, -256.26121245822833, 429.33692013318137]","[-2166.737648683728, 565.5321274803845, -256.26121245823015, 429.3369201331784]","[-2230.802951798285, 672.8663575136784, -256.26121245822833, 429.3369201331757]"
454,Robot,"[-2294.868254912843, 780.2005875469723, -256.26121245823197, 429.3369201331757]","[-2358.9335580274005, 887.5348175802662, -256.26121245823015, 429.3369201331757]","[-2422.998861141958, 994.8690476135602, -256.26121245823015, 429.3369201331757]","[-2487.064164256516, 1102.203277646856, -256.26121245823197, 429.33692013318296]","[-2551.129467371073, 1209.5375076801529, -256.26121245822833, 429.33692013318796]","[-2615.1947704856307, 1316.8717377134496, -256.26121245823015, 429.33692013318705]","[-2679.260073600188, 1424.2059677467464, -256.26121245823015, 429.33692013318705]","[-2743.3253767147457, 1531.5401977800432, -256.26121245823015, 429.33692013318705]","[-2807.3906798293037, 1638.87442781334, -256.2612124582322, 429.33692013318745]","[-2871.455982943861, 1746.2086578466367, -256.26121245822833, 429.33692013318705]","[-2935.5212860584184, 1853.5428878799332, -256.26121245823015, 429.33692013318614]","[-2999.586589172976, 1960.8771179132304, -256.26121245823015, 429.33692013318887]","[-3063.651892287532, 2068.211347946526, -256.2612124582247, 429.3369201331825]","[-3127.7171954020805, 2175.545577979817, -256.26121245819377, 429.3369201331643]","[-3191.782498516629, 2282.879808013108, -256.26121245819377, 429.3369201331625]","[-3255.847801631178, 2390.2140380463998, -256.2612124581956, 429.33692013316795]"
455,Robot,"[-3319.9131047457267, 2497.5482680796904, -256.2612124581956, 429.3369201331625]","[-3383.978407860275, 2604.882498112981, -256.26121245819377, 429.3369201331625]","[-3448.043710974824, 2712.2167281462725, -256.2612124581956, 429.33692013316613]","[-3420.047166914433, 2799.3868319097646, 111.98617624156395, 348.6804150539683]","[-3313.224436130578, 2864.030607391764, 427.2909231354206, 258.5751019279978]","[-3216.5951824672784, 2942.082917252967, 386.5170146531982, 312.20923944481183]","[-3135.759060832825, 3037.252029381348, 323.3444865378133, 380.6764485135245]","[-3056.6238807354107, 3133.7375671994528, 316.5407203896575, 385.9421512724184]","[-2972.6485423580343, 3225.9900032962664, 335.9013535095058, 369.00974438725495]","[-2960.2297975608303, 3346.1993018619582, 49.674979188815996, 480.8371942627673]","[-2943.033615423708, 3468.968548719275, 68.78472854848951, 491.0769874292673]","[-2854.7911849936318, 3520.699802803349, 352.96972172030473, 206.9250163362958]","[-2740.55475834533, 3469.954962409193, 456.94570659320743, -202.9793615766248]","[-2626.318331697029, 3419.210122015036, 456.9457065932038, -202.97936157662662]","[-2512.081905048736, 3368.4652816208795, 456.94570659317105, -202.97936157662662]","[-2397.8454784004425, 3317.720441226723, 456.9457065931747, -202.97936157662662]"
456,Robot,"[-2283.6090517521498, 3266.975600832566, 456.94570659317105, -202.97936157662662]","[-2169.372625103856, 3216.2307604384096, 456.9457065931747, -202.97936157662662]","[-2055.1361984555638, 3165.485920044253, 456.94570659316923, -202.97936157662662]","[-1940.899771807268, 3114.7410796500963, 456.9457065931829, -202.97936157662662]","[-1826.663345158972, 3063.99623925594, 456.9457065931838, -202.9793615766248]","[-1712.4269185106764, 3013.251398861783, 456.9457065931829, -202.97936157662843]","[-1598.190491862381, 2962.5065584676263, 456.94570659318197, -202.97936157662662]","[-1483.954065214085, 2911.7617180734696, 456.9457065931838, -202.97936157662662]","[-1369.7176385657892, 2861.016877679313, 456.9457065931833, -202.9793615766268]","[-1255.3800882813373, 2810.5489917368413, 457.35020113780774, -201.87154376988656]","[-1141.1487240627916, 2759.7927563684675, 456.9254568741826, -203.02494147349535]","[-1026.917359844246, 2709.0365210000937, 456.9254568741826, -203.02494147349535]","[-912.6859956257003, 2658.28028563172, 456.9254568741826, -203.02494147349535]","[-798.4546314071547, 2607.524050263346, 456.9254568741826, -203.02494147349535]","[-684.223267188609, 2556.767814894972, 456.9254568741826, -203.02494147349535]","[-569.9919029700634, 2506.0115795265983, 456.9254568741826, -203.02494147349535]"
457,Robot,"[-455.7605387515183, 2455.2553441582245, 456.9254568742063, -203.02494147350689]","[-341.5291745329741, 2404.4991087898507, 456.9254568741769, -203.02494147349535]","[-227.29781031442965, 2353.742873421477, 456.9254568741777, -203.02494147349535]","[-113.06644609588476, 2302.986638053103, 456.9254568741796, -203.02494147349535]","[1.164918122659782, 2252.230402684729, 456.92545687417817, -203.02494147349535]","[115.39628234120411, 2201.4741673163558, 456.9254568741773, -203.02494147349353]","[229.62764655974837, 2150.717931947981, 456.92545687417703, -203.02494147349898]","[343.85901077829254, 2099.9616965796054, 456.9254568741767, -203.02494147350262]","[458.0903749968368, 2049.2054612112256, 456.9254568741773, -203.02494147351916]","[572.3217392153803, 1998.449225842846, 456.92545687417396, -203.02494147351808]","[686.5531034339231, 1947.6929904744663, 456.92545687417123, -203.024941473519]","[800.7844676524659, 1896.936755106087, 456.92545687417123, -203.02494147351717]","[915.0158318710088, 1846.1805197377075, 456.9254568741717, -203.02494147351808]","[1029.2471960895523, 1795.424284369328, 456.92545687417396, -203.02494147351808]","[1143.4785603080982, 1744.6680490009485, 456.9254568741835, -203.02494147351808]","[1244.7253478474888, 1672.4413696254962, 404.9871501575626, -288.906717501809]"
458,Robot,"[1338.987578284112, 1593.1303497815857, 377.04892174649285, -317.2440793756423]","[1420.9264320743014, 1527.9208643729708, 327.75541516075737, -260.83794163445964]","[1518.6740017797722, 1452.7089533032008, 390.9902788218833, -300.84764427907976]","[1604.6339603435777, 1462.5594042421435, 343.83983425522183, 39.40180375577074]","[1683.9783103791488, 1510.48599815059, 317.3774001422844, 191.70637563378568]","[1771.4208799034077, 1490.034100421498, 349.77027809703577, -81.8075909163681]","[1864.7233670240807, 1422.121738197235, 373.2099484826922, -271.649448897052]","[1946.7488276862248, 1430.6569305706755, 328.10184264857617, 34.14076949376249]","[2017.3979616135969, 1497.6304501254122, 282.59653570948853, 267.8940782189468]","[2108.440846914304, 1445.1365065586442, 364.17154120282885, -209.97577426707176]","[2200.30940905829, 1360.37114046142, 367.4742485759434, -339.06146438889664]","[2292.177971202276, 1275.605774364196, 367.4742485759434, -339.06146438889664]","[2384.0465333462625, 1190.8404082669715, 367.47424857594706, -339.06146438889755]","[2475.915095490249, 1106.0750421697476, 367.47424857594524, -339.06146438889573]","[2567.783657634235, 1021.3096760725232, 367.47424857594524, -339.06146438889755]","[2659.652219778221, 936.5443099752964, 367.4742485759434, -339.0614643889071]"
459,Robot,"[2751.520781922208, 851.7789438780693, 367.47424857594706, -339.06146438890846]","[2843.389344066194, 767.0135777808423, 367.47424857594524, -339.061464388908]","[2935.2579062101804, 682.2482116836153, 367.47424857594524, -339.061464388908]","[3027.1264683541667, 597.4828455863883, 367.47424857594524, -339.061464388908]","[3119.161115733309, 512.8989551124472, 368.1385895165695, -338.3355618957644]","[3211.0234908151806, 428.1268839786232, 367.449500327486, -339.088284535296]","[3302.885865897052, 343.3548128447991, 367.449500327486, -339.08828453529645]","[3394.7482409789227, 258.58274171097435, 367.4495003274824, -339.08828453529895]","[3486.6106160607937, 173.81067057714958, 367.44950032748454, -339.08828453529935]","[3578.472991142665, 89.03859944332476, 367.4495003274842, -339.0882845352993]","[3670.335366224536, 4.266528309499748, 367.4495003274842, -339.08828453530003]","[3762.197741306407, -80.50554282432533, 367.4495003274842, -339.0882845353003]","[3854.060116388278, -165.2776139581506, 367.4495003274842, -339.08828453530106]","[3945.922491470149, -250.04968509197607, 367.4495003274842, -339.0882845353019]","[4037.78486655202, -334.82175622580155, 367.4495003274842, -339.0882845353019]","[4129.647241633887, -419.593827359627, 367.449500327466, -339.0882845353019]"
460,Robot,"[4221.509616715746, -504.3658984934525, 367.4495003274387, -339.0882845353019]","[4313.371991797606, -589.1379696272767, 367.4495003274387, -339.0882845352967]","[4405.234366879466, -673.9100407611007, 367.4495003274387, -339.0882845352962]","[4497.096741961325, -758.6821118949248, 367.4495003274387, -339.0882845352962]","[4588.959117043185, -843.4541830287488, 367.4495003274387, -339.0882845352962]","[4680.821492125045, -928.2262541625728, 367.4495003274387, -339.08828453529577]","[4772.683867206904, -1012.998325296397, 367.4495003274387, -339.0882845352967]","[4864.546242288764, -1097.770396430221, 367.4495003274387, -339.08828453529577]","[4956.408617370624, -1182.542467564045, 367.44950032743907, -339.0882845352965]","[5048.270992452492, -1267.3145386978658, 367.44950032747147, -339.0882845352835]","[5140.133367534363, -1352.086609831687, 367.449500327486, -339.0882845352844]","[5231.995742616234, -1436.8586809655085, 367.4495003274824, -339.0882845352862]","[5323.858117698105, -1521.6307520993294, 367.449500327486, -339.0882845352835]","[5425.646434586412, -1590.4335559485978, 407.15326755322894, -275.21121539707383]","[5542.323664184375, -1635.2824588710369, 466.7089183918506, -179.39561168975615]","[5659.000893782338, -1680.131361793476, 466.7089183918506, -179.39561168975615]"
461,Robot,"[5775.6781233803, -1724.980264715915, 466.7089183918506, -179.39561168975615]","[5892.355352978263, -1769.829167638354, 466.7089183918506, -179.39561168975615]","[6009.032582576226, -1814.678070560793, 466.7089183918506, -179.39561168975615]","[6125.709812174188, -1859.526973483232, 466.7089183918506, -179.39561168975615]","[6232.77435731706, -1901.846333846701, 428.2581805714872, -169.27744145387624]","[6109.134475537751, -1883.4566727948795, -494.5595271172351, 73.5586442072863]","[5985.4945937584425, -1865.0670117430573, -494.5595271172351, 73.55864420728903]","[5861.854711979134, -1846.677350691236, -494.5595271172351, 73.5586442072854]","[5738.214830199825, -1828.2876896394137, -494.5595271172356, 73.5586442072891]","[5614.574948420516, -1809.898028587592, -494.5595271172351, 73.5586442072863]","[5490.935066641207, -1791.5083675357705, -494.5595271172351, 73.5586442072863]","[5367.295184861899, -1773.1187064839485, -494.5595271172351, 73.55864420728813]","[5243.65530308259, -1754.729045432127, -494.5595271172351, 73.5586442072863]","[5120.015421303281, -1736.3393843803049, -494.5595271172351, 73.55864420728813]","[4996.375539523972, -1717.9497233284842, -494.5595271172351, 73.55864420728267]","[4872.735657744664, -1699.560062276664, -494.5595271172315, 73.55864420728085]"
462,Robot,"[4749.095775965355, -1681.1704012248435, -494.55952711723876, 73.55864420728176]","[4625.455894186046, -1662.780740173023, -494.5595271172351, 73.55864420728176]","[4501.936592593238, -1644.6655254750035, -494.077206371232, 72.4608587920784]","[4378.299985530434, -1626.253860857268, -494.5464282512148, 73.64665847094238]","[4254.663378467631, -1607.842196239532, -494.5464282512112, 73.6466584709433]","[4131.026771404827, -1589.4305316217965, -494.54642825121846, 73.64665847094238]","[4007.390164342015, -1571.0188670040604, -494.54642825124756, 73.6466584709442]","[3883.7535572792, -1552.6072023863246, -494.5464282512603, 73.6466584709433]","[3760.116950216385, -1534.1955377685888, -494.54642825126075, 73.64665847094336]","[3636.4803431535697, -1515.783873150853, -494.5464282512603, 73.6466584709433]","[3512.843736090754, -1497.3722085331171, -494.5464282512621, 73.6466584709433]","[3389.20712902794, -1478.960543915383, -494.54642825125666, 73.64665847093693]","[3264.8784466782163, -1466.073059105133, -497.314729398895, 51.549939240999265]","[3140.504895901789, -1454.0252742482885, -497.49420310570895, 48.1911394273784]","[3016.148742698737, -1441.3545536476297, -497.4246128122086, 50.68288240263519]","[2896.801017738661, -1428.5449933942762, -477.390899840304, 51.238241013414154]"
463,Robot,"[2799.995836577762, -1449.8847617409406, -387.22072464359553, -85.35907338665766]","[2690.608479030269, -1508.9576388292753, -437.54943018997255, -236.29150835333894]","[2599.5200818563235, -1594.460005107609, -364.3535886957816, -342.00946511333495]","[2505.038709234939, -1676.2914192956168, -377.92549048553883, -327.32565675203114]","[2401.343756943789, -1746.0083573348409, -414.7798091646, -278.86775215689613]","[2298.1037117947685, -1816.461434718131, -412.96018059608105, -281.81230953316026]","[2214.0642242582094, -1908.0896319310984, -336.15795014623654, -366.51278885187]","[2153.8302450381643, -2017.4285386283384, -240.93591688018023, -437.35562678895985]","[2146.0375935092416, -2139.476312240165, -31.170606115691072, -488.191094447307]","[2067.047699506436, -2184.5285403320545, -315.95957601122245, -180.2089123675578]","[1946.8997542691525, -2150.0398283343784, -480.59178094913386, 137.95484799070437]","[1826.7518090318688, -2115.5511163367023, -480.5917809491348, 137.95484799070437]","[1706.6038637945849, -2081.062404339026, -480.5917809491357, 137.95484799070437]","[1586.4559185573012, -2046.5736923413504, -480.5917809491348, 137.95484799070346]","[1466.3079733200177, -2012.08498034368, -480.59178094913386, 137.95484799068163]","[1346.1600280827338, -1977.5962683460095, -480.5917809491357, 137.95484799068163]"
464,Robot,"[1226.01208284545, -1943.1075563483396, -480.5917809491348, 137.9548479906798]","[1105.8641376081664, -1908.618844350669, -480.5917809491348, 137.95484799068254]","[985.7161923708828, -1874.1301323529983, -480.5917809491343, 137.95484799068254]","[865.568247133599, -1839.641420355328, -480.5917809491352, 137.95484799068163]","[745.4203018963153, -1805.1527083576575, -480.5917809491348, 137.95484799068163]","[625.2723566590316, -1770.663996359987, -480.5917809491348, 137.95484799068163]","[505.1244114217478, -1736.175284362317, -480.5917809491352, 137.95484799068072]","[384.9764661844627, -1701.6865723646465, -480.59178094914046, 137.95484799068163]","[264.8285209471776, -1667.197860366976, -480.5917809491409, 137.95484799068174]","[144.68057570989316, -1632.709148369304, -480.5917809491377, 137.954847990688]","[24.532630472608503, -1598.2204363716307, -480.59178094913864, 137.95484799069345]","[-95.61531476467616, -1563.7317243739576, -480.59178094913864, 137.95484799069254]","[-215.76326000196065, -1529.2430123762845, -480.59178094913796, 137.95484799069254]","[-335.91120523924553, -1494.754300378611, -480.59178094913955, 137.95484799069345]","[-456.05915047653065, -1460.2655883809375, -480.59178094914046, 137.95484799069436]","[-576.207095713815, -1425.7768763832646, -480.5917809491373, 137.95484799069163]"
465,Robot,"[-696.3550409510987, -1391.2881643855917, -480.5917809491348, 137.95484799069163]","[-816.5029861883824, -1356.7994523879186, -480.5917809491348, 137.95484799069254]","[-936.650931425666, -1322.3107403902457, -480.5917809491348, 137.95484799069163]","[-1056.79887666295, -1287.8220283925723, -480.59178094913614, 137.95484799069345]","[-1176.9468219002335, -1253.3333163948996, -480.59178094913386, 137.95484799069072]","[-1297.0947671375172, -1218.8446043972267, -480.5917809491348, 137.95484799069163]","[-1417.242712374801, -1184.3558923995538, -480.5917809491348, 137.95484799069163]","[-1537.3906576120846, -1149.867180401881, -480.5917809491348, 137.95484799069163]","[-1657.5386028493683, -1115.3784684042078, -480.5917809491352, 137.95484799069266]","[-1777.686548086652, -1080.8897564065348, -480.5917809491348, 137.95484799069163]","[-1897.834493323936, -1046.4010444088617, -480.5917809491357, 137.95484799069254]","[-2017.9824385612196, -1011.9123324111888, -480.5917809491348, 137.95484799069163]","[-2138.1303837985038, -977.4236204135154, -480.5917809491366, 137.95484799069345]","[-2261.360345541248, -963.0770821141742, -492.91984697097723, 57.38615319736482]","[-2386.3239415683147, -960.0605165201448, -499.85438410826646, 12.06626237611772]","[-2511.2875375953813, -957.0439509261154, -499.85438410826646, 12.06626237611772]"
466,Robot,"[-2636.251133622448, -954.027385332086, -499.85438410826646, 12.066262376117265]","[-2761.2147296495145, -951.0108197380564, -499.85438410826646, 12.06626237611863]","[-2886.178325676581, -947.9942541440272, -499.85438410826646, 12.06626237611681]","[-3011.141921703648, -944.9776885499977, -499.8543841082683, 12.066262376118175]","[-3136.1055177307144, -941.9611229559682, -499.85438410826464, 12.06626237611772]","[-3261.069113757781, -938.9445573619388, -499.85438410826646, 12.06626237611772]","[-3386.032709784848, -935.9279917679094, -499.8543841082683, 12.06626237611772]","[-3510.996305811914, -932.91142617388, -499.85438410826464, 12.066262376117265]","[-3635.959901838981, -929.8948605798504, -499.8543841082669, 12.06626237611864]","[-3760.923497866048, -926.8782949858212, -499.8543841082683, 12.06626237611681]","[-3885.887093893114, -923.8617293917924, -499.85438410826464, 12.066262376114992]","[-4010.8506899201807, -920.8451637977644, -499.85438410826646, 12.066262376112263]","[-4135.814285947251, -917.8285982037364, -499.854384108281, 12.066262376111808]","[-4011.398671671043, -920.413095163434, 497.66245710483236, -10.337987838790468]","[-3886.435674005656, -923.454347287361, 499.85199066154746, -12.165008495707752]","[-3761.47267634027, -926.495599411288, 499.8519906615438, -12.165008495708207]"
467,Robot,"[-3636.509678674884, -929.5368515352152, 499.8519906615438, -12.165008495708662]","[-3511.546681009497, -932.578103659142, 499.85199066154746, -12.165008495707298]","[-3386.583683344111, -935.6193557830692, 499.85199066154564, -12.165008495708662]","[-3261.6206856787244, -938.6606079069962, 499.85199066154564, -12.165008495708207]","[-3136.657688013338, -941.7018600309232, 499.85199066154564, -12.165008495707752]","[-3011.694690347952, -944.7431121548505, 499.8519906615438, -12.165008495709117]","[-2886.731692682565, -947.7843642787774, 499.85199066154746, -12.165008495707752]","[-2761.7686950171787, -950.8256164027044, 499.85199066154564, -12.165008495708207]","[-2636.8056973517923, -953.8668685266316, 499.8519906615461, -12.165008495708673]","[-2511.842699686406, -956.9081206505584, 499.85199066154564, -12.165008495707298]","[-2386.8797020210195, -959.9493727744856, 499.85199066154564, -12.165008495708662]","[-2261.916704355633, -962.9906248984126, 499.85199066154564, -12.165008495708207]","[-2136.9537066902467, -966.0318770223396, 499.85199066154564, -12.165008495707752]","[-2017.692168169368, -970.8292550840856, 477.0461540835149, -19.189512246984123]","[-1911.702257742176, -1013.343389465086, 423.9596417087678, -170.05653752400167]","[-1799.3525550335205, -1062.808198828098, 449.39881083462205, -197.8592374520481]"
468,Robot,"[-1711.6689340986136, -1099.692147208173, 350.73448373962765, -147.5357935203001]","[-1590.423592959958, -1071.2636993590204, 484.9813645546228, 113.71379139661076]","[-1470.2877195317092, -1055.654561804429, 480.54349371299486, 62.43655021836548]","[-1366.287728049399, -1043.0173400352717, 415.9999659292407, 50.5488870766294]","[-1298.209949609338, -981.128684637838, 272.31111376024364, 247.55462158973478]","[-1250.7057735740184, -893.5227865219379, 190.01670414127875, 350.42359246360047]","[-1212.4761559291476, -796.3445500611065, 152.91847057948326, 388.71294584332554]","[-1158.773309621998, -719.0399031804633, 214.81138522859874, 309.21858752257276]","[-1042.9317791162944, -731.0326051588365, 463.3661220228145, -47.97080791349303]","[-920.4107343045692, -755.8034262643819, 490.0841792469005, -99.08328442218135]","[-797.8896894928439, -780.5742473699272, 490.0841792469014, -99.08328442218135]","[-675.707870227623, -805.22371249939, 488.7272770608838, -98.59786051785113]","[-567.1320904250821, -799.0278089384681, 434.30311921016346, 24.78361424368768]","[-442.3684317188393, -791.5800951894291, 499.0546348249711, 29.79085499615576]","[-319.48572966824304, -769.5692275050197, 491.53080820238506, 88.04347073763756]","[-203.21212783108055, -724.4483510309296, 465.09440734864995, 180.48350589636038]"
469,Robot,"[-241.24318553044125, -730.1053194598645, -152.1242307974428, -22.627873715739497]","[-364.3844797890742, -741.9040051334802, -492.56517703453176, -47.19474269446255]","[-479.4509675109341, -701.5379018831442, -460.26595088743966, 161.46441300134393]","[-596.1379947884155, -658.1508321049763, -466.74810910992574, 173.54827911267148]","[-719.0689420754295, -636.8607032045016, -491.72378914805586, 85.16051560189862]","[-768.004163592794, -673.832928601282, -195.74088606945816, -147.88890158712138]","[-647.164470718305, -702.8586062576684, 483.35877149795624, -116.10271062554557]","[-525.2188019170877, -730.3222888334536, 487.78267520486907, -109.85473030314097]","[-403.27313311586914, -757.7859714092389, 487.78267520487475, -109.85473030314107]","[-281.32746431465046, -785.2496539850241, 487.78267520487475, -109.85473030314097]","[-159.38179551343177, -812.7133365608094, 487.78267520487475, -109.85473030314097]","[-37.43612671221331, -840.1770191365946, 487.78267520487384, -109.85473030314097]","[84.50954208900515, -867.6407017123798, 487.78267520487384, -109.85473030314097]","[206.45521089022373, -895.1043842881651, 487.7826752048743, -109.85473030314097]","[328.4008796914424, -922.5680668639504, 487.78267520487475, -109.85473030314142]","[450.3465484926611, -950.0317494397356, 487.78267520487475, -109.85473030314051]"
470,Robot,"[572.292217293879, -977.4954320155208, 487.7826752048718, -109.85473030314097]","[694.2378860950963, -1004.959114591306, 487.78267520486907, -109.85473030314097]","[816.1835548963136, -1032.4227971670914, 487.78267520486907, -109.85473030314142]","[938.1292236975308, -1059.8864797428766, 487.78267520486907, -109.85473030314097]","[1060.074892498749, -1087.350162318662, 487.7826752048727, -109.85473030314097]","[1182.0205612999691, -1114.8138448944471, 487.78267520488043, -109.85473030314097]","[1303.9662301011892, -1142.2775274702324, 487.78267520488043, -109.85473030314097]","[1425.9118989024091, -1169.7412100460176, 487.7826752048795, -109.85473030314097]","[1547.8575677036297, -1197.2048926218029, 487.7826752048827, -109.85473030314107]","[1669.8032365048496, -1224.668575197588, 487.7826752048795, -109.85473030314097]","[1791.7489053060697, -1252.132257773373, 487.78267520488043, -109.85473030314006]","[1913.6945741072896, -1279.5959403491586, 487.7826752048795, -109.85473030314188]","[2035.64024290851, -1307.0596229249438, 487.78267520488134, -109.85473030314097]","[2157.5859117097298, -1334.523305500729, 487.7826752048795, -109.85473030314097]","[2279.53158051095, -1361.9869880765143, 487.78267520488043, -109.85473030314097]","[2401.47724931217, -1389.4506706522996, 487.78267520488043, -109.85473030314097]"
471,Robot,"[2523.42291811339, -1416.9143532280848, 487.78267520488043, -109.85473030314097]","[2645.36858691461, -1444.37803580387, 487.78267520488043, -109.85473030314097]","[2767.3142557158303, -1471.8417183796555, 487.78267520488043, -109.85473030314188]","[2889.2599245170504, -1499.3054009554442, 487.78267520488043, -109.85473030315461]","[3011.2055933182705, -1526.7690835312328, 487.78267520488043, -109.85473030315461]","[3133.15126211949, -1554.2327661070212, 487.7826752048786, -109.8547303031537]","[3255.0969309207107, -1581.69644868281, 487.78267520488225, -109.85473030315461]","[3377.042599721931, -1609.1601312585983, 487.78267520488043, -109.8547303031537]","[3498.988268523151, -1636.623813834387, 487.7826752048809, -109.85473030315471]","[3620.933937324371, -1664.0874964101756, 487.78267520488043, -109.85473030315461]","[3742.879606125591, -1691.551178985964, 487.78267520488043, -109.8547303031537]","[3866.12811037002, -1712.247296866262, 492.99401697771464, -82.78447152119224]","[3989.554273993069, -1732.0205650153534, 493.7046544921959, -79.09307259636535]","[4112.980437616117, -1751.793833164445, 493.7046544921941, -79.09307259636626]","[4236.406601239166, -1771.5671013135366, 493.7046544921941, -79.09307259636626]","[4359.832764862214, -1791.340369462628, 493.7046544921941, -79.09307259636535]"
472,Robot,"[4482.872448215398, -1801.3968368121446, 492.1587334127362, -40.22586939806661]","[4601.360961736596, -1799.185762459846, 473.954054084792, 8.844297409194041]","[4721.527698665234, -1794.7661444861546, 480.6669477145515, 17.678471894765607]","[4842.96316305356, -1787.7419140053703, 485.7418575533011, 28.096921923137415]","[4953.811023469441, -1793.5368856957616, 443.3914416635271, -23.179886761565285]","[5060.4574573273085, -1803.6259875671908, 426.5857354314685, -40.35640748571677]","[5102.456970295196, -1789.1266140216894, 167.99805187154925, 57.99749418200554]","[5068.141554762664, -1727.501175703993, -137.26166213012766, 246.50175327078523]","[4991.948624952309, -1664.4056445210997, -304.7717192414205, 252.38212473157387]","[4872.313096629554, -1669.7328038990831, -478.54211329101963, -21.30863751193374]","[4748.689780496739, -1687.923328706496, -494.4932645312583, -72.76209922965154]","[4627.232022051755, -1669.2531857166448, -485.83103377993757, 74.68057195940492]","[4536.819333129654, -1626.7329150286375, -361.65075568840257, 170.08108275202903]","[4536.819333129654, -1626.7329150286375, 0.0, 0.0]","[4606.723045611121, -1629.4502606278547, 279.614849925867, -10.869382396868787]","[4728.422541019027, -1617.8139109438323, 486.7979816316256, 46.54539873608974]"
473,Robot,"[4848.366786327698, -1653.0045065246873, 479.77698123468144, -140.76238232341984]","[4968.311031636368, -1688.195102105542, 479.77698123468144, -140.76238232341893]","[5088.255276945039, -1723.3856976863967, 479.7769812346851, -140.76238232341893]","[5208.199522253709, -1758.5762932672517, 479.7769812346778, -140.76238232341984]","[5328.143767562379, -1793.7668888481062, 479.77698123468144, -140.76238232341802]","[5448.08801287105, -1828.957484428961, 479.77698123468144, -140.76238232341893]","[5568.03225817972, -1864.148080009816, 479.77698123468144, -140.76238232342075]","[5687.97650348839, -1899.3386755906704, 479.77698123468144, -140.7623823234171]","[5807.920748797061, -1934.529271171525, 479.77698123468184, -140.76238232341814]","[5927.864994105731, -1969.71986675238, 479.77698123468144, -140.76238232342075]","[6047.809239414401, -2004.9104623332344, 479.77698123468144, -140.7623823234171]","[6167.753484723072, -2040.1010579140907, 479.77698123468144, -140.7623823234253]","[6082.828682509612, -2032.1343760288828, -339.6992088538391, 31.866727540831562]","[5958.881204577651, -2015.9472603406143, -495.789911727843, 64.74846275307391]","[5834.9337266456905, -1999.7601446523463, -495.789911727843, 64.74846275307209]","[5710.98624871373, -1983.573028964078, -495.789911727843, 64.748462753073]"
474,Robot,"[5587.038770781769, -1967.3859132758096, -495.789911727843, 64.74846275307391]","[5463.091292849808, -1951.198797587541, -495.789911727843, 64.74846275307391]","[5339.143814917848, -1935.0116818992733, -495.78991172783935, 64.74846275307118]","[5215.196336985887, -1918.824566211005, -495.78991172784663, 64.748462753073]","[5091.248859053926, -1902.6374505227368, -495.789911727843, 64.748462753073]","[4967.301381121965, -1886.450334834468, -495.789911727843, 64.74846275307482]","[4843.3539031900045, -1870.263219146197, -495.789911727843, 64.74846275308482]","[4724.4502198998325, -1840.0007628778949, -475.61473316068805, 121.04982507320801]","[4616.662367946034, -1776.701639888807, -431.15140781519625, 253.1964919563518]","[4505.426205201378, -1720.203338699405, -444.9446509786212, 225.9932047576076]","[4384.976776730042, -1686.912565489033, -481.79771388534573, 133.16309284148792]","[4272.783905380181, -1632.8363731565112, -448.7714853994439, 216.30476933008777]","[4164.528380522359, -1570.525575154432, -433.02209943128764, 249.24319200831633]","[4049.2353609058223, -1524.1433986675895, -461.17207846614656, 185.52870594737033]","[3931.058912788628, -1484.2643932254346, -472.7057924687779, 159.5160217686198]","[3818.8572362251416, -1430.8156668086622, -448.80670625394487, 213.79490566708955]"
475,Robot,"[3712.671170120109, -1364.864780801447, -424.744264420131, 263.8035440288604]","[3609.4636292336368, -1294.508410086944, -412.83016354588835, 281.4254828580124]","[3534.030709591656, -1234.8086792883782, -301.73167856792315, 238.7989231942629]","[3530.2147539098414, -1248.6047650761168, -15.26382272725823, -55.18434315095419]","[3580.5423228500904, -1302.782993666053, 201.31027576099586, -216.7129143597449]","[3634.272700812207, -1358.7653774304194, 214.92151184846625, -223.92953505746573]","[3625.171440157377, -1366.9295850538394, -36.40504261931892, -32.65683049367999]","[3580.986564534434, -1347.7880729599542, -176.73950249177324, 76.56604837554096]","[3605.092510046215, -1377.964706921182, 96.42378204712449, -120.70653584491095]","[3680.7026258404367, -1449.2292074736702, 302.4404631768866, -285.058002209953]","[3629.6647331610216, -1460.9694973338994, -204.15157071766043, -46.96115944091707]","[3525.584543570683, -1391.9940390224265, -416.3207583613548, 275.9018332458918]","[3421.455541140604, -1322.8409418183498, -416.5160097203152, 276.6123888163065]","[3317.3265387105243, -1253.6878446142732, -416.51600972031883, 276.6123888163065]","[3213.197536280445, -1184.5347474101966, -416.516009720317, 276.6123888163065]","[3109.068533850366, -1115.38165020612, -416.516009720317, 276.6123888163065]"
476,Robot,"[3004.9395314202866, -1046.228553002043, -416.516009720317, 276.61238881630743]","[2900.810528990208, -977.0754557979668, -416.5160097203152, 276.61238881630516]","[2796.681526560128, -907.92235859389, -416.51600972031883, 276.61238881630743]","[2692.552524130049, -838.7692613898134, -416.516009720317, 276.61238881630607]","[2588.4235216999696, -769.6161641857362, -416.516009720317, 276.6123888163088]","[2484.2945192698903, -700.4630669816578, -416.516009720317, 276.6123888163138]","[2380.165516839811, -631.3099697775793, -416.516009720317, 276.6123888163138]","[2275.9550845472218, -563.3291521566825, -416.8417291703572, 271.9232704835872]","[2171.8543516762948, -494.1335062261988, -416.4029314837084, 276.7825837219352]","[2067.753618805368, -424.937860295714, -416.4029314837062, 276.7825837219391]","[1963.6528859344453, -355.74221436522924, -416.40293148369165, 276.7825837219391]","[1859.49012584695, -287.0015488460336, -416.6510403499815, 274.96266207678264]","[1755.281102411174, -218.80935682647575, -416.83609374310345, 272.76876807823135]","[1651.2286860681393, -149.5410765448337, -416.20966537213917, 277.07312112656825]","[1547.1762697251045, -80.2727962631916, -416.20966537213917, 277.07312112656837]","[1443.1238533820697, -11.004515981549504, -416.20966537213917, 277.07312112656837]"
477,Robot,"[1339.071437039035, 58.2637643000926, -416.20966537213917, 277.0731211265684]","[1235.019020696, 127.5320445817347, -416.20966537213917, 277.07312112656837]","[1130.9505637378786, 196.7761309188872, -416.27382783248595, 276.97634534861]","[1027.8842781877215, 267.4791040915712, -412.26514220062836, 282.81189269073593]","[923.718077627271, 336.5761447161992, -416.66480224180214, 276.3881624985122]","[836.114122767756, 423.5000396190638, -350.41581943805977, 347.69557961145824]","[770.4909471117114, 529.7669809205183, -262.4927026241785, 425.0677652058182]","[698.2160576881832, 631.6995071434383, -289.0995576941127, 407.73010489167973]","[613.5615550799631, 723.5990041768209, -338.6180104328808, 367.597988133531]","[532.5931752243355, 818.8100662032214, -323.8735194225105, 380.84424810560176]","[454.45639917858665, 916.2642264429976, -312.5471041829953, 389.8166409591049]","[373.2321739037093, 1010.9214173346352, -324.8969010995095, 378.62876356655033]","[334.2161799065205, 1127.8338139967818, -156.06397598875515, 467.6495866485866]","[347.6900155782023, 1251.8853449323303, 53.89534268672719, 496.206123742194]","[279.41042643959275, 1324.7378530537396, -273.11835655443815, 291.4100324856372]","[167.88751588384952, 1381.19704558406, -446.09164222297295, 225.83677012128192]"
478,Robot,"[56.36460532810628, 1437.6562381143806, -446.09164222297295, 225.83677012128192]","[-55.15830522763701, 1494.115430644701, -446.0916422229732, 225.83677012128192]","[-166.68121578338025, 1550.5746231750215, -446.09164222297295, 225.83677012128192]","[-278.2041263391235, 1607.033815705342, -446.09164222297295, 225.83677012128192]","[-389.7270368948667, 1663.4930082356625, -446.09164222297295, 225.83677012128192]","[-501.24994745061, 1719.952200765983, -446.0916422229732, 225.83677012128192]","[-612.7728580063532, 1776.4113932963037, -446.0916422229727, 225.83677012128283]","[-724.2957685620964, 1832.870585826624, -446.09164222297295, 225.836770121281]","[-835.8186791178397, 1889.3297783569444, -446.09164222297335, 225.83677012128211]","[-947.3415896735828, 1945.788970887265, -446.0916422229725, 225.83677012128192]","[-1058.8645002293265, 2002.2481634175851, -446.09164222297477, 225.836770121281]","[-1170.3874107850695, 2058.707355947905, -446.09164222297204, 225.8367701212792]","[-1281.9103213408127, 2115.16654847822, -446.09164222297295, 225.836770121261]","[-1393.433231896556, 2171.6257410085345, -446.09164222297295, 225.83677012125736]","[-1504.9561424522992, 2228.0849335388493, -446.09164222297295, 225.83677012125918]","[-1616.4790530080425, 2284.544126069164, -446.09164222297295, 225.83677012125918]"
479,Robot,"[-1728.0019635637857, 2341.003318599479, -446.09164222297295, 225.83677012125918]","[-1839.524874119529, 2397.4625111297937, -446.09164222297295, 225.83677012125918]","[-1951.047784675272, 2453.921703660112, -446.09164222297204, 225.83677012127373]","[-2031.7671760923529, 2535.763403920803, -322.87756566832377, 327.36680104276275]","[-2027.6962479800247, 2660.5578547685877, 16.28371244931259, 499.1778033911396]","[-2033.631730765981, 2785.2346141143403, -23.74193114382524, 498.7070373830102]","[-2056.344073985118, 2903.139518133756, -90.84937287654793, 471.6196160776635]","[-2111.867484190726, 2992.198358683706, -222.09364082243155, 356.23536219979906]","[-2175.313782127088, 3069.922728508498, -253.7851917454484, 310.89747929916877]","[-2290.560135413218, 3098.690175748552, -460.98541314452086, 115.0697889602161]","[-2414.130142954675, 3117.543643233446, -494.28003016582807, 75.4138699395753]","[-2537.700150496132, 3136.39711071834, -494.28003016582807, 75.41386993957713]","[-2661.270158037589, 3155.250578203233, -494.28003016582807, 75.41386993957167]","[-2784.8401655790462, 3174.104045688128, -494.28003016582807, 75.41386993957894]","[-2908.4101731205037, 3192.957513173021, -494.2800301658299, 75.41386993957349]","[-3031.9801806619603, 3211.810980657915, -494.28003016582625, 75.4138699395753]"
480,Robot,"[-3155.5501882034173, 3230.664448142809, -494.28003016582807, 75.4138699395753]","[-3279.1201957448743, 3249.5179156276977, -494.28003016582807, 75.4138699395553]","[-3279.5709408917114, 3213.174586868988, -1.8029805873484293, -145.37331503483801]","[-3180.079692026471, 3137.703576902589, 397.9649954609613, -301.8840398655975]","[-3077.115893234044, 3066.827232906638, 411.85519516970817, -283.5053759838029]","[-2974.152094441616, 2995.950888910687, 411.8551951697118, -283.5053759838047]","[-2871.1882956491886, 2925.0745449147357, 411.85519516971, -283.5053759838047]","[-2768.224496856761, 2854.1982009187764, 411.85519516971, -283.50537598383744]","[-2665.2606980643336, 2783.321856922817, 411.8551951697103, -283.50537598383767]","[-2562.296899271906, 2712.445512926858, 411.85519516971, -283.5053759838356]","[-2459.3331004794786, 2641.5691689308987, 411.85519516971, -283.50537598383744]","[-2356.369301687051, 2570.6928249349394, 411.85519516971, -283.50537598383744]","[-2253.405502894624, 2499.81648093898, 411.85519516970817, -283.50537598383744]","[-2150.441704102196, 2428.940136943021, 411.8551951697118, -283.5053759838356]","[-2047.4779053097689, 2358.0637929470618, 411.8551951697091, -283.50537598383744]","[-1944.514106517347, 2287.1874489511065, 411.85519516968725, -283.50537598382107]"
481,Robot,"[-1841.5503077249248, 2216.311104955151, 411.85519516968907, -283.50537598382107]","[-1738.5865089325034, 2145.434760959196, 411.85519516968543, -283.50537598382107]","[-1635.6227101400816, 2074.55841696324, 411.85519516968725, -283.5053759838247]","[-1532.6589113476598, 2003.682072967284, 411.85519516968725, -283.5053759838229]","[-1429.695112555238, 1932.8057289713272, 411.85519516968725, -283.50537598382743]","[-1326.7313137628162, 1861.9293849753703, 411.85519516968725, -283.50537598382743]","[-1223.7675149703944, 1791.0530409794137, 411.85519516968725, -283.5053759838265]","[-1120.8037161779723, 1720.1766969834566, 411.85519516968816, -283.50537598382834]","[-1017.8399173855504, 1649.3003529874998, 411.85519516968805, -283.50537598382766]","[-914.876118593126, 1578.424008991543, 411.8551951696977, -283.50537598382743]","[-811.9123198007012, 1507.547664995586, 411.8551951696991, -283.50537598382743]","[-708.9485210082765, 1436.6713209996292, 411.8551951696986, -283.50537598382743]","[-605.9847222158519, 1365.7949770036723, 411.8551951696986, -283.50537598382743]","[-503.0209234234272, 1294.9186330077157, 411.85519516969885, -283.5053759838265]","[-400.0571246310026, 1224.0422890117586, 411.8551951696984, -283.50537598382834]","[-297.0933258385779, 1153.1659450158018, 411.8551951696986, -283.50537598382743]"
482,Robot,"[-194.12952704615373, 1082.289601019845, 411.8551951696968, -283.50537598382743]","[-91.16572825372964, 1011.413257023888, 411.85519516969634, -283.50537598382743]","[11.798070538694647, 940.5369130279312, 411.85519516969714, -283.50537598382743]","[114.76186933111896, 869.6605690319743, 411.85519516969725, -283.50537598382743]","[217.7256681235436, 798.7842250360175, 411.8551951696986, -283.50537598382743]","[320.58939836730684, 727.7632167162669, 411.4549209750529, -284.08403327900214]","[410.0862943813548, 654.2783827957624, 357.98758405619174, -293.9393356820183]","[426.69442662048783, 569.1372546237457, 66.43252895653222, -340.56451268806677]","[445.3430700715529, 496.54410956214537, 74.5945738042604, -290.37258024640147]","[497.38098929818926, 461.892087817177, 208.1516769065454, -138.6080869798734]","[525.1035378587368, 406.4584910732602, 110.89019424219009, -221.73438697566735]","[511.47457190801424, 335.9711147386853, -54.51586380289018, -281.94950533829956]","[560.6206702551762, 283.6039994501402, 196.58439338864764, -209.46846115418043]","[681.1328630938592, 250.41045524027615, 482.04877135473225, -132.77417683945612]","[801.6450559325423, 217.21691103041215, 482.04877135473225, -132.774176839456]","[922.1572487712252, 184.0233668205484, 482.0487713547318, -132.77417683945498]"
483,Robot,"[1038.6810272832706, 139.29973067531876, 466.0951140481816, -178.8945445809186]","[1153.94530653427, 90.93501286628936, 461.0571170039975, -193.4588712361176]","[1269.2095857852694, 42.57029505726004, 461.0571170039975, -193.45887123611726]","[1384.4738650362688, -5.794422751769198, 461.0571170039975, -193.45887123611695]","[1499.738144287268, -54.15914056079842, 461.0571170039966, -193.4588712361169]","[1615.0024235382675, -102.52385836982752, 461.0571170039984, -193.4588712361164]","[1730.266702789267, -150.8885761788567, 461.0571170039975, -193.45887123611675]","[1845.5309820402665, -199.2532939878861, 461.0571170039984, -193.4588712361176]","[1960.7952612912657, -247.6180117969155, 461.057117003997, -193.45887123611777]","[2076.0595405422664, -295.9827296059449, 461.057117004003, -193.4588712361175]","[2191.3238197932715, -344.3474474149743, 461.05711700402026, -193.4588712361176]","[2306.5880990442765, -392.7121652240037, 461.05711700402026, -193.4588712361176]","[2421.8523782952816, -441.0768830330331, 461.05711700402026, -193.4588712361176]","[2537.1166575462867, -489.4416008420625, 461.05711700402026, -193.4588712361176]","[2652.380936797292, -537.8063186510911, 461.0571170040221, -193.45887123611465]","[2767.645216048297, -586.1710364601191, 461.05711700401844, -193.45887123611192]"
484,Robot,"[2882.909495299302, -634.5357542691471, 461.05711700402026, -193.45887123611192]","[2998.173774550307, -682.9004720781776, 461.05711700402026, -193.45887123612192]","[3113.438053801312, -731.2651898872083, 461.05711700402026, -193.45887123612283]","[3228.702333052317, -779.629907696239, 461.05711700402026, -193.45887123612283]","[3343.966612303322, -827.9946255052697, 461.05711700402026, -193.45887123612283]","[3459.230891554327, -876.3593433143004, 461.05711700402026, -193.45887123612283]","[3574.495170805332, -924.7240611233312, 461.05711700401844, -193.4588712361233]","[3689.759450056337, -973.0887789323618, 461.05711700402026, -193.45887123612238]","[3805.0237293073424, -1021.4534967413928, 461.0571170040225, -193.4588712361239]","[3920.288008558347, -1069.8182145504206, 461.05711700401844, -193.45887123611146]","[4035.552287809353, -1118.1829323594486, 461.0571170040239, -193.45887123611192]","[4150.816567060358, -1166.5476501684766, 461.05711700401844, -193.45887123611192]","[4266.080846311363, -1214.9123679775046, 461.05711700402026, -193.45887123611192]","[4381.345125562368, -1263.2770857865326, 461.05711700402026, -193.45887123611192]","[4496.609404813373, -1311.6418035955603, 461.05711700402026, -193.458871236111]","[4611.873684064378, -1360.0065214045885, 461.05711700402026, -193.45887123611283]"
485,Robot,"[4727.137963315383, -1408.3712392136183, 461.05711700402026, -193.4588712361192]","[4842.402242566388, -1456.7359570226508, 461.05711700402026, -193.4588712361301]","[4957.617398148426, -1505.147182728214, 460.8606223281531, -193.64490282225233]","[5061.167636136623, -1564.5883572658856, 414.20095195278554, -237.76469815068685]","[5167.118133758022, -1620.3704082677614, 423.80199048559734, -223.12820400750297]","[5283.592546488826, -1665.7434308584225, 465.89765092321613, -181.49209036264438]","[5400.06695921963, -1711.1164534490836, 465.89765092321613, -181.49209036264438]","[5516.541371950434, -1756.4894760397449, 465.89765092321613, -181.49209036264529]","[5633.015784681238, -1801.8624986304055, 465.89765092321653, -181.49209036264273]","[5749.490197412042, -1847.2355212210664, 465.89765092321613, -181.49209036264347]","[5774.5982581738845, -1932.1355026240449, 100.43224304736941, -339.59992561191393]","[5727.918470960125, -2048.092380236708, -186.71914885503793, -463.82751045065197]","[5650.005575575534, -2120.7468758969526, -311.65158153836455, -290.6179826409789]","[5525.243017934696, -2128.447798628565, -499.05023056335267, -30.803690926450145]","[5400.4804602938575, -2136.1487213601777, -499.05023056335267, -30.803690926450145]","[5275.717902653019, -2143.84964409179, -499.05023056335267, -30.803690926450145]"
486,Robot,"[-3328.63559, 2760.0299, 0.0, 0.0]","[-3304.111659603447, 2882.364001969292, 98.09572158621086, 489.3364078771683]","[-3262.0010315669283, 2999.7287399915717, 168.4425121460754, 469.4589520891186]","[-3186.2939626970824, 3098.6571853216874, 302.8282754793836, 395.71378132046266]","[-3082.112275369017, 3120.6327130090904, 416.72674931226175, 87.9021107496119]","[-2984.2578657484746, 3100.517865766608, 391.4176384821694, -80.45938896992993]","[-2920.3086366364346, 3177.2645948073296, 255.79691644816012, 306.9869161628867]","[-2825.7341063216336, 3258.397765594815, 378.298121259204, 324.5326831499424]","[-2707.608870332742, 3269.410028729442, 472.5009439555674, 44.0490525385067]","[-2606.790126214692, 3195.533431032427, 403.27497647219934, -295.50639078805943]","[-2506.165467792466, 3121.3736163251974, 402.4986336889033, -296.6392588289182]","[-2405.5408093702413, 3047.213801617968, 402.49863368889964, -296.6392588289182]","[-2304.916150948016, 2973.0539869107383, 402.49863368890146, -296.6392588289182]","[-2204.2914925257905, 2898.894172203509, 402.49863368890146, -296.6392588289182]","[-2103.666834103565, 2824.7343574962792, 402.49863368890146, -296.6392588289182]","[-2003.04217568134, 2750.5745427890497, 402.49863368890055, -296.6392588289182]"
487,Robot,"[-1902.4175172591144, 2676.41472808182, 402.4986336889024, -296.6392588289182]","[-1801.792858836889, 2602.2549133745906, 402.49863368890146, -296.6392588289182]","[-1701.1682004146678, 2528.095098667361, 402.4986336888851, -296.6392588289182]","[-1600.7336600132137, 2453.6810868198704, 401.73816160581646, -297.6560473899626]","[-1496.0328987632129, 2386.750001335499, 418.8030450000033, -267.7243419374863]","[-1382.4873237506645, 2335.608018133207, 454.1823000501936, -204.56793280916645]","[-1261.7646267458022, 2303.418993588144, 482.89078801944925, -128.7560981802526]","[-1139.3548890363272, 2278.951526599834, 489.63895083789976, -97.86986795324083]","[-1015.8843623735444, 2262.184647704228, 493.88210665113183, -67.06751558242291]","[-899.8459547361034, 2225.4139374720285, 464.1536305497639, -147.08284092879876]","[-797.2313308723898, 2295.2292429289487, 410.4584954548545, 279.26122182768086]","[-706.9127084882185, 2381.26893167306, 361.274489536685, 344.15875497644447]","[-682.5129425352769, 2501.510435658118, 97.59906381176643, 480.96601594023196]","[-615.1174473785936, 2424.399275999226, 269.5819806267332, -308.44463863556666]","[-541.2044347094075, 2323.59319206495, 295.6520506767447, -403.2243357371044]","[-467.2914220402222, 2222.787108130674, 295.65205067674106, -403.2243357371044]"
488,Robot,"[-393.37840937103743, 2121.981024196398, 295.652050676739, -403.2243357371044]","[-319.4653967018527, 2021.17494026212, 295.652050676739, -403.2243357371117]","[-245.55238403266796, 1920.3688563278383, 295.6520506767389, -403.22433573712624]","[-171.63937136348318, 1819.5627723935563, 295.6520506767391, -403.22433573712806]","[-97.72635869429838, 1718.7566884592748, 295.6520506767392, -403.22433573712624]","[-23.81334602511332, 1617.9506045249943, 295.65205067674026, -403.2243357371217]","[50.0996666440717, 1517.1445205907155, 295.65205067674003, -403.2243357371153]","[124.0126793132568, 1416.3384366564364, 295.6520506767404, -403.22433573711623]","[197.9256919824416, 1315.5323527221576, 295.6520506767395, -403.22433573711567]","[271.8387046516264, 1214.7262687878792, 295.65205067673924, -403.2243357371135]","[365.5740242470992, 1154.542545395295, 374.94127838189115, -240.73489357033668]","[487.4561447382106, 1127.893686404592, 487.5284819644455, -106.59543596281219]","[603.27602394788, 1082.0886703595586, 463.27951683867786, -183.2200641801337]","[717.250040313571, 1030.757163529216, 455.896065462764, -205.32602732137002]","[831.224056679262, 979.4256566988732, 455.896065462764, -205.32602732137138]","[945.198073044953, 928.0941498685304, 455.896065462764, -205.32602732137138]"
489,Robot,"[1059.1720894106431, 876.7626430381877, 455.89606546276036, -205.32602732137093]","[1173.1461057763313, 825.4311362078449, 455.89606546275263, -205.32602732137093]","[1287.1201221420197, 774.0996293775022, 455.89606546275354, -205.32602732137093]","[1401.0941385077076, 722.7681225471595, 455.8960654627517, -205.32602732137093]","[1515.0681548733958, 671.4366157168172, 455.89606546275263, -205.3260273213691]","[1629.042171239084, 620.1051088864768, 455.89606546275263, -205.32602732136138]","[1743.016187604772, 568.7736020561364, 455.89606546275263, -205.32602732136183]","[1856.99020397046, 517.4420952257959, 455.8960654627517, -205.32602732136183]","[1970.9642203361484, 466.1105883954547, 455.89606546275394, -205.32602732136496]","[2084.9382367018384, 414.7790815651134, 455.8960654627599, -205.32602732136525]","[2198.912253067532, 363.4475747347721, 455.89606546277537, -205.32602732136525]","[2312.886269433226, 312.1160679044308, 455.89606546277537, -205.32602732136525]","[2426.86028579892, 260.7845610740895, 455.89606546277537, -205.32602732136525]","[2540.8343021646137, 209.45305424374817, 455.89606546277537, -205.32602732136525]","[2654.808318530308, 158.12154741340686, 455.8960654627772, -205.32602732136525]","[2768.782334896001, 106.79004058306522, 455.89606546277173, -205.32602732136655]"
490,Robot,"[2882.7563512616957, 55.45853375272352, 455.89606546277577, -205.32602732136536]","[2996.730367627389, 4.127026922381663, 455.89606546277355, -205.3260273213674]","[3110.704383993083, -47.2044799079603, 455.89606546277537, -205.32602732136786]","[3224.678400358777, -98.53598673830231, 455.89606546277537, -205.32602732136806]","[3338.65241672447, -149.86749356864436, 455.89606546277355, -205.3260273213682]","[3452.6264330901645, -201.19900039898656, 455.8960654627772, -205.32602732136877]","[3566.6004494558583, -252.5305072293293, 455.89606546277537, -205.32602732137093]","[3680.574465821552, -303.86201405967205, 455.89606546277537, -205.32602732137104]","[3794.548482187246, -355.1935208900148, 455.89606546277577, -205.3260273213711]","[3908.52249855294, -406.5250277203575, 455.89606546277537, -205.32602732137093]","[4022.4965149186337, -457.8565345507005, 455.89606546277537, -205.32602732137184]","[4136.470531284323, -509.18804138104457, 455.896065462759, -205.3260273213764]","[4250.444547650006, -560.5195482113874, 455.8960654627299, -205.32602732137116]","[4364.418564015688, -611.8510550417301, 455.8960654627299, -205.32602732137093]","[4461.247296348691, -688.5609601208465, 387.31492933200934, -306.8396203164657]","[4551.40841822454, -775.1402422967083, 360.6444875033958, -346.317128703447]"
491,Robot,"[4641.569540100389, -861.71952447257, 360.6444875033958, -346.317128703447]","[4731.730661976238, -948.2988066484317, 360.6444875033958, -346.31712870344654]","[4821.891783852087, -1034.8780888242904, 360.64448750339943, -346.3171287034352]","[4897.289251809983, -1114.29721520237, 301.5898718315839, -317.6765055123178]","[4983.226572092043, -1193.8607806363857, 343.7492811282391, -318.2542617360632]","[5079.064976822942, -1270.97159570414, 383.3536189235965, -308.4432602710176]","[5177.100716898665, -1343.996660880792, 392.1429603028919, -292.1002607066075]","[5264.339776235394, -1416.0580688229595, 348.95623734691617, -288.24563176867014]","[5331.196088039956, -1431.2232373607787, 267.42524721824543, -60.660674151276964]","[5379.038724924031, -1438.6336254646535, 191.37054753630218, -29.641552415499063]","[5420.231124961612, -1411.3381821852747, 164.76960015032455, 109.18177311751515]","[5436.960420224865, -1420.9203346719148, 66.9171810530097, -38.32860994656039]","[5374.461816712599, -1392.871457746296, -249.99441404906247, 112.19550770247497]","[5293.660863620178, -1362.0928410421118, -323.2038123696839, 123.11446681673715]","[5181.643986867072, -1339.3474874225712, -448.06750701242345, 90.98141447816215]","[5057.174531649292, -1347.48167562092, -497.8778208711228, -32.53675279339495]"
492,Robot,"[5003.108379955756, -1357.0682906245058, -216.2646067741407, -38.34646001434339]","[5003.108379955756, -1357.0682906245058, 0.0, 0.0]","[5021.098862626521, -1333.1868621213112, 71.96193068305729, 95.52571401277874]","[5136.385724334733, -1288.1032587405712, 461.1474468328488, 180.33441352295995]","[5240.540779594459, -1338.7982129502448, 416.6202210389056, -202.7798168386944]","[5335.718232210354, -1419.8306293867984, 380.709810463577, -324.1296657462144]","[5430.895684826256, -1500.8630458233497, 380.70981046360976, -324.1296657462053]","[5526.073137442159, -1581.8954622599006, 380.7098104636134, -324.1296657462035]","[5621.250590058062, -1662.9278786964517, 380.7098104636101, -324.1296657462047]","[5716.428042673964, -1743.9602951330028, 380.70981046360976, -324.1296657462044]","[5742.197584227696, -1808.1623254415829, 103.07816621492748, -256.8081212343204]","[5620.475314774316, -1836.5997852282248, -486.889077813521, -113.74983914656787]","[5498.753045320936, -1865.0372450148664, -486.889077813521, -113.74983914656605]","[5374.858443560619, -1867.1912178350904, -495.5784070412665, -8.615891280895994]","[5250.11904590316, -1859.123834612819, -498.95759062983416, 32.269532889084985]","[5125.379648245702, -1851.056451390548, -498.95759062983416, 32.269532889084076]"
493,Robot,"[5000.640250588243, -1842.989068168276, -498.95759062983416, 32.26953288908862]","[4875.900852930785, -1834.9216849460047, -498.95759062983416, 32.269532889084985]","[4751.161455273326, -1826.8543017237328, -498.95759062983416, 32.269532889087714]","[4626.422057615868, -1818.7869185014615, -498.95759062983416, 32.269532889084985]","[4501.682659958409, -1810.7195352791905, -498.95759062983416, 32.269532889084076]","[4376.943262300951, -1802.6521520569188, -498.95759062983416, 32.269532889086804]","[4252.203864643492, -1794.584768834647, -498.95759062983416, 32.269532889086804]","[4127.464466986034, -1786.5173856123758, -498.95759062983416, 32.269532889084985]","[4002.725069328575, -1778.4500023901044, -498.9575906298346, 32.26953288908592]","[3877.985671671117, -1770.382619167833, -498.95759062983234, 32.269532889085895]","[3753.246274013658, -1762.3152359455614, -498.957590629836, 32.269532889085895]","[3628.5068763562, -1754.24785272329, -498.95759062983234, 32.269532889085895]","[3503.767478698741, -1746.1804695010185, -498.957590629836, 32.269532889085895]","[3379.0280810412823, -1738.113086278747, -498.95759062983416, 32.269532889085895]","[3254.288683383824, -1730.0457030564755, -498.95759062983416, 32.269532889085895]","[3129.5492857263653, -1721.978319834204, -498.95759062983416, 32.269532889085895]"
494,Robot,"[3004.8098880689067, -1713.9109366119326, -498.95759062984126, 32.269532889086356]","[2880.070490411448, -1705.843553389661, -498.95759062983416, 32.269532889085895]","[2755.3310927539897, -1697.7761701673896, -498.95759062983416, 32.269532889085895]","[2630.591695096531, -1689.7087869451182, -498.95759062983416, 32.269532889085895]","[2505.852297439073, -1681.6414037228467, -498.95759062983234, 32.269532889085895]","[2381.112899781614, -1673.5740205005752, -498.957590629836, 32.269532889085895]","[2256.3735021241555, -1665.5066372783035, -498.95759062983416, 32.269532889086804]","[2131.634104466697, -1657.4392540560325, -498.95759062983416, 32.269532889084076]","[2006.8947068092384, -1649.3718708337608, -498.9575906298346, 32.26953288908683]","[1882.15530915178, -1641.304487611491, -498.95759062983325, 32.26953288907953]","[1757.415911494321, -1633.237104389222, -498.957590629836, 32.26953288907589]","[1632.6765138368628, -1625.1697211669532, -498.95759062983325, 32.26953288907498]","[1507.9371161794045, -1617.1023379446845, -498.95759062983325, 32.26953288907498]","[1383.1977185219455, -1609.0349547224157, -498.957590629836, 32.26953288907498]","[1258.4583208644872, -1600.967571500147, -498.95759062983325, 32.26953288907498]","[1133.7189232070286, -1592.9001882778782, -498.95759062983416, 32.26953288907498]"
495,Robot,"[1008.9795255495706, -1584.8328050556097, -498.95759062983234, 32.26953288907407]","[884.2401278921149, -1576.765421833341, -498.9575906298228, 32.26953288907498]","[759.5007302346592, -1568.6980386110722, -498.9575906298228, 32.26953288907498]","[634.7613325772035, -1560.6306553888037, -498.9575906298228, 32.26953288907407]","[510.0644287082528, -1552.0208817637672, -498.78761547580257, 34.439094500145984]","[385.5906172289533, -1540.5635585241987, -497.89524591719805, 45.82929295827398]","[261.11680574965385, -1529.1062352846302, -497.8952459171978, 45.82929295827398]","[136.64299427035508, -1517.6489120450617, -497.8952459171951, 45.82929295827398]","[12.16918279105599, -1506.1915888054932, -497.8952459171968, 45.829292958274024]","[-112.3046286882431, -1494.7342655659247, -497.89524591719635, 45.82929295827398]","[-233.1368418161504, -1480.176432437578, -483.3288525116292, 58.231332513387315]","[-334.0554298528757, -1458.8924786128823, -403.67435214690124, 85.13581529878229]","[-380.3431087915122, -1481.2069549713078, -185.1507157545459, -89.25790543370204]","[-409.28779025994993, -1484.6795417907406, -115.778725873751, -13.890347277731053]","[-426.091937642638, -1501.8585114514171, -67.21658953075234, -68.71587864270623]","[-429.2102246031058, -1492.83843559805, -12.473147841871196, 36.080303413468755]"
496,Robot,"[-377.5960188463173, -1404.423449691539, 206.4568230271541, 353.65994362604397]","[-355.7673845830709, -1281.535062883494, 87.31453705298554, 491.5535472321799]","[-310.3797752585351, -1165.3587653609293, 181.55043729814315, 464.70519009025884]","[-272.781318590337, -1116.2599679111197, 150.39382667279256, 196.39518979923832]","[-229.53873014820357, -1137.362633465337, 172.97035376853364, -84.41066221686924]","[-229.53873014820357, -1137.362633465337, 0.0, 0.0]","[-229.53873014820357, -1137.362633465337, 0.0, 0.0]","[-229.53873014820357, -1137.362633465337, 0.0, 0.0]","[-329.45032655216886, -1137.655750183112, -399.6463856158615, -1.1724668711003698]","[-454.4475616860472, -1136.8243604515303, -499.9889405355134, 3.325558926327176]","[-579.4411666305537, -1136.2858960550582, -499.9744197780258, 2.153857585888545]","[-703.1848305854387, -1150.4864570106045, -494.9746558195402, -56.80224382218512]","[-828.1773549249342, -1149.119394743986, -499.970097357982, 5.468249066473618]","[-953.1698792644296, -1147.752332477368, -499.97009735798156, 5.468249066471799]","[-1078.1624036039252, -1146.3852702107497, -499.97009735798247, 5.468249066473618]","[-1203.1549279434207, -1145.0182079441313, -499.970097357982, 5.468249066473618]"
497,Robot,"[-1328.1474522829162, -1143.651145677513, -499.970097357982, 5.468249066473618]","[-1453.1399766224115, -1142.2840834108947, -499.9700973579811, 5.468249066472708]","[-1578.1325009619072, -1140.9170211442763, -499.9700973579829, 5.468249066473618]","[-1703.1250253014027, -1139.549958877658, -499.970097357982, 5.468249066473618]","[-1828.1175496408985, -1138.1828966110395, -499.9700973579829, 5.468249066473618]","[-1953.1100739803935, -1136.815834344421, -499.9700973579802, 5.468249066473618]","[-2078.102598319889, -1135.4487720778031, -499.9700973579811, 5.468249066471799]","[-2203.0951226593847, -1134.0817098111847, -499.97009735798383, 5.468249066473618]","[-2328.08764699888, -1132.7146475445666, -499.97009735798065, 5.468249066472713]","[-2453.080171338376, -1131.3475852779482, -499.97009735798565, 5.468249066473618]","[-2578.0726956778717, -1129.98052301133, -499.970097357982, 5.468249066472708]","[-2703.0652200173668, -1128.6134607447116, -499.9700973579802, 5.468249066473618]","[-2828.0577443568623, -1127.2463984780932, -499.970097357982, 5.468249066473618]","[-2953.0502686963578, -1125.879336211475, -499.970097357982, 5.468249066472708]","[-3064.058195839239, -1130.7908506199483, -444.0317085715251, -19.64605763389318]","[-3158.189846039372, -1145.7113139051403, -376.526600800531, -59.681853140768]"
498,Robot,"[-3248.2548231206592, -1168.691540342829, -360.2599083251498, -91.92090575075508]","[-3341.658517483388, -1201.916778190403, -373.6147774509154, -132.90095139029563]","[-3444.2652758475574, -1242.2144890076954, -410.42703345667724, -161.19084326916982]","[-3543.654261513419, -1281.3373545647137, -397.55594266344633, -156.49146222807303]","[-3637.958528614429, -1318.56436417296, -377.2170684040393, -148.90803843298545]","[-3725.5126148512127, -1353.2745441110324, -350.21634494713544, -138.84071975228926]","[-3804.45012055643, -1384.7720004238422, -315.7500228208701, -125.98982525123938]","[-3873.0876838205113, -1412.4290854549977, -274.55025305632444, -110.6283401246219]","[-3930.4560727236017, -1435.8844175315885, -229.47355561236165, -93.82132830636337]","[-3976.649782848919, -1455.17322967808, -184.77484050126986, -77.15524858596564]","[-4012.729456801761, -1470.690986376413, -144.31869581136743, -62.07102679333275]","[-4040.197800138074, -1482.9965539039154, -109.87337334525182, -49.22227011000905]","[-4024.0196288276993, -1459.3791636977303, 64.71268524149855, 94.46956082474026]","[-4007.360807873981, -1436.331198350959, 66.63528381487413, 92.19186138708483]","[-4005.707897449591, -1425.574892599407, 6.611641697558298, 43.02522300620876]","[-4076.118878179563, -1350.034824126505, -281.6439229198877, 302.1602738916072]"
499,Robot,"[-3977.219485736205, -1354.349861580292, 395.59756977343204, -17.260149815147997]","[-3853.4759893916, -1372.028863599999, 494.9739853784213, -70.71600807882805]","[-3729.7324930469954, -1389.7078656197068, 494.97398537841764, -70.71600807883078]","[-3605.988996702391, -1407.3868676394168, 494.97398537841764, -70.71600807883988]","[-3482.2455003577857, -1425.0658696591272, 494.9739853784213, -70.7160080788417]","[-3358.502004013181, -1442.7448716788376, 494.97398537841946, -70.7160080788417]","[-3234.758507668576, -1460.423873698548, 494.97398537841946, -70.7160080788417]","[-3112.709041094085, -1481.180249945805, 488.1978662979636, -83.02550498902747]","[-2993.4944665064017, -1506.5121670826495, 476.8582983507335, -101.32766854737847]","[-2869.610148925474, -1523.175775860693, 495.5372703237117, -66.65443511217381]","[-2745.725831344546, -1539.8393846387362, 495.5372703237117, -66.6544351121729]","[-2621.841513763618, -1556.5029934167794, 495.5372703237117, -66.6544351121729]","[-2497.95719618269, -1573.1666021948226, 495.5372703237117, -66.6544351121729]","[-2374.072878601762, -1589.8302109728677, 495.5372703237117, -66.65443511218018]","[-2250.188561020834, -1606.4938197509134, 495.5372703237117, -66.65443511218291]","[-2126.3042434399063, -1623.1574285289596, 495.5372703237117, -66.65443511218473]"
500,Robot,"[-2002.4199258589783, -1639.8210373070056, 495.5372703237117, -66.65443511218382]","[-1878.610869155896, -1650.642558834541, 495.23622681232973, -43.286086110141696]","[-1755.196932061504, -1630.7931222968948, 493.65574837756776, 79.39774615058468]","[-1631.7829949671118, -1610.9436857592486, 493.65574837756867, 79.39774615058468]","[-1508.3690578727196, -1591.0942492216025, 493.65574837756867, 79.39774615058468]","[-1384.9551207783277, -1571.2448126839563, 493.65574837756776, 79.39774615058468]","[-1261.5411836839353, -1551.39537614631, 493.6557483775696, 79.39774615058559]","[-1138.1272465895431, -1531.545939608664, 493.65574837756867, 79.39774615058377]","[-1014.7133094951512, -1511.6965030710178, 493.6557483775682, 79.39774615058475]","[-891.2993724007619, -1491.8470665333716, 493.6557483775573, 79.39774615058468]","[-767.8854353063725, -1471.9976299957254, 493.6557483775573, 79.39774615058468]","[-644.4714982119832, -1452.1481934580793, 493.6557483775573, 79.39774615058468]","[-521.0575611175939, -1432.298756920433, 493.6557483775573, 79.39774615058468]","[-397.64362402320455, -1412.449320382787, 493.6557483775573, 79.39774615058468]","[-274.2296869288152, -1392.5998838451408, 493.6557483775573, 79.39774615058468]","[-150.81574983442528, -1372.7504473074946, 493.6557483775598, 79.39774615058468]"
501,Robot,"[-27.40181274003553, -1352.9010107698484, 493.655748377559, 79.39774615058468]","[96.0121243543542, -1333.0515742322025, 493.6557483775589, 79.39774615058377]","[219.4260614487441, -1313.202137694556, 493.6557483775596, 79.39774615058559]","[342.8399985431337, -1293.35270115691, 493.6557483775583, 79.39774615058468]","[466.253935637523, -1273.5032646192635, 493.6557483775573, 79.39774615058559]","[589.6678727319123, -1253.6538280816176, 493.6557483775573, 79.39774615058377]","[713.0818098263017, -1233.8043915439714, 493.6557483775573, 79.39774615058468]","[836.4592755261915, -1213.7417177371044, 493.5098627995594, 80.25069522746799]","[956.415479696215, -1179.69705948426, 479.82481668009444, 136.17863301137743]","[1077.835596998411, -1150.0375569178182, 485.6804692087835, 118.63801026576766]","[1143.0499844772328, -1072.9621020844854, 260.85754991528756, 308.30181933333097]","[1223.345656507783, -1045.0054683813162, 321.1826881222005, 111.82653481267698]","[1269.3033987168508, -1007.526328181762, 183.8309688362715, 149.91656079821678]","[1272.603538686335, -958.5818867354818, 13.20055987793694, 195.77776578512066]","[1266.7846218784766, -909.3881742444044, -23.275667231433545, 196.77484996430985]","[1314.2051151113951, -889.0584518695762, 189.68197293167395, 81.31888949931272]"
502,Robot,"[1439.040567755223, -882.6467622941722, 499.3418105752975, 25.646758301615318]","[1563.8760203990507, -876.2350727187682, 499.3418105753108, 25.646758301616046]","[1688.7114730428784, -869.8233831433641, 499.3418105753108, 25.646758301616046]","[1813.05882513724, -860.6038812482042, 497.38940837744667, 36.87800758063986]","[1937.6523680092905, -852.0298701524367, 498.3741714882017, 34.296044383069784]","[2062.506742869548, -845.9978656552593, 499.4174994410296, 24.12801798870987]","[2187.3611177298108, -839.9658611580818, 499.4174994410514, 24.12801798870987]","[2312.2154925900736, -833.9338566609043, 499.4174994410514, 24.12801798870987]","[2437.0698674503365, -827.9018521637269, 499.41749944105186, 24.128017988709892]","[2561.9242423105998, -821.8698476665494, 499.4174994410532, 24.12801798870987]","[2686.778617170862, -815.8378431693719, 499.4174994410496, 24.12801798870987]","[2811.632992031125, -809.8058386721945, 499.4174994410514, 24.12801798870987]","[2936.487366891388, -803.773834175017, 499.4174994410514, 24.12801798870987]","[3061.3417417516507, -797.7418296778395, 499.4174994410514, 24.12801798870987]","[3186.1961166119136, -791.709825180661, 499.4174994410514, 24.128017988713964]","[3305.1338954249227, -769.1902887979223, 475.75111525203647, 90.07814553095477]"
503,Robot,"[3405.3357867549616, -694.4602347775783, 400.80756532015585, 298.9202160813761]","[3505.5376780850006, -619.7301807572343, 400.80756532015585, 298.9202160813761]","[3605.73956941504, -545.0001267368903, 400.80756532015766, 298.9202160813761]","[3704.582542317408, -468.63661352621455, 395.3718916094713, 305.4540528427028]","[3802.298418743242, -390.90685531566135, 390.86350570333707, 310.9190328422128]","[3902.664467186974, -316.3974175255971, 401.4641937749275, 298.0377511602569]","[4003.030515630706, -241.88797973553275, 401.4641937749275, 298.03775116025747]","[4103.396564074437, -167.37854194546782, 401.46419377492566, 298.03775116025975]","[4203.762612518158, -92.86910415540297, 401.46419377488235, 298.0377511602597]","[4304.128660961878, -18.359666365338384, 401.464193774882, 298.0377511602583]","[4404.494709405599, 56.1497714247261, 401.464193774882, 298.0377511602579]","[4504.860757849319, 130.65920921479034, 401.464193774882, 298.03775116025696]","[4605.22680629304, 205.16864700485456, 401.464193774882, 298.0377511602569]","[4705.59285473676, 279.6780847949185, 401.464193774882, 298.03775116025577]","[4800.511069097071, 360.5758664354937, 379.67285744124456, 323.5911265623008]","[4901.296176186771, 434.51747981332574, 403.1404283587981, 295.7664535113281]"
504,Robot,"[5002.081283276471, 508.45909319115776, 403.1404283588017, 295.7664535113281]","[5102.866390366172, 582.4007065689898, 403.1404283588017, 295.7664535113281]","[5203.651497455872, 656.3423199468218, 403.1404283588017, 295.7664535113281]","[5304.436604545573, 730.2839333246538, 403.1404283588017, 295.7664535113281]","[5405.221711635273, 804.2255467024854, 403.1404283588017, 295.7664535113263]","[5506.0068187249735, 878.1671600803146, 403.1404283588017, 295.76645351131674]","[5606.791925814674, 952.1087734581438, 403.1404283588017, 295.76645351131674]","[5707.577032904374, 1026.0503868359729, 403.1404283588017, 295.7664535113163]","[5699.650467058422, 1035.1586375957588, -31.706263383810466, 36.43300303914388]","[5585.336713509077, 984.5882337071082, -457.25501419738066, -202.28161555460247]","[5471.022959959731, 934.0178298184568, -457.25501419738066, -202.28161555460565]","[5359.463714510412, 879.2782227935517, -446.23698179727944, -218.9584280996205]","[5268.104195127944, 793.9644594361353, -365.4380775298705, -341.2550534296656]","[5176.744675745476, 708.6506960787189, -365.4380775298705, -341.2550534296656]","[5085.385156363009, 623.3369327213024, -365.4380775298705, -341.2550534296656]","[4994.025636980541, 538.023169363886, -365.4380775298705, -341.2550534296656]"
505,Robot,"[4902.6661175980735, 452.7094060064696, -365.4380775298705, -341.25505342966585]","[4811.306598215606, 367.3956426490532, -365.4380775298705, -341.2550534296656]","[4719.947078833138, 282.0818792916368, -365.4380775298705, -341.2550534296654]","[4628.587559450671, 196.7681159342199, -365.4380775298705, -341.25505342966767]","[4537.228040068203, 111.4543525768028, -365.4380775298705, -341.2550534296684]","[4445.868520685735, 26.140589219385674, -365.4380775298705, -341.2550534296685]","[4354.509001303268, -59.17317413803144, -365.4380775298705, -341.25505342966846]","[4263.1494819208, -144.48693749544856, -365.4380775298705, -341.25505342966846]","[4188.005329390466, -226.0760855211464, -300.57661012133786, -326.3565921027917]","[4089.249602122403, -229.2444619902072, -395.0229090722514, -12.673505876243212]","[4002.9887310181034, -238.6482399103084, -345.04348441719776, -37.615111680404766]","[3914.119439014222, -326.5530119009579, -355.47716801552633, -351.6190879625981]","[3825.250147010341, -414.45778389160745, -355.4771680155227, -351.6190879625981]","[3739.879164027931, -505.5853492251513, -341.4839319296407, -364.5102613341753]","[3650.887403021792, -593.3661356936395, -355.96704402455543, -351.12314587395304]","[3561.8956420156533, -681.1469221621278, -355.96704402455543, -351.12314587395304]"
506,Robot,"[3472.9038810095144, -768.927708630616, -355.96704402455543, -351.12314587395304]","[3383.9121200033755, -856.7084950991043, -355.96704402455543, -351.12314587395304]","[3294.9203589972367, -944.4892815675926, -355.96704402455543, -351.12314587395304]","[3205.930010074944, -1032.271499024704, -355.9613956891699, -351.1288698284461]","[3142.5583713625724, -1134.6112106282158, -253.48655484948722, -409.35884641404664]","[3059.1041120538544, -1223.624270358966, -333.81703723487226, -356.0522389230009]","[2968.9188327628026, -1310.1783886849894, -360.741117164207, -346.2164733040936]","[2878.733553471751, -1396.7325070110128, -360.741117164207, -346.2164733040936]","[2788.548274180699, -1483.2866253370362, -360.74111716420737, -346.2164733040939]","[2698.362994889648, -1569.8407436630596, -360.7411171642052, -346.2164733040936]","[2608.177715598596, -1656.394861989083, -360.741117164207, -346.2164733040936]","[2517.992436307544, -1742.9489803151064, -360.74111716420884, -346.2164733040936]","[2427.807157016492, -1829.5030986411296, -360.741117164207, -346.2164733040927]","[2337.6218777254403, -1916.0572169671527, -360.741117164207, -346.2164733040927]","[2247.4365984343885, -2002.6113352931768, -360.741117164207, -346.2164733040963]","[2157.251319143337, -2089.1654536192, -360.741117164207, -346.2164733040927]"
507,Robot,"[2067.066039852285, -2175.7195719452234, -360.741117164207, -346.2164733040936]","[1976.8807605612333, -2262.273690271247, -360.741117164207, -346.2164733040936]","[1888.942047942892, -2346.054610571656, -351.75485047336497, -335.12368120163774]","[1801.7936859962683, -2429.0981536447034, -348.59344778649483, -332.1741722921888]","[1713.414641594161, -2514.0926538340645, -353.51617760842964, -339.97800075744453]","[1637.120927600989, -2592.4066480741567, -305.1748559726875, -313.25597696036857]","[1568.7787231028508, -2679.2641927483705, -273.368817992553, -347.43017869685536]","[1501.064871832869, -2763.285963188009, -270.85540507992755, -336.08708175855463]","[1481.603953135821, -2845.377976050595, -77.84367478819156, -328.36805145034333]","[1456.5704350519077, -2955.6927758417555, -100.1340723356534, -441.25919916464227]","[1451.82388634869, -3080.1788439232782, -18.986194812870963, -497.94427232609087]","[1414.6620741149982, -3185.924676392819, -148.64724893476705, -422.9833298781632]","[1329.5678504502127, -3257.050087730224, -340.3768946591417, -284.50164534961914]","[1229.581645965645, -3317.576488131187, -399.9448179382707, -242.10560160385285]","[1134.1287499531325, -3385.510670607726, -381.81158405005044, -271.73672990615523]","[1052.1687762188872, -3462.0158672818334, -327.8398949369812, -306.02078669643015]"
508,Robot,"[977.4263879626988, -3535.6873641603784, -298.9695530247536, -294.68598751417994]","[924.5043767213244, -3611.281728149758, -211.68804496549728, -302.37745595751767]","[910.123154986818, -3690.0082646785686, -57.5248869380257, -314.90614611524325]","[961.8852136139024, -3785.068383002753, 207.04823450833737, -380.24047329673704]","[1006.3864546844547, -3885.9458782909287, 178.00496428220958, -403.5099811527034]","[961.796486150698, -3944.684340584369, -178.35987413502698, -234.95384917376032]","[890.5235858986688, -3963.046231814008, -285.09160100811687, -73.44756491855696]","[810.6298999732614, -3966.949742735216, -319.57474370162936, -15.614043684832723]","[733.9710708008909, -3983.5802612975313, -306.63531668948264, -66.52207424926024]","[680.8963983417484, -4065.3305030989536, -212.2986898365698, -327.00096720568945]","[690.307322061828, -4145.810485329488, 37.643694880318435, -321.91992892213784]","[719.6472201170333, -4114.236035511065, 117.35959222082101, 126.29779927369236]","[751.6574568619197, -4039.849875976946, 128.04094697954588, 297.54463813647635]","[779.6753060086334, -3969.744355262464, 112.07139658685446, 280.4220828579273]","[800.6666560726171, -3909.726864061455, 83.96540025593504, 240.0699648040354]","[806.9246552552073, -3868.134092025435, 25.031996730360788, 166.3710881440802]"
509,Robot,"[801.3621730754008, -3830.6009909373097, -22.249928719225863, 150.1324043525019]","[842.9522490936812, -3774.6498030510606, 166.36030407312137, 223.80475154499618]","[870.0938215389269, -3726.12441115508, 108.56628978098297, 194.1015675839226]","[954.3416774802072, -3666.301429897484, 336.991423765121, 239.29192503038394]","[1033.002964162952, -3590.666896973786, 314.6451467309789, 302.53813169479145]","[1095.0009763064854, -3497.516226379237, 247.99204857413406, 372.6026823781958]","[1162.0240422202653, -3400.3671034226595, 268.0922636551195, 388.59649182631074]","[1232.2695328691525, -3301.2679637867545, 280.9819625955488, 396.3965585436199]","[1317.33297674628, -3214.397150975052, 340.2537755085107, 347.4832512468095]","[1428.1226309750643, -3156.567807908618, 443.1586169151369, 231.3173722657375]","[1519.5621900672045, -3075.704868106034, 365.7582363685606, 323.4517592103348]","[1542.8875864974252, -2952.900446844531, 93.30158572088294, 491.2176850460128]","[1566.212982927646, -2830.096025583028, 93.30158572088294, 491.21768504601096]","[1589.5383793578667, -2707.2916043215246, 93.30158572088294, 491.2176850460146]","[1612.8637757880874, -2584.4871830600214, 93.30158572088294, 491.2176850460128]","[1643.1253990117125, -2463.3070018505814, 121.04649289450026, 484.7207248377599]"
510,Robot,"[1719.932984955686, -2368.582764631789, 307.23034377589374, 378.89694887517]","[1817.3650930545, -2290.330606938128, 389.7284323952563, 313.0086307746442]","[1899.4189310452475, -2196.3587962586626, 328.2153519629901, 375.8872427178612]","[1951.1259101796445, -2135.378444509752, 206.82791653758795, 243.92140699564152]","[1950.2422787329372, -2140.299744690232, -3.534525786829363, -19.68520072191859]","[1879.6663589457803, -2242.598766965644, -282.30367914862745, -409.1960891016479]","[1849.7105638427404, -2185.87226226042, -119.82318041215967, 226.90601882089504]","[1861.0527403148076, -2061.3879056814644, 45.36870588826878, 497.93742631582245]","[1872.3949167868743, -1936.9035491025093, 45.368705888267, 497.9374263158211]","[1883.7370932589413, -1812.419192523554, 45.36870588826787, 497.93742631582063]","[1895.0792697310085, -1687.934835944599, 45.36870588826878, 497.93742631582063]","[1906.4214462030752, -1563.4504793656438, 45.36870588826696, 497.93742631582063]","[1917.7636226751424, -1438.9661227866886, 45.36870588826878, 497.93742631582063]","[1929.1057991472087, -1314.4817662077337, 45.36870588826514, 497.9374263158197]","[1940.447975619276, -1189.9974096287783, 45.36870588826878, 497.93742631582154]","[1951.790152091343, -1065.5130530498232, 45.36870588826878, 497.93742631582063]"
511,Robot,"[1963.13232856341, -941.028696470868, 45.36870588826787, 497.93742631582063]","[1960.7413486990704, -818.0301766073422, -9.56391945735868, 491.99407945410303]","[1923.0365382553996, -698.8523797263492, -150.81924177468318, 476.71118752397206]","[1886.890358490467, -579.8155501596484, -144.58471905973056, 476.14731826680327]","[1853.5613032799597, -467.42150581661, -133.316220842029, 449.57617737215355]","[1815.7526050892293, -348.2766261904915, -151.23479276292164, 476.579518504474]","[1777.943906898499, -229.1317465643731, -151.23479276292073, 476.57951850447375]","[1740.135208707769, -109.9868669382547, -151.23479276292073, 476.5795185044735]","[1702.3265105170387, 9.158012687863376, -151.23479276292088, 476.57951850447273]","[1682.1397406430883, 131.35260025698727, -80.7470794958017, 488.7783502764956]","[1661.8787263128884, 254.66565987181812, -81.04405732079977, 493.2522384593234]","[1628.05377233558, 374.8839147363295, -135.29981590923308, 480.8730194580454]","[1590.6588405446282, 494.1100828758424, -149.57972716380755, 476.90467255805174]","[1576.1190806639263, 618.1394106146862, -58.15903952280769, 496.11731095537516]","[1553.0455880021243, 740.3167997785332, -92.29397064720797, 488.70955665538804]","[1511.9733530410956, 858.3763823561764, -164.2889398441148, 472.23833031057256]"
512,Robot,"[1486.4172452851649, 980.4062420317414, -102.2244310237229, 488.11943870226014]","[1465.4334385640898, 1103.6264727456592, -83.93522688430039, 492.8809228556711]","[1441.2657689948662, 1226.1016320823887, -96.67067827689425, 489.9006373469183]","[1397.9717071059974, 1343.3499137473943, -173.17624755547513, 468.9931266600224]","[1354.1585858469114, 1460.4200226801906, -175.2524850363443, 468.2804357311852]","[1310.3454645878253, 1577.490131612987, -175.2524850363443, 468.2804357311852]","[1266.5323433287392, 1694.5602405457832, -175.2524850363443, 468.2804357311852]","[1222.7192220696531, 1811.6303494785795, -175.2524850363443, 468.2804357311852]","[1178.906100810567, 1928.700458411376, -175.25248503634444, 468.2804357311865]","[1135.092979551481, 2045.770567344172, -175.2524850363443, 468.2804357311834]","[1091.279858292395, 2162.840676276968, -175.2524850363443, 468.2804357311852]","[1047.4667370333088, 2279.9107852097645, -175.2524850363443, 468.2804357311852]","[1003.6536157742228, 2396.980894142561, -175.2524850363443, 468.2804357311852]","[959.8404945151368, 2514.051003075357, -175.25248503634384, 468.2804357311852]","[916.0273732560506, 2631.121112008153, -175.25248503634475, 468.2804357311834]","[872.2142519969645, 2748.1912209409497, -175.2524850363443, 468.280435731187]"
513,Robot,"[828.4011307378785, 2865.261329873746, -175.2524850363443, 468.2804357311852]","[784.5880094787924, 2982.3314388065423, -175.2524850363443, 468.2804357311852]","[740.7748882197063, 3099.401547739338, -175.2524850363443, 468.2804357311834]","[769.5569560137193, 3117.007727468511, 115.12827117605184, 70.42471891669084]","[867.6619644626788, 3039.5454313675696, 392.4200337958382, -309.8491844037653]","[965.7669729116392, 2962.083135266628, 392.4200337958414, -309.84918440376714]","[1063.8719813606003, 2884.620839165687, 392.4200337958446, -309.8491844037635]","[1161.97698980956, 2807.1585430647456, 392.4200337958391, -309.8491844037653]","[1260.0819982585194, 2729.696246963804, 392.42003379583764, -309.8491844037674]","[1358.187006707479, 2652.233950862864, 392.4200337958382, -309.84918440375986]","[1456.2920151564383, 2574.77165476193, 392.4200337958373, -309.8491844037344]","[1554.397023605398, 2497.3093586609966, 392.4200337958391, -309.8491844037344]","[1652.5020320543576, 2419.847062560063, 392.4200337958382, -309.8491844037344]","[1750.6070405033172, 2342.3847664591294, 392.4200337958382, -309.8491844037344]","[1790.1001218313727, 2240.648385885149, 157.97232531222198, -406.9455222959223]","[1775.4898858170552, 2116.505158105278, -58.44094405726992, -496.57291111948325]"
514,Robot,"[1760.8796498027375, 1992.3619303254045, -58.440944057270826, -496.57291111949417]","[1746.2694137884205, 1868.218702545528, -58.4409440572681, -496.572911119506]","[1731.6591777741028, 1744.0754747656515, -58.440944057270826, -496.572911119506]","[1717.0489417597853, 1619.932246985775, -58.44094405726992, -496.572911119506]","[1702.4387057454678, 1495.7890192058985, -58.44094405726992, -496.572911119506]","[1687.8284697311503, 1371.645791426022, -58.44094405726992, -496.572911119506]","[1673.2182337168329, 1247.5025636461455, -58.44094405726992, -496.572911119506]","[1658.6079977025154, 1123.359335866269, -58.44094405726992, -496.572911119506]","[1643.997761688198, 999.2161080863932, -58.44094405726997, -496.5729111195037]","[1629.3875256738804, 875.0728803065194, -58.44094405726992, -496.5729111194951]","[1614.777289659563, 750.9296525266458, -58.44094405726992, -496.5729111194946]","[1600.1670536452457, 626.7864247467721, -58.44094405726901, -496.5729111194946]","[1585.5568176309257, 502.6431969668984, -58.44094405727992, -496.57291111949485]","[1570.946581616605, 378.4999691870233, -58.44094405728265, -496.57291111950053]","[1556.3363456022848, 254.3567414071482, -58.44094405728083, -496.5729111195003]","[1541.7261095879644, 130.21351362727313, -58.44094405728174, -496.5729111195003]"
515,Robot,"[1527.1158735736442, 6.070285847398409, -58.44094405728083, -496.5729111194989]","[1512.5056375593238, -118.07294193247633, -58.44094405728174, -496.57291111949894]","[1497.8954015450036, -242.21616971235136, -58.44094405728083, -496.57291111950013]","[1483.2851655306831, -366.3593974922264, -58.44094405728174, -496.5729111195001]","[1468.674929516363, -490.5026252721015, -58.44094405728083, -496.57291111950053]","[1454.0646935020425, -614.6458530519755, -58.44094405728174, -496.57291111949576]","[1439.4544574877225, -738.7890808318491, -58.44094405727992, -496.5729111194946]","[1424.844221473402, -862.9323086117228, -58.44094405728174, -496.5729111194946]","[1410.233985459082, -987.0755363915964, -58.44094405727997, -496.5729111194951]","[1395.6237494447616, -1111.218764171472, -58.44094405728174, -496.57291111950235]","[1381.013513430441, -1235.3619919513485, -58.44094405728265, -496.572911119506]","[1366.4227273453514, -1359.4786320846722, -58.3631443403583, -496.4665605332948]","[1351.1389093000423, -1482.8078798637987, -61.13527218123636, -493.31699111650596]","[1326.5488799124612, -1586.0637068401902, -98.3601175503245, -413.02330790556607]","[1362.5171091033585, -1683.9719761730298, 143.87291676358927, -391.63307733135844]","[1417.728411051508, -1777.0732161948663, 220.84520779259765, -372.4049600873459]"
516,Robot,"[1530.4849567075885, -1826.742578088616, 451.02618262432225, -198.67744757499895]","[1654.0883546122952, -1844.230314411416, 494.413591618827, -69.95094529119979]","[1765.878928112522, -1853.095877743708, 447.1622940009074, -35.46225332916765]","[1833.904812124461, -1881.292950136252, 272.10353604775537, -112.78828957017686]","[1752.380507477532, -1959.8592747402704, -326.09721858771536, -314.26529841607316]","[1654.0498523282545, -2037.034933194954, -393.3226205971105, -308.7026338187343]","[1555.719197178977, -2114.2105916496325, -393.32262059710956, -308.7026338187143]","[1460.2406580632078, -2194.5938852050213, -381.91415646307723, -321.5331742215549]","[1372.096131605031, -2283.225383305095, -352.5781058327078, -354.5259924002952]","[1283.9516051468536, -2371.8568814051687, -352.5781058327093, -354.52599240029485]","[1195.8070786886765, -2460.4883795052424, -352.5781058327084, -354.52599240029485]","[1107.6625522304994, -2549.119877605316, -352.5781058327084, -354.52599240029485]","[1019.5180257723224, -2637.75137570539, -352.57810583270793, -354.52599240029485]","[931.3734993141452, -2726.3828738054635, -352.57810583270884, -354.52599240029485]","[843.2289728559681, -2815.014371905537, -352.5781058327084, -354.52599240029303]","[755.084446397791, -2903.645870005611, -352.5781058327084, -354.5259924002967]"
517,Robot,"[666.9399199396139, -2992.2773681056847, -352.5781058327084, -354.52599240029485]","[578.7953934814375, -3080.9088662057584, -352.57810583270566, -354.52599240029485]","[490.6508670232628, -3169.540364305832, -352.57810583269884, -354.52599240029485]","[422.90377578210985, -3273.983936669949, -270.9883649646117, -417.77428945646716]","[515.0484397324066, -3274.9842125477967, 368.57865580118687, -4.001103511391193]","[638.3310233311407, -3254.3346464210954, 493.13033439493665, 82.59826450680521]","[761.6136069298749, -3233.685080294394, 493.13033439493665, 82.59826450680521]","[884.896190528609, -3213.035514167693, 493.13033439493665, 82.59826450680521]","[1008.1787741273432, -3192.3859480409915, 493.1303343949371, 82.59826450680528]","[1131.4613577260775, -3171.73638191429, 493.1303343949371, 82.59826450680521]","[1254.7439413248117, -3151.086815787589, 493.13033439493665, 82.59826450680521]","[1378.0265249235458, -3130.437249660888, 493.13033439493665, 82.59826450680339]","[1485.6059724711909, -3078.345619477315, 430.3177901905801, 208.36652073429286]","[1576.1736892968229, -2992.1917532321318, 362.27086730252813, 344.6154649807322]","[1666.7414061224545, -2906.037886986948, 362.2708673025263, 344.61546498073585]","[1757.3091229480865, -2819.8840207417643, 362.27086730252813, 344.61546498073403]"
518,Robot,"[1847.876839773718, -2733.730154496581, 362.2708673025469, 344.61546498075364]","[1938.4445565993497, -2647.5762882513973, 362.2708673025263, 344.61546498073403]","[2029.0122734249817, -2561.4224220062138, 362.27086730252813, 344.61546498073403]","[2119.579990250618, -2475.2685557610303, 362.2708673025445, 344.61546498073403]","[2210.1477070762558, -2389.1146895158467, 362.2708673025518, 344.61546498073403]","[2300.715423901893, -2302.9608232706632, 362.27086730254814, 344.61546498073403]","[2391.2831407275303, -2216.8069570254806, 362.27086730254996, 344.6154649807304]","[2481.850857553168, -2130.653090780298, 362.2708673025518, 344.6154649807304]","[2572.4185743788053, -2044.4992245351164, 362.2708673025485, 344.61546498072704]","[2662.9862912044428, -1958.3453582899383, 362.27086730254996, 344.6154649807122]","[2753.55400803008, -1872.1914920447607, 362.27086730254814, 344.6154649807104]","[2844.1217248557177, -1786.0376257995829, 362.2708673025518, 344.6154649807113]","[2934.689441681355, -1699.883759554405, 362.27086730254996, 344.6154649807113]","[3025.2571585069927, -1613.7298933092272, 362.27086730254996, 344.6154649807113]","[3115.82487533263, -1527.5760270640494, 362.27086730254996, 344.6154649807113]","[3206.392592158268, -1441.4221608188716, 362.2708673025518, 344.6154649807113]"
519,Robot,"[3296.960308983905, -1355.2682945736938, 362.27086730254814, 344.6154649807113]","[3387.528025809538, -1269.114428328516, 362.27086730253177, 344.6154649807113]","[3478.095742635169, -1182.960562083338, 362.2708673025227, 344.6154649807122]","[3568.6634594608, -1096.8066958381603, 362.2708673025245, 344.6154649807104]","[3659.231176286431, -1010.6528295929824, 362.2708673025245, 344.61546498071175]","[3749.798893112061, -924.4989633478046, 362.27086730251904, 344.61546498071084]","[3840.366609937692, -838.3450971026268, 362.2708673025245, 344.6154649807113]","[3930.9343267633226, -752.191230857449, 362.2708673025227, 344.6154649807113]","[4021.502043588953, -666.0373646122712, 362.2708673025212, 344.6154649807116]","[4112.069760414584, -579.8834983670934, 362.2708673025263, 344.6154649807113]","[4202.63747724021, -493.7296321219152, 362.27086730250085, 344.61546498071266]","[4293.205194065836, -407.5757658767373, 362.2708673025045, 344.6154649807115]","[4383.772910891462, -321.4218996315594, 362.2708673025045, 344.6154649807115]","[4474.340627717088, -235.2680333863816, 362.2708673025045, 344.6154649807113]","[4564.908344542714, -149.11416714120443, 362.2708673025045, 344.6154649807087]","[4655.47606136834, -62.96030089602772, 362.2708673025045, 344.61546498070686]"
520,Robot,"[4746.043778193966, 23.193565349148155, 362.2708673025045, 344.6154649807035]","[4836.611495019592, 109.34743159432296, 362.2708673025045, 344.6154649806992]","[4926.362968683714, 196.296550745544, 359.0058946564859, 347.7964766048842]","[5010.128659163445, 289.077524541115, 335.0627619189254, 371.12389518228395]","[5093.894349643177, 381.85849833668624, 335.0627619189254, 371.12389518228497]","[5177.660040122908, 474.6394721322575, 335.0627619189254, 371.12389518228497]","[5261.425730602639, 567.4204459278295, 335.0627619189254, 371.12389518228815]","[5345.191421082371, 660.2014197234022, 335.0627619189254, 371.12389518229065]","[5428.957111562102, 752.9823935189748, 335.0627619189257, 371.123895182291]","[5512.722802041833, 845.7633673145475, 335.0627619189254, 371.12389518229065]","[5596.488492521565, 938.5443411101202, 335.0627619189254, 371.12389518229065]","[5680.254183001296, 1031.3253149056927, 335.0627619189254, 371.1238951822902]","[5764.019873481027, 1124.1062887012654, 335.0627619189254, 371.12389518229065]","[5847.785563960759, 1216.887262496838, 335.0627619189254, 371.12389518229065]","[5931.55125444049, 1309.6682362924107, 335.0627619189254, 371.12389518229065]","[5975.616026552658, 1358.2378641844205, 176.2590884486708, 194.278511568039]"
521,Robot,"[5889.948767877323, 1267.2097323182104, -342.6690347013391, -364.11252746484024]","[5804.281509201988, 1176.1816004520003, -342.6690347013391, -364.11252746484024]","[5718.614250526653, 1085.1534685857905, -342.6690347013391, -364.11252746483933]","[5632.946991851319, 994.1253367195802, -342.6690347013391, -364.11252746484115]","[5547.279733175984, 903.0972048533702, -342.6690347013391, -364.11252746484024]","[5461.612474500649, 812.0690729871601, -342.6690347013391, -364.11252746484024]","[5375.945215825314, 721.04094112095, -342.6690347013391, -364.11252746484024]","[5290.27795714998, 630.01280925474, -342.6690347013391, -364.11252746484024]","[5204.610698474645, 538.9846773885299, -342.6690347013394, -364.1125274648406]","[5118.94343979931, 447.9565455223209, -342.6690347013391, -364.11252746483615]","[5033.276181123975, 356.92841365611224, -342.6690347013391, -364.11252746483456]","[4947.60892244864, 265.90028178990457, -342.6690347013391, -364.1125274648307]","[4861.941663773306, 174.87214992369735, -342.6690347013391, -364.1125274648289]","[4776.274405097971, 83.84401805749071, -342.6690347013391, -364.11252746482654]","[4690.6071464226325, -7.18411380871516, -342.66903470135367, -364.1125274648235]","[4604.939887747286, -98.21224567492088, -342.6690347013864, -364.1125274648229]"
522,Robot,"[4519.27262907194, -189.24037754112663, -342.66903470138277, -364.112527464823]","[4433.605370396594, -280.26850940733243, -342.6690347013864, -364.1125274648232]","[4340.215734664895, -363.1656684743753, -373.5585429267958, -331.5886362681715]","[4244.895504669108, -444.0300843416288, -381.2809199831463, -323.45766346901405]","[4149.5752746733215, -524.8945002088824, -381.2809199831463, -323.4576634690143]","[4054.25504467754, -605.758916076136, -381.2809199831263, -323.4576634690143]","[3958.9348146817647, -686.6233319433895, -381.28091998310083, -323.4576634690143]","[3863.6145846859895, -767.4877478106431, -381.28091998310083, -323.4576634690143]","[3768.2943546902143, -848.3521636778967, -381.28091998310117, -323.45766346901456]","[3672.974124694439, -929.2165795451502, -381.28091998310083, -323.4576634690143]","[3577.653894698664, -1010.0809954124038, -381.28091998310083, -323.4576634690143]","[3482.3336647028887, -1090.945411279655, -381.28091998310083, -323.45766346900473]","[3387.013434707113, -1171.8098271469055, -381.28091998310265, -323.457663469002]","[3294.318312646679, -1255.357809732019, -370.78048824173675, -334.19193034045384]","[3199.408373209328, -1336.6598914441838, -379.63975774940263, -325.20832684865945]","[3103.9907633693265, -1417.4093789498088, -381.67043936000664, -322.99795002249994]"
523,Robot,"[3008.5731535293253, -1498.1588664554338, -381.6704393600048, -322.99795002249994]","[2913.155543689324, -1578.9083539610588, -381.6704393600048, -322.99795002249994]","[2817.737933849323, -1659.6578414666835, -381.6704393600048, -322.997950022499]","[2722.3203240093217, -1740.4073289723087, -381.6704393600048, -322.99795002250085]","[2626.9027141693205, -1821.1568164779335, -381.6704393600048, -322.997950022499]","[2531.4851043293197, -1901.9063039835587, -381.670439360003, -322.99795002250085]","[2436.067494489318, -1982.655791489184, -381.67043936000664, -322.99795002250085]","[2340.649884649317, -2063.40527899481, -381.6704393600048, -322.9979500225045]","[2245.232274809316, -2144.154766500435, -381.67043936000334, -322.9979500225002]","[2149.8146649693144, -2224.90425400606, -381.67043936000664, -322.99795002249994]","[2054.397055129313, -2305.653741511685, -381.67043936000664, -322.99795002249994]","[1958.979445289312, -2386.40322901731, -381.670439360003, -322.99795002249994]","[1863.5618354493108, -2467.152716522935, -381.6704393600048, -322.99795002249994]","[1768.1442256093096, -2547.90220402856, -381.6704393600048, -322.99795002249994]","[1672.7266157693084, -2628.651691534185, -381.6704393600048, -322.99795002249994]","[1577.3090059293072, -2709.40117903981, -381.6704393600048, -322.99795002249994]"
524,Robot,"[1481.891396089307, -2790.150666545435, -381.6704393600012, -322.99795002249994]","[1386.4737862493112, -2870.90015405106, -381.670439359983, -322.99795002249994]","[1291.0561764093156, -2951.649641556685, -381.6704393599821, -322.99795002249994]","[1195.63856656932, -3032.39912906231, -381.670439359983, -322.99795002249994]","[1100.2209567293246, -3113.148616567935, -381.6704393599812, -322.99795002249994]","[1004.8033468893284, -3193.8981040735625, -381.6704393599848, -322.99795002251085]","[909.38573704933, -3274.647591579194, -381.67043935999345, -322.9979500225254]","[813.9681272093317, -3355.397079084825, -381.67043935999345, -322.9979500225236]","[718.5505173693333, -3436.1465665904566, -381.6704393599938, -322.9979500225275]","[628.971325695099, -3523.005414461033, -358.31676669693707, -347.43539148230593]","[628.8765035396326, -3516.322315095741, -0.3792886218657259, 26.732397461168148]","[707.1481807318153, -3418.8618382370496, 313.08670876873066, 389.84190743476574]","[785.4198579240006, -3321.401361378358, 313.0867087687411, 389.84190743476574]","[863.6915351161861, -3223.9408845196667, 313.086708768742, 389.84190743476574]","[941.9632123083716, -3126.48040766098, 313.086708768742, 389.84190743474755]","[1020.2348895005572, -3029.019930802293, 313.0867087687425, 389.84190743474755]"
525,Robot,"[1049.8499386849687, -2915.054864860118, 118.46019673764613, 455.86026376869995]","[1047.0272358641978, -2790.08673952895, -11.290811283083713, 499.87250132467125]","[1044.2045330434269, -2665.1186141977823, -11.290811283083713, 499.87250132467125]","[1041.381830222656, -2540.1504888666145, -11.290811283083713, 499.87250132467125]","[1038.559127401885, -2415.1823635354467, -11.290811283083713, 499.87250132467125]","[1035.736424581114, -2290.214238204279, -11.290811283083713, 499.87250132467125]","[1032.9137217603432, -2165.246112873111, -11.290811283083713, 499.87250132467125]","[1030.0910189395722, -2040.277987541944, -11.290811283083713, 499.8725013246685]","[1027.2683161188013, -1915.3098622107816, -11.290811283083723, 499.8725013246499]","[1024.4456132980304, -1790.3417368796197, -11.290811283083713, 499.8725013246476]","[1021.6229104772568, -1665.3736115484571, -11.290811283094172, 499.87250132465033]","[1018.8002076564832, -1540.4054862172952, -11.290811283094627, 499.8725013246476]","[1015.9775048357094, -1415.437360886133, -11.290811283095081, 499.8725013246485]","[1013.1548020149356, -1290.469235554971, -11.290811283095081, 499.8725013246485]","[1010.332099194162, -1165.5011102238088, -11.290811283094627, 499.8725013246485]","[1007.5093963733892, -1040.5329848926467, -11.290811283090989, 499.8725013246485]"
526,Robot,"[1004.6866935526168, -915.564859561482, -11.290811283089624, 499.87250132465897]","[1001.8639907318446, -790.5967342303171, -11.290811283088715, 499.8725013246594]","[999.0412879110722, -665.6286088991521, -11.290811283089624, 499.8725013246599]","[996.2185850903, -540.6604835679872, -11.290811283088715, 499.8725013246599]","[993.3958822695276, -415.6923582368222, -11.290811283089624, 499.8725013246599]","[990.5731794487552, -290.72423290565723, -11.290811283089624, 499.8725013246599]","[987.7504766279828, -165.7561075744928, -11.290811283089624, 499.8725013246577]","[984.9277738072104, -40.78798224332851, -11.290811283089624, 499.87250132465715]","[982.105070986438, 84.18014308783586, -11.290811283089635, 499.87250132465795]","[974.4126079438572, 208.87346963510765, -30.769852170323247, 498.7733061890872]","[965.8537367609516, 333.5109221122211, -34.235484731622364, 498.5498099084539]","[963.5864249192028, 458.4888026652224, -9.069247366995114, 499.91152221200514]","[946.6065918036156, 582.1791741980701, -67.91933246234885, 494.7614861313907]","[945.0275410852304, 707.1512993671568, -6.316202873540988, 499.88850067634667]","[944.2752159954586, 832.1490353744927, -3.0093003590873195, 499.9909440293436]","[943.5228909056866, 957.1467713818286, -3.0093003590877743, 499.9909440293436]"
527,Robot,"[942.7705658159148, 1082.1445073891632, -3.0093003590873195, 499.9909440293386]","[942.0182407261428, 1207.1422433964965, -3.0093003590877743, 499.99094402933315]","[941.2659156363708, 1332.139979403829, -3.009300359088229, 499.9909440293304]","[940.5135905465988, 1457.1377154111624, -3.0093003590877743, 499.99094402933315]","[939.7612654568268, 1582.1354514184954, -3.009300359088229, 499.99094402933224]","[939.008940367055, 1707.1331874258285, -3.0093003590873195, 499.99094402933224]","[931.1002256303904, 1831.3474412610217, -31.63485894665837, 496.8570153407727]","[904.7893660874304, 1953.5470266535692, -105.2434381718399, 488.79834157019013]","[878.4785065444704, 2075.746612046117, -105.24343817184, 488.7983415701924]","[852.1676470015104, 2197.946197438665, -105.2434381718399, 488.79834157019104]","[825.8567874585505, 2320.1457828312127, -105.2434381718399, 488.79834157019104]","[799.5459279155898, 2442.3453682237605, -105.24343817184263, 488.79834157019104]","[773.2350683726283, 2564.544953616308, -105.24343817184581, 488.7983415701892]","[746.9242088296669, 2686.744539008856, -105.24343817184581, 488.79834157019286]","[720.6133492867056, 2808.944124401404, -105.24343817184536, 488.79834157019286]","[694.3024897437441, 2931.1437097939515, -105.24343817184581, 488.7983415701892]"
528,Robot,"[663.6132019815384, 3017.424582097308, -122.75715104882283, 345.1234892134253]","[607.3291578312691, 2905.8131741943066, -225.1361766010773, -446.44563161200495]","[527.8850757613914, 2810.634510033461, -317.77632827951084, -380.7146566433821]","[441.1272975063754, 2720.6451333701384, -347.0311130200639, -359.9575066532907]","[354.36951925135975, 2630.655756706816, -347.03111302006255, -359.9575066532889]","[267.61174099634405, 2540.666380043493, -347.0311130200628, -359.9575066532925]","[180.8539627413284, 2450.6770033801704, -347.03111302006266, -359.9575066532907]","[94.09618448631268, 2360.687626716848, -347.03111302006283, -359.9575066532889]","[7.338406231296943, 2270.698250053525, -347.03111302006323, -359.95750665329285]","[-79.41937202371876, 2180.7088733902024, -347.03111302006283, -359.9575066532907]","[-166.17715027873447, 2090.71949672688, -347.03111302006283, -359.9575066532889]","[-252.93492853375017, 2000.730120063557, -347.0311130200628, -359.9575066532925]","[-339.69270678876586, 1910.7407434002344, -347.0311130200628, -359.9575066532907]","[-426.4504850437816, 1820.751366736912, -347.031113020063, -359.9575066532898]","[-513.2082632987972, 1730.761990073589, -347.0311130200623, -359.9575066532916]","[-599.9660415538115, 1640.7726134102663, -347.0311130200571, -359.9575066532907]"
529,Robot,"[-686.7238198088257, 1550.7832367469437, -347.0311130200571, -359.9575066532907]","[-773.48159806384, 1460.793860083621, -347.0311130200571, -359.9575066532907]","[-860.2393763188547, 1370.8044834202983, -347.0311130200589, -359.9575066532907]","[-946.9971545738696, 1280.8151067569756, -347.03111302005937, -359.9575066532907]","[-1033.7549328288842, 1190.825730093653, -347.03111302005846, -359.9575066532907]","[-1120.5127110838985, 1100.8363534303303, -347.0311130200571, -359.9575066532907]","[-1207.2704893389127, 1010.8469767670076, -347.0311130200571, -359.9575066532907]","[-1294.028267593927, 920.857600103685, -347.0311130200571, -359.9575066532907]","[-1380.7860458489413, 830.8682234403623, -347.0311130200574, -359.95750665329103]","[-1467.5438241039556, 740.8788467770396, -347.0311130200571, -359.9575066532907]","[-1554.3016023589698, 650.8894701137169, -347.0311130200571, -359.9575066532907]","[-1641.059380613984, 560.9000934503943, -347.0311130200571, -359.9575066532907]","[-1727.8171588689984, 470.9107167870716, -347.0311130200571, -359.9575066532907]","[-1814.5749371240129, 380.9213401237489, -347.031113020058, -359.9575066532907]","[-1901.332715379027, 290.93196346042623, -347.0311130200562, -359.9575066532907]","[-1988.0904936340407, 200.9425867971036, -347.0311130200553, -359.9575066532906]"
530,Robot,"[-2074.8482718890555, 110.95321013378096, -347.0311130200589, -359.9575066532905]","[-2175.8765529383336, 37.62908390523265, -404.1131241971125, -293.29650491419324]","[-2278.145747274069, -34.24589011159631, -409.07677734294157, -287.49989606731583]","[-2380.4149416098053, -106.12086412842542, -409.0767773429452, -287.49989606731646]","[-2482.684135945541, -177.99583814525462, -409.0767773429434, -287.4998960673168]","[-2584.953330281277, -249.87081216208384, -409.0767773429434, -287.49989606731685]","[-2687.222524617013, -321.74578617891325, -409.0767773429434, -287.49989606731765]","[-2790.4735402986903, -392.18320768226, -413.0040627267099, -281.74968601338696]","[-2894.630852607391, -461.29365763469855, -416.62924923480244, -276.44179980975446]","[-2998.788164916092, -530.4041075871377, -416.62924923480386, -276.4417998097565]","[-3102.945477224792, -599.5145575395762, -416.6292492348002, -276.44179980975423]","[-3207.1027895334923, -668.6250074920149, -416.62924923480205, -276.4417998097547]","[-3311.260101842193, -737.7354574444563, -416.62924923480205, -276.4417998097656]","[-3415.4174141508934, -806.8459073968977, -416.62924923480205, -276.4417998097656]","[-3519.574726459594, -875.9563573493391, -416.62924923480205, -276.4417998097656]","[-3623.7320387682944, -945.0668073017804, -416.62924923480205, -276.44179980976514]"
531,Robot,"[-3727.889351076995, -1014.177257254222, -416.62924923480205, -276.4417998097665]","[-3677.237204442423, -1037.9996720697136, 202.60858653828836, -95.28965926196634]","[-3552.288798589535, -1041.590754750706, 499.7936234115514, -14.364330723969942]","[-3427.340392736647, -1045.1818374316986, 499.7936234115514, -14.364330723969942]","[-3302.3919868837597, -1048.772920112691, 499.79362341154956, -14.364330723969942]","[-3177.4435810308714, -1052.3640027936835, 499.7936234115532, -14.364330723969942]","[-3052.495175177984, -1055.955085474676, 499.79362341154956, -14.364330723969942]","[-2927.546769325096, -1059.5461681556685, 499.7936234115514, -14.364330723969942]","[-2802.598363472208, -1063.137250836661, 499.79362341155365, -14.364330723969955]","[-2677.64995761932, -1066.7283335176537, 499.7936234115514, -14.364330723970852]","[-2552.701551766432, -1070.319416198646, 499.7936234115514, -14.364330723969033]","[-2427.7531459135444, -1073.9104988796385, 499.7936234115514, -14.364330723969942]","[-2302.8047400606565, -1077.501581560631, 499.7936234115514, -14.364330723969942]","[-2177.8563342077687, -1081.0926642416234, 499.7936234115514, -14.364330723969942]","[-2052.907928354881, -1084.683746922616, 499.7936234115514, -14.364330723969942]","[-1927.959522501993, -1088.2748296036084, 499.7936234115514, -14.364330723969942]"
532,Robot,"[-1803.011116649105, -1091.8659122846027, 499.7936234115523, -14.364330723977218]","[-1678.0627107962173, -1095.456994965598, 499.79362341155047, -14.364330723980856]","[-1553.1143049433294, -1099.0480776465931, 499.7936234115514, -14.364330723980856]","[-1428.1658990904416, -1102.6391603275886, 499.7936234115514, -14.364330723981766]","[-1303.2174932375538, -1106.2302430085838, 499.7936234115514, -14.364330723980856]","[-1178.269087384666, -1109.821325689579, 499.7936234115514, -14.364330723980856]","[-1053.320681531778, -1113.4124083705744, 499.7936234115514, -14.364330723981766]","[-928.3722756788902, -1117.0034910515697, 499.7936234115514, -14.364330723980856]","[-803.9898624390435, -1126.2469645837502, 497.5296529593875, -36.973894128722385]","[-680.810183501909, -1147.5017686747, 492.71871574853776, -85.01921636379939]","[-557.6305045647746, -1168.7565727656497, 492.71871574853776, -85.01921636379848]","[-434.45082562764014, -1190.011376856599, 492.71871574853776, -85.01921636379757]","[-311.2711466905057, -1211.2661809475487, 492.71871574853776, -85.01921636379848]","[-188.0914677533717, -1232.5209850384983, 492.71871574853606, -85.01921636379848]","[-64.91178881623793, -1253.775789129448, 492.71871574853503, -85.01921636379848]","[58.26789012089598, -1275.0305932203976, 492.7187157485356, -85.01921636379848]"
533,Robot,"[181.4475690580299, -1296.2853973113472, 492.7187157485357, -85.01921636379848]","[304.6272479951639, -1317.5402014022968, 492.71871574853594, -85.01921636379848]","[427.8069269322983, -1338.7950054932464, 492.71871574853776, -85.01921636379848]","[550.9866058694328, -1360.049809584196, 492.71871574853776, -85.01921636379848]","[674.1662848065672, -1381.3046136751457, 492.71871574853776, -85.01921636379848]","[797.3459637437016, -1402.5594177660953, 492.71871574853776, -85.01921636379848]","[920.525642680836, -1423.814221857045, 492.7187157485373, -85.01921636379848]","[1043.7053216179704, -1445.0690259479943, 492.71871574853776, -85.01921636379757]","[1166.8850005551049, -1466.3238300389442, 492.7187157485382, -85.01921636379946]","[1290.0646794922393, -1487.5786341298938, 492.71871574853776, -85.01921636379848]","[1413.2443584293735, -1508.8334382208434, 492.71871574853685, -85.01921636379848]","[1536.4240373665082, -1530.088242311793, 492.71871574853867, -85.01921636379848]","[1657.2366323037577, -1547.7992486459236, 483.25037974899806, -70.84402533652246]","[1734.8247903419076, -1526.504792701587, 310.35263215259965, 85.17782377734693]","[1850.739482159414, -1570.559717831861, 463.65876727002524, -176.21970052109646]","[1971.112210517668, -1600.7277613609267, 481.49091343301643, -120.6721741162628]"
534,Robot,"[2060.118701370299, -1687.5904198428884, 356.0259634105232, -347.45063392784687]","[2127.784445741276, -1792.5345172607963, 270.66297748390934, -419.7763896716315]","[2211.9387958144234, -1883.81069371774, 336.6174002925891, -365.1047058277745]","[2305.339679873247, -1965.071052648468, 373.6035362352941, -325.04143572291196]","[2410.6316314202627, -2014.2158821345568, 421.16780618806297, -196.57931794435535]","[2535.618053516812, -2012.3735218268173, 499.9456883861967, 7.369441230957818]","[2660.604475613361, -2010.5311615190776, 499.9456883861967, 7.369441230958728]","[2785.59089770991, -2008.6888012113384, 499.9456883861967, 7.369441230956909]","[2910.5773198064594, -2006.846440903599, 499.94568838619716, 7.3694412309578246]","[3035.5637419030086, -2005.0040805958604, 499.9456883861967, 7.36944123095418]","[3160.5501639995578, -2003.161720288124, 499.9456883861967, 7.369441230945995]","[3285.536586096107, -2001.3193599803872, 499.9456883861967, 7.369441230946904]","[3410.523008192656, -1999.4769996726504, 499.9456883861967, 7.369441230946904]","[3535.5094302892053, -1997.634639364914, 499.9456883861967, 7.369441230945995]","[3660.4958523857545, -1995.7922790571768, 499.9456883861967, 7.369441230948723]","[3785.482274482304, -1993.9499187494405, 499.9456883861985, 7.369441230945085]"
535,Robot,"[3910.187058463443, -1995.7596973692605, 498.81913592455567, -7.239114479280033]","[4033.413242338681, -2016.7432053587504, 492.9047355009516, -83.93403195795963]","[4156.639426213925, -2037.7267133482403, 492.9047355009752, -83.93403195795963]","[4279.865610089174, -2058.7102213377307, 492.90473550099705, -83.93403195796145]","[4403.091793964423, -2079.693729327221, 492.90473550099705, -83.93403195796054]","[4526.3179778396725, -2100.677237316711, 492.90473550099705, -83.93403195796054]","[4649.544161714922, -2121.660745306204, 492.90473550099705, -83.93403195797146]","[4770.315868205631, -2153.5274466256424, 483.0868259628369, -127.46680527775425]","[4890.620055194523, -2187.4671371507843, 481.21674795556874, -135.75876210056788]","[5010.924242183415, -2221.4068276759263, 481.2167479555683, -135.75876210056776]","[5131.228429172307, -2255.346518201068, 481.2167479555683, -135.75876210056776]","[5142.27061299235, -2217.6789864429797, 44.16873528017095, 150.67012703235378]","[5050.5163966162, -2137.3863585657678, -367.0168655046, 321.170511508848]","[4945.713411398617, -2080.203090247177, -419.2119408703329, 228.73307327436305]","[4837.386607406389, -2030.321750905952, -433.3072159689109, 199.52535736489972]","[4738.219790027752, -1965.7219915691012, -396.6672695145462, 258.39903734740346]"
536,Robot,"[4655.886418468721, -1872.4104034465547, -329.3334862361262, 373.2463524901859]","[4565.227105365207, -1793.5834203904385, -362.637252414057, 315.3079322244648]","[4470.1176781650265, -1723.22428343937, -380.43770880072043, 281.4365478042737]","[4400.519961951551, -1625.285433634353, -278.3908648539036, 391.7553992200683]","[4360.936589054579, -1508.106702383767, -158.3334915878877, 468.714925002344]","[4305.618228430631, -1406.1221052903982, -221.27344249579255, 407.9383883734754]","[4237.832535151097, -1338.7663049086702, -271.14277311813566, 269.4232015269117]","[4157.107562804961, -1248.920906445249, -322.8998893845419, 359.38159385368454]","[4110.308037809726, -1218.7908160761383, -187.19809998094223, 120.52036147644333]","[4094.959202573409, -1240.708355225661, -61.39534094526607, -87.67015659809113]","[4065.749023488741, -1235.9204993165513, -116.84071633867279, 19.151423636439176]","[4009.252223688017, -1181.5761781212243, -225.9871992028966, 217.37728478130794]","[3946.6678484542817, -1124.152289746437, -250.33750093494018, 229.69555349914936]","[3868.555778855939, -1029.2310823402531, -312.44827839337086, 379.68482962473536]","[3790.0592865918966, -931.9515844887476, -313.9859690561698, 389.11799140602216]","[3711.562794327854, -834.6720866372422, -313.9859690561698, 389.1179914060217]"
537,Robot,"[3633.066302063812, -737.3925887857367, -313.98596905616796, 389.1179914060217]","[3554.569809799769, -640.1130909342313, -313.9859690561734, 389.1179914060217]","[3476.0733175357263, -542.8335930827259, -313.9859690561698, 389.1179914060217]","[3397.576825271684, -445.55409523122046, -313.9859690561698, 389.1179914060217]","[3319.080333007641, -348.27459737971503, -313.9859690561716, 389.1179914060217]","[3240.583840743599, -250.9950995282096, -313.98596905616796, 389.1179914060217]","[3162.087348479557, -153.71560167670418, -313.98596905616796, 389.1179914060217]","[3083.5908562155137, -56.4361038251985, -313.9859690561734, 389.1179914060227]","[2999.283495683393, 33.80126935778372, -337.2294421284826, 360.94949273192924]","[2916.8631678225297, 100.73541667042556, -329.6813114434535, 267.73658925056736]","[2835.883033556344, 119.47100767436883, -323.92053706474326, 74.94236401577308]","[2760.658201818259, 94.7966196921568, -300.89932695233983, -98.69755192884816]","[2684.782192605419, 94.18945480359628, -303.50403685136007, -2.428659554242074]","[2604.6648648160717, 146.60824533257323, -320.4693111573888, 209.67516211590782]","[2524.706757422314, 203.05526360471012, -319.8324295750317, 225.78807308854755]","[2439.590866071332, 197.3230184846589, -340.4635654039266, -22.928980480204928]"
538,Robot,"[2324.9148332108016, 164.0988490079722, -458.70413144212216, -132.89667790674673]","[2241.776853206132, 217.1287388700174, -332.5519200186791, 212.11955944818078]","[2164.185158164612, 315.1314371011575, -310.3667801660795, 392.0107929245603]","[2086.5934631230925, 413.1341353322976, -310.36678016607766, 392.0107929245605]","[2009.001768081573, 511.1368335634376, -310.36678016607857, 392.01079292456006]","[1931.4100730400537, 609.1395317945764, -310.36678016607675, 392.0107929245553]","[1853.8183779985343, 707.1422300257168, -310.36678016607766, 392.01079292456143]","[1776.2266829570149, 805.1449282568574, -310.36678016607766, 392.01079292456234]","[1698.6349879154957, 903.147626487998, -310.36678016607704, 392.0107929245627]","[1621.043292873976, 1001.1503247191384, -310.36678016607857, 392.0107929245619]","[1543.4515978324566, 1099.1530229502798, -310.36678016607766, 392.0107929245655]","[1465.8599027909372, 1197.1557211814213, -310.36678016607766, 392.010792924566]","[1388.2682077494178, 1295.1584194125628, -310.36678016607766, 392.010792924566]","[1310.6765127078984, 1393.1611176437043, -310.36678016607766, 392.010792924566]","[1233.084817666379, 1491.1638158748458, -310.36678016607766, 392.010792924566]","[1155.4931226248596, 1589.1665141059873, -310.36678016607766, 392.010792924566]"
539,Robot,"[1077.90142758334, 1687.1692123371288, -310.36678016607857, 392.010792924566]","[1000.3097325418208, 1785.1719105682705, -310.3667801660763, 392.0107929245669]","[922.7180375003012, 1883.174608799412, -310.36678016607857, 392.010792924566]","[845.1263424587819, 1981.1773070305533, -310.3667801660772, 392.01079292456507]","[767.5346474172625, 2079.1800052616945, -310.36678016607766, 392.01079292456507]","[689.9429523757431, 2177.182703492836, -310.36678016607766, 392.010792924566]","[612.3512573342236, 2275.185401723977, -310.36678016607766, 392.01079292456416]","[534.7595622927042, 2373.188099955119, -310.36678016607766, 392.0107929245678]","[457.1678672511838, 2471.1907981862605, -310.36678016608204, 392.0107929245663]","[379.57617220966296, 2569.193496417402, -310.36678016608334, 392.010792924566]","[301.9844771681421, 2667.1961946485435, -310.36678016608334, 392.010792924566]","[228.8570776440169, 2761.5808510790525, -292.5095980965009, 377.53862572203616]","[293.09352621061623, 2675.61572405974, 256.94579426639734, -343.8605080772504]","[360.49694690945455, 2622.637805673648, 269.61368279535327, -211.91167354436766]","[417.0868437601813, 2522.979570838769, 226.35958740290698, -398.63293933951536]","[471.2560801989242, 2410.3265911904523, 216.6769457549717, -450.61191859326755]"
540,Robot,"[525.4253166376676, 2297.6736115421354, 216.67694575497353, -450.61191859326755]","[579.594553076412, 2185.0206318938185, 216.67694575497762, -450.61191859326755]","[633.7637895151564, 2072.3676522455016, 216.67694575497762, -450.61191859326755]","[711.1344146702504, 1977.701788537056, 309.48250062037596, -378.66345483378245]","[806.7347023881905, 1897.168658781365, 382.40115087176036, -322.1325190227644]","[902.3349901061306, 1816.6355290256747, 382.40115087176036, -322.1325190227608]","[997.9352778240708, 1736.1023992699843, 382.4011508717608, -322.1325190227617]","[1093.5355655420108, 1655.569269514294, 382.4011508717599, -322.1325190227608]","[1189.1358532599509, 1575.0361397586034, 382.4011508717607, -322.1325190227629]","[1284.736140977891, 1494.503010002913, 382.40115087176036, -322.1325190227617]","[1380.336428695831, 1413.9698802472226, 382.40115087176036, -322.1325190227617]","[1475.9367164137711, 1333.4367504915322, 382.40115087176036, -322.1325190227617]","[1571.5370041317112, 1252.9036207358415, 382.40115087176036, -322.1325190227626]","[1667.137291849651, 1172.370490980148, 382.40115087175946, -322.13251902277443]","[1762.7375795675914, 1091.8373612244532, 382.4011508717613, -322.132519022779]","[1858.3378672855315, 1011.3042314687592, 382.40115087176036, -322.1325190227758]"
541,Robot,"[1953.938155003472, 930.7711017130658, 382.4011508717622, -322.1325190227735]","[2049.538442721412, 850.2379719573726, 382.40115087176036, -322.13251902277307]","[2145.138730439346, 769.7048422016793, 382.4011508717358, -322.13251902277307]","[2240.7390181572805, 689.171712445986, 382.4011508717376, -322.13251902277307]","[2336.339305875215, 608.6385826902928, 382.4011508717376, -322.13251902277307]","[2431.9395935931493, 528.1054529345995, 382.4011508717376, -322.13251902277307]","[2527.539881311084, 447.57232317890623, 382.40115087173945, -322.13251902277307]","[2623.140169029018, 367.03919342321296, 382.4011508717358, -322.13251902277307]","[2718.7404567469525, 286.5060636675197, 382.40115087173797, -322.13251902277335]","[2814.340744464887, 205.97293391182689, 382.4011508717376, -322.13251902277125]","[2909.9410321828213, 125.43980415613431, 382.4011508717376, -322.1325190227703]","[3005.541319900756, 44.906674400442114, 382.40115087173945, -322.1325190227688]","[3101.14160761869, -35.62645535525002, 382.4011508717358, -322.1325190227685]","[3196.741895336625, -116.15958511094192, 382.40115087173945, -322.1325190227676]","[3292.342183054559, -196.6927148666338, 382.4011508717358, -322.1325190227675]","[3387.942470772499, -277.2258446223256, 382.40115087175946, -322.13251902276727]"
542,Robot,"[3483.542758490439, -357.75897437801746, 382.4011508717613, -322.1325190227674]","[3579.1430462083795, -438.2921041337093, 382.4011508717613, -322.1325190227674]","[3674.74333392632, -518.825233889401, 382.4011508717613, -322.1325190227669]","[3770.3436216442574, -599.3583636450915, 382.40115087175036, -322.1325190227617]","[3865.943909362197, -679.8914934007819, 382.40115087175764, -322.1325190227617]","[3961.544197080136, -760.4246231564723, 382.40115087175764, -322.1325190227617]","[4057.144484798074, -840.9577529121627, 382.40115087175036, -322.1325190227617]","[4152.74477251601, -921.4908826678532, 382.4011508717449, -322.1325190227617]","[4248.345060233944, -1002.0240124235436, 382.40115087173797, -322.132519022762]","[4343.945347951879, -1082.557142179234, 382.4011508717376, -322.1325190227617]","[4440.356513980704, -1162.09573651072, 385.64466411530157, -318.15437732594364]","[4538.490796420173, -1239.5209430657712, 392.53712975787494, -309.7008262202053]","[4636.625078859642, -1316.9461496208226, 392.53712975787494, -309.7008262202053]","[4734.75936129911, -1394.371356175874, 392.53712975787494, -309.7008262202062]","[4832.893643738579, -1471.7965627309252, 392.53712975787494, -309.70082622020436]","[4931.027926178048, -1549.2217692859765, 392.53712975787494, -309.7008262202053]"
543,Robot,"[5029.162208617517, -1626.6469758410278, 392.53712975787494, -309.7008262202053]","[5127.296491056985, -1704.0721823960791, 392.53712975787494, -309.7008262202053]","[5225.430773496454, -1781.4973889511305, 392.53712975787494, -309.7008262202053]","[5323.565055935923, -1858.9225955061816, 392.53712975787494, -309.70082622020436]","[5421.699338375385, -1936.3478020612383, 392.53712975784947, -309.7008262202271]","[5519.833620814845, -2013.7730086162944, 392.53712975783856, -309.70082622022437]","[5617.967903254301, -2091.198215171348, 392.537129757824, -309.70082622021346]","[5716.102185693755, -2168.6234217264, 392.53712975781673, -309.7008262202089]","[5709.076714001732, -2193.732555367684, -28.101886768090505, -100.43653456513684]","[5588.128175333942, -2162.165943352387, -483.7941546711627, 126.2664480611893]","[5467.179636666152, -2130.59933133709, -483.79415467115905, 126.26644806118748]","[5346.231097998362, -2099.032719321793, -483.79415467115905, 126.26644806118748]","[5225.282559330572, -2067.4661073065035, -483.79415467115905, 126.26644806115837]","[5104.334020662783, -2035.899495291214, -483.79415467115905, 126.26644806115837]","[4983.385481994993, -2004.3328832759228, -483.79415467115905, 126.26644806116474]","[4865.531881941006, -1983.6907200061385, -471.41440021594826, 82.56865307913722]"
544,Robot,"[4742.741280778607, -1973.789067642956, -491.1624046495963, 39.60660945272957]","[4622.816052171599, -1938.5337199130208, -479.70091442803096, 141.02139091974095]","[4502.890823564591, -1903.2783721830851, -479.70091442803096, 141.02139091974277]","[4381.352911795908, -1875.4414035292373, -486.1516470747338, 111.34787461539145]","[4257.8676435852885, -1864.1981897002925, -493.9410728424773, 44.97285531577927]","[4140.286297925511, -1821.776177102632, -470.3253826391119, 169.68805039064227]","[4021.801823725734, -1782.481980673201, -473.93789679910697, 157.17678571772376]","[3899.704835365962, -1755.699048916675, -488.38795343908714, 107.13172702610336]","[3777.6078470061902, -1728.916117160148, -488.3879534390876, 107.13172702610892]","[3655.5108586464185, -1702.1331854036182, -488.38795343908714, 107.13172702611882]","[3533.4138702866467, -1675.3502536470885, -488.38795343908714, 107.13172702611882]","[3413.115535411159, -1642.1539514588128, -481.1933395019514, 132.78520875310278]","[3290.9836638441693, -1615.5305416932786, -488.527486267958, 106.49363906213694]","[3181.986264405671, -1585.4298797665413, -435.9895977539927, 120.40264770694921]","[3059.820503905908, -1558.9624098928473, -488.66304199905244, 105.86987949477589]","[2937.654743406145, -1532.494940019153, -488.66304199905244, 105.8698794947768]"
545,Robot,"[2815.488982906382, -1506.0274701454591, -488.66304199905244, 105.86987949477589]","[2693.3232224066187, -1479.5600002717654, -488.66304199905244, 105.86987949477498]","[2571.157461906856, -1453.0925303980714, -488.6630419990506, 105.86987949477589]","[2452.380296801415, -1438.6085472598434, -475.1086604217635, 57.93593255291216]","[2344.6673058619385, -1470.5132437226937, -430.85196375790656, -127.6187858514013]","[2229.3287159668157, -1443.8702526288478, -461.3543595804913, 106.57196437538369]","[2107.610060656603, -1415.4173274809364, -486.8746212408514, 113.8117005916456]","[1986.1562777812185, -1386.4293287039895, -485.8151315015375, 115.9519951077873]","[1896.1211679343492, -1335.578527258597, -360.1404393874776, 203.40320578157042]","[1782.0923561552388, -1319.2183867194592, -456.1152471164414, 65.4405621565511]","[1684.825082000658, -1325.8169394231236, -389.0690966183229, -26.394210814657526]","[1613.1966097368452, -1366.1554453024023, -286.51388905525164, -161.3540235171149]","[1544.3541375003529, -1407.4261553750691, -275.36988894596925, -165.08284029066726]","[1478.1802992270634, -1449.4509363208372, -264.6953530931578, -168.09912378307217]","[1436.1444450722763, -1519.9323091615513, -168.1434166191484, -281.9254913628565]","[1430.3285013816053, -1629.0841066091295, -23.26377476268408, -436.607189790313]"
546,Robot,"[1449.4833182123702, -1748.3962643287712, 76.61926732305983, -477.2486308785665]","[1448.562215009436, -1839.0777170240451, -3.6844128117372748, -362.7258107810958]","[1412.3981287710164, -1909.3122719071591, -144.65634495367794, -280.93821953245606]","[1315.7490797101902, -1907.043437320565, -386.5961962433048, 9.075338346376157]","[1202.5793204410493, -1853.9623146217689, -452.6790370765639, 212.32449079518483]","[1089.4095611719083, -1800.8811919229722, -452.6790370765639, 212.32449079518665]","[976.2398019027672, -1747.8000692241758, -452.6790370765643, 212.32449079518574]","[863.0700426336264, -1694.7189465253794, -452.6790370765634, 212.32449079518574]","[749.9002833644854, -1641.637823826583, -452.67903707656427, 212.32449079518594]","[636.7305240953444, -1588.5567011277865, -452.6790370765639, 212.32449079518574]","[523.5607648262035, -1535.47557842899, -452.6790370765639, 212.32449079518574]","[410.3910055570612, -1482.3944557301936, -452.6790370765691, 212.32449079518574]","[297.2212462879188, -1429.3133330313972, -452.67903707656956, 212.32449079518574]","[184.05148701877687, -1376.2322103326007, -452.67903707656774, 212.32449079518574]","[70.881727749635, -1323.1510876338043, -452.67903707656745, 212.32449079518574]","[-42.28803151950702, -1270.069964935008, -452.6790370765681, 212.32449079518483]"
547,Robot,"[6165.36323, -2187.07751, 0.0, 0.0]","[6237.998030982817, -2085.4925730029754, 290.5392039312683, 406.3397479880987]","[6300.691924219421, -1977.43659039026, 250.7755729464152, 432.2239304508612]","[6356.385367021627, -1865.535047748785, 222.77377120882375, 447.60617056590036]","[6405.807946795674, -1750.7634017302028, 197.69031909618934, 459.08658407432904]","[6377.9707980120265, -1658.662650904978, -111.34859513459014, 368.4030033008994]","[6256.367525955774, -1634.8210226977824, -486.41308822501014, 95.3665128287821]","[6132.333602277812, -1619.3101949619927, -496.13569471184746, 62.04331094315876]","[6008.29967859985, -1603.799367226203, -496.1356947118479, 62.043310943158815]","[5884.265754921888, -1588.2885394904133, -496.13569471184746, 62.04331094315876]","[5760.231831243927, -1572.777711754625, -496.1356947118438, 62.0433109431533]","[5636.197907565965, -1557.2668840188385, -496.1356947118511, 62.043310943146025]","[5512.349853549468, -1540.8950302521184, -495.39221606598585, 65.4874150668802]","[5392.962671408141, -1503.8585517430015, -477.5487285653071, 148.14591403646773]","[5273.575489266815, -1466.8220732338846, -477.5487285653071, 148.14591403646773]","[5154.188307125488, -1429.7855947247676, -477.5487285653071, 148.14591403646773]"
548,Robot,"[5034.801124984161, -1392.7491162156507, -477.5487285653071, 148.14591403646773]","[4915.413942842834, -1355.7126377065338, -477.5487285653071, 148.14591403646773]","[4796.026760701508, -1318.6761591974168, -477.5487285653071, 148.14591403646773]","[4676.639578560181, -1281.6396806883, -477.5487285653071, 148.14591403646773]","[4557.252396418854, -1244.603202179183, -477.5487285653071, 148.14591403646773]","[4437.865214277527, -1207.566723670066, -477.5487285653071, 148.14591403646773]","[4318.4780321362, -1170.530245160949, -477.5487285653071, 148.14591403646773]","[4199.090849994874, -1133.4937666518322, -477.5487285653071, 148.14591403646773]","[4079.7036678535487, -1096.4572881427152, -477.5487285653002, 148.14591403646787]","[3960.316485712233, -1059.4208096335983, -477.54872856526345, 148.14591403646773]","[3840.929303570918, -1022.3843311244816, -477.5487285652598, 148.14591403646682]","[3725.534401151949, -984.9642690252928, -461.57960967587496, 149.68024839675536]","[3612.39774447678, -940.883038329676, -452.5466267006759, 176.32492278246718]","[3495.8895706339144, -897.6755819564428, -466.032695371463, 172.82982549293274]","[3410.7098425608037, -806.5389438138459, -340.71891229244284, 364.5465525703876]","[3335.814331366082, -713.0441684850057, -299.5820447788865, 373.9791013153608]"
549,Robot,"[3259.554582747663, -674.7031411308446, -305.0389944736762, 153.36410941664417]","[3138.097650010343, -645.306129628021, -485.8277309492805, 117.58804601129441]","[3110.0866128154435, -637.3549712803011, -112.04414877959789, 31.804633390879644]","[3110.0866128154435, -637.3549712803011, 0.0, 0.0]","[3110.0866128154435, -637.3549712803011, 0.0, 0.0]","[3110.0866128154435, -637.3549712803011, 0.0, 0.0]","[3071.0363368539297, -632.8602395779943, -156.20110384605505, 17.978926809227232]","[2949.1559016209208, -606.472863647114, -487.52174093203575, 105.54950372352141]","[2931.625826227227, -597.085156930894, -70.12030157477426, 37.55082686488007]","[2931.625826227227, -597.085156930894, 0.0, 0.0]","[2931.625826227227, -597.085156930894, 0.0, 0.0]","[2928.6989163530584, -601.5460275879449, -11.707639496675256, -17.843482628203674]","[2807.248101682156, -571.9707065284342, -485.8032586836089, 118.30128423804263]","[2685.797287011254, -542.395385468926, -485.8032586836089, 118.30128423803308]","[2564.346472340352, -512.8200644094176, -485.80325868360705, 118.30128423803353]","[2442.895657669449, -483.2447433499081, -485.8032586836125, 118.30128423803785]"
550,Robot,"[2321.4448429985478, -453.6694222903986, -485.80325868360524, 118.30128423803808]","[2199.994028327645, -424.0941012308892, -485.8032586836107, 118.30128423803762]","[2078.543213656743, -394.5187801713797, -485.8032586836089, 118.30128423803785]","[1957.0923989858363, -364.9434591118703, -485.80325868362615, 118.30128423803762]","[1835.6415843149284, -335.3681380523608, -485.8032586836316, 118.30128423803808]","[1714.1907696440203, -305.79281699285133, -485.8032586836325, 118.30128423803785]","[1592.7399549731126, -276.21749593334187, -485.8032586836307, 118.30128423803785]","[1471.2891403022047, -246.64217487383263, -485.8032586836316, 118.30128423803694]","[1349.8383256312968, -217.06685381432388, -485.80325868363207, 118.30128423803511]","[1228.387510960389, -187.49153275481507, -485.8032586836316, 118.30128423803524]","[1113.97313957703, -194.62380329347516, -457.65748553343565, -28.529082154640378]","[1012.0680007048696, -267.0140144511031, -407.62055548864146, -289.5608446305117]","[910.1628618327118, -339.40422560873105, -407.62055548863145, -289.56084463051184]","[808.2577229605539, -411.794436766359, -407.62055548863145, -289.56084463051184]","[706.352584088396, -484.184647923987, -407.62055548863145, -289.56084463051184]","[604.4474452162382, -556.5748590816149, -407.62055548863145, -289.56084463051184]"
551,Robot,"[502.54230634408015, -628.9650702392429, -407.62055548862924, -289.5608446305098]","[400.63716747192086, -701.3552813968709, -407.62055548863714, -289.56084463051184]","[298.7320285997616, -773.7454925544988, -407.62055548863714, -289.56084463051184]","[196.8268897276023, -846.1357037121268, -407.62055548863714, -289.56084463051184]","[94.92175085544314, -918.5259148697548, -407.6205554886366, -289.5608446305123]","[-6.983388016715889, -990.9161260273828, -407.6205554886361, -289.56084463051184]","[-108.88852688887488, -1063.306337185012, -407.62055548863594, -289.5608446305164]","[-210.7936657610341, -1135.696548342643, -407.6205554886369, -289.5608446305241]","[-312.6988046331934, -1208.0867595002708, -407.6205554886375, -289.56084463051167]","[-414.6039435053527, -1280.476970657899, -407.62055548863714, -289.5608446305132]","[-516.5090823775118, -1352.8671818155271, -407.6205554886367, -289.5608446305123]","[-618.4142212496697, -1425.257392973154, -407.62055548863145, -289.56084463050775]","[-720.3193601218276, -1497.6476041307812, -407.62055548863145, -289.56084463050865]","[-822.2244989939854, -1570.0378152884084, -407.62055548863145, -289.56084463050865]","[-924.1296378661432, -1642.4280264460351, -407.620555488631, -289.56084463050684]","[-1026.0347767383012, -1714.8182376036625, -407.6205554886319, -289.56084463050956]"
552,Robot,"[-1127.939915610462, -1787.2084487612915, -407.62055548864373, -289.56084463051593]","[-1229.8450544826226, -1859.5986599189205, -407.6205554886419, -289.56084463051593]","[-1336.0472456775651, -1919.8524343080408, -424.8087647797702, -241.01509755648112]","[-1459.0148262873424, -1933.3623709028727, -491.87032243910926, -54.03974637932788]","[-1562.775108568704, -1996.6072574247823, -415.0411291254459, -252.97954608763848]","[-1660.048717453251, -2075.11104723506, -389.094435538188, -314.0151592411112]","[-1757.3223263377972, -2153.6148370453416, -389.0944355381853, -314.01515924112573]","[-1868.783809482256, -2204.354386312661, -445.8459325778349, -202.95819706927796]","[-1981.0916739584356, -2241.705326635585, -449.2314579047192, -149.4037612916965]","[-2071.3343137423703, -2328.1996383839687, -360.97055913573877, -345.9772469935342]","[-2161.5769535263053, -2414.6939501323523, -360.9705591357397, -345.9772469935342]","[-2251.81959331024, -2501.188261880736, -360.9705591357397, -345.9772469935342]","[-2342.062233094175, -2587.68257362912, -360.9705591357397, -345.977246993536]","[-2402.358177889089, -2693.2691268644376, -241.18377917965518, -422.346212941271]","[-2399.5476978396514, -2763.942559700336, 11.241920197750005, -282.69373134359375]","[-2285.8007453144896, -2712.1098403886936, 454.98781010064704, 207.3308772465698]"
553,Robot,"[-2172.053792789328, -2660.277121077052, 454.98781010064704, 207.33087724656616]","[-2058.306840264166, -2608.4444017654096, 454.98781010064704, 207.3308772465698]","[-1944.5598877390096, -2556.611682453768, 454.9878101006261, 207.33087724656616]","[-1830.8129352138533, -2504.7789631421256, 454.9878101006252, 207.3308772465698]","[-1717.0659826886922, -2452.946243830484, 454.9878101006443, 207.33087724656616]","[-1603.3190301635304, -2401.1135245188416, 454.98781010064704, 207.3308772465698]","[-1489.572077638369, -2349.2808052072, 454.98781010064613, 207.33087724656616]","[-1375.825125113207, -2297.4480858955576, 454.98781010064795, 207.3308772465698]","[-1264.528095501029, -2246.932461623568, 445.1881184487124, 202.0624970879582]","[-1187.4447834480543, -2186.565019110082, 308.33324821189854, 241.46977005394365]","[-1105.6035521448282, -2092.636811207588, 327.3649252129044, 375.712831609977]","[-1078.998346930573, -1976.4120117541809, 106.42082085702077, 464.89919781362823]","[-1018.8391558985936, -1866.9641365285097, 240.63676412791756, 437.7915009026847]","[-951.858100994355, -1856.2654603992407, 267.92421961695436, 42.79470451707584]","[-849.5914461284185, -1912.6186989294213, 409.06661946374606, -225.41295412072213]","[-753.763607610387, -1979.338975958923, 383.31135407212605, -266.8811081180065]"
554,Robot,"[-649.8075001757123, -1982.379855924656, 415.82442973869865, -12.163519862932844]","[-546.3035342623775, -1975.518924718988, 414.01586365333924, 27.443724822672266]","[-464.99961334112055, -2047.770582551861, 325.2156836850279, -289.0066313314919]","[-362.7459888454153, -2011.5159487931924, 409.014497982821, 145.01853503467464]","[-259.625798258382, -1940.8673373893296, 412.4807623481331, 282.59444561545115]","[-156.50560767134874, -1870.2187259854672, 412.4807623481331, 282.59444561544933]","[-53.38541708431519, -1799.570114581605, 412.4807623481342, 282.59444561544933]","[49.734773502718525, -1728.921503177742, 412.4807623481349, 282.59444561545206]","[152.85496408975249, -1658.2728917738796, 412.4807623481362, 282.59444561544956]","[257.502166035753, -1589.9088039226915, 418.58880778400214, 273.45635140475224]","[362.21299345504383, -1521.6399045528651, 418.84330967716323, 273.07559747930554]","[466.9238208743346, -1453.371005183039, 418.843309677163, 273.07559747930463]","[571.6346482936254, -1385.1021058132126, 418.84330967716346, 273.07559747930554]","[676.3454757129163, -1316.8332064433862, 418.84330967716323, 273.07559747930554]","[781.0563031322071, -1248.5643070735598, 418.84330967716323, 273.07559747930554]","[885.7671305514979, -1180.2954077037334, 418.84330967716323, 273.07559747930554]"
555,Robot,"[990.4779579707888, -1112.026508333907, 418.84330967716966, 273.0755974793094]","[1095.1887853900794, -1043.7576089640806, 418.8433096771623, 273.07559747930554]","[1199.8996128093702, -975.4887095942544, 418.84330967716323, 273.0755974793051]","[1304.610440228661, -907.219810224428, 418.84330967716323, 273.07559747930554]","[1409.3212676479518, -838.9509108546015, 418.84330967716323, 273.075597479306]","[1514.0320950672426, -770.6820114847751, 418.84330967716323, 273.07559747930554]","[1618.7429224865334, -702.4131121149487, 418.84330967716323, 273.07559747930554]","[1723.4537499058242, -634.1442127451223, 418.84330967716323, 273.07559747930554]","[1828.164577325115, -565.875313375296, 418.84330967716363, 273.07559747930577]","[1932.8754047444056, -497.6064140054696, 418.8433096771623, 273.0755974793053]","[2037.5862321636969, -429.3375146356432, 418.84330967716505, 273.07559747930577]","[2142.297059582984, -361.0686152658168, 418.8433096771478, 273.07559747930554]","[2247.007887002274, -292.7997158959904, 418.8433096771605, 273.07559747930554]","[2351.7187144215645, -224.530816526164, 418.8433096771623, 273.07559747930566]","[2456.429541840855, -156.26191715633763, 418.8433096771623, 273.07559747930543]","[2561.1403692601457, -87.99301778651125, 418.8433096771623, 273.07559747930554]"
556,Robot,"[2665.8511966794363, -19.72411841668476, 418.8433096771623, 273.07559747930594]","[2770.5620240987278, 48.54478095314176, 418.84330967716596, 273.0755974793061]","[2875.272851518018, 116.81368032296818, 418.8433096771605, 273.07559747930566]","[2979.9836789373085, 185.08257969279455, 418.8433096771623, 273.0755974793055]","[3084.694506356599, 253.35147906262097, 418.8433096771623, 273.07559747930566]","[3189.948499810591, 317.28194966153137, 421.0159738159673, 255.72188239564161]","[3304.813222106262, 333.0782688727754, 459.4588891826843, 63.185276844976215]","[3423.87623365129, 295.97046669938265, 476.2520461801123, -148.43120869357108]","[3542.715829545971, 278.6540837517534, 475.3583835787235, -69.26553179051717]","[3645.529344547781, 317.7174664465874, 411.2540600072407, 156.2535307793362]","[3733.602920595956, 402.9650773622007, 352.294304192701, 340.9904436624531]","[3830.097949462488, 456.609862334032, 385.98011546612724, 214.57913988732525]","[3939.1091141696106, 447.9530207216919, 436.04465882849036, -34.62736644936035]","[4042.734144976409, 426.1053391360178, 414.5001232271934, -87.39072634269655]","[4110.347899800247, 515.2369155575691, 270.45501929535385, 356.5263056862052]","[4167.974347503475, 626.1611803741807, 230.50579081290925, 443.69705926644656]"
557,Robot,"[4225.60079520671, 737.0854451907924, 230.505790812942, 443.69705926644656]","[4283.22724290995, 848.009710007404, 230.50579081296019, 443.69705926644656]","[4389.640003075984, 905.4893479050944, 425.6510406641355, 229.91855159076158]","[4505.345394187312, 952.7890568658476, 462.8215644453121, 189.1988358430126]","[4621.050785298646, 1000.0887658266008, 462.82156444533393, 189.19883584301306]","[4736.756176409985, 1047.388474787354, 462.82156444535576, 189.1988358430126]","[4852.461567521323, 1094.6881837481071, 462.8215644453521, 189.1988358430126]","[4968.166958632662, 1141.9878927088605, 462.82156444535576, 189.1988358430135]","[5083.8723497440005, 1189.2876016696134, 462.82156444535616, 189.19883584301186]","[5199.577740855339, 1236.5873106303666, 462.8215644453521, 189.1988358430126]","[5315.2831319666775, 1283.8870195911195, 462.82156444535576, 189.1988358430117]","[5430.988523078016, 1331.1867285518729, 462.82156444535576, 189.1988358430135]","[5546.6939141893545, 1378.486437512626, 462.8215644453521, 189.1988358430126]","[5638.555382083513, 1431.224453138538, 367.4458715766341, 210.95206250364754]","[5530.267727409875, 1463.256973681818, -433.15061869455167, 128.13008217312017]","[5407.651572690922, 1439.5145965261147, -490.46461887581245, -94.96950862281301]"
558,Robot,"[5285.700518353376, 1412.074838036645, -487.80421735018535, -109.75903395787918]","[5162.347511552213, 1393.3425528669584, -493.41202720464935, -74.92914067874608]","[5037.579693817827, 1390.6405743693765, -499.0712709375439, -10.807913990327506]","[4913.336187870961, 1379.2995000605265, -496.97402378746483, -45.364297235400045]","[4792.213827153328, 1348.4186899858012, -484.4894428705338, -123.52324029890133]","[4668.093531840772, 1340.7076527801278, -496.481181250223, -30.84414882269357]","[4547.25019189932, 1369.2573178524729, -483.3733597658065, 114.19866028938031]","[4430.019848818546, 1356.4741353898578, -468.9213723230969, -51.13272985046024]","[4311.917215731904, 1315.5257769612217, -472.41053234656687, -163.79343371454448]","[4193.814582645263, 1274.5774185325852, -472.41053234656647, -163.79343371454615]","[4075.711949558619, 1233.6290601039489, -472.41053234657556, -163.79343371454524]","[3957.609316471966, 1192.6807016753098, -472.41053234661194, -163.79343371455616]","[3839.506683385313, 1151.7323432466692, -472.41053234661194, -163.79343371456252]","[3721.40405029866, 1110.7839848180288, -472.41053234661194, -163.79343371456162]","[3603.301417212007, 1069.8356263893884, -472.41053234661194, -163.79343371456162]","[3482.0823827607114, 1039.7236930179645, -484.8761378051822, -120.44773348569561]"
559,Robot,"[3360.269748049484, 1011.6758406098172, -487.2505388449099, -112.19140963258906]","[3238.4571133382565, 983.6279882016696, -487.2505388449099, -112.19140963259042]","[3116.644478627029, 955.5801357935223, -487.2505388449099, -112.19140963258906]","[2994.831843915801, 927.532283385375, -487.2505388449117, -112.19140963258951]","[2873.019209204574, 899.4844309772276, -487.2505388449081, -112.19140963258951]","[2751.2065744933466, 871.4365785690802, -487.2505388449099, -112.19140963258951]","[2629.393939782119, 843.3887261609328, -487.2505388449099, -112.19140963258951]","[2507.581305070892, 815.3408737527855, -487.2505388449081, -112.19140963258951]","[2385.768670359664, 787.2930213446381, -487.25053884491217, -112.19140963258961]","[2263.9560356484367, 759.2451689364907, -487.2505388449099, -112.19140963258951]","[2142.143400937209, 731.1973165283433, -487.2505388449099, -112.19140963258951]","[2020.3307662259815, 703.149464120196, -487.2505388449108, -112.19140963258951]","[1898.5181315147545, 675.1016117120486, -487.2505388449081, -112.19140963258951]","[1776.7054968035268, 647.0537593039012, -487.2505388449108, -112.19140963258951]","[1654.8928620922993, 619.0059068957538, -487.2505388449099, -112.19140963258951]","[1533.0802273810718, 590.9580544876064, -487.2505388449099, -112.19140963258951]"
560,Robot,"[1411.2675926698444, 562.910202079459, -487.2505388449099, -112.19140963258951]","[1289.454957958617, 534.8623496713117, -487.2505388449099, -112.19140963258951]","[1167.6423232473894, 506.8144972631643, -487.2505388449099, -112.19140963258951]","[1045.829688536162, 478.7666448550169, -487.2505388449099, -112.19140963258951]","[924.0170538249344, 450.7187924468696, -487.25053884491035, -112.19140963258928]","[802.204419113707, 422.67094003872216, -487.25053884490944, -112.19140963258974]","[680.3917844024795, 394.6230876305748, -487.2505388449099, -112.19140963258951]","[558.579149691252, 366.5752352224274, -487.2505388449099, -112.19140963258951]","[436.7665149800255, 338.52738281428003, -487.2505388449067, -112.19140963258961]","[315.4979332382601, 311.4976132875219, -485.07432696706155, -108.11907810703246]","[194.2403894906151, 302.43716319681846, -485.03017499058, -36.24180036281382]","[72.98271081262294, 272.07970346078747, -485.0307147119686, -121.42983894412396]","[-48.27496786536938, 241.7222437247562, -485.03071471196927, -121.4298389441251]","[-169.53264654336158, 211.36478398872484, -485.0307147119688, -121.42983894412544]","[-291.5262372551758, 184.6773127129408, -487.97436284725677, -106.7498851031362]","[-412.9344037931944, 155.45414082170456, -485.63266615207453, -116.89268756494494]"
561,Robot,"[-533.6861895614159, 123.15079890394291, -483.0071430728858, -129.21336767104657]","[-654.1418071450944, 89.7525325936322, -481.8224703347141, -133.59306524124287]","[-774.5974247287729, 56.35426628332142, -481.8224703347141, -133.5930652412431]","[-895.0530423124515, 22.955999973010535, -481.8224703347141, -133.59306524124355]","[-1015.50865989613, -10.442266337300286, -481.8224703347141, -133.59306524124327]","[-1135.9642774798083, -43.84053264761111, -481.8224703347132, -133.59306524124332]","[-1256.419895063487, -77.23879895792187, -481.82247033471504, -133.59306524124304]","[-1376.8755126471656, -110.6370652682326, -481.8224703347141, -133.59306524124293]","[-1497.331130230844, -144.03533157854335, -481.8224703347146, -133.5930652412431]","[-1617.7867478145226, -177.43359788885408, -481.8224703347141, -133.59306524124293]","[-1738.2423653982012, -210.8318641991648, -481.8224703347141, -133.59306524124293]","[-1858.69798298188, -244.23013050947557, -481.82247033471504, -133.59306524124304]","[-1979.1536005655585, -277.6283968197868, -481.8224703347141, -133.59306524124497]","[-2099.609218149239, -311.0266631300982, -481.8224703347223, -133.59306524124554]","[-2220.0648357329237, -344.42492944040964, -481.8224703347387, -133.59306524124577]","[-2340.5204533166075, -377.8231957507211, -481.82247033473504, -133.59306524124577]"
562,Robot,"[-2460.976070900292, -411.2214620610325, -481.8224703347387, -133.59306524124577]","[-2581.431688483976, -444.619728371344, -481.82247033473504, -133.593065241246]","[-2701.88730606766, -478.0179946816554, -481.82247033473686, -133.59306524124554]","[-2822.3429236513443, -511.4162609919669, -481.82247033473686, -133.593065241246]","[-2942.798541235029, -544.8145273022783, -481.8224703347387, -133.59306524124554]","[-3063.2541588187128, -578.2127936125897, -481.82247033473504, -133.59306524124577]","[-3183.709776402397, -611.6110599229012, -481.82247033473686, -133.59306524124577]","[-3304.165393986081, -645.0093262332126, -481.82247033473686, -133.59306524124577]","[-3424.6210115697654, -678.4075925435241, -481.8224703347373, -133.59306524124588]","[-3545.0766291534496, -711.8058588538355, -481.82247033473686, -133.59306524124577]","[-3665.532246737134, -745.204125164147, -481.82247033473686, -133.59306524124577]","[-3785.987864320818, -778.6023914744584, -481.82247033473686, -133.59306524124577]","[-3906.4434819045023, -812.000657784772, -481.82247033473686, -133.5930652412544]","[-4026.8990994881865, -845.3989240950863, -481.82247033473686, -133.59306524125714]","[-3970.664110102964, -852.1547917559384, 224.93995754088974, -27.023470643408473]","[-3845.7161068965, -848.5497266086663, 499.79201282585564, 14.42026058908823]"
563,Robot,"[-3720.768103690036, -844.9446614613943, 499.79201282584324, 14.42026058908782]","[-3595.8201004835723, -841.3395963141222, 499.7920128258538, 14.42026058908823]","[-3470.8720972771084, -837.7345311668502, 499.79201282585564, 14.42026058908823]","[-3345.9240940706445, -834.1294660195781, 499.79201282585564, 14.42026058908823]","[-3220.9760908641806, -830.524400872306, 499.79201282585564, 14.42026058908823]","[-3096.0280876577167, -826.919335725034, 499.79201282585564, 14.42026058908823]","[-2971.080084451253, -823.3142705777619, 499.79201282585564, 14.42026058908823]","[-2846.132081244789, -819.7092054304899, 499.79201282585564, 14.42026058908823]","[-2721.184078038325, -816.1041402832178, 499.7920128258561, 14.420260589088242]","[-2596.236074831861, -812.4990751359458, 499.79201282585564, 14.42026058908823]","[-2471.288071625397, -808.8940099886737, 499.79201282585564, 14.42026058908823]","[-2346.340068418933, -805.2889448414016, 499.79201282585746, 14.42026058908823]","[-2221.3920652124693, -801.6838796941296, 499.7920128258538, 14.42026058908823]","[-2096.4440620060054, -798.0788145468575, 499.79201282585564, 14.42026058908823]","[-1971.4960587995376, -794.4737493995855, 499.7920128258711, 14.42026058908823]","[-1846.5480555930685, -790.8686842523124, 499.79201282587655, 14.420260589092322]"
564,Robot,"[-1721.6000523865987, -787.263619105039, 499.7920128258793, 14.420260589093687]","[-1596.7801315450322, -786.5672024137664, 499.279683366266, 2.7856667650903546]","[-1472.632643119207, -801.1411901164988, 496.58995370330103, -58.29595081092975]","[-1348.4851546933817, -815.7151778192313, 496.58995370330103, -58.29595081092975]","[-1224.3376662675564, -830.2891655219637, 496.58995370330103, -58.29595081092975]","[-1100.1901778417312, -844.8631532246961, 496.58995370330103, -58.29595081092975]","[-976.042689415906, -859.4371409274286, 496.5899537033006, -58.29595081092975]","[-851.8952009900806, -874.011128630161, 496.5899537033015, -58.29595081092975]","[-727.7477125642554, -888.5851163328934, 496.5899537033015, -58.2959508109298]","[-603.6002241384301, -903.159104035626, 496.58995370330103, -58.29595081093021]","[-479.45273571260446, -917.7330917383584, 496.5899537033026, -58.29595081092975]","[-355.3052472867778, -932.3070794410908, 496.5899537033067, -58.2959508109293]","[-231.15775886095128, -946.8810671438232, 496.58995370330604, -58.29595081092975]","[-107.0102704351253, -961.4550548465556, 496.5899537033039, -58.29595081092975]","[17.137217990700695, -976.029042549288, 496.589953703304, -58.2959508109293]","[141.2847064165267, -990.6030302520204, 496.589953703304, -58.29595081092975]"
565,Robot,"[265.4321948423527, -1005.177017954753, 496.5899537033041, -58.29595081093021]","[389.5796832681794, -1019.7510056574854, 496.5899537033067, -58.29595081092975]","[513.7271716940061, -1034.3249933602178, 496.5899537033067, -58.29595081092975]","[637.8746601198313, -1048.8989810629505, 496.58995370330103, -58.29595081093066]","[762.0221485456566, -1063.4729687656827, 496.58995370330103, -58.295950810928844]","[886.1696369714819, -1078.0469564684151, 496.58995370330103, -58.29595081092975]","[1010.3171253973072, -1092.6209441711476, 496.5899537033015, -58.29595081092975]","[1134.4646138231324, -1107.19493187388, 496.5899537033006, -58.29595081092975]","[1258.6121022489576, -1121.7689195766125, 496.5899537033015, -58.2959508109298]","[1382.7595906747829, -1136.342907279345, 496.58995370330103, -58.29595081092975]","[1506.907079100608, -1150.916894982077, 496.5899537033001, -58.295950810928844]","[1631.0545675264334, -1165.4908826848098, 496.58995370330194, -58.29595081093066]","[1755.202055952259, -1180.0648703875422, 496.58995370330194, -58.29595081092975]","[1879.349544378084, -1194.6388580902749, 496.5899537033001, -58.29595081093066]","[2003.4970328039087, -1209.212845793007, 496.5899537032992, -58.295950810928844]","[2127.644521229738, -1223.7868334957395, 496.5899537033174, -58.29595081092975]"
566,Robot,"[2251.792009655569, -1238.360821198472, 496.5899537033238, -58.29595081092975]","[2376.689096844973, -1240.4764590434772, 499.5883487576157, -8.462551380021068]","[2501.688402047592, -1240.8932309987924, 499.9972208104755, -1.6670878212607931]","[2626.6877072502098, -1241.3100029541076, 499.99722081047184, -1.6670878212607931]","[2751.687012452828, -1241.7267749094228, 499.99722081047366, -1.6670878212607931]","[2876.6863176554466, -1242.143546864738, 499.99722081047366, -1.6670878212607931]","[3001.685622858065, -1242.5603188200532, 499.99722081047366, -1.6670878212607931]","[3126.6849280606834, -1242.9770907753684, 499.99722081047366, -1.6670878212607931]","[3251.684233263302, -1243.3938627306836, 499.9972208104741, -1.6670878212607947]","[3376.6835384659203, -1243.8106346859988, 499.99722081047366, -1.6670878212607931]","[3501.6828436685387, -1244.227406641314, 499.99722081047366, -1.6670878212607931]","[3626.682148871157, -1244.6441785966292, 499.99722081047366, -1.6670878212607931]","[3751.681454073776, -1245.0609505519444, 499.9972208104755, -1.6670878212607931]","[3876.680759276394, -1245.4777225072596, 499.99722081047184, -1.6670878212607931]","[4001.680064479012, -1245.8944944625748, 499.99722081047184, -1.6670878212607931]","[4126.67936968163, -1246.31126641789, 499.99722081047366, -1.6670878212607931]"
567,Robot,"[4251.678674884249, -1246.7280383732052, 499.99722081047366, -1.6670878212607931]","[4376.677980086867, -1247.1448103285186, 499.99722081047366, -1.6670878212535172]","[4501.677285289486, -1247.5615822838308, 499.99722081047366, -1.6670878212489697]","[4626.676590492104, -1247.9783542391433, 499.99722081047366, -1.6670878212498792]","[4751.675895694722, -1248.3951261944555, 499.99722081047366, -1.6670878212489697]","[4876.675200897341, -1248.811898149768, 499.99722081047366, -1.6670878212498792]","[5001.674506099959, -1249.2286701050805, 499.99722081047366, -1.6670878212498792]","[5126.673811302578, -1249.6454420603925, 499.99722081047366, -1.6670878212480602]","[5251.673116505196, -1250.062214015705, 499.9972208104741, -1.6670878212498808]","[5351.469691075558, -1308.4986826139077, 399.1862982814491, -233.74587439281095]","[5437.0897296652765, -1399.571230573736, 342.4801543588728, -364.2901918393136]","[5522.709768254995, -1490.6437785335645, 342.4801543588728, -364.2901918393136]","[5608.329806844713, -1581.716326493393, 342.4801543588728, -364.2901918393136]","[5693.949845434431, -1672.788874453221, 342.4801543588728, -364.2901918393127]","[5779.569884024149, -1763.8614224130497, 342.4801543588728, -364.2901918393145]","[5865.189922613868, -1854.933970372876, 342.4801543588728, -364.2901918393054]"
568,Robot,"[5950.809961203586, -1946.0065183326983, 342.4801543588728, -364.29019183928904]","[6036.429999793304, -2037.0790662925212, 342.4801543588728, -364.29019183929177]","[6122.050038383022, -2128.151614252344, 342.4801543588728, -364.29019183929177]","[6195.693735386784, -2204.2728908465256, 294.5747880150484, -304.4851063767255]","[6127.806276443406, -2099.314361330287, -271.5498357735123, 419.83411806495496]","[6059.918817500025, -1994.355831814048, -271.5498357735232, 419.83411806495496]","[5992.031358556644, -1889.3973022978091, -271.54983577352687, 419.8341180649559]","[5924.143899613263, -1784.4387727815706, -271.5498357735232, 419.83411806495405]","[5856.256440669881, -1679.480243265332, -271.5498357735271, 419.83411806495445]","[5788.368981726499, -1574.5217137490931, -271.54983577352687, 419.8341180649559]","[5720.481522783119, -1469.5631842328544, -271.5498357735232, 419.83411806495496]","[5652.594063839737, -1364.6046547166156, -271.54983577352687, 419.83411806495496]","[5573.300973804701, -1269.2250168393543, -317.1723601401427, 381.5185515090452]","[5481.651783420373, -1184.2225115709853, -366.596761537312, 340.0100210734763]","[5390.002593036045, -1099.2200063026162, -366.596761537312, 340.0100210734763]","[5298.353402651717, -1014.2175010342472, -366.596761537312, 340.01002107347585]"
569,Robot,"[5206.704212267389, -929.214995765878, -366.596761537312, 340.01002107347676]","[5115.055021883061, -844.212490497509, -366.596761537312, 340.0100210734763]","[5023.405831498733, -759.2099852291399, -366.596761537312, 340.0100210734763]","[4931.756641114405, -674.2074799607708, -366.596761537312, 340.0100210734763]","[4840.107450730077, -589.2049746924017, -366.596761537312, 340.0100210734763]","[4748.458260345751, -504.2024694240325, -366.5967615373047, 340.010021073477]","[4656.809069961434, -419.199964155662, -366.5967615372683, 340.010021073482]","[4565.159879577117, -334.1974588872915, -366.5967615372683, 340.010021073482]","[4473.5106891928, -249.19495361892103, -366.59676153726866, 340.01002107348205]","[4381.861498808484, -164.19244835055127, -366.5967615372647, 340.01002107347904]","[4290.212308424167, -79.18994308218127, -366.5967615372683, 340.01002107348]","[4198.56311803985, 5.8125621861888455, -366.5967615372647, 340.01002107348046]","[4106.913927655533, 90.81506745455896, -366.5967615372683, 340.01002107348046]","[4015.2647372712167, 175.8175727229289, -366.5967615372665, 340.0100210734798]","[3923.6155468869, 260.8200779912987, -366.5967615372665, 340.01002107347927]","[3831.966356502584, 345.8225832596692, -366.5967615372647, 340.010021073482]"
570,Robot,"[3740.317166118267, 430.8250885280397, -366.5967615372683, 340.010021073482]","[3648.6679757339502, 515.8275937964102, -366.5967615372665, 340.01002107348177]","[3557.0187853496336, 600.8300990647792, -366.5967615372665, 340.0100210734763]","[3465.369594965317, 685.8326043331483, -366.5967615372665, 340.0100210734763]","[3373.7204045810004, 770.8351096015174, -366.5967615372665, 340.0100210734763]","[3281.3203679077496, 854.780964025946, -369.6001466930029, 335.7834176977144]","[3170.9000203000805, 913.3671981957692, -441.6813904306764, 234.3449366792929]","[3060.4796726924114, 971.9534323655922, -441.6813904306764, 234.344936679292]","[2950.0593250847423, 1030.539666535415, -441.6813904306768, 234.34493667929175]","[2839.638977477073, 1089.1259007052354, -441.6813904306782, 234.3449366792811]","[2729.218629869404, 1147.7121348750557, -441.6813904306746, 234.3449366792811]","[2618.798282261735, 1206.298369044876, -441.6813904306764, 234.3449366792811]","[2508.377934654066, 1264.8846032146962, -441.6813904306764, 234.3449366792811]","[2397.957587046397, 1323.4708373845165, -441.6813904306764, 234.3449366792811]","[2287.537239438728, 1382.0570715543367, -441.6813904306746, 234.3449366792811]","[2177.116891831058, 1440.643305724157, -441.68139043068004, 234.3449366792811]"
571,Robot,"[2066.696544223389, 1499.2295398939773, -441.6813904306764, 234.3449366792811]","[1956.2761966157204, 1557.8157740637976, -441.6813904306746, 234.3449366792811]","[1845.8558490080516, 1616.4020082336178, -441.6813904306755, 234.3449366792811]","[1735.4355014003822, 1674.988242403438, -441.6813904306773, 234.3449366792811]","[1625.0151537927131, 1733.5744765732586, -441.6813904306764, 234.344936679282]","[1514.594806185044, 1792.1607107430814, -441.6813904306764, 234.3449366792911]","[1402.3637495342043, 1829.527381042, -448.9242266033589, 149.46668119567403]","[1292.534828840178, 1834.1335337253213, -439.31568277610495, 18.42461073328559]","[1218.8785806965332, 1842.396159688176, -294.62499257457995, 33.050503851419336]","[1152.737719930388, 1858.525096147952, -264.5634430645805, 64.51574583910315]","[1086.0130650525596, 1838.4862875827391, -266.8986195113139, -80.1552342608511]","[1019.8966496740144, 1781.003033104888, -264.46566151418074, -229.93301791140493]","[957.256916247381, 1710.0709211110263, -250.55893370653348, -283.7284479754462]","[899.0867919330964, 1636.1787811943057, -232.68049725713854, -295.5685596668827]","[889.8095193559071, 1516.475641040217, -37.109090308757004, -478.81256061635486]","[902.1113972916828, 1392.5147713583049, 49.207511743102714, -495.8434787276483]"
572,Robot,"[888.1597233637788, 1338.080881413011, -55.80669571161616, -217.73555978117565]","[858.5285546352989, 1459.5180826315204, -118.52467491391963, 485.7488048740379]","[828.897385906819, 1580.95528385003, -118.52467491391963, 485.7488048740379]","[799.266217178339, 1702.3924850685394, -118.52467491391963, 485.7488048740379]","[769.6350484498591, 1823.8296862870488, -118.52467491391963, 485.7488048740379]","[740.0038797213792, 1945.2668875055583, -118.52467491391963, 485.7488048740379]","[710.3727109928993, 2066.704088724068, -118.52467491391963, 485.7488048740379]","[680.7415422644194, 2188.1412899425773, -118.52467491391963, 485.7488048740379]","[651.1103735359395, 2309.5784911610867, -118.52467491391972, 485.74880487403834]","[621.4792048074596, 2431.015692379596, -118.52467491391963, 485.7488048740379]","[591.8480360789797, 2552.4528935981057, -118.52467491391963, 485.7488048740379]","[562.2168673504998, 2673.890094816615, -118.52467491391963, 485.7488048740379]","[532.5856986220199, 2795.3272960351246, -118.52467491391963, 485.7488048740379]","[502.9545298935411, 2916.764497253634, -118.52467491391508, 485.7488048740379]","[473.3233611650626, 3038.201698472144, -118.52467491391417, 485.7488048740397]","[443.69219243658415, 3159.638899690653, -118.52467491391371, 485.74880487403607]"
573,Robot,"[414.06102370810567, 3281.0761009091625, -118.52467491391394, 485.7488048740379]","[389.5554957503799, 3160.178182346161, -98.02211183090299, -483.59167425200576]","[365.6857516494932, 3037.4784051802785, -95.47897640354677, -490.7991086635302]","[341.8160075486065, 2914.7786280143955, -95.478976403547, -490.799108663532]","[317.9462634477198, 2792.0788508485125, -95.47897640354677, -490.799108663532]","[291.0156102556569, 2682.5905443331308, -107.72261276825157, -437.95322606152695]","[265.36339452741106, 2564.3478780578653, -102.60886291298334, -472.97066510106197]","[242.50508114773316, 2441.4556589818158, -91.43325351871158, -491.56887630419806]","[219.64676776805493, 2318.5634399057653, -91.43325351871303, -491.56887630420215]","[196.78845438837672, 2195.671220829716, -91.43325351871283, -491.56887630419806]","[173.9301410086991, 2072.7790017536654, -91.43325351871044, -491.5688763042017]","[151.0718276290216, 1949.8867826776157, -91.43325351870999, -491.56887630419897]","[105.1438639646188, 1836.574664473433, -183.71185465761124, -453.248472816731]","[34.22377915843015, 1733.6409888804394, -283.6803392247546, -411.734702371974]","[-36.696305647758535, 1630.707313287446, -283.68033922475473, -411.734702371974]","[-107.61639045394725, 1527.7736376944554, -283.68033922475485, -411.73470237196216]"
574,Robot,"[-178.53647526013614, 1424.8399621014646, -283.6803392247556, -411.73470237196307]","[-249.45656006632515, 1321.9062865084736, -283.68033922475604, -411.734702371964]","[-320.3766448725135, 1218.9726109154835, -283.6803392247534, -411.73470237196034]","[-391.2967296787018, 1116.038935322494, -283.6803392247532, -411.7347023719585]","[-462.2168144848901, 1013.1052597295042, -283.6803392247532, -411.734702371959]","[-533.1368992910789, 910.1715841365136, -283.680339224755, -411.73470237196216]","[-604.0569840972686, 807.2379085435233, -283.6803392247589, -411.73470237196125]","[-674.9770689034583, 704.3042329505329, -283.6803392247589, -411.7347023719617]","[-746.3724310899605, 601.71911017319, -285.5814487460091, -410.340491109372]","[-716.6947693381479, 528.8802463235811, 118.71064700725037, -291.3554553984354]","[-603.3081181626818, 476.2640194043759, 453.54660470186445, -210.46490767682076]","[-489.921466987216, 423.6477924851703, 453.5466047018633, -210.46490767682235]","[-376.0252121934118, 390.9017943389289, 455.58501917521676, -130.9839925849658]","[-260.0905429262499, 437.6367112845445, 463.7386770686476, 186.9396677824625]","[-144.1558736590873, 484.3716282301602, 463.7386770686504, 186.93966778246272]","[-28.221204391924744, 531.1065451757763, 463.7386770686502, 186.93966778246454]"
575,Robot,"[87.71346487523765, 577.8414621213919, 463.73867706864957, 186.9396677824625]","[203.64813414240007, 624.5763790670076, 463.7386770686497, 186.9396677824625]","[319.5828034095624, 671.3112960126232, 463.7386770686494, 186.9396677824625]","[435.51747267672425, 718.0462129582392, 463.73867706864735, 186.93966778246386]","[551.4521419438862, 764.781129903856, 463.7386770686478, 186.9396677824675]","[651.6095188567042, 838.9851799781807, 400.629507651272, 296.81620029729856]","[750.394957303926, 915.5778503245668, 395.1417537888874, 306.3706813855447]","[849.1803957511472, 992.170520670953, 395.14175378888467, 306.3706813855447]","[947.9658341983692, 1068.763191017341, 395.1417537888882, 306.3706813855518]","[1069.1474261763444, 1089.268345859766, 484.726367911901, 82.0206193697004]","[1193.4844967569445, 1102.124973700471, 497.34828232240034, 51.42651136281984]","[1317.8215673375446, 1114.981601541176, 497.34828232240034, 51.42651136281984]","[1441.3805830764904, 1128.5172381337009, 494.2360629557834, 54.14254637009981]","[1565.7236535623742, 1141.315707657127, 497.3722819435352, 51.19387809370437]","[1690.066724048258, 1154.1141771805528, 497.3722819435352, 51.19387809370346]","[1814.4097945341416, 1166.9126467039755, 497.3722819435343, 51.19387809369073]"
576,Robot,"[1936.2172971454304, 1193.330501840887, 487.23001044515513, 105.67142054764645]","[2060.633729950722, 1205.2073484555135, 497.66573122116733, 47.50738645850561]","[2185.132628041571, 1216.3887783356531, 497.9955923633952, 44.725719520558414]","[2309.63152613242, 1227.5702082157952, 497.9955923633952, 44.72571952056842]","[2434.1304242232686, 1238.751638095937, 497.9955923633952, 44.72571952056751]","[2558.624519636176, 1249.9843771257913, 497.9763816516297, 44.930956119416805]","[2683.124589834433, 1261.152748566152, 498.00028079302865, 44.67348576144286]","[2801.5129847002686, 1293.0271686487288, 473.5535794633415, 127.49768033030705]","[2912.122883688476, 1351.2547415486722, 442.43959595283053, 232.9102915997739]","[3022.7327826766827, 1409.4823144486156, 442.4395959528265, 232.9102915997737]","[3133.34268166489, 1467.7098873485547, 442.4395959528283, 232.91029159975642]","[3243.952580653097, 1525.9374602484934, 442.4395959528283, 232.9102915997546]","[3354.562479641304, 1584.1650331484325, 442.4395959528283, 232.91029159975642]","[3470.34831362212, 1620.7942026365645, 463.1433359232633, 146.51667795252797]","[3595.335809812016, 1619.0262105037064, 499.9499847595853, -7.071968531432503]","[3720.323306001913, 1617.2582183708485, 499.9499847595871, -7.071968531431594]"
577,Robot,"[3845.3108021918097, 1615.490226237992, 499.9499847595871, -7.071968531426137]","[3970.2982983817055, 1613.7222341051367, 499.94998475958346, -7.07196853142068]","[4095.285794571603, 1611.9542419722816, 499.94998475959073, -7.07196853142068]","[4220.2732907615, 1610.1862498394266, 499.9499847595871, -7.07196853141977]","[4345.260786951397, 1608.4182577065717, 499.9499847595871, -7.07196853141977]","[4470.2482831412935, 1606.6502655737163, 499.9499847595871, -7.071968531421589]","[4595.23577933119, 1604.8822734408611, 499.9499847595871, -7.07196853142068]","[4720.133653178687, 1603.1649907499243, 499.59149538998827, -6.869130763747307]","[4836.980272456702, 1604.3880334190192, 467.38647711205743, 4.892170676379469]","[4936.57690892061, 1604.9640145201902, 398.386545855632, 2.3039244046840395]","[5023.882239230456, 1614.239722217802, 349.2213212393872, 37.102830790447115]","[5099.067320484703, 1630.2796082410866, 300.74032501698457, 64.15954409313872]","[5155.7508372641305, 1557.570824958812, 226.73406711771167, -290.8351331290987]","[5192.661127984058, 1485.2054024055883, 147.64116287971046, -289.4616902128946]","[5248.537403733522, 1449.5715196103345, 223.50510299785674, -142.53553118101536]","[5302.688257270052, 1427.5164438585766, 216.60341414612049, -88.22030300703136]"
578,Robot,"[5330.532520275553, 1437.7786440447876, 111.37705202200232, 41.0488007448439]","[5336.833736100415, 1496.32166271382, 25.204863299448334, 234.17207467612934]","[5324.689927762683, 1540.5979866647845, -48.57523335092992, 177.1052958038581]","[5337.2927201653965, 1572.257089109697, 50.41116961085572, 126.63640977965042]","[5364.04435873046, 1590.220682822319, 107.00655426025332, 71.85437485048806]","[5313.796675146128, 1598.027721643174, -200.990734337327, 31.228155283419255]","[5199.819795871129, 1611.3589096141527, -455.90751709999677, 53.32475188391527]","[5123.88694909487, 1614.7301381463676, -303.73138710503554, 13.4849141288596]","[5092.522928678727, 1610.7392341216257, -125.4560816645718, -15.963616098967591]","[5076.708564941969, 1604.5915288914389, -63.25745494703369, -24.59082092074732]","[5068.790040025458, 1610.2001363230456, -31.674099666041002, 22.43442972642697]","[5070.355899288155, 1617.3016887089211, 6.263437050787616, 28.406209543501973]","[5157.635744485912, 1618.7056225696513, 349.11938079102765, 5.615735442920595]","[5282.441875998836, 1611.7464892341975, 499.22452605169383, -27.836533341815084]","[5406.886561939291, 1606.958014291464, 497.7787437618208, -19.153899770934004]","[5504.622586299239, 1627.5817051953493, 390.9440974397912, 82.49476361554116]"
579,Robot,"[5560.9532147186965, 1653.7569570625767, 225.32251367784383, 104.70100746891562]","[5613.727887662268, 1651.8603606805225, 211.09869177428482, -7.5863855282168515]","[5650.686928758285, 1675.1407809406232, 147.83616438406898, 93.12168104040302]","[5673.757854813888, 1694.4314098128154, 92.28370422241278, 77.1625154887688]","[5674.665688018648, 1680.4569860445758, 3.6313328190408356, -55.89769507295841]","[5635.771120964285, 1660.8484397321042, -155.57826821745402, -78.43418524988647]","[5550.763036792845, 1657.7720676254387, -340.0323366857592, -12.305488426662123]","[5552.867447694536, 1682.5821570801893, 8.417643606764614, 99.24035781900238]","[5552.159880821881, 1807.551178844695, -2.8302674906190104, 499.87608705802313]","[5549.969636970305, 1932.36359542254, -8.760975406305079, 499.24966631137977]","[5574.498716683544, 2054.7299563900974, 98.11631885295719, 489.46544387023005]","[5624.136181600633, 2168.878293879937, 198.54985966835375, 456.5933499593575]","[5704.154046488226, 2109.812804484476, 320.07145955037413, -236.26195758184258]","[5771.816632647598, 2004.7091678479424, 270.65034463748816, -420.41454654613517]","[5839.479218806979, 1899.6055312114088, 270.6503446375209, -420.41454654613426]","[5907.141804966364, 1794.5018945748748, 270.65034463754273, -420.4145465461361]"
580,Robot,"[5974.804391125749, 1689.398257938341, 270.6503446375391, -420.41454654613517]","[5852.3929050377, 1664.0915775215535, -489.64594435219624, -101.22672166714983]","[5729.981418949651, 1638.7848971047663, -489.64594435219624, -101.22672166714892]","[5607.569932861602, 1613.4782166879793, -489.64594435219624, -101.22672166714801]","[5485.158446773553, 1588.1715362711911, -489.64594435219624, -101.22672166715256]","[5362.746960685504, 1562.8648558543994, -489.64594435219624, -101.22672166716711]","[5240.335474597455, 1537.5581754376074, -489.64594435219624, -101.22672166716802]","[5117.923988509406, 1512.2514950208154, -489.64594435219624, -101.22672166716802]","[4995.512502421357, 1486.9448146040236, -489.6459443521967, -101.2267216671672]","[4873.101016333308, 1461.6381341872316, -489.64594435219624, -101.22672166716802]","[4750.598804417202, 1436.7834265715212, -490.00884766442323, -99.41883046284147]","[4627.903800116475, 1412.8891611581091, -490.7800172029056, -95.57706165364834]","[4505.208795815749, 1388.994895744697, -490.7800172029056, -95.57706165364834]","[4382.513791515023, 1365.100630331285, -490.7800172029056, -95.57706165364834]","[4259.818787214296, 1341.2063649178729, -490.7800172029056, -95.57706165364834]","[4137.12378291357, 1317.3120995044608, -490.7800172029056, -95.57706165364834]"
581,Robot,"[4014.428778612851, 1293.4178340910487, -490.78001720287466, -95.57706165364834]","[3891.733774312136, 1269.5235686776366, -490.7800172028601, -95.57706165364834]","[3769.038770011421, 1245.6293032642243, -490.7800172028601, -95.57706165364925]","[3646.343765710706, 1221.7350378508124, -490.7800172028601, -95.57706165364743]","[3523.648761409991, 1197.8407724374003, -490.7800172028601, -95.57706165364834]","[3399.6938654393216, 1186.5926322722423, -495.81958388267776, -44.99256066063208]","[3275.315368768745, 1197.771942266474, -497.5139866823065, 44.717239976926976]","[3151.24490810819, 1211.8304018543183, -496.28184264222, 56.23383835137702]","[3026.272968939388, 1213.662170371418, -499.8877566752076, 7.327074068398367]","[2902.7790940655427, 1232.244851730264, -493.9754994953819, 74.33072543538401]","[2779.4404474020366, 1252.5037086220846, -493.3545866540244, 81.03542756728257]","[2658.5158534807933, 1282.471742352923, -483.69837568497314, 119.87213492335377]","[2536.360517399253, 1307.892185601263, -488.6213443261622, 101.68177299336003]","[2422.424271318045, 1343.8041994790726, -455.7449843248305, 143.64805551123845]","[2303.379695441317, 1305.680860769971, -476.1783035069129, -152.49335483640607]","[2184.3351195645887, 1267.5575220608696, -476.1783035069129, -152.49335483640607]"
582,Robot,"[2065.2905436878605, 1229.434183351768, -476.1783035069129, -152.49335483640607]","[1946.2459678111272, 1191.3108446426666, -476.17830350693293, -152.49335483640607]","[1827.201391934393, 1153.187505933565, -476.1783035069366, -152.49335483640607]","[1708.1568160576594, 1115.0641672244635, -476.17830350693475, -152.49335483640607]","[1589.1122401809257, 1076.940828515362, -476.17830350693475, -152.49335483640607]","[1470.0676643041916, 1038.8174898062605, -476.1783035069366, -152.49335483640607]","[1351.0230884274577, 1000.694151097159, -476.17830350693566, -152.49335483640607]","[1231.9785125507235, 962.5708123880574, -476.1783035069366, -152.49335483640607]","[1112.9339366739898, 924.447473678956, -476.17830350693515, -152.49335483640576]","[993.8893607972568, 886.3241349698544, -476.178303506932, -152.49335483640652]","[874.8447849205256, 848.2007962607529, -476.17830350692475, -152.49335483640607]","[755.8002090437946, 810.0774575516514, -476.1783035069243, -152.49335483640607]","[636.7556331670635, 771.9541188425499, -476.1783035069243, -152.49335483640607]","[517.7110572903324, 733.8307801334483, -476.1783035069243, -152.49335483640607]","[398.6664814136, 695.7074414243468, -476.1783035069295, -152.49335483640607]","[279.6219055368675, 657.5841027152453, -476.1783035069302, -152.49335483640607]"
583,Robot,"[160.57732966013498, 619.4607640061438, -476.17830350693, -152.49335483640607]","[41.53275378340272, 581.3374252970423, -476.17830350692907, -152.49335483640607]","[-77.51182209332947, 543.2140865879408, -476.1783035069287, -152.49335483640607]","[-196.1997515985693, 504.043914555369, -474.7517180209593, -156.68068813028708]","[-313.75830092741734, 461.5587703318083, -470.2341973153922, -169.94057689424267]","[-431.31685025626535, 419.07362610824765, -470.23419731539207, -169.94057689424267]","[-548.8753995851134, 376.588481884687, -470.2341973153923, -169.94057689424267]","[-666.4339489139614, 334.1033376611263, -470.23419731539207, -169.94057689424267]","[-783.9924982428095, 291.61819343756565, -470.23419731539246, -169.9405768942428]","[-901.5510475716576, 249.13304921400496, -470.2341973153925, -169.94057689424278]","[-1019.1095969005056, 206.64790499044432, -470.23419731539207, -169.94057689424255]","[-1136.668146229356, 164.16276076688365, -470.23419731540116, -169.94057689424267]","[-1254.226695558207, 121.67761654332293, -470.23419731540434, -169.9405768942429]","[-1371.7852448870578, 79.1924723197619, -470.23419731540343, -169.9405768942441]","[-1489.3437942159087, 36.70732809620088, -470.23419731540343, -169.9405768942441]","[-1606.9023435447596, -5.777816127360087, -470.23419731540343, -169.9405768942439]"
584,Robot,"[-1724.4608928736104, -48.2629603509211, -470.23419731540343, -169.94057689424403]","[-1842.0194422024613, -90.74810457448211, -470.23419731540343, -169.94057689424406]","[-1959.577991531312, -133.2332487980432, -470.2341973154025, -169.94057689424437]","[-2077.1365408601628, -175.71839302160458, -470.23419731540343, -169.9405768942455]","[-2197.8796535442143, -204.42729586776824, -482.97245073620616, -114.83561138465461]","[-2318.144389437688, -231.03395778020163, -481.0589435738948, -106.42664764973358]","[-2297.324255245122, -226.0854703455884, 83.280536770264, 19.793949738452966]","[-2348.557793327597, -151.16463539426832, -204.93415232990083, 299.6833398052803]","[-2422.7295824999346, -51.01125516687762, -296.68715668934993, 400.61352090956314]","[-2480.297488234128, 59.70635447233005, -230.2716229367743, 442.87043855683066]","[-2516.208907388016, 179.34215305006208, -143.64567661555157, 478.54319431092813]","[-2586.2005738111666, 209.76335405489723, -279.96666569260196, 121.68480401934062]","[-2689.2680327034927, 139.03783590565726, -412.26983556930463, -282.9020725969599]","[-2792.335491595819, 68.31231775641729, -412.26983556930463, -282.9020725969599]","[-2895.402950488145, -2.4132003928226413, -412.26983556930463, -282.9020725969597]","[-2998.470409380471, -73.13871854206249, -412.26983556930463, -282.9020725969594]"
585,Robot,"[-3101.5378682727974, -143.86423669130247, -412.26983556930463, -282.9020725969599]","[-3204.6053271651235, -214.58975484054244, -412.26983556930463, -282.9020725969599]","[-3307.6727860574497, -285.3152729897824, -412.26983556930463, -282.9020725969598]","[-3410.740244949776, -356.0407911390224, -412.26983556930463, -282.9020725969601]","[-3513.807703842102, -426.76630928826233, -412.26983556930463, -282.90207259695967]","[-3616.875162734428, -497.4918274375023, -412.26983556930463, -282.9020725969599]","[-3719.9426216267534, -568.2173455867422, -412.269835569301, -282.90207259695967]","[-3823.010080519081, -638.9428637359822, -412.2698355693101, -282.9020725969599]","[-3926.077539411407, -709.6683818852222, -412.269835569305, -282.9020725969601]","[-4029.144998303733, -780.3939000344601, -412.2698355693028, -282.9020725969517]","[-4061.998086332432, -856.1331759063474, -131.4123521147976, -302.9571034875494]","[-3970.025626159129, -940.7857988407218, 367.88984069321305, -338.61049173749734]","[-3878.0531659858248, -1025.4384217750955, 367.8898406932167, -338.61049173749507]","[-3786.080705812521, -1110.091044709469, 367.88984069321486, -338.61049173749416]","[-3694.108245639217, -1194.743667643843, 367.8898406932167, -338.610491737496]","[-3569.113328823466, -1193.6163831975714, 499.97966726300365, 4.50913778508675]"
586,Robot,"[-3444.1184120077146, -1192.489098751302, 499.97966726300547, 4.509137785077655]","[-3319.1234951919632, -1191.3618143050323, 499.97966726300547, 4.509137785078565]","[-3194.128578376212, -1190.234529858763, 499.97966726300547, 4.509137785077655]","[-3069.1336615604605, -1189.1072454124935, 499.97966726300547, 4.509137785077655]","[-2944.138744744709, -1187.979960966224, 499.97966726300547, 4.509137785077655]","[-2819.1438279289578, -1186.8526765199545, 499.97966726300547, 4.509137785078565]","[-2694.1489111132064, -1185.725392073685, 499.97966726300547, 4.509137785077655]","[-2569.153994297455, -1184.5981076274156, 499.97966726300547, 4.509137785077655]","[-2444.159077481704, -1183.470823181146, 499.9796672630041, 4.509137785078569]","[-2319.1641606659523, -1182.3435387348766, 499.9796672630073, 4.509137785077655]","[-2194.169243850201, -1181.2162542886072, 499.97966726300547, 4.509137785077655]","[-2069.1743270344496, -1180.0889698423375, 499.97966726300547, 4.509137785078565]","[-1944.1794102186984, -1178.961685396068, 499.97966726300456, 4.509137785077655]","[-1819.1844934029468, -1177.8344009497987, 499.9796672630064, 4.509137785077655]","[-1694.1895765871957, -1176.7071165035293, 499.97966726300456, 4.509137785077655]","[-1569.194659771444, -1175.5798320572596, 499.9796672630064, 4.509137785078565]"
587,Robot,"[-1444.1997429556927, -1174.4525476109902, 499.97966726300547, 4.509137785077655]","[-1319.2048261399414, -1173.3252631647208, 499.97966726300547, 4.509137785077655]","[-1194.20990932419, -1172.1979787184512, 499.97966726300547, 4.509137785078565]","[-1069.2149925084386, -1171.0706942721818, 499.97966726300547, 4.509137785077655]","[-944.2200756926854, -1169.9434098259123, 499.97966726301274, 4.509137785077655]","[-819.2251588769312, -1168.8161253796427, 499.97966726301684, 4.509137785078565]","[-694.230242061177, -1167.6888409333733, 499.97966726301684, 4.509137785077655]","[-569.2353252454228, -1166.5615564871036, 499.97966726301684, 4.509137785078565]","[-444.2404084296686, -1165.4342720408342, 499.9796672630173, 4.50913778507766]","[-319.2454916139144, -1164.3069875945648, 499.97966726301684, 4.509137785077655]","[-195.87512628426575, -1163.5390099062506, 493.4814613185946, 3.071910753256816]","[-70.88069983293494, -1162.3586048474324, 499.97770580532324, 4.721620235272894]","[54.11372661839573, -1161.1781997886142, 499.97770580532267, 4.721620235272894]","[179.10815306972643, -1159.997794729796, 499.9777058053228, 4.721620235272894]","[304.1025795210567, -1158.8173896709766, 499.9777058053212, 4.721620235277442]","[422.644815120006, -1121.5426433843677, 474.1689423957971, 149.09898514643555]"
588,Robot,"[540.3072065118124, -1079.345941475788, 470.64956556722564, 168.7868076343184]","[657.9695979036188, -1037.149239567208, 470.64956556722564, 168.7868076343202]","[775.6319892954252, -994.9525376586304, 470.64956556722564, 168.78680763431066]","[893.2943806872316, -952.7558357500532, 470.64956556722564, 168.78680763430884]","[1010.956772079038, -910.5591338414764, 470.64956556722564, 168.78680763430702]","[1128.619163470847, -868.3624319328993, 470.6495655672361, 168.7868076343084]","[1246.2815548626563, -826.1657300243223, 470.649565567237, 168.78680763430793]","[1363.9439462544656, -783.9690281157453, 470.649565567237, 168.78680763430793]","[1481.6063376462748, -741.7723262071684, 470.6495655672374, 168.78680763430808]","[1599.268729038084, -699.5756242985914, 470.649565567237, 168.78680763430793]","[1716.931120429893, -657.3789223900144, 470.6495655672361, 168.78680763430793]","[1834.5935118217024, -615.1822204814374, 470.649565567237, 168.78680763430793]","[1952.255903213512, -572.9855185728604, 470.6495655672388, 168.78680763430793]","[2069.918294605321, -530.7888166642834, 470.6495655672361, 168.78680763430793]","[2187.5806859971303, -488.59211475570646, 470.649565567237, 168.78680763430793]","[2305.24307738894, -446.3954128471295, 470.6495655672388, 168.78680763430793]"
589,Robot,"[2422.905468780749, -404.1987109385525, 470.6495655672352, 168.78680763430793]","[2540.567860172558, -362.0020090299755, 470.649565567237, 168.78680763430793]","[2658.230251564368, -319.8053071213984, 470.6495655672388, 168.7868076343084]","[2775.8926429561766, -277.60860521282, 470.6495655672352, 168.78680763431362]","[2893.555034347986, -235.411903304242, 470.649565567237, 168.78680763431203]","[3010.8852532679857, -193.28266682256492, 469.3208756799995, 168.51694592670833]","[3110.6766143367245, -171.98349094353108, 399.165444274955, 85.19670351613536]","[3144.7335054886485, -172.62349407553953, 136.22756460769597, -2.5600125280337807]","[3170.92683536766, -112.8033434678757, 104.77331951604548, 239.28060243065548]","[3261.6525514018067, -26.91942262393101, 362.9028641365876, 343.5356833757788]","[3243.871761939563, 48.23555826353476, -71.1231578489751, 300.6199235498631]","[3138.1847905128207, 72.61979655150434, -422.7478857069691, 97.5369531518783]","[3016.888692302718, 46.60780381999197, -485.1843928404105, -104.04797092604946]","[2893.3161324461585, 28.5676996400684, -494.29023942623826, -72.16041671969428]","[2770.139661701273, 43.20419150500823, -492.70588297954237, 58.545967459759325]","[2740.402655853165, 61.357857168000905, -118.94802339243142, 72.61466265197069]"
590,Robot,"[2740.402655853165, 61.357857168000905, 0.0, 0.0]","[2814.4241060849463, -32.55177828791041, 296.0858009271251, -375.63854182364526]","[2930.7557960332, -16.83888922467686, 465.3267597930153, 62.8515562529342]","[3051.9422385715848, 13.801707128686749, 484.7457701535386, 122.56238541345442]","[3173.12868110997, 44.442303482050285, 484.74577015354043, 122.56238541345414]","[3294.4258888337004, 74.62806678667778, 485.1888308949219, 120.74305321850997]","[3415.6035058335306, 105.30354784634464, 484.7104679993208, 122.70192423866746]","[3536.7811228333608, 135.9790289060116, 484.7104679993208, 122.7019242386678]","[3660.217979392165, 153.3786437787685, 493.7474262352175, 69.59845949102765]","[3784.1695243021063, 168.79360210010478, 495.8061796397651, 61.659833285345144]","[3905.112051664308, 199.76397433791053, 483.7701094488075, 123.88148895122299]","[4025.3679872207367, 233.87423618751288, 481.02374222571416, 136.4410473984094]","[4146.201545954848, 265.76385900559785, 483.3342349364466, 127.5584912723399]","[4269.157624161586, 288.19653864789893, 491.8243128269496, 89.73071856920433]","[4391.4271314365, 313.10113128563967, 489.0780290996554, 99.61837055096294]","[4509.954101608069, 352.8044981699221, 474.1078806862788, 158.81346753712978]"
591,Robot,"[4629.917007116525, 385.9331475476875, 479.85162203382424, 132.51459751106154]","[4751.437328077772, 396.88255704967946, 486.0812838449856, 43.79763800796786]","[4855.297747047101, 458.23018208887873, 415.44167587731863, 245.3905001567971]","[4954.323743700255, 534.5115820947025, 396.1039866126157, 305.12560002329496]","[5053.349740353409, 610.7929821005253, 396.1039866126157, 305.1256000232911]","[5152.375737006563, 687.074382106348, 396.1039866126157, 305.1256000232911]","[5251.401733659717, 763.3557821121708, 396.1039866126157, 305.1256000232911]","[5350.427730312871, 839.6371821179936, 396.1039866126157, 305.1256000232911]","[5447.205557870041, 915.9388922994664, 387.1113102286803, 305.2068407258915]","[5496.119657264638, 990.8505203415688, 195.65639757838653, 299.6465121684096]","[5490.869275508704, 1059.1712753216084, -21.001527023734525, 273.2830199201585]","[5450.10063306085, 1116.6169769886862, -163.07456979141716, 229.78280666831142]","[5443.100261959845, 1129.5828919297946, -28.00148440401972, 51.86365976443358]","[5516.069234591671, 1108.0260032049307, 291.8758905273062, -86.22755489945575]","[5587.145660458119, 1096.5322943290578, 284.30570346579043, -45.974835503491704]","[5655.107292194979, 1095.4385009453358, 271.84652694744, -4.375173534887836]"
592,Robot,"[5724.586432278924, 1125.5448825067049, 277.91656033577965, 120.42552624547625]","[5803.239856324137, 1175.6828966152248, 314.61369618085155, 200.55205643407953]","[5842.258997133304, 1178.912124458838, 156.07656323666743, 12.916911374452866]","[5851.637035715338, 1161.3133978279986, 37.51215432813842, -70.39490652335735]","[5851.130142466126, 1151.431922511969, -2.027572996848903, -39.52590126411815]","[5833.31650920934, 1124.280805375122, -71.25453302714232, -108.60446854738802]","[5775.692904393452, 1033.3939642199398, -230.49441926355212, -363.54736462072924]","[5791.601887506086, 961.5720632264076, 63.63593245053562, -287.2876039741286]","[5856.644952287769, 960.6887626216038, 260.1722591267319, -3.533202419215289]","[5917.971332144772, 1062.7538717641878, 245.30551942800957, 408.26043657033597]","[5956.795813663554, 1159.322968356078, 155.29792607513082, 386.2763863675609]","[5832.678543286763, 1144.4938350633508, -496.46908150716627, -59.31653317090877]","[5708.561272909971, 1129.6647017706237, -496.46908150716627, -59.31653317090877]","[5584.44400253318, 1114.8355684778965, -496.46908150716627, -59.31653317090877]","[5460.326732156388, 1100.0064351851672, -496.46908150716627, -59.316533170916955]","[5336.2094617795965, 1085.1773018924378, -496.46908150716627, -59.316533170917864]"
593,Robot,"[5212.092191402805, 1070.348168599708, -496.46908150716627, -59.316533170918774]","[5111.226234314891, 997.6235460023524, -403.46382835165423, -290.8984903894225]","[5011.329081947348, 922.4866113506372, -399.58860947017456, -300.547738606861]","[4911.431929579804, 847.3496766989217, -399.58860947017456, -300.5477386068619]","[4811.53477721226, 772.2127420472037, -399.58860947017456, -300.5477386068719]","[4711.637624844717, 697.0758073954858, -399.58860947017456, -300.5477386068719]","[4611.740472477173, 621.9388727437678, -399.58860947017456, -300.5477386068719]","[4511.8433201096295, 546.8019380920498, -399.58860947017456, -300.5477386068719]","[4411.946167742086, 471.6650034403326, -399.5886094701749, -300.547738606869]","[4312.049015374542, 396.52806878861605, -399.58860947017456, -300.54773860686623]","[4212.151863006999, 321.3911341368995, -399.58860947017456, -300.54773860686623]","[4112.254710639455, 246.2541994851829, -399.58860947017456, -300.54773860686635]","[4012.3575582719113, 171.11726483346587, -399.58860947017456, -300.54773860686817]","[3912.460405904368, 95.98033018174876, -399.58860947017274, -300.54773860686845]","[3812.563253536824, 20.84339553003173, -399.5886094701764, -300.5477386068681]","[3712.66610116928, -54.29353912168546, -399.5886094701764, -300.5477386068688]"
594,Robot,"[3612.7689488017368, -129.43047377340272, -399.58860947017274, -300.5477386068691]","[3512.871796434193, -204.56740842512, -399.58860947017456, -300.5477386068691]","[3412.974644066649, -279.70434307683746, -399.5886094701764, -300.54773860686987]","[3313.077491699106, -354.84127772855544, -399.58860947017274, -300.5477386068719]","[3213.180339331562, -429.9782123802734, -399.58860947017456, -300.5477386068719]","[3113.2831869640186, -505.1151470319914, -399.58860947017456, -300.5477386068719]","[3013.386034596475, -580.2520816837094, -399.58860947017456, -300.54773860687214]","[2913.4888822289317, -655.3890163354274, -399.58860947017274, -300.5477386068719]","[2813.591729861388, -730.5259509871454, -399.5886094701749, -300.5477386068722]","[2713.694577493844, -805.6628856388634, -399.5886094701764, -300.5477386068719]","[2613.7974251263004, -880.7998202905833, -399.58860947017456, -300.54773860687965]","[2513.9002727587567, -955.936754942304, -399.58860947017456, -300.54773860688283]","[2414.003120391215, -1031.073689594025, -399.5886094701673, -300.54773860688374]","[2321.4492942293537, -1113.6893418220309, -370.215304647445, -330.4626089120238]","[2244.500036254556, -1212.1972688996418, -307.7970318991902, -394.0317083104437]","[2167.5507782797586, -1310.705195977253, -307.7970318991902, -394.0317083104446]"
595,Robot,"[2090.671327805378, -1409.267386805536, -307.5178018975221, -394.24876331313226]","[2015.173458171698, -1508.890861553799, -301.99147853472004, -398.4938989930515]","[1938.3864206422893, -1607.5239310519253, -307.14815011763494, -394.53227799250544]","[1861.3543225266808, -1705.967091606159, -308.128392462434, -393.7726422169353]","[1784.3222244110716, -1804.4102521603932, -308.12839246243675, -393.7726422169362]","[1707.2901262954626, -1902.8534127146277, -308.12839246243584, -393.77264221693804]","[1630.2580281798537, -2001.2965732688613, -308.12839246243584, -393.7726422169344]","[1553.2259300642447, -2099.739733823096, -308.12839246243584, -393.77264221693804]","[1476.219263145378, -2198.1293319926635, -308.02666767546754, -393.5583926782714]","[1403.5534136281044, -2284.106597250816, -290.663398069094, -343.9090610326093]","[1345.1843249038911, -2318.41628132029, -233.47635489685308, -137.23873627789726]","[1300.0679960302134, -2414.997002508254, -180.46531549471092, -386.3228847518549]","[1235.1052551512637, -2510.6797351706896, -259.85096351579887, -382.73093064974273]","[1170.6418973460854, -2600.8038292617166, -257.853431220713, -360.4963763641081]","[1093.0308624080096, -2698.791212407924, -310.4441397523033, -391.9495325848293]","[1015.4998762518828, -2796.448372669887, -310.1239446245072, -390.6286410478515]"
596,Robot,"[946.2430181810832, -2865.9080137062606, -277.0274322831983, -277.8385641454952]","[878.0041850132853, -2914.633889803728, -272.9553326711916, -194.90350438986934]","[787.274371769952, -2960.062220740024, -362.9192529733332, -181.71332374518352]","[698.1332813847238, -2992.044368196417, -356.56436154091307, -127.928589825573]","[606.3038009536858, -2985.782309521275, -367.3179217241518, 25.048234700569083]","[519.7226551152321, -2903.0463264726072, -346.3245833538149, 330.9439321946702]","[488.4917791945256, -2782.109809206554, -124.9235036828261, 483.74606906421286]","[421.67163819883655, -2678.6351848303293, -267.2805639827561, 413.89849750489884]","[339.295041730242, -2708.2686549952205, -329.5063858743784, -118.5338806595647]","[310.1809397960793, -2805.2040949615493, -116.45640773665082, -387.74175986531554]","[321.575406431002, -2929.683676138972, 45.57786653969083, -497.91832470968984]","[332.9698730659246, -3054.1632573163943, 45.577866539690376, -497.91832470968984]","[344.36433970084727, -3178.6428384938167, 45.5778665396906, -497.91832470968984]","[354.7456000022988, -3294.027109648673, 41.52504120580602, -461.5370846194255]","[353.46438104244817, -3169.033675909234, -5.124875839402421, 499.9737349577572]","[352.1831620825976, -3044.0402421697945, -5.124875839402193, 499.9737349577572]"
597,Robot,"[350.90194312274696, -2919.046808430355, -5.124875839402648, 499.9737349577572]","[349.62072416289635, -2794.053374690916, -5.124875839402421, 499.9737349577572]","[348.33950520304575, -2669.0599409514766, -5.124875839402421, 499.9737349577572]","[347.05828624319514, -2544.0665072120373, -5.124875839402421, 499.9737349577572]","[345.777067283345, -2419.073073472598, -5.124875839400602, 499.9737349577572]","[344.4958483234951, -2294.0796397331587, -5.124875839399465, 499.9737349577572]","[343.2146293636453, -2169.0862059937194, -5.1248758393992375, 499.9737349577572]","[341.9334104037955, -2044.09277225428, -5.1248758393992375, 499.9737349577581]","[340.6521914439456, -1919.099338514835, -5.124875839399697, 499.9737349577804]","[339.3709724840957, -1794.10590477539, -5.124875839399465, 499.9737349577799]","[299.56273270630857, -1682.2545602679943, -159.2329591111486, 447.4053780295826]","[224.19108909657933, -1582.534375051721, -301.48657443891693, 398.8807408650928]","[148.8194454868501, -1482.814189835448, -301.48657443891693, 398.8807408650928]","[73.44780187712114, -1383.0940046191747, -301.48657443891585, 398.8807408650928]","[-1.7571052262306504, -1287.068899256813, -300.81962841340714, 384.1004214494469]","[-77.9431980457546, -1200.0863909763664, -304.7443712780958, 347.93003312178644]"
598,Robot,"[-133.699605548224, -1103.491413640944, -223.02563000987766, 386.3799093416892]","[-209.2188765560746, -1023.357822860814, -302.07708403140236, 320.5343631205201]","[-289.64988490434234, -983.263294823498, -321.72403339307095, 160.37811214926433]","[-366.55133866910535, -916.8506265141206, -307.605815059052, 265.65067323750964]","[-439.96462752982455, -815.6800328682765, -293.6531554428768, 404.68237458337626]","[-513.3779163905438, -714.5094392224324, -293.6531554428768, 404.68237458337626]","[-586.7912052512615, -613.3388455765884, -293.65315544287114, 404.68237458337626]","[-660.2044941119793, -512.1682519307443, -293.65315544287114, 404.68237458337626]","[-733.6177829726971, -410.9976582848988, -293.6531554428714, 404.6823745833823]","[-807.0310718334149, -309.82706463905333, -293.65315544287114, 404.68237458338194]","[-880.4443606941327, -208.6564709932082, -293.65315544287114, 404.6823745833806]","[-953.8576495548504, -107.4858773473634, -293.6531554428707, 404.68237458337916]","[-1027.2709384155685, -6.315283701518638, -293.6531554428725, 404.68237458337904]","[-1100.684227276286, 94.85530994432614, -293.65315544287023, 404.6823745833791]","[-1174.0975161370038, 196.0259035901709, -293.65315544287114, 404.6823745833791]","[-1247.5108049977216, 297.1964972360154, -293.65315544287114, 404.68237458337785]"
599,Robot,"[-1320.9240938584394, 398.3670908818594, -293.65315544287114, 404.68237458337603]","[-1394.3373827191572, 499.5376845277035, -293.65315544287114, 404.6823745833765]","[-1467.750671579875, 600.7082781735476, -293.65315544287114, 404.68237458337626]","[-1541.1639604405927, 701.8788718193916, -293.65315544287114, 404.68237458337626]","[-1614.5772493013103, 803.0494654652357, -293.65315544287023, 404.68237458337626]","[-1687.9905381620283, 904.2200591110798, -293.65315544287205, 404.68237458337626]","[-1761.403827022746, 1005.3906527569238, -293.65315544287114, 404.68237458337626]","[-1834.817115883464, 1106.561246402768, -293.65315544287205, 404.68237458337626]","[-1908.2304047441817, 1207.731840048612, -293.6531554428705, 404.6823745833766]","[-1981.6436936048997, 1308.902433694456, -293.65315544287205, 404.68237458337626]","[-2055.056982465617, 1410.0730273403, -293.6531554428684, 404.68237458337626]","[-2128.470271326335, 1511.2436209861442, -293.65315544287296, 404.68237458337626]","[-2201.883560187053, 1612.4142146319882, -293.65315544287114, 404.68237458337626]","[-2274.7483907993865, 1713.9709819467134, -291.45932244933465, 406.2270692589009]","[-2350.8396047771475, 1813.076530123706, -304.3648559110443, 396.4221927079707]","[-2419.7393553973743, 1917.2869134994992, -275.5990024809071, 416.8415335031723]"
600,Robot,"[-2488.853053408034, 2021.3888863418435, -276.4547920426394, 416.40789136937747]","[-2555.221952923063, 2127.277002734488, -265.47559806011486, 423.55246557057853]","[-2612.607541984773, 2238.287088087121, -229.54235624684043, 444.04034141053125]","[-2671.19591345328, 2348.692036596457, -234.35348587402768, 441.61979403734404]","[-2732.3597731974114, 2457.665860087983, -244.65543897652606, 435.8952939661049]","[-2797.6862237622217, 2564.231798010429, -261.3058022592413, 426.263751689783]","[-2870.5860592792137, 2665.6647945906416, -291.5993420679679, 405.7319863208504]","[-2928.100037276362, 2776.142426692013, -230.05591198859292, 441.9105284054858]","[-2929.370747026144, 2899.0419818281184, -5.082838999127493, 491.598220544422]","[-2888.575672409984, 3017.1454290723013, 163.18029846464015, 472.41378897673167]","[-2861.1533392314914, 3102.666352170666, 109.68933271396963, 342.0836923934585]","[-2972.222153058537, 3160.0137025458303, -444.27525530818275, 229.3894015006572]","[-3057.012418394738, 3225.392539748528, -339.1610613448029, 261.5153488107917]","[-3085.507165157349, 3300.609688987054, -113.97898705044463, 300.86859695410385]","[-3109.405275991435, 3362.403587453402, -95.59244333634342, 247.17559386539142]","[-3128.486273828306, 3410.106584543729, -76.32399134748448, 190.81198836130716]"
601,Robot,"[-3149.4090216230625, 3457.1243437766743, -83.69099117902624, 188.07103693178215]","[-3171.47560138637, 3496.282458624876, -88.26631905322938, 156.6324593928075]","[-3190.4669325652703, 3525.6589693332885, -75.96532471560204, 117.50604283364919]","[-3164.0324724589505, 3578.590930263462, 105.7378404252795, 211.72784372069327]","[-3099.6352445926605, 3684.679802963769, 257.58891146516, 424.35549080122837]","[-3155.3960454045755, 3708.215804110566, -223.04320324766013, 94.14400458718774]","[-3248.466638277456, 3624.772022183513, -372.2823714915212, -333.7751277082116]","[-3221.930372228097, 3508.4827151103423, 106.1450641974352, -465.1572282926827]","[-3184.628417870066, 3389.1782130952447, 149.20781743212333, -477.2180080603907]","[-3147.326463512035, 3269.873711080147, 149.207817432125, -477.2180080603903]","[-3110.024509154004, 3150.5692090650496, 149.2078174321232, -477.2180080603903]","[-3072.7225547959724, 3031.264707049952, 149.20781743212683, -477.2180080603903]","[-3035.420600437941, 2911.9602050348544, 149.207817432125, -477.2180080603903]","[-2998.11864607991, 2792.655703019757, 149.207817432125, -477.2180080603903]","[-2960.8166917218787, 2673.3512010046597, 149.207817432125, -477.21800806038846]","[-2923.5147373638474, 2554.0466989895617, 149.207817432125, -477.2180080603921]"
602,Robot,"[-2886.212783005816, 2434.742196974464, 149.207817432125, -477.2180080603903]","[-2848.910828647785, 2315.4376949593666, 149.207817432125, -477.2180080603903]","[-2811.608874289754, 2196.133192944269, 149.2078174321232, -477.2180080603903]","[-2774.3069199317283, 2076.828690929165, 149.20781743210318, -477.21800806041574]","[-2737.004965573703, 1957.5241889140625, 149.20781743210136, -477.2180080604103]","[-2680.545555092251, 1846.940107633806, 225.83764192580747, -442.33632512102577]","[-2615.070871140952, 1740.4597537581838, 261.89873580519634, -425.92141550248925]","[-2549.596187189652, 1633.9793998825614, 261.8987358052, -425.92141550248925]","[-2484.1215032383525, 1527.4990460069391, 261.8987358051984, -425.92141550248965]","[-2418.646819287053, 1421.0186921313168, 261.89873580519816, -425.92141550248925]","[-2353.1721353357534, 1314.5383382556945, 261.89873580519816, -425.92141550248925]","[-2287.697451384458, 1208.0579843800722, 261.8987358051818, -425.92141550248925]","[-2222.222767433165, 1101.57763050445, 261.8987358051727, -425.92141550248834]","[-2156.7480834818725, 995.0972766288268, 261.89873580516905, -425.92141550249335]","[-2091.273399530578, 888.6169227532016, 261.89873580517815, -425.9214155025006]","[-2025.7987155792832, 782.1365688775765, 261.89873580517906, -425.9214155025006]"
603,Robot,"[-1960.3240316279891, 675.6562150019513, 261.89873580517633, -425.9214155025006]","[-1894.8493476766955, 569.1758611263261, 261.8987358051745, -425.9214155025006]","[-1829.3746637254017, 462.69550725070167, 261.8987358051754, -425.9214155024979]","[-1763.8999797741078, 356.21515337507793, 261.8987358051754, -425.92141550249494]","[-1698.425295822814, 249.7347994994541, 261.8987358051754, -425.9214155024953]","[-1632.95061187152, 143.2544456238297, 261.8987358051754, -425.92141550249767]","[-1567.4759279202262, 36.7740917482053, 261.8987358051754, -425.92141550249755]","[-1502.0012439689324, -69.70626212741898, 261.8987358051754, -425.9214155024971]","[-1436.5265600176383, -176.1866160030434, 261.89873580517656, -425.9214155024981]","[-1371.051876066345, -282.66696987866766, 261.8987358051736, -425.921415502497]","[-1305.5771921150508, -389.1473237542914, 261.89873580517633, -425.92141550249494]","[-1240.102508163757, -495.6276776299151, 261.8987358051754, -425.92141550249494]","[-1174.627824212463, -602.1080315055401, 261.8987358051754, -425.92141550249994]","[-1109.1531402611693, -708.5883853811653, 261.8987358051754, -425.9214155025006]","[-1043.6784563098754, -815.0687392567904, 261.8987358051754, -425.9214155025006]","[-978.2037723585815, -921.5490931324156, 261.8987358051754, -425.9214155025006]"
604,Robot,"[-912.7290884072876, -1028.0294470080407, 261.8987358051759, -425.9214155025006]","[-847.2544044559938, -1134.509800883663, 261.89873580517497, -425.92141550248925]","[-781.7797205047, -1240.9901547592854, 261.8987358051754, -425.92141550248925]","[-716.3050365534061, -1347.4705086349077, 261.8987358051754, -425.92141550248925]","[-650.8303526021123, -1453.95086251053, 261.8987358051754, -425.92141550248925]","[-585.3556686508184, -1560.4312163861523, 261.8987358051754, -425.92141550248925]","[-519.8809846995246, -1666.9115702617746, 261.8987358051754, -425.92141550248925]","[-454.4063007482311, -1773.391924137397, 261.8987358051738, -425.92141550248925]","[-388.9316167969386, -1879.8722780130192, 261.8987358051702, -425.92141550248965]","[-323.4569328456462, -1986.3526318886416, 261.89873580516974, -425.92141550248925]","[-258.7009551357872, -2092.8902087010392, 259.023910839436, -426.1503072495907]","[-222.07128319023064, -2187.6526541878766, 146.51868778222615, -379.0497819473494]","[-194.16554070104135, -2283.29611053469, 111.62296995675717, -382.57382538725324]","[-161.77511122858266, -2390.081812500694, 129.56171788983477, -427.1428078640165]","[-118.97110067712218, -2502.347635645029, 171.21604220584192, -449.0632925773407]","[-73.57475520673614, -2617.132105374066, 181.58538188154415, -459.1378789161481]"
605,Robot,"[-40.80614660571264, -2731.5512140022533, 131.074434404094, -457.67643451274853]","[-31.31556802292089, -2825.7714350588035, 37.96231433116701, -376.8808842262006]","[28.919422581676795, -2916.197673091879, 240.93996241839073, -361.7049521323024]","[89.18529023301642, -3001.589603864913, 241.06347060535848, -341.56772309213557]","[153.9370811611336, -3056.1887876146284, 259.0071637124687, -218.39673499886158]","[218.51449007824743, -3085.466622068994, 258.30963566845537, -117.11133781746321]","[282.6032060798101, -3075.897111352774, 256.35486400625064, 38.27804286488026]","[336.59329356047306, -2998.845359107189, 215.96034992265186, 308.207008982341]","[348.50662639302374, -2956.045043205386, 47.65333133020276, 171.20126360721238]","[255.99515297646911, -2935.101883816352, -370.0458936662185, 83.77263755613603]","[140.12409322684255, -2889.223163626432, -463.48423899850627, 183.51488075967973]","[155.02645057355016, -2987.3015523642093, 59.60942938683047, -392.31355495110984]","[195.24151930556604, -3105.6558858162643, 160.86027492806352, -473.41733380822006]","[235.45658803758192, -3224.01021926832, 160.86027492806352, -473.4173338082219]","[275.6716567695978, -3342.3645527203744, 160.86027492806352, -473.41733380821825]","[336.9371576489036, -3404.230069110776, 245.06200351722327, -247.46206556160723]"
606,Robot,"[442.6848032237465, -3337.578471565195, 422.99058229937145, 266.6063901823254]","[548.4324487985893, -3270.926874019614, 422.99058229937145, 266.6063901823236]","[654.1800943734322, -3204.275276474033, 422.99058229937145, 266.6063901823236]","[759.9277399482751, -3137.623678928452, 422.99058229937145, 266.6063901823236]","[865.6753855231179, -3070.972081382873, 422.99058229937145, 266.6063901823163]","[971.4230310979608, -3004.320483837298, 422.99058229937145, 266.60639018229995]","[1077.1706766728037, -2937.668886291723, 422.99058229937145, 266.60639018229995]","[1182.9183222476463, -2871.017288746148, 422.99058229937054, 266.60639018229995]","[1288.6659678224894, -2804.365691200573, 422.99058229937276, 266.6063901823002]","[1394.4136133973325, -2737.714093654998, 422.99058229937236, 266.60639018229995]","[1500.1612589721751, -2671.062496109424, 422.99058229937054, 266.6063901822963]","[1600.493000307449, -2597.4415368485165, 401.3269653410953, 294.48383704363005]","[1691.1964674390445, -2511.4306012047973, 362.81386852638207, 344.0437425748769]","[1781.89993457064, -2425.419665561078, 362.81386852638207, 344.0437425748769]","[1872.6034017022355, -2339.408729917359, 362.81386852638207, 344.0437425748769]","[1963.306868833831, -2253.39779427364, 362.81386852638207, 344.04374257487507]"
607,Robot,"[2054.0103359654263, -2167.3868586299204, 362.81386852638116, 344.0437425748787]","[2144.713803097022, -2081.375922986201, 362.81386852638207, 344.0437425748769]","[2235.4172702286173, -1995.364987342482, 362.81386852638207, 344.0437425748769]","[2326.120737360213, -1909.3540516987628, 362.81386852638207, 344.0437425748769]","[2416.8242044918084, -1823.3431160550435, 362.81386852638207, 344.0437425748769]","[2507.527671623404, -1737.3321804113243, 362.81386852638207, 344.0437425748769]","[2598.2311387549994, -1651.321244767605, 362.81386852638207, 344.0437425748769]","[2688.934605886595, -1565.310309123886, 362.81386852638207, 344.043742574876]","[2779.6380730181904, -1479.2993734801669, 362.8138685263824, 344.0437425748772]","[2870.341540149786, -1393.2884378364474, 362.81386852638207, 344.0437425748778]","[2961.045007281381, -1307.2775021927282, 362.81386852638025, 344.0437425748769]","[3051.748474412977, -1221.266566549009, 362.8138685263839, 344.0437425748769]","[3142.4519415445725, -1135.2556309052898, 362.81386852638207, 344.0437425748769]","[3233.155408676168, -1049.2446952615703, 362.81386852638207, 344.0437425748778]","[3323.8588758077635, -963.2337596178512, 362.81386852638207, 344.04374257487643]","[3414.562342939359, -877.2228239741321, 362.81386852638207, 344.04374257487643]"
